epoch,nll_total,nll_per_row,penalty,loss_base,bce_sum,loss_total
0,32251.102162564686,77.15574680039398,1.2000000000000004,32252.302162564687,282.90588448501273,33872.22900797202
1,30685.200847105054,73.40957140455754,1.2465362179243489,30686.44738332298,279.7418921037116,32288.25712167026
2,29314.913876593364,70.13137291051044,1.2946966521850074,29316.20857324555,276.5944833070671,30899.996162592863
3,28127.053428883417,67.28960150450578,1.3444305958876264,28128.397859479304,273.4648318875322,29694.26497905449
4,27106.68121920436,64.84851966316833,1.3956716719374764,27108.0768908763,270.3541035258386,28656.13189462699
5,26237.442972971297,62.76900232768253,1.4483398400360787,26238.891312811335,267.2634241514904,27769.24900178836
6,25502.364556940785,61.010441523781786,1.5023439914182768,25503.866900932204,264.1938663594977,27016.648217894806
7,24884.41138498205,59.5320846530671,1.5575845161097714,24885.96896949816,261.1464585117644,26381.300745634016
8,24366.76179649453,58.29368850836012,1.6139559666453258,24368.375752461176,258.1222003803904,25846.390543680398
9,23933.237338625906,57.256548656999776,1.671350471745059,23934.90868909765,255.12207186033,25395.744662215704
10,23568.842314351477,56.38479022572124,1.729663203686688,23570.571977555162,252.14703328810293,25014.372798300737
11,23260.086148000126,55.646139110048146,1.7887987868747646,23261.874946787,249.1980177067624,24688.78962351887
12,22995.091603399916,55.012180869377794,1.848675024929802,22996.940278424845,246.2759175476392,24407.12292958804
13,22763.642414526046,54.45847467589963,1.9092244874074824,22765.551639013454,243.38157254839797,24159.16119141387
14,22557.169918232168,53.96452133548365,1.9703956099379791,22559.140313842105,240.5157637304966,23936.340166435908
15,22368.673979254483,53.513574113049,2.032153662274382,22370.70613291676,237.67921340511427,23731.663820633716
16,22192.597354039273,53.09233816755807,2.0944815912982846,22194.691835630572,234.87258871569486,23539.578713482086
17,22024.6701008526,52.69059832739856,2.157380765955871,22026.827481618555,232.09650622396543,23355.818435065372
18,21861.736984628445,52.30080618332164,2.2208716317617054,21863.957856260207,229.35153610421673,23177.23103559668
19,21701.58003749889,51.917655592102605,2.2849942436774313,21703.865031742567,226.6382055765242,23001.60160613965
20,21542.746830198008,51.537671842578966,2.349808634006589,21545.096638832016,223.95700176794037,22827.48056676351
21,21384.391729352043,51.15883188840201,2.415394986210301,21386.807124338255,221.30837425337398,22654.024938556206
22,21226.1339000621,50.78022464129689,2.4818536061313856,21228.615753668233,218.69273736467392,22480.8563594002
23,21067.933324662314,50.401754365220846,2.549304691912319,21070.482629354225,216.11047220075378,22307.937114010594
24,20909.98481923731,50.02388712736199,2.617887893348711,20912.60270713066,213.56192822000514,22135.46415913014
25,20752.629341608685,49.64743861628872,2.6877616241766864,20755.31710323286,211.04742433961442,21963.780437122707
26,20596.281186290642,49.273399967202494,2.7591020781271514,20599.040288368768,208.5672495404824,21793.30207340879
27,20441.36913995272,48.902796985532824,2.8321019478431526,20444.201241900562,206.12166302715872,21624.459531562923
28,20288.290159144726,48.53657932809743,2.9069689478219454,20291.197128092546,203.71089405266005,21457.651288558463
29,20137.37556654462,48.175539632881865,2.9839243023934037,20140.35949084701,201.33514169865788,21293.210028244805
30,19988.870671461125,47.82026476426107,3.0632012939833335,19991.933872755108,198.99457524763199,21131.38226252922
31,19842.927984912312,47.47111958112993,3.1450438118132054,19846.073028724124,196.68933611630447,20972.321556075018
32,19699.612115390897,47.128258649260516,3.229704714748328,19702.841820105645,194.41954218021522,20816.093445192357
33,19558.912257674972,46.79165611883965,3.317443839602742,19562.229701514574,192.18529426944698,20662.687961851956
34,19420.75768615563,46.46114278984601,3.408525677137262,19424.166211832766,189.9866830781161,20512.035164252662
35,19285.033475667078,46.13644372169158,3.5032169567853613,19288.536692623864,187.8237941513593,20364.02088379192
36,19151.595857190237,45.81721496935464,3.6017844244559005,19155.197641614694,185.69670970496162,20218.50208896639
37,19020.287143299647,45.50307929019054,3.7044929637882884,19023.991636263436,183.6055076314092,20075.321803248764
38,18890.949532697276,45.19365916913224,3.811604066020994,18894.761136763296,181.55025880130043,19934.322892639237
39,18763.436750856,44.888604667119615,3.9233745920282748,18767.360125448027,179.53102363557468,19795.35968544351
40,18637.622738153947,44.58761420610992,4.040055767050855,18641.662793920998,177.54784852052578,19658.306638874146
41,18513.407022759697,44.29044742287009,4.161892360737753,18517.568915120435,175.60076233920734,19523.063691254527
42,18390.71669952754,43.99692990317593,4.289122024666922,18395.005821552208,173.68977324364252,19389.558221769228
43,18269.50513201659,43.706950076594715,4.421974797072317,18273.927106813662,171.81486572828834,19257.743735230437
44,18149.74780411311,43.42044929213663,4.560672833393476,18154.308476946506,169.97599803588267,19127.595698576628
45,18031.436186080806,43.13740714373399,4.705430449528229,18036.141616530334,168.17309991029518,18999.105394098875
46,17914.57079569396,42.85782487008124,4.8564545467464555,17919.427250240704,166.40607070069234,18872.272970143298
47,17799.154601593058,42.58170957318914,5.01394543443391,17804.168547027493,164.67477781537576,18747.100836436082
48,17685.187583138482,42.30906120368058,5.178098014258729,17690.36568115274,162.97905552098513,18623.588218245503
49,17572.662849852735,42.039863277159654,5.349103260750397,17578.011953113484,161.31870408211122,18501.727272378175
50,17461.564395344358,41.77407750082382,5.527149928486596,17467.091545272844,159.69348923644836,18381.500839804838
51,17351.866349898475,41.51164198540305,5.712426423163786,17357.57877632164,158.10314200040196,18262.881699008874
52,17243.533474722037,41.25247242756468,5.905122782635102,17249.43859750467,156.5473587989715,18145.833062956317
53,17136.52257943196,40.9964655010334,6.105432720247885,17142.628012152207,155.02580191161124,18030.310001180336
54,17030.784526614087,40.74350365218681,6.313555686238779,17037.098082300326,153.53810022280422,17916.261450699396
55,16926.26650457491,40.493460537260546,6.529698904733819,16932.796203479644,152.08385026258372,17803.63249676403
56,16822.914293783866,40.24620644445901,6.75407934526186,16829.668373129127,150.66261751852454,17692.366648783143
57,16720.67431453423,40.00161319266562,6.986925589403699,16727.661240123634,149.27393799703282,17582.407898791575
58,16619.495312957446,39.75955816496997,7.228479555634073,16626.72379251308,147.91732000820787,17473.702419409394
59,16519.32961050942,39.51992729786942,7.478998048659243,16526.80860855808,146.59224614517177,17366.199826211254
60,16420.133901344096,39.28261698886147,7.738754103552084,16427.87265544765,145.2981754255837,17259.85398870647
61,16321.869628202425,39.04753499569958,8.00803809962707,16329.877666302053,144.0345455601958,17154.623420331667
62,16224.502998772232,38.814600475531655,8.287158624164748,16232.790157396397,142.80077531100721,17050.471309177232
63,16128.00472148497,38.58374335283485,8.576443071694909,16136.581164556665,141.5962669002612,16947.36526817734
64,16032.349544454093,38.354903216397354,8.876237970496916,16041.22578242459,140.42040843169227,16845.276888238935
65,15937.515676800502,38.12802793492943,9.186909034183097,15946.702585834684,139.2725762874774,16744.1811733438
66,15843.48416118366,37.90307215594177,9.508840942562815,15852.993002126223,138.1521374684291,16644.055926260517
67,15750.238252882558,37.6799958202932,9.842436862248618,15760.080689744807,137.0584518508009,16544.88114006857
68,15657.7628464877,37.45876279064043,10.188117723414374,15667.950964211113,135.99087433999216,16446.63843645929
69,15566.04397768114,37.239339659524255,10.54632127447789,15576.590298955618,134.94875690846627,16349.310578239712
70,15475.068415499478,37.0216947739222,10.917500941011697,15485.98591644049,133.93145051138055,16252.881071423464
71,15384.823350312054,36.80579748878482,11.30212451870868,15396.125474830762,132.93830687805612,16157.333862159905
72,15295.29617465688,36.59161764271981,11.700672732661282,15306.99684738954,131.96868018020973,16062.6531256817
73,15206.474348123631,36.37912523474553,12.113637696562034,15218.587985820193,131.02192857899215,15968.82313850538
74,15118.345333625948,36.16829027183241,12.541521305771575,15130.88685493172,130.09741565282346,15875.828221272544
75,15030.896590537204,35.95908275248135,12.98483359763062,15043.881424134835,129.1945117074127,15783.652737747143
76,14944.11561000247,35.75147275120208,13.444091111014803,14957.559701113483,128.31259496876956,15692.281135318219
77,14857.98997887885,35.5454305714805,13.919815275023502,14871.909794153873,127.4510526598628,15601.69801349391
78,14772.507460727604,35.34092693953972,14.412530853908152,14786.919991581512,126.60928196200315,15511.888208843393
79,14687.65608459762,35.13793321674072,14.922764471916615,14702.578849069536,125.78669086299237,15422.836887161739
80,14603.424234614744,34.93642161391087,15.451043237695883,14618.87527785244,124.98269889538648,15334.529635910954
81,14519.800735346242,34.73636539556517,15.99789348331603,14535.798628829558,124.19673776962576,15246.952551948785
82,14436.774929408442,34.537739065570435,16.563839627954465,14453.338769036396,123.42825190805289,15160.09232105785
83,14354.336744859498,34.340518528372,17.149403170961527,14371.486148030459,122.67669888680189,15073.936286861735
84,14272.47675063556,34.144681221616175,17.75510181361215,14290.231852449173,121.94154979312012,14988.472507428956
85,14191.186198824196,33.95020621728277,18.38144870356645,14209.567647527763,121.2222895058744,14903.689798397016
86,14110.457053036815,33.75707428956176,19.028951791161234,14129.486004827975,120.51841690686014,14819.577761911092
87,14030.282002668293,33.56526794896721,19.698113282373807,14049.980115950666,119.82944503016839,14736.126801191904
88,13950.654463447663,33.374771443654694,20.38942916984375,13971.043892617507,119.15490115635883,14653.328121156657
89,13871.568565381862,33.18557073057862,21.103388820855397,13892.671954202717,118.49432685762142,14571.17371620937
90,13793.019129905246,32.99765342082595,21.840474599751033,13814.859604504996,117.84727799952127,14489.656347022803
91,13715.001638690012,32.81100870500003,22.601161501859643,13737.602800191871,117.21332470433826,14408.769508772877
92,13637.51219702447,32.625627265608784,23.385916776613882,13660.898113801084,116.59205128042456,14328.50739373557
93,13560.547494880639,32.44150118392497,24.1951995189567,13584.742694399596,115.98305612140301,14248.864851368726
94,13484.104768685356,32.25862384852956,25.029460210240416,13509.134228895597,115.38595157840196,14169.837348892474
95,13408.181766404174,32.07698987178032,25.88914019242018,13434.070906596593,114.80036380787391,14091.420934975926
96,13332.776717867491,31.89659501882175,26.774671062276056,13359.551388929767,114.22593259688693,14013.612208457147
97,13257.888311413595,31.717436151707165,27.686473975531392,13285.574785389126,113.66231116714503,13936.40829316812
98,13183.515676999588,31.53951118899423,28.624958853966234,13212.140635853555,113.10916595843494,13859.806819012812
99,13109.658375080791,31.36281907914065,29.590523491877203,13139.248898572669,112.56617639175779,13783.805908596707
100,13036.316389894291,31.187359784436104,30.583552561437806,13066.89994245573,112.03303461213937,13708.40416804305
101,12963.49012537636,31.013134271235312,31.604416519583758,12995.094541895944,111.5094452110443,13633.600680227677
102,12891.180401840618,30.84014450201105,32.65347042187849,12923.833872262498,110.99512492845601,13559.394998565163
103,12819.388451700244,30.6683934251202,33.73105265126866,12853.119504351513,110.4898023349966,13485.787139639575
104,12748.115912839241,30.49788495894555,34.83748357157189,12782.953396410812,109.9932174948914,13412.777573299369
105,12677.364818649638,30.328623968061333,35.973064116815934,12713.337882766453,109.50512161106604,13340.367209251735
106,12607.137584116332,30.160616229943376,37.13807432808966,12644.275658444421,109.02527665412117,13268.5573795598
107,12537.43698760914,29.99386839140943,38.332771849370566,12575.769759458512,108.55345497730349,13197.349816725811
108,12468.26614819483,29.8283879143417,39.557390392964976,12507.823538587796,108.08943891984981,13126.746627197346
109,12399.628498338296,29.664183010378697,40.81213818394113,12440.440636522237,107.63302040121113,13056.750260189445
110,12331.527751857799,29.501262564253107,42.097196391548394,12373.624948249348,107.18400050868743,12987.36347171005
111,12263.96786701911,29.339636045500264,43.41271755444211,12307.380584573551,106.74218908095062,12918.589283694611
112,12196.953004706707,29.179313408389252,44.75882400592333,12241.71182871263,106.30740428983839,12850.43093820787
113,12130.487481758491,29.020304980283473,46.135606305648,12176.62308806414,105.87947222269695,12782.89184681876
114,12064.575719756525,28.862621339130442,47.54312168555895,12112.118841442085,105.45822646745134,12715.97553546119
115,11999.22218982811,28.70627318140696,48.98139252020318,12048.203582348313,105.04350770249906,12649.685585357143
116,11934.431354275157,28.55127118247645,50.450404835034405,11984.88175911019,104.63516329344709,12584.025570845271
117,11870.20760608745,28.397625851883852,51.95010687055845,11922.157712958007,104.23304689863971,12518.998995199534
118,11806.555207579348,28.245347386553462,53.48040772495747,11860.035615304305,103.83701808533971,12454.60922571077
119,11743.478229498385,28.094445525115756,55.04117610279137,11798.519405601177,103.44694195832514,12390.85942941734
120,11680.980492010181,27.944929406722924,56.632239202186696,11737.612731212368,103.06268880253654,12327.752510931003
121,11619.065508963053,27.79680743771065,58.25338177728747,11677.31889074034,102.68413374126212,12265.291053806744
122,11557.736436804567,27.650087169388918,59.90434541641009,11617.640782220977,102.31115641116955,12203.477266876715
123,11496.996029487134,27.504775190160608,61.584828079106074,11558.580857566241,101.94364065529669,12142.312936934926
124,11436.846600648336,27.360877035043867,63.294483936992485,11500.141084585328,101.58147423488607,12081.799389108373
125,11377.289994305349,27.218397115563036,65.03292356352836,11442.322917868878,101.22454856070411,12021.937456202773
126,11318.327565239078,27.077338672820762,66.7997145165929,11385.127279755672,100.8727584442133,11962.727458244455
127,11259.960170132068,26.937703756296813,68.5943823543416,11328.55455248641,100.52600186867895,11904.169193323503
128,11202.188170348609,26.799493230499063,70.41641211884215,11272.604582467451,100.18417977998865,11846.261940659715
129,11145.011446944096,26.662706810871043,72.26525031280518,11217.2766972569,99.84719589665613,11789.004476500768
130,11088.429428052656,26.527343129312573,74.14030738170626,11162.569735434361,99.51495653818574,11732.395103009178
131,11032.441128197108,26.393399828222748,76.04096069632078,11108.482088893428,99.18737047070285,11676.431689670877
132,10977.045198313412,26.260873680175624,77.9665580091533,11055.011756322565,98.86434876854061,11621.111725983523
133,10922.239984449328,26.129760728347676,79.91642133314274,11002.15640578247,98.54580469032501,11566.432383324332
134,10868.023592296566,26.000056440900874,81.88985116399729,10949.913443460564,98.23165356804874,11512.390583069391
135,10814.393954088902,25.87175587102608,83.88613094119538,10898.280085030097,97.92181270767378,11458.983067383626
136,10761.348894118451,25.744853813680507,85.90453162049653,10847.253425738949,97.61620129995737,11406.206468798979
137,10708.88618930526,25.61934495049105,87.94431621636849,10796.830505521628,97.31474034043333,11354.057374868218
138,10657.003621905493,25.49522397585046,90.00474416906985,10747.008366074562,97.0173525577708,11302.532384830018
139,10605.699022512825,25.372485699791447,92.08507539974238,10697.784097912567,96.72396235002383,11251.628156300374
140,10554.970302766891,25.25112512623658,94.1845739371618,10649.154876704053,96.43449572852356,11201.341441286559
141,10504.815478375112,25.13113750807443,96.30251102896757,10601.11798940408,96.14888026930146,11151.669112041998
142,10455.232683971914,25.012518382707928,98.43816768378642,10553.6708516557,95.86704507192525,11102.608178231929
143,10406.220181766268,24.895263592742268,100.59083662358125,10506.81101838985,95.58892072547286,11054.155797338448
144,10357.776365863905,24.779369296325132,102.75982365319334,10460.536189517099,95.31443928107474,11006.309280195033
145,10309.899763647547,24.664831970448677,104.944448473235,10414.844212120783,95.0435342300722,10959.06609305462
146,10262.58903481327,24.551648408644187,107.14404497201227,10369.733079785283,94.77614048643943,10912.423856817224
147,10215.842967822176,24.439815712493246,109.35796103278554,10325.200928854962,94.51219437178207,10866.380343202974
148,10169.660472810421,24.329331274666078,111.58555788685536,10281.246030697277,94.25163360103309,10820.93346693333
149,10124.04056958958,24.22019275021431,113.82620903422097,10237.866778623802,93.99439726698112,10776.081272563502
150,10078.982369362751,24.112398012829548,116.07929874582996,10195.061668108581,93.74042582200408,10731.821914596221
151,10034.485049173963,24.005945093717617,118.34422015827805,10152.829269332242,93.48966105582629,10688.15362989848
152,9990.547818855966,23.900832102526234,120.62037297574953,10111.168191831715,93.24204606871294,10645.07470219777
153,9947.169881169666,23.797057131984847,122.90716080595884,10070.077041975625,92.99752524016886,10602.583419378236
154,9904.350386757247,23.694618150136954,125.20398817602079,10029.554374933268,92.7560441938213,10560.678025248573
155,9862.08838628026,23.593512885837942,127.51025729806486,9989.598643578325,92.51754975965025,10519.356668229473
156,9820.382782511168,23.49373871414155,129.8253646794026,9950.20814719057,92.28198993501563,10478.617349832166
157,9779.232285167665,23.395292548248005,132.1486976941709,9911.380982861836,92.04931384599865,10438.457875843034
158,9738.63537090376,23.298170743788898,134.4796312490134,9873.115002152772,91.81947171043058,10398.875812768661
159,9698.590250221061,23.20236901966761,136.81752468198565,9835.407774903048,91.59241480367521,10359.86845145012
160,9659.094842264909,23.10788239776294,139.1617190303209,9798.25656129523,91.36809542782379,10321.432778950439
161,9620.146757668032,23.014705161885242,141.5115347892672,9761.6582924573,91.14646688452477,10283.565459001564
162,9581.743288909063,22.922830834710677,143.86627026240564,9725.60955917147,90.92748345127507,10246.2628205774
163,9543.881407166265,22.832252170254225,146.22520057603882,9690.106607742304,90.71110036069388,10209.520853643264
164,9506.557764364903,22.74296115876771,148.5875773991536,9655.145341764057,90.49727378212538,10173.335210817871
165,9469.76869907116,22.654949040840098,150.95262937887088,9620.721328450032,90.28596080488266,10137.701213606757
166,9433.510244995938,22.56820632774148,153.31956327162203,9586.82980826756,90.07711942255767,10102.61386194741
167,9397.778141112689,22.482722825628443,155.68756572441086,9553.4657068371,89.87070851805387,10068.067846022668
168,9362.567842693756,22.398487661946785,158.05580563964665,9520.623648333401,89.66668784932497,10034.057559580222
169,9327.874532857008,22.315489313055043,160.4234370416856,9488.297969898693,89.46501803617983,10000.577114270243
170,9293.693134480367,22.23371563272815,162.789602353306,9456.482736833674,89.26566054889176,9967.620354771163
171,9260.018322513106,22.1531538816103,165.15343598526115,9425.171758498367,89.06857769968046,9935.180874641743
172,9226.844536805465,22.073790757907812,167.51406814084243,9394.358604946308,88.8737326383569,9903.252032930324
173,9194.16599557191,21.99561242959787,169.87062873889016,9364.0366243108,88.68108935349423,9871.826971567794
174,9161.976709501792,21.918604568186105,172.2222513617493,9334.198960863541,88.49061268035604,9840.898633471606
175,9130.270496372332,21.842752383665864,174.56807713829,9304.838573510622,88.30226831646414,9810.459781130923
176,9099.04099580046,21.768040659809714,176.9072584756941,9275.948254276154,88.11602284510487,9780.503015224836
177,9068.281683572623,21.69445378845125,179.23896255716704,9247.52064612979,87.93184376629404,9751.0207926272
178,9037.985884829042,21.621975801026416,181.56237452666068,9219.548259355703,87.7496995338083,9722.005442987645
179,9008.146785334053,21.550590395536013,183.8767002873126,9192.023485621365,87.56955959594634,9693.44918303377
180,8978.757440162324,21.480280957326134,186.18116884933255,9164.938609011657,87.39139443683614,9665.34412784176
181,8949.810779423777,21.411030572784156,188.47503417732113,9138.285813601098,87.21517561448044,9637.68229862648
182,8921.299611105034,21.342822036136447,190.75757650794617,9112.05718761298,87.04087579144027,9610.455627076295
183,8893.216621723788,21.275637851013848,193.02810313703964,9086.244724860828,86.86846875414864,9583.655956905131
184,8865.554376144284,21.20946023001025,195.28594870965279,9060.840324853936,86.69792941732004,9557.275043983249
185,8838.305318523995,21.144271096947357,197.53047508490567,9035.835793608901,86.52923381069576,9531.304557072885
186,8811.461776792856,21.080052097590563,199.7610708855109,9011.222847678368,86.36235904633827,9505.73608166973
187,8785.015973202804,21.01678462488709,201.97715087435176,8986.993124077157,86.1972832657309,9480.561129626136
188,8758.960043225987,20.954449864177,204.17815532166549,8963.138198547653,86.03398556696034,9455.771156999563
189,8733.286064375248,20.893028862141744,206.36354953085487,8939.649613906104,85.87244591321415,9431.35759187492
190,8707.986095441185,20.83250262067269,208.532823674946,8916.518919116132,85.71264502471544,9407.311872819297
191,8683.052225255817,20.772852213530662,210.68549305815117,8893.737718313967,85.55456425706622,9383.625497210593
192,8658.476628686625,20.714058920302932,212.82109886043966,8871.297727547066,85.39818546980068,9360.290077223459
193,8634.251626323474,20.656104369194914,214.9392093538592,8849.190835677333,85.24349088971984,9337.297399949975
194,8610.369743530082,20.598970678301633,217.03942150701533,8827.409165037097,85.09046297419962,9314.639487272925
195,8586.823764299668,20.542640584448968,219.1213628292795,8805.945127128947,84.93908427999605,9292.308650814404
196,8563.606775698674,20.48709754951836,221.18469325860463,8784.791468957279,84.78933734298703,9270.297537578766
197,8540.7121995205,20.432325836173444,223.22910687294205,8763.941306393443,84.64120457372152,9248.599162719684
198,8518.133808926512,20.37831054767108,225.25433320808446,8743.388142134596,84.49466817263172,9227.206927013502
199,8495.865729208903,20.32503762968637,227.2601379936053,8723.125867202509,84.34971006742578,9206.11461799955
200,8473.902423222078,20.272493835459517,229.24632316988718,8703.148746391966,84.20631187371669,9185.31639520311
201,8452.238663420758,20.220666658901333,231.2127261170737,8683.451389537831,84.06445487854,9164.806761308102
202,8430.869493600656,20.16954424306377,233.15921810297885,8664.028711703635,83.92412004522387,9144.580522373548
203,8409.790184246545,20.119115273317092,235.08570203161312,8644.875886278158,83.7852880371794,9124.63274106639
204,8388.996185657306,20.069368865208865,236.99210963663904,8625.988295293946,83.64793925759454,9104.958687207296
205,8368.483082705407,20.02029445623303,238.87839830603008,8607.361481011436,83.51205390170799,9085.553789654092
206,8348.246554295754,19.97188170884152,240.74454774051355,8588.991102036267,83.37761201825137,9066.413592770912
207,8328.28233947408,19.92412042936383,242.59055663901188,8570.872896113093,83.24459357671466,9047.533719607158
208,8308.586210976147,19.877000504727626,244.4164395737661,8553.002650549914,83.11297853724597,9028.909842722089
209,8289.153955967337,19.83051185638119,246.2222241736464,8535.376180140984,82.98274692020401,9010.537662505987
210,8269.981362974555,19.784644409030037,248.00794868470732,8517.989311659263,82.85387887261265,8992.412892053128
211,8251.06421356019,19.739388070718157,249.7736599298156,8500.837873490005,82.72635472901739,8974.53124714383
212,8232.39827714714,19.694732720447703,251.51941164961588,8483.917688796755,82.6001550645175,8956.88843971413
213,8213.979307477653,19.650668199707304,253.24526317827144,8467.224570655924,82.47526073806486,8939.480173238268
214,8195.80303944082,19.607184304882345,254.95127839029158,8450.754317831112,82.35165292448684,8922.302138686393
215,8177.865185323564,19.56427077828604,256.6375248486992,8434.502710172263,82.22931313412461,8905.350010036154
216,8160.1614299137,19.521917296444258,258.30407308828103,8418.46550300198,82.10822321947953,8888.619438697082
217,8142.687424272201,19.48011345519665,259.95099597883797,8402.638420251038,81.98836536883553,8872.106046609575
218,8125.438778371102,19.438848752083974,261.5783681304708,8387.017146501572,81.86972208747456,8855.805418180536
219,8108.4110532019,19.39811256746866,263.1862653246392,8371.59731852654,81.75227616783363,8839.713091651944
220,8091.599753362989,19.35789414680141,264.77476398006894,8356.374517343058,81.63601065077427,8823.824550932422
221,8075.000321567153,19.31818258748123,266.3439406908227,8341.344262257975,81.52090878105071,8808.135219387827
222,8058.608136928597,19.27896683475741,267.89387190403403,8326.502008832631,81.40695396106628,8792.640457541202
223,8042.418519232686,19.240235691944225,269.4246338350372,8311.843153067723,81.29412970803892,8777.335567012384
224,8026.426741544599,19.201977850585166,270.9363027442499,8297.36304428885,81.18241962063713,8762.215803212497
225,8010.628053324203,19.164181945751682,272.4289557170722,8283.057009041275,81.07180736178549,8747.276399140266
226,7995.0177154790335,19.126836639901995,273.90267208660225,8268.920387565635,80.96227666434845,8732.512601890261
227,7979.591047409758,19.089930735430045,275.3575356091571,8254.948583018915,80.85381136542507,8717.919722070254
228,7964.343484076799,19.053453311188512,276.7936374361109,8241.13712151291,80.74639547269199,8703.493194219556
229,7949.270638742952,19.017393872590795,278.2110798205117,8227.481718563464,80.64001326252516,8689.228643820115
230,7934.36836484961,18.981742499640216,279.60998036282007,8213.97834521243,80.53464940481172,8675.121954133132
231,7919.632809217898,18.946489974205498,280.99047646039986,8200.623285678299,80.43028910423537,8661.169324658715
232,7905.060449040905,18.911627868518913,282.3527295145075,8187.413178555413,80.32691824359013,8647.367313155695
233,7890.648107199255,18.8771485818164,283.69692840205835,8174.345035601313,80.22452351260206,8633.712855166623
234,7876.392943911149,18.8430453203616,285.02329176046675,8161.416235671616,80.12309250665476,8620.20325851794
235,7862.2924266991095,18.809312025595954,286.3320687617712,8148.624495460881,80.02261378372067,8606.836174386843
236,7848.344284052269,18.77594326328294,287.62353824078565,8135.967822293055,79.92307687380723,8593.609550145815
237,7834.546450110435,18.74293409117329,288.8980062480845,8123.444456358519,79.82447224186164,8580.521571387262
238,7820.897007949235,18.71027992332353,290.1558022778411,8111.0528102270755,79.72679121082837,8567.570600995929
239,7807.3941378388445,18.677976406313025,291.39727454133345,8098.791412380178,79.63002585537505,8554.7551220726
240,7794.03607481252,18.646019317733302,292.6227847074212,8086.658859519942,79.5341688783347,8542.073689535611
241,7780.821077654222,18.614404491995746,293.8327025176267,8074.653780171849,79.43921348140965,8529.524892983209
242,7767.747409474192,18.583127773861705,295.0274006229812,8062.774810097173,79.34515323977519,8517.10733138794
243,7754.813328632063,18.552184996727423,296.20724990317933,8051.020578535242,79.25198198760593,8504.81959868345
244,7742.017087940733,18.521571980719457,297.3726154342548,8039.389703374988,79.15969371882503,8492.660278367712
245,7729.356939738143,18.491284544828094,298.5238531823964,8027.8807929205395,79.06828250494598,8480.627944798176
246,7716.831144447219,18.461318527385693,299.66130742693156,8016.492451874151,78.97774242994166,8468.721168801761
247,7704.437980515651,18.431669809846056,300.7853088589234,8005.223289374575,78.88806754070333,8456.938525429561
248,7692.1757540472245,18.402334339825895,301.8961732642487,7994.071927311473,78.79925181081023,8445.278602063783
249,7680.042806913236,18.373308150510134,302.9942006804173,7983.0370075936535,78.71128911494314,8433.740005539492
250,7668.037522620674,18.344587374690608,304.07967491243,7972.117197533104,78.62417321124744,8422.321367427645
251,7656.15832964265,18.31616825273361,305.15286330144215,7961.311192944092,78.53789772918255,8411.021347064616
252,7644.4037022895445,18.288047134663984,306.2140166572192,7950.6177189467635,78.45245616079542,8399.838632305838
253,7632.7721594494105,18.2602204771517,307.263369287527,7940.0355287369375,78.36784185383685,8388.771938256168
254,7621.262261697334,18.232684836596494,308.30113908113515,7929.563400778469,78.28404800563956,8377.8200044272
255,7609.8726073286425,18.2054368596379,309.3275276230699,7919.200134951712,78.20106765713402,8366.981590851467
256,7598.601827855482,18.178473272381535,310.34272033898355,7908.944548194466,78.11889368676358,8356.255473688536
257,7587.448583434401,18.15179086946029,311.34688667880516,7898.795470113207,78.03751880435263,8345.640440801144
258,7576.411558588652,18.125386503800602,312.3401803578396,7888.751738946492,77.95693554517548,8335.13528768462
259,7565.489458465566,18.099257077668817,313.3227396765456,7878.812198142112,77.87713626458242,8324.738814013283
260,7554.681005767921,18.073399535329955,314.2946879391695,7868.975693707091,77.79811313357087,8314.449820965072
261,7543.984938398279,18.047810857412152,315.2561339873116,7859.241072385591,77.71985813566765,8304.267109381606
262,7533.400007789908,18.022488056913655,316.2071728584773,7849.607180648385,77.64236306543049,8294.18947874907
263,7522.924977848262,17.997428176670482,317.1478865727267,7840.0728644209885,77.56561952879576,8284.21572692834
264,7512.558624399921,17.972628288038088,318.07834504353826,7830.63696944346,77.4896189454144,8274.34465052816
265,7502.2997350401165,17.948085490526594,318.99860710255774,7821.298342142674,77.41435255303341,8264.575045802509
266,7492.147109267444,17.92379691212307,319.9087216224375,7812.055830889882,77.33981141390484,8254.905709944844
267,7482.09955881399,17.899759710081316,320.80872871772056,7802.908287531711,77.26598642314279,8245.335442666967
268,7472.1559080822635,17.875971071967136,321.69866100076064,7793.854569083024,77.19286831889798,8235.863047950139
269,7462.314994632302,17.85242821682369,322.5785448679927,7784.8935395002945,77.12044769418559,8226.487335886179
270,7452.575669663087,17.829128396323174,323.4484017913661,7776.024071454453,77.04871501017699,8217.207124526425
271,7442.936798459808,17.806068895836862,324.3082495902876,7767.245048050096,76.97766061075484,8208.02124168428
272,7433.397260781057,17.78324703536138,325.15810366083736,7758.555364441895,76.90727473812483,8198.92852664102
273,7423.955951175835,17.760660170277117,325.99797814112804,7749.953929316964,76.83754754928125,8189.927831722437
274,7414.611779224802,17.738305691925365,326.82788699432126,7741.439666219124,76.76846913313005,8181.018023721156
275,7405.363669701671,17.716181027994427,327.6478449938246,7733.011514695496,76.7000295280838,8172.1979851439755
276,7396.210562661132,17.69428364272998,328.45786859842576,7724.668431259558,76.63221873995604,8163.466615277389
277,7387.151413456179,17.672611036976505,329.25797670844076,7716.40939016462,76.56502675999607,8154.8228310643235
278,7378.185192688248,17.65116074805801,330.04819129725655,7708.233383985505,76.49844358291872,8146.265567789067
279,7369.310886100355,17.62993034952238,330.8285379158259,7700.139424016181,76.43245922479846,8137.793779577356
280,7360.527494414975,17.60891745075353,331.5990460706558,7692.126540485631,76.3670637407091,8129.406439713253
281,7351.834033126819,17.588119696475644,332.3597494785462,7684.193782605365,76.30224724200224,8121.102540785598
282,7343.229532252253,17.567534766153717,333.110686203746,7676.340218455999,76.23799991312944,8112.8810946709045
283,7334.713036048546,17.54716037332188,333.8518986852543,7668.5649347338,76.1743120279215,8104.741132373132
284,7326.283602702356,17.526994264838173,334.5834336636901,7660.867036366046,76.11117396524801,8096.681703728699
285,7317.940303998661,17.50703422009249,335.3053420184795,7653.245646017141,76.04857622398734,8088.701876998329
286,7309.682224975009,17.487278050179448,336.017678527057,7645.699903502066,75.98650943724437,8080.800738361904
287,7301.508463567405,17.467723597051208,336.7205015583709,7638.228965125776,75.92496438576039,8072.977391334651
288,7293.418130253338,17.44836873266349,337.4138727132316,7630.832002966569,75.86393201046468,8065.230956122381
289,7285.410347699927,17.4292113581338,338.0978564239791,7623.508204123907,75.80340342412332,8057.56056893601
290,7277.4842504182925,17.410249402914577,338.77251952560437,7616.256769943897,75.7433699220472,8049.965381278359
291,7269.63898443088,17.39148082399732,339.43793080986615,7609.076915240746,75.68382299182551,8042.444559221335
292,7261.873706956485,17.372903605159056,340.09416057315786,7601.967867529643,75.62475432205841,8034.997282688826
293,7254.187586111408,17.354515756247388,340.74128016791053,7594.928866279318,75.5661558100667,8027.622744753398
294,7246.579800632651,17.336315312518305,341.3793615662412,7587.959162198893,75.50801956856435,8020.320150961357
295,7239.049539621446,17.3183003340226,342.0084769433819,7581.058016564827,75.45033793128465,8013.088718691909
296,7231.596002309231,17.300468905046007,342.62869828720886,7574.22470059644,75.39310345755734,8005.927676558892
297,7224.218397843215,17.28281913359621,343.2400970389624,7567.458494882178,75.33630893584198,7998.836263857273
298,7216.915945093521,17.26534915094144,343.8427437690371,7560.758688862558,75.27994738622718,7991.813730060407
299,7209.687872477566,17.24805711119035,344.43670789055875,7554.124580368125,75.22401206191411,7984.8593343664825
300,7202.533417802429,17.2309411909149,345.0220574123729,7547.555475214802,75.16849644970705,7977.972345296686
301,7195.451828119858,17.21399958880349,345.59885873206326,7541.0506868519215,75.11339426954184,7971.152040340531
302,7188.44235959682,17.197230525351245,346.1671764687236,7534.609536065544,75.058699473087,7964.397705651165
303,7181.504277395414,17.18063224257276,346.72707333441326,7528.231350729827,75.00440624145946,7957.708635783663
304,7174.63685556097,17.16420300373438,347.27861004256937,7521.915465603539,74.95050898210084,7951.084133473651
305,7167.839376918017,17.147941093105302,347.8218452510947,7515.661222169111,74.89700232486442,7944.523509453951
306,7161.111132971048,17.13184481572021,348.35683553742217,7509.46796850847,74.84388111736789,7938.02608230381
307,7154.451423809282,17.115912497151392,348.88363540254704,7503.335059211829,74.79114041966908,7931.591178327194
308,7147.859558013279,17.100142483285357,349.40229730081313,7497.261855314092,74.73877549832517,7925.218131455187
309,7141.334852562621,17.084533140101964,349.91287169214445,7491.247724254765,74.68678181989743,7918.906283168698
310,7134.876632745256,17.06908285345755,350.41540711339707,7485.292039858653,74.63515504396489,7912.654982439164
311,7128.4842320644475,17.053790028862316,350.9099502655727,7479.39418233002,74.58389101571109,7906.463585680256
312,7122.156992145439,17.038653091257032,351.3965461137649,7473.553538259204,74.53298575814817,7900.331456709971
313,7115.894262640105,17.02367048478494,351.87523799689063,7467.769500636996,74.48243546404125,7894.2579667187665
314,7109.695401130613,17.008840672561277,352.3460677444843,7462.041468875098,74.43223648759611,7888.2424942424295
315,7103.559773028523,16.99416213643187,352.8090757980794,7456.368848826602,74.38238533597053,7882.284425133939
316,7097.486751472938,16.979633376729517,353.26430133497684,7450.751052807915,74.33287866066783,7876.383152536122
317,7091.475717227295,16.965252912027022,353.71178239247297,7445.187499619768,74.28371324886932,7870.538076853019
318,7085.526058569874,16.951019278875297,354.1515559909009,7439.6776145607755,74.23488601475826,7864.748605713775
319,7079.637171184417,16.93693103154167,354.58365825410596,7434.220829438523,74.18639399088615,7859.014153934282
320,7073.808458049345,16.922986741744843,355.0081245262369,7428.816582575582,74.138234319628,7853.334143474274
321,7068.039329319915,16.909184998373004,355.424989483968,7423.464318803883,74.09040424476984,7847.708003383524
322,7062.329202213583,16.89552440720953,355.8342872434888,7418.163489457072,74.04290110326832,7842.135169747019
323,7056.677500890103,16.88200359064618,356.23605146178716,7412.913552351891,73.99572231721811,7836.615085620345
324,7051.083656329813,16.868621187391895,356.63031543192335,7407.713971761736,73.94886538605982,7831.147200958626
325,7045.547106212466,16.855375852182934,357.01711217213216,7402.5642183845985,73.90232787905627,7825.730972541386
326,7040.067294791716,16.842266255482574,357.3964745087095,7397.463769300426,73.85610742806185,7820.365863888506
327,7034.643672771357,16.829291083185066,357.768435152735,7392.412107924092,73.81020172060671,7815.051345173593
328,7029.2756971792205,16.816449036313923,358.13302677075484,7387.408723949975,73.76460849331247,7809.78689313086
329,7023.962831239484,16.80373883071647,358.4902820495996,7382.453113289084,73.71932552565423,7804.571990956529
330,7018.704544247535,16.791159196764436,358.84023375555455,7377.544778003089,73.67435063407923,7799.406128209186
331,7013.50031144235,16.778708879048683,359.18291478811346,7372.683226230463,73.62968166649057,7794.288800704341
332,7008.349613879671,16.76638663607577,359.5183582285642,7367.867972108235,73.58531649710025,7789.2195104067
333,7003.25193830658,16.754191239967895,359.84659738364985,7363.09853569023,73.5412530216544,7784.197765321073
334,6998.206777036156,16.742121476163053,360.1676658245458,7358.374442860702,73.49748915302955,7779.223079380789
335,6993.213627823585,16.730176143118623,360.48159742137966,7353.695225244965,73.45402281719856,7774.294972335225
336,6988.271993743562,16.718354052018093,360.7884263735096,7349.060420117072,73.41085194955994,7769.41296963647
337,6983.381383069654,16.706654026482425,361.08818723575786,7344.469570305411,73.36797449162546,7764.576602325951
338,6978.541309155266,16.695074902285327,361.3809149407871,7339.9222240960535,73.32538838805637,7759.785406920814
339,6973.751290317772,16.68361552707601,361.6666448177861,7335.417935135558,73.28309158403971,7755.038925301703
340,6969.010849723712,16.672274760104575,361.9454126076289,7330.956262331341,73.24108202299225,7750.336704599982
341,6964.3195152785065,16.66105147195815,362.21725447465485,7326.536769753161,73.1993576445808,7745.678297087884
342,6959.676819518343,16.649944544302258,362.48220701521666,7322.15902653356,73.15791638304496,7741.063260069352
343,6955.082299504122,16.638952869627087,362.74030726314015,7317.822606767262,73.11675616580874,7736.491155771482
344,6950.535496720724,16.628075351006515,362.99159269223685,7313.527089412961,73.07587491236552,7731.9615512399305
345,6946.035956979622,16.617310901865125,363.2361012160172,7309.272058195639,73.03527053342235,7727.474018236331
346,6941.583230322327,16.606658445747193,363.47387118475496,7305.057101507082,72.99494093028672,7723.028133135299
347,6937.176870930894,16.59611691610262,363.70494138005984,7300.881812310954,72.95488399448098,7718.623476827297
348,6932.816437040649,16.585685256078108,363.92935100712435,7296.745788047774,72.91509760756759,7714.259634622613
349,6928.501490855026,16.575362418313457,364.1471396848178,7292.648630539843,72.87557964117018,7709.936196156406
350,6924.231598467966,16.5651473647559,364.3583474338086,7288.589945901775,72.83632795717352,7705.652755300384
351,6920.006329785558,16.555039066472627,364.56301466290427,7284.569344448462,72.79734040808754,7701.408910072854
352,6915.825258454099,16.545036503478705,364.7611821538045,7280.586440607904,72.75861483755958,7697.204262554477
353,6911.687961790497,16.535138664570567,364.9528910444657,7276.640852834963,72.72014908101954,7693.038418805732
354,6907.594020716337,16.52534454716827,365.1381828112808,7272.7322035276175,72.68194096644362,7688.9109887875275
355,6903.543019693621,16.515653157161772,365.3170992502778,7268.8601189439,72.64398831522226,7684.8215862831175
356,6899.534546666585,16.506063508771735,365.48968245753986,7265.024229124125,72.60628894311809,7680.769828825814
357,6895.568193003496,16.49657462441028,365.65597480904216,7261.224167812538,72.56884066130125,7676.755337626565
358,6891.64355344198,16.48718553455019,365.8160189401025,7257.459572382082,72.53164127744907,7672.77773750501
359,6887.7602260377735,16.47789527760233,365.96985772462375,7253.730083762397,72.49468859689789,7668.836656824086
360,6883.917812113795,16.46870289979377,366.1175342543058,7250.0353463681,72.45798042383592,7664.931727425133
361,6880.115916214681,16.459607455059047,366.25909181798585,7246.375008032667,72.42151456252623,7661.062584568776
362,6876.354146058491,16.45060800492462,366.3945738812531,7242.748719939744,72.38528881854964,7657.228866873356
363,6872.632112496238,16.441703618412053,366.5240240664722,7239.15613656271,72.34930100005784,7653.430216261671
364,6868.949429467376,16.43289337193152,366.6474861333272,7235.596915600703,72.31354891902868,7649.666277904183
365,6865.305713960985,16.424176349188958,366.76500395998886,7232.070717920973,72.27803039251438,7645.936700168521
366,6861.700585975925,16.41555164109073,366.8766215249835,7228.577207500908,72.24274324387633,7642.241134568583
367,6858.133668484564,16.40701834565685,366.9823828898295,7225.1160513743935,72.2076853039986,7638.579235717838
368,6854.604587395814,16.398575567932568,367.0823321824896,7221.686919578304,72.17285441247469,7634.950661282611
369,6851.112971519339,16.390222419902724,367.17651358167006,7218.28948510101,72.13824841876195,7631.355071937208
370,6847.6584525340695,16.381958020416434,367.26497130198425,7214.923423836054,72.10386518329804,7627.792131323979
371,6844.2406649524155,16.373781495101472,367.34774957998275,7211.588414532398,72.06970257857591,7624.261506009723
372,6840.859246090808,16.3656919762938,367.4248926610411,7208.284138751848,72.03575849017315,7620.7628654490045
373,6837.513836038221,16.357688602962252,367.4964447870826,7205.010280825303,72.00203081773223,7617.295881946016
374,6834.204077625674,16.349770520635584,367.56245018510765,7201.766527810782,71.96851747588957,7613.86023061793
375,6830.929616398738,16.341936881336693,367.62295305648695,7198.552569455225,71.9352163951506,7610.455589361704
376,6827.690100588358,16.334186843512818,367.677997566978,7195.368098155336,71.90212552270953,7607.081638819618
377,6824.485181085755,16.326519571975492,367.72762783740916,7192.212808923165,71.86924282321209,7603.738062349228
378,6821.31451141399,16.31893423783251,367.7718879349814,7189.086399348971,71.83656627946137,7600.42454599027
379,6818.177747705402,16.311430018433978,367.8108218651288,7185.988569570531,71.80409389306463,7597.140778437668
380,6815.074548676633,16.30400609731252,367.8444735638826,7182.919022240515,71.77182368502305,7593.886451012291
381,6812.004575605273,16.29666166412745,367.8728868906824,7179.877462495956,71.73975369626268,7590.66125763346
382,6808.967492308661,16.289395914614023,367.8961056215783,7176.86359793024,71.70788198810892,7587.4648947936585
383,6805.962965122331,16.282208050531892,367.91417344277335,7173.877138565104,71.67620664270386,7584.297061532916
384,6802.990662880016,16.275097279617263,367.92713394445605,7170.917796824472,71.64472576336891,7581.157459414721
385,6800.050256895034,16.26806281553836,367.9350306148773,7167.985287509911,71.6134374749129,7578.045792503248
386,6797.141420941742,16.261103877851056,367.937906834631,7165.079327776372,71.58233992388834,7574.961767340555
387,6794.263831239181,16.25421969195976,367.9358058711026,7162.199637110283,71.55143127879643,7571.905092925857
388,6791.417166433988,16.247409489076528,367.92877087305044,7159.345937307039,71.52070973024381,7568.875480693914
389,6788.601107586274,16.24067250618726,367.91684486529675,7156.517952451572,71.4901734910523,7565.872644496227
390,6785.815338154829,16.234007986016337,367.90007074350206,7153.715408898332,71.45982079632417,7562.896300581393
391,6783.059543984354,16.22741517699606,367.8784912690081,7150.938035253362,71.42964990346505,7559.946167577312
392,6780.333413292361,16.220893333235313,367.85214906373267,7148.185562356093,71.39965909216701,7557.021966472885
393,6777.636636658795,16.214441714494725,367.82108660510886,7145.457723263904,71.36984666435359,7554.123420602257
394,6774.968907013764,16.20805958615733,367.785346221062,7142.754253234826,71.34021094409039,7551.250255627015
395,6772.329919629654,16.2017462192097,367.7449700850202,7140.074889714674,71.31075027746209,7548.402199522608
396,6769.719372110224,16.195500890215847,367.70000021096155,7137.419372321186,71.28146303241978,7545.578982561617
397,6767.136964383187,16.18932288129949,367.65047844849687,7134.787442831684,71.25234759860015,7542.780337300381
398,6764.582398692577,16.18321148012578,367.5964464779966,7132.178845170573,71.22340238711924,7540.005998565311
399,6762.055379591025,16.177165979882833,367.53794580576414,7129.593325396789,71.19462583034318,7537.2557034390275
400,6759.55561393364,16.171185679267083,367.4750177592668,7127.030631692907,71.16601638163819,7534.529191248041
401,6757.082810872575,16.165269882470273,367.40770348243075,7124.490514355005,71.13757251510206,7531.826203551069
402,6754.636681851094,16.159417899165298,367.3360439310097,7121.972725782104,71.10929272527943,7529.146484126855
403,6752.216940598238,16.153629044493393,367.2600798680378,7119.4770204662755,71.08117552686292,7526.489778962559
404,6749.823303125516,16.14790263905626,367.17985185937425,7117.00315498489,71.05321945438219,7523.855836244229
405,6747.455487722398,16.14223800890526,367.09540026935144,7114.55088799175,71.02542306188303,7521.2444063460935
406,6745.113214951753,16.13663448553051,367.0067652565353,7112.119980208288,70.99778492259804,7518.655241819877
407,6742.79620764763,16.131091405855575,366.91398676960455,7109.710194417235,70.97030362861113,7516.088097386542
408,6740.504190911502,16.125608112228473,366.81710454336076,7107.321295454863,70.94297779051689,7513.542729926589
409,6738.236892109821,16.12018395241584,366.716158094874,7104.9530502046955,70.91580603707729,7511.018898471795
410,6735.994040870928,16.11481827959552,366.6111867197719,7102.6052275907,70.88878701487627,7508.51636419643
411,6733.775369082903,16.109510452351444,366.5022294886792,7100.2775985715825,70.8619193879742,7506.034890409572
412,6731.58061089107,16.104259834667634,366.3893252438122,7097.969936134882,70.83520183756332,7503.574242547231
413,6729.409502696035,16.09906579592353,366.2725125957338,7095.682015291769,70.80863306162512,7501.134188165184
414,6727.261783151469,16.093927710888682,366.1518299202745,7093.413613071743,70.7822117745911,7498.7144969317305
415,6725.137193161933,16.088844959717544,366.02731535561884,7091.164508517552,70.75593670700752,7496.314940620691
416,6723.035475881159,16.083816927945357,365.8990067995671,7088.934482680726,70.72980660520506,7493.935293105052
417,6720.956376709786,16.078843006482742,365.76694190696793,7086.723318616754,70.70382023097434,7491.575330350279
418,6718.899643293748,16.073922591611836,365.631158087329,7084.530801381077,70.67797636124794,7489.234830408497
419,6716.86502552172,16.069055084980192,365.4916925026046,7082.356718024324,70.65227378778923,7486.913573411939
420,6714.85227552346,16.064239893596795,365.34858206516196,7080.200857588622,70.62671131688849,7484.611341567518
421,6712.861147667402,16.059476429826322,365.20186343592826,7078.063011103331,70.60128776906745,7482.327919150867
422,6710.891398558541,16.05476411138407,365.0515730227173,7075.9429715812585,70.57600197879142,7480.063092500914
423,6708.9427870356785,16.050102361329376,364.89774697873656,7073.840534014415,70.55085279419019,7477.816650014025
424,6707.01507416979,16.045490608061698,364.7404212012754,7071.755495371065,70.52583907678759,7475.58838213952
425,6705.108023259974,16.040928285310944,364.57963133057257,7069.687654590547,70.50095970123954,7473.378081372987
426,6703.221399831618,16.036414832133058,364.4154127488638,7067.636812580482,70.47621355508105,7471.185542252042
427,6701.354971632781,16.03194969290139,364.24780057960834,7065.602772212389,70.45159953848203,7469.010561350547
428,6699.508508631434,16.027532317300082,364.0768296868921,7063.585338318326,70.42711656401161,7466.852937273899
429,6697.681783011118,16.023162160313678,363.90253467500816,7061.584317686125,70.40276355641149,7464.712470652975
430,6695.87456916787,16.018838682219783,363.7249498882118,7059.599519056082,70.3785394523772,7462.588964139556
431,6694.086643705612,16.01456134857802,363.54410941064816,7057.63075311626,70.35444320034811,7460.482222400446
432,6692.317785432764,16.010329630221925,363.3600470664507,7055.677832499215,70.33047376030554,7458.3920521130185
433,6690.567775356223,16.006143003244553,363.172796420009,7053.740571776232,70.30663010357802,7456.318261958364
434,6688.836396677324,16.00200094898881,362.9823907764015,7051.818787453725,70.28291121265518,7454.2606626166
435,6687.123434786544,15.997902954034794,362.7888631819917,7049.912297968535,70.25931608100792,7452.219066761156
436,6685.428677257609,15.993848510185668,362.5922464251843,7048.020923682793,70.23584371291601,7450.193289052641
437,6683.751913841537,15.989837114453438,362.39257303733723,7046.144486878875,70.21249312330232,7448.183146132853
438,6682.0929364603135,15.985868269043813,362.18987529382645,7044.28281175414,70.18926333757312,7446.1884566186
439,6680.451539200274,15.98194148134037,361.9841852152588,7042.435724415533,70.16615339146452,7444.209041095425
440,6678.8275183044825,15.978056263886321,361.77553456882976,7040.603052873313,70.14316233089431,7442.2447221104885
441,6677.220672165789,15.974212134367917,361.56395486981916,7038.7846270356085,70.12028921181907,7440.295324166298
442,6675.63080131871,15.970408615595,361.3494773832225,7036.980278701933,70.09753310009641,7438.360673713443
443,6674.057708430755,15.966645235480275,361.1321331255107,7035.1898415562655,70.07489307135126,7436.440599142907
444,6672.501198293401,15.962921527017706,360.9119528665132,7033.413151159914,70.05236821084672,7434.534930778187
445,6670.961077813165,15.959237028261159,360.6889671314198,7031.650044944585,70.02995761335868,7432.643500867653
446,6669.437156002079,15.955591282301624,360.4632062028932,7029.900362204972,70.00766038305356,7430.766143576429
447,6667.929243966477,15.951983837240375,360.2347001232875,7028.163944089764,69.98547563336997,7428.902694976732
448,6666.437154896768,15.948414246164518,360.003478696966,7026.440633593735,69.96340248690247,7427.052993039286
449,6664.960704056604,15.944882067121062,359.7695714927112,7024.730275549316,69.94144007528824,7425.216877624253
450,6663.499708770379,15.94138686308703,359.53300784622024,7023.032716616599,69.91958753909627,7423.394190470603
451,6662.053988411512,15.937928201941418,359.2938168626793,7021.347805274192,69.89784402771788,7421.58477518633
452,6660.623364388725,15.934505656432357,359.05202741940906,7019.675391808134,69.87620869925978,7419.788477236772
453,6659.207660134566,15.93111880414968,358.80766816857476,7018.015328303141,69.85468072043791,7418.005143935238
454,6657.806701089561,15.927767227486989,358.56076753995325,7016.367468629514,69.83325926647328,7416.23462442932
455,6656.420314689518,15.924450513611287,358.3113537437493,7014.731668433267,69.81194352098811,7414.476769690432
456,6655.048330349271,15.921168254424094,358.0594547734539,7013.107785122725,69.79073267590363,7412.731432499817
457,6653.690579449013,15.917920046528739,357.8050984087367,7011.49567785775,69.76962593133803,7410.998467437192
458,6652.346895316496,15.914705491187789,357.5483122183663,7009.895207534862,69.74862249550509,7409.277730865288
459,6651.017113211946,15.911524194286951,357.2891235631481,7008.306236775094,69.7277215846138,7407.569080917128
460,6649.701070311186,15.908375766294704,357.02755959887526,7006.7286299100615,69.70692242276724,7405.8723774815235
461,6648.398605687507,15.905259822218918,356.7636472792826,7005.16225296679,69.68622424186276,7404.18748218732
462,6647.109560294751,15.902175981566389,356.49741335899654,7003.606973653747,69.66562628149167,7402.514258388864
463,6645.833776947372,15.899123868295149,356.22888439647465,7002.062661343846,69.64512778883912,7400.852571148432
464,6644.571100304443,15.896103110776178,355.9580867569255,7000.529187061368,69.62472801858425,7399.202287222577
465,6643.321376847189,15.893113341739687,355.68504661520205,6999.006423462391,69.60442623280028,7397.563275041986
466,6642.084454861891,15.890154198234189,355.4097899586612,6997.494244820552,69.58422170085433,7395.935404696676
467,6640.860184418487,15.887225321575327,355.1323425899824,6995.99252700847,69.56411369930768,7394.318547916834
468,6639.648417350973,15.88432635729898,354.8527301299372,6994.501147480911,69.54410151181602,7392.712578055419
469,6638.4490072359495,15.881456955109927,354.5709780201032,6993.019985256053,69.52418442902955,7391.117370068852
470,6637.2618093720375,15.878616768832625,354.2871115255155,6991.548920897553,69.50436174849341,7389.532800498516
471,6636.086680758165,15.875805456359247,354.00115573724753,6990.087836495412,69.48463277454857,7387.958747451046
472,6634.923480072313,15.873022679598837,353.7131355749171,6988.63661564723,69.46499681823259,7386.395090579028
473,6633.772067649506,15.870268104424657,353.4230757891079,6987.195143438615,69.44545319718124,7384.841711060831
474,6632.632305459279,15.867541400620286,353.13100096370306,6985.763306422982,69.4260012355303,7383.298491579854
475,6631.50405708443,15.86484224182878,352.8369355181221,6984.340992602552,69.40664026381819,7381.765316304964
476,6630.387187697391,15.86217030549615,352.54090370945835,6982.9280914068495,69.38736961888952,7380.242070868436
477,6629.2815640390345,15.859525272820656,352.2429296345081,6981.524493673543,69.36818864379929,7378.7286423462565
478,6628.187054395436,15.856906828697214,351.9430372316887,6980.130091627124,69.34909668771819,7377.22491923625
479,6627.10352857515,15.85431466166304,351.6412502828406,6978.744778857991,69.33009310583931,7375.730791436633
480,6626.03085788725,15.851748463845096,351.33759241490594,6977.368450302156,69.31117725928598,7374.246150225191
481,6624.9689151188,15.849207930906221,351.0320871014841,6976.001002220284,69.2923485150213,7372.770888237804
482,6623.917574512094,15.846692761990655,350.72475766425623,6974.6423321763505,69.27360624575923,7371.304899446588
483,6622.8767117427105,15.844202659671556,350.41562727427845,6973.292339016989,69.25494982987742,7369.848079138753
484,6621.846203897524,15.841737329898383,350.1047189531396,6971.950922850663,69.23637865133233,7368.400323895278
485,6620.825929452919,15.839296481944782,349.7920555739803,6970.617985026899,69.2178920995761,7366.961531569677
486,6619.815768252822,15.836879828356032,349.47765986237465,6969.293428115197,69.19948956947587,7365.531601266442
487,6618.815601487511,15.834487084898353,349.16155439706904,6967.9771558845805,69.1811704612355,7364.110433320148
488,6617.825311673394,15.832117970510511,348.8437616105807,6966.669073283974,69.16293418031984,7362.697929275395
489,6616.844782631183,15.829772207251635,348.524303789654,6965.369086420837,69.14478013738147,7361.293991865022
490,6615.873899466409,15.827449520254568,348.2032030755763,6964.077102541985,69.1267077481906,7359.898524990529
491,6614.912548549662,15.825149637678615,347.880481464352,6962.793030014013,69.10871643356722,7358.5114337021105
492,6613.960617496099,15.822872290660523,347.5561608067392,6961.516778302838,69.09080561931688,7357.132624177831
493,6613.01799514808,15.82061721327292,347.2302628081484,6960.248257956229,69.07297473616902,7355.7620037057995
494,6612.084571555701,15.818384142477752,346.902809028408,6958.987380584109,69.05522321971853,7354.399480664141
495,6611.160237958579,15.816172818082725,346.5738208813986,6957.7340588399775,69.03755051037065,7353.0449645021
496,6610.244886769319,15.81398298270172,346.2433196345613,6956.48820640388,69.01995605328865,7351.698365722711
497,6609.338411556107,15.811814381713173,345.91132640828164,6955.249737964388,69.00243929834497,7350.3595958645
498,6608.440707025936,15.809666763219942,345.57786217515786,6954.018569201094,68.98499970007556,7349.028567483718
499,6607.551669009566,15.807539878013316,345.2429477591562,6952.794616768721,68.9676367176374,7347.705194138207
500,6606.6711944452045,15.805433479533981,344.90660383466013,6951.5777982798645,68.9503498147689,7346.389390369911
501,6605.7991813652425,15.803347323840294,344.56885092541967,6950.368032290662,68.93313845975383,7345.081071690349
502,6604.935528880853,15.801281169571418,344.22970940340804,6949.165238284261,68.91600212538803,7343.78015456388
503,6604.080137168372,15.799234777914766,343.8891994875931,6947.969336655965,68.89894028894925,7342.486556392688
504,6603.232907457945,15.797207912578815,343.5473412426297,6946.780248700575,68.88195243216968,7341.200195503958
505,6602.393742018473,15.795200339757113,343.2041545774829,6945.597896595956,68.86503804121162,7339.920991133305
506,6601.562544147941,15.793211828105122,342.85965924398874,6944.4222033919295,68.84819660664546,7338.648863413543
507,6600.7392181611485,15.791242148710882,342.51387483536234,6943.2530929965105,68.83142762343054,7337.383733360812
508,6599.923669378071,15.789291075067156,342.1668207846601,6942.090490162731,68.8147305908983,7336.125522861299
509,6599.115804114541,15.78735838304914,341.81851636320715,6940.934320477748,68.79810501273761,7334.874154660272
510,6598.315529672552,15.785443850891273,341.4689806789978,6939.784510351549,68.78155039698247,7333.629552350709
511,6597.522754329912,15.783547259162468,341.11823267507646,6938.640987004988,68.76506625600157,7332.391640361271
512,6596.7373873314755,15.781668390745157,340.7662911279116,6937.503678459387,68.74865210648963,7331.160343945861
513,6595.959338881341,15.779807030816604,340.41317464576855,6936.37251352711,68.73230746946044,7329.935589174157
514,6595.188520133957,15.77796296682765,340.0589016670914,6935.247421801048,68.71603187024115,7328.717302921059
515,6594.424843187194,15.776135988486109,339.703490458902,6934.128333646096,68.69982483846829,7327.505412858147
516,6593.668221074032,15.774325887736918,339.34695911522726,6933.015180189259,68.6836859080844,7326.29984744377
517,6592.918567756238,15.772532458746982,338.98932555555774,6931.907893311796,68.66761461733596,7325.100535915172
518,6592.175798117515,15.770755497888793,338.6306075233524,6930.8064056408675,68.65161050877163,7323.907408280135
519,6591.439827957709,15.768994803726576,338.2708225845921,6929.710650542301,68.63567312924155,7322.720395309739
520,6590.710573985247,15.767250176998198,337.90998812639214,6928.620562111639,68.61980202989665,7321.539428529403
521,6589.987953812804,15.765521420604795,337.54812135567994,6927.536075168484,68.6039967661882,7320.364440213233
522,6589.271885951146,15.763808339596043,337.18523929794577,6926.457125249091,68.58825689786765,7319.195363376608
523,6588.562289803259,15.762110741156121,336.8213587960713,6925.383648599331,68.57258198898592,7318.0321317691405
524,6587.8590856600185,15.760428434593345,336.45649650924497,6924.3155821692635,68.5569716078928,7316.874679869253
525,6587.162194694369,15.758761231326242,336.090668911965,6923.252863606333,68.54142532723569,7315.722942877354
526,6586.471538956581,15.757108944872202,335.7238922931408,6922.195431249722,68.5259427239576,7314.576856710191
527,6585.7870413699075,15.7554713908371,335.35618275529396,6921.143224125201,68.51052337929498,7313.436357995685
528,6585.10862572488,15.753848386901627,334.9875562138623,6920.096181938742,68.49516687877389,7312.301384066516
529,6584.436216675955,15.752239752813288,334.6180283966146,6919.05424507257,68.479872812206,7311.17187295616
530,6583.769739735639,15.750645310372342,334.24761484317503,6918.017354578814,68.46464077368287,7310.047763392505
531,6583.109121270918,15.749064883423248,333.87633090466284,6916.985452175581,68.44947036156941,7308.928994793882
532,6582.45428849845,15.747498297843183,333.50419174344745,6915.958480241898,68.43436117849595,7307.81550726397
533,6581.805169479437,15.745945381529753,333.13121233302365,6914.93638181246,68.41931283134883,7306.707241586485
534,6581.161693116006,15.744405964392358,332.7574074580042,6913.91910057401,68.40432493125988,7305.604139221498
535,6580.523789146582,15.742879878341105,332.38279171423386,6912.906580860816,68.38939709359393,7304.5061423008465
536,6579.891388140422,15.741366957273737,332.00737950902436,6911.898767649447,68.37452893793524,7303.41319362283
537,6579.264421493972,15.739867037066919,331.631185061509,6910.895606555481,68.35972008807181,7302.325236648824
538,6578.642821425874,15.738379955564293,331.25422240311815,6909.8970438289925,68.34497017197882,7301.24221549868
539,6578.026520971866,15.736905552564274,330.87650537817325,6908.90302635004,68.3302788217994,7300.164074946097
540,6577.415453980758,15.735443669810426,330.49804764459935,6907.913501625357,68.31564567382466,7299.090760415202
541,6576.809555108615,15.733994150977548,330.1188626747522,6906.928417783368,68.30107036847139,7298.022217975436
542,6576.208759814434,15.732556841661326,329.7389637563613,6905.9477235707955,68.28655255025843,7296.9583943380285
543,6575.613004354688,15.731131589365283,329.35836399358254,6904.9713683482705,68.27209186778111,7295.8992368514555
544,6575.022225778868,15.729718243490115,328.9770763081608,6903.999302087029,68.25768797368417,7294.8446934979875
545,6574.436361922966,15.728316655318102,328.59511344069847,6903.031475363665,68.24334052463297,7293.794712888275
546,6573.855351405263,15.726926678003021,328.2124879520255,6902.067839357288,68.22904918128302,7292.749244258333
547,6573.279133620464,15.725548166556132,327.8292122246693,6901.108345845133,68.21481360824787,7291.7082374649635
548,6572.707648733786,15.724180977832024,327.4452984644197,6900.152947198206,68.20063347406564,7290.671642981211
549,6572.140837675835,15.722824970516353,327.0607587019848,6899.20159637782,68.18650845116372,7289.639411892703
550,6571.578642136183,15.721480005110484,326.6756047947347,6898.254246930917,68.17243821582228,7288.611495892749
551,6571.021004558112,15.720145943918928,326.28984842852674,6897.310852986639,68.15842244813595,7287.587847278704
552,6570.467868132182,15.718822651033928,325.9035011196116,6896.371369251794,68.14446083197454,7286.5684189472095
553,6569.919176790256,15.717509992321187,325.51657421661037,6895.435751006866,68.13055305494211,7285.5531643899585
554,6569.3748751990715,15.716207835404477,325.12907890256383,6894.503954101636,68.11669880833493,7284.542037689088
555,6568.834908754492,15.714916049651896,324.7410261970446,6893.5759349515365,68.10289778709806,7283.534993513276
556,6568.299223574388,15.713634506158822,324.35242695832954,6892.651650532717,68.0891496897811,7282.531987112559
557,6567.767766492467,15.712363077733174,323.96329188562817,6891.7310583780945,68.07545421849218,7281.532974314118
558,6567.24048505202,15.71110163888043,323.57363152136116,6890.8141165733805,68.06181107885179,7280.5379115180385
559,6566.7173274989245,15.7098500657869,323.1834562534841,6889.900783752409,68.04821997994492,7279.546755692367
560,6566.198242774438,15.708608236302483,322.79277631785317,6888.991019092291,68.03468063427258,7278.559464367989
561,6565.683180509284,15.707376029926518,322.4016018006267,6888.084782309911,68.02119275770258,7277.575995634838
562,6565.172091016442,15.706153327790531,322.00994264069834,6887.182033657141,68.0077560694192,7276.596308136829
563,6564.664925283518,15.704940012639995,321.61780863215813,6886.282733915676,67.99437029187267,7275.620361066399
564,6564.161634966746,15.703735968819966,321.2252094267751,6885.386844393521,67.98103515072742,7274.6481141607
565,6563.662172383601,15.702541082257417,320.8321545364999,6884.4943269201,67.96775037481014,7273.67952769641
566,6563.166490504946,15.701355240442453,320.4386533359795,6883.605143840925,67.95451569605724,7272.714562484102
567,6562.674542949281,15.700178332414549,320.0447150650832,6882.719258014365,67.94133084946179,7271.753179864708
568,6562.186283974069,15.699010248741791,319.6503488314342,6881.836632805503,67.92819557302003,7270.795341703069
569,6561.701668469507,15.697850881505998,319.25556361294275,6880.95723208245,67.91510960767783,7269.841010383948
570,6561.220651951067,15.69670012428485,318.8603682603371,6880.081020211404,67.90207269727647,7268.890148806769
571,6560.743190551857,15.695557872133628,318.46477149968985,6879.207962051547,67.88908458849855,7267.94272038021
572,6560.269241015588,15.694424021568391,318.0687819349347,6878.338022950523,67.87614503081355,7266.998689017373
573,6559.798760689167,15.693298470548246,317.67240805037005,6877.471168739537,67.86325377642336,7266.0580191305635
574,6559.3317075159575,15.692181118459228,317.27565821314835,6876.607365729106,67.8504105802079,7265.120675626735
575,6558.868040027375,15.691071866094198,316.87854067574597,6875.746580703121,67.83761519967034,7264.186623901233
576,6558.407717336376,15.689970615637263,316.4810635784106,6874.888780914786,67.824867394883,7263.255829833432
577,6557.950699130186,15.688877270646378,316.0832349515864,6874.033934081773,67.81216692843275,7262.328259781566
578,6557.496945662258,15.68779173603411,315.6850627183099,6873.182008380569,67.79951356536709,7261.4038805767805
579,6557.046417746095,15.68671391805286,315.28655469657804,6872.332972442673,67.78690707314006,7260.482659519009
580,6556.599076746736,15.685643724274486,314.8877186016839,6871.486795348419,67.77434722155857,7259.564564370494
581,6556.154884574527,15.684581063575424,314.4885620485187,6870.643446623046,67.76183378272913,7258.64956335155
582,6555.713803677588,15.68352584611863,314.0890925538378,6869.802896231426,67.74936653100461,7257.737625134986
583,6555.275797034407,15.682477983335902,313.6893175384899,6868.965114572898,67.73694524293197,7256.828718840645
584,6554.840828147222,15.681437387912014,313.28924432960594,6868.130072476828,67.72456969719961,7255.922814030656
585,6554.408861033837,15.68040397376516,312.888880162748,6867.297741196585,67.71223967458597,7255.019880703118
586,6553.979860222149,15.67937765603385,312.48823218401577,6866.468092406165,67.6999549579082,7254.119889288434
587,6553.553790741837,15.678358351057025,312.08730745210926,6865.641098193946,67.68771533197138,7253.222810642768
588,6553.130618118035,15.677345976358936,311.68611294034815,6864.816731058383,67.67552058351849,7252.328616043462
589,6552.710308363841,15.6763404506312,311.28465553864424,6863.994963902485,67.66337050118096,7251.43727718322
590,6552.292827974632,15.675341693719215,310.8829420554287,6863.17577003006,67.65126487542969,7250.548766166083
591,6551.878143919601,15.674349626601916,310.480979219532,6862.359123139133,67.63920349852705,7249.663055500561
592,6551.466223636276,15.67336417137865,310.0787736820163,6861.544997318292,67.6271861644792,7248.780118095721
593,6551.057035023093,15.672385251251418,309.67633201795957,6860.733367041053,67.61521266898946,7247.899927255266
594,6550.650546433774,15.671412790511422,309.27366072819177,6859.9242071619665,67.60328280941232,7247.022456673396
595,6550.246726669108,15.670446714519398,308.8707662409823,6859.117492910091,67.59139638470819,7246.147680428009
596,6549.845544972321,15.669486949694546,308.4676549136781,6858.313199885999,67.57955319539904,7245.275572977462
597,6549.446971021048,15.66853342349533,308.06433303429367,6857.5113040553415,67.56775304352473,7244.406109153881
598,6549.050974922302,15.667586064407422,307.6608068230523,6856.7117817453545,67.5559957326004,7243.539264159423
599,6548.657527204586,15.666644801924846,307.2570824338781,6855.914609638464,67.54428106757452,7242.675013559644
600,6548.266598813584,15.665709566539675,306.8531659558398,6855.119764769424,67.53260885478791,7241.813333280402
601,6547.878161104156,15.664780289722861,306.44906341454714,6854.327224518703,67.52097890193379,7240.954199601008
602,6547.492185835922,15.66385690391369,306.0447807734986,6853.536966609421,67.5093910180184,7240.0975891509515
603,6547.108645166058,15.662939342502531,305.6403239353823,6852.74896910144,67.49784501332292,7239.243478903754
604,6546.72751164327,15.662027539816435,305.2356987433303,6851.963210386601,67.4863406993662,7238.391846172012
605,6546.348758203494,15.661121431108837,304.8309109821267,6851.179669185621,67.47487788886828,7237.542668604072
606,6545.97235816215,15.66022095254103,304.42596637936947,6850.398324541519,67.46345639571506,7236.695924177257
607,6545.59828520938,15.659326041170766,304.0208706065891,6849.619155815969,67.45207603492398,7235.851591194027
608,6545.226513404759,15.658436634939616,303.61562928032106,6848.84214268508,67.44073662261054,7235.0096482775625
609,6544.857017171049,15.657552672658012,303.2102479631367,6848.067265134186,67.42943797595574,7234.1700743663705
610,6544.489771288873,15.65667409399252,302.8047321646312,6847.294503453504,67.41817991317475,7233.332848709765
611,6544.124750891745,15.655800839453935,302.39908734236906,6846.523838234114,67.40696225348638,7232.497950863666
612,6543.761931459561,15.654932850381726,301.99331890279024,6845.755250362352,67.39578481708352,7231.66536068483
613,6543.401288815406,15.654070068936377,301.58743220207566,6844.988721017481,67.38464742510476,7230.8350583283545
614,6543.042799118125,15.653212438081638,301.1814325469743,6844.224231665099,67.37354989960677,7230.007024240929
615,6542.686438858647,15.65235990157571,300.77532519559236,6843.46176405424,67.36249206353777,7229.181239157785
616,6542.33218485453,15.651512403958206,300.3691153581456,6842.701300212676,67.35147374071205,7228.357684097849
617,6541.980014244631,15.650669890537396,299.96280819767605,6841.942822442307,67.3404947557853,7227.536340358995
618,6541.629904485113,15.649832307380652,299.5564088307343,6841.186313315848,67.329554934231,7226.717189514595
619,6541.281833343685,15.648999601300682,299.14992232802695,6840.431755671712,67.31865410231775,7225.900213408271
620,6540.9357788955285,15.648171719845761,298.74335371503344,6839.679132610562,67.30779208708768,7225.085394150325
621,6540.591719518261,15.647348611287706,298.3367079725895,6838.9284274908505,67.29696871633548,7224.272714113155
622,6540.249633887299,15.646530224610762,297.92999003744114,6838.17962392474,67.28618381858871,7223.462155927069
623,6539.909500971865,15.64571650950207,297.5232048027693,6837.432705774634,67.27543722308883,7222.653702476704
624,6539.571300029835,15.644907416339317,297.11635711868615,6836.687657148521,67.26472875977308,7221.847336896262
625,6539.235010603768,15.644102896181264,296.70945179270365,6835.944462396472,67.2540582592575,7221.043042565919
626,6538.900612516448,15.643302900757051,296.30249359017705,6835.203106106625,67.24342555282053,7220.240803107707
627,6538.568085867165,15.642507382457332,295.8954872347227,6834.463573101888,67.2328304723876,7219.440602382135
628,6538.23741102609,15.641716294320789,295.48843740861184,6833.725848434702,67.2222728505167,7218.642424482866
629,6537.9085686318585,15.64092959002837,295.0813487531424,6832.989917385001,67.21175252038438,7217.846253734599
630,6537.581539586936,15.64014722389219,294.6742258689874,6832.255765455923,67.20126931577298,7217.052074688705
631,6537.256305052731,15.639369150843853,294.26707331652426,6831.523378369255,67.19082307105839,7216.259872118602
632,6536.932846447159,15.63859532642861,293.8598956161435,6830.792742063302,67.18041362119871,7215.469631017563
633,6536.611145440113,15.63782570679453,293.4526972485384,6830.063842688652,67.17004080172336,7214.68133659441
634,6536.291183948747,15.637060248681212,293.0454826549776,6829.336666603725,67.15970444872346,7213.894974269017
635,6535.972944135584,15.636298909415272,292.63825623756054,6828.611200373144,67.14940439884217,7213.110529670624
636,6535.656408403522,15.635541646898377,292.2310223594575,6827.887430762979,67.13914048926655,7212.3279886330265
637,6535.341559392727,15.634788419599824,291.82378534513396,6827.16534473786,67.12891255771922,7211.54733719165
638,6535.0283799769495,15.634039186547726,291.4165494805622,6826.4449294575115,67.11872044245143,7210.768561580042
639,6534.716853259646,15.633293907319727,291.00931901341875,6825.726172273065,67.10856398223603,7209.991648226142
640,6534.406962571758,15.632552542037699,290.6020981532707,6825.0090607250295,67.09844301636154,7209.216583750223
641,6534.098691466677,15.631815051355687,290.19489107175013,6824.2935825384275,67.08835738462669,7208.443354959989
642,6533.792023718643,15.631081396456082,289.7877019027183,6823.579725621361,67.07830692733519,7207.671948849116
643,6533.486943317603,15.630351539037328,289.38053474242065,6822.867478060023,67.0682914852914,7206.902352592239
644,6533.183434468081,15.629625441311198,288.97339364963216,6822.156828117713,67.0583108997962,7206.134553543943
645,6532.881481584473,15.628903065991562,288.56628264579564,6821.447764230268,67.04836501264363,7205.368539234173
646,6532.581069287988,15.628184376287052,288.1592057151526,6820.740275003141,67.0384536661175,7204.604297365293
647,6532.282182404785,15.627469335896615,287.7521668048669,6820.034349209652,67.02857670298899,7203.841815810329
648,6531.9848059618835,15.626757908999721,287.3451698251437,6819.329975787027,67.01873396651415,7203.081082608985
649,6531.688925184371,15.626050060249693,286.9382186493428,6818.627143833714,67.00892530043213,7202.3220859649555
650,6531.394525493019,15.625345754767988,286.53131711408724,6817.925842607106,66.99915054896357,7201.564814243637
651,6531.101592500887,15.624644958136093,286.1244690193688,6817.226061520256,66.98940955680925,7200.809255968835
652,6530.810112010676,15.623947636389177,285.7176781286498,6816.527790139326,66.97970216914932,7200.055399820208
653,6530.520070012077,15.623253756009753,285.3109481689631,6815.83101818104,66.97002823164254,7199.303234630719
654,6530.231452678649,15.622563283920211,284.90428283100886,6815.135735509657,66.96038759042592,7198.5527493836025
655,6529.944246365945,15.621876187478337,284.49768576925123,6814.441932135196,66.9507800921146,7197.803933210592
656,6529.6584376081855,15.621192434469343,284.0911606020132,6813.749598210199,66.94120558380175,7197.056775388681
657,6529.374013115834,15.62051199310008,283.6847109115714,6813.058724027405,66.93166391305914,7196.311265337798
658,6529.090959772863,15.619834831992495,283.27834024425124,6812.369300017114,66.92215492793737,7195.567392618181
659,6528.809264634923,15.619160920179242,282.87205211052174,6811.681316745445,66.91267847696648,7194.825146928622
660,6528.528914926075,15.618490227095874,282.4658499850926,6810.994764911168,66.90323440915677,7194.084518103326
661,6528.249898036982,15.617822722576511,282.0597373070115,6810.309635343993,66.89382257399966,7193.345496110183
662,6527.972201521746,15.617158376846282,281.6537174797639,6809.62591900151,66.88444282146877,7192.608071047728
663,6527.695813096969,15.616497160519064,281.24779387137437,6808.943606968343,66.87509500202083,7191.872233144299
664,6527.420720637472,15.615839044587254,280.84196981451123,6808.262690451984,66.86577896659693,7191.137972753868
665,6527.146912175699,15.615184000420333,280.43624860659344,6807.583160782293,66.85649456662382,7190.405280355563
666,6526.874375898788,15.614531999757865,280.03063350990067,6806.905009408688,66.84724165401494,7189.674146550856
667,6526.6031001462725,15.613883014704001,279.625127751687,6806.228227897959,66.83802008117192,7188.944562061382
668,6526.333073408052,15.613237017722613,279.21973452429825,6805.55280793235,66.82882970098584,7188.216517727036
669,6526.064284322618,15.612593981633056,278.81445698529296,6804.878741307911,66.81967036683855,7187.490004504329
670,6525.7967216742145,15.611953879603384,278.4092982575682,6804.206019931783,66.81054193260383,7186.765013463679
671,6525.530374391086,15.61131668514614,278.0042614294891,6803.534635820575,66.80144425264899,7186.041535787798
672,6525.265231543832,15.61068237211443,277.59934955502297,6802.864581098855,66.79237718183577,7185.319562770188
673,6525.001282342665,15.610050914695371,277.1945656538789,6802.195847996544,66.78334057552186,7184.599085812546
674,6524.7385161360835,15.609422287406899,276.7899127116515,6801.528428847735,66.77433428956184,7183.8800964235825
675,6524.476922408613,15.608796465092375,276.38539367996975,6800.862316088583,66.76535818030845,7183.162586216924
676,6524.2164907787055,15.608173422915563,275.9810114766516,6800.197502255357,66.75641210461346,7182.446546909171
677,6523.957210997196,15.607553136356929,275.57676898586305,6799.533979983059,66.74749591982882,7181.731970318517
678,6523.699072945422,15.606935581209143,275.1726690582832,6798.871742003705,66.73860948380737,7181.01884836304
679,6523.442066632987,15.606320733571739,274.7687145112742,6798.210781144261,66.72975265490376,7180.307173058642
680,6523.186182196344,15.605708569847712,274.3649081290577,6797.551090325402,66.72092529197496,7179.596936517806
681,6522.931409896697,15.605099066738509,273.9612526628953,6796.892662559592,66.71212725438104,7178.888130947692
682,6522.677740118772,15.604492201241081,273.5577508312759,6796.235490950048,66.70335840198545,7178.180748649088
683,6522.425163368029,15.603887950641218,273.154405320108,6795.5795686881365,66.69461859515563,7177.474782013822
684,6522.173670270394,15.603286292512903,272.751218782918,6794.924889053312,66.68590769476288,7176.770223524693
685,6521.923251569238,15.602687204711097,272.34819384105333,6794.271445410292,66.67722556218285,7176.067065752653
686,6521.673898124451,15.602090665369499,271.9453330838922,6793.619231208343,66.66857205929526,7175.365301356089
687,6521.4256009109395,15.601496652896984,271.54263906905805,6792.968239979998,66.65994704848382,7174.664923079535
688,6521.178351015753,15.600905145970701,271.14011432263993,6792.318465338393,66.65135039263612,7173.965923751022
689,6520.93213963858,15.600316123537274,270.73776133941806,6791.669900977999,66.64278195514302,7173.26829628279
690,6520.686958087728,15.599729564803178,270.3355825830952,6791.022540670823,66.63424159989813,7172.5720336675
691,6520.44279778083,15.599145449236435,269.9335804865326,6790.376378267362,66.62572919129728,7171.877128979174
692,6520.199650242019,15.598563756559853,269.53175745199195,6789.731407694011,66.61724459423753,7171.183575370604
693,6519.9575071001655,15.597984466746807,269.130115851382,6789.087622951547,66.6087876741162,7170.491366071828
694,6519.716360088566,15.597407560020493,268.7286580265104,6788.445018115077,66.60035829682994,7169.800494390076
695,6519.476201042381,15.596833016847802,268.3273862893402,6787.803587331721,66.59195632877334,7169.110953707437
696,6519.23702189787,15.59626081793749,267.9263029222516,6787.1633248201215,66.58358163683761,7168.4227374803695
697,6518.998814690343,15.59569094423527,267.5254101783078,6786.524224868651,66.57523408840896,7167.7358392378965
698,6518.761571552865,15.595123376920728,267.1247102815261,6785.8862818343905,66.56691355136714,7167.050252580575
699,6518.525284715786,15.594558097406187,266.7242054271527,6785.249490142939,66.5586198940834,7166.365971180293
700,6518.289946503592,15.593995087329166,266.3238977819423,6784.613844285534,66.55035298541875,7165.682988777384
701,6518.055549335522,15.593434328553881,265.9237894844414,6783.979338819963,66.54211269472175,7165.001299181521
702,6517.822085722562,15.592875803164025,265.5238826452757,6783.345968367838,66.53389889182638,7164.320896268981
703,6517.589548266835,15.592319493461327,265.1241793474417,6782.713727614277,66.52571144704964,7163.641773982315
704,6517.357929660144,15.591765381962066,264.7246816466013,6782.082611306745,66.51755023118926,7162.963926329171
705,6517.127222682936,15.591213451394584,264.32539157137984,6781.452614254315,66.50941511552077,7162.287347381544
706,6516.897420202857,15.59066368469583,263.92631112366814,6780.8237313265245,66.50130597179516,7161.612031274612
707,6516.668515173081,15.59011606500737,263.52744227892697,6780.195957452008,66.49322267223575,7160.937972205358
708,6516.44050063124,15.589570575672823,263.1287869864946,6779.5692876177345,66.48516508953534,7160.265164431787
709,6516.213369698924,15.58902720023666,262.73034716989713,6778.943716868821,66.47713309685321,7159.59360227272
710,6515.987115579117,15.588485922438078,262.3321247271612,6778.3192403062785,66.46912656781168,7158.923280105529
711,6515.761731556284,15.587946726211205,261.9341215311297,6777.6958530874135,66.46114537649316,7158.254192366511
712,6515.537210994067,15.587409595679587,261.5363394297781,6777.0735504238455,66.4531893974364,7157.586333548892
713,6515.313547334879,15.586874515155214,261.1387802465349,6776.4523275814145,66.44525850563319,7156.9196982027115
714,6515.0907340984395,15.586341469135023,260.74144578060174,6775.832179879041,66.4373525765246,7156.254280933662
715,6514.868764880507,15.585810442297864,260.34433780727653,6775.213102687783,66.42947148599738,7155.590076402124
716,6514.647633351822,15.585281419501968,259.94745807827707,6774.595091430099,66.42161511038015,7154.927079322413
717,6514.4273332567955,15.584754385781807,259.5508083220665,6773.978141578862,66.41378332643932,7154.265284461761
718,6514.207858413031,15.584229326346964,259.15439024417884,6773.36224865721,66.40597601137537,7153.604686640154
719,6513.989202709358,15.583706226577412,258.75820552754624,6772.747408236904,66.39819304281859,7152.94528072866
720,6513.7713601052255,15.58318507202207,258.3622558328262,6772.133615938052,66.39043429882501,7152.287061649132
721,6513.5543246294255,15.582665848395754,257.9665427987291,6771.520867428155,66.38269965787214,7151.630024373231
722,6513.338090379526,15.582148541577814,257.57106804234627,6770.909158421872,66.37498899885468,7150.974163922163
723,6513.12265151988,15.581633137607367,257.1758331594775,6770.298484679357,66.3673022010802,7150.319475364994
724,6512.908002281249,15.581119622682413,256.78083972495875,6769.688842006208,66.35963914426466,7149.665953818572
725,6512.694136959573,15.580607983156874,256.3860892929892,6769.080226252562,66.35199970852798,7149.013594446599
726,6512.4810499150135,15.58009820553831,255.9915833974577,6768.472633312471,66.34438377438943,7148.362392458975
727,6512.268735571034,15.579590276485728,255.59732355226797,6767.866059123302,66.33679122276313,7147.712343111179
728,6512.057188412998,15.579084182806215,255.20331125166365,6767.260499664661,66.32922193495328,7147.0634417031615
729,6511.846402987558,15.578579911453486,254.80954797055125,6766.655950958109,66.3216757926496,7146.4156835790345
730,6511.636373901683,15.578077449525559,254.41603516482212,6766.052409066506,66.31415267792259,7145.769064126392
731,6511.427095821783,15.57757678426264,254.0227742716725,6765.4498700934555,66.30665247321875,7145.123578775721
732,6511.21856347179,15.577077903042559,253.6297667099224,6764.848330181712,66.29917506135567,7144.47922299879
733,6511.010771633622,15.576580793381872,253.23701388033163,6764.247785513954,66.29172032551747,7143.835992309383
734,6510.803715145441,15.576085442931676,252.84451716591434,6763.648232311355,66.28428814924976,7143.193882261854
735,6510.597388901007,15.575591839476095,252.45227793225092,6763.049666833258,66.27687841645493,7142.552888450767
736,6510.391787848407,15.575099970929204,252.06029752779742,6762.452085376204,66.26949101138715,7141.913006509901
737,6510.1869069895965,15.574609825333964,251.6685772841926,6761.855484273789,66.26212581864752,7141.274232112072
738,6509.982741379288,15.574121390859542,251.27711851656156,6761.259859895849,66.25478272317929,7140.636560968301
739,6509.779286124129,15.573634655799351,250.88592252381682,6760.665208647945,66.24746161026273,7139.999988827258
740,6509.5765363819855,15.573149608569343,250.4949905889559,6760.071526970942,66.2401623655106,7139.364511474824
741,6509.37448736042,15.572666237704354,250.10432397935625,6759.478811339776,66.23288487486296,7138.730124732827
742,6509.173134316838,15.572184531858463,249.7139239470655,6758.887058263903,66.22562902458249,7138.096824459457
743,6508.972472557345,15.57170447980226,249.32379172908935,6758.296264286434,66.21839470124954,7137.464606548383
744,6508.77249743529,15.571226070419353,248.933928547675,6757.706425982965,66.21118179175727,7136.833466927547
745,6508.573204350948,15.570749292705617,248.54433561059068,6757.117539961539,66.20399018330693,7136.203401559104
746,6508.374588751347,15.570274135768772,248.1550141114011,6756.529602862748,66.19681976340306,7135.574406439494
747,6508.176646128319,15.569800588823728,247.76596522973944,6755.9426113580585,66.18967041984871,7134.94647759774
748,6507.97937201817,15.569328641191793,247.37719013157397,6755.356562149744,66.18254204074067,7134.319611095355
749,6507.782762001161,15.568858282299429,246.9886899694708,6754.771451970632,66.17543451446498,7133.693803026062
750,6507.586811700929,15.568389501676863,246.60046588285226,6754.187277583781,66.168347729692,7133.069049515442
751,6507.391516782894,15.567922288954291,246.21251899825026,6753.6040357811435,66.16128157537214,7132.445346719575
752,6507.196872954689,15.567456633862893,245.82485042955494,6753.021723384244,66.15423594073116,7131.822690825691
753,6507.00287596411,15.566992526229928,245.43746127825847,6752.4403372423685,66.14721071526563,7131.201078050328
754,6506.809521599575,15.566529955979846,245.05035263369416,6751.85987423327,66.14020578873871,7130.58050464002
755,6506.61680568881,15.566068913131124,244.66352557327,6751.28033126208,66.13322105117574,7129.960966870182
756,6506.424724098321,15.565609387795027,244.2769811626974,6750.701705261019,66.12625639285986,7129.342461044792
757,6506.233272733036,15.565151370174727,243.8907204562146,6750.1239931892505,66.11931170432786,7128.724983496224
758,6506.042447534804,15.56469485056173,243.50474449680462,6749.547192031609,66.11238687636623,7128.108530583952
759,6505.852244482483,15.564239819336084,243.11905431640798,6748.971298798891,66.10548180000684,7127.493098694821
760,6505.662659591486,15.563786266965277,242.7336509361299,6748.396310527616,66.09859636652318,7126.878684242776
761,6505.473688912278,15.563334184000665,242.34853536644175,6747.82222427872,66.09173046742654,7126.265283667545
762,6505.285328530275,15.562883561077214,241.96370860737719,6747.2490371376525,66.08488399446209,7125.65289343471
763,6505.097574565597,15.56243438891291,241.57917164872265,6746.67674621432,66.07805683960532,7125.041510035621
764,6504.910423171587,15.561986658305234,241.1949254702016,6746.105348641789,66.07124889505857,7124.4311299860965
765,6504.723870535148,15.561540360131934,240.81097104165372,6745.534841576802,66.06446005324752,7123.821749826904
766,6504.537912875778,15.561095485348751,240.42730932320768,6744.965222198985,66.05769020681777,7123.213366122955
767,6504.352546444537,15.560652024986931,240.04394126544852,6744.396487709986,66.05093924863196,7122.605975462427
768,6504.167767524215,15.560209970153625,239.66086780957878,6743.828635333794,66.04420707176641,7121.99957445706
769,6503.983572428908,15.55976931203088,239.2780898875739,6743.261662316481,66.03749356950829,7121.394159741885
770,6503.799957502499,15.559330041872007,238.89560842233183,6742.695565924831,66.03079863535294,7120.789727973838
771,6503.616919119227,15.558892151002935,238.51342432781615,6742.130343447043,66.02412216300108,7120.186275832446
772,6503.434453682256,15.558455630818795,238.13153850919355,6741.56599219145,66.0174640463565,7119.583800018532
773,6503.252557624235,15.558020472785252,237.7499518629656,6741.002509487201,66.01082417952345,7118.982297254883
774,6503.071227406379,15.557586668436313,237.36866527709395,6740.439892683473,66.00420245680483,7118.381764285451
775,6502.890459516619,15.557154209369902,236.98767963111982,6739.878139147739,65.9975987726999,7117.782197873609
776,6502.710250472021,15.556723087253637,236.60699579627718,6739.317246268298,65.99101302190263,7117.183594804672
777,6502.530596815743,15.556293293817566,236.22661463560036,6738.757211451343,65.98444509929992,7116.585951882951
778,6502.351495117741,15.55586482085584,235.8465370040255,6738.198032121767,65.97789489997035,7115.989265932556
779,6502.1729419745825,15.555437660226273,235.4667637484857,6737.639705723068,65.97136231918273,7115.393533797293
780,6501.994934008232,15.555011803847446,235.08729570800043,6737.082229716232,65.96484725239515,7114.798752339536
781,6501.817467866352,15.554587243699405,234.70813371375903,6736.525601580111,65.9583495952541,7114.204918440607
782,6501.6405402215705,15.55416397182194,234.32927858919822,6735.969818810769,65.95186924359402,7113.612029000115
783,6501.464147770943,15.55374198031326,233.9507311500734,6735.414878921017,65.94540609343655,7113.020080935489
784,6501.2882872364535,15.553321261331229,233.57249220452462,6734.860779440978,65.93896004099066,7112.4290711825415
785,6501.112955363691,15.55290180709017,233.1945625531361,6734.307517916827,65.93253098265268,7111.838996694209
786,6500.938148922008,15.552483609861262,232.81694298899032,6733.755091910998,65.92611881500653,7111.249854440762
787,6500.7638647036065,15.55206666197035,232.43963429771642,6733.203499001323,65.91972343482445,7110.661641408948
788,6500.590099524625,15.551650955800538,232.06263725753203,6732.652736782156,65.91334473906765,7110.074354603119
789,6500.416850223126,15.551236483787383,231.68595263928054,6732.102802862407,65.90698262488769,7109.487991043271
790,6500.244113660364,15.550823238421923,231.3095812064621,6731.553694866826,65.90063698962766,7108.902547766338
791,6500.071886718775,15.550411212245873,230.93352371525881,6731.005410434034,65.89430773082407,7108.318021824232
792,6499.900166303618,15.550000397855545,230.55778091455497,6730.457947218173,65.88799474620876,7107.734410285506
793,6499.728949341367,15.549590787898008,230.1823535459514,6729.911302887319,65.88169793371128,7107.151710233776
794,6499.558232780348,15.549182375072602,229.80724234377448,6729.365475124122,65.87541719146151,7106.569918768381
795,6499.388013589244,15.548775152127378,229.43244803507974,6728.820461624324,65.8691524177927,7105.9890330029175
796,6499.218288758691,15.548369111862899,229.0579713396503,6728.2762600983415,65.86290351124471,7105.409050066839
797,6499.049055300033,15.547964247129265,228.68381296999013,6727.732868270023,65.8566703705678,7104.829967104233
798,6498.8803102443935,15.547560550823908,228.30997363131166,6727.190283875705,65.85045289472667,7104.2517812729075
799,6498.712050644304,15.547158015895464,227.93645402151927,6726.648504665824,65.84425098290491,7103.6744897460185
800,6498.544273572234,15.546756635340271,227.56325483118644,6726.10752840342,65.83806453450974,7103.098089710612
801,6498.376976120794,15.546356402202857,227.19037674352958,6725.567352864324,65.83189344917733,7102.5225783678325
802,6498.210155402609,15.54595730957562,226.81782043437556,6725.027975836985,65.82573762677853,7101.9479529327855
803,6498.043808550317,15.545559350598845,226.44558657212528,6724.489395122443,65.81959696742486,7101.374210634547
804,6497.877932716416,15.545162518460325,226.0736758177127,6723.951608534128,65.81347137147489,7100.801348715998
805,6497.712525072923,15.544766806394554,225.70208882455884,6723.414613897482,65.80736073954164,7100.229364433488
806,6497.547582811725,15.544372207683553,225.3308262385215,6722.878409050247,65.8012649724995,7099.658255057162
807,6497.383103144176,15.543978715655923,224.95988869784068,6722.342991842017,65.7951839714926,7099.088017870564
808,6497.219083301159,15.543586323686984,224.5892768330798,6721.808360134239,65.78911763794304,7098.518650170679
809,6497.05552053318,15.543195025198996,224.21899126706293,6721.274511800243,65.78306587355979,7097.950149268024
810,6496.89241210989,15.542804813660023,223.84903261480724,6720.741444724697,65.77702858034833,7097.382512486144
811,6496.729755320999,15.542415682586123,223.47940148345256,6720.209156804452,65.77100566062038,7096.815737162525
812,6496.567547474984,15.542027625538239,223.11009847218634,6719.67764594717,65.76499701700467,7096.249820647279
813,6496.405785900322,15.541640636125173,222.74112417216557,6719.146910072488,65.75900255245806,7095.684760304372
814,6496.244467944806,15.54125470800193,222.37247916643483,6718.616947111241,65.75302217027705,7095.120553510909
815,6496.083590975873,15.540869834870511,222.00416402984075,6718.087755005714,65.74705577411024,7094.557197657468
816,6495.923152380583,15.540486010479864,221.63617932894383,6717.559331709526,65.7411032679711,7093.994690148045
817,6495.763149565595,15.540103228625826,221.2685256219267,6717.031675187522,65.73516455625168,7093.433028400032
818,6495.603579957642,15.539721483152254,220.90120345849948,6716.504783416141,65.72923954373653,7092.872209844661
819,6495.444441002848,15.539340767949398,220.53421337980262,6715.97865438265,65.72332813561778,7092.312231926325
820,6495.285730167991,15.538961076956916,220.16755591830673,6715.453286086297,65.71743023751036,7091.753092103822
821,6495.127444939757,15.538582404162097,219.80123159771063,6714.928676537467,65.71154575546838,7091.194787849601
822,6494.969582825111,15.538204743600742,219.43524093283628,6714.404823757947,65.70567459600181,7090.637316650122
823,6494.81214135117,15.537828089356866,219.0695844295223,6713.881725780692,65.69981666609414,7090.080676005724
824,6494.655118066146,15.537452435564944,218.7042625845156,6713.3593806506615,65.69397187322065,7089.5248634315685
825,6494.4985105391415,15.53707777640943,218.3392758853611,6712.837786424503,65.68814012536744,7088.969876457429
826,6494.3423163599955,15.536704106124391,217.97462481029012,6712.316941170286,65.68232133105104,7088.415712627537
827,6494.1865331403405,15.53633141899603,217.6103098281078,6711.796842968448,65.67651539933911,7087.8623695016495
828,6494.031158512451,15.53595970935993,217.2463313980792,6711.27748991053,65.6707222398716,7087.309844653904
829,6493.876190131141,15.5355889716056,216.88268996981515,6710.758880100956,65.66494176288279,7086.758135674723
830,6493.721625673141,15.535219200174978,216.5193859831573,6710.241011656298,65.6591738792242,7086.207240170212
831,6493.567462837502,15.5348503895634,216.15641986806352,6709.723882705565,65.65341850038813,7085.657155762582
832,6493.413699345345,15.534482534319007,215.7937920444926,6709.207491389838,65.64767553853203,7085.107880089925
833,6493.260332941637,15.534115629046978,215.43150292229055,6708.691835863928,65.64194490650381,7084.559410808018
834,6493.107361394355,15.533749668407548,215.06955290107663,6708.176914295432,65.63622651786787,7084.011745589524
835,6492.9547824943875,15.53338464711576,214.70794237013152,6707.662724864519,65.63052028693176,7083.464882123936
836,6492.802594057795,15.533020559946879,214.346671708286,6707.149265766081,65.62482612877395,7082.918818119882
837,6492.650793924102,15.532657401732301,213.98574128381227,6706.636535207914,65.61914395927232,7082.3735513034735
838,6492.499379958044,15.532295167363742,213.62515145431706,6706.124531412362,65.61347369513327,7081.829079420111
839,6492.348350049153,15.531933851792232,213.26490256663774,6705.613252615791,65.60781525392174,7081.285400234137
840,6492.197702112904,15.531573450030871,212.90499495674135,6705.102697069646,65.6021685540923,7080.742511530065
841,6492.047434090763,15.531213957154936,212.54542894962697,6704.5928630403905,65.59653351502044,7080.200411112699
842,6491.8975439502965,15.530855368302145,212.18620485923287,6704.083748809529,65.5909100570352,7079.659096807347
843,6491.748029686496,15.530497678675827,211.82732298834736,6703.575352674843,65.58529810145224,7079.118566461241
844,6491.59888932116,15.530140883543444,211.468783628525,6703.0676729496845,65.57969757060782,7078.578817943028
845,6491.450120904906,15.529784978241402,211.11058706000844,6702.560707964914,65.57410838789316,7078.039849144905
846,6491.301722515682,15.529429958171487,210.75273355165655,6702.054456067339,65.56853047779018,7077.501657981261
847,6491.153692261033,15.5290758188063,210.39522336087896,6701.548915621912,65.56296376590714,7076.964242391079
848,6491.0060282776485,15.528722555688155,210.03805673357783,6701.044085011226,65.55740817901551,7076.4276003376435
849,6490.8587287322125,15.52837016443113,209.68123390409824,6700.5399626363105,65.55186364508707,7075.891729809548
850,6490.7117918221265,15.528018640722792,209.32475509518656,6700.036546917313,65.54633009333187,7075.356628821597
851,6490.565215775534,15.527667980324244,208.9686205179584,6699.533836293493,65.54080745423659,7074.8222954150115
852,6490.418998852316,15.527318179072525,208.61283037187647,6699.031829224192,65.53529565960336,7074.288727658633
853,6490.273139344445,15.526969232881447,208.25738484473956,6698.530524189184,65.52979464258914,7073.755923649489
854,6490.127635576651,15.526621137743184,207.90228411268225,6698.029919689334,65.52430433774539,7073.223881513684
855,6489.982485907568,15.526273889731025,207.5475283401878,6697.530014247755,65.51882468105822,7072.692599407787
856,6489.837688728819,15.525927484997174,207.1931176801137,6697.030806408932,65.51335560998865,7072.162075518182
857,6489.693242467063,15.525581919777663,206.83905227373077,6696.532294740794,65.50789706351317,7071.6323080633765
858,6489.549145583897,15.5252371903921,206.4853322507779,6696.034477834675,65.50244898216448,7071.103295294192
859,6489.405396576909,15.524893293246194,206.13195772953162,6695.537354306441,65.49701130807229,7070.575035495129
860,6489.2619939792385,15.524550224830714,205.77892881689266,6695.040922796131,65.49158398500396,7070.047526984235
861,6489.11893636191,15.524207981727056,205.4262456084898,6694.545181970399,65.48616695840536,7069.520768115789
862,6488.976222332519,15.523866560604112,205.07390818880197,6694.050130521321,65.48076017544115,7068.994757279326
863,6488.833850536812,15.523525958222038,204.72191663129993,6693.555767168112,65.47536358503514,7068.4694929016005
864,6488.691819659586,15.523186171434416,204.37027099860782,6693.062090658194,65.46997713791012,7067.944973447871
865,6488.550128424313,15.522847197187351,204.0189713426861,6692.569099766999,65.46460078662717,7067.421197421932
866,6488.408775593879,15.522509032521242,203.6680177050369,6692.076793298916,65.45923448562453,7066.8981633672865
867,6488.267759972241,15.52217167457474,203.3174101169322,6691.5851700891735,65.45387819125553,7066.375869869239
868,6488.127080403206,15.521835120581832,202.9671485996658,6691.0942290028715,65.44853186182605,7065.854315554149
869,6487.986735772443,15.52149936787666,202.61723316483136,6690.603968937275,65.44319545763071,7065.3334990919275
870,6487.846725006829,15.521164413891935,202.26766381462554,6690.114388821455,65.43786894098815,7064.81341919588
871,6487.707047075731,15.520830256162036,201.9184405421786,6689.625487617909,65.43255227627536,7064.294074624527
872,6487.5677009904075,15.52049689232155,201.56956333191283,6689.13726432232,65.42724542995992,7063.775464181543
873,6487.428685805958,15.520164320109947,201.22103215992973,6688.649717965887,65.42194837063192,7063.257586718273
874,6487.290000619883,15.519832537368142,200.87284699442708,6688.1628476143105,65.4166610690331,7062.7404411328835
875,6487.151644574349,15.519501542043898,200.52500779614667,6687.6766523704955,65.41138349808523,7062.22402637323
876,6487.013616854309,15.51917133218734,200.17751451885317,6687.191131373162,65.40611563291587,7061.708341435611
877,6486.875916689751,15.518841905956341,199.8303671098455,6686.706283799596,65.40085745088255,7061.193385367664
878,6486.738543354582,15.518513261613833,199.4835655105009,6686.222108865083,65.39560893159464,7060.679157267913
879,6486.601496167315,15.518185397529463,199.13710965685283,6685.738605824168,65.39037005693274,7060.165656287153
880,6486.464774491165,15.517858312179822,198.79099948020303,6685.255773971368,65.38514081106584,7059.652881629252
881,6486.328377734437,15.51753200414937,198.44523490776845,6684.773612642205,65.37992118046577,7059.14083255227
882,6486.192305349175,15.517206472127212,198.09981586336306,6684.2921212125375,65.37471115391862,7058.629508367852
883,6486.056556832877,15.516881714911188,197.75474226811596,6683.811299100993,65.36951072253383,7058.118908443721
884,6485.921131727317,15.516557731405063,197.41001404122505,6683.331145768541,65.36431987974944,7057.6090322032705
885,6485.7860296186755,15.516234520618841,197.06563110074686,6682.851660719422,65.35913862133494,7057.099879126518
886,6485.651250137038,15.515912081667555,196.72159336442286,6682.372843501461,65.35396694539014,7056.591448750407
887,6485.516792956319,15.515590413771097,196.37790075054167,6681.89469370686,65.3488048523411,7056.083740669581
888,6485.3826577944255,15.515269516254607,196.03455317883822,6681.4172109732635,65.34365234493193,7055.576754537395
889,6485.248844411079,15.51494938854325,195.6915505714278,6680.940394982506,65.33850942821347,7055.070490064605
890,6485.115352609453,15.514630030166156,195.34889285377628,6680.464245463229,65.33337610952773,7054.564947021895
891,6484.982182233661,15.514311440750385,195.00657995570535,6679.988762189366,65.32825239848856,7054.060125238246
892,6484.849333169326,15.513993620022312,194.66461181243164,6679.513944981758,65.32313830695837,7053.556024602423
893,6484.716805342289,15.51367656780452,194.32298836564,6679.03979370793,65.31803384902072,7053.052645062597
894,6484.584598717694,15.51336028401362,193.9817095645887,6678.566308282282,65.31293904094886,7052.549986626345
895,6484.452713299123,15.51304476865819,193.64077536724676,6678.09348866637,65.30785390116965,7052.048049360738
896,6484.321149127823,15.512730021836898,193.30018574146078,6677.6213348692845,65.3027784502239,7051.546833392485
897,6484.189906280486,15.51241604373322,192.95994066615094,6677.149846946637,65.29771271072184,7051.046338906661
898,6484.0589848699055,15.512102834616998,192.62004013253397,6676.67902500244,65.29265670729465,7050.546566148319
899,6483.928385041625,15.511790394836423,192.28048414537113,6676.208869186996,65.28761046654134,7050.0475154200685
900,6483.798106974159,15.511478724818563,191.94127272423992,6675.739379698399,65.2825740169718,7049.549187083251
901,6483.668150876555,15.511167825063529,191.60240590482672,6675.270556781382,65.27754738894505,7049.051581556437
902,6483.538516986996,15.510857696141139,191.2638837402381,6674.802400727234,65.27253061460374,7048.554699314966
903,6483.409205571403,15.510548338687567,190.92570630232896,6674.3349118737315,65.26752372780437,7048.058540890474
904,6483.2802169212355,15.510239753400086,190.58787368304388,6673.868090604279,65.26252676404309,7047.563106869622
905,6483.1515513518125,15.509931941033043,190.25038599576953,6673.401937347582,65.25753976037802,7047.068397893308
906,6483.023209200669,15.509624902393945,189.91324337669525,6672.936452577364,65.25256275534755,7046.57441465593
907,6482.895190825206,15.509318638337813,189.57644598617793,6672.471636811383,65.24759578888471,7046.081157903901
908,6482.767496600927,15.509013149762984,189.2399940101086,6672.007490611036,65.24263890222822,7045.588628434753
909,6482.640126918616,15.508708437604344,188.903887661277,6671.544014579893,65.23769213783004,7045.096827095139
910,6482.513082182712,15.508404502829455,188.56812718073098,6671.081209363443,65.23275553925973,7044.6057547800265
911,6482.386362808555,15.50810134643195,188.23271283912595,6670.619075647681,65.22782915110574,7044.115412430725
912,6482.259969220952,15.507798969428116,187.89764493806263,6670.157614159015,65.22291301887401,7043.625801034212
913,6482.133901850079,15.50749737284708,187.56292381140668,6669.696825661486,65.21800718888386,7043.136921619753
914,6482.008161130669,15.507196557728873,187.22854982658868,6669.236710957257,65.21311170816186,7042.648775258786
915,6481.882747498737,15.506896525116597,186.89452338587864,6668.777270884616,65.20822662433321,7042.161363062305
916,6481.757661388452,15.506597276048929,186.56084492763222,6668.3185063160845,65.20335198551187,7041.67468617833
917,6481.632903230173,15.506298811555437,186.22751492750368,6667.860418157677,65.19848784018889,7041.188745790539
918,6481.508473448589,15.506001132652127,185.89453389962216,6667.403007348211,65.19363423711948,7040.703543116922
919,6481.384372457847,15.505704240329779,185.56190239772658,6666.946274855574,65.18879122520957,7040.219079405404
920,6481.260600660921,15.505408135552443,185.22962101625566,6666.490221677177,65.18395885340172,7039.735355933642
921,6481.137158446006,15.505112819248817,184.89769039138866,6666.034848837395,65.17913717056035,7039.252374005809
922,6481.014046183765,15.504818292305657,184.5661112020327,6665.580157385797,65.17432622535775,7038.770134950174
923,6480.891264224687,15.504524555561451,184.2348841707534,6665.12614839544,65.16952606616015,7038.288640116741
924,6480.768812896495,15.504231609800227,183.90401006464447,6664.672822961139,65.16473674091452,7037.8078908748685
925,6480.646692501645,15.503939455745561,183.5734896961327,6664.220182197778,65.1599582970367,7037.3278886109465
926,6480.524903313734,15.503648094051997,183.24332392371485,6663.7682272374495,65.15519078130072,7036.848634724897
927,6480.403445576308,15.503357525302171,182.91351365262332,6663.3169592289305,65.15043423973002,7036.370130629029
928,6480.282319498676,15.503067749996832,182.58405983541684,6662.866379334093,65.14568871749074,7035.892377743834
929,6480.161525254609,15.502778768551696,182.25496347249367,6662.416488727103,65.14095425878742,7035.415377496598
930,6480.041062979367,15.50249058129035,181.92622561252406,6661.967288591891,65.13623090676113,7034.939131318277
931,6479.9209327665285,15.50220318843667,181.5978473527997,6661.518780119328,65.13151870339115,7034.463640640116
932,6479.801134667085,15.501916590112643,181.26982983949813,6661.070964506583,65.12681768939933,7033.9889068924585
933,6479.681668685846,15.501630786329773,180.94217426785895,6660.623842953704,65.12212790415836,7033.514931500803
934,6479.562534779664,15.501345776984842,180.61488188227116,6660.177416661935,65.11744938560369,7033.041715883611
935,6479.44373285559,15.501061561855478,180.2879539762693,6659.7316868318585,65.11278217014969,7032.569261449976
936,6479.325262767759,15.500778140592725,179.96139189243786,6659.286654660197,65.10812629260965,7032.097569595962
937,6479.2071243167375,15.500495512719468,179.63519702222192,6658.84232133896,65.10348178612077,7031.626641703322
938,6479.089317246881,15.500213677624117,179.30937080564476,6658.398688052526,65.09884868207332,7031.156479136179
939,6478.971841244348,15.499932634555856,178.98391473093074,6657.955755975278,65.09422701004497,7030.687083238276
940,6478.854695935904,15.499652382621779,178.6588303340344,6657.513526269938,65.08961679773978,7030.218455330968
941,6478.737880887962,15.499372920784598,178.33411919807537,6657.072000086037,65.08501807093255,7029.7505967113775
942,6478.621395602971,15.499094247853996,178.00978295268024,6656.631178555651,65.08043085341791,7029.283508647824
943,6478.505239520698,15.498816362489707,177.68582327323188,6656.19106279393,65.07585516696517,7028.817192380114
944,6478.389412015536,15.498539263195063,177.3622418800274,6655.751653895564,65.07129103127792,7028.351649115758
945,6478.2739123954625,15.498262948314503,177.03904053734706,6655.31295293281,65.06673846395958,7027.8868800278115
946,6478.158739901668,15.497987416032698,176.71622105243426,6654.874960954102,65.06219748048338,7027.422886253308
947,6478.043893706928,15.497712664370642,176.39378527439055,6654.437678981319,65.05766809416866,7026.959668890394
948,6477.929372916272,15.497438691187254,176.07173509298696,6654.001108009259,65.05315031616155,7026.497228997691
949,6477.815176564821,15.497165494174212,175.75007243739464,6653.565249002216,65.0486441554216,7026.035567590794
950,6477.701303618059,15.4968930708566,175.4287992748371,6653.130102892896,65.04414961871291,7025.574685641142
951,6477.587752971974,15.49662141859324,175.1079176091685,6652.695670581143,65.03966671060076,7025.1145840747195
952,6477.474523452154,15.496350534574532,174.78742947937997,6652.261952931534,65.0351954334528,7024.655263769661
953,6477.361613813735,15.496080415822332,174.467336958038,6651.828950771773,65.03073578744534,7024.196725554679
954,6477.249022742048,15.495811059191501,174.14764214965948,6651.396664891707,65.02628777057402,7023.738970208145
955,6477.1367488524575,15.495542461369515,173.82834718902586,6650.965096041484,65.02185137866913,7023.281998456328
956,6477.024790689994,15.495274618875584,173.50945423944148,6650.534244929436,65.01742660541501,7022.825810971402
957,6476.913146731714,15.495007528066301,173.19096549094036,6650.104112222654,65.01301344237369,7022.370408372137
958,6476.801815384568,15.494741185130545,172.8728831584455,6649.674698543014,65.00861187901253,7021.915791220099
959,6476.690794988202,15.494475586096176,172.55520947988487,6649.2460044680865,65.00422190273514,7021.461960020734
960,6476.5800838147625,15.494210726829575,172.23794671426936,6648.818030529032,64.99984349891616,7021.008915221456
961,6476.469680069589,15.493946603037294,171.92109713973667,6648.390777209326,64.99547665093907,7020.556657210594
962,6476.359581892747,15.49368321026973,171.60466305156632,6647.964244944314,64.99112134023702,7020.105186317178
963,6476.249787359679,15.493420543922678,171.2886467601696,6647.538434119849,64.98677754633644,7019.65450280983
964,6476.140294482498,15.493158599240425,170.97305058906034,6647.113345071558,64.98244524690303,7019.20460689629
965,6476.031101210454,15.492897371316875,170.65787687281002,6646.688978083264,64.9781244177903,7018.755498722118
966,6475.922205432985,15.492636855102834,170.34312795499255,6646.265333387977,64.97381503308982,7018.307178371971
967,6475.813604979207,15.492377045404803,170.02880618612295,6645.84241116533,64.96951706518352,7017.85964586734
968,6475.705297619848,15.492117936889588,169.7149139215947,6645.420211541443,64.96523048479747,7017.412901166721
969,6475.597281069471,15.491859524089644,169.40145351962002,6644.998734589091,64.9609552610568,7016.966944166102
970,6475.4895529873575,15.491601801405162,169.08842733917726,6644.577980326535,64.95669136154194,7016.521774698104
971,6475.382110979165,15.491344763108051,168.77583773797033,6644.157948717136,64.95243875234578,7016.077392531937
972,6475.274952598944,15.491088403346756,168.4636870704029,6643.738639669346,64.94819739813123,7015.6337973737145
973,6475.168075349927,15.49083271614815,168.15197768557326,6643.3200530355,64.94396726218929,7015.19098886557
974,6475.061476687437,15.49057769542449,167.8407119252914,6642.902188612728,64.93974830649779,7014.748966586922
975,6474.9551540195935,15.490323334975104,167.52989212212438,6642.485046141718,64.93554049177946,7014.3077300535515
976,6474.8491047100215,15.490069628492874,167.21952059747116,6642.068625307493,64.93134377756056,7013.86727871873
977,6474.743326078753,15.489816569566395,166.90959965967232,6641.652925738425,64.92715812222883,7013.427611972557
978,6474.637815404989,15.489564151686576,166.6001316021555,6641.237947007145,64.92298348309109,7012.9887291432005
979,6474.53256992753,15.48931236824768,166.29111870162248,6640.8236886291525,64.91881981643033,7012.550629495836
980,6474.427586848252,15.489061212555626,165.98256321627753,6640.410150064529,64.914667077562,7012.113312234679
981,6474.322863332854,15.488810677829793,165.67446738410166,6639.997330716955,64.91052522088943,7011.676776502321
982,6474.218396512814,15.48856075720769,165.36683342117487,6639.5852299339895,64.90639419995821,7011.241021380326
983,6474.114183487936,15.488311443751044,165.05966352004762,6639.173847007984,64.90227396750979,7010.8060458904365
984,6474.010221326802,15.488062730446895,164.75295984816432,6638.763181174966,64.89816447553346,7010.371848993775
985,6473.90650707013,15.487814610215622,164.44672454634087,6638.353231616471,64.89406567531758,7009.938429592947
986,6473.803037731452,15.487567075912564,164.14095972729652,6637.9439974587485,64.88997751749893,7009.50578653155
987,6473.699810298887,15.487320120332265,163.83566747424305,6637.53547777313,64.88589995211126,7009.073918594808
988,6473.596821737618,15.487073736214397,163.53084983953127,6637.127671577149,64.88183292863197,7008.64282451096
989,6473.494068991192,15.48682791624687,163.2265088433563,6636.720577834548,64.87777639602749,7008.212502951527
990,6473.391548983056,15.486582653069512,162.92264647252244,6636.314195455579,64.87373030279724,7007.782952531869
991,6473.289258617973,15.486337939277448,162.61926467926804,6635.908523297241,64.86969459701578,7007.35417181166
992,6473.187194784574,15.48609376742721,162.3163653801513,6635.503560164725,64.86566922637367,7006.926159296563
993,6473.085354355651,15.485850130037443,162.01395045499646,6635.0993048106475,64.86165413821682,7006.498913437697
994,6472.983734190627,15.4856070195948,161.71202174590132,6634.695755936528,64.85764927958394,7006.072432633324
995,6472.882331136879,15.485364428557126,161.41058105630555,6634.292912193185,64.85365459724288,7005.646715229452
996,6472.781142030681,15.485122349355695,161.10963015011978,6633.890772180801,64.84967003772499,7005.221759520103
997,6472.680163698927,15.484880774399347,160.80917075091497,6633.489334449841,64.84569554735859,7004.797563748415
998,6472.579392961074,15.484639696079123,160.50920454117175,6633.088597502246,64.84173107230004,7004.374126108019
999,6472.4788266291125,15.484399106768212,160.20973316158887,6632.688559790701,64.83777655856436,7003.951444742481
1000,6472.37846150983,15.484158998827345,159.9107582104504,6632.289219720281,64.83383195205359,7003.529517747108
1001,6472.278294405813,15.483919364607207,159.61228124305043,6631.890575648863,64.8298971985843,7003.108343169524
1002,6472.178322116362,15.483680196450628,159.31430377117442,6631.492625887537,64.82597224391337,7002.687919010219
1003,6472.078541438932,15.483441486696009,159.01682726263633,6631.095368701568,64.82205703376277,7002.268243223662
1004,6471.978949169665,15.483203227678624,158.71985314087016,6630.698802310535,64.81815151384288,7001.849313718567
1005,6471.8795421052255,15.48296541173499,158.42338278457453,6630.3029248898,64.81425562987454,7001.4311283594925
1006,6471.780317042849,15.482728031202987,158.12741752740945,6629.907734570258,64.81036932761009,7001.013684966711
1007,6471.681270781676,15.482491078425063,157.83195865774343,6629.51322943942,64.80649255285319,7000.596981317401
1008,6471.5824001238825,15.482254545750916,157.53700741844958,6629.119407542332,64.80262525147748,7000.1810151466825
1009,6471.483701874842,15.4820184255379,157.24256500674954,6628.726266881592,64.79876736944448,6999.765784147726
1010,6471.385172844344,15.481782710153933,156.9486325741029,6628.333805418447,64.79491885282003,6999.351285972951
1011,6471.286809847493,15.481547391979648,156.6552112261416,6627.942021073634,64.79107964779024,6998.937518234954
1012,6471.188609704939,15.481312463408946,156.36230202264653,6627.550911727586,64.78724970067641,6998.524478506802
1013,6471.090569243738,15.481077916851048,156.06990597756555,6627.160475221303,64.78342895794893,6998.1121643229835
1014,6470.992685297395,15.48084374473061,155.77802405907093,6626.770709356466,64.77961736624066,6997.700573179597
1015,6470.894954707414,15.480609939491423,155.48665718965415,6626.381611897069,64.7758148723593,6997.289702536058
1016,6470.797374323539,15.480376493596983,155.19580624625706,6625.993180569796,64.77202142329934,6996.879549815538
1017,6470.699941003306,15.48014339952944,154.90547206043712,6625.605413063743,64.76823696625291,6996.470112404753
1018,6470.602651613676,15.479910649793483,154.61565541856532,6625.218307032242,64.76446144862057,6996.06138765585
1019,6470.5055030307585,15.47967823691569,154.32635706205457,6624.831860092813,64.76069481802097,6995.653372886412
1020,6470.408492139841,15.479446153444595,154.03757768761784,6624.446069827459,64.75693702230033,6995.246065379809
1021,6470.31161583703,15.479214391954619,153.74931794755298,6624.0609337845835,64.75318800954133,6994.839462387163
1022,6470.214871028353,15.478982945043906,153.461578450054,6623.6764494784065,64.74944772807126,6994.433561126814
1023,6470.1182546304735,15.478751805336062,153.17435975954595,6623.2926143900195,64.7457161264702,6994.028358785425
1024,6470.021763570652,15.47852096548003,152.88766239704256,6622.909425967695,64.74199315357835,6993.623852518322
1025,6469.925394787517,15.478290418151953,152.60148684052456,6622.526881628041,64.73827875850327,6993.220039450704
1026,6469.8291452309195,15.47806015605483,152.31583352533735,6622.144978756257,64.73457289062654,6992.816916677926
1027,6469.733011862279,15.47783017191933,152.0307028446066,6621.763714706886,64.73087549961039,6992.414481266299
1028,6469.636991654174,15.47760045850281,151.74609514966963,6621.383086803844,64.72718653540362,6992.012730253142
1029,6469.541081591312,15.477371008591655,151.46201075052218,6621.003092341834,64.72350594824775,6991.611660648239
1030,6469.445278670426,15.47714181500102,151.17844991627817,6620.623728586705,64.71983368868236,6991.211269434229
1031,6469.349579899679,15.476912870573395,150.8954128756412,6620.2449927753205,64.71616970755066,6990.811553566501
1032,6469.253982300073,15.476684168181993,150.61289981738724,6619.866882117461,64.71251395600474,6990.412509975132
1033,6469.158482904271,15.476455700727922,150.33091089085633,6619.489393795127,64.7088663855103,6990.014135564214
1034,6469.063078757595,15.476227461142571,150.04944620645216,6619.112524964047,64.7052269478517,6989.61642721339
1035,6468.9677669176235,15.475999442386659,149.76850583614888,6618.736272753772,64.70159559513652,6989.219381777978
1036,6468.872544454276,15.475771637450421,149.4880898140034,6618.36063426828,64.69797227980021,6988.8229960896015
1037,6468.777408450418,15.475544039355068,149.2081981366724,6617.985606587091,64.69435695461019,6988.427266957325
1038,6468.682356001026,15.47531664115078,148.92883076393258,6617.611186764959,64.69074957267046,6988.032191167373
1039,6468.587384214085,15.475089435918864,148.649987619204,6617.237371833289,64.6871500874256,6987.6377654845755
1040,6468.492490210236,15.474862416770899,148.37166859007417,6616.86415880031,64.68355845266498,6987.2439866525565
1041,6468.397671123184,15.474635576849723,148.09387352882362,6616.491544652008,64.6799746225266,6986.8508513946945
1042,6468.302924099677,15.47440890932937,147.81660225295045,6616.119526352627,64.67639855150131,6986.458356414648
1043,6468.208246298733,15.474182407413236,147.53985454569454,6615.748100844427,64.67283019443643,6986.066498396132
1044,6468.113634893634,15.473956064338838,147.26363015655937,6615.377265050193,64.66926950653982,6985.675274005449
1045,6468.019087070233,15.473729873373763,146.98792880183166,6615.007015872065,64.66571644338366,6985.284679890344
1046,6467.924600028053,15.473503827818307,146.7127501650976,6614.63735019315,64.66217096090823,6984.894712681638
1047,6467.830170979746,15.473277921004177,146.4380938977554,6614.268264877502,64.65863301542562,6984.5053689932265
1048,6467.735797152715,15.473052146298363,146.16395961952333,6613.899756772239,64.65510256362364,6984.116645424221
1049,6467.641475787201,15.472826497098566,145.89034691894284,6613.531822706143,64.65157956256945,6983.728538557569
1050,6467.5472041379335,15.472600966837161,145.61725535387637,6613.16445949181,64.6480639697134,6983.341044962223
1051,6467.452979474118,15.472375548981145,145.3446844519991,6612.797663926118,64.64455574289286,6982.954161193641
1052,6467.358799079424,15.472150237032114,145.0726337112847,6612.431432790709,64.64105484033577,6982.567883794275
1053,6467.264660251901,15.471925024526078,144.8011026004844,6612.065762852385,64.63756122066471,6982.182209293999
1054,6467.170560305089,15.471699905036097,144.53009055959916,6611.700650864688,64.63407484290059,6981.797134211708
1055,6467.076496568172,15.47147487217266,144.25959700034466,6611.336093568517,64.63059566646648,6981.412655055955
1056,6466.982466385289,15.47124991958203,143.98962130660894,6610.972087691897,64.62712365119155,6981.028768324748
1057,6466.888467117296,15.47102504095047,143.7201628349029,6610.608629952199,64.62365875731496,6980.645470507784
1058,6466.7944961412795,15.47080023000306,143.45122091480243,6610.245717056082,64.62020094548973,6980.26275808642
1059,6466.700550851079,15.470575480504975,143.1827948493835,6609.883345700463,64.61675017678694,6979.880627534668
1060,6466.606628657624,15.470350786262259,142.91488391564886,6609.521512573273,64.6133064126994,6979.499075319963
1061,6466.512726990437,15.470126141125448,142.6474873649476,6609.160214355385,64.6098696151461,6979.118097905125
1062,6466.418843296506,15.469901538986855,142.38060442338622,6608.799447719892,64.60643974647604,6978.737691747659
1063,6466.3249750416,15.469676973783733,142.11423429223265,6608.439209333833,64.60301676947252,6978.357853301497
1064,6466.231119711144,15.469452439500344,141.84837614831227,6608.079495859456,64.59960064735724,6977.978579018296
1065,6466.1372748106205,15.469227930168948,141.58302914439662,6607.720303955017,64.59619134379466,6977.599865348252
1066,6466.04343786563,15.469003439869928,141.3181924095849,6607.361630275215,64.59278882289614,6977.221708740566
1067,6465.949606423284,15.46877896273513,141.05386504967834,6607.003471472963,64.58939304922444,6976.844105645234
1068,6465.855778052793,15.468554492949265,140.79004614754768,6606.64582420034,64.58600398779785,6976.467052514032
1069,6465.761950345304,15.468330024749532,140.52673476349437,6606.288685108799,64.58262160409478,6976.090545800738
1070,6465.668120916058,15.46810555243076,140.26392993560557,6605.932050851663,64.5792458640582,6975.714581963667
1071,6465.574287404146,15.467881070344847,140.0016306801028,6605.575918084249,64.57587673409992,6975.339157465807
1072,6465.480447473426,15.467656572902932,139.73983599168605,6605.220283465112,64.57251418110535,6974.964268776099
1073,6465.3865988143225,15.467432054579719,139.4785448438721,6604.865143658195,64.56915817243781,6974.589912371606
1074,6465.292739143154,15.467207509911852,139.21775618932853,6604.510495332483,64.56580867594323,6974.216084737199
1075,6465.198866204455,15.46698293350348,138.9574689602037,6604.156335164659,64.56246565995467,6973.842782368235
1076,6465.104977771278,15.466758320026981,138.6976820684532,6603.802659839731,64.5591290932969,6973.470001771212
1077,6465.011071645931,15.466533664224716,138.43839440616296,6603.449466052094,64.55579894529096,6973.097739464856
1078,6464.917145661775,15.466308960913338,138.1796048458703,6603.096750507645,64.55247518575881,6972.725991982264
1079,6464.823197683863,15.46608420498532,137.921312240883,6602.744509924746,64.54915778502796,6972.354755871893
1080,6464.729225609472,15.465859391410222,137.66351542559696,6602.39274103507,64.54584671393596,6971.984027698429
1081,6464.635227370064,15.465634515239387,137.40621321581364,6602.041440585877,64.54254194383495,6971.613804045097
1082,6464.541200932038,15.465409571607747,137.1494044090573,6601.690605341095,64.5392434465963,6971.244081514756
1083,6464.44714429803,15.465184555736915,136.8930877848933,6601.340232082924,64.53595119461508,6970.8748567315415
1084,6464.3530555078705,15.46495946293749,136.63726210524806,6600.990317613118,64.53266516081453,6970.506126342166
1085,6464.2589326395755,15.464734288611425,136.381926114731,6600.6408587543065,64.52938531865036,6970.137887017263
1086,6464.164773811298,15.464509028256694,136.12707854095981,6600.291852352258,64.52611164211532,6969.770135453685
1087,6464.0705771820885,15.464283677469112,135.87271809488988,6599.9432952769785,64.52284410574336,6969.402868375619
1088,6463.976340953281,15.464058231945648,135.61884347114807,6599.595184424429,64.5195826846137,6969.036082536327
1089,6463.882063369449,15.463832687486718,135.36545334837206,6599.247516717821,64.51632735435535,6968.669774719472
1090,6463.787742719963,15.46360703999991,135.11254638955654,6598.90028910952,64.51307809115082,6968.303941741041
1091,6463.693377340306,15.463381285503125,134.86012124240628,6598.553498582713,64.50983487173995,6967.938580451032
1092,6463.598965613837,15.463155420128798,134.60817653969752,6598.207142153535,64.50659767342404,6967.573687735607
1093,6463.50450597192,15.46292944012421,134.3567108996484,6597.861216871568,64.5033664740693,6967.2092605176085
1094,6463.409996896132,15.462703341856775,134.10572292629953,6597.5157198224315,64.50014125211031,6966.845295759173
1095,6463.315436919327,15.462477121816573,133.855211209905,6597.170648129232,64.49692198655364,6966.481790463197
1096,6463.220824627208,15.462250776620113,133.6051743273355,6596.825998954543,64.49370865698077,6966.118741675337
1097,6463.126158659043,15.462024303012063,133.35561084249395,6596.481769501536,64.49050124355122,6965.756146485159
1098,6463.0314377093955,15.461797697869367,133.1065193067448,6596.137957016141,64.48729972700538,6965.394002028308
1099,6462.936660529394,15.461570958204293,132.85789825935737,6595.794558788752,64.48410408866718,6965.032305488243
1100,6462.841825927564,15.461344081166422,132.60974622796516,6595.451572155529,64.48091431044624,6964.671054097536
1101,6462.746932771601,15.461117064046892,132.3620617290407,6595.1089945006415,64.47773037484042,6964.310245140139
1102,6462.651979989147,15.460889904280256,132.1148432683878,6594.766823257534,64.47455226493743,6963.949875952655
1103,6462.556966569203,15.460662599447854,131.86808934165143,6594.425055910854,64.47137996441657,6963.58994392628
1104,6462.461891563267,15.460435147280544,131.62179843484634,6594.083689998113,64.46821345755015,6963.230446508469
1105,6462.366754086138,15.460207545660618,131.37596902490503,6593.742723111043,64.46505272920463,6962.871381204297
1106,6462.271553317363,15.459979792625271,131.13059958024584,6593.402152897609,64.46189776484127,6962.512745578481
1107,6462.176288501976,15.459751886368364,130.88568856136195,6593.061977063338,64.45874855051684,6962.154537256709
1108,6462.080958951186,15.459523825242073,130.64123442143148,6592.722193372618,64.45560507288359,6961.7967539269375
1109,6461.985564044245,15.459295607761351,130.39723560695018,6592.382799651195,64.45246731918922,6961.439393341894
1110,6461.89010322791,15.459067232602656,130.15369055838605,6592.043793786296,64.44933527727622,6961.082453319193
1111,6461.794576018473,15.458838698608787,129.91059771085764,6591.70517372933,64.44620893558118,6960.7259317440285
1112,6461.698982001649,15.458610004788634,129.66795549483538,6591.366937496484,64.44308828313328,6960.369826569768
1113,6461.603320833277,15.458381150318845,129.4257623368669,6591.029083170144,64.43997330955288,6960.014135819365
1114,6461.507592240347,15.458152134546284,129.18401666032636,6590.691608900673,64.43686400504934,6959.658857587119
1115,6461.411796021053,15.457922956988165,128.94271688618818,6590.354512907242,64.43376036041856,6959.3039900395015
1116,6461.315932045227,15.457693617333078,128.70186143382497,6590.017793479052,64.43066236704021,6958.9495314163505
1117,6461.220000254207,15.457464115440686,128.46144872183,6589.681448976036,64.42757001687428,6958.595480031563
1118,6461.124000661983,15.457234451344457,128.221477168864,6589.345477830847,64.4244833024575,6958.241834275055
1119,6461.027933354834,15.4570046252508,127.98194519452582,6589.00987854936,64.42140221689891,6957.888592613247
1120,6460.931798490334,15.456774637536684,127.74285122024757,6588.674649710581,64.41832675387546,6957.535753588937
1121,6460.835596298994,15.456544488753574,127.50419367021249,6588.339789969206,64.41525690762677,6957.183315823836
1122,6460.73932708268,15.456314179623636,127.26597097229656,6588.005298054976,64.41219267294957,6956.831278017893
1123,6460.6429912146705,15.45608371103988,127.02818155903209,6587.671172773703,64.40913404519158,6956.479638950279
1124,6460.546589139409,15.455853084065572,126.79082386859301,6587.337413008002,64.40608102024503,6956.12839748009
1125,6460.450121371907,15.455622299932791,126.55389634580135,6587.004017717708,64.40303359453955,6955.777552546715
1126,6460.353588495955,15.455391360038169,126.3173974431534,6586.6709859391085,64.39999176503487,6955.427103169034
1127,6460.256991165311,15.45516026594572,126.08132562186469,6586.338316787175,64.39695552921252,6955.077048447598
1128,6460.160330101053,15.45492901938051,125.84567935293295,6586.006009453986,64.39392488506748,6954.727387563003
1129,6460.063606091261,15.454697622227897,125.61045711821714,6585.674063209478,64.39089983109923,6954.378119776594
1130,6459.966819989703,15.454466076530391,125.37565741153173,6585.342477401235,64.38788036630226,6954.029244430199
1131,6459.869972714485,15.454234384484414,125.14127873975418,6585.011251454239,64.38486649015599,6953.680760945817
1132,6459.773065246661,15.454002548436987,124.90731962394437,6584.680384870605,64.38185820261444,6953.332668825301
1133,6459.676098628526,15.453770570881641,124.6737786004739,6584.349877229,64.37885550409534,6952.984967649711
1134,6459.579073962067,15.453538454454705,124.44065422216369,6584.019728184231,64.37585839546864,6952.6376570788325
1135,6459.481992407165,15.453306201931017,124.20794505942773,6583.689937466593,64.37286687804477,6952.290736850466
1136,6459.3848551801475,15.45307381622045,123.97564970142082,6583.360504881568,64.3698809535623,6951.944206780048
1137,6459.287663550469,15.452841300359974,123.74376675718828,6583.0314303076575,64.36690062417507,6951.598066758414
1138,6459.190418839876,15.452608657511664,123.51229485681546,6582.702713696691,64.3639258924393,6951.2523167520285
1139,6459.093122419452,15.452375890955626,123.28123265257443,6582.374355072026,64.3609567612998,6950.906956801113
1140,6458.995775707819,15.452143004085691,123.05057882006558,6582.046354527884,64.35799323407605,6950.561987018895
1141,6458.89838016783,15.451910000401506,122.8203320593518,6581.718712227182,64.35503531444785,6950.217407589363
1142,6458.80093730489,15.451676883504522,122.59049109608239,6581.3914284009725,64.35208300644055,6949.873218766618
1143,6458.703448663517,15.451443657089753,122.36105468260456,6581.0645033461215,64.34913631441005,6949.529420872469
1144,6458.605915825665,15.451210324941782,122.13202159905924,6580.737937424724,64.34619524302727,6949.186014295757
1145,6458.508340406496,15.450976890924633,121.90339065445937,6580.411731060955,64.34325979726262,6948.842999489117
1146,6458.410724053086,15.450743358978674,121.67516068774724,6580.085884740833,64.34032998236985,6948.500376968649
1147,6458.313068439737,15.45050973310942,121.44733056882887,6579.760399008566,64.3374058038699,6948.158147310178
1148,6458.215375266491,15.450276017383949,121.21989919958222,6579.435274466073,64.3344872675343,6947.8163111486665
1149,6458.117646254895,15.450042215920801,120.99286551483688,6579.110511769732,64.33157437936865,6947.474869174884
1150,6458.019883146259,15.449808332885787,120.7662284833227,6578.786111629582,64.32866714559555,6947.133822134499
1151,6457.922087696724,15.4495743724802,120.53998710858454,6578.4620748053085,64.32576557263776,6946.793170823974
1152,6457.824261675085,15.44934033893561,120.31414042986073,6578.138402104945,64.32286966710086,6946.452916089167
1153,6457.726406860236,15.449106236507742,120.08868752292281,6577.815094383159,64.3199794357562,6946.113058823516
1154,6457.628525036007,15.448872069464132,119.86362750087426,6577.492152536881,64.31709488552332,6945.773599963576
1155,6457.5306179896015,15.448637842080386,119.63895951490568,6577.169577504507,64.31421602345284,6945.434540488114
1156,6457.432687507465,15.448403558630298,119.41468275500439,6576.84737026247,64.31134285670892,6945.095881414583
1157,6457.334735372572,15.44816922337936,119.19079645061629,6576.525531823188,64.30847539255203,6944.75762379698
1158,6457.23676336083,15.44793484057615,118.96729987125822,6576.204063232089,64.3056136383215,6944.4197687227515
1159,6457.138773237573,15.447700414443956,118.7441923270785,6575.882965564651,64.30275760141858,6944.082317309761
1160,6457.040766754613,15.447465949173717,118.52147316936458,6575.562239923978,64.29990728928901,6943.745270703743
1161,6456.94274564777,15.44723144891811,118.2991417909956,6575.241887438765,64.29706270940636,6943.408630076187
1162,6456.84471163252,15.446996917781147,118.077197626839,6574.9219092593585,64.29422386925505,6943.072396620299
1163,6456.746666401035,15.446762359811089,117.85564015408926,6574.602306555124,64.29139077631388,6942.736571548264
1164,6456.64861162058,15.446527778996602,117.63446889254877,6574.283080513129,64.28856343803973,6942.40115608985
1165,6456.550548928257,15.446293179254203,117.41368340484833,6573.964232333105,64.28574186185142,6942.066151487268
1166,6456.45247993027,15.446058564426483,117.19328329660823,6573.645763226878,64.2829260551139,6941.731558994517
1167,6456.354406197357,15.44582393827119,116.97326821653795,6573.327674413895,64.28011602512281,6941.3973798728175
1168,6456.256329262919,15.445589304456744,116.75363785647484,6573.009967119394,64.27731177908942,6941.063615388701
1169,6456.15825062041,15.445354666556005,116.53439195136156,6572.692642571772,64.27451332412586,6940.730266811287
1170,6456.060171720072,15.445120028038449,116.31553027916144,6572.375701999233,64.27172066723064,6940.397335408855
1171,6455.962093966591,15.444885392264572,116.09705266071333,6572.0591466273045,64.26893381527483,6940.064822446276
1172,6455.8640187172,15.444650762481341,115.87895895952462,6571.742977676725,64.2661527749885,6939.732729182823
1173,6455.765947278571,15.444416141814763,115.6612490815042,6571.427196360075,64.26337755294767,6939.4010568687345
1174,6455.6678809051455,15.444181533265898,115.44392297463526,6571.11180387978,64.26060815556171,6939.069806743134
1175,6455.569820796305,15.443946939704079,115.22698062858925,6570.7968014248945,64.25784458906125,6938.738980030752
1176,6455.47176809541,15.443712363864616,115.01042207428164,6570.482190169691,64.25508685948658,6938.40857794045
1177,6455.373723886714,15.443477808341422,114.79424738337045,6570.167971270084,64.25233497267666,6938.078601661576
1178,6455.275689193801,15.443243275583255,114.57845666769984,6569.854145861501,64.24958893425848,6937.749052361775
1179,6455.177664979046,15.443008767892456,114.36305007868869,6569.540715057735,64.24684874963714,6937.419931185794
1180,6455.0796521398315,15.442774287415865,114.14802780666693,6569.227679946498,64.24411442398632,6937.091239250967
1181,6454.981651509171,15.442539836146342,113.93339008016115,6568.915041589332,64.24138596223952,6936.762977647087
1182,6454.883663852486,15.442305415915039,113.71913716513049,6568.602801017617,64.23866336908165,6936.4351474323585
1183,6454.7856898678365,15.442071028391954,113.5052693641559,6568.290959231992,64.23594664894127,6936.107749632779
1184,6454.687730183784,15.441836675080824,113.29178701558374,6567.979517199367,64.23323580598348,6935.780785239109
1185,6454.589785358912,15.441602357317972,113.07869049262685,6567.668475851539,64.23053084410328,6935.454255205446
1186,6454.491855879814,15.441368076267496,112.86598020242425,6567.357836082238,64.22783176691954,6935.128160446243
1187,6454.393942161704,15.441133832922738,112.65365658506266,6567.047598746767,64.22513857776943,6934.802501835913
1188,6454.296044546378,15.440899628101382,112.44172011256137,6566.737764658939,64.22245127970362,6934.477280205735
1189,6454.198163302348,15.440665462445809,112.23017128782381,6566.428334590171,64.21976987548192,6934.152496342931
1190,6454.100298623605,15.440431336420108,112.01901064355701,6566.119309267162,64.21709436756943,6933.828150988313
1191,6454.0024506299305,15.440197250310838,111.80823874116274,6565.810689371093,64.21442475813333,6933.5042448354725
1192,6453.904619365457,15.43996320422358,111.59785616960157,6565.502475535059,64.21176104904019,6933.180778528193
1193,6453.806804799851,15.439729198085768,111.38786354423331,6565.194668344085,64.20910324185354,6932.857752660451
1194,6453.7090068266625,15.439495231642733,111.17826150563576,6564.887268332298,64.20645133783256,6932.535167773585
1195,6453.611225263884,15.439261304459054,110.96905071840453,6564.580275982288,64.20380533793058,6932.213024355644
1196,6453.513459853515,15.4390274159175,110.76023186993609,6564.2736917234515,64.20116524279457,6931.891322839727
1197,6453.415710262726,15.438793565221832,110.55180566919708,6563.967515931923,64.19853105276479,6931.570063603919
1198,6453.317976082149,15.4385597513927,110.34377284548145,6563.6617489276305,64.19590276787503,6931.249246968339
1199,6453.220256827785,15.438325973272214,110.13613414715884,6563.356390974945,64.19328038785343,6930.928873195804
1200,6453.1225519402215,15.438092229522061,109.92889034041546,6563.051442280637,64.19066391212328,6930.608942489782
1201,6453.024860785077,15.437858518624587,109.72204220799057,6562.746902993068,64.18805333980488,6930.2894549935945
1202,6452.927182653593,15.437624838884194,109.51559054791034,6562.442773201504,64.18544866971709,6929.970410789747
1203,6452.8295167635615,15.437391188429572,109.30953617222151,6562.139052935783,64.18284990037985,6929.651809899602
1204,6452.731862258785,15.437157565212406,109.10387990572674,6561.835742164512,64.18025703001655,6929.3336522815935
1205,6452.634218209732,15.436923967008928,108.8986225847236,6561.532840794456,64.17767005655728,6929.015937830633
1206,6452.536583615411,15.436690391424428,108.69376505574941,6561.23034867116,64.1750889776418,6928.698666378753
1207,6452.438957402173,15.436456835890366,108.48930817433363,6560.928265576507,64.17251379062331,6928.381837692679
1208,6452.341338426289,15.43622329767055,108.28525280375945,6560.626591230049,64.16994449257216,6928.065451475188
1209,6452.243725473058,15.435989773858989,108.08159981383639,6560.3253252868935,64.16738108028002,6927.749507363017
1210,6452.1461172586805,15.435756261384403,107.87835007968542,6560.024467338366,64.16482355026426,6927.434004927551
1211,6452.04851243013,15.435522757009881,107.67550448053818,6559.724016910669,64.16227189877235,6927.118943673502
1212,6451.950909566827,15.435289257336906,107.47306389855163,6559.423973465379,64.15972612178686,6926.804323039447
1213,6451.8533071815455,15.435055758807525,107.27102921763928,6559.124336399184,64.15718621503022,6926.490142397576
1214,6451.755703720088,15.434822257703559,107.06940132232049,6558.825105042408,64.15465217396999,6926.176401052264
1215,6451.658097564165,15.434588750153504,106.86818109658873,6558.526278660754,64.15212399382395,6925.863098241828
1216,6451.560487030557,15.43435523213052,106.66736942279985,6558.227856453357,64.14960166956581,6925.550233136624
1217,6451.462870373203,15.434121699457425,106.46696718058125,6557.929837553785,64.1470851959304,6925.2378048400715
1218,6451.365245783857,15.43388814780827,106.2669752457629,6557.63222102962,64.14457456741948,6924.925812388269
1219,6451.267611393234,15.433654572711086,106.06739448933058,6557.3350058825645,64.14206977830749,6924.614254750133
1220,6451.169965272318,15.433420969551001,105.86822577640251,6557.03819104872,64.13957082264709,6924.303130827713
1221,6451.072305432845,15.433187333571398,105.66946996522933,6556.7417753980735,64.13707769427526,6923.992439455705
1222,6450.974629829348,15.432953659878821,105.47112790621819,6556.445757735566,64.13459038681893,6923.682179402556
1223,6450.876936359404,15.43271994344355,105.2732004409813,6556.150136800385,64.13210889370096,6923.372349369795
1224,6450.779222865345,15.432486179103696,105.07568840140912,6555.854911266754,64.12963320814609,6923.062947992851
1225,6450.6814871362885,15.432252361570068,104.87859260876839,6555.560079745057,64.1271633231866,6922.753973842207
1226,6450.583726907418,15.432018485424445,104.68191387282522,6555.265640780243,64.12469923166834,6922.445425421851
1227,6450.485939863434,15.431784545127833,104.48565299099292,6554.971592854427,64.12224092625655,6922.137301171896
1228,6450.388123638328,15.431550535019923,104.28981074750507,6554.6779343858325,64.11978839944139,6921.8295994675655
1229,6450.290275817988,15.43131644932533,104.0943879126134,6554.3846637306015,64.11734164354384,6921.5223186210305
1230,6450.192393940945,15.431082282155371,103.89938524181011,6554.091779182755,64.11490065072138,6921.215456881407
1231,6450.0944754995335,15.430848027510846,103.70480347507487,6553.799278974609,64.11246541297321,6920.909012435195
1232,6449.99651794276,15.4306136792889,103.51064333614573,6553.507161278906,64.11003592214594,6920.602983408454
1233,6449.898518676573,15.430379231283668,103.31690553181396,6553.215424208387,64.10761216993873,6920.297367866392
1234,6449.800475065731,15.430144677190745,103.1235907512422,6552.924065816973,64.10519414790863,6919.992163814587
1235,6449.702384437001,15.429910010614833,102.93069966530544,6552.633084102306,64.10278184747546,6919.68736920155
1236,6449.604244078657,15.429675225068557,102.73823292595445,6552.342477004611,64.10037525992668,6919.382981917616
1237,6449.506051243865,15.429440313980539,102.54619116560114,6552.052242409466,64.09797437642223,6919.078999797747
1238,6449.4078031521585,15.429205270698944,102.35457499652524,6551.762378148684,64.09557918799909,6918.775420622432
1239,6449.3094969919985,15.428970088497604,102.16338501030137,6551.4728820023,64.0931896855754,6918.472242119705
1240,6449.211129922082,15.428734760579145,101.97262177724674,6551.183751699329,64.09080585995481,6918.169461965919
1241,6449.112699074209,15.428499280081839,101.78228584588774,6550.894984920096,64.08842770183041,6917.867077788112
1242,6449.014201555123,15.428263640084026,101.59237774244576,6550.606579297569,64.08605520178837,6917.565087165343
1243,6448.91563444942,15.428027833611054,101.4028979703407,6550.318532419761,64.0836883503114,6917.263487631133
1244,6448.816994821933,15.427791853640988,101.21384700971234,6550.030841831645,64.08132713778215,6916.962276675385
1245,6448.718279720224,15.427555693110584,101.02522531695823,6549.743505037182,64.07897155448595,6916.66145174643
1246,6448.619486177911,15.427319344923232,100.83703332428769,6549.456519502199,64.07662159061366,6916.361010253931
1247,6448.520611217033,15.427082801954624,100.64927143929154,6549.169882656324,64.07427723626401,6916.060949570822
1248,6448.421651851108,15.426846057060068,100.46194004452636,6548.883591895635,64.07193848144588,6915.761267035969
1249,6448.322605089603,15.426609103085173,100.27503949711328,6548.597644586716,64.06960531607986,6915.461959958242
1250,6448.223467939488,15.426371932869587,100.08857012835026,6548.312038067838,64.06727772999994,6915.163025617701
1251,6448.1242374103895,15.426134539259305,99.90253224333776,6548.026769653728,64.0649557129546,6914.864461270372
1252,6448.024910518112,15.4258969151151,99.71692612061695,6547.741836638729,64.06263925460767,6914.5662641514145
1253,6447.925484287107,15.425659053318437,99.53175201182022,6547.4572362989275,64.06032834453873,6914.268431477245
1254,6447.825955757236,15.425420946787646,99.34701014133378,6547.1729658985705,64.05802297224332,6913.970960451964
1255,6447.7263219853885,15.42518258848179,99.16270070597164,6546.88902269136,64.05572312713257,6913.67384826864
1256,6447.626580052522,15.424943971417516,98.97882387466147,6546.605403927183,64.0534287985325,6913.37709211604
1257,6447.526727066512,15.424705088675866,98.79537978814128,6546.322106854653,64.05113997568309,6913.080689181167
1258,6447.426760168074,15.424465933416444,98.61236855866781,6546.039128726742,64.0488566477367,6912.784636654878
1259,6447.3266765359485,15.42422649888983,98.42979026973632,6545.756466805685,64.04657880375619,6912.4889317367815
1260,6447.226473392077,15.423986778449946,98.24764497581165,6545.474118367889,64.04430643271252,6912.193571640133
1261,6447.126148007713,15.42374676556869,98.06593270207172,6545.192080709785,64.04203952348217,6911.898553597669
1262,6447.025697708718,15.423506453848608,97.88465344416298,6544.910351152881,64.03977806484367,6911.603874866643
1263,6446.925119882177,15.4232658370387,97.70380716796925,6544.628927050146,64.03752204547405,6911.309532735188
1264,6446.824411982686,15.423024909049488,97.52339380939388,6544.34780579208,64.03527145394474,6911.015524528367
1265,6446.723571539193,15.42278366396936,97.34341327415689,6544.066984813349,64.03302627871675,6910.721847614768
1266,6446.6225961609125,15.422542096078738,97.1638654376077,6543.78646159852,64.03078650813573,6910.428499412229
1267,6446.521483546113,15.422300199871083,96.98475014455474,6543.506233690668,64.02855213042635,6910.135477396397
1268,6446.420231487956,15.42205797006688,96.80606720911345,6543.226298697069,64.02632313368619,6909.842779106395
1269,6446.318837882136,15.421815401631905,96.62781641457431,6542.94665429671,64.02409950587914,6909.550402152292
1270,6446.217300735738,15.421572489798416,96.4499975132923,6542.66729824903,64.02188123482841,6909.258344223801
1271,6446.115618174179,15.421329230081767,96.27261022660042,6542.38822840078,64.01966830820902,6908.966603097099
1272,6446.013788449516,15.421085618300278,96.09565424474869,6542.1094426942645,64.01746071353969,6908.675176643026
1273,6445.911809949019,15.420841650595738,95.91912922687155,6541.83093917589,64.01525843817441,6908.384062835574
1274,6445.809681203061,15.420597323452299,95.74303480098581,6541.5527160040465,64.01306146929336,6908.093259759727
1275,6445.707400894722,15.42035263371943,95.56737056402227,6541.274771458744,64.01086979389356,6907.802765621039
1276,6445.604967866822,15.42010757862876,95.39213608189321,6540.997103948715,64.0086833987791,6907.512578752683
1277,6445.502381132628,15.419862155819684,95.2173308895998,6540.719712022228,64.00650227055056,6907.222697626203
1278,6445.399639882995,15.419616363356447,95.04295449138166,6540.442594374376,64.00432639559459,6906.93312085874
1279,6445.296743495996,15.419370199751187,94.8690063609126,6540.165749856909,64.00215576007247,6906.643847222804
1280,6445.1936915455735,15.419123663984626,94.69548594154585,6539.889177487119,63.99999034990899,6906.354875655091
1281,6445.090483809968,15.418876755526238,94.52239264661199,6539.61287645658,63.99783015078038,6906.066205265158
1282,6444.98712028117,15.418629474356866,94.34972585977422,6539.3368461409445,63.99567514810233,6905.777835345147
1283,6444.883601172272,15.418381820986298,94.17748493544349,6539.061086107716,63.993525327017366,6905.489765377486
1284,6444.779926926765,15.418133796475516,94.00566919925791,6538.785596126023,63.99138067238265,6905.201995044597
1285,6444.676098225359,15.417885402453011,93.83427794863056,6538.510376173989,63.989241168756834,6904.914524236186
1286,6444.572115995514,15.417636641137593,93.66331045336847,6538.235426448882,63.98710680038719,6904.627353059318
1287,6444.467981417051,15.417387515351797,93.49276595636698,6537.960747373419,63.98497755119675,6904.340481844655
1288,6444.36369593089,15.417138028542798,93.32264367438285,6537.686339605272,63.982853404771056,6904.053911155879
1289,6444.259261243918,15.416888184794063,93.15294279888946,6537.412204042808,63.98073434434518,6903.76764179536
1290,6444.154679335978,15.416637988842051,92.9836624970169,6537.138341832994,63.97862035279094,6903.481674811989
1291,6444.049952465741,15.416387446090289,92.81480191258021,6536.864754378321,63.97651141260401,6903.196011508026
1292,6443.945083174742,15.416136562619,92.64636016719749,6536.591443341939,63.97440750589136,6902.910653444166
1293,6443.840074292021,15.415885345196223,92.47833636150091,6536.318410653522,63.97230861435918,6902.625602445332
1294,6443.734928937403,15.415633801285654,92.31072957644133,6536.0456585138445,63.9702147193009,6902.3408606051835
1295,6443.629650524452,15.415381939053713,92.14353887468829,6535.77318939914,63.96812580158594,6902.056430290413
1296,6443.524242761969,15.41512976737313,91.97676330212542,6535.501006064094,63.966041841648924,6901.772314143673
1297,6443.4187096548385,15.414877295824972,91.8104018894418,6535.22911154428,63.96396281947935,6901.488515085956
1298,6443.313055504839,15.414624534700572,91.64445365381818,6534.957509158658,63.96188871461242,6901.205036319041
1299,6443.2072849085425,15.414371494996514,91.47891760070671,6534.68620250925,63.95981950612018,6900.9218813251155
1300,6443.101402756007,15.4141181884115,91.31379272570226,6534.415195481709,63.95775517260401,6900.639053867304
1301,6442.995414227414,15.41386462733831,91.14907801650227,6534.144492243916,63.9556956921878,6900.356557988224
1302,6442.889324789707,15.413610824855757,90.98477245495161,6533.8740972446585,63.95364104251255,6900.0743980086345
1303,6442.783140189755,15.413356794712332,90.82087501916753,6533.604015208923,63.95159120073164,6899.792578522701
1304,6442.676866450211,15.413102551316292,90.65738468574006,6533.334251135951,63.949546143507995,6899.511104396038
1305,6442.570509859934,15.41284810971276,90.49430043200087,6533.064810291935,63.947505847012124,6899.229980758388
1306,6442.464076966708,15.412593485566287,90.33162123835417,6532.795698205062,63.94547028692174,6898.949212998668
1307,6442.357574567549,15.412338695137677,90.16934609066148,6532.526920658211,63.943439438423155,6898.668806757675
1308,6442.251009697533,15.412083755257257,90.00747398267177,6532.258483680204,63.94141327621366,6898.388767919346
1309,6442.144389618112,15.411828683296918,89.84600391848751,6531.990393536599,63.9393917745062,6898.10910260158
1310,6442.037721804318,15.411573497139516,89.68493491505676,6531.722656719375,63.93737490703536,6897.829817145961
1311,6441.931013931107,15.41131821514619,89.52426600468002,6531.455279935787,63.935362647065205,6897.550918106654
1312,6441.824273858586,15.411062856121019,89.36399623752125,6531.188270096107,63.933354967398934,6897.2724122382
1313,6441.717509616164,15.41080743927312,89.20412468411075,6530.9216343002745,63.93135184039043,6896.994306482236
1314,6441.6107293865825,15.410551984178428,89.04465043782771,6530.65537982441,63.929353237957486,6896.716607954085
1315,6441.503941488138,15.41029651073717,88.8855726173501,6530.389514105487,63.927359131597086,6896.439323927509
1316,6441.397154357007,15.410041039131595,88.72689036905922,6530.124044726066,63.925369492402304,6896.162461819547
1317,6441.29037652992,15.409785589784496,88.56860286938553,6529.858979399305,63.923384291081376,6895.886029175634
1318,6441.183616623261,15.409530183309236,88.41070932708374,6529.594325950345,63.9214034979784,6895.610033651098
1319,6441.076883315903,15.409274840468667,88.253208985424,6529.330092301327,63.91942708309569,6895.3344829963125
1320,6440.970185328556,15.409019582125731,88.09610112428678,6529.066286452843,63.917455016118204,6895.059385038287
1321,6440.863531403466,15.408764429194896,87.93938506214958,6528.802916465616,63.91548726643933,6894.784747662488
1322,6440.756930286056,15.40850940259822,87.78306015795391,6528.539990444009,63.91352380318851,6894.510578796513
1323,6440.6503907039805,15.408254523215264,87.62712581284143,6528.277516516822,63.911564595260145,6894.2368863910515
1324,6440.543921347787,15.40799981183681,87.47158147174954,6528.015502819536,63.90960961134421,6893.963678402301
1325,6440.437530850977,15.40774528911717,87.31642662485618,6527.753957475833,63.90765881995769,6893.690962773673
1326,6440.3312277713685,15.40749097552959,87.16166080886643,6527.492888580235,63.90571218947784,6893.418747418615
1327,6440.225020571881,15.40723689132029,87.00728360813255,6527.232304180014,63.9037696881759,6893.14704020272
1328,6440.118917602814,15.406983056466062,86.85329465560146,6526.972212258415,63.90183128425199,6892.875848927146
1329,6440.012927083073,15.406729490629361,86.69969363358463,6526.7126207166575,63.89989694587082,6892.6051813108215
1330,6439.907057083735,15.406476213118983,86.54648027434568,6526.45353735808,63.89796664119773,6892.335044974801
1331,6439.801315511979,15.406223242851624,86.39365436050339,6526.194969872482,63.89604033843548,6892.065447426811
1332,6439.695710094429,15.405970598312031,86.24121572524815,6525.9369258196775,63.8941180058611,6891.796396045019
1333,6439.590248363849,15.40571829752117,86.08916425237162,6525.679412616221,63.892199611862694,6891.527898064969
1334,6439.484937644618,15.40546635800148,85.93749987611032,6525.422437520729,63.890285124976685,6891.259960565116
1335,6439.379785039754,15.405214796745824,85.78622258080522,6525.166007620559,63.88837451392429,6890.992590453714
1336,6439.27479741973,15.40496363019074,85.63533240038053,6524.91012982011,63.886467747647735,6890.725794457326
1337,6439.169981411227,15.404712874189538,85.4848294176461,6524.654810828873,63.884564795345966,6890.459579109073
1338,6439.06534338784,15.404462543990046,85.3347137634286,6524.400057151268,63.882665626509606,6890.193950738679
1339,6438.960889461402,15.40421265421388,85.18498561553815,6524.14587507694,63.8807702109548,6889.928915462955
1340,6438.856625473441,15.403963218835985,85.0356451975776,6523.892270671019,63.87887851885629,6889.664479176251
1341,6438.75255699131,15.403714251175382,84.88669277760235,6523.639249768912,63.87699052077892,6889.400647545427
1342,6438.648689299671,15.403465763874811,84.73812866664011,6523.386817966311,63.87510618770823,6889.1374260000375
1343,6438.545027398797,15.403217768896644,84.5899532170796,6523.134980615877,63.873225491079154,6888.87481972918
1344,6438.441576000116,15.402970277512239,84.44216682093867,6522.8837428210545,63.87134840280356,6888.612833675464
1345,6438.338339524408,15.402723300297627,84.29476990802188,6522.6331094324305,63.86947489529558,6888.35147253152
1346,6438.235322100522,15.402476847130437,84.1477629439791,6522.383085044501,63.867604941495685,6888.090740736901
1347,6438.132527565136,15.40223092718932,84.00114642827516,6522.133673993411,63.86573851489258,6887.830642475947
1348,6438.029959463805,15.401985548956473,83.85492089208292,6521.8848803558885,63.86387558954341,6887.571181676835
1349,6437.927621052292,15.401740720220795,83.70908689611001,6521.636707948403,63.862016140091775,6887.312362010845
1350,6437.825515299318,15.401496448084492,83.56364502837121,6521.389160327689,63.86016014178399,6887.054186892972
1351,6437.723644889311,15.401252738969644,83.41859590191689,6521.142240791228,63.85830757048302,6886.796659482487
1352,6437.622012227343,15.401009598630006,83.27394015252871,6520.895952379871,63.856458402680886,6886.539782685633
1353,6437.52061944308,15.400767032160479,83.12967843639308,6520.650297879473,63.85461261550854,6886.283559157317
1354,6437.419468396269,15.400525044010212,82.98581142776254,6520.405279824031,63.85277018674411,6886.027991304291
1355,6437.3185606828265,15.400283637997193,82.84233981661451,6520.160900499441,63.8509310948189,6885.773081288951
1356,6437.217897641387,15.400042817323893,82.6992643063174,6519.917161947705,63.84909531882177,6885.518831033561
1357,6437.117480360293,15.399802584594001,82.5565856113119,6519.674065971604,63.84726283850149,6885.265242224941
1358,6437.017309684421,15.399562941828759,82.41430445481666,6519.431614139237,63.84543363426726,6885.012316319015
1359,6436.917386223682,15.399323890487278,82.27242156656513,6519.189807790247,63.843607687187514,6884.7600545470195
1360,6436.817710361074,15.399085431485824,82.13093768058144,6518.948648041655,63.84178497898718,6884.508457921335
1361,6436.718282260395,15.398847565216258,81.98985353300095,6518.708135793397,63.83996549204335,6884.257527240988
1362,6436.619101875043,15.398610291567088,81.84916985994204,6518.468271734985,63.83814920937938,6884.00726309828
1363,6436.52016895761,15.398373609946434,81.70888739543372,6518.229056353043,63.83633611465769,6883.757665886289
1364,6436.421483067472,15.398137519300171,81.56900686940457,6517.990489936877,63.83452619217114,6883.5087358043775
1365,6436.323043580441,15.397902018135026,81.42952900573577,6517.752572586177,63.83271942683364,6883.260472865854
1366,6436.224849697965,15.397667104540584,81.29045452038312,6517.515304218347,63.83091580416928,6883.012876905234
1367,6436.126900456562,15.39743277621187,81.15178411956974,6517.278684576132,63.82911531030056,6882.765947585798
1368,6436.029194735084,15.397199030466709,81.01351849805266,6517.042713233137,63.827317931935916,6882.519684405044
1369,6435.931731265836,15.396965864272335,80.87565833746476,6516.8073896033,63.82552365635647,6882.274086704081
1370,6435.834508641921,15.396733274262969,80.7382043047336,6516.572712946655,63.82373247140187,6882.029153673312
1371,6435.73752532682,15.396501256762727,80.60115705057804,6516.338682377398,63.821944365456005,6881.78488436042
1372,6435.640779663081,15.396269807806414,80.46451720808332,6516.105296871165,63.82015932743166,6881.541277677554
1373,6435.544269880074,15.396038923158073,80.32828539135451,6515.872555271429,63.81837734675542,6881.298332407645
1374,6435.447994102855,15.395808598332188,80.19246219424865,6515.640456297104,63.81659841335183,6881.056047211913
1375,6435.3519503607295,15.395578828614186,80.05704818918431,6515.408998549914,63.81482251762743,6880.814420637151
1376,6435.256136594009,15.395349609076577,79.92204392602864,6515.178180520038,63.8130496504548,6880.573451121272
1377,6435.160550662121,15.395120934598376,79.78744993106015,6514.948000593181,63.81127980315634,6880.333137000295
1378,6435.065190352115,15.394892799885442,79.65326670600656,6514.718457058121,63.80951296748816,6880.093476515793
1379,6434.9700533840405,15.39466519948335,79.51949472715566,6514.489548111196,63.80774913562373,6879.854467819288
1380,6434.875137418852,15.394438127796297,79.38613444453806,6514.26127186339,63.8059883001383,6879.61610897925
1381,6434.780440065526,15.394211579104129,79.2531862811798,6514.033626346706,63.804230453992524,6879.378397987376
1382,6434.685958886148,15.393985547574516,79.12065063242294,6513.806609518571,63.80247559051698,6879.141332762902
1383,6434.591691403278,15.39376002728057,78.98852786531216,6513.58021926859,63.800723703396606,6878.904911159271
1384,6434.497635105261,15.393535012213544,78.8568183180453,6513.354453423306,63.79897478665536,6878.669130968812
1385,6434.403787451567,15.393310496295616,78.72552229948563,6513.1293097510525,63.79722883464129,6878.433989927492
1386,6434.310145878689,15.393086473393993,78.59464008873381,6512.904785967423,63.795485842011786,6878.199485720313
1387,6434.216707804695,15.392862937331806,78.46417193475708,6512.680879739452,63.793745803719034,6877.965615985405
1388,6434.123470634371,15.39263988190041,78.3341180560736,6512.457588690445,63.792008714996115,6877.7323783187785
1389,6434.030431763305,15.392417300869152,78.20447864048984,6512.234910403795,63.79027457134289,6877.499770278059
1390,6433.937588582641,15.39219518799675,78.07525384488828,6512.01284242753,63.78854336851293,6877.26778938696
1391,6433.844938482509,15.391973537039496,77.94644379506386,6511.791382277573,63.7868151025,6877.036433138463
1392,6433.7524788564415,15.391752341761821,77.81804858560626,6511.570527442048,63.785089769525484,6876.805698999056
1393,6433.660207104105,15.391531595942835,77.69006827982653,6511.350275383932,63.78336736602585,6876.575584411313
1394,6433.568120635162,15.391311293385554,77.56250290972534,6511.130623544887,63.781647888640485,6876.346086797651
1395,6433.476216872297,15.391091427924156,77.4353524760011,6510.911569348298,63.779931334199965,6876.117203563306
1396,6433.384493253775,15.390871993430084,77.30861694809568,6510.693110201871,63.778217699714446,6875.888932098866
1397,6433.292947236203,15.390652983818667,77.18229626427589,6510.475243500478,63.77650698236259,6875.661269783048
1398,6433.201576296886,15.39043439305475,77.05639033174862,6510.257966628635,63.77479917948064,6875.434213985112
1399,6433.110377936039,15.390216215157988,76.93089902680767,6510.0412769628465,63.77309428855194,6875.207762067158
1400,6433.019349678621,15.389998444207228,76.80582219501056,6509.825171873632,63.77139230719664,6874.981911386073
1401,6432.928489077026,15.389781074346953,76.68115965138352,6509.609648728409,63.7696932331617,6874.756659296377
1402,6432.837793711403,15.389564099788045,76.55691118065265,6509.394704892055,63.767997064311324,6874.532003150714
1403,6432.747261192268,15.389347514814038,76.43307653749974,6509.180337729767,63.76630379861746,6874.307940302673
1404,6432.656889161159,15.389131313782677,76.30965544684132,6508.966544608,63.76461343415074,6874.084468107658
1405,6432.566675292727,15.388915491130927,76.18664760412871,6508.753322896856,63.76292596907173,6873.861583925239
1406,6432.47661729468,15.388700041374832,76.0640526756684,6508.540669970349,63.761241401622236,6873.639285119364
1407,6432.3867129092,15.388484959112917,75.94187029896051,6508.32858320816,63.75955973011706,6873.417569060063
1408,6432.296959914267,15.388270239029348,75.82010008305437,6508.117059997321,63.75788095293596,6873.196433125091
1409,6432.207356123373,15.388055875893237,75.69874160891982,6507.906097732292,63.75620506851602,6872.97587469996
1410,6432.117899387278,15.387841864562866,75.57779442983261,6507.695693817111,63.75453207534385,6872.755891180039
1411,6432.028587592575,15.387628199982236,75.45725807177321,6507.485845664348,63.752861971948505,6872.536479969478
1412,6431.93941866444,15.387414877187656,75.33713203383726,6507.276550698278,63.75119475689454,6872.317638484332
1413,6431.85039056516,15.38720189130421,75.21741578865684,6507.067806353816,63.74953042877513,6872.09936415146
1414,6431.761501295051,15.386989237547969,75.0981087828315,6506.859610077882,63.7478689862056,6871.8816544098545
1415,6431.672748892484,15.38677691122604,74.97921043736797,6506.651959329853,63.746210427817246,6871.664506711053
1416,6431.584131433407,15.386564907735423,74.86072014812716,6506.444851581534,63.74455475225125,6871.447918519082
1417,6431.495647032623,15.386353222566084,74.74263728627848,6506.238284318902,63.74290195815297,6871.231887312161
1418,6431.40729384213,15.38614185129696,74.62496119875944,6506.032255040889,63.74125204416649,6871.016410581459
1419,6431.319070051528,15.385930789596957,74.5076912087406,6505.8267612602685,63.739605008929274,6870.801485831946
1420,6431.230973888844,15.3857200332269,74.39082661609456,6505.621800504939,63.73796085106719,6870.587110583652
1421,6431.143003618954,15.385509578035775,74.27436669786846,6505.417370316823,63.73631956918983,6870.3732823705395
1422,6431.055157543147,15.385299419959683,74.15831070875927,6505.213468251906,63.73468116188584,6870.1599987405125
1423,6430.9674340003385,15.385089555024733,74.04265788159104,6505.01009188193,63.733045627718795,6869.947257257087
1424,6430.879831364871,15.384879979341797,73.92740742779375,6504.807238792665,63.73141296522297,6869.73505549764
1425,6430.792348047307,15.384670689108392,73.81255853788305,6504.60490658519,63.72978317289974,6869.523391054671
1426,6430.704982494273,15.38446168060831,73.69811038194004,6504.403092876213,63.72815624921392,6869.312261536095
1427,6430.6177331862045,15.38425295020623,73.58406211009128,6504.201795296296,63.726532192590284,6869.101664563457
1428,6430.530598638861,15.384044494351343,73.4704128529878,6504.001011491849,63.72491100141065,6868.891597773899
1429,6430.443577401313,15.38383630957252,73.35716172228317,6503.800739123596,63.72329267401089,6868.682058818617
1430,6430.356668056527,15.38362839247973,73.24430781110988,6503.600975867637,63.72167720867817,6868.473045363904
1431,6430.26986922021,15.383420739761268,73.13185019455386,6503.401719414764,63.72006460364863,6868.26455509045
1432,6430.183179540036,15.383213348181904,73.01978793012681,6503.202967470163,63.7184548571049,6868.056585693037
1433,6430.096597696028,15.3830062145838,72.90812005823564,6503.004717754264,63.71684796717426,6867.849134881371
1434,6430.010122398968,15.382799335882698,72.79684560264913,6502.806968001617,63.71524393192655,6867.642200378949
1435,6429.9237523901475,15.382592709067339,72.6859635709613,6502.609715961109,63.71364274937258,6867.435779923269
1436,6429.837486440908,15.382386331198344,72.57547295505121,6502.412959395959,63.712044417462586,6867.229871265813
1437,6429.751323352316,15.382180199407454,72.4653727315391,6502.216696083855,63.710448934084965,6867.024472172177
1438,6429.6652619532015,15.381974310892826,72.35566186223836,6502.02092381544,63.708856297064926,6866.819580420552
1439,6429.579301101738,15.381768662922818,72.24633929460337,6501.825640396341,63.70726650416368,6866.615193803745
1440,6429.493439682905,15.381563252829915,72.13740396217284,6501.630843645078,63.705679553077374,6866.411310127083
1441,6429.407676608678,15.381358078011193,72.02885478500876,6501.436531393687,63.70409544143659,6866.207927209036
1442,6429.322010817652,15.381153135927397,71.92069067013014,6501.242701487782,63.70251416680555,6866.005042881271
1443,6429.236441273457,15.380948424099179,71.81291051194225,6501.049351785399,63.70093572668185,6865.802654987496
1444,6429.150966965961,15.380743940109953,71.70551319266046,6500.856480158622,63.699360118496,6865.600761385078
1445,6429.065586908148,15.38053968159844,71.598497582729,6500.664084490877,63.697787339611416,6865.39935994235
1446,6428.980300138564,15.380335646264507,71.4918625412343,6500.472162679799,63.696217387324005,6865.198448541462
1447,6428.895105717602,15.380131831860291,71.3856069163129,6500.280712633915,63.69465025886254,6864.998025075073
1448,6428.810002729326,15.379928236194559,71.27972954555385,6500.08973227488,63.69308595138851,6864.798087448584
1449,6428.724990279688,15.37972485712844,71.1742292563952,6499.899219536083,63.6915244619965,6864.598633578748
1450,6428.640067496031,15.379521692574238,71.06910486651512,6499.709172362546,63.68996578771434,6864.399661393568
1451,6428.555233527726,15.379318740496952,70.96435518421677,6499.519588711943,63.688409925503606,6864.20116883332
1452,6428.470487543539,15.379115998907988,70.85997900880768,6499.3304665523465,63.68685687225998,6864.003153848301
1453,6428.385828732848,15.378913465868056,70.75597513097281,6499.14180386382,63.68530662481375,6863.805614400425
1454,6428.301256304222,15.378711139483785,70.65234233314183,6498.953598637364,63.68375917993051,6863.608548462172
1455,6428.216769485649,15.37850901790825,70.54907938985005,6498.765848875499,63.68221453431166,6863.411954017174
1456,6428.132367522895,15.37830709933707,70.4461850680937,6498.578552590989,63.680672684595194,6863.215829058945
1457,6428.0480496798955,15.37810538200932,70.34365812767857,6498.391707807574,63.67913362735645,6863.020171591615
1458,6427.963815238411,15.377903864206726,70.24149732156272,6498.205312559974,63.677597359108745,6862.82497962994
1459,6427.879663496663,15.37770254425039,70.13970139619296,6498.019364892856,63.67606387630447,6862.63025119827
1460,6427.795593769274,15.377501420500655,70.03826909183518,6497.833862861109,63.6745331753357,6862.435984330839
1461,6427.711605387695,15.377300491358122,69.93719914289814,6497.648804530593,63.67300525253525,6862.242177072508
1462,6427.62769769766,15.377099755257559,69.8364902782514,6497.464187975911,63.67148010417764,6862.048827476545
1463,6427.5438700609975,15.376899210672242,69.73614122153691,6497.280011282534,63.669957726479865,6861.855933606762
1464,6427.460121854065,15.376698856110202,69.6361506914741,6497.096272545539,63.668438115602584,6861.66349353625
1465,6427.376452467164,15.376498690112832,69.53651740215906,6496.912969869323,63.66692126765099,6861.471505347105
1466,6427.292861304472,15.37629871125472,69.43724006335744,6496.73010136783,63.66540717867598,6861.279967130659
1467,6427.209347783886,15.376098918143269,69.338317380791,6496.547665164677,63.66389584467498,6861.08887698761
1468,6427.125911336449,15.37589930941734,69.23974805641822,6496.365659392867,63.66238726159328,6860.898233027744
1469,6427.042551404862,15.375699883743689,69.1415307887086,6496.18408219357,63.66088142532483,6860.708033368718
1470,6426.959267445212,15.375500639821082,69.04366427291089,6496.002931718123,63.65937833171351,6860.518276138072
1471,6426.87605892506,15.37530157637574,68.94614720131537,6495.822206126375,63.65787797655411,6860.328959471575
1472,6426.792925323718,15.375102692162004,68.84897826350996,6495.641903587228,63.6563803555935,6860.140081513777
1473,6426.70986613133,15.37490398596012,68.75215614663047,6495.46202227796,63.65488546453163,6859.951640417334
1474,6426.626880848994,15.37470545657654,68.65567953560473,6495.282560384599,63.653393299022746,6859.763634343386
1475,6426.543968988776,15.374507102843962,68.55954711339119,6495.103516102167,63.65190385467639,6859.576061461821
1476,6426.461130072393,15.374308923618164,68.46375756121131,6494.924887633604,63.65041712705857,6859.388919950186
1477,6426.378363631948,15.37411091777978,68.36830955877645,6494.746673190724,63.6489331116928,6859.202207994664
1478,6426.295669208638,15.373913084231193,68.27320178450896,6494.568870993147,63.64745180406124,6859.015923789005
1479,6426.213046353343,15.37371542189795,68.17843291575767,6494.391479269101,63.64597319960577,6858.830065535337
1480,6426.130494625917,15.373517929727074,68.0840016290078,6494.214496254925,63.64449729372911,6858.644631443674
1481,6426.048013594612,15.373320606685674,67.9899066000854,6494.037920194697,63.64302408179577,6858.459619731555
1482,6425.9656028368245,15.373123451762737,67.89614650435624,6493.86174934118,63.64155355913334,6858.275028624985
1483,6425.883261937117,15.372926463964394,67.80272001691958,6493.685981954037,63.640085721033415,6858.090856356666
1484,6425.800990489548,15.372729642319493,67.70962581279639,6493.510616302345,63.638620562752635,6857.907101168517
1485,6425.718788094367,15.37253298587169,67.61686256711266,6493.335650661479,63.637158079513796,6857.723761308558
1486,6425.63665436003,15.372336493684282,67.5244289552773,6493.161083315307,63.635698266506935,6857.5408350331145
1487,6425.55458890202,15.37214016483737,67.43232365315522,6492.986912555176,63.6342411188902,6857.358320605807
1488,6425.472591342839,15.371943998427845,67.34054533723531,6492.813136680074,63.632786631791014,6857.1762162977275
1489,6425.390661312043,15.371747993569482,67.2490926847936,6492.639753996837,63.63133480030701,6856.994520387636
1490,6425.308798445527,15.371552149391214,67.15796437405164,6492.466762819578,63.6298856195071,6856.813231161414
1491,6425.2270023852325,15.371356465036442,67.06715908433016,6492.294161469563,63.628439084432266,6856.632346911929
1492,6425.145272779908,15.37116093966485,66.97667549619797,6492.121948276106,63.62699519009678,6856.451865939948
1493,6425.063609283915,15.370965572449558,66.88651229161658,6491.950121575532,63.625553931488945,6856.2717865530985
1494,6424.982011557607,15.370770362578007,66.79666815408007,6491.778679711687,63.62411530357223,6856.092107066388
1495,6424.9004792667565,15.370575309250613,66.70714176875077,6491.607621035508,63.62267930128595,6855.912825801775
1496,6424.819012082553,15.370380411680749,66.61793182259069,6491.436943905143,63.621245919546396,6855.7339410883
1497,6424.737609681247,15.370185669093892,66.52903700448853,6491.266646685735,63.61981515324762,6855.5554512618655
1498,6424.656271745294,15.369991080730369,66.44045600538276,6491.096727750677,63.618386997262355,6855.377354666508
1499,6424.574997960456,15.369796645838411,66.35218751838059,6490.927185478837,63.61696144644283,6855.1996496516185
1500,6424.493788018581,15.369602363680816,66.2642302388731,6490.758018257454,63.61553849562169,6855.022334574849
1501,6424.4126416155195,15.369408233529951,66.17658286464639,6490.589224480166,63.614118139612714,6854.8454078001405
1502,6424.331558451736,15.369214254669224,66.0892440959889,6490.420802547725,63.61270037321187,6854.668867698445
1503,6424.250538232333,15.369020426393142,66.00221263579533,6490.252750868129,63.61128519119778,6854.492712647864
1504,6424.1695806662265,15.368826748005327,65.91548718966665,6490.085067855893,63.609872588332735,6854.316941032921
1505,6424.088685466524,15.368633218819436,65.82906646600668,6489.917751932531,63.60846255936352,6854.141551245051
1506,6424.007852350791,15.368439838159787,65.74294917611539,6489.750801526906,63.60705509902187,6853.966541682948
1507,6423.927081039696,15.368246605358124,65.65713403427861,6489.5842150739745,63.605650202025615,6853.791910751326
1508,6423.846371258227,15.368053519756524,65.57161975785469,6489.417991016082,63.60424786307904,6853.617656862206
1509,6423.76572273464,15.36786058070488,65.48640506735778,6489.252127801998,63.60284807687381,6853.44377843396
1510,6423.685135201029,15.36766778756227,65.40148868653822,6489.086623887567,63.601450838089576,6853.270273891971
1511,6423.604608392507,15.367475139694992,65.31686934245958,6488.921477734966,63.60005614139464,6853.097141667883
1512,6423.5241420477805,15.367282636477944,65.23254576557324,6488.756687813354,63.59866398144675,6852.924380200268
1513,6423.443735908994,15.367090277294245,65.14851668978957,6488.5922525987835,63.59727435289353,6852.75198793453
1514,6423.363389720541,15.366898061532394,65.06478085254673,6488.428170573087,63.595887250373345,6852.5799633218
1515,6423.283103230997,15.366705988590901,64.98133699487651,6488.264440225873,63.594502668515744,6852.408304820936
1516,6423.202876190735,15.366514057872571,64.89818386146763,6488.101060052202,63.59312060194212,6852.2370108961995
1517,6423.122708354081,15.366322268789666,64.81532020072656,6487.938028554808,63.59174104526634,6852.066080019484
1518,6423.042599477438,15.36613062075942,64.7327447648356,6487.775344242274,63.590363993095245,6851.89551066849
1519,6422.96254931972,15.365939113205071,64.65045630980883,6487.613005629529,63.58898944002929,6851.725301327231
1520,6422.882557643281,15.365747745558089,64.56845359554548,6487.451011238826,63.58761738066306,6851.555450487006
1521,6422.802624212172,15.365556517254001,64.48673538588118,6487.289359598053,63.58624780958574,6851.385956644722
1522,6422.722748793804,15.365365427736375,64.40530044863685,6487.128049242441,63.58488072138182,6851.2168183046
1523,6422.642931156962,15.365174476452061,64.3241475556656,6486.967078712627,63.58351611063131,6851.048033976242
1524,6422.563171073265,15.364983662854701,64.24327548289733,6486.806446556162,63.582153971910515,6850.879602176143
1525,6422.483468317158,15.364792986404685,64.16268301038166,6486.64615132754,63.580794299792444,6850.711521427721
1526,6422.403822664172,15.364602446565005,64.08236892232841,6486.4861915865,63.57943708884717,6850.543790259625
1527,6422.324233892878,15.364412042805927,64.0023320071467,6486.326565900024,63.57808233364234,6850.37640720773
1528,6422.244701783864,15.364221774602546,63.922571057481825,6486.167272841346,63.576730028743825,6850.209370814153
1529,6422.165226119263,15.364031641433643,63.84308487025045,6486.008310989513,63.57538016871576,6850.042679626817
1530,6422.085806683635,15.363841642783816,63.76387224667428,6485.84967893031,63.57403274812137,6849.876332200374
1531,6422.006443263284,15.36365177814183,63.68493199231171,6485.6913752555965,63.57268776152305,6849.71032709555
1532,6421.927135646543,15.363462047001299,63.60626291708811,6485.533398563632,63.571345203483055,6849.544662879466
1533,6421.84788362345,15.363272448859927,63.52786383532447,6485.375747458775,63.57000506856373,6849.379338125345
1534,6421.768686985732,15.363082983219453,63.44973356576452,6485.218420551496,63.5686673513279,6849.214351412524
1535,6421.689545527234,15.362893649586685,63.37187093160034,6485.061416458834,63.5673320463393,6849.049701326914
1536,6421.610459043219,15.362704447471815,63.294274760496656,6484.904733803715,63.56599914816287,6848.885386460319
1537,6421.531427330872,15.362515376389647,63.2169438846136,6484.748371215486,63.56466865136515,6848.7214054109745
1538,6421.452450188627,15.362326435857959,63.139877140628315,6484.592327329256,63.56334055051468,6848.557756782888
1539,6421.373527416768,15.362137625398967,63.06307336975514,6484.436600786524,63.56201484018226,6848.394439186472
1540,6421.294658816971,15.361948944538208,62.98653141776459,6484.281190234736,63.56069151494118,6848.231451238097
1541,6421.215844192847,15.361760392805854,62.910250135001185,6484.126094327848,63.55937056936787,6848.068791560667
1542,6421.137083348783,15.36157196973393,62.83422837639996,6483.971311725182,63.558051998041776,6847.906458782462
1543,6421.058376091151,15.361383674859214,62.75846500150209,6483.816841092654,63.556735795545976,6847.744451538383
1544,6420.97972222739,15.361195507721028,62.682958874469094,6483.66268110186,63.55542195646733,6847.582768469028
1545,6420.901121566907,15.361007467863415,62.607708864096345,6483.508830431003,63.55411047539688,6847.421408221631
1546,6420.822573919657,15.360819554831714,62.532713843825285,6483.355287763482,63.55280134692997,6847.260369448642
1547,6420.744079097483,15.360631768175798,62.457972691754755,6483.202051789238,63.55149456566662,6847.099650809082
1548,6420.665636913431,15.3604441074484,62.38348429065141,6483.049121204082,63.550190126211774,6846.93925096787
1549,6420.587247181317,15.360256572204108,62.309247527959144,6482.896494709276,63.54888802317555,6846.779168595405
1550,6420.5089097171185,15.360069162002675,62.235261295807604,6482.744171012926,63.54758825117346,6846.61940236896
1551,6420.43062433691,15.35988187640409,62.16152449101996,6482.59214882793,63.54629080482663,6846.459950970636
1552,6420.352390859152,15.359694714974049,62.08803601511967,6482.440426874272,63.54499567876217,6846.30081308965
1553,6420.274209102512,15.359507677278737,62.014794774336615,6482.289003876848,63.54370286761319,6846.141987420167
1554,6420.196078886957,15.359320762887458,61.941799679612295,6482.137878566569,63.54241236601922,6845.983472662405
1555,6420.118000034124,15.359133971373502,61.86904964660441,6481.987049680728,63.54112416862636,6845.825267523
1556,6420.039972366097,15.358947302311236,61.79654359569055,6481.836515961787,63.53983827008729,6845.667370713793
1557,6419.961995706362,15.358760755278379,61.7242804519714,6481.686276158333,63.53855466506184,6845.509780952797
1558,6419.884069879368,15.358574329854948,61.65225914527298,6481.536329024641,63.53727334821683,6845.352496963746
1559,6419.8061947104125,15.358388025622997,61.580478610148475,6481.386673320561,63.535994314226556,6845.195517475996
1560,6419.728370026371,15.35820184216835,61.50893778587937,6481.23730781225,63.53471755777273,6845.0388412252505
1561,6419.650595654086,15.35801577907676,61.43763561647578,6481.088231270562,63.53344307354476,6844.8824669519545
1562,6419.572871422869,15.357829835939878,61.36657105067648,6480.939442473546,63.53217085623998,6844.7263934037965
1563,6419.495197161399,15.357644012347844,61.29574304194815,6480.790940203347,63.53090090056367,6844.570619332602
1564,6419.417572700355,15.357458307895586,61.22515054848405,6480.642723248839,63.52963320122946,6844.415143496974
1565,6419.339997870717,15.357272722178747,61.154792533202325,6480.494790403919,63.52836775295911,6844.259964660589
1566,6419.262472504757,15.35708725479607,61.08466796374364,6480.347140468501,63.52710455048306,6844.105081593184
1567,6419.184996435599,15.356901905348323,61.01477581246832,6480.199772248067,63.525843588540354,6843.9504930701205
1568,6419.107569496633,15.356716673436921,60.945115056453105,6480.052684553086,63.524584861878786,6843.7961978717885
1569,6419.030191523386,15.356531558668387,60.87568467748728,6479.9058762008735,63.523328365255026,6843.642194785484
1570,6418.952862350738,15.356346560647697,60.80648366206848,6479.759346012806,63.52207409343493,6843.488482602612
1571,6418.8755818152085,15.356161678983753,60.737511001397976,6479.613092816607,63.52082204119345,6843.335060120975
1572,6418.798349754082,15.355976913287277,60.668765691375555,6479.467115445457,63.519572203314844,6843.18192614389
1573,6418.721166005393,15.355792263170796,60.60024673259399,6479.321412737987,63.51832457459285,6843.029079480176
1574,6418.644030407937,15.355607728248653,60.531953130333065,6479.17598353827,63.517079149830735,6842.87651894415
1575,6418.566942800977,15.355423308136308,60.46388389455329,6479.03082669553,63.515835923841315,6842.724243355334
1576,6418.489903025027,15.355239002452219,60.39603803988916,6478.885941064917,63.5145948914473,6842.572251539231
1577,6418.412910920886,15.355054810815517,60.3284145856421,6478.7413255065285,63.513356047481196,6842.420542326352
1578,6418.33596633036,15.35487073284775,60.26101255577306,6478.596978886133,63.512119386785486,6842.2691145529325
1579,6418.259069096062,15.354686768172398,60.193830978894695,6478.452900074957,63.51088490421268,6842.117967060723
1580,6418.182219060958,15.354502916413775,60.1268688882633,6478.309087949222,63.50965259462548,6841.967098696529
1581,6418.105416068725,15.354319177197908,60.06012532177042,6478.1655413904955,63.508422452896795,6841.816508312562
1582,6418.028659964262,15.354135550153737,59.99359932193407,6478.0222592861965,63.507194473909834,6841.66619476694
1583,6417.951950592493,15.35395203491027,59.92728993588972,6477.879240528382,63.505968652558295,6841.516156922483
1584,6417.875287799283,15.353768631098763,59.86119621538098,6477.736484014664,63.50474498374626,6841.366393647621
1585,6417.798671431279,15.353585338352342,59.79531721675003,6477.593988648029,63.50352346238844,6841.216903816226
1586,6417.722101335445,15.353402156304892,59.72965200092767,6477.451753336372,63.50230408341015,6841.067686307132
1587,6417.645577359464,15.35321908459202,59.66419963342329,6477.309776992887,63.50108684174737,6840.918740004537
1588,6417.569099351799,15.353036122851194,59.59895918431437,6477.168058536114,63.49987173234696,6840.770063798045
1589,6417.492667161268,15.352853270720738,59.533929728235876,6477.026596889505,63.4986587501665,6840.621656582239
1590,6417.416280637826,15.35267052784169,59.469110344369426,6476.8853909821955,63.49744789017454,6840.473517257442
1591,6417.339939631067,15.352487893854228,59.40450011643208,6476.744439747499,63.496239147350494,6840.325644728218
1592,6417.263643992297,15.352305368402625,59.340098132665105,6476.603742124962,63.49503251668487,6840.178037905432
1593,6417.187393572395,15.352122951130132,59.27590348582235,6476.463297058218,63.49382799317927,6840.030695704094
1594,6417.111188223222,15.351940641682349,59.211915273158496,6476.32310349638,63.492625571846304,6839.88361704476
1595,6417.035027797312,15.351758439706488,59.148132596417106,6476.183160393729,63.49142524770984,6839.7368008532185
1596,6416.95891214752,15.351576344850526,59.08455456181841,6476.043466709339,63.49022701580488,6839.590246060112
1597,6416.88284112729,15.351394356763851,59.02118028004704,6475.904021407337,63.48903087117773,6839.4439516012035
1598,6416.806814590687,15.351212475097338,58.958008866239346,6475.764823456927,63.487836808886016,6839.297916417398
1599,6416.730832392357,15.351030699503246,58.89503943997081,6475.625871832328,63.48664482399864,6839.152139454676
1600,6416.654894387034,15.350849029634052,58.83227112524307,6475.487165512277,63.485454911595994,6839.006619663607
1601,6416.579000430422,15.35066746514455,58.76970305047089,6475.348703480892,63.484267066769696,6838.861356000204
1602,6416.503150378465,15.350486005690108,58.70733434846892,6475.210484726934,63.483081284623026,6838.7163474251865
1603,6416.427344087706,15.350304650927526,58.645164156438355,6475.072508244144,63.48189756027064,6838.571592904324
1604,6416.351581415172,15.350123400514766,58.583191615953325,6474.934773031126,63.48071588883869,6838.427091408312
1605,6416.275862218086,15.349942254110255,58.521415872947316,6474.797278091034,63.479536265464894,6838.2828419124635
1606,6416.200186354685,15.349761211374844,58.45983607769925,6474.660022432384,63.47835868529853,6838.138843397518
1607,6416.124553683076,15.34958027196908,58.39845138481966,6474.523005067896,63.47718314350051,6837.9950948484875
1608,6416.048964062184,15.349399435555464,58.33726095323645,6474.38622501542,63.47600963524334,6837.85159525558
1609,6415.973417351141,15.349218701796987,58.276263946180805,6474.249681297321,63.47483815571113,6837.708343613585
1610,6415.897913409835,15.349038070358457,58.21545953117283,6474.1133729410085,63.47366870009972,6837.565338922402
1611,6415.822452098299,15.348857540905023,58.15484688000703,6473.977298978307,63.472501263616564,6837.422580186412
1612,6415.747033277324,15.348677113103646,58.09442516873781,6473.841458446062,63.471335841480894,6837.280066415089
1613,6415.6716568075135,15.348496786620846,58.034193577664794,6473.705850385179,63.47017242892356,6837.137796622029
1614,6415.5963225502455,15.348316561124989,57.97415129131803,6473.570473841563,63.4690110211872,6836.995769825896
1615,6415.521030367547,15.348136436285998,57.914297498443105,6473.43532786599,63.4678516135262,6836.853985050291
1616,6415.445780121283,15.347956411773405,57.854631391986146,6473.300411513269,63.46669420120673,6836.7124413229185
1617,6415.370571674524,15.347776487259628,57.79515216907879,6473.165723843603,63.46553877950657,6836.571137676941
1618,6415.295404889865,15.347596662415944,57.735859031022976,6473.031263920888,63.46438534371552,6836.430073149286
1619,6415.220279630736,15.347416936915636,57.676751183275705,6472.8970308140115,63.46323388913496,6836.289246781935
1620,6415.145195760854,15.347237310432666,57.61782783543373,6472.763023596288,63.46208441107818,6836.148657621366
1621,6415.070153144254,15.347057782641755,57.55908820121807,6472.629241345472,63.46093690487023,6836.008304718564
1622,6414.995151645526,15.346878353218962,57.5005314984586,6472.495683143984,63.45979136584795,6835.86818712925
1623,6414.920191129246,15.346699021840301,57.44215694907844,6472.362348078324,63.45864778935997,6835.72830391329
1624,6414.845271460712,15.346519788183521,57.383963779078314,6472.22923523979,63.457506170766834,6835.588654135414
1625,6414.770392505556,15.346340651927166,57.325951218520885,6472.096343724076,63.4563665054408,6835.449236864819
1626,6414.695554129601,15.346161612750242,57.26811850151495,6471.963672631116,63.45522878876595,6835.310051175009
1627,6414.620756198698,15.345982670331813,57.21046486619958,6471.831221064897,63.45409301613824,6835.1710961436065
1628,6414.545998579892,15.345803824353808,57.152989554728364,6471.69898813462,63.45295918296533,6835.032370853517
1629,6414.471281139671,15.345625074496821,57.09569181325332,6471.5669729529245,63.45182728466685,6834.893874391154
1630,6414.396603745243,15.345446420443166,57.03857089190899,6471.435174637152,63.45069731667414,6834.755605847698
1631,6414.321966264255,15.345267861876208,56.98162604479638,6471.303592309051,63.4495692744303,6834.617564318803
1632,6414.247368564633,15.345089398479983,56.92485652996684,6471.1722250945995,63.44844315339031,6834.479748904423
1633,6414.172810514335,15.3449110299386,56.86826160940599,6471.04107212374,63.44731894902097,6834.342158708545
1634,6414.098291981538,15.344732755936693,56.81184054901749,6470.9101325305555,63.446196656800765,6834.20479283936
1635,6414.023812835392,15.344554576161226,56.75559261860684,6470.779405453999,63.445076272220085,6834.067650409999
1636,6413.949372944824,15.344376490298622,56.69951709186517,6470.648890036689,63.443957790781,6833.930730537326
1637,6413.874972179097,15.344198498036118,56.643613246352885,6470.5185854254505,63.442841207997375,6833.794032342476
1638,6413.800610407664,15.344020599061396,56.58788036348342,6470.388490771147,63.44172651939488,6833.657554950696
1639,6413.726287500855,15.343842793064246,56.53231772850688,6470.258605229362,63.44061372051088,6833.521297492013
1640,6413.65200332846,15.343665079733157,56.4769246304936,6470.128927958953,63.439502806894524,6833.385259099801
1641,6413.577757760824,15.343487458757952,56.421700362317786,6469.999458123142,63.43839377410665,6833.249438911863
1642,6413.503550669281,15.343309929830816,56.366644220641206,6469.8701948899225,63.437286617719806,6833.113836070838
1643,6413.4293819243085,15.343132492641887,56.31175550589657,6469.741137430205,63.436181333318316,6832.978449722356
1644,6413.355251397326,15.342955146883556,56.2570335222712,6469.612284919597,63.4350779164981,6832.843279016805
1645,6413.2811589597595,15.342777892248229,56.202477577690466,6469.48363653745,63.43397636286686,6832.708323108387
1646,6413.207104483561,15.342600728429572,56.14808698380138,6469.355191467363,63.43287666804389,6832.573581155614
1647,6413.133087840815,15.342423655121568,56.09386105595604,6469.226948896771,63.431778827660146,6832.439052320908
1648,6413.059108903482,15.3422466720179,56.03979911319517,6469.098908016677,63.43068283735827,6832.304735770318
1649,6412.985167544231,15.34206977881395,55.985900478231514,6468.9710680224625,63.42958869279251,6832.170630674343
1650,6412.911263636113,15.341892975206013,55.932164477433375,6468.843428113547,63.42849638962865,6832.036736207585
1651,6412.837397051842,15.341716260889575,55.87859044080811,6468.71598749265,63.42740592354414,6831.903051548013
1652,6412.763567664697,15.341539635561476,55.825177701985496,6468.588745366683,63.426317290227985,6831.769575877851
1653,6412.689775348362,15.341363098919526,55.77192559820128,6468.461700946563,63.42523048538075,6831.6363083834
1654,6412.616019976354,15.341186650661134,55.71883347028066,6468.334853446635,63.42414550471455,6831.503248254452
1655,6412.5423014226035,15.341010290484697,55.665900662621624,6468.208202085225,63.423062343952964,6831.370394684846
1656,6412.468619561605,15.340834018089964,55.61312652317858,6468.081746084784,63.42198099883119,6831.237746872612
1657,6412.394974267466,15.340657833175756,55.56051040344572,6467.955484670912,63.42090146509577,6831.1053040189945
1658,6412.321365414888,15.340481735442316,55.50805165844057,6467.829417073328,63.41982373850483,6830.973065329424
1659,6412.247792878667,15.340305724590111,55.455749646687465,6467.703542525354,63.41874781482783,6830.841030012999
1660,6412.174256533765,15.340129800320012,55.40360373020101,6467.577860263967,63.41767368984584,6830.709197282536
1661,6412.100756255657,15.339953962334107,55.35161327446964,6467.452369530127,63.4166013593511,6830.577566354905
1662,6412.027291919774,15.339778210334387,55.29977764843915,6467.327069568213,63.41553081914741,6830.446136450454
1663,6411.95386340149,15.339602544022704,55.248096224496194,6467.201959625986,63.41446206504988,6830.314906792984
1664,6411.88047057715,15.339426963103229,55.196568378451886,6467.077038955602,63.41339509288498,6830.183876610751
1665,6411.807113322502,15.339251467278713,55.14519348952532,6466.952306812027,63.4123298984905,6830.05304513489
1666,6411.733791513978,15.339076056253536,55.09397094032725,6466.827762454305,63.411266477715486,6829.922411600676
1667,6411.660505027817,15.33890072973162,55.042900116843626,6466.703405144661,63.41020482642035,6829.79197524663
1668,6411.587253741068,15.338725487418822,54.99198040841924,6466.579234149487,63.40914494047672,6829.661735315504
1669,6411.514037530179,15.338550329019567,54.94121120774135,6466.455248737921,63.4080868157674,6829.531691052863
1670,6411.440856272405,15.338375254240203,54.89059191082351,6466.3314481832285,63.40703044818655,6829.401841708461
1671,6411.367709844875,15.338200262786783,54.84012191698906,6466.207831761864,63.40597583363933,6829.272186535306
1672,6411.294598125143,15.338025354366371,54.78980062885501,6466.084398753998,63.404922968042314,6829.142724790186
1673,6411.221520990833,15.337850528686202,54.739627452315716,6465.961148443148,63.40387184732298,6829.0134557332985
1674,6411.148478319367,15.337675785453031,54.689601796526695,6465.838080115894,63.40282246742011,6828.88437862797
1675,6411.075469989039,15.337501124375692,54.63972307388845,6465.715193062928,63.40177482428345,6828.755492741701
1676,6411.002495878032,15.337326545162757,54.5899907000303,6465.592486578063,63.400728913873905,6828.626797345176
1677,6410.929555864437,15.337152047522578,54.5404040937942,6465.469959958231,63.399684732163415,6828.4982917122625
1678,6410.856649826406,15.336977631163652,54.490962677218775,6465.347612503625,63.39864227513492,6828.369975120151
1679,6410.783777643313,15.3368032957974,54.44166587552316,6465.225443518837,63.397601538782396,6828.241846850495
1680,6410.710939193486,15.336629041132742,54.39251311709093,6465.103452310577,63.39656251911074,6828.113906187129
1681,6410.638134356128,15.336454866880688,54.34350383345425,6464.981638189583,63.39552521213589,6827.986152417977
1682,6410.565363010101,15.336280772751437,54.29463745927783,6464.860000469378,63.39448961388467,6827.858584833813
1683,6410.49262503486,15.336106758456603,54.24591343234298,6464.7385384672025,63.393455720394755,6827.731202729189
1684,6410.419920310119,15.335932823708418,54.19733119353181,6464.617251503651,63.39242352771477,6827.604005402072
1685,6410.347248715132,15.33575896821802,54.148890186811315,6464.496138901944,63.39139303190419,6827.476992153121
1686,6410.274610129699,15.335585191697843,54.10058985921761,6464.375199988916,63.39036422903325,6827.350162286669
1687,6410.202004434155,15.335411493861615,54.05242966084013,6464.254434094995,63.389337115183125,6827.223515110702
1688,6410.129431507986,15.335237874421018,54.00440904480596,6464.133840552792,63.388311686445554,6827.0970499354535
1689,6410.056891231681,15.335064333090147,53.956527467264095,6464.013418698945,63.387287938923265,6826.970766075246
1690,6409.984383486097,15.334890869583964,53.90878438736987,6463.893167873466,63.38626586872954,6826.844662847835
1691,6409.911908150987,15.334717483614801,53.86117926726925,6463.773087418256,63.385245471988455,6826.71873957293
1692,6409.839465107722,15.334544174898857,53.81371157208343,6463.653176679806,63.38422674483469,6826.592995574887
1693,6409.7670542366905,15.334370943149978,53.76638076989319,6463.533435006583,63.38320968341364,6826.467430180102
1694,6409.69467541903,15.334197788083804,53.71918633172349,6463.413861750754,63.38219428388126,6826.342042718732
1695,6409.622328535864,15.334024709415942,53.67212773152808,6463.294456267392,63.38118054240413,6826.216832523898
1696,6409.550013468648,15.333851706862795,53.62520444617405,6463.1752179148225,63.38016845515942,6826.091798932037
1697,6409.47773009845,15.333678780139833,53.578415955426564,6463.056146053877,63.37915801833482,6825.9669412821495
1698,6409.40547830709,15.33350592896433,53.531761741933565,6462.937240049023,63.378149228128564,6825.842258916937
1699,6409.333257975925,15.333333153052452,53.485241291210514,6462.818499267136,63.37714208074931,6825.7177511815635
1700,6409.261068987396,15.333160452122957,53.43885409162526,6462.699923079022,63.376136572416286,6825.593417425186
1701,6409.188911222811,15.332987825891893,53.39259963438292,6462.581510857194,63.37513269935904,6825.469256998729
1702,6409.116784564694,15.332815274078216,53.346477413510684,6462.463261978205,63.374130457817586,6825.3452692572155
1703,6409.044688895101,15.332642796399764,53.30048692584289,6462.345175820944,63.373129844042346,6825.221453558063
1704,6408.972624096575,15.332470392575537,53.25462767100602,6462.227251767581,63.372130854294085,6825.097809262032
1705,6408.900590051397,15.332298062323915,53.20889915140369,6462.1094892028,63.37113348484386,6824.974335732454
1706,6408.82858664233,15.332125805364427,53.16330087220189,6461.991887514532,63.37013773197311,6824.851032335967
1707,6408.75661375215,15.331953621416627,53.11783234131404,6461.874446093464,63.36914359197347,6824.7278984420245
1708,6408.684671263754,15.331781510200369,53.0724930693863,6461.75716433314,63.36815106114685,6824.604933422995
1709,6408.612759060186,15.331609471435852,53.027282569782756,6461.640041629969,63.367160135805406,6824.48213665417
1710,6408.540877024408,15.33143750484308,52.982200358570836,6461.523077382978,63.3661708122715,6824.359507513519
1711,6408.469025040061,15.331265610143687,52.93724595450661,6461.406270994567,63.36518308687763,6824.237045382442
1712,6408.39720299002,15.331093787057464,52.89241887902026,6461.28962186904,63.36419695596643,6824.1147496443
1713,6408.325410758476,15.33092203530736,52.847718656201586,6461.1731294146775,63.36321241589067,6823.99261968649
1714,6408.253648228641,15.330750354613974,52.803144812785526,6461.056793041427,63.36222946301326,6823.870654898134
1715,6408.18191528453,15.330578744699833,52.75869687813771,6460.940612162668,63.36124809370706,6823.74885467184
1716,6408.110211809657,15.33040720528626,52.714374384240195,6460.824586193897,63.36026830435506,6823.627218402396
1717,6408.038537688646,15.33023573609724,52.670176865677064,6460.708714554323,63.35929009135029,6823.505745488356
1718,6407.966892804898,15.330064336853823,52.62610385962029,6460.592996664518,63.35831345109557,6823.384435329695
1719,6407.89527704347,15.329893007281028,52.58215490581547,6460.477431949285,63.35733838000388,6823.2632873306775
1720,6407.8236902882445,15.329721747101063,52.53832954656773,6460.362019834813,63.35636487449803,6823.142300897007
1721,6407.752132424041,15.329550556038374,52.49462732672761,6460.246759750768,63.35539293101077,6823.021475437926
1722,6407.680603335302,15.329379433816513,52.451047793677155,6460.13165112898,63.35442254598465,6822.900810364892
1723,6407.60910290692,15.329208380160097,52.40759049731581,6460.016693404236,63.35345371587223,6822.780305092381
1724,6407.537631023378,15.32903739479277,52.3642549900466,6459.901886013425,63.35248643713571,6822.659959037023
1725,6407.466187570226,15.328866477440732,52.321040826762264,6459.787228396988,63.351520706247165,6822.539771619061
1726,6407.394772432153,15.328695627828118,52.277947564831436,6459.672719996985,63.350556519688446,6822.419742260407
1727,6407.323385494353,15.32852484568027,52.23497476408498,6459.5583602584375,63.3495938739511,6822.299870385993
1728,6407.252026642503,15.32835413072369,52.19212198680219,6459.444148629304,63.34863276553647,6822.180155423746
1729,6407.180695761803,15.32818348268374,52.14938879769726,6459.3300845595,63.34767319095549,6822.060596803602
1730,6407.1093927380025,15.328012901287087,52.10677476390573,6459.216167501908,63.34671514672875,6821.941193958519
1731,6407.038117456621,15.327842386259858,52.0642794549709,6459.102396911592,63.34575862938663,6821.8219463236965
1732,6406.966869803473,15.327671937328883,52.02190244283042,6458.988772246304,63.34480363546889,6821.70285333707
1733,6406.89564966442,15.327501554221099,51.979643301802916,6458.875292966222,63.34385016152505,6821.583914439065
1734,6406.824456925635,15.327331236664198,51.937501608574635,6458.76195853421,63.34289820411412,6821.465129072836
1735,6406.753291473109,15.32716098438543,51.89547694218617,6458.648768415295,63.34194775980456,6821.3464966837655
1736,6406.68215319327,15.326990797113087,51.8535688840192,6458.535722077289,63.34099882517451,6821.22801672007
1737,6406.611041972389,15.326820674575094,51.81177701778337,6458.422818990172,63.34005139681137,6821.109688632188
1738,6406.539957696808,15.326650616499542,51.7701009295032,6458.310058626312,63.339105471312166,6820.991511873003
1739,6406.468900253212,15.32648062261534,51.728540207505006,6458.197440460717,63.338161045283236,6820.873485898092
1740,6406.397869528233,15.326310692651274,51.68709444240391,6458.084963970637,63.337218115340356,6820.755610165325
1741,6406.326865408939,15.326140826337173,51.64576322709089,6457.97262863603,63.33627667810866,6820.637884135337
1742,6406.255887782014,15.325971023401946,51.60454615671995,6457.860433938734,63.33533673022258,6820.520307270694
1743,6406.184936534423,15.325801283575176,51.563442828695294,6457.748379363118,63.33439826832599,6820.402879036546
1744,6406.114011553542,15.32563160658742,51.52245284265851,6457.636464396201,63.33346128907192,6820.285598900749
1745,6406.0431127263055,15.325461992168195,51.48157580047595,6457.524688526782,63.332525789122705,6820.168466332991
1746,6405.9722399405,15.325292440049044,51.44081130622601,6457.413051246726,63.33159176514992,6820.051480806078
1747,6405.901393083161,15.325122949959715,51.40015896618661,6457.301552049347,63.33065921383441,6819.934641794317
1748,6405.830572042093,15.324953521631802,51.359618388822604,6457.190190430916,63.32972813186605,6819.817948775026
1749,6405.759776705083,15.324784154796848,51.31918918477335,6457.078965889857,63.32879851594402,6819.701401227728
1750,6405.689006959559,15.324614849185549,51.27887096684026,6456.9678779263995,63.327870362776636,6819.584998633805
1751,6405.618262694003,15.324445604531107,51.23866334997446,6456.856926043977,63.326943669081174,6819.468740477894
1752,6405.5475437959585,15.324276420564495,51.198565951264555,6456.746109747223,63.326018431584124,6819.352626245883
1753,6405.476850153625,15.32410729701824,51.158578389924244,6456.635428543549,63.32509464702101,6819.236655426492
1754,6405.406181655264,15.323938233625034,51.11870028728026,6456.524881942544,63.324172312136334,6819.120827510667
1755,6405.335538189402,15.323769230118186,51.078931266760165,6456.414469456162,63.323251423683615,6819.0051419917745
1756,6405.264919644223,15.323600286230198,51.03927095388035,6456.304190598103,63.322331978425446,6818.889598364977
1757,6405.194325908471,15.323431401694906,50.99971897623394,6456.194044884705,63.32141397313318,6818.774196128125
1758,6405.1237568708675,15.323262576246094,50.960274963478895,6456.084031834346,63.32049740458727,6818.658934781161
1759,6405.053212419795,15.323093809616735,50.92093854732609,6455.974150967121,63.319582269577026,6818.543813825795
1760,6404.9826924447525,15.32292510154247,50.88170936152741,6455.86440180628,63.31866856490057,6818.428832766943
1761,6404.912196834253,15.322756451756588,50.84258704186411,6455.7547838761175,63.31775628736494,6818.313991110618
1762,6404.8417254774195,15.322587859993826,50.80357122613491,6455.645296703555,63.31684543378599,6818.1992883655075
1763,6404.7712782637755,15.322419325989893,50.76466155414445,6455.53593981792,63.31593600098836,6818.084724042757
1764,6404.700855082431,15.3222508494795,50.7258576676916,6455.4267127501225,63.315027985805415,6817.970297655145
1765,6404.630455822746,15.322082430197955,50.687159210557894,6455.317615033304,63.314121385079396,6817.856008717731
1766,6404.560080374377,15.321914067881286,50.64856582849605,6455.208646202874,63.313216195661106,6817.741856747893
1767,6404.489728626966,15.321745762265468,50.610077169218506,6455.099805796184,63.31231241441026,6817.627841264999
1768,6404.419400470428,15.321577513087147,50.57169288238603,6454.991093352814,63.31141003819498,6817.513961790697
1769,6404.349095794312,15.321409320082086,50.53341261959636,6454.882508413909,63.31050906389227,6817.400217848251
1770,6404.278814488696,15.321241182987311,50.49523603437292,6454.7740505230695,63.30960948838762,6817.286608963426
1771,6404.2085564435965,15.321073101539705,50.4571627821536,6454.66571922575,63.308711308575226,6817.173134663893
1772,6404.138321549557,15.320905075477409,50.419192520279566,6454.5575140698365,63.307814521357706,6817.059794479803
1773,6404.068109696291,15.320737104536581,50.38132490798414,6454.449434604275,63.306919123646395,6816.946587942414
1774,6403.997920774946,15.320569188456808,50.34355960638173,6454.3414803813275,63.30602511236107,6816.833514586354
1775,6403.927754675245,15.32040132697427,50.3058962784568,6454.233650953702,63.305132484430004,6816.720573946739
1776,6403.857611288246,15.320233519828339,50.26833458905294,6454.125945877298,63.30424123678993,6816.607765561931
1777,6403.787490504776,15.320065766757837,50.23087420486193,6454.018364709637,63.30335136638615,6816.4950889719585
1778,6403.717392215405,15.319898067500969,50.193514794412906,6453.910907009818,63.30246287017222,6816.382543718476
1779,6403.647316311253,15.319730421797257,50.15625602806157,6453.803572339315,63.301575745110256,6816.270129345563
1780,6403.577262683446,15.319562829386234,50.11909757797937,6453.696360261425,63.300689988170646,6816.15784539917
1781,6403.507231222735,15.319395290006543,50.08203911814288,6453.589270340878,63.29980559633219,6816.045691426725
1782,6403.4372218208255,15.319227803399103,50.04508032432319,6453.482302145148,63.29892256658202,6815.933666978453
1783,6403.367234369055,15.31906036930396,50.00822087407518,6453.37545524313,63.29804089591552,6815.8217716060435
1784,6403.297268758804,15.318892987461254,49.971460446727164,6453.268729205532,63.297160581336435,6815.710004863047
1785,6403.227324881787,15.318725657611932,49.934798723370236,6453.162123605158,63.296281619856686,6815.598366305159
1786,6403.157402629639,15.318558379496745,49.898235386847944,6453.055638016487,63.29540400849654,6815.486855489796
1787,6403.087501894045,15.318391152856567,49.86177012174588,6452.949272015791,63.29452774428437,6815.375471976215
1788,6403.01762256737,15.3182239774339,49.825402614381375,6452.843025181752,63.29365282425679,6815.264215326126
1789,6402.947764541348,15.318056852969733,49.78913255279315,6452.736897094142,63.29277924545857,6815.153085102384
1790,6402.877927708234,15.317889779206302,49.75295962673119,6452.630887334965,63.29190700494261,6815.0420808701165
1791,6402.808111960023,15.317722755885223,49.7168835276465,6452.524995487669,63.29103609976995,6814.93120219594
1792,6402.7383171896645,15.317555782750393,49.68090394868103,6452.419221138345,63.290166527009724,6814.820448649168
1793,6402.6685432893,15.31738885954378,49.64502058465749,6452.313563873958,63.28929828373906,6814.709819800025
1794,6402.598790151651,15.317221986008734,49.609233132069534,6452.208023283721,63.288431367043295,6814.599315221037
1795,6402.529057669239,15.317055161888131,49.57354128907157,6452.10259895831,63.28756577401562,6814.488934486236
1796,6402.459345735085,15.31688838692604,49.53794475546896,6451.9972904905535,63.28670150175736,6814.378677171849
1797,6402.38965424215,15.316721660866387,49.502443232708146,6451.892097474858,63.28583854737769,6814.268542855733
1798,6402.31998308342,15.316554983453159,49.46703642386676,6451.7870195072865,63.28497690799386,6814.158531117443
1799,6402.250332151991,15.3163883544306,49.43172403364392,6451.682056185635,63.28411658073102,6814.048641538314
1800,6402.180701341256,15.316221773543676,49.39650576835043,6451.577207109607,63.28325756272218,6813.9388737016325
1801,6402.1110905445075,15.3160552405371,49.36138133589922,6451.472471880406,63.282399851108245,6813.829227192232
1802,6402.041499655568,15.315888755156863,49.32635044579559,6451.367850101364,63.28154344303809,6813.719701597116
1803,6401.971928567687,15.315722317147577,49.2914128091277,6451.263341376815,63.2806883356683,6813.610296504341
1804,6401.902377174811,15.315555926255527,49.256568138557036,6451.158945313367,63.27983452616334,6813.501011504275
1805,6401.832845370685,15.315389582226521,49.22181614830893,6451.054661518994,63.27898201169543,6813.391846188702
1806,6401.763333049172,15.315223284806631,49.187156554163074,6450.950489603335,63.278130789444646,6813.282800151113
1807,6401.693840104623,15.315057033743116,49.15258907344423,6450.846429178067,63.277280856598765,6813.173872987085
1808,6401.624366431263,15.314890828782927,49.11811342501277,6450.742479856276,63.27643221035324,6813.065064293642
1809,6401.554911923173,15.314724669672662,49.08372932925546,6450.638641252428,63.27558484791136,6812.956373669235
1810,6401.4854764748825,15.314558556160007,49.04943650807623,6450.534912982958,63.274738766483964,6812.847800714332
1811,6401.416059980759,15.314392487992247,49.01523468488685,6450.431294665646,63.27389396328962,6812.7393450307845
1812,6401.346662335676,15.314226464917885,48.98112358459798,6450.327785920274,63.27305043555456,6812.631006222491
1813,6401.277283434201,15.314060486684692,48.9471029336099,6450.224386367811,63.27220818051258,6812.522783894582
1814,6401.207923171587,15.313894553042074,48.91317245980343,6450.121095631391,63.271367195405105,6812.414677654395
1815,6401.138581442543,15.313728663738141,48.87933189253108,6450.017913335074,63.27052747748112,6812.30668711024
1816,6401.069258142178,15.313562818521957,48.84558096260794,6449.914839104786,63.269689023997195,6812.198811872331
1817,6400.999953166106,15.313397017143794,48.81191940230278,6449.811872568409,63.26885183221738,6812.091051552887
1818,6400.930666409066,15.313231259351834,48.77834694532918,6449.709013354395,63.26801589941325,6811.983405764734
1819,6400.861397767028,15.313065544897198,48.74486332683672,6449.606261093865,63.267181222863904,6811.875874123415
1820,6400.792147135519,15.31289987352995,48.71146828340214,6449.503615418921,63.26634779985588,6811.768456245493
1821,6400.722914410248,15.312734245000595,48.67816155302065,6449.401075963269,63.265515627683165,6811.661151749181
1822,6400.653699486779,15.31256865905928,48.64494287509716,6449.298642361877,63.26468470364715,6811.553960253993
1823,6400.584502261417,15.312403115457935,48.611811990437666,6449.196314251854,63.263855025056685,6811.446881381631
1824,6400.515322629915,15.312237613947167,48.57876864124065,6449.094091271156,63.263026589227884,6811.33991475468
1825,6400.446160488639,15.312072154279042,48.54581257108843,6448.991973059728,63.26219939348438,6811.233059997761
1826,6400.377015733713,15.311906736205055,48.51294352493875,6448.889959258652,63.261373435157026,6811.126316736674
1827,6400.307888262071,15.311741359478638,48.480161249116165,6448.788049511188,63.26054871158405,6811.019684599436
1828,6400.238777969574,15.311576023850655,48.44746549130372,6448.686243460877,63.259725220110965,6810.91316321439
1829,6400.169684753615,15.311410729075634,48.41485600053445,6448.584540754149,63.258902958090495,6810.806752212804
1830,6400.100608510244,15.311245474904888,48.3823325271831,6448.482941037427,63.258081922882695,6810.700451225988
1831,6400.031549136997,15.311080261093293,48.349894822957765,6448.381443959955,63.25726211185488,6810.59425988811
1832,6399.962506530526,15.310915087393603,48.3175426408916,6448.280049171418,63.2564435223815,6810.488177833821
1833,6399.893480588053,15.310749953559935,48.28527573533465,6448.1787563233875,63.25562615184425,6810.382204699701
1834,6399.824471207007,15.310584859346907,48.25309386194561,6448.077565068953,63.2548099976319,6810.276340123886
1835,6399.755478284817,15.310419804509133,48.22099677768365,6447.976475062501,63.25399505714056,6810.170583745854
1836,6399.686501718504,15.310254788800249,48.18898424080043,6447.875485959304,63.25318132777329,6810.064935206005
1837,6399.61754140637,15.310089811976962,48.15705601083189,6447.774597417202,63.2523688069403,6809.959394147353
1838,6399.548597245874,15.309924873793957,48.12521184859027,6447.673809094464,63.25155749205901,6809.853960213377
1839,6399.479669134973,15.309759974007113,48.09345151615619,6447.573120651129,63.25074738055373,6809.748633049368
1840,6399.410756971542,15.30959511237211,48.061774776870614,6447.472531748413,63.24993846985595,6809.643412301834
1841,6399.341860654088,15.309430288646144,48.030181395327,6447.3720420494155,63.249130757404174,6809.5382976192095
1842,6399.272980080332,15.309265502584525,47.9986711373634,6447.271651217695,63.24832424064379,6809.433288650423
1843,6399.204115149092,15.309100753945197,47.967243770054665,6447.171358919147,63.24751891702739,6809.328385046783
1844,6399.135265758519,15.308936042484497,47.93589906170462,6447.071164820224,63.246714784014344,6809.223586460197
1845,6399.066431807817,15.308771367961285,47.90463678183838,6446.971068589655,63.24591183907107,6809.118892544884
1846,6398.997613195138,15.30860673013191,47.87345670119457,6446.871069896332,63.24511007967088,6809.01430295527
1847,6398.92880981991,15.308442128755766,47.84235859171767,6446.771168411628,63.24430950329399,6808.909817348298
1848,6398.860021580796,15.30827756359042,47.81134222655048,6446.671363807346,63.24351010742751,6808.805435381383
1849,6398.791248376966,15.308113034394655,47.78040738002634,6446.571655756992,63.24271188956549,6808.701156713682
1850,6398.722490107919,15.307948540928036,47.74955382766179,6446.472043935581,63.24191484720873,6808.596981005899
1851,6398.6537466727605,15.307784082949187,47.71878134614889,6446.372528018909,63.24111897786488,6808.49290791956
1852,6398.585017971268,15.307619660218345,47.688089713347836,6446.273107684616,63.24032427904845,6808.388937118071
1853,6398.51630390303,15.307455272495288,47.65747870827944,6446.173782611309,63.2395307482807,6808.285068265848
1854,6398.447604367714,15.307290919539986,47.62694811111782,6446.074552478832,63.238738383089654,6808.181301028578
1855,6398.37891926551,15.30712660111366,47.596497703182976,6445.975416968693,63.23794718101018,6808.077635073655
1856,6398.310248496071,15.306962316976247,47.56612726693347,6445.876375763004,63.2371571395837,6807.974070069114
1857,6398.241591960083,15.306798066890149,47.53583658595914,6445.777428546042,63.236368256358546,6807.870605685191
1858,6398.17294955736,15.306633850615693,47.50562544497385,6445.678575002334,63.2355805288896,6807.7672415924135
1859,6398.104321188423,15.306469667914886,47.475493629808284,6445.579814818231,63.23479395473852,6807.663977463172
1860,6398.035706754033,15.306305518550317,47.445440927402736,6445.481147681436,63.23400853147354,6807.560812971243
1861,6397.967106154803,15.306141402284219,47.415467125799964,6445.3825732806035,63.2332242566696,6807.457747791396
1862,6397.898519291559,15.305977318879327,47.38557201413812,6445.284091305697,63.2324411279082,6807.354781599747
1863,6397.829946065221,15.305813268098614,47.35575538264367,6445.185701447865,63.23165914277748,6807.251914073631
1864,6397.761386376925,15.305649249705562,47.3260170226243,6445.087403399549,63.23087829887214,6807.14914489172
1865,6397.692840127967,15.305485263464037,47.296356726462,6444.98919685443,63.230098593793464,6807.04647373396
1866,6397.624307219593,15.305321309137783,47.26677428760604,6444.8910815071995,63.22932002514925,6806.9439002813415
1867,6397.555787553319,15.305157386491192,47.23726950056603,6444.793057053885,63.228542590553836,6806.841424216234
1868,6397.487281030666,15.304993495288675,47.207842160905116,6444.695123191571,63.22776628762807,6806.739045222099
1869,6397.418787553521,15.304829635295505,47.17849206523299,6444.597279618753,63.226991113999304,6806.636762983845
1870,6397.350307023606,15.304665806276569,47.149219011199165,6444.499526034805,63.22621706730132,6806.534577187297
1871,6397.281839343299,15.304502007998323,47.120022797486136,6444.401862140785,63.225444145174365,6806.432487520003
1872,6397.213384414281,15.304338240225553,47.090903223802655,6444.304287638083,63.2246723452651,6806.330493669875
1873,6397.144942139341,15.304174502725695,47.061860090876955,6444.206802230217,63.223901665226634,6806.228595326995
1874,6397.076512420408,15.304010795264134,47.032893200450154,6444.1094056208585,63.223132102718516,6806.126792181631
1875,6397.008095160504,15.303847117608862,47.0040023552695,6444.012097515773,63.22236365540654,6806.0250839261835
1876,6396.939690262005,15.303683469526327,46.97518735908183,6443.914877621087,63.22159632096297,6805.92347025345
1877,6396.871297627862,15.303519850784358,46.946448016626945,6443.817745644489,63.22083009706638,6805.821950857828
1878,6396.802917160994,15.303356261150704,46.91778413363106,6443.7207012946255,63.22006498140167,6805.720525434706
1879,6396.734548764589,15.303192700393753,46.8891955168003,6443.623744281389,63.219300971660005,6805.619193680757
1880,6396.6661923419,15.303029168282057,46.86068197381422,6443.526874315714,63.21853806553884,6805.517955293731
1881,6396.597847796402,15.302865664584694,46.83224331331931,6443.430091109721,63.21777626074201,6805.416809972599
1882,6396.529515031198,15.302702189069851,46.80387934492263,6443.33339437612,63.21701555497943,6805.315757416961
1883,6396.461193950256,15.302538741507789,46.77558987918538,6443.236783829441,63.21625594596743,6805.214797328268
1884,6396.392884457496,15.30237532166865,46.7473747276166,6443.140259185112,63.215497431428396,6805.113929408907
1885,6396.324586456688,15.30221192932222,46.71923370266677,6443.043820159355,63.214740009090974,6805.013153362095
1886,6396.256299851946,15.302048564239106,46.691166617721635,6442.947466469668,63.21398367669003,6804.912468892359
1887,6396.188024547292,15.301885226189695,46.66317328709581,6442.851197834388,63.2132284319665,6804.8118757051
1888,6396.119760447362,15.301721914945842,46.63525352602665,6442.7550139733885,63.212474272667606,6804.7113735072935
1889,6396.051507456785,15.30155863027939,46.60740715066807,6442.658914607453,63.21172119654651,6804.610962006856
1890,6395.983265479598,15.301395371960762,46.5796339780843,6442.562899457683,63.210969201362616,6804.510640912061
1891,6395.915034421001,15.30123213976316,46.551933826243896,6442.466968247245,63.210218284881435,6804.410409933278
1892,6395.846814186005,15.301068933459343,46.52430651401346,6442.371120700018,63.209468444874474,6804.310268781628
1893,6395.778604679434,15.300905752821611,46.496751861151765,6442.275356540586,63.208719679119284,6804.210217168968
1894,6395.710405806701,15.300742597623685,46.46926968830357,6442.179675495005,63.207971985399595,6804.110254808663
1895,6395.642217472848,15.300579467638391,46.441859816993734,6442.084077289842,63.20722536150496,6804.010381414624
1896,6395.574039583749,15.300416362640549,46.414522069621114,6441.98856165337,63.20647980523111,6803.910596702502
1897,6395.50587204474,15.300253282403684,46.38725626945279,6441.893128314192,63.205735314379695,6803.810900388311
1898,6395.437714761747,15.300090226702745,46.36006224061801,6441.797777002365,63.20499188675829,6803.711292189557
1899,6395.369567640538,15.299927195312291,46.33293980810243,6441.70250744864,63.20424952018054,6803.611771824469
1900,6395.301430587485,15.299764188008337,46.305888797742185,6441.607319385227,63.20350821246591,6803.512339012772
1901,6395.233303508363,15.299601204565462,46.27890903621811,6441.512212544581,63.20276796143986,6803.41299347447
1902,6395.165186310021,15.299438244760816,46.25200035104996,6441.417186661071,63.20202876493372,6803.313734931514
1903,6395.0970788984,15.299275308369378,46.225162570590605,6441.32224146899,63.20129062078472,6803.214563105812
1904,6395.028981180726,15.299112395169201,46.198395524020384,6441.227376704746,63.20055352683592,6803.115477721423
1905,6394.960893063235,15.298949504935969,46.171699041341384,6441.132592104576,63.19981748093633,6803.016478502266
1906,6394.892814453295,15.298786637448073,46.1450729533717,6441.037887406666,63.19908248094068,6802.917565174244
1907,6394.824745257947,15.298623792483127,46.11851709173996,6440.943262349687,63.19834852470962,6802.818737463777
1908,6394.7566853843255,15.29846096981896,46.092031288879525,6440.848716673205,63.197615610109494,6802.719995098215
1909,6394.688634739652,15.298298169233618,46.06561537802313,6440.754250117675,63.19688373501257,6802.621337805829
1910,6394.620593231545,15.298135390506088,46.03926919319715,6440.659862424743,63.196152897296756,6802.522765316113
1911,6394.552560768053,15.297972633416395,46.01299256921621,6440.565553337269,63.19542309484575,6802.424277359811
1912,6394.484537256413,15.297809897742615,45.98678534167761,6440.47132259809,63.19469432554904,6802.325873667673
1913,6394.416522604945,15.29764718326542,45.960647346955966,6440.377169951901,63.193966587301816,6802.227553972341
1914,6394.348516721853,15.2974844897652,45.93457842219772,6440.283095144051,63.1932398780049,6802.129318007148
1915,6394.280519515161,15.297321817021917,45.90857840531575,6440.189097920477,63.19251419556489,6802.03116550604
1916,6394.212530893306,15.297159164816522,45.88264713498398,6440.09517802829,63.19178953789401,6801.933096204177
1917,6394.144550765102,15.296996532930867,45.85678445063217,6440.001335215735,63.191065902910125,6801.835109837878
1918,6394.076579039227,15.296833921146476,45.83099019244042,6439.907569231667,63.1903432885368,6801.737206144111
1919,6394.008615624329,15.296671329244806,45.80526420133401,6439.813879825662,63.18962169270318,6801.639384860593
1920,6393.940660429478,15.29650875700832,45.77960631897813,6439.720266748456,63.18890111334399,6801.5416457262345
1921,6393.872713364183,15.296346204220534,45.75401638777262,6439.626729751956,63.1881815483996,6801.443988481148
1922,6393.8047743373645,15.296183670663552,45.728494250846836,6439.533268588211,63.18746299581589,6801.346412865623
1923,6393.7368432587755,15.296021156121473,45.703039752054416,6439.43988301083,63.18674545354438,6801.248918621536
1924,6393.668920037837,15.2958586603776,45.67765273596823,6439.346572773805,63.1860289195421,6801.151505491183
1925,6393.601004584688,15.295696183216956,45.652333047875175,6439.253337632563,63.18531339177154,6801.054173218323
1926,6393.533096808981,15.2955337244234,45.627080533771135,6439.160177342752,63.184598868200794,6800.95692154697
1927,6393.465196620825,15.295371283781877,45.60189504035595,6439.067091661181,63.18388534680342,6800.859750222329
1928,6393.397303930718,15.295208861078274,45.576776415028434,6438.974080345747,63.18317282555844,6800.762658990726
1929,6393.329418648779,15.295046456097557,45.55172450588124,6438.88114315466,63.18246130245029,6800.6656475988275
1930,6393.261540685635,15.29488406862592,45.526739161696014,6438.788279847331,63.181750775468956,6800.568715794537
1931,6393.193669952339,15.294721698450573,45.50182023193841,6438.695490184278,63.18104124260984,6800.471863326893
1932,6393.125806359156,15.294559345356832,45.47696756675316,6438.602773925909,63.18033270187365,6800.375089944857
1933,6393.057949817774,15.29439700913343,45.452181016959294,6438.510130834733,63.17962515126668,6800.27839539952
1934,6392.9901002389615,15.294234689566894,45.4274604340451,6438.417560673007,63.17891858880037,6800.181779441754
1935,6392.922257534336,15.294072386445778,45.40280567016352,6438.325063204499,63.1782130124917,6800.085241823972
1936,6392.854421615122,15.293910099557708,45.3782165781271,6438.232638193249,63.17750842036303,6799.988782298889
1937,6392.786592393131,15.293747828691702,45.35369301140346,6438.140285404535,63.17680481044192,6799.89240062049
1938,6392.718769780302,15.293585573637086,45.32923482411036,6438.048004604412,63.17610218076133,6799.796096543566
1939,6392.650953688353,15.293423334182663,45.30484187101109,6437.955795559365,63.175400529359536,6799.699869823368
1940,6392.583144029544,15.293261110118527,45.28051400750976,6437.863658037054,63.17469985428009,6799.603720216356
1941,6392.515340716462,15.293098901235554,45.25625108964658,6437.7715918061085,63.17400015357182,6799.507647479985
1942,6392.4475436609055,15.29293670732274,45.232052974093335,6437.679596634999,63.17330142528882,6799.411651371584
1943,6392.379752776193,15.292774528172709,45.207919518148614,6437.587672294341,63.172603667490336,6799.315731650656
1944,6392.3119679747615,15.292612363575984,45.1838505797334,6437.495818554495,63.17190687824105,6799.219888076477
1945,6392.244189169556,15.292450213324297,45.1598460173864,6437.404035186943,63.17121105561073,6799.12412040948
1946,6392.17641627367,15.292288077209736,45.13590569025951,6437.312321963929,63.17051619767428,6799.028428410886
1947,6392.108649200629,15.292125955025428,45.11202945811341,6437.220678658742,63.169822302511925,6798.9328118429885
1948,6392.040887863586,15.291963846563604,45.088217181313006,6437.129105044899,63.169129368208964,6798.8372704683425
1949,6391.973132176308,15.291801751617962,45.064468720822994,6437.037600897132,63.16843739285591,6798.741804050745
1950,6391.905382052431,15.291639669981894,45.040783938203475,6436.946165990635,63.16774637454842,6798.646412354487
1951,6391.837637405702,15.291477601449047,45.017162695605535,6436.854800101307,63.16705631138717,6798.551095144592
1952,6391.76989815044,15.29131554581445,44.99360485576685,6436.7635030062065,63.166367201478096,6798.455852187273
1953,6391.702164201095,15.291153502873433,44.970110282007376,6436.672274483102,63.16567904293214,6798.360683249481
1954,6391.634435471685,15.290991472420298,44.94667883822501,6436.58111430991,63.16499183386533,6798.265588098344
1955,6391.5667118769215,15.290829454251009,44.923310388891366,6436.4900222658125,63.16430557239882,6798.170566502288
1956,6391.498993331555,15.290667448161614,44.9000047990474,6436.398998130602,63.16362025665869,6798.075618230374
1957,6391.4312797506755,15.290505453948985,44.876761934299275,6436.308041684974,63.16293588477619,6797.980743052597
1958,6391.3635710489325,15.29034347140893,44.8535816608141,6436.217152709746,63.16225245488752,6797.885940739102
1959,6391.29586714208,15.290181500339905,44.83046384531572,6436.126330987396,63.16156996513391,6797.791211061724
1960,6391.228167945184,15.290019540538719,44.80740835508064,6436.035576300265,63.16088841366155,6797.696553792191
1961,6391.160473373791,15.289857591803328,44.784415057933785,6435.944888431725,63.16020779862166,6797.601968703285
1962,6391.092783343797,15.28969565393253,44.76148382224451,6435.854267166042,63.1595281181704,6797.507455568716
1963,6391.025097771115,15.289533726725155,44.738614516922404,6435.763712288037,63.15884937046882,6797.413014162777
1964,6390.957416571766,15.2893718099803,44.71580701141331,6435.67322358318,63.158171553683005,6797.318644260433
1965,6390.8897396618595,15.289209903497271,44.69306117569528,6435.582800837555,63.157494665983876,6797.224345637298
1966,6390.822066958306,15.289048007077287,44.67037688027453,6435.492443838581,63.15681870554731,6797.130118070345
1967,6390.754398376972,15.288886120519072,44.647753996181535,6435.4021523731535,63.15614367055407,6797.035961336052
1968,6390.686733835156,15.288724243624774,44.62519239496697,6435.3119262301225,63.15546955918976,6796.94187521288
1969,6390.619073249702,15.288562376195458,44.60269194869792,6435.221765198399,63.15479636964491,6796.84785947938
1970,6390.55141653737,15.288400518031985,44.580252529953846,6435.131669067324,63.1541241001148,6796.7539139145565
1971,6390.483763615821,15.288238668937371,44.55787401182281,6435.0416376276435,63.15345274879964,6796.660038298853
1972,6390.416114402604,15.288076828714363,44.53555626789752,6434.951670670502,63.152782313904396,6796.566232413133
1973,6390.348468814735,15.287914997164437,44.513299172271616,6434.861767987006,63.15211279363882,6796.472496038253
1974,6390.280826770489,15.287753174092078,44.49110259953578,6434.771929370025,63.15144418621759,6796.37882895686
1975,6390.213188187621,15.28759135930053,44.468966424773996,6434.682154612396,63.150776489859965,6796.285230951594
1976,6390.145552984384,15.28742955259422,44.446890523559816,6434.592443507944,63.15010970279016,6796.191701806112
1977,6390.077921079063,15.287267753777664,44.42487477195256,6434.502795851016,63.14944382323695,6796.0982413046195
1978,6390.01029239,15.287105962655502,44.402919046493736,6434.413211436494,63.148778849433995,6796.004849231883
1979,6389.942666835909,15.286944179033275,44.38102322420322,6434.323690060112,63.14811477961962,6795.911525373551
1980,6389.875044335821,15.286782402717275,44.35918718257574,6434.234231518397,63.14745161203683,6795.818269516088
1981,6389.807424808354,15.28662063351281,44.337410799577135,6434.144835607931,63.14678934493333,6795.725081446042
1982,6389.739808172973,15.28645887122721,44.31569395364087,6434.055502126615,63.14612797656155,6795.631960951309
1983,6389.672194348982,15.286297115667422,44.29403652366432,6433.9662308726465,63.145467505178544,6795.538907820107
1984,6389.604583255998,15.286135366641142,44.272438389005295,6433.877021645003,63.144807929046,6795.445921841458
1985,6389.536974813398,15.285973623955497,44.25089942947855,6433.787874242877,63.1441492464303,6795.353002804628
1986,6389.469368941478,15.285811887419804,44.2294195253522,6433.698788466831,63.1434914556024,6795.26015050028
1987,6389.401765559938,15.285650156841957,44.2079985573443,6433.609764117283,63.14283455483786,6795.167364718957
1988,6389.334164589241,15.285488432031675,44.18663640661933,6433.52080099586,63.14217854241691,6795.074645252439
1989,6389.266565949795,15.285326712798554,44.16533295478483,6433.43189890458,63.141523416624224,6794.981991892921
1990,6389.198969561961,15.28516499895206,44.14408808388794,6433.3430576458495,63.14086917574923,6794.889404433016
1991,6389.1313753468885,15.28500329030356,44.122901676412035,6433.2542770233,63.140215818085714,6794.796882666586
1992,6389.0637832253815,15.284841586663592,44.10177361527339,6433.165556840655,63.13956334193213,6794.704426387609
1993,6388.996193118378,15.28467988784301,44.08070378381778,6433.076896902196,63.1389117455914,6794.612035390651
1994,6388.9286049473685,15.284518193653991,44.059692065817266,6432.988297013186,63.13826102737103,6794.519709471283
1995,6388.861018633716,15.284356503908413,44.0387383454668,6432.899756979184,63.137611185582955,6794.427448425398
1996,6388.79343409919,15.284194818419113,44.01784250738105,6432.811276606571,63.13696221854357,6794.335252049737
1997,6388.725851265824,15.284033136999579,43.997004436591126,6432.722855702415,63.1363141245739,6794.243120141756
1998,6388.658270055423,15.283871459462734,43.976224018541316,6432.634494073964,63.13566690199922,6794.15105249911
1999,6388.590690390358,15.283709785622866,43.95550113908599,6432.546191529444,63.135020549149395,6794.059048920463
2000,6388.5231121926045,15.283548115293312,43.93483568448637,6432.457947877091,63.13437506435864,6793.967109204515
2001,6388.455535385495,15.283386448290658,43.914227541407406,6432.369762926903,63.13373044596568,6793.875233151747
2002,6388.387959891059,15.28322478442837,43.8936765969146,6432.281636487974,63.13308669231358,6793.783420561769
2003,6388.320385632545,15.283063123522837,43.87318273847101,6432.193568371016,63.13244380174979,6793.69167123583
2004,6388.2528125331555,15.282901465390324,43.85274585393405,6432.105558387089,63.13180177262619,6793.599984975552
2005,6388.185240516243,15.28273980984747,43.83236583155259,6432.017606347796,63.13116060329896,6793.508361583124
2006,6388.1176695053655,15.2825781567114,43.812042559963764,6431.929712065329,63.130520292128686,6793.416800861353
2007,6388.050099423945,15.28241650579891,43.791775928190084,6431.841875352135,63.129880837480314,6793.325302613323
2008,6387.982530195876,15.282254856927933,43.77156582563642,6431.754096021513,63.129242237723,6793.233866642995
2009,6387.914961745229,15.282093209916816,43.751412142087,6431.666373887317,63.128604491230355,6793.14249275491
2010,6387.847393996635,15.281931564585252,43.731314767702536,6431.5787087643375,63.127967596380216,6793.051180754569
2011,6387.779826873825,15.281769920750778,43.71127359301728,6431.491100466843,63.12733155155471,6792.959930446978
2012,6387.712260302151,15.28160827823481,43.69128850893613,6431.403548811087,63.126696355140254,6792.86874163915
2013,6387.644694205983,15.281446636856419,43.67135940673176,6431.316053612714,63.126062005527515,6792.777614137516
2014,6387.577128510436,15.28128499643645,43.651486178041814,6431.228614688477,63.125428501111415,6792.686547749636
2015,6387.509563140665,15.281123356795849,43.63166871486601,6431.14123185553,63.12479584029108,6792.595542283499
2016,6387.441998021912,15.280961717755769,43.6119069095634,6431.053904931475,63.12416402146992,6792.504597547563
2017,6387.374433080019,15.280800079138801,43.59220065484958,6430.966633734869,63.12353304305556,6792.4137133512695
2018,6387.306868240518,15.28063844076679,43.572549843793894,6430.879418084312,63.12290290345972,6792.322889504123
2019,6387.239303429325,15.280476802462502,43.552954369816746,6430.792257799142,63.122273601098385,6792.23212581639
2020,6387.171738572631,15.280315164049355,43.5334141266869,6430.705152699317,63.12164513439168,6792.141422098985
2021,6387.104173596848,15.280153525351311,43.513929008518716,6430.618102605367,63.12101750176394,6792.050778163413
2022,6387.036608428279,15.279991886192054,43.49449890976957,6430.531107338048,63.12039070164359,6791.960193821432
2023,6386.969042993942,15.27983024639699,43.475123725237154,6430.444166719179,63.11976473246321,6791.869668885885
2024,6386.901477220241,15.27966860579005,43.455803350056854,6430.357280570298,63.119139592659494,6791.779203169362
2025,6386.833911034605,15.27950696419762,43.436537679699185,6430.270448714305,63.11851528067325,6791.688796485831
2026,6386.76634436421,15.27934532144548,43.41732660996719,6430.183670974177,63.11789179494933,6791.598448649367
2027,6386.69877713641,15.279183677359834,43.39817003699386,6430.096947173404,63.117269133936794,6791.508159474577
2028,6386.631209279216,15.27902203176846,43.37906785723959,6430.010277136455,63.116647296088644,6791.417928777073
2029,6386.563640720084,15.278860384497808,43.360019967489755,6429.923660687574,63.116026279862005,6791.327756372263
2030,6386.496071387173,15.278698735376013,43.34102626485211,6429.8370976520255,63.11540608371801,6791.237642076602
2031,6386.428501208906,15.278537084231832,43.32208664675435,6429.75058785566,63.11478670612189,6791.147585707153
2032,6386.360930113216,15.278375430892863,43.3032010109417,6429.664131124158,63.11416814554279,6791.057587080828
2033,6386.2933580291265,15.278213775189299,43.28436925547442,6429.577727284601,63.11355040045398,6790.967646015967
2034,6386.225784885435,15.278052116950802,43.26559127872544,6429.491376164161,63.11293346933264,6790.877762331024
2035,6386.158210611367,15.277890456008056,43.246866979378,6429.405077590745,63.11231735066001,6790.787935845209
2036,6386.090635135552,15.277728792190315,43.22819625642318,6429.3188313919745,63.11170204292114,6790.698166377468
2037,6386.023058387548,15.277567125329062,43.20957900915765,6429.232637396706,63.111087544605255,6790.608453748007
2038,6385.955480297374,15.277405455256876,43.19101513718131,6429.146495434556,63.11047385420541,6790.518797777814
2039,6385.887900794502,15.277243781805028,43.17250454039498,6429.060405334896,63.10986097021855,6790.429198287655
2040,6385.820319808783,15.277082104805702,43.15404711899813,6428.974366927781,63.10924889114567,6790.339655098999
2041,6385.752737270617,15.276920424092385,43.13564277348661,6428.8883800441035,63.10863761549155,6790.250168034178
2042,6385.685153110257,15.276758739498222,43.1172914046504,6428.802444514907,63.108027141764936,6790.160736915697
2043,6385.6175672584695,15.276597050857582,43.098992913571415,6428.716560172041,63.10741746847848,6790.07136156689
2044,6385.549979645861,15.276435358004452,43.080747201621286,6428.630726847482,63.10680859414862,6789.982041811237
2045,6385.482390203602,15.276273660774168,43.06255417045914,6428.544944374062,63.10620051729571,6789.892777473097
2046,6385.414798862532,15.276111959001272,43.04441372202949,6428.459212584561,63.105593236443966,6789.803568376802
2047,6385.347205554247,15.275950252522122,43.0263257585601,6428.373531312807,63.1049867501214,6789.714414347749
2048,6385.279610210182,15.275788541172684,43.00829018255981,6428.287900392742,63.104381056859935,6789.625315211474
2049,6385.212012762426,15.275626824790493,42.99030689681647,6428.202319659242,63.103776155195156,6789.536270794469
2050,6385.144413142688,15.275465103212172,42.97237580439486,6428.116788947083,63.10317204366663,6789.4472809231465
2051,6385.076811282961,15.275303376275026,42.95449680863459,6428.031308091596,63.10256872081757,6789.358345424496
2052,6385.009207115977,15.275141643818127,42.93666981314811,6427.945876929125,63.10196618519504,6789.269464126543
2053,6384.941600574034,15.274979905679507,42.91889472181865,6427.860495295853,63.10136443534985,6789.1806368571715
2054,6384.8739915901315,15.27481816169888,42.90117143879826,6427.7751630289295,63.100763469836515,6789.091863445254
2055,6384.806380097172,15.274656411715723,42.88349986850575,6427.689879965678,63.10016328721342,6789.0031437198595
2056,6384.7387660280965,15.274494655569608,42.86587991562476,6427.604645943721,63.09956388604253,6788.914477510376
2057,6384.671149316626,15.274332893101976,42.848311485101874,6427.519460801727,63.09896526488968,6788.82586464726
2058,6384.603529895929,15.27417112415294,42.8307944821446,6427.434324378073,63.098367422324266,6788.737304960697
2059,6384.535907700156,15.274009348564967,42.81332881221951,6427.349236512376,63.09777035691948,6788.648798282134
2060,6384.468282663131,15.273847566179738,42.79591438105032,6427.264197044181,63.097174067252155,6788.560344442967
2061,6384.400654718948,15.273685776839589,42.778551094616084,6427.179205813564,63.096578551902795,6788.471943275144
2062,6384.333023802097,15.273523980387793,42.76123885914927,6427.094262661247,63.095983809455596,6788.38359461128
2063,6384.26538984704,15.27336217666756,42.74397758113396,6427.009367428173,63.09538983849837,6788.295298284233
2064,6384.197752788756,15.273200365523339,42.72676716730402,6426.92451995606,63.09479663762262,6788.207054127653
2065,6384.130112562243,15.273038546799624,42.709607524641314,6426.839720086884,63.09420420542338,6788.118861975473
2066,6384.062469102397,15.272876720340662,42.69249856037391,6426.7549676627705,63.09361254049942,6788.030721661795
2067,6383.994822345054,15.272714885992952,42.67544018197441,6426.670262527028,63.09302164145299,6787.942633021923
2068,6383.927172225376,15.272553043601379,42.658432297158,6426.585604522534,63.092431506890065,6787.854595890753
2069,6383.859518679406,15.272391193012934,42.64147481388099,6426.500993493288,63.09184213542004,6787.766610104323
2070,6383.791861643211,15.272229334074666,42.62456764033891,6426.416429283549,63.091253525656,6787.67867549895
2071,6383.724201052877,15.272067466633677,42.60771068496486,6426.331911737842,63.090665676214606,6787.590791911236
2072,6383.656536844757,15.271905590537697,42.59090385642793,6426.247440701185,63.09007858571599,6787.502959178299
2073,6383.5888689558315,15.271743705635961,42.574147063631436,6426.163016019463,63.08949225278382,6787.415177138143
2074,6383.521197322403,15.271581811776084,42.55744021571136,6426.078637538115,63.0889066760454,6787.327445628347
2075,6383.4535218821,15.271419908808852,42.54078322203469,6425.994305104135,63.08832185413134,6787.239764488065
2076,6383.385842571667,15.271257996582936,42.52417599219781,6425.910018563865,63.08773778567596,6787.152133555818
2077,6383.318159328678,15.271096074948991,42.507618436024984,6425.825777764703,63.087154469317,6787.064552671203
2078,6383.250472091123,15.270934143758668,42.49111046356671,6425.74158255469,63.08657190369565,6786.977021674481
2079,6383.182780796502,15.270772202862444,42.47465198509821,6425.6574327816,63.08599008745656,6786.889540405666
2080,6383.1150853830095,15.270610252112462,42.45824291111789,6425.573328294127,63.08540901924789,6786.802108705711
2081,6383.047385788935,15.270448291361088,42.441883152345845,6425.489268941281,63.08482869772126,6786.714726415904
2082,6382.979681952672,15.270286320460938,42.42557261972232,6425.405254572394,63.08424912153164,6786.627393377877
2083,6382.911973813065,15.270124339265706,42.40931122440627,6425.321285037471,63.08367028933752,6786.540109433951
2084,6382.844261308951,15.26996234762907,42.39309887777384,6425.237360186725,63.083092199800745,6786.45287442668
2085,6382.7765443794815,15.269800345405459,42.37693549141696,6425.153479870898,63.08251485158655,6786.365688199161
2086,6382.708822963816,15.26963833244932,42.36082097714192,6425.069643940958,63.08193824336368,6786.278550594739
2087,6382.64109700164,15.269476308616365,42.34475524696788,6424.985852248608,63.081362373804126,6786.191461457514
2088,6382.5733664325035,15.26931427376197,42.32873821312558,6424.902104645629,63.080787241583266,6786.104420631681
2089,6382.505631196759,15.269152227743444,42.31276978805583,6424.818400984815,63.08021284537996,6786.01742796247
2090,6382.437891234107,15.268990170416524,42.296849884408296,6424.734741118516,63.07963918387629,6785.930483294684
2091,6382.370146485151,15.268828101639118,42.28097841503997,6424.6511249001915,63.079066255757674,6785.843586474256
2092,6382.302396890422,15.26866602126895,42.26515529301398,6424.5675521834355,63.07849405971302,6785.756737347272
2093,6382.234642390595,15.268503929164103,42.249380431598176,6424.484022822193,63.07792259443434,6785.6699357601865
2094,6382.166882926902,15.268341825183976,42.23365374426386,6424.400536671166,63.07735185861712,6785.583181560234
2095,6382.099118440336,15.268179709187406,42.2179751446845,6424.31709358502,63.07678185096006,6785.496474594627
2096,6382.031348872219,15.268017581034016,42.20234454673442,6424.233693418953,63.07621257016515,6785.409814711132
2097,6381.963574164429,15.267855440584757,42.18676186448759,6424.150336028916,63.07564401493769,6785.323201758285
2098,6381.895794258773,15.267693287700414,42.171227012216306,6424.067021270989,63.07507618398621,6785.2366355847735
2099,6381.828009097191,15.267531122242085,42.15573990439008,6423.983749001582,63.07450907602254,6785.150116039628
2100,6381.7602186221175,15.267368944072052,42.1403004556743,6423.900519077792,63.07394268976171,6785.063642972592
2101,6381.692422775464,15.26720675305135,42.12490858092907,6423.817331356394,63.07337702392202,6784.977216233098
2102,6381.624621500549,15.267044549044376,42.10956419520808,6423.734185695757,63.07281207722497,6784.890835672196
2103,6381.556814740015,15.266882331913912,42.094267213757334,6423.6510819537725,63.07224784839524,6784.804501140474
2104,6381.489002436747,15.266720101523317,42.079017552014086,6423.568019988761,63.07168433616086,6784.71821248897
2105,6381.421184534453,15.266557857737924,42.06381512560563,6423.484999660058,63.07112153925285,6784.631969569752
2106,6381.3533609763745,15.266395600421948,42.0486598503482,6423.402020826723,63.07055945640553,6784.545772234634
2107,6381.285531706493,15.266233329441372,42.03355164224586,6423.319083348739,63.069998086356435,6784.459620336369
2108,6381.2176966683655,15.266071044661162,42.01849041748939,6423.236187085855,63.06943742784616,6784.373513727494
2109,6381.149855806337,15.265908745948174,42.00347609245517,6423.153331898792,63.06887747961847,6784.287452261539
2110,6381.082009064912,15.265746433169646,41.9885085837042,6423.070517648616,63.06831824042039,6784.201435792394
2111,6381.014156388754,15.26558410619319,41.97358780798092,6422.987744196735,63.0677597090019,6784.115464174307
2112,6380.9462977220555,15.2654217648853,41.95871368221228,6422.9050114042675,63.06720188411622,6784.029537261262
2113,6380.878433010681,15.265259409116462,41.94388612350658,6422.822319134188,63.06664476451968,6783.943654909109
2114,6380.810562199126,15.26509703875389,41.9291050491526,6422.739667248279,63.066088348971675,6783.857816972528
2115,6380.742685232988,15.264934653667435,41.914370376618436,6422.657055609607,63.06553263623465,6783.772023307498
2116,6380.674802058047,15.264772253727385,41.89968202355068,6422.574484081598,63.06497762507428,6783.68627377038
2117,6380.606912620142,15.264609838804168,41.88503990777326,6422.491952527915,63.06442331425914,6783.600568217782
2118,6380.539016865458,15.264447408769037,41.87044394728659,6422.409460812744,63.063869702561014,6783.514906506861
2119,6380.471114739776,15.264284963492287,41.855894060266614,6422.327008800043,63.063316788754655,6783.429288494555
2120,6380.403206190388,15.264122502847819,41.841390165063785,6422.244596355452,63.06276457161784,6783.34371403951
2121,6380.335291163112,15.263960026706009,41.82693218020225,6422.1622233433145,63.06221304993149,6783.258182999087
2122,6380.267369605573,15.263797534941562,41.8125200243788,6422.079889629951,63.06166222247941,6783.172695232642
2123,6380.1994414646415,15.263635027427371,41.7981536164621,6421.997595081104,63.06111208804855,6783.087250598971
2124,6380.131506687534,15.263472504037162,41.78383287549173,6421.915339563026,63.06056264542876,6783.001848957399
2125,6380.063565221983,15.263309964645892,41.76955772067725,6421.833122942659,63.06001389341297,6782.916490167956
2126,6379.995617015637,15.263147409128319,41.75532807139746,6421.750945087035,63.05946583079702,6782.831174090777
2127,6379.927662016693,15.26298483736051,41.74114384719944,6421.668805863892,63.05891845637981,6782.745900586724
2128,6379.859700173173,15.262822249218118,41.72700496779776,6421.586705140971,63.0583717689631,6782.660669516677
2129,6379.791731433253,15.262659644577159,41.712911353073636,6421.504642786326,63.05782576735173,6782.575480741847
2130,6379.723755746119,15.262497023316076,41.69886292307413,6421.422618669194,63.05728045035337,6782.490334124642
2131,6379.655773060097,15.262334385311236,41.68485959801128,6421.340632658108,63.0567358167787,6782.405229526786
2132,6379.587783324592,15.262171730441608,41.670901298261356,6421.258684622853,63.0561918654413,6782.320166811271
2133,6379.519786488632,15.262009058585244,41.65698794436406,6421.176774432996,63.05564859515772,6782.235145840886
2134,6379.451782502008,15.26184636962203,41.643119457021776,6421.09490195903,63.055106004747344,6782.150166479364
2135,6379.38377131402,15.26168366343067,41.629295757098745,6421.013067071119,63.05456409303254,6782.065228590127
2136,6379.315752874629,15.261520939891456,41.615516765620356,6420.931269640249,63.05402285883843,6781.980332037434
2137,6379.247727134209,15.261358198885667,41.60178240377246,6420.849509537981,63.053482300993224,6781.895476686134
2138,6379.17969404305,15.26119544029438,41.58809259290052,6420.767786635951,63.0529424183278,6781.810662401171
2139,6379.1116535515575,15.261032663998941,41.574447254508996,6420.686100806067,63.05240320967602,6781.725889047773
2140,6379.043605610604,15.260869869881827,41.560846310260544,6420.604451920864,63.05186467387459,6781.641156491818
2141,6378.9755501710415,15.260707057825458,41.54728968197542,6420.522839853017,63.05132680976304,6781.556464599332
2142,6378.907487183996,15.26054422771291,41.53377729163071,6420.441264475627,63.05078961618372,6781.471813236788
2143,6378.839416601234,15.26038137942879,41.5203090613597,6420.3597256625935,63.05025309198185,6781.387202271476
2144,6378.771338373956,15.260218512856353,41.50688491345118,6420.278223287407,63.04971723600543,6781.302631570287
2145,6378.703252454385,15.260055627881304,41.493504770348764,6420.196757224733,63.049182047105255,6781.218101001308
2146,6378.635158794208,15.259892724388058,41.48016855465034,6420.115327348858,63.04864752413499,6781.133610432261
2147,6378.56705734591,15.259729802262942,41.466876189107325,6420.033933535017,63.048113665951036,6781.049159731832
2148,6378.498948061723,15.259566861391683,41.45362759662409,6419.952575658347,63.047580471412616,6780.964748768628
2149,6378.430830894809,15.259403901662223,41.44042270025734,6419.871253595066,63.04704793938168,6780.880377412348
2150,6378.36270579763,15.259240922960837,41.42726142321553,6419.789967220846,63.046516068722916,6780.796045532164
2151,6378.294572723193,15.259077925175102,41.41414368885818,6419.708716412051,63.045984858303875,6780.711752997956
2152,6378.22643162549,15.258914908194951,41.40106942069537,6419.627501046185,63.045454306994785,6780.627499680758
2153,6378.158282457293,15.2587518719074,41.388038542387164,6419.546320999681,63.04492441366862,6780.54328545055
2154,6378.090125172864,15.258588816203023,41.37505097774297,6419.465176150607,63.04439517720109,6780.459110178964
2155,6378.021959725933,15.25842574097113,41.362106650721024,6419.384066376654,63.04386659647061,6780.374973737266
2156,6377.953786070566,15.258262646101832,41.349205485427866,6419.302991555994,63.04333867035831,6780.290875997223
2157,6377.885604161723,15.258099531487375,41.336347406117696,6419.221951567841,63.04281139774806,6780.206816831658
2158,6377.817413953335,15.257936397017547,41.32353233719199,6419.140946290527,63.0422847775264,6780.122796112527
2159,6377.749215400758,15.257773242585545,41.31076020319881,6419.059975603956,63.041758808582514,6780.038813713374
2160,6377.68100845873,15.257610068083086,41.298030928832446,6418.979039387562,63.04123348980831,6779.954869507286
2161,6377.612793082451,15.257446873402994,41.285344438932796,6418.898137521384,63.0407088200984,6779.8709633679755
2162,6377.544569227686,15.257283658439441,41.27270065848489,6418.817269886171,63.040184798349955,6779.787095169873
2163,6377.476336849655,15.257120423085299,41.26009951261841,6418.736436362274,63.03966142346289,6779.703264787034
2164,6377.408095904783,15.256957167236324,41.2475409266072,6418.65563683139,63.039138694339755,6779.61947209487
2165,6377.339846348659,15.256793890786266,41.235024825868834,6418.574871174528,63.03861660988566,6779.53571696812
2166,6377.2715881378645,15.256630593631254,41.22255113596408,6418.494139273828,63.0380951690084,6779.451999282671
2167,6377.203321229073,15.256467275667637,41.210119782596465,6418.413441011669,63.037574370618394,6779.368318914662
2168,6377.135045578627,15.256303936790973,41.19773069161187,6418.332776270238,63.037054213628686,6779.2846757400575
2169,6377.066761143933,15.25614057689936,41.18538378899801,6418.252144932931,63.03653469695481,6779.201069636042
2170,6376.998467881848,15.255977195889589,41.17307900088403,6418.171546882732,63.03601581951506,6779.117500479408
2171,6376.930165749767,15.25581379365973,41.16081625354013,6418.0909820033075,63.035497580230185,6779.033968147639
2172,6376.861854705392,15.255650370108594,41.14859547337707,6418.010450178769,63.034979978023586,6778.950472518685
2173,6376.793534706493,15.25548692513515,41.13641658694575,6417.9299512934385,63.03446301182117,6778.867013470716
2174,6376.725205711006,15.25532345863877,41.124279520936895,6417.849485231944,63.03394668055144,6778.783590882224
2175,6376.656867677197,15.255159970519609,41.11218420218062,6417.769051879377,63.03343098314549,6778.700204632183
2176,6376.588520563522,15.254996460678283,41.100130557645954,6417.688651121168,63.03291591853689,6778.6168545999135
2177,6376.520164328758,15.254832929016167,41.08811851444058,6417.608282843199,63.03240148566174,6778.5335406652075
2178,6376.451798931557,15.254669375434348,41.076147999810324,6417.527946931367,63.03188768345877,6778.450262707885
2179,6376.383424330924,15.254505799834746,41.06421894113899,6417.447643272063,63.031374510869135,6778.3670206082725
2180,6376.315040486475,15.254342202120753,41.05233126594775,6417.3673717524225,63.03086196683648,6778.283814247458
2181,6376.246647357541,15.254178582195076,41.04048490189495,6417.2871322594365,63.030350050307064,6778.2006435064
2182,6376.178244903782,15.2540149399612,41.028679776775746,6417.206924680558,63.02983876022958,6778.1175082665295
2183,6376.109833085263,15.253851275323596,41.01691581852168,6417.126748903785,63.029328095555144,6778.03440840984
2184,6376.041411861757,15.253687588186022,41.005192955200435,6417.046604816957,63.028818055237515,6777.95134381818
2185,6375.972981194095,15.253523878454773,40.993511115015444,6416.96649230911,63.02830863823276,6777.8683143746075
2186,6375.90454104234,15.253360146034305,40.981870226305574,6416.886411268645,63.0277998434995,6777.78531996156
2187,6375.836091367784,15.25319639083202,40.97027021754485,6416.806361585329,63.027291669998775,6777.702360462856
2188,6375.767632131039,15.253032612753682,40.95871101734215,6416.726343148382,63.02678411669411,6777.619435761781
2189,6375.6991632933,15.25286881170646,40.94719255444076,6416.646355847741,63.02627718255147,6777.53654574235
2190,6375.630684815977,15.25270498759803,40.93571475771829,6416.566399573695,63.02577086653919,6777.453690288947
2191,6375.562196660887,15.25254114033705,40.92427755618619,6416.486474217073,63.02526516762811,6777.370869286505
2192,6375.493698789554,15.25237726983147,40.91288087898957,6416.406579668544,63.024760084791446,6777.288082619815
2193,6375.425191164219,15.252213375990953,40.90152465540692,6416.326715819626,63.02425561700481,6777.20533017453
2194,6375.356673747129,15.252049458725189,40.89020881484977,6416.246882561979,63.023751763246295,6777.1226118364575
2195,6375.288146500306,15.251885517943315,40.878933286862456,6416.167079787168,63.02324852249628,6777.039927491325
2196,6375.2196093870425,15.251721553557518,40.86769800112187,6416.087307388164,63.02274589373761,6776.957277026278
2197,6375.151062369888,15.251557565478201,40.85650288743718,6416.007565257325,63.022243875955496,6776.874660327865
2198,6375.082505411667,15.251393553616428,40.84534787574956,6415.927853287416,63.021742468137475,6776.792077283052
2199,6375.0139384759495,15.251229517885047,40.83423289613198,6415.848171372081,63.02124166927358,6776.7095277797025
2200,6374.945361526269,15.251065458196816,40.82315787878895,6415.768519405058,63.02074147835599,6776.627011705781
2201,6374.876774526125,15.250901374464414,40.812122754056254,6415.688897280181,63.020241894379446,6776.544528949367
2202,6374.808177439774,15.25073726660233,40.80112745240075,6415.609304892175,63.0197429163409,6776.462079399442
2203,6374.739570230708,15.250573134523224,40.7901719044201,6415.529742135128,63.01924454323964,6776.379662944363
2204,6374.670952863756,15.250408978142957,40.77925604084261,6415.450208904598,63.0187467740774,6776.297279473973
2205,6374.6023253035155,15.250244797376832,40.768379792527,6415.370705096043,63.01824960785815,6776.214928878026
2206,6374.533687514215,15.25008059213927,40.75754309046209,6415.2912306046765,63.017753043588144,6776.132611046044
2207,6374.465039461312,15.249916362347635,40.74674586576673,6415.211785327078,63.01725708027597,6776.050325868932
2208,6374.396381109676,15.249752107917887,40.73598804968952,6415.132369159366,63.016761716932564,6775.968073237144
2209,6374.32771242452,15.249587828766794,40.725269573608614,6415.052981998128,63.016266952571115,6775.885853041618
2210,6374.25903337192,15.249423524813206,40.714590369031555,6414.973623740952,63.01577278620704,6775.803665174301
2211,6374.1903439168955,15.249259195973433,40.703950367595056,6414.894294284491,63.01527921685818,6775.721509526226
2212,6374.121644026309,15.249094842168203,40.69334950106479,6414.814993527373,63.01478624354451,6775.639385990409
2213,6374.052933665657,15.24893046331497,40.6827877013353,6414.735721366993,63.01429386528832,6775.557294458644
2214,6373.984212801807,15.248766059334468,40.672264900429695,6414.656477702237,63.01380208111414,6775.475234824233
2215,6373.915481400894,15.24860163014568,40.66178103049958,6414.577262431394,63.01331089004881,6775.393206979893
2216,6373.846739429881,15.248437175669572,40.651336023824854,6414.498075453706,63.012820291121294,6775.311210819305
2217,6373.777986855999,15.24827269582775,40.64092981281351,6414.418916668813,63.01233028336295,6775.229246236562
2218,6373.709223646116,15.248108190540947,40.63056233000153,6414.339785976117,63.01184086580717,6775.147313125533
2219,6373.640449767934,15.2479436597319,40.620233508052685,6414.260683275987,63.0113520374898,6775.065411381065
2220,6373.571665188975,15.247779103322907,40.60994327975838,6414.181608468733,63.010863797448685,6774.98354089796
2221,6373.5028698769465,15.247614521236715,40.599691578037564,6414.102561454984,63.01037614472402,6774.901701571349
2222,6373.434063799961,15.247449913397036,40.5894783359365,6414.0235421358975,63.00988907835809,6774.819893296907
2223,6373.365246926419,15.247285279728274,40.579303486628675,6413.944550413047,63.00940259739548,6774.7381159707365
2224,6373.296419224267,15.24712062015375,40.56916696341464,6413.865586187681,63.00891670088293,6774.656369488627
2225,6373.227580662698,15.246955934599756,40.5590686997219,6413.78664936242,63.00843138786931,6774.5746537477535
2226,6373.158731210356,15.246791222991282,40.54900862910472,6413.70773983946,63.00794665740571,6774.4929686448795
2227,6373.089870836047,15.246626485253701,40.538986685244105,6413.628857521291,63.00746250854541,6774.411314077071
2228,6373.020999509367,15.246461721314276,40.52900280194755,6413.5500023113145,63.006978940343785,6774.329689942324
2229,6372.952117199459,15.246296931099184,40.51905691314901,6413.471174112608,63.00649595185838,6774.248096138318
2230,6372.883223876339,15.246132114536696,40.509148952908745,6413.3923728292475,63.00601354214895,6774.166532563744
2231,6372.814319509497,15.245967271553821,40.499278855413216,6413.313598364911,63.005531710277296,6774.08499911691
2232,6372.7454040690955,15.245802402079176,40.48944655497496,6413.2348506240705,63.00505045530744,6774.003495696927
2233,6372.676477525554,15.245637506041996,40.47965198603247,6413.156129511587,63.00456977630545,6773.922022203309
2234,6372.60753984913,15.245472583371125,40.469895083150135,6413.07743493228,63.0040896723396,6773.84057853554
2235,6372.538591010692,15.24530763399687,40.46017578101807,6412.998766791709,63.00361014248023,6773.759164593856
2236,6372.469630980862,15.245142657848954,40.450494014452104,6412.920124995315,63.003131185799745,6773.677780278387
2237,6372.40065973062,15.244977654857943,40.44084971839355,6412.841509449013,63.00265280137276,6773.59642548975
2238,6372.331677231631,15.244812624956054,40.43124282790931,6412.76292005954,63.00217498827587,6773.515100129393
2239,6372.262683455029,15.244647568074232,40.42167327819154,6412.684356733221,63.00169774558785,6773.433804098368
2240,6372.193678372595,15.244482484144964,40.41214100455776,6412.605819377153,63.00122107238948,6773.352537298507
2241,6372.124661956186,15.244317373100923,40.4026459424507,6412.5273078986365,63.00074496776366,6773.271299631859
2242,6372.0556341775155,15.24415223487444,40.39318802743814,6412.448822204954,63.0002694307954,6773.190091000467
2243,6371.986595009547,15.24398706940083,40.38376719521299,6412.370362204761,62.99979446057162,6773.10891130776
2244,6371.917544424136,15.243821876612767,40.37438338159305,6412.29192780573,62.99932005618152,6773.027760456193
2245,6371.848482394316,15.243656656445733,40.365036522521024,6412.2135189168375,62.99884621671617,6772.946638349541
2246,6371.779408892646,15.24349140883408,40.35572655406442,6412.135135446711,62.998372941268734,6772.865544891236
2247,6371.710323892189,15.24332613371337,40.346453412415535,6412.056777304605,62.99790022893444,6772.784479985353
2248,6371.6412273663,15.243160831019857,40.337217033891235,6411.978444400192,62.997428078810515,6772.703443536394
2249,6371.572119288455,15.242995500690084,40.32801735493308,6411.900136643388,62.99695648999624,6772.62243544912
2250,6371.502999632119,15.242830142660573,40.318854312107135,6411.821853944226,62.996485461592926,6772.541455628416
2251,6371.433868371347,15.242664756869251,40.309727842103925,6411.7435962134505,62.99601499270382,6772.460503979892
2252,6371.364725480174,15.242499343254003,40.300637881738425,6411.665363361912,62.995545082434234,6772.379580409275
2253,6371.295570932391,15.242333901752131,40.29158436794992,6411.587155300341,62.9950757298915,6772.298684822185
2254,6371.2264047029685,15.242168432303753,40.28256723780203,6411.508971940771,62.99460693418487,6772.2178171255555
2255,6371.157226766321,15.242002934847658,40.273586428482595,6411.430813194804,62.994138694425715,6772.136977225899
2256,6371.08803709708,15.241837409323157,40.26464187730368,6411.352678974384,62.99367100972725,6772.056165030082
2257,6371.018835670433,15.241671855670893,40.25573352170149,6411.274569192135,62.99320387920473,6771.975380445663
2258,6370.949622461497,15.241506273831332,40.246861299236286,6411.196483760733,62.99273730197535,6771.894623380263
2259,6370.880397445686,15.24134066374566,40.23802514759243,6411.118422593278,62.99227127715833,6771.813893741938
2260,6370.811160598876,15.241175025356164,40.229225004578254,6411.0403856034545,62.9918058038748,6771.73319143934
2261,6370.741911896378,15.241009358603776,40.22046080812608,6410.962372704505,62.9913408812478,6771.652516380691
2262,6370.672651314348,15.240843663431454,40.21173249629208,6410.8843838106395,62.99087650840241,6771.57186847519
2263,6370.603378829183,15.240677939782735,40.203040007256384,6410.80641883644,62.990412684465646,6771.491247632421
2264,6370.53409441677,15.24051218759993,40.194383279322935,6410.728477696093,62.98994940856633,6771.410653761583
2265,6370.46479805405,15.240346406827872,40.185762250919495,6410.65056030497,62.989486679835366,6771.330086773069
2266,6370.395489717796,15.240180597410996,40.177176860597605,6410.572666578394,62.989024497405524,6771.249546577236
2267,6370.326169384526,15.240014759293125,40.16862704703251,6410.494796431559,62.98856286041146,6771.169033084326
2268,6370.2568370316785,15.239848892420284,40.1601127490232,6410.4169497807015,62.98810176798976,6771.088546205629
2269,6370.187492636448,15.239682996737914,40.15163390549233,6410.3391265419405,62.98764121927895,6771.008085852332
2270,6370.11813617654,15.23951707219268,40.14319045548622,6410.261326632027,62.987181213419404,6770.927651936264
2271,6370.048767629609,15.239351118731122,40.134782338174766,6410.183549967784,62.98672174955341,6770.847244369336
2272,6369.979386973432,15.239185136300076,40.12640949285149,6410.105796466283,62.98626282682518,6770.766863063721
2273,6369.90999418589,15.239019124846628,40.1180718589335,6410.028066044824,62.98580444438079,6770.686507931827
2274,6369.8405892456485,15.238853084319734,40.10976937596142,6409.95035862161,62.98534660136812,6770.606178886977
2275,6369.771172130985,15.238687014667429,40.10150198359944,6409.872674114585,62.984889296937006,6770.5258758422515
2276,6369.701742820453,15.238520915838404,40.09326962163524,6409.795012442088,62.98443253023916,6770.445598711129
2277,6369.632301292709,15.2383547877816,40.08507222997998,6409.717373522689,62.98397630042808,6770.365347407332
2278,6369.5628475273315,15.238188630448162,40.07690974866829,6409.639757276,62.9835206066592,6770.285121845637
2279,6369.493381503117,15.238022443787361,40.06878211785826,6409.562163620975,62.98306544808973,6770.204921940174
2280,6369.423903199691,15.237856227750457,40.060689277831415,6409.484592477523,62.98261082387879,6770.124747606034
2281,6369.354412596319,15.237689982287845,40.05263116899268,6409.407043765312,62.982156733187274,6770.044598758082
2282,6369.28490967321,15.237523707352176,40.0446077318704,6409.32951740508,62.98170317517794,6769.964475312263
2283,6369.215394409797,15.237357402894252,40.036618907116335,6409.252013316914,62.981250149015395,6769.884377183878
2284,6369.145866786642,15.237191068867563,40.028664635505606,6409.174531422147,62.98079765386606,6769.80430428949
2285,6369.076326783743,15.237024705224265,40.0207448579367,6409.09707164168,62.98034568889812,6769.724256545233
2286,6369.006774381691,15.23685831191792,40.01285951543146,6409.019633897122,62.979894253281586,6769.644233867967
2287,6368.937209561458,15.23669188890301,40.00500854913511,6408.942218110593,62.979443346188404,6769.564236175069
2288,6368.8676323037525,15.236525436133379,39.99719190031619,6408.864824204069,62.97899296679213,6769.4842633837825
2289,6368.798042589431,15.236358953563233,39.989409510366585,6408.7874520997975,62.97854311426821,6769.404315411634
2290,6368.7284403999665,15.236192441148246,39.981661320801514,6408.710101720768,62.97809378779391,6769.324392176903
2291,6368.6588257165695,15.236025898843467,39.973947273259526,6408.632772989829,62.97764498654817,6769.2444935977355
2292,6368.589198521177,15.235859326605688,39.966267309502506,6408.55546583068,62.97719670971187,6769.16461959314
2293,6368.519558795391,15.235692724390889,39.95862137141561,6408.478180166807,62.97674895646751,6769.084770081922
2294,6368.449906521188,15.23552609215595,39.95100940100735,6408.400915922195,62.97630172599941,6769.004944983397
2295,6368.380241680786,15.23535942985834,39.943431340409504,6408.323673021196,62.97585501749373,6768.925144217255
2296,6368.31056425623,15.235192737455094,39.935887131877216,6408.246451388107,62.97540883013829,6768.845367703145
2297,6368.240874230611,15.235026014905767,39.92837671778891,6408.169250948399,62.974963163122666,6768.765615361896
2298,6368.171171586188,15.234859262167914,39.9209000406463,6408.092071626835,62.97451801563828,6768.68588711364
2299,6368.101456305882,15.234692479200673,39.913457043074445,6408.014913348956,62.97407338687817,6768.606182879299
2300,6368.031728372949,15.234525665963993,39.90604766782167,6407.937776040771,62.973629276037244,6768.526502580272
2301,6367.961987770391,15.234358822417203,39.89867185775963,6407.860659628151,62.97318568231198,6768.446846137827
2302,6367.89223448184,15.234191948521149,39.89132955588332,6407.783564037723,62.97274260490071,6768.3672134740045
2303,6367.822468490716,15.234025044236164,39.88402070531098,6407.706489196027,62.97230004300347,6768.28760451076
2304,6367.752689780822,15.233858109523498,39.876745249284234,6407.629435030106,62.97185799582199,6768.208019170566
2305,6367.682898336279,15.233691144345165,39.869503131167995,6407.552401467447,62.97141646255969,6768.1284573763505
2306,6367.613094141096,15.233524148662909,39.86229429445049,6407.475388435546,62.970975442421775,6768.048919051057
2307,6367.543277179563,15.233357122439147,39.8551186827433,6407.398395862307,62.97053493461507,6767.969404118047
2308,6367.473447436265,15.233190065636997,39.847976239781325,6407.321423676046,62.970094938348126,6767.889912501108
2309,6367.403604895762,15.233022978219527,39.840866909422815,6407.244471805185,62.96965545283119,6767.810444124136
2310,6367.333749542928,15.232855860150545,39.83379063564933,6407.167540178577,62.96921647727621,6767.730998911474
2311,6367.263881362766,15.232688711394179,39.8267473625658,6407.090628725332,62.968778010896806,6767.651576787727
2312,6367.19400034046,15.232521531914976,39.81973703440053,6407.01373737486,62.96834005290829,6767.572177677815
2313,6367.124106461423,15.232354321678047,39.81275959550515,6406.936866056928,62.96790260252756,6767.492801507017
2314,6367.054199711042,15.232187080648426,39.8058149903547,6406.860014701397,62.96746565897337,6767.413448200724
2315,6366.984280075343,15.232019808792687,39.798903163547564,6406.783183238891,62.9670292214659,6767.334117685093
2316,6366.914347539956,15.23185250607645,39.79202405980553,6406.706371599762,62.96659328922716,6767.254809886022
2317,6366.84440209096,15.231685172466412,39.78517762397377,6406.629579714934,62.96615786148077,6767.175524729988
2318,6366.774443714732,15.231517807929981,39.77836380102087,6406.552807515753,62.96572293745197,6767.096262143902
2319,6366.704472397555,15.231350412434342,39.77158253603881,6406.476054933594,62.96528851636766,6767.017022054713
2320,6366.634488126008,15.231182985947388,39.76483377424298,6406.399321900251,62.96485459745642,6766.937804389796
2321,6366.564490886949,15.231015528437677,39.758117460972215,6406.322608347921,62.96442117994841,6766.85860907694
2322,6366.494480666923,15.23084803987302,39.7514335416888,6406.245914208612,62.963988263075436,6766.7794360437565
2323,6366.424457453812,15.23068052022443,39.74478196197843,6406.16923941579,62.96355584607092,6766.700285219319
2324,6366.354421234109,15.230512969459593,39.738162667550306,6406.09258390166,62.96312392816993,6766.621156531455
2325,6366.284371995382,15.230345387548759,39.73157560423702,6406.015947599619,62.962692508609116,6766.542049909189
2326,6366.214309725904,15.230177774463884,39.725020717994695,6405.939330443899,62.96226158662678,6766.462965282392
2327,6366.144234412546,15.230010130173556,39.7184979549029,6405.862732367449,62.96183116146281,6766.383902579661
2328,6366.074146043814,15.229842454650273,39.71200726116474,6405.786153304979,62.96140123235867,6766.304861731362
2329,6366.0040446074345,15.229674747864676,39.70554858310679,6405.709593190541,62.960971798557495,6766.225842667213
2330,6365.933930092041,15.229507009789572,39.699121867179166,6405.63305195922,62.960542859303885,6766.146845317974
2331,6365.863802486021,15.229339240397179,39.6927270599555,6405.556529545976,62.96011441384418,6766.0678696142895
2332,6365.793661777822,15.229171439659861,39.68636410813295,6405.480025885955,62.95968646142623,6765.988915486998
2333,6365.723507956249,15.229003607550835,39.680032958532195,6405.403540914781,62.95925900129941,6765.909982867427
2334,6365.653341010329,15.22883574404385,39.67373355809753,6405.327074568427,62.958832032714774,6765.831071687259
2335,6365.583160929427,15.228667849113462,39.667465853896765,6405.250626783324,62.95840555492487,6765.752181878647
2336,6365.512967702325,15.228499922732835,39.661229793121315,6405.174197495447,62.95797956718383,6765.673313373294
2337,6365.442761318867,15.228331964877674,39.65502532308614,6405.0977866419535,62.957554068747385,6765.594466104096
2338,6365.372541768338,15.22816397552234,39.64885239122982,6405.0213941595675,62.95712905887278,6765.515640003524
2339,6365.302309040751,15.227995954642946,39.64271094511457,6404.945019985866,62.95670453681886,6765.436835004911
2340,6365.232063126075,15.227827902215491,39.63660093242622,6404.868664058502,62.95628050184594,6765.358051041674
2341,6365.161804014106,15.227659818215564,39.63052230097417,6404.79232631508,62.9558569532159,6765.2792880471925
2342,6365.091531695558,15.227491702620952,39.62447499869151,6404.71600669425,62.95543389019227,6765.200545955899
2343,6365.021246160595,15.227323555408123,39.618458973634965,6404.63970513423,62.95501131203994,6765.121824701801
2344,6364.950947399849,15.227155376554663,39.61247417398492,6404.563421573834,62.95458921802543,6765.043124219514
2345,6364.880635403971,15.226987166038207,39.606520548045424,6404.487155952016,62.954167607416835,6764.9644444438
2346,6364.810310164347,15.226818923838152,39.60059804424421,6404.4109082085915,62.95374647948367,6764.885785310293
2347,6364.739971671321,15.22665064993139,39.59470661113268,6404.334678282454,62.95332583349699,6764.80714675371
2348,6364.669619916774,15.226482344298502,39.58884619738597,6404.25846611416,62.95290566872943,6764.728528710446
2349,6364.599254891583,15.226314006917661,39.58301675180289,6404.182271643385,62.95248598445505,6764.649931116019
2350,6364.5288765877685,15.22614563776978,39.57721822330598,6404.106094811074,62.952066779949455,6764.571353907223
2351,6364.458484996794,15.225977236834435,39.5714505609415,6404.029935557735,62.95164805448971,6764.49279702043
2352,6364.388080110599,15.225808804092342,39.565713713879454,6403.953793824478,62.9512298073545,6764.4142603926175
2353,6364.317661921269,15.225640339524567,39.560007631413605,6403.877669552683,62.95081203782383,6764.3357439610445
2354,6364.247230421,15.22547184311244,39.554332262961424,6403.801562683961,62.95039474517935,6764.257247663207
2355,6364.1767856020015,15.225303314837324,39.54868755806417,6403.725473160066,62.94997792870407,6764.178771436755
2356,6364.106327456904,15.225134754681589,39.543073466386865,6403.649400923291,62.94956158768258,6764.100315219885
2357,6364.035855978523,15.224966162628045,39.53748993771831,6403.573345916241,62.94914572140083,6764.021878951112
2358,6363.9653711593255,15.224797538658674,39.53193692197111,6403.497308081297,62.94873032914634,6763.943462568737
2359,6363.894872992639,15.224628882757509,39.52641436918162,6403.421287361821,62.94831541020809,6763.865066012053
2360,6363.824361471372,15.22446019490759,39.52092222951003,6403.345283700882,62.94790096387648,6763.7866892200645
2361,6363.75383658888,15.224291475093015,39.51546045324032,6403.26929704212,62.947486989443384,6763.708332132358
2362,6363.683298338704,15.224122723298334,39.510028990780285,6403.193327329484,62.94707348620213,6763.629994688834
2363,6363.612746714383,15.223953939508094,39.504627792661594,6403.117374507045,62.94666045344753,6763.551676829525
2364,6363.542181709866,15.223785123707813,39.49925680953966,6403.041438519405,62.94624789047579,6763.473378495007
2365,6363.471603318518,15.223616275881621,39.49391599219375,6402.965519310712,62.94583579658458,6763.395099625402
2366,6363.401011535019,15.223447396016793,39.48860529152702,6402.889616826546,62.94542417107306,6763.31684016228
2367,6363.330406353232,15.223278484098643,39.4833246585664,6402.813731011799,62.945013013241706,6763.238600046526
2368,6363.259787767605,15.223109540113889,39.47807404446273,6402.737861812068,62.94460232239259,6763.160379219741
2369,6363.189155772903,15.222940564050008,39.47285340049068,6402.662009173394,62.94419209782903,6763.082177623976
2370,6363.118510363397,15.222771555893294,39.46766267804874,6402.586173041445,62.94378233885593,6763.003995200922
2371,6363.047851534062,15.222602515631728,39.46250182865934,6402.510353362722,62.94337304477948,6762.925831893102
2372,6362.9771792801475,15.22243344325394,39.457370803968715,6402.434550084116,62.942964214907406,6762.847687643449
2373,6362.906493596244,15.222264338746996,39.45226955574701,6402.358763151991,62.9425558485487,6762.769562394366
2374,6362.835794478144,15.222095202100823,39.44719803588822,6402.282992514032,62.94214794501391,6762.691456089591
2375,6362.765081921003,15.221926033303834,39.44215619641022,6402.207238117413,62.94174050361494,6762.613368672359
2376,6362.694355920405,15.221756832345466,39.43714398945475,6402.1314999098595,62.94133352366505,6762.5353000864625
2377,6362.62361647223,15.221587599215862,39.43216136728747,6402.055777839518,62.9409270044789,6762.457250276123
2378,6362.552863572243,15.221418333904888,39.4272082822979,6401.980071854541,62.94052094537261,6762.379219185579
2379,6362.482097216451,15.221249036402993,39.42228468699946,6401.9043819034505,62.940115345663635,6762.301206759443
2380,6362.411317400958,15.221079706700857,39.41739053402943,6401.8287079349875,62.9397102046708,6762.223212942555
2381,6362.3405241224245,15.22091034479049,39.41252577614899,6401.753049898573,62.939305521714374,6762.145237680445
2382,6362.269717376715,15.220740950661996,39.407690366243216,6401.677407742958,62.938901296115944,6762.067280917978
2383,6362.19889716093,15.220571524308445,39.40288425732105,6401.6017814182505,62.938497527198486,6761.989342601387
2384,6362.128063471579,15.22040206572148,39.39810740251535,6401.526170874094,62.93809421428638,6761.911422676446
2385,6362.057216305745,15.220232574894126,39.39335975508281,6401.450576060828,62.9376913567053,6761.833521089634
2386,6361.986355660272,15.220063051818833,39.38864126840404,6401.374996928676,62.93728895378234,6761.755637787321
2387,6361.915481532602,15.219893496489478,39.38395189598351,6401.299433428586,62.93688700484596,6761.677772716608
2388,6361.844593919775,15.219723908898985,39.37929159144958,6401.223885511225,62.936485509225946,6761.599925824326
2389,6361.773692819225,15.21955428904121,39.37466030855448,6401.14835312778,62.93608446625342,6761.522097057834
2390,6361.702778229166,15.219384636911881,39.370058001174314,6401.072836230341,62.93568387526089,6761.444286365397
2391,6361.631850146594,15.219214952503814,39.36548462330905,6400.997334769903,62.93528373558221,6761.366493694196
2392,6361.560908570035,15.219045235813482,39.36094012908252,6400.921848699118,62.934884046552504,6761.288718993076
2393,6361.489953497059,15.218875486835069,39.35642447274242,6400.846377969801,62.934484807508326,6761.210962210054
2394,6361.418984926115,15.218705705564867,39.351937608660286,6400.770922534775,62.93408601778751,6761.133223294161
2395,6361.348002855351,15.218535891998448,39.3474794913315,6400.695482346683,62.93368767672923,6761.0555021942555
2396,6361.277007283608,15.218366046133035,39.3430500753753,6400.620057358984,62.933289783673985,6760.977798860022
2397,6361.2059982088485,15.218196167963752,39.33864931553473,6400.544647524383,62.93289233796359,6760.900113240394
2398,6361.134975630393,15.218026257488978,39.334277166676685,6400.469252797069,62.932495338941195,6760.822445285801
2399,6361.063939547062,15.21785631470589,39.32993358379185,6400.3938731308535,62.93209878595127,6760.7447949463
2400,6360.992889957608,15.217686339611502,39.32561852199474,6400.318508479602,62.93170267833956,6760.6671621720125
2401,6360.921826861399,15.217516332204303,39.32133193652369,6400.243158797923,62.931307015453136,6760.589546913805
2402,6360.850750257641,15.217346292482395,39.31707378274078,6400.167824040382,62.93091179664043,6760.511949122514
2403,6360.779660145805,15.21717622044451,39.312844016131855,6400.092504161937,62.930517021251056,6760.434368749374
2404,6360.708556525438,15.217006116089566,39.30864259230658,6400.017199117745,62.93012268863602,6760.356805745825
2405,6360.6374393963215,15.216835979417038,39.30446946699835,6399.941908863319,62.92972879814759,6760.279260063671
2406,6360.566308758189,15.216665810426289,39.300324596064314,6399.866633354253,62.92933534913937,6760.2017316548045
2407,6360.495164611173,15.216495609117638,39.29620793548534,6399.791372546659,62.92894234096616,6760.124220471643
2408,6360.424006955402,15.216325375491392,39.29211944136604,6399.716126396767,62.928549772984134,6760.046726466731
2409,6360.352835790812,15.216155109547396,39.28805906993471,6399.640894860747,62.92815764455068,6759.969249592557
2410,6360.281651118219,15.215984811287605,39.28402677754334,6399.565677895763,62.92776595502454,6759.891789802616
2411,6360.210452937925,15.215814480712739,39.28002252066758,6399.490475458592,62.927374703765615,6759.814347050017
2412,6360.139241250536,15.215644117824247,39.27604625590676,6399.415287506443,62.92698389013516,6759.736921288312
2413,6360.068016056803,15.21547372262393,39.27209793998388,6399.340113996786,62.92659351349572,6759.659512471323
2414,6359.996777357981,15.215303295114786,39.2681775297455,6399.264954887726,62.92620357321101,6759.582120553509
2415,6359.9255251548875,15.215132835298775,39.264284982161826,6399.18981013705,62.92581406864612,6759.504745489024
2416,6359.854259448649,15.214962343178586,39.26042025432665,6399.114679702976,62.92542499916726,6759.427387232454
2417,6359.782980240743,15.214791818757758,39.25658330345732,6399.0395635442,62.92503636414202,6759.350045738876
2418,6359.7116875322645,15.21462126203891,39.252774086894746,6398.964461619159,62.92464816293922,6759.272720963112
2419,6359.640381325238,15.214450673026885,39.24899256210339,6398.889373887341,62.92426039492881,6759.195412861043
2420,6359.569061621129,15.214280051725188,39.245238686671186,6398.814300307799,62.923873059482126,6759.118121388122
2421,6359.497728421906,15.21410939813853,39.24151241830957,6398.739240840216,62.92348615597165,6759.040846500437
2422,6359.4263817294595,15.213938712271434,39.23781371485346,6398.664195444313,62.923099683771234,6758.963588154126
2423,6359.355021545998,15.213767994129181,39.23414253426118,6398.589164080259,62.922713642255744,6758.886346305779
2424,6359.283647873466,15.213597243716427,39.23049883461452,6398.51414670808,62.92232803080151,6758.8091209118475
2425,6359.212260714494,15.21342646103946,39.22688257411864,6398.439143288612,62.92194284878589,6758.731911929605
2426,6359.140860071444,15.213255646103933,39.223293711102045,6398.364153782546,62.92155809558763,6758.654719316185
2427,6359.069445946842,15.21308479891589,39.21973220401661,6398.289178150859,62.921173770586606,6758.577543029012
2428,6358.998018343631,15.212913919482371,39.2161980114375,6398.214216355069,62.92078987316394,6758.500383026062
2429,6358.926577264588,15.212743007810019,39.21269109206318,6398.139268356651,62.920406402701914,6758.423239265273
2430,6358.855122712559,15.212572063905643,39.209211404715376,6398.0643341172745,62.92002335858411,6758.346111704784
2431,6358.7836546908875,15.212401087777243,39.205758908339035,6397.989413599226,62.91964074019527,6758.269000303359
2432,6358.712173202433,15.21223007943166,39.202333562002316,6397.914506764436,62.91925854692135,6758.19190501941
2433,6358.640678251123,15.212059038878285,39.19893532489653,6397.8396135760195,62.918876778149524,6758.114825812547
2434,6358.569169840072,15.211887966124575,39.19556415633613,6397.764733996409,62.91849543326813,6758.037762641698
2435,6358.497647972993,15.21171686117941,39.19222001575868,6397.689867988752,62.91811451166667,6757.960715466515
2436,6358.426112653493,15.211545724051419,39.1889028627248,6397.615015516218,62.91773401273599,6757.883684246679
2437,6358.3545638855685,15.211374554750163,39.18561265691818,6397.540176542487,62.91735393586796,6757.806668942389
2438,6358.283001673058,15.211203353284827,39.182349358145466,6397.465351031203,62.91697428045572,6757.729669513812
2439,6358.211426020145,15.211032119665418,39.179112926336266,6397.390538946482,62.916595045893544,6757.652685921598
2440,6358.1398369311655,15.21086085390231,39.17590332154319,6397.315740252709,62.91621623157694,6757.57571812667
2441,6358.0682344103425,15.210689556005605,39.17272050394162,6397.240954914284,62.91583783690261,6757.498766089973
2442,6357.996618462141,15.210518225985982,39.1695644338299,6397.16618289597,62.91545986126835,6757.421829772822
2443,6357.92498909113,15.210346863854378,39.16643507162915,6397.091424162759,62.91508230407315,6757.344909136767
2444,6357.853346302144,15.210175469622355,39.16333237788323,6397.016678680027,62.91470516471725,6757.268004143751
2445,6357.781690099739,15.21000404330081,39.160256313258806,6396.941946412998,62.91432844260192,6757.1911147555675
2446,6357.710020489063,15.209832584902065,39.157206838545136,6396.867227327608,62.913952137129726,6757.114240934734
2447,6357.638337475255,15.20966109443841,39.1541839146542,6396.792521389909,62.9135762477043,6757.037382643887
2448,6357.566641063204,15.20948957192154,39.15118750262053,6396.717828565825,62.913200773730495,6756.9605398455415
2449,6357.494931258646,15.209318017365181,39.14821756360128,6396.643148822247,62.91282571461428,6756.883712503189
2450,6357.42320806657,15.209146430781267,39.145274058876076,6396.568482125445,62.91245106976273,6756.806900579703
2451,6357.351471492751,15.208974812183616,39.14235694984703,6396.493828442599,62.9120768385842,6756.730104038876
2452,6357.27972154263,15.208803161585239,39.13946619803865,6396.419187740668,62.91170302048805,6756.653322844285
2453,6357.207958222359,15.208631479000857,39.136601765097794,6396.344559987457,62.911329614884885,6756.576556960359
2454,6357.136181537573,15.208459764443955,39.133763612793715,6396.269945150367,62.910956621186386,6756.499806351133
2455,6357.0643914942075,15.208288017928727,39.13095170301788,6396.195343197225,62.91058403880537,6756.42307098107
2456,6356.992588098403,15.208116239469863,39.128165997783995,6396.120754096187,62.91021186715586,6756.34635081497
2457,6356.920771356368,15.20794442908222,39.12540645922793,6396.046177815596,62.90984010565289,6756.269645817827
2458,6356.848941274497,15.207772586781092,39.122673049607684,6395.971614324104,62.90946875371275,6756.192955954953
2459,6356.777097859406,15.20760071258231,39.11996573130328,6395.89706359071,62.90909781075274,6756.116281192007
2460,6356.705241117461,15.207428806501103,39.11728446681678,6395.822525584278,62.908727276191385,6756.039621494525
2461,6356.633371055402,15.207256868553593,39.11462921877214,6395.748000274174,62.90835714944826,6755.962976828549
2462,6356.561487679991,15.207084898755959,39.11199994991526,6395.673487629906,62.907987429944065,6755.886347160271
2463,6356.489590998263,15.206912897125031,39.10939662311385,6395.598987621377,62.90761811710061,6755.809732456282
2464,6356.417681017034,15.206740863677114,39.10681920135741,6395.524500218391,62.90724921034091,6755.733132683083
2465,6356.345757743758,15.206568798430045,39.10426764775711,6395.450025391516,62.90688070908891,6755.656547807943
2466,6356.273821185269,15.206396701400166,39.10174192554586,6395.375563110815,62.906512612769816,6755.5799777976345
2467,6356.201871349211,15.206224572605768,39.099241998078035,6395.301113347289,62.906144920809865,6755.503422619871
2468,6356.129908243047,15.206052412064706,39.09676782882963,6395.226676071877,62.905777632636386,6755.4268822423155
2469,6356.057931874175,15.205880219794677,39.09431938139804,6395.152251255573,62.905410747677834,6755.350356632687
2470,6355.985942250548,15.205707995814707,39.09189661950207,6395.07783887005,62.905044265363784,6755.273845759393
2471,6355.91393937943,15.205535740142178,39.08949950698186,6395.003438886412,62.90467818512483,6755.197349590278
2472,6355.841923269424,15.205363452797666,39.0871280077988,6394.929051277223,62.904312506392685,6755.120868094649
2473,6355.769893928089,15.205191133799255,39.0847820860355,6394.854676014124,62.90394722860019,6755.044401240903
2474,6355.697851363745,15.205018783166855,39.08246170589565,6394.780313069641,62.90358235118123,6754.967948998323
2475,6355.625795584459,15.20484640091976,39.080166831703984,6394.705962416163,62.90321787357073,6754.891511336061
2476,6355.553726598694,15.204673987078216,39.07789742790622,6394.631624026601,62.90285379520482,6754.815088223801
2477,6355.481644414873,15.204501541662376,39.07565345906899,6394.557297873942,62.90249011552056,6754.738679631306
2478,6355.409549041247,15.20432906469198,39.07343488987973,6394.482983931127,62.90212683395611,6754.6622855283
2479,6355.337440487036,15.20415655618908,39.07124168514663,6394.408682172182,62.90176394995086,6754.5859058855995
2480,6355.265318760645,15.203984016173791,39.069073809798574,6394.334392570443,62.90140146294501,6754.5095406733335
2481,6355.193183870835,15.20381144466707,39.06693122888501,6394.26011509972,62.90103937238002,6754.433189862115
2482,6355.121035826911,15.203638841691175,39.064813907575925,6394.1858497344865,62.900677677698404,6754.356853423225
2483,6355.048874637772,15.203466207267399,39.06272181116172,6394.111596448934,62.90031637834356,6754.280531327668
2484,6354.97670031264,15.203293541417798,39.06065490505314,6394.037355217693,62.89995547376013,6754.204223546895
2485,6354.9045128606795,15.203120844164305,39.05861315478123,6393.963126015461,62.89959496339374,6754.1279300524275
2486,6354.832312291348,15.20294811552954,39.05659652599718,6393.8889088173455,62.899234846691044,6754.051650816206
2487,6354.760098614245,15.202775355536472,39.054604984472306,6393.814703598718,62.89887512309983,6753.97538581044
2488,6354.687871839067,15.202602564208295,39.05263849609792,6393.740510335165,62.898515792068814,6753.8991350075585
2489,6354.615631975102,15.20242974156723,39.05069702688528,6393.666329001987,62.89815685304784,6753.822898379713
2490,6354.543379032234,15.202256887636924,39.04878054296547,6393.5921595752,62.897798305487754,6753.746675899773
2491,6354.471113020844,15.202084002442211,39.04688901058929,6393.518002031434,62.89744014884045,6753.670467541233
2492,6354.398833950367,15.201911086005662,39.045022396127244,6393.443856346494,62.8970823825589,6753.594273276763
2493,6354.326541831317,15.201738138352432,39.04318066606935,6393.369722497386,62.89672500609706,6753.518093080243
2494,6354.254236673652,15.201565159506343,39.0413637870251,6393.295600460677,62.8963680189099,6753.441926925119
2495,6354.181918487833,15.201392149492424,39.03957172572336,6393.2214902135565,62.89601142045345,6753.365774785468
2496,6354.109587283969,15.201219108334854,39.03780444901227,6393.147391732981,62.895655210184785,6753.289636635135
2497,6354.037243072988,15.201046036059779,39.036061923859144,6393.073304996847,62.89529938756196,6753.213512448914
2498,6353.964885865236,15.200872932691952,39.03434411735037,6392.999229982586,62.89494395204411,6753.1374022011405
2499,6353.892515671494,15.200699798257162,39.03265099669129,6392.925166668186,62.894588903091325,6753.061305866709
2500,6353.820132502307,15.20052663278064,39.030982529206135,6392.8511150315135,62.894234240164735,6752.985223420402
2501,6353.7477363692215,15.200353436290003,39.02933868233792,6392.777075051559,62.89387996272652,6752.90915483813
2502,6353.675327282474,15.200180208809748,39.0277194236483,6392.703046706123,62.89352607023977,6752.833100094619
2503,6353.602905253706,15.200006950367717,39.026124720817485,6392.629029974523,62.893172562168715,6752.75705916612
2504,6353.530470293981,15.199833660990386,39.02455454164414,6392.555024835625,62.892819437978474,6752.681032028433
2505,6353.45802241448,15.199660340704497,39.02300885404532,6392.481031268526,62.89246669713526,6752.605018657601
2506,6353.3855616266255,15.199486989537382,39.02148762605624,6392.407049252682,62.89211433910626,6752.52901903003
2507,6353.313087942028,15.199313607516812,39.019990825830305,6392.333078767858,62.89176236335959,6752.453033122438
2508,6353.240601372187,15.199140194670303,39.01851842163888,6392.259119793825,62.891410769364505,6752.377060911556
2509,6353.168101928595,15.198966751025347,39.017070381871235,6392.185172310466,62.8910595565911,6752.301102374235
2510,6353.09558962329,15.198793276610742,39.015646675034425,6392.111236298324,62.890708724510546,6752.225157487987
2511,6353.023064468114,15.198619771454819,39.01424726975315,6392.037311737868,62.89035827259501,6752.149226230261
2512,6352.950526474804,15.198446235585656,39.01287213476971,6391.963398609574,62.89000820031765,6752.073308578516
2513,6352.877975655816,15.198272669033052,39.01152123894378,6391.88949689476,62.88965850715253,6751.9974045110575
2514,6352.805412022935,15.198099071825204,39.01019455125235,6391.815606574188,62.889309192574814,6751.921514005644
2515,6352.73283558854,15.197925443991723,39.0088920407896,6391.74172762933,62.88896025606048,6751.845637040745
2516,6352.660246364855,15.197751785561854,39.007613676766766,6391.667860041622,62.88861169708668,6751.769773594803
2517,6352.58764436459,15.197578096566005,39.006359428512,6391.594003793102,62.88826351513142,6751.693923646869
2518,6352.515029599863,15.197404377033164,39.0051292654703,6391.5201588653335,62.887915709673706,6751.61808717552
2519,6352.44240208377,15.197230626994664,39.003923157203346,6391.446325240973,62.887568280193506,6751.542264160437
2520,6352.369761828846,15.197056846480493,39.00274107338931,6391.372502902235,62.88722122617173,6751.466454580863
2521,6352.297108847753,15.19688303552094,39.00158298382286,6391.298691831576,62.886874547090386,6751.390658416286
2522,6352.224443153346,15.196709194146761,39.0004488584149,6391.224892011761,62.88652824243228,6751.31487564651
2523,6352.151764758833,15.196535322389554,38.99933866719254,6391.151103426026,62.88618231168121,6751.239106251816
2524,6352.07907367724,15.196361420280478,38.99825238029887,6391.077326057539,62.88583675432206,6751.163350212424
2525,6352.006369921623,15.196187487850773,38.997189967992874,6391.003559889617,62.88549156984054,6751.0876075087035
2526,6351.933653505296,15.196013525132287,38.99615140064928,6390.929804905945,62.88514675772332,6751.011878121402
2527,6351.8609244415875,15.195839532156908,38.99513664875844,6390.856061090346,62.884802317458096,6750.936162031408
2528,6351.7881827440415,15.195665508957036,38.99414568292615,6390.782328426968,62.884458248533505,6750.860459219941
2529,6351.7154284260805,15.195491455564786,38.9931784738736,6390.708606899954,62.88411455043901,6750.784769668221
2530,6351.642661501362,15.195317372012829,38.99223499243709,6390.6348964938,62.88377122266522,6750.709093357828
2531,6351.569881983561,15.195143258333877,38.99131520956801,6390.5611971931285,62.88342826470349,6750.633430270472
2532,6351.497089886431,15.19496911456084,38.99041909633261,6390.487508982764,62.883085676046235,6750.55778038807
2533,6351.424285224004,15.194794940727283,38.98954662391191,6390.413831847916,62.88274345618675,6750.482143692931
2534,6351.351468010238,15.194620736866598,38.988697763601515,6390.3401657738395,62.88240160461938,6750.406520167414
2535,6351.278638258864,15.194446503011635,38.987872486811476,6390.266510745675,62.88206012083923,6750.330909793768
2536,6351.205795984537,15.194272239197456,38.98707076506615,6390.192866749603,62.88171900434247,6750.25531255529
2537,6351.132941201108,15.194097945457196,38.98629257000402,6390.119233771112,62.881378254626114,6750.179728434588
2538,6351.060073922958,15.193923621825258,38.985537873377595,6390.045611796335,62.881037871188184,6750.104157414919
2539,6350.98719416464,15.19374926833646,38.98480664705318,6389.972000811693,62.88069785352757,6750.028599479837
2540,6350.914301940787,15.193574885025805,38.98409886301074,6389.898400803797,62.88035820114415,6749.953054613088
2541,6350.841397265469,15.193400471926958,38.9834144933438,6389.824811758813,62.88001891353858,6749.877522797979
2542,6350.768480153834,15.19322602907616,38.98275351025922,6389.751233664094,62.87967999021258,6749.8020040190095
2543,6350.695550620354,15.193051556508024,38.98211588607704,6389.677666506431,62.879341430668774,6749.726498260123
2544,6350.622608680131,15.192877054258686,38.98150159323036,6389.604110273361,62.879003234410625,6749.6510055060135
2545,6350.549654347746,15.192702522363028,38.98091060426512,6389.5305649520105,62.87866540094258,6749.575525740969
2546,6350.476687638485,15.19252796085762,38.98034289183998,6389.457030530325,62.878327929769895,6749.500058950103
2547,6350.403708567299,15.192353369778226,38.97979842872614,6389.383506996025,62.87799082039887,6749.424605118309
2548,6350.330717149358,15.192178749161144,38.979277187807114,6389.309994337165,62.87765407233661,6749.349164230819
2549,6350.257713400056,15.192004099043196,38.97877914207865,6389.236492542134,62.87731768509119,6749.273736273204
2550,6350.184697334773,15.191829419461179,38.9783042646485,6389.1630015994215,62.876981658171516,6749.198321231143
2551,6350.111668968761,15.19165471045158,38.977852528736285,6389.089521497497,62.87664599108746,6749.1229190903
2552,6350.03862831747,15.191479972051365,38.977423907673284,6389.0160522251435,62.87631068334977,6749.047529836653
2553,6349.965575396698,15.19130520429832,38.97701837490226,6388.9425937716005,62.87597573447006,6748.972153456648
2554,6349.892510221995,15.191130407229652,38.97663590397733,6388.869146125972,62.875641143960884,6748.896789936598
2555,6349.819432809344,15.190955580883598,38.9762764685637,6388.795709277908,62.875306911335656,6748.8214392633645
2556,6349.746343174318,15.190780725297412,38.97594004243756,6388.722283216755,62.87497303610867,6748.746101423515
2557,6349.673241333216,15.190605840510086,38.9756265994859,6388.648867932701,62.87463951779514,6748.6707764044595
2558,6349.600127301457,15.19043092655851,38.97533611370628,6388.5754634151635,62.874306355911166,6748.5954641928465
2559,6349.52700109563,15.190255983482368,38.975068559206676,6388.502069654837,62.873973549973684,6748.520164776604
2560,6349.453862731817,15.190081011320137,38.974823910205274,6388.4286866420225,62.87364109950056,6748.444878143272
2561,6349.380712225995,15.189906010110036,38.974602141030324,6388.355314367025,62.873309004010494,6748.3696042804
2562,6349.307549594809,15.189730979891888,38.974403226119925,6388.281952820928,62.872977263023174,6748.2943431763215
2563,6349.234374854703,15.18955592070503,38.97422714002179,6388.208601994725,62.87264587605897,6748.219094819281
2564,6349.161188021766,15.189380832587958,38.97407385739313,6388.135261879159,62.87231484263931,6748.143859197286
2565,6349.087989112938,15.189205715581192,38.97394335300043,6388.061932465938,62.87198416228636,6748.068636299304
2566,6349.014778144987,15.18903056972485,38.97383560171922,6387.9886137467065,62.87165383452327,6747.993426114251
2567,6348.941555134189,15.18885539505787,38.973750578533945,6387.915305712723,62.87132385887395,6747.918228630659
2568,6348.868320097703,15.188680191621298,38.973688258537706,6387.8420083562405,62.87099423486326,6747.84304383806
2569,6348.795073052498,15.188504959455736,38.97364861693211,6387.76872166943,62.87066496201688,6747.7678717259105
2570,6348.721814015337,15.188329698601285,38.97363162902701,6387.695445644365,62.87033603986132,6747.6927122835705
2571,6348.648543003148,15.18815440909844,38.973637270240424,6387.622180273388,62.870007467924026,6747.617565500679
2572,6348.5752600334135,15.187979090989028,38.97366551609814,6387.548925549511,62.86967924573323,6747.542431367546
2573,6348.5019651230705,15.187803744313566,38.973716342233715,6387.475681465304,62.86935137281809,6747.467309874043
2574,6348.428658289663,15.187628369114027,38.973789724388126,6387.4024480140515,62.86902384870851,6747.392201010766
2575,6348.355339550515,15.187452965431854,38.9738856384096,6387.329225188924,62.86869667293539,6747.317104768198
2576,6348.28200892284,15.18727753330823,38.97400406025344,6387.256012983094,62.86836984503036,6747.242021136829
2577,6348.208666424302,15.187102072785411,38.974144965981814,6387.182811390283,62.868043364525924,6747.166950107705
2578,6348.13531207253,15.186926583905574,38.974308331763496,6387.109620404293,62.86771723095546,6747.091891671957
2579,6348.06194588528,15.186751066711196,38.97449413387365,6387.036440019154,62.867391443853165,6747.016845820943
2580,6347.988567880122,15.186575521244311,38.974702348693725,6386.963270228815,62.86706600275411,6746.941812545955
2581,6347.915178075042,15.186399947547947,38.974932952711086,6386.890111027753,62.86674090719415,6746.86679183881
2582,6347.841776488015,15.186224345665108,38.97518592251891,6386.816962410534,62.86641615671003,6746.791783691421
2583,6347.76836313657,15.186048715637726,38.97546123481593,6386.743824371386,62.86609175083926,6746.716788095369
2584,6347.694938039349,15.185873057510404,38.9757588664062,6386.670696905755,62.86576768912032,6746.641805043458
2585,6347.6215012142,15.185697371325837,38.976078794198926,6386.597580008399,62.86544397109236,6746.5668345278045
2586,6347.5480526795145,15.185521657128024,38.976420995208166,6386.524473674723,62.86512059629546,6746.491876541181
2587,6347.474592453427,15.185345914960353,38.97678544655267,6386.45137789998,62.86479756427048,6746.416931076214
2588,6347.401120554332,15.185170144866824,38.97717212545562,6386.378292679788,62.864474874559164,6746.341998125894
2589,6347.327637000725,15.184994346891687,38.977581009244446,6386.305218009969,62.864152526704004,6746.267077683425
2590,6347.254141810996,15.184818521078938,38.978012075350556,6386.232153886346,62.86383052024837,6746.192169742015
2591,6347.180635003998,15.184642667473678,38.97846530130913,6386.159100305307,62.86350885473645,6746.117274295442
2592,6347.107116598256,15.184466786120229,38.97894066475889,6386.0860572630145,62.86318752971317,6746.042391337262
2593,6347.0335866124415,15.184290877063257,38.97943814344185,6386.013024755884,62.86286654472444,6745.967520861292
2594,6346.960045065504,15.184114940348097,38.979957715203106,6385.940002780708,62.8625458993168,6745.892662861727
2595,6346.886491976082,15.183938976019334,38.98049935799059,6385.866991334073,62.86222559303769,6745.817817332562
2596,6346.812927363637,15.183762984123533,38.98106304985487,6385.793990413492,62.86190562543539,6745.742984268724
2597,6346.739351246892,15.183586964705482,38.98164876894886,6385.72100001584,62.86158599605894,6745.668163664506
2598,6346.665763644782,15.183410917810482,38.98225649352759,6385.648020138309,62.8612667044582,6745.593355514522
2599,6346.592164577008,15.183234843485664,38.98288620194804,6385.575050778955,62.86094775018381,6745.518559814254
2600,6346.518554062441,15.183058741776174,38.98353787266879,6385.502091935109,62.860629132787274,6745.443776558466
2601,6346.444932120435,15.182882612728312,38.98421148424988,6385.429143604684,62.860310851820884,6745.369005742508
2602,6346.371298770372,15.18270645638845,38.98490701535251,6385.356205785724,62.859992906837626,6745.294247361863
2603,6346.297654032191,15.182530272804284,38.98562444473881,6385.28327847693,62.859675297391455,6745.219501412678
2604,6346.223997924986,15.182354062021497,38.986363751271604,6385.210361676258,62.85935802303699,6745.1447678903605
2605,6346.150330468583,15.18217782408752,38.98712491391417,6385.137455382497,62.85904108332973,6745.070046791152
2606,6346.076651682643,15.182001559049386,38.98790791172995,6385.064559594373,62.858724477825874,6744.995338111239
2607,6346.002961586868,15.18182526695423,38.98871272388236,6384.991674310751,62.8584082060825,6744.920641846949
2608,6345.929260201338,15.181648947850093,38.98953932963454,6384.918799530973,62.85809226765741,6744.845957995093
2609,6345.855547545626,15.181472601783794,38.99038770834905,6384.845935253975,62.85777666210926,6744.77128655208
2610,6345.7818236400835,15.181296228804028,38.99125783948767,6384.773081479571,62.857461388997436,6744.696627515201
2611,6345.708088504482,15.18111982895809,38.99214970261114,6384.700238207092,62.85714644788213,6744.621980881267
2612,6345.634342159241,15.180943402294835,38.993063277378866,6384.6274054366195,62.85683183832428,6744.547346647846
2613,6345.5605846243725,15.180766948862136,38.99399854354872,6384.554583167921,62.85651755988568,6744.472724812198
2614,6345.486815920267,15.180590468708772,38.99495548097676,6384.481771401243,62.856203612128816,6744.398115372063
2615,6345.41303606722,15.180413961883302,38.99593406961698,6384.408970136837,62.85588999461702,6744.323518325192
2616,6345.339245085603,15.180237428434456,38.996934289521036,6384.336179375124,62.855576706914356,6744.24893366951
2617,6345.2654429961185,15.180060868411767,38.997956120838005,6384.263399116957,62.855263748585685,6744.174361403379
2618,6345.191629819168,15.17988428186404,38.998999543814136,6384.190629362983,62.854951119196606,6744.099801524958
2619,6345.117805575315,15.179707668840468,39.000064538792564,6384.117870114108,62.85463881831354,6744.02525403267
2620,6345.043970285511,15.179531029391175,39.00115108621308,6384.045121371724,62.85432684550361,6743.95071892543
2621,6344.970123970251,15.179354363565194,39.00225916661184,6383.972383136863,62.85401520033476,6743.876196201793
2622,6344.896266651036,15.179177671413962,39.00338876062113,6383.8996554116575,62.85370388237569,6743.8016858614255
2623,6344.822398347824,15.179000952985223,39.004539848969046,6383.826938196793,62.85339289119584,6743.727187902545
2624,6344.748519082295,15.17882420833085,39.005712412479326,6383.754231494775,62.853082226365416,6743.6527023251965
2625,6344.674628875198,15.178647437500475,39.00690643207098,6383.681535307269,62.85277188745539,6743.578229128589
2626,6344.600727747902,15.17847064054522,39.0081218887581,6383.60884963666,62.85246187403749,6743.503768312656
2627,6344.526815721383,15.178293817515272,39.009358763649516,6383.5361744850325,62.85215218568422,6743.429319877033
2628,6344.452892817195,15.178116968462188,39.01061703794866,6383.4635098551435,62.85184282196876,6743.354883822033
2629,6344.378959056437,15.177940093436453,39.01189669295314,6383.3908557493905,62.85153378246514,6743.2804601476155
2630,6344.305014460686,15.17776319248968,39.013197710054556,6383.3182121707405,62.85122506674809,6743.206048854312
2631,6344.231059051191,15.177586265672705,39.014520070738214,6383.245579121929,62.85091667439311,6743.1316499424265
2632,6344.157092849665,15.177409313037476,39.015863756582874,6383.172956606248,62.8506086049764,6743.057263412825
2633,6344.083115877869,15.17723233463605,39.01722874926043,6383.10034462713,62.850300858075,6742.982889266518
2634,6344.0091281572195,15.177055330519664,39.01861503053569,6383.027743187755,62.849993433266555,6742.908527504267
2635,6343.935129709727,15.176878300740974,39.020022582266066,6382.955152291994,62.84968633012958,6742.83417812753
2636,6343.861120556964,15.17670124535159,39.0214513864013,6382.882571943365,62.84937954824328,6742.759841137416
2637,6343.787100721098,15.17652416440454,39.022901424983196,6382.810002146081,62.849073087187534,6742.68551653573
2638,6343.713070223897,15.176347057951908,39.02437268014539,6382.737442904043,62.84876694654311,6742.611204323975
2639,6343.639029087584,15.176169926046853,39.02586513411295,6382.664894221697,62.848461125891376,6742.536904504198
2640,6343.56497733403,15.175992768741699,39.02737876920224,6382.592356103232,62.84815562481449,6742.462617078198
2641,6343.490914985679,15.175815586090142,39.02891356782054,6382.5198285535,62.84785044289531,6742.388342048434
2642,6343.416842064482,15.175638378144694,39.03046951246579,6382.447311576948,62.84754557971749,6742.314079416974
2643,6343.342758593105,15.17546114495958,39.03204658572635,6382.374805178832,62.84724103486531,6742.23982918669
2644,6343.268664593598,15.175283886587556,39.0336447702807,6382.3023093638785,62.84693680792389,6742.165591359936
2645,6343.194560088454,15.175106603082424,39.0352640488971,6382.229824137351,62.846632898478994,6742.091365939601
2646,6343.1204451003705,15.174929294498494,39.03690440443341,6382.157349504804,62.84632930611709,6742.017152928872
2647,6343.046319651599,15.174751960888994,39.03856581983672,6382.084885471436,62.84602603042549,6741.942952330584
2648,6342.972183765369,15.174574602309495,39.04024827814314,6382.012432043512,62.84572307099215,6741.868764148645
2649,6342.898037463954,15.174397218813287,39.041951762477424,6381.939989226432,62.84542042740566,6741.7945883860975
2650,6342.823880769949,15.174219810454424,39.043676256052784,6381.867557026002,62.8451180992555,6741.7204250463965
2651,6342.749713706902,15.17404237728924,39.04542174217052,6381.795135449072,62.84481608613169,6741.646274134046
2652,6342.6755362971635,15.173864919371205,39.047188204219786,6381.722724501384,62.84451438762514,6741.572135652443
2653,6342.60134856399,15.173687436755957,39.04897562567729,6381.650324189667,62.84421300332729,6741.49800960598
2654,6342.52715053017,15.173509929498014,39.050783990106986,6381.577934520276,62.84391193283048,6741.423895998675
2655,6342.452942219001,15.173332397653112,39.05261328115982,6381.505555500161,62.84361117572756,6741.349794835149
2656,6342.378723653783,15.173154841276993,39.05446348257344,6381.4331871363565,62.84331073161226,6741.275706120109
2657,6342.304494857452,15.172977260424526,39.056334578171885,6381.360829435624,62.84301060007892,6741.201629857993
2658,6342.23025585374,15.172799655152488,39.05822655186529,6381.2884824056055,62.842710780722605,6741.127566054127
2659,6342.156006665752,15.172622025516153,39.06013938764963,6381.216146053402,62.842411273139064,6741.053514713294
2660,6342.081747316966,15.17244437157169,39.062073069606356,6381.143820386573,62.84211207692479,6740.979475840745
2661,6342.007477831153,15.172266693375963,39.06402758190228,6381.071505413055,62.84181319167693,6740.905449442109
2662,6341.933198231491,15.172088990984427,39.06600290878903,6380.99920114028,62.8415146169934,6740.831435522517
2663,6341.858908542014,15.17191126445458,39.06799903460299,6380.926907576618,62.8412163524727,6740.7574340880365
2664,6341.7846087863345,15.171733513842906,39.07001594376487,6380.854624730099,62.84091839771416,6740.683445144407
2665,6341.710298988127,15.171555739206045,39.07205362077946,6380.782352608906,62.84062075231765,6740.609468697519
2666,6341.635979171284,15.171377940601158,39.074112050235286,6380.710091221519,62.84032341588386,6740.535504753567
2667,6341.561649359992,15.171200118086105,39.076191216804425,6380.637840576796,62.84002638801408,6740.461553319124
2668,6341.487309577775,15.171022271717165,39.0782911052421,6380.565600683017,62.83972966831037,6740.3876144001915
2669,6341.412959849011,15.170844401552657,39.08041170038648,6380.493371549397,62.839433256375415,6740.313688003711
2670,6341.338600197801,15.17066650765024,39.08255298715829,6380.421153184959,62.839137151812594,6740.239774136434
2671,6341.264230648328,15.17048859006777,39.08471495056058,6380.348945598888,62.838841354226005,6740.165872805278
2672,6341.189851224653,15.170310648862806,39.08689757567839,6380.276748800331,62.83854586322039,6740.091984017127
2673,6341.115461951342,15.170132684094119,39.08910084767853,6380.20456279902,62.83825067840117,6740.018107779454
2674,6341.041062852579,15.169954695819566,39.091324751809196,6380.132387604388,62.837955799374484,6739.944244099436
2675,6340.966653952833,15.169776684097688,39.09356927339974,6380.060223226234,62.837661225747084,6739.870392984621
2676,6340.892235276857,15.169598648987696,39.09583439786032,6379.988069674717,62.837366957126484,6739.796554442921
2677,6340.817806848991,15.169420590547825,39.09812011068165,6379.915926959672,62.8370729931208,6739.7227284819255
2678,6340.743368694049,15.169242508837439,39.10042639743468,6379.843795091484,62.8367793333388,6739.64891510978
2679,6340.668920836514,15.169064403915106,39.102753243770316,6379.771674080284,62.836485977390055,6739.5751143343805
2680,6340.594463301402,15.168886275840675,39.10510063541907,6379.6995639368215,62.836192924884664,6739.501326164243
2681,6340.519996113309,15.168708124672989,39.10746855819082,6379.6274646715,62.83590017543345,6739.427550607544
2682,6340.445519297472,15.16852995047242,39.10985699797447,6379.555376295446,62.8356077286479,6739.353787673183
2683,6340.371032878413,15.168351753297639,39.112265940737714,6379.48329881915,62.83531558414017,6739.280037369432
2684,6340.296536881511,15.168173533209357,39.1146953725267,6379.411232254038,62.83502374152309,6739.206299705499
2685,6340.222031331768,15.167995290267388,39.117145279465674,6379.3391766112345,62.83473220041008,6739.132574690295
2686,6340.147516254499,15.167817024532296,39.11961564775679,6379.267131902257,62.834440960415336,6739.058862333128
2687,6340.072991674852,15.16763873606424,39.12210646367975,6379.195098138532,62.834150021153675,6738.98516264322
2688,6339.998457617681,15.167460424922682,39.12461771359153,6379.123075331273,62.833859382240455,6738.911475629581
2689,6339.923914108909,15.167282091169639,39.12714938392601,6379.051063492835,62.83356904329186,6738.837801302369
2690,6339.849361174057,15.167103734866165,39.12970146119385,6378.979062635251,62.83327900392464,6738.764139671422
2691,6339.774798837957,15.166925356071667,39.13227393198194,6378.907072769939,62.832989263756176,6738.6904907459675
2692,6339.700227126743,15.166746954848668,39.13486678295334,6378.835093909696,62.83269982240455,6738.616854536615
2693,6339.625646065586,15.166568531257383,39.137480000846814,6378.763126066433,62.83241067948852,6738.543231053093
2694,6339.551055680614,15.16639008536032,39.1401135724766,6378.69116925309,62.83212183462738,6738.469620306162
2695,6339.476455997362,15.166211617218568,39.142767484732126,6378.619223482094,62.831833287441185,6738.396022306072
2696,6339.401847041501,15.166033126893543,39.14544172457768,6378.547288766079,62.83154503755059,6738.322437063286
2697,6339.327228839258,15.165854614447985,39.148136279052146,6378.47536511831,62.831257084576876,6738.248864588901
2698,6339.252601416138,15.165676079942912,39.15085113526864,6378.403452551406,62.830969428142026,6738.17530489337
2699,6339.177964798526,15.165497523441449,39.15358628041429,6378.33155107894,62.83068206786856,6738.1017579881045
2700,6339.10331901204,15.165318945004879,39.15634170174986,6378.259660713789,62.83039500337972,6738.028223883826
2701,6339.028664083281,15.165140344696844,39.159117386609516,6378.18778146989,62.8301082342994,6737.954702592317
2702,6338.954000038346,15.164961722579775,39.16191332240051,6378.115913360746,62.829821760252045,6737.881194124929
2703,6338.879326903167,15.16478307871571,39.16472949660286,6378.04405639977,62.82953558086284,6737.807698492929
2704,6338.804644704392,15.164604413168401,39.16756589676905,6377.97221060116,62.82924969575752,6737.734215708375
2705,6338.729953468221,15.164425726000529,39.17042251052373,6377.900375978745,62.828964104562495,6737.660745782952
2706,6338.655253221262,15.164247017275747,39.1732993255635,6377.828552546825,62.82867880690473,6737.587288728828
2707,6338.580543989907,15.164068287057193,39.176196329656456,6377.7567403195635,62.828393802411966,6737.513844558032
2708,6338.505825800787,15.16388953540858,39.17911351064204,6377.684939311429,62.82810909071245,6737.440413282906
2709,6338.43109868041,15.163710762393325,39.18205085643067,6377.613149536841,62.82782467143508,6737.366994915743
2710,6338.356362655669,15.163531968075763,39.18500835500343,6377.541371010672,62.827540544209405,6737.293589469296
2711,6338.281617752945,15.163353152519006,39.18798599441183,6377.469603747357,62.827256708665566,6737.22019695588
2712,6338.206863999659,15.163174315788657,39.19098376277743,6377.397847762436,62.826973164434364,6737.146817388923
2713,6338.132101422264,15.162995457948,39.19400164829159,6377.326103070555,62.82668991114719,6737.073450780959
2714,6338.057330047779,15.162816579061673,39.197039639215156,6377.254369686994,62.826406948436045,6737.000097145163
2715,6337.98254990333,15.162637679194571,39.20009772387822,6377.182647627209,62.82612427593358,6736.926756494883
2716,6337.907761015795,15.162458758410992,39.20317589067973,6377.110936906474,62.82584189327305,6736.853428843298
2717,6337.832963412566,15.162279816776474,39.20627412808726,6377.039237540653,62.82555980008833,6736.780114204172
2718,6337.758157120583,15.162100854355462,39.20939242463669,6376.967549545219,62.82527799601385,6736.706812590887
2719,6337.683342167487,15.161921871214085,39.21253076893193,6376.895872936419,62.82499648068477,6736.6335240176
2720,6337.60851858012,15.161742867416555,39.21568914964456,6376.824207729765,62.82471525373673,6736.560248497736
2721,6337.533686386076,15.161563843028889,39.21886755551358,6376.752553941589,62.82443431480611,6736.486986045547
2722,6337.458845613035,15.161384798117309,39.22206597534523,6376.680911588381,62.824153663529756,6736.413736675441
2723,6337.383996288197,15.161205732746883,39.225284398012434,6376.609280686209,62.82387329954523,6736.340500401413
2724,6337.309138439379,15.16102664698416,39.22852281245468,6376.537661251834,62.82359322249063,6736.26727723815
2725,6337.234272093807,15.160847540894274,39.231781207677756,6376.466053301485,62.82331343200471,6736.194067199813
2726,6337.159397279553,15.160668414544384,39.23505957275332,6376.394456852306,62.82303392772681,6736.120870301481
2727,6337.084514024507,15.160489268001214,39.23835789681873,6376.322871921326,62.82275470929686,6736.047686558121
2728,6337.009622356094,15.160310101330369,39.241676169076634,6376.251298525171,62.8224757763554,6735.974515984301
2729,6336.934722302281,15.16013091459876,39.24501437879479,6376.179736681076,62.822197128543564,6735.9013585952025
2730,6336.859813891333,15.159951707874002,39.2483725153057,6376.108186406639,62.82191876550303,6735.828214406369
2731,6336.784897150809,15.159772481222031,39.25175056800635,6376.036647718815,62.821640686876165,6735.755083432709
2732,6336.709972109234,15.159593234711085,39.255148526357885,6375.965120635591,62.82136289230586,6735.681965690164
2733,6336.635038794402,15.15941396840766,39.25856637988535,6375.893605174288,62.821085381435665,6735.608861194015
2734,6336.560097234495,15.159234682379173,39.26200411817736,6375.822101352672,62.82080815390966,6735.53576995999
2735,6336.485147457956,15.159055376693676,39.265461730885875,6375.750609188843,62.820531209372476,6735.462692004154
2736,6336.410189493034,15.15887605141874,39.268939207725815,6375.679128700759,62.82025454746945,6735.389627342433
2737,6336.335223368109,15.15869670662227,39.27243653847483,6375.607659906584,62.81997816784642,6735.316575990964
2738,6336.260249111612,15.158517342372278,39.275953712972985,6375.536202824585,62.819702070149866,6735.243537965992
2739,6336.185266752065,15.158337958736999,39.27949072112249,6375.464757473188,62.81942625402677,6735.170513283917
2740,6336.110276317811,15.158158555784238,39.28304755288741,6375.393323870699,62.819150719124764,6735.09750196103
2741,6336.035277837979,15.157979133583682,39.286624198293325,6375.321902036272,62.81887546509203,6735.02450401447
2742,6335.960271340747,15.157799692202744,39.29022064742712,6375.250491988174,62.81860049157737,6734.951519460494
2743,6335.885256854966,15.157620231710446,39.293836890436644,6375.179093745403,62.81832579823015,6734.878548316091
2744,6335.810234409784,15.157440752176518,39.29747291753041,6375.1077073273145,62.818051384700205,6734.805590598611
2745,6335.735204033567,15.157261253668821,39.30112871897734,6375.036332752545,62.81777725063814,6734.732646324692
2746,6335.660165755411,15.157081736256965,39.30480428510647,6374.964970040518,62.817503395695006,6734.659715511758
2747,6335.58511960455,15.156902200010885,39.30849960630665,6374.893619210856,62.8172298195224,6734.586798177436
2748,6335.510065609829,15.156722644999592,39.31221467302626,6374.822280282856,62.81695652177267,6734.513894339034
2749,6335.43500380038,15.156543071292775,39.3159494757729,6374.750953276153,62.81668350209847,6734.441004014197
2750,6335.359934205243,15.15636347895991,39.31970400511319,6374.679638210357,62.81641076015324,6734.3681272205495
2751,6335.284856853879,15.156183868071482,39.32347825167237,6374.608335105551,62.81613829559086,6734.295263976195
2752,6335.209771775427,15.156004238697193,39.327272206134076,6374.537043981561,62.81586610806591,6734.222414298979
2753,6335.134678999245,15.155824590907285,39.33108585924007,6374.465764858485,62.815594197233345,6734.149578207027
2754,6335.059578554841,15.155644924772348,39.3349192017899,6374.394497756631,62.81532256274887,6734.076755718672
2755,6334.984470471856,15.155465240363291,39.33877222464066,6374.323242696497,62.81505120426865,6734.0039468524465
2756,6334.909354779173,15.155285537749217,39.342644918706675,6374.251999697879,62.81478012144942,6733.931151626179
2757,6334.834231506899,15.155105817002152,39.34653727495923,6374.180768781858,62.81450931394849,6733.858370058988
2758,6334.759100684614,15.154926078192856,39.3504492844263,6374.10954996904,62.81423878142371,6733.785602169521
2759,6334.6839623420965,15.154746321392576,39.35438093819228,6374.038343280289,62.81396852353353,6733.712847976687
2760,6334.608816508904,15.154566546672019,39.358332227397625,6373.967148736302,62.813698539936894,6733.640107499228
2761,6334.533663214913,15.154386754102662,39.36230314323865,6373.895966358152,62.81342883029336,6733.56738075627
2762,6334.458502490018,15.154206943756023,39.36629367696723,6373.824796166985,62.81315939426303,6733.494667767011
2763,6334.38333436437,15.154027115704235,39.370303819890495,6373.75363818426,62.812890231506486,6733.421968550969
2764,6334.308158867718,15.153847270018463,39.374333563370584,6373.682492431089,62.81262134168493,6733.3492831273115
2765,6334.2329760303055,15.153667406771065,39.3783828988243,6373.61135892913,62.81235272446013,6733.276611515765
2766,6334.157785882023,15.153487526033548,39.382451817722924,6373.540237699745,62.812084379494316,6733.203953735754
2767,6334.0825884534515,15.153307627879071,39.38654031159185,6373.469128765043,62.811816306450396,6733.131309807458
2768,6334.007383774557,15.153127712379323,39.39064837201034,6373.398032146567,62.81154850499165,6733.058679750492
2769,6333.932171875437,15.15294777960631,39.39477599061127,6373.326947866049,62.811280974782036,6732.9860635846635
2770,6333.856952786932,15.15276782963381,39.398923159080816,6373.255875946013,62.811013715486006,6732.913461330576
2771,6333.781726539177,15.152587862533915,39.403089869158194,6373.184816408335,62.810746726768635,6732.840873008188
2772,6333.706493162628,15.152407878379494,39.407276112635344,6373.113769275264,62.81048000829533,6732.768298637831
2773,6333.631252687988,15.152227877243991,39.41148188135673,6373.042734569345,62.810213559732276,6732.695738240141
2774,6333.556005145778,15.152047859200426,39.41570716721898,6372.971712312997,62.80994738074603,6732.623191835624
2775,6333.480750566802,15.151867824322494,39.41995196217069,6372.900702528973,62.80968147100377,6732.550659445132
2776,6333.405488981429,15.151687772682845,39.42421625821209,6372.829705239641,62.80941583017315,6732.4781410891255
2777,6333.330220420734,15.151507704355822,39.42850004739477,6372.758720468129,62.80915045792245,6732.405636788835
2778,6333.254944915332,15.15132761941467,39.43280332182147,6372.687748237154,62.80888535392037,6732.333146565082
2779,6333.179662496269,15.151147517933659,39.437126073645686,6372.616788569914,62.8086205178362,6732.260670439168
2780,6333.104373194424,15.15096739998666,39.44146829507157,6372.545841489496,62.80835594933976,6732.188208432291
2781,6333.0290770409065,15.150787265648102,39.44582997835342,6372.47490701926,62.80809164810141,6732.115760565923
2782,6332.95377406656,15.15060711499177,39.45021111579567,6372.403985182355,62.807827613792,6732.043326861329
2783,6332.878464302661,15.150426948092491,39.45461169975242,6372.333076002414,62.807563846082935,6731.970907340258
2784,6332.80314778037,15.150246765024807,39.45903172262722,6372.262179502997,62.807300344646094,6731.898502024395
2785,6332.727824531015,15.150066565863673,39.4634711768729,6372.1912957078885,62.80703710915395,6731.826110935646
2786,6332.652494585847,15.149886350683845,39.46793005499112,6372.120424640839,62.806774139279476,6731.753734095892
2787,6332.577157976047,15.149706119559921,39.472408349532266,6372.049566325579,62.80651143469611,6731.681371526989
2788,6332.501814733398,15.149525872567937,39.47690605309501,6371.978720786493,62.806248995077894,6731.60902325146
2789,6332.426464888986,15.149345609782262,39.48142315832622,6371.907888047312,62.80598682009935,6731.536689291168
2790,6332.35110847436,15.149165331278374,39.48595965792058,6371.837068132281,62.80572490943551,6731.464369668501
2791,6332.275745521629,15.148985037133084,39.49051554462031,6371.766261066249,62.80546326276192,6731.392064406447
2792,6332.200376061609,15.148804727420117,39.49509081121497,6371.695466872824,62.80520187975462,6731.319773526761
2793,6332.125000126771,15.148624402217155,39.499685450541186,6371.624685577312,62.80494076009024,6731.247497052897
2794,6332.049617748348,15.14844406159892,39.50429945548226,6371.553917203831,62.80467990344584,6731.175235007123
2795,6331.974228958353,15.148263705641993,39.50893281896812,6371.483161777321,62.804419309499046,6731.102987412534
2796,6331.898833788716,15.148083334422765,39.51358553397479,6371.412419322691,62.80415897792792,6731.0307542921955
2797,6331.823432271232,15.147902948017302,39.518257593524346,6371.3416898647565,62.80389890841117,6730.958535669083
2798,6331.748024438062,15.147722546502541,39.52294899068455,6371.270973428746,62.803639100627855,6730.886331566588
2799,6331.672610321067,15.147542129954704,39.527659718568565,6371.200270039635,62.80337955425761,6730.81414200785
2800,6331.597189952279,15.147361698450428,39.5323897703348,6371.129579722614,62.803120268980635,6730.741967016229
2801,6331.521763364146,15.147181252067336,39.537139139186486,6371.058902503332,62.80286124447749,6730.669806615546
2802,6331.446330588744,15.147000790882162,39.54190781837151,6370.988238407115,62.80260248042937,6730.5976608292995
2803,6331.370891658313,15.14682031497204,39.54669580118215,6370.917587459495,62.80234397651792,6730.5255296812
2804,6331.295446605229,15.146639824414423,39.55150308095481,6370.8469496861835,62.80208573242522,6730.453413195139
2805,6331.2199954615135,15.146459319285917,39.55632965106971,6370.776325112583,62.80182774783397,6730.381311394702
2806,6331.144538260363,15.146278799665941,39.56117550495068,6370.705713765314,62.80157002242731,6730.309224304692
2807,6331.069075033448,15.146098265630258,39.56604063606487,6370.635115669513,62.80131255588887,6730.237151948438
2808,6330.993605813859,15.145917717258037,39.57092503792246,6370.5645308517815,62.80105534790276,6730.165094350731
2809,6330.918130634088,15.145737154627005,39.575828704076415,6370.493959338164,62.80079839815358,6730.09305153581
2810,6330.842649526725,15.145556577815132,39.5807516281223,6370.423401154847,62.8005417063265,6730.021023528059
2811,6330.767162524511,15.145375986900744,39.58569380369794,6370.352856328209,62.80028527210713,6729.949010352055
2812,6330.691669660169,15.145195381962127,39.5906552244831,6370.282324884653,62.80002909518149,6729.877012032404
2813,6330.616170966613,15.145014763078022,39.59563588419935,6370.2118068508125,62.79977317523622,6729.805028593946
2814,6330.540666476691,15.14483413032701,39.60063577660976,6370.141302253301,62.799517511958356,6729.7330600615005
2815,6330.4651562234085,15.144653483788058,39.60565489551857,6370.070811118927,62.79926210503554,6729.661106460089
2816,6330.389640239574,15.144472823539651,39.610693234771055,6370.000333474345,62.799006954155715,6729.589167814579
2817,6330.314118558508,15.144292149661503,39.61575078825318,6369.929869346762,62.79875205900742,6729.517244150393
2818,6330.238591213217,15.144111462232576,39.62082754989132,6369.859418763108,62.79849741927974,6729.445335492683
2819,6330.163058236682,15.143930761331776,39.62592351365209,6369.788981750335,62.798243034662114,6729.373441866619
2820,6330.0875196623165,15.143750047039035,39.63103867354203,6369.718558335859,62.79798890484449,6729.301563297845
2821,6330.01197552329,15.143569319433707,39.63617302360734,6369.648148546898,62.797735029517355,6729.229699811805
2822,6329.936425853144,15.143388578596038,39.64132655793363,6369.577752411078,62.797481408371596,6729.157851434356
2823,6329.860870684937,15.143207824605113,39.64649927064569,6369.507369955583,62.79722804109867,6729.086018190916
2824,6329.785310052223,15.143027057541204,39.6516911559072,6369.437001208131,62.79697492739044,6729.014200107435
2825,6329.709743988583,15.142846277484647,39.65690220792047,6369.366646196503,62.796722066939246,6728.942397209936
2826,6329.634172527586,15.142665484515756,39.6621324209262,6369.296304948512,62.796469459437894,6728.870609524472
2827,6329.558595702836,15.142484678714919,39.66738178920317,6369.225977492039,62.79621710457974,6728.798837077167
2828,6329.483013547817,15.142303860162242,39.672650307068125,6369.155663854885,62.79596500205849,6728.727079894069
2829,6329.407426096119,15.142123028938084,39.67793796887537,6369.085364064994,62.795713151568435,6728.655338001372
2830,6329.331833382155,15.141942185124773,39.68324476901653,6369.015078151172,62.79546155280427,6728.583611426134
2831,6329.256235438948,15.141761328801312,39.68857070192042,6368.944806140868,62.795210205461125,6728.511900194057
2832,6329.180632300783,15.14158046004972,39.69391576205261,6368.874548062836,62.794959109234725,6728.4402043321525
2833,6329.10502400178,15.141399578951628,39.69927994391529,6368.804303945695,62.79470826382111,6728.368523867301
2834,6329.0294105755565,15.141218685587456,39.70466324204699,6368.7340738176035,62.79445766891685,6728.296858825922
2835,6328.95379205616,15.14103778003866,39.71006565102228,6368.663857707182,62.794207324219016,6728.225209234902
2836,6328.8781684779715,15.140856862387492,39.71548716545159,6368.5936556434235,62.79395722942506,6728.1535751215015
2837,6328.802539874893,15.140675932715055,39.7209277799809,6368.523467654874,62.793707384232974,6728.0819565125375
2838,6328.72690628119,15.140494991103326,39.72638748929147,6368.453293770482,62.79345778834117,6728.010353435229
2839,6328.6512677310275,15.140314037634036,39.73186628809964,6368.383134019127,62.793208441448485,6727.938765916737
2840,6328.575624258869,15.140133072389638,39.73736417115656,6368.312988430025,62.79295934325425,6727.86719398455
2841,6328.499975898787,15.139952095451644,39.74288113324789,6368.242857032034,62.79271049345827,6727.795637665809
2842,6328.42432268561,15.139771106903373,39.74841716919363,6368.172739854804,62.79246189176078,6727.724096988448
2843,6328.348664653482,15.139590106826512,39.753972273847744,6368.1026369273295,62.792213537862494,6727.652571979747
2844,6328.273001837097,15.139409095304059,39.75954644209799,6368.032548279195,62.7919654314645,6727.581062667581
2845,6328.197334270984,15.139228072418623,39.765139668865686,6367.96247393985,62.79171757226841,6727.509569079688
2846,6328.121661989804,15.13904703825312,39.770751949105396,6367.892413938909,62.7914699599763,6727.438091243979
2847,6328.045985028028,15.138865992890018,39.776383277804676,6367.822368305832,62.791222594290666,6727.366629188209
2848,6327.970303420709,15.13868493641318,39.78203364998387,6367.752337070692,62.7909754749144,6727.29518294075
2849,6327.894617202196,15.138503868904776,39.787703060695826,6367.682320262892,62.79072860155091,6727.223752529307
2850,6327.818926407888,15.138322790449493,39.7933915050256,6367.612317912914,62.790481973904036,6727.152337982666
2851,6327.743231071987,15.138141701129156,39.79909897809028,6367.542330050077,62.790235591678055,6727.080939328453
2852,6327.667531230052,15.137960601028833,39.80482547503867,6367.4723567050905,62.789989454577736,6727.009556595686
2853,6327.591826916857,15.137779490231715,39.81057099105107,6367.402397907908,62.789743562308146,6726.938189812632
2854,6327.516118167448,15.137598368821648,39.81633552133905,6367.332453688788,62.789497914574966,6726.866839007861
2855,6327.440405016723,15.137417236882113,39.82211906114508,6367.262524077868,62.78925251108418,6726.795504209829
2856,6327.364687500072,15.13723609449778,39.82792160574238,6367.192609105815,62.78900735154234,6726.724185447523
2857,6327.288965652797,15.137054941753103,39.83374315043466,6367.122708803232,62.788762435656295,6726.652882749867
2858,6327.213239509856,15.136873778731713,39.839583690555806,6367.052823200412,62.788517763133456,6726.581596145477
2859,6327.137509106793,15.136692605518643,39.84544322146968,6366.982952328262,62.78827333368157,6726.510325663589
2860,6327.061774478763,15.136511422197998,39.851321738569844,6366.913096217333,62.788029147008885,6726.439071333082
2861,6326.986035661397,15.136330228855018,39.85721923727928,6366.843254898677,62.7877852028241,6726.367833183341
2862,6326.910292689962,15.136149025574072,39.86313571305017,6366.773428403012,62.78754150083621,6726.296611243417
2863,6326.834545600112,15.135967812440459,39.869071161363635,6366.703616761475,62.78729804075486,6726.225405542784
2864,6326.758794427357,15.135786589539132,39.87502557772948,6366.633820005087,62.78705482228987,6726.154216110801
2865,6326.68303920745,15.135605356955622,39.88099895768591,6366.564038165136,62.78681184515172,6726.0830429771
2866,6326.607279975863,15.135424114774793,39.88699129679933,6366.494271272662,62.786569109051186,6726.011886171065
2867,6326.531516768323,15.135242863082112,39.893002590664,6366.424519358987,62.786326613699494,6725.940745722362
2868,6326.455749620809,15.135061601963658,39.89903283490191,6366.354782455711,62.786084358808324,6725.869621660942
2869,6326.379978568828,15.134880331504373,39.905082025162365,6366.28506059399,62.78584234408973,6725.798514016312
2870,6326.3042036488005,15.134699051791388,39.91115015712188,6366.215353805922,62.78560056925625,6725.7274228189235
2871,6326.228424896002,15.134517762909097,39.91723722648382,6366.145662122486,62.7853590340208,6725.656348098112
2872,6326.152642346817,15.134336464944537,39.923343228978155,6366.075985575795,62.78511773809673,6725.585289884349
2873,6326.076856037214,15.134155157983766,39.92946816036123,6366.006324197576,62.78487668119782,6725.514248207723
2874,6326.001066003084,15.13397384211264,39.935612016415575,6365.9366780195,62.78463586303826,6725.443223098267
2875,6325.925272281038,15.133792517418751,39.9417747929495,6365.867047073987,62.78439528333265,6725.372214586769
2876,6325.849474906569,15.133611183987009,39.94795648579695,6365.797431392366,62.78415494179603,6725.301222702924
2877,6325.773673916514,15.133429841905535,39.954157090817155,6365.727831007331,62.78391483814381,6725.230247477798
2878,6325.697869346999,15.133248491260764,39.96037660389447,6365.658245950894,62.78367497209186,6725.159288941776
2879,6325.622061234199,15.133067132139232,39.966615020938015,6365.588676255136,62.78343534335647,6725.088347125315
2880,6325.546249614547,15.132885764628103,39.97287233788158,6365.519121952429,62.78319595165431,6725.017422059162
2881,6325.4704345245755,15.132704388814775,39.97914855068315,6365.4495830752585,62.78295679670245,6724.9465137741845
2882,6325.3946160006,15.132523004786124,39.98544365532481,6365.380059655925,62.78271787821839,6724.875622301066
2883,6325.318794079678,15.132341612630809,39.99175764781238,6365.31055172749,62.78247919592007,6724.804747671251
2884,6325.24296879766,15.132160212434593,39.99809052417527,6365.241059321836,62.78224074952582,6724.733889915011
2885,6325.167140191614,15.131978804286158,40.00444228046602,6365.1715824720795,62.78200253875433,6724.663049063851
2886,6325.091308298392,15.131797388273664,40.0108129127603,6365.102121211152,62.781764563324735,6724.592225149094
2887,6325.015473154376,15.131615964484153,40.017202417156454,6365.032675571532,62.78152682295659,6724.5214182016125
2888,6324.939634796607,15.131434533006237,40.023610789775326,6364.963245586382,62.781289317369854,6724.4506282529655
2889,6324.863793261532,15.13125309392711,40.03003802675995,6364.893831288292,62.78105204628486,6724.379855334142
2890,6324.787948586581,15.131071647336316,40.036484124275304,6364.824432710856,62.78081500942234,6724.309099477137
2891,6324.712100808447,15.130890193321644,40.04294907850806,6364.755049886955,62.78057820650342,6724.238360713235
2892,6324.636249964155,15.130708731971662,40.04943288566632,6364.685682849821,62.780341637249705,6724.167639074073
2893,6324.560396090733,15.130527263374958,40.05593554197935,6364.616331632712,62.78010530138311,6724.096934591316
2894,6324.4845392252355,15.13034578762018,40.06245704369728,6364.546996268933,62.779869198626,6724.026247296682
2895,6324.408679404874,15.13016430479635,40.06899738709088,6364.477676791966,62.77963332870107,6723.955577222062
2896,6324.332816666922,15.129982814992635,40.075556568451304,6364.408373235373,62.779397691331496,6723.8849243994355
2897,6324.2569510482435,15.129801318297233,40.082134584089744,6364.339085632333,62.779162286240805,6723.814288860397
2898,6324.18108258668,15.12961981480067,40.088731430337255,6364.269814017017,62.778927113152896,6723.7436706375365
2899,6324.105211319129,15.129438304591218,40.09534710354448,6364.200558422674,62.778692171792116,6723.673069762524
2900,6324.029337283247,15.129256787758964,40.1019816000813,6364.131318883328,62.778457461883164,6723.60248626781
2901,6323.953460516525,15.1290752643936,40.10863491633668,6364.062095432862,62.778222983151096,6723.5319201857
2902,6323.877581056391,15.128893734584668,40.11530704871829,6363.992888105109,62.777988735321486,6723.461371548457
2903,6323.801698940026,15.128712198421114,40.12199799365233,6363.923696933678,62.777754718120136,6723.39084038812
2904,6323.72581420566,15.128530655994401,40.12870774758318,6363.854521953243,62.77752093127335,6723.320326737795
2905,6323.64992689041,15.128349107393325,40.13543630697317,6363.785363197383,62.777287374507765,6723.249830629496
2906,6323.574037031982,15.12816755270809,40.142183668302344,6363.716220700284,62.77705404755036,6723.179352095846
2907,6323.498144668739,15.127985992030476,40.1489498280681,6363.647094496807,62.77682095012867,6723.108891170146
2908,6323.4222498380495,15.12780442544988,40.15573478278498,6363.577984620834,62.776588081970424,6723.03844788472
2909,6323.346352577478,15.127622853056167,40.162538528984385,6363.508891106462,62.776355442803805,6722.968022272106
2910,6323.270452925452,15.127441274941274,40.16936106321432,6363.439813988667,62.776123032357376,6722.897614365727
2911,6323.194550919502,15.12725969119498,40.176202382039094,6363.370753301541,62.77589085036013,6722.827224198124
2912,6323.11864659787,15.12707810190878,40.183062482039034,6363.3017090799085,62.77565889654134,6722.75685180257
2913,6323.042739998514,15.126896507173479,40.18994135981024,6363.232681358324,62.775427170630756,6722.686497212073
2914,6322.966831159432,15.126714907079982,40.19683901196429,6363.163670171397,62.77519567235841,6722.6161604596955
2915,6322.890920118847,15.12653330171973,40.203755435127974,6363.094675553975,62.774964401454795,6722.545841578743
2916,6322.815006915135,15.126351691184533,40.210690625943016,6363.025697541078,62.77473335765069,6722.475540602694
2917,6322.7390915860815,15.126170075564788,40.2176445810658,6362.956736167147,62.7745025406774,6722.405257564451
2918,6322.663174170426,15.125988454953172,40.22461729716702,6362.887791467593,62.774271950266396,6722.334992497886
2919,6322.587254706334,15.12580682944099,40.231608770931516,6362.818863477265,62.77404158614969,6722.264745436314
2920,6322.511333232278,15.125625199120282,40.238618999057955,6362.749952231336,62.77381144805961,6722.194516413376
2921,6322.435409786497,15.125443564082529,40.245647978258496,6362.681057764756,62.77358153572883,6722.12430546249
2922,6322.359484407668,15.125261924420258,40.25269570525859,6362.612180112927,62.77335184889036,6722.054112617531
2923,6322.283557134133,15.125080280225198,40.259762176796585,6362.543319310929,62.77312238727774,6721.983937912054
2924,6322.2076280045785,15.1248986315899,40.266847389623535,6362.474475394202,62.77289315062466,6721.913781379971
2925,6322.1316970577545,15.124716978607069,40.27395134050288,6362.405648398258,62.772664138665355,6721.843643055273
2926,6322.055764332215,15.124535321368937,40.281074026210185,6362.336838358426,62.772435351134334,6721.77352297177
2927,6321.979829866842,15.124353659968522,40.288215443532856,6362.268045310375,62.77220678776645,6721.703421163613
2928,6321.903893700057,15.124171994497743,40.29537558926984,6362.199269289326,62.771978448297034,6721.633337664507
2929,6321.827955871071,15.123990325050409,40.30255446023128,6362.1305103313025,62.7717503324616,6721.563272508959
2930,6321.752016418655,15.123808651719271,40.309752053238306,6362.061768471894,62.771522439996225,6721.49322573105
2931,6321.676075381727,15.123626974597434,40.31696836512276,6361.99304374685,62.771294770637226,6721.423197365019
2932,6321.60013279921,15.123445293778014,40.324203392726844,6361.924336191937,62.77106732412129,6721.353187445125
2933,6321.524188710135,15.123263609354389,40.33145713290284,6361.855645843038,62.77084010018547,6721.283196005744
2934,6321.448243153598,15.123081921420091,40.33872958251281,6361.786972736111,62.770613098567146,6721.213223081331
2935,6321.372296168838,15.122900230068991,40.34602073842837,6361.718316907267,62.77038631900416,6721.143268706496
2936,6321.296347794878,15.122718535394444,40.35333059753033,6361.6496783924085,62.77015976123461,6721.073332915642
2937,6321.220398071116,15.122536837490706,40.3606591567084,6361.581057227824,62.76993342499694,6721.00341574356
2938,6321.144447036741,15.122355136451535,40.36800641286093,6361.512453449603,62.76970731003003,6720.933517224843
2939,6321.068494730838,15.122173432370426,40.37537236289459,6361.4438670937325,62.76948141607305,6720.863637393986
2940,6320.992541193144,15.121991725342449,40.38275700372406,6361.375298196867,62.76925574286553,6720.793776286152
2941,6320.916586462995,15.12181001546171,40.39016033227178,6361.306746795267,62.76903029014737,6720.72393393611
2942,6320.840630579825,15.121628302822549,40.39758234546761,6361.238212925293,62.76880505765881,6720.654110378737
2943,6320.764673582925,15.121446587518959,40.40502304024855,6361.169696623173,62.76858004514043,6720.584305648772
2944,6320.688715512253,15.121264869646538,40.41248241355837,6361.101197925812,62.76835525233318,6720.514519781637
2945,6320.612756407206,15.121083149299535,40.419960462347426,6361.032716869553,62.76813067897831,6720.444752812196
2946,6320.536796307471,15.120901426572898,40.42745718357225,6360.964253491044,62.76790632481749,6720.375004775615
2947,6320.460835252862,15.120719701561871,40.43497257419533,6360.895807827057,62.767682189592676,6720.30527570719
2948,6320.3848732831175,15.120537974361525,40.44250663118477,6360.827379914303,62.767458273046145,6720.235565642156
2949,6320.308910438049,15.120356245067102,40.45005935151397,6360.758969789563,62.76723457492064,6720.165874615821
2950,6320.232946757341,15.120174513773543,40.457630732161306,6360.690577489502,62.76701109495907,6720.096202663377
2951,6320.156982281352,15.119992780577396,40.46522077010992,6360.622203051462,62.76678783290483,6720.026549820697
2952,6320.081017049504,15.119811045572977,40.472829462347235,6360.553846511852,62.7665647885016,6719.956916122724
2953,6320.005051102149,15.119629308856815,40.48045680586482,6360.4855079080135,62.76634196149338,6719.887301605331
2954,6319.929084479411,15.119447570524908,40.48810279765792,6360.417187277069,62.76611935162454,6719.817706304179
2955,6319.853117221161,15.119265830672633,40.495767434725366,6360.348884655886,62.76589695863981,6719.748130254673
2956,6319.77714936769,15.119084089396388,40.503450714068954,6360.280600081759,62.76567478228418,6719.678573492646
2957,6319.701180959347,15.118902346792696,40.511152632693424,6360.2123335920405,62.76545282230304,6719.609036053995
2958,6319.625212036289,15.118720602957628,40.518873187606005,6360.144085223895,62.7652310784421,6719.539517974426
2959,6319.549242638705,15.118538857987334,40.52661237581607,6360.075855014522,62.765009550447374,6719.470019289686
2960,6319.473272807076,15.11835711197865,40.53437019433488,6360.0076430014105,62.764788238065265,6719.400540035812
2961,6319.397302581792,15.118175365028211,40.542146640175254,6359.939449221967,62.76456714104244,6719.331080248758
2962,6319.321332003287,15.117993617232745,40.54994171035119,6359.871273713638,62.764346259125944,6719.261639964524
2963,6319.245361112268,15.117811868689637,40.55775540187768,6359.803116514146,62.76412559206313,6719.192219219383
2964,6319.169389949082,15.117630119495411,40.56558771177025,6359.734977660853,62.76390513960174,6719.122818049257
2965,6319.093418554397,15.117448369747363,40.57343863704472,6359.666857191442,62.76368490148974,6719.053436490383
2966,6319.01744696898,15.117266619543015,40.58130817471681,6359.5987551436965,62.76346487747553,6718.984074579104
2967,6318.941475233512,15.117084868979696,40.589196321801836,6359.530671555314,62.76324506730768,6718.914732351679
2968,6318.865503388585,15.11690311815451,40.597103075314465,6359.4626064639,62.76302547073533,6718.845409844274
2969,6318.789531475315,15.116721367165825,40.60502843226827,6359.394559907583,62.7628060875077,6718.776107093587
2970,6318.713559534354,15.116539616110895,40.61297238967544,6359.32653192403,62.76258691737444,6718.706824135846
2971,6318.637587606719,15.116357865087844,40.62093494454649,6359.258522551265,62.7623679600856,6718.637561007646
2972,6318.561615733105,15.116176114194031,40.628916093889885,6359.190531826995,62.76214921539142,6718.568317745263
2973,6318.485643955132,15.115994363529024,40.63691583471177,6359.122559789844,62.761930683042486,6718.499094385896
2974,6318.409672313355,15.115812613189846,40.644934164015545,6359.054606477371,62.76171236278977,6718.429890965674
2975,6318.333700849099,15.115630863275356,40.652971078801556,6358.986671927901,62.7614942543845,6718.3607075214995
2976,6318.257729603247,15.115449113883365,40.66102657606683,6358.918756179313,62.76127635757827,6718.29154408983
2977,6318.181758617558,15.115267365113777,40.66910065280466,6358.850859270363,62.76105867212295,6718.2224007079985
2978,6318.10578793305,15.115085617064713,40.67719330600425,6358.782981239055,62.760841197770716,6718.153277412591
2979,6318.02981759092,15.114903869834738,40.68530453265049,6358.715122123571,62.76062393427415,6718.084174240374
2980,6317.953847632516,15.114722123522766,40.693434329723516,6358.6472819622395,62.760406881386054,6718.015091228258
2981,6317.877878099703,15.114540378228954,40.701582694198365,6358.5794607939015,62.760190038859584,6717.946028413673
2982,6317.801909033258,15.114358634050857,40.70974962304466,6358.511658656303,62.75997340644816,6717.876985832951
2983,6317.725940475373,15.114176891089409,40.71793511322631,6358.443875588599,62.75975698390556,6717.807963523839
2984,6317.649972467207,15.113995149443078,40.726139161701056,6358.376111628908,62.75954077098591,6717.738961523047
2985,6317.5740050506665,15.11381340921212,40.73436176542023,6358.308366816087,62.7593247674436,6717.669979868025
2986,6317.498038267332,15.11363167049601,40.742602921328306,6358.24064118866,62.7591089730333,6717.601018595892
2987,6317.422072159064,15.11344993339489,40.75086262636272,6358.172934785426,62.75889338751003,6717.532077744045
2988,6317.346106767309,15.113268198007916,40.759140877453284,6358.105247644762,62.7586780106291,6717.46315734946
2989,6317.27014213407,15.113086464435574,40.76743767152201,6358.037579805592,62.75846284214613,6717.394257449661
2990,6317.194178301371,15.112904732778398,40.77575300548269,6357.969931306853,62.75824788181706,6717.325378082189
2991,6317.118215311304,15.112723003137091,40.784086876240586,6357.902302187545,62.75803312939816,6717.256519284646
2992,6317.042253205526,15.112541275611306,40.79243928069197,6357.834692486218,62.757818584645904,6717.18768109419
2993,6316.966292026318,15.112359550302196,40.80081021572393,6357.767102242042,62.75760424731719,6717.118863548598
2994,6316.8903318154935,15.112177827309793,40.809199678213815,6357.699531493708,62.7573901171691,6717.050066685169
2995,6316.814372615485,15.11199610673561,40.817607665029065,6357.631980280514,62.75717619395916,6716.981290541814
2996,6316.7384144683465,15.111814388680255,40.82603417302672,6357.564448641373,62.75696247744504,6716.912535156058
2997,6316.66245741658,15.111632673245406,40.83447919905311,6357.496936615633,62.75674896738482,6716.843800565864
2998,6316.586501502227,15.111450960531645,40.84294273994351,6357.429444242171,62.75653566353688,6716.775086808724
2999,6316.510546767959,15.11126925064105,40.85142479252169,6357.36197156048,62.75632256565978,6716.706393922751
