epoch,nll_total,nll_per_row,penalty,loss_base,bce_sum,loss_total
0,32263.569537607444,77.18557305647714,1.2000000000000004,32264.769537607444,28.39335632967652,32293.162893937122
1,30742.042330425902,73.54555581441603,1.246536217923278,30743.288866643827,28.42200939986139,30771.71087604369
2,29415.9092824536,70.37298871400382,1.2946488909582368,29417.203931344557,28.457012859928653,29445.660944204486
3,28271.703808100992,67.63565504330381,1.344237960538928,28273.048046061533,28.49847662644948,28301.546522687982
4,27293.893526632175,65.2963959967277,1.3951725452801067,27295.288699177454,28.546526573963856,27323.835225751416
5,26465.523314848717,63.31464907858545,1.4472920799081146,26466.970606928626,28.601304318535565,26495.57191124716
6,25769.15667974053,61.64870019076682,1.5004087757211377,25770.65708851625,28.662963397092156,25799.320051913342
7,25187.197893729237,60.25645429121827,1.5543116937655899,25188.752205423003,28.73166476039703,25217.4838701834
8,24702.216057645044,59.096210664222596,1.608773024860659,24703.824830669906,28.80757264149789,24732.632403311403
9,24297.520958170193,58.12804056978515,1.6635560664372495,24299.18451423663,28.89085073456863,24328.0753649712
10,23957.72478458967,57.31513106361165,1.7184237899426562,23959.443208379613,28.981658578851782,23988.424866958463
11,23669.114999131732,56.62467703141563,1.7731471502333476,23670.888146281966,29.080148132801593,23699.968294414768
12,23419.833914686584,56.02831080068561,1.827512741483668,23421.66142742807,29.186460536490255,23450.84788796456
13,23199.91412242534,55.5021868957544,1.8813296427089254,23201.79545206805,29.30072304952685,23231.09617511758
14,23001.212030370687,55.02682303916432,1.9344353745787624,23003.146465745267,29.423046153214603,23032.56951189848
15,22817.270333599365,54.58677113301283,1.9867009137308353,22819.257034513095,29.553520820585753,22848.810555333683
16,22643.133828294754,54.17017662271472,2.0380347026453127,22645.1718629974,29.692215976033026,22674.86407897343
17,22475.14082085559,53.76827947573108,2.0883855784456253,22477.229206434036,29.839176178754315,22507.06838261279
18,22310.71028648233,53.374904991584515,2.1377445696132726,22312.84803105194,29.99441956961181,22342.842450621552
19,22148.13965008528,52.985980024127464,2.186145574233587,22150.32579565951,30.15793612247851,22180.48373178199
20,21986.421176561944,52.599093723832404,2.2336649880119173,21988.654841549956,30.32968624191662,22018.984527791872
21,21825.07956195698,52.21310899989708,2.2804203692010065,21827.35998232618,30.50959975028057,21857.86958207646
22,21664.03047997003,51.827824114760844,2.3265682269320878,21666.357048196965,30.697575308233013,21697.0546235052
23,21503.458895228145,51.44368156753145,2.372301022440714,21505.831196250587,30.893480311042687,21536.72467656163
24,21343.715948267163,51.06152140733771,2.417843487221931,21346.133791754386,31.097151296396866,21377.23094305078
25,21185.23351160824,50.68237682202928,2.4634483835958263,21187.696959991834,31.30839488602539,21219.00535487786
26,21028.455786382365,50.30731049373772,2.509391853559919,21030.965178235925,31.526989262650012,21062.492167498574
27,20873.787408761964,49.93729045158364,2.555968515107432,20876.34337727707,31.7526861561347,20908.096063433204
28,20721.557416288728,49.57310386671944,2.6034864682806975,20724.16090275701,31.985213279446224,20756.146116036456
29,20571.998099644654,49.215306458480036,2.6522623653153072,20574.65036200997,32.224277118364235,20606.87463912833
30,20425.237296490515,48.86420405858975,2.7026166813746633,20427.93991317189,32.46956594278545,20460.409479114674
31,20281.30216547991,48.519861639904086,2.754869297301873,20284.05703477721,32.72075287808417,20316.777787655297
32,20140.132017694807,48.18213401362394,2.8093354773993773,20142.941353172206,32.97749885976396,20175.91885203197
33,20001.597471888002,47.850711655234456,2.866322297428585,20004.46379418543,33.23945530004656,20037.703249485476
34,19865.52309445353,47.525174867113705,2.926125553742862,19868.44922000727,33.506266323842354,19901.955486331113
35,19731.710797694537,47.20504975525009,2.989027165326825,19734.699824859865,33.77757048083029,19768.477395340695
36,19599.961581802923,46.889860243547666,3.055293067158229,19603.01687487008,34.05300190164071,19637.069876771722
37,19470.09368271265,46.57917148974318,3.1251715858698628,19473.21885429852,34.332190927502026,19507.551045226024
38,19341.95578816397,46.27262150278462,3.198892286806057,19345.154680450778,34.614764292650975,19379.76944474343
39,19215.434657375983,45.969939371712876,3.276665284161131,19218.711322660143,34.900344969912595,19253.611667630055
40,19090.457161726677,45.670950147671476,3.358681011137853,19093.815842737815,35.18855180088396,19129.0043945387
41,18966.98738084779,45.37556789676505,3.4451104527296916,18970.43249130052,35.47899902729542,19005.911490327813
42,18845.0198686027,45.08377958995861,3.5361058475769065,18848.555974450275,35.77129582613614,18884.32727027641
43,18724.570492780877,44.795623188471,3.631801865497813,18728.202294646373,36.065045934220436,18764.267340580594
44,18605.666328426712,44.511163465135674,3.732317262469592,18609.398645689183,36.35984743185511,18645.75849312104
45,18488.335960682838,44.230468805461335,3.8377570045170506,18492.173717687354,36.655292741453565,18528.829010428806
46,18372.601273144886,43.95359156254757,3.948214836565235,18376.54948798145,36.9509688850125,18413.500456866463
47,18258.471425578908,43.680553649710305,4.063776253177659,18262.535201832085,37.246458033421426,18299.781659865504
48,18145.939328791264,43.41133810715613,4.184521807403513,18150.12385059867,37.54133836982135,18187.66518896849
49,18034.980564434452,43.14588651778577,4.310530674330847,18039.291095108783,37.83518527825314,18077.126280387038
50,17925.554416244537,42.88410147426923,4.441884370008508,17929.996300614544,38.12757285760059,17968.123873472145
51,17817.60649847883,42.62585286717424,4.5786705162586285,17822.18516899509,38.418075749556,17860.603244744645
52,17711.072389236946,42.37098657712188,4.72098653875694,17715.793375775702,38.706271258377996,17754.49964703408
53,17605.881687717985,42.11933418114351,4.868943189757299,17610.750630907743,38.99174172997329,17649.742372637716
54,17501.961992689925,41.87072247055006,5.022667797160482,17506.984660487087,39.27407714871471,17546.258737635802
55,17399.242418391288,41.624981862180114,5.182307156773631,17404.424725548062,39.55287790275593,17443.977603450818
56,17297.65639890468,41.381953107427464,5.348030002765043,17303.004428907447,39.82775766270879,17342.832186570155
57,17197.143662344435,41.14149201517807,5.520029010723194,17202.66369135516,40.09834631461691,17242.762037669778
58,17097.65136765578,40.903472171425314,5.698522306908086,17103.34988996269,40.36429288630384,17143.714182848995
59,16999.13448135193,40.66778584055486,5.883754475177793,17005.01823582711,40.625268406401894,17045.64350423351
60,16901.55552656211,40.434343364981125,6.0759970690333915,16907.631523631146,40.880968637572366,16948.512492268717
61,16804.883864034593,40.20307144505883,6.275548649932175,16811.159412684527,41.13111662939038,16852.290529313916
62,16709.094668750506,39.97391069079068,6.48273438438316,16715.57740313489,41.37546504176184,16756.95286817665
63,16614.16775252505,39.74681280508385,6.697905241412256,16620.865657766462,41.61379819615936,16662.47945596262
64,16520.086358698747,39.52173770023624,6.921436838902517,16527.00779553765,41.84593381895273,16568.853729356604
65,16426.836025487322,39.2986507786778,7.1537279922676404,16433.98975347959,42.07172444821286,16476.0614779278
66,16334.40358442059,39.07752053689136,7.39519902213373,16341.798783442724,42.291058482178926,16384.089841924902
67,16242.77633286887,38.8583165858107,7.646289879437944,16250.422622748309,42.50386085379639,16292.926483602105
68,16151.941396864637,38.641008126470425,7.907458146853301,16159.84885501149,42.710093321200105,16202.558948332691
69,16061.885283019741,38.42556287803766,8.179176974927438,16070.064459994668,42.90975436873809,16112.974214363407
70,15972.59360615705,38.21194642621304,8.46193300991741,15981.055539166968,43.10287871727914,16024.158417884248
71,15884.050971598732,38.00012194162376,8.75622436805254,15892.807195966785,43.28953644641814,15936.096732413203
72,15796.240986894658,37.790050207881954,9.062558707807284,15805.303545602465,43.46983173515203,15848.773377337617
73,15709.14637617215,37.581689895148685,9.38145144758696,15718.527827619737,43.64390123199509,15762.171728851732
74,15622.749170411458,37.37499801533842,9.713424170868052,15632.462594582326,43.81191207057972,15676.274506652906
75,15537.030948218151,37.169930498129546,10.059003254167678,15547.089951472319,43.97405955261203,15591.064011024931
76,15451.973103684586,36.96644283178131,10.418718745206629,15462.391822429792,44.13056452646181,15506.522386956254
77,15367.557120510632,36.764490718924954,10.793103509365999,15378.350224019998,44.28167049629119,15422.63189451629
78,15283.764834548867,36.56403070466236,11.182692652255945,15294.947527201122,44.42764050293887,15339.375167704062
79,15200.578670305134,36.36502074235678,11.588023215298575,15212.166693520434,44.56875382321158,15256.735447343646
80,15117.981840536748,36.16742067114055,12.00963413017429,15129.991474666922,44.705302538310995,15174.696777205232
81,15035.958501839868,35.971192588133654,12.4480664073645,15048.406568247234,44.83758802457255,15093.244156271807
82,14954.493862848773,35.77630110729371,12.903863524428465,14967.397726373201,44.96591742051491,15012.363643793717
83,14873.5742451693,35.582713505189716,13.377571971614824,14886.951817140914,45.09060012367692,14932.04241726459
84,14793.18710028923,35.39039976145749,13.869741906361162,14807.05684219559,45.21194436932329,14852.268786564913
85,14713.320988220556,35.19933250770468,14.380927864460313,14727.701916085016,45.33025394136219,14773.032170026378
86,14633.96552545891,35.00948690301175,14.911689474281737,14648.877214933193,45.44582506414874,14694.323039997342
87,14555.111310872746,34.82084045663336,15.462592121370985,14570.573902994116,45.55894352239201,14616.132846516508
88,14476.7498383829,34.63337281909785,16.034207513800624,14492.784045896702,45.66988205491932,14538.453927951621
89,14398.87340482248,34.44706556177627,16.627114103493405,14415.500518925974,45.778898065993644,14461.279416991967
90,14321.475020302092,34.261901962445194,17.24189732500048,14338.716917627093,45.886231694393615,14384.603149321487
91,14244.548326926419,34.07786681082875,17.87914962049554,14262.427476546914,45.9921042746712,14308.419580821586
92,14168.087529988668,33.89494624399203,18.539470227662886,14186.627000216331,46.09671721625582,14232.723717432587
93,14092.087344022872,33.713127617279596,19.223464715378313,14111.31080873825,46.20025131420272,14157.511060052453
94,14016.542954441631,33.53239941253979,19.93174426032253,14036.474698701953,46.302866490849425,14082.777565192802
95,13941.449994064895,33.35275118197343,20.664924665685817,13962.11491873058,46.40470195153208,14008.519620682113
96,13866.80453272097,33.17417352325591,21.42362513070967,13888.22815785168,46.50587672135437,13934.734034573034
97,13792.603077304644,32.99665807967618,22.208466786777127,13814.81154409142,46.60649051547506,13861.418034606895
98,13718.842579208376,32.820197557914774,23.020071021932317,13741.862650230309,46.706624883971024,13788.56927511428
99,13645.520445901138,32.64478575574435,23.859057620924943,13669.379503522063,46.80634456505393,13716.185848087116
100,13572.634553546832,32.4704175922173,24.72604275200367,13597.360596298835,46.90569897767108,13644.266295276506
101,13500.183257937413,32.297089133821565,25.6216368346267,13525.80489477204,47.00472378609588,13572.809618558136
102,13428.165401539442,32.12479761133838,26.546442323961518,13454.711843863402,47.10344247433623,13501.815286337738
103,13356.580315127372,31.953541423749694,27.501051448498572,13384.08136657587,47.20186787611425,13431.283234451985
104,13285.427813155098,31.783320127165307,28.486043936337502,13313.913857091437,47.30000361579489,13361.213860707232
105,13214.708182696997,31.61413440836602,29.501984763791086,13244.210167460787,47.397845426047795,13291.608012886836
106,13144.422166362414,31.44598604392922,30.54942195699672,13174.971588319411,47.49538231849545,13222.466970637906
107,13074.57094004135,31.278877846988877,31.628884473365066,13106.199824514715,47.5925975936085,13153.792422108323
108,13005.156086621602,31.1128136043579,32.74088018509183,13037.896966806695,47.689469685331176,13085.586436492025
109,12936.179566960775,30.947798007083193,33.885893981801985,12970.065460942576,47.78597284415804,13017.851433786735
110,12867.643689365932,30.78383657743046,35.06438600389678,12902.708075369828,47.88207766952867,12950.590153039357
111,12799.55107870884,30.620935594997228,36.276790012565115,12835.827868721406,47.97775150838347,12883.80562022979
112,12731.904646078956,30.459102024112333,37.52351189694571,12769.4281579759,48.072958741468554,12817.501116717369
113,12664.707559625045,30.298343444079055,38.80492831383437,12703.51248793888,48.16766098242497,12751.680148921305
114,12597.96321696011,30.138667983158157,40.1213854508595,12638.084602410969,48.26181721679028,12686.346419627758
115,12531.675219277662,29.980084256645124,41.47319790041534,12573.148417178078,48.35538390874255,12621.50380108682
116,12465.84734711483,29.822601308887155,42.86064762902435,12508.707994743854,48.44831510273387,12557.156309846589
117,12400.483537579024,29.666228558801492,44.28398302532554,12444.76752060435,48.54056254515506,12493.308083149504
118,12335.587862760589,29.510975748231075,45.74341800961833,12381.331280770208,48.63207584797698,12429.963356618186
119,12271.164509035727,29.35685289242997,47.239131188831465,12318.403640224558,48.72280271212418,12367.126442936682
120,12207.21775698378,29.203870232018613,48.77126504285898,12255.989022026639,48.812689223410246,12304.80171125005
121,12143.75196168395,29.052038185846772,50.33992513127315,12194.091886815224,48.9016802284976,12242.99356704372
122,12080.771533227038,28.901367304370904,51.94517931329143,12132.71671254033,48.98971979285144,12181.706432333182
123,12018.280917336928,28.751868223294085,53.58705697829889,12071.867974315226,49.07675173734449,12120.94472605257
124,11956.284576067439,28.603551617386216,55.2655482889401,12011.55012435638,49.16272024531152,12060.71284460169
125,11894.786968577657,28.456428154492002,56.9806034435123,11951.767572021168,49.247570527677944,12001.015142548846
126,11833.792532032428,28.310508449838345,58.73213196883789,11892.524664001267,49.33124953046051,11941.855913531726
127,11773.305662688843,28.165803020786704,60.52000205871647,11833.82566474756,49.41370666656015,11883.23937141412
128,11713.330697237905,28.022322242195944,62.344039976233425,11775.674737214138,49.49489455237266,11825.16963176651
129,11653.87189447384,27.880076302568995,64.20402954046567,11718.075924014305,49.574769729308976,11767.650693743613
130,11594.93341735429,27.739075161134664,66.099711719356,11661.033129073647,49.65329335077206,11710.686422424418
131,11536.519315514346,27.599328506015183,68.03078435066746,11604.550099865013,49.73043181637503,11654.280531681388
132,11478.633508291914,27.46084571361702,69.99690201197654,11548.630410303891,49.80615733707403,11598.436567640965
133,11421.279768329263,27.32363580940015,71.99767605866907,11493.277444387932,49.88044841728697,11543.157892805219
134,11364.461705813319,27.187707430175404,74.03267484596806,11438.494380659287,49.953290242827045,11488.447670902115
135,11308.182753434516,27.05306878812085,76.10142414728853,11384.284177581805,50.02467496645896,11434.308852548264
136,11252.44615214481,26.91972763671007,78.20340777685168,11330.649559921661,50.09460188595106,11380.744161807612
137,11197.254937815078,26.787691238792053,80.33806841969894,11277.593006234776,50.16307751253055,11327.756083747307
138,11142.611928886956,26.656966337050132,82.50480866723038,11225.116737554186,50.230115530548375,11275.346853084735
139,11088.519715126822,26.52755912709766,84.70299225136802,11173.22270737819,50.29573665183749,11223.518444030027
140,11034.980647585362,26.399475233457803,86.93194546562154,11121.912593050984,50.35996837063537,11172.27256142162
141,10981.99682985677,26.272719688652558,89.19095875690631,11071.187788613675,50.42284462698338,11121.610633240658
142,10929.570110731966,26.14729691562671,91.47928846811303,11021.04939920008,50.484405388179354,11071.533804588258
143,10877.702078322982,26.023210713691345,93.79615870830015,10971.498237031283,50.54469615912407,11022.042933190407
144,10826.39405572492,25.90046424814574,96.14076332509373,10922.534819050014,50.603767433262995,10973.138586483277
145,10775.647098274721,25.77906004371943,98.51226795251009,10874.159366227232,50.66167409629504,10924.821040323526
146,10725.461992449138,25.658999981935736,100.90981210699789,10826.371804556136,50.71847479491973,10877.090279351056
147,10675.839256437377,25.540285302481763,103.33251130501029,10779.171767742388,50.77423128266295,10829.94599902505
148,10626.779142404535,25.42291660862329,105.77945917680337,10732.558601581339,50.82900775429936,10783.387609335638
149,10578.281640452224,25.30689387667996,108.2497295532992,10686.531370005523,50.88287017963191,10737.414240185155
150,10530.3464842513,25.192216469500718,110.7423785055989,10641.088862756898,50.93588564644694,10692.024748403346
151,10482.973158298546,25.078883153824272,113.25644631989346,10596.22960461844,50.988121721396915,10647.217726339837
152,10436.160906696783,24.96689212128417,115.79095939389444,10551.951866090678,51.03964583642182,10602.991511927099
153,10389.90874331195,24.85624101270801,118.34493204428043,10508.253675356229,51.09052470715792,10559.344200063388
154,10344.215463095523,24.7469269452046,120.91736821783853,10465.132831313362,51.14082378863711,10516.273655101999
155,10299.07965428356,24.63894654134823,123.50726310181797,10422.586917385377,51.19060677248754,10473.777524157864
156,10254.499711125402,24.532295959630147,126.11360463140483,10380.613315756806,51.23993512882903,10431.853250885635
157,10210.473846726361,24.426970925182683,128.73537489413656,10339.209221620498,51.28886769513073,10390.49808931563
158,10167.000105544452,24.322966759675722,131.37155143254262,10298.371656976995,51.337460313472164,10349.709117290467
159,10124.076375071461,24.22027840926187,134.0211084474148,10258.097483518875,51.38576551692377,10309.483249035799
160,10081.700396245014,24.11890046948568,136.68301790502682,10218.383414150041,51.43383226514186,10269.817246415183
161,10039.869772188129,24.018827206191695,139.35625055249523,10179.226022740624,51.48170572875408,10230.707728469379
162,9998.581974969911,23.920052571698353,142.0397768464569,10140.621751816368,51.529427121697594,10192.151178938066
163,9957.834350194848,23.822570215777148,144.7325678014483,10102.566917996295,51.577033580364194,10154.14395157666
164,9917.624119360298,23.72637349129258,147.43359576585706,10065.057715126155,51.624558088208246,10116.682273214363
165,9877.948380054935,23.63145545467688,150.14183513506273,10028.090215189997,51.67202944438048,10079.762244634378
166,9838.804104194198,23.53780886170861,152.8562630132941,9991.660367207493,51.719472274959486,10043.379839482452
167,9800.188134587208,23.44542615929954,155.57585983764864,9955.763994424857,51.76690708544539,10007.530901510303
168,9762.097180194007,23.35429947414834,158.29960997944107,9920.396790173449,51.81435035333263,9972.21114052678
169,9724.52781046592,23.264420599200765,161.02650233934685,9885.554312805267,51.86181465975443,9937.416127465021
170,9687.47644917111,23.175780978878255,163.7555309534568,9851.231980124567,51.909308859347064,9903.141288983914
171,9650.939368071893,23.0883716939519,166.48569562717216,9817.425063699066,51.95683828756321,9869.38190198663
172,9614.912680794208,23.002183446876096,169.21600261271556,9784.128683406923,52.00440500461613,9836.13308841154
173,9579.392337166128,22.917206548244323,171.94546534387783,9751.337802510005,52.052008075000884,9803.389810585006
174,9544.374118261963,22.833430904932925,174.67310523855258,9719.047223500516,52.09964388105764,9771.146867381574
175,9509.853632342496,22.750846010388745,177.3979525758545,9687.251584918351,52.147306468264134,9739.398891386616
176,9475.826311856717,22.66944093745626,180.11904745055534,9655.945359307272,52.19498791882285,9708.140347226095
177,9442.287411666948,22.589204334131455,182.83544080370885,9625.122852470657,52.24267874861336,9677.36553121927
178,9409.232008679284,22.510124422677713,185.54619552524844,9594.778204204533,52.290368320704246,9647.068572525237
179,9376.655003108106,22.432189002650972,188.25038762259828,9564.905390730704,52.33804526638922,9617.243435997094
180,9344.55112166784,22.355385458535505,190.94710744933542,9535.498229117176,52.385697902216684,9587.883927019393
181,9312.914923049275,22.279700772845157,193.63546098978586,9506.550384039061,52.433314628885896,9558.983698667947
182,9281.740806098544,22.205121545690297,196.31457119874705,9478.05537729729,52.480884295458814,9530.53626159275
183,9251.023021116185,22.131634021809056,198.98357939936938,9450.006600515555,52.528396510484235,9502.53499702604
184,9220.75568462478,22.059224125896606,201.64164674507555,9422.397331369857,52.57584188086663,9474.973173250724
185,9190.932797782505,21.987877506656712,204.28795575134126,9395.220753533846,52.623212160239106,9447.843965694085
186,9161.548268318318,21.917579589278272,206.92171189824822,9368.469980216567,52.67050029180357,9421.140480508371
187,9132.595935473773,21.848315635104722,209.54214529353564,9342.138080767309,52.717700336500855,9394.85578110381
188,9104.069596964087,21.78007080613418,212.14851236817967,9316.218109332267,52.764807286020826,9368.982916618288
189,9075.963036548299,21.71283023097679,214.74009755382463,9290.703134102123,52.81181677105474,9343.514950873177
190,9048.270050470242,21.64657906811063,217.31621486711546,9265.586265337359,52.858724687167054,9318.444990024525
191,9020.984470946616,21.581302562073244,219.87620930517704,9240.860680251793,52.90552677196503,9293.766207023758
192,8994.100185063451,21.516986088668542,222.41945794474844,9216.5196430082,52.9522181758106,9269.47186118401
193,8967.611147918475,21.453615186407834,224.94537063951532,9192.55651855799,52.99879307224768,9245.555311630238
194,8941.511389520638,21.39117557301588,227.45339022827983,9168.964779748918,53.04524435240032,9222.010024101319
195,8915.79501572194,21.329653147660142,229.9429921996962,9145.738007921636,53.09156343971426,9198.82957136135
196,8890.456204138045,21.269033981191495,232.41368380291613,9122.86988794096,53.13774024864424,9176.007628189605
197,8865.489196502138,21.209304297852004,234.86500264080792,9100.354199142947,53.18376329526278,9153.53796243821
198,8840.888289101333,21.150450452395532,237.29651482593107,9078.184803927265,53.229619951757186,9131.414423879021
199,8816.647822893134,21.092458906442904,239.70781281275944,9056.355635705893,53.27529682270429,9109.630932528598
200,8792.762174610049,21.035316207201074,242.09851303875786,9034.860687648807,53.32078021055371,9088.18146785936
201,8769.225749754303,20.979008970704076,244.4682535107239,9013.694003265027,53.36605663172754,9067.060059896754
202,8746.032977946768,20.923523870686047,246.81669146285358,8992.849669409621,53.41111334313179,9046.260782752754
203,8723.178310682779,20.86884763321239,249.14350119263645,8972.321811875416,53.455938841018806,9025.777750716434
204,8700.65622125397,20.814967036492753,251.44837215416615,8952.104593408136,53.50052329904349,9005.60511670718
205,8678.461206385353,20.761868914797496,253.73100735996402,8932.192213745317,53.54485891894907,8985.737072664266
206,8656.587789062894,20.709540165222236,255.99112211549118,8912.578911178385,53.588940174647156,8966.167851353031
207,8635.030522023597,20.657967756037312,258.22844308770937,8893.258965111307,53.63276393779083,8946.891729049097
208,8613.783991459735,20.607138735549604,260.4427076917575,8874.226699151493,53.67632947978362,8927.903028631277
209,8592.84282058918,20.55704024064397,262.6336637684651,8855.476484357645,53.71963835125101,8909.196122708896
210,8572.201672877149,20.507659504490785,264.8010695196089,8837.002742396757,53.76269414521654,8890.765436541973
211,8551.855254805476,20.458983863170996,266.94469366657285,8818.79994847205,53.80550215457521,8872.605450626625
212,8531.798318189256,20.411000761218315,269.0643158001219,8800.862633989378,53.84806893801188,8854.71070292739
213,8512.025662115488,20.363697756257146,271.1597268930027,8783.18538900849,53.89040181136076,8837.07579081985
214,8492.532134621913,20.317062523018933,273.23072995182207,8765.762864573735,53.93250828363193,8819.695372857366
215,8473.31263425514,20.271082857069715,275.27714078915017,8748.589775044291,53.974395458605635,8802.564170502897
216,8454.362111647173,20.225746678581753,277.2987889003634,8731.660900547537,54.016069424052965,8785.67696997159
217,8435.675571227694,20.18104203642989,279.2955184320371,8714.97108965973,54.05753465127869,8769.028624311008
218,8417.248073163168,20.136957112830544,281.267189229604,8698.515262392772,54.09879342777212,8752.614055820544
219,8399.074735581617,20.093480228664156,283.21367795163326,8682.28841353325,54.13984534523807,8736.428258878488
220,8381.150737100535,20.05059984952281,285.13487923668856,8666.285616337223,54.18068686409473,8720.466303201318
221,8363.47131965198,20.008304592468853,287.03070690656597,8650.502026558546,54.22131097360467,8704.72333753215
222,8346.031791562873,19.966583233404002,288.9010951870736,8634.932886749946,54.2617069641007,8689.194593714046
223,8328.827530824416,19.925424714890948,290.74599992460037,8619.573530749016,54.3018603242714,8673.875391073287
224,8311.853988469835,19.884818154234054,292.56539977367663,8604.419388243512,54.34175277222455,8658.761141015737
225,8295.106691958305,19.844752851574892,294.35929732765203,8589.465989285956,54.381362424156606,8643.847351710114
226,8278.581248453906,19.805218297736616,296.12772016154213,8574.708968615447,54.42066409909871,8629.129632714545
227,8262.273347882401,19.766204181536846,297.87072175315296,8560.144069635555,54.45962975262595,8614.60369938818
228,8246.178765647124,19.727700396284988,299.5883822459091,8545.767147893033,54.49822902689738,8600.265376919931
229,8230.293364883866,19.689697045176715,301.2808090147104,8531.574173898576,54.53642989926283,8586.110603797839
230,8214.61309815351,19.652184445343323,302.948136995033,8517.561235148543,54.574199407251676,8572.135434555796
231,8199.134008482552,19.61515313034103,304.5905287358948,8503.724537218446,54.61150442433953,8558.336041642786
232,8183.85222968915,19.57859385093098,306.20817413981035,8490.06040382896,54.64831245870475,8544.708716287665
233,8168.763985971722,19.54249757409503,307.80128985792646,8476.56527582965,54.68459244638103,8531.24986827603
234,8153.8655907654875,19.50685548030021,309.37011831648476,8463.235709081971,54.72031551082884,8517.9560245928
235,8139.153444929174,19.471658959160703,310.9149263615698,8450.068371290743,54.755455662922856,8504.823826953665
236,8124.624034348653,19.436899603704912,312.436003522415,8437.060037871068,54.78999041852048,8491.850028289587
237,8110.273927093412,19.402569203572757,313.93365990858877,8424.207587002,54.82390131489466,8479.031488316894
238,8096.099770275347,19.368659737500828,315.4082237721178,8411.507994047464,54.857174312083416,8466.365168359547
239,8082.098286778719,19.335163365499326,316.86003878078105,8398.9583255595,54.88980007030785,8453.84812562981
240,8068.266272026474,19.302072421115966,318.2894610621778,8386.555733088651,54.92177409972609,8441.477507188378
241,8054.600590932067,19.2693794041437,319.6968560886282,8374.297447020695,54.95309678364403,8429.250543804339
242,8041.098175160036,19.237076974067072,321.0825954797057,8362.180770639741,54.983773280666796,8417.164543920408
243,8027.7560207853685,19.205157944462606,322.44705380179744,8350.203074587165,55.01381331498836,8405.216887902154
244,8014.5711864045015,19.17361527847967,323.7906054425183,8338.361791847019,55.04323086697954,8393.405022713998
245,8001.540791708003,19.142442085425845,325.113621632418,8326.65441334042,55.07204377841655,8381.726457118837
246,7988.662016496833,19.111631618413476,326.41646767786006,8315.078484174694,55.10027328810361,8370.178757462798
247,7975.9321000939435,19.08117727295202,327.69950045802824,8303.631600551971,55.127943514343215,8358.759544066314
248,7963.348341077967,19.051072586310926,328.9630662266542,8292.311407304622,55.15508090077352,8347.466488205395
249,7950.908097261272,19.021311237467156,330.2074987461166,8281.115596007388,55.181713641623006,8336.297309649011
250,7938.608785821598,18.99188704742009,331.4331177688422,8270.04190359044,55.20787110152778,8325.249774691967
251,7926.447883504801,18.962793979676558,332.6402278690816,8259.088111373883,55.2335832438157,8314.321694617698
252,7914.42292681956,18.93402614071665,333.8291176176075,8248.252044437168,55.258880079678875,8303.510924516846
253,7902.5315121571875,18.905577780280353,335.00005908300625,8237.531571240193,55.2837911490132,8292.815362389207
254,7890.771295779599,18.877443291338754,336.1533076361638,8226.924603415762,55.308345041974874,8282.232948457737
255,7879.139993641107,18.84961720966772,337.28910202929126,8216.429095670399,55.332568968549225,8271.761664638949
256,7867.635381009959,18.822094212942485,338.4076647173328,8206.043045727292,55.3564883816982,8261.39953410899
257,7856.255291879452,18.794869119328833,339.5092023876805,8195.764494267132,55.38012665798897,8251.14462092512
258,7844.997618166858,18.767936885566645,340.5939066635946,8185.591524830453,55.40350483803897,8240.995029668491
259,7833.860308703672,18.74129260455424,341.6619549473521,8175.522263651024,55.426641427665196,8230.948905078689
260,7822.841368031347,18.714931502467337,342.7135113707001,8165.554879402047,55.44955225931349,8221.00443166136
261,7811.938855025686,18.688848935468148,343.748727822431,8155.687582848117,55.47225041217803,8211.159833260295
262,7801.150881367466,18.66304038604657,344.767745025622,8145.918626393089,55.49474618840568,8201.413372581494
263,7790.475609889734,18.63750145906635,345.77069364009105,8136.246303529825,55.51704714191732,8191.763350671742
264,7779.911252825243,18.61222787757235,346.757695368768,8126.66894819401,55.53915815566513,8182.208106349675
265,7769.456069980068,18.587215478421214,347.72886404981705,8117.184934029885,55.5610815625771,8172.746015592462
266,7759.10836686183,18.562460207803422,348.6843067193764,8107.792673581207,55.582817305010906,8163.375490886218
267,7748.866492780848,18.537958116700594,349.62412463262666,8098.490617413474,55.60436312724089,8154.0949805407145
268,7738.728838951395,18.51370535634305,350.5484142335023,8089.277253184898,55.62571479532548,8144.902967980223
269,7728.693836608383,18.489698173704266,351.4572680656974,8080.151104674081,55.64686633863773,8135.797971012718
270,7718.759955157468,18.46593290707528,352.3507756196596,8071.110730777127,55.66781030737975,8126.778541084507
271,7708.925700377004,18.44240598176317,353.2290241120324,8062.154724489037,55.68853804053249,8117.84326252957
272,7699.18961267727,18.419113905926483,354.0920991954996,8053.28171187277,55.70903993890427,8108.990751811674
273,7689.550265433962,18.396053266588424,354.94008559822197,8044.490351032184,55.729305738226444,8100.21965677041
274,7680.00626340013,18.37322072583763,355.7730676930748,8035.779331093205,55.74932477759149,8091.528655870797
275,7670.556241205695,18.350613017238505,356.591129997713,8027.1473712034085,55.76908625892737,8082.9164574623355
276,7661.198861946174,18.32822694245496,357.3943576071464,8018.59321955332,55.78857949364441,8074.381799046964
277,7651.932815868264,18.306059368105895,358.1828365610232,8010.115652429287,55.8077941330647,8065.923446562352
278,7642.756819148585,18.284107222843506,358.9566541482251,8001.713473296811,55.82672037974301,8057.540193676554
279,7633.669612771737,18.262367494669228,359.71589915170426,7993.385511923441,55.84534917730034,8049.230861100742
280,7624.669961502881,18.24083722847579,360.4606620367392,7985.1306235396205,55.86367237691006,8040.994295916531
281,7615.756652954518,18.219513523814637,361.1910350859989,7976.947688040517,55.8816828790919,8032.82937091961
282,7606.928496746883,18.19839353288728,361.9071124849627,7968.835609231845,55.89937474997363,8024.734983981819
283,7598.184323754301,18.177474458742346,362.6089903613874,7960.793314115688,55.91674331166695,8016.710057427355
284,7589.522985438647,18.156753553680975,363.29676678261825,7952.819752221265,55.93378520686451,8008.75353742813
285,7580.943353259554,18.136228117845825,363.97054171463145,7944.9138949741855,55.95049843819524,8000.864393412381
286,7572.44431816193,18.115895497995048,364.63041694676224,7937.074735108692,55.96688238326709,7993.041617491959
287,7564.024790127833,18.09575308643022,365.27649598611174,7929.301286113944,55.98293778667845,7985.284223900622
288,7555.683697796552,18.075798320087447,365.9088839256434,7921.592581722196,55.99866673058506,7977.591248452781
289,7547.419988133134,18.05602867974434,366.5276872899625,7913.947675423096,56.01407258566881,7969.961748008765
290,7539.232626153413,18.03644168936223,367.13301386273,7906.365640016143,56.029159944563894,7962.394799960706
291,7531.120594687332,18.017034915519933,367.72497249957564,7898.845567186908,56.0439345399558,7954.889501726863
292,7523.082894178905,17.99780596693518,368.30367293026796,7891.386567109173,56.05840314967877,7947.444970258852
293,7515.118542517633,17.97875249406132,368.8692255537404,7883.9877680713735,56.072573491199165,7940.060341562573
294,7507.226574890991,17.95987218873443,369.42174122939593,7876.648316120387,56.08645410788756,7932.734770228274
295,7499.406043655574,17.94116278386501,369.9613310678883,7869.3673747234625,56.1000542494546,7925.467428972917
296,7491.656018218529,17.922622053154377,370.4881062243444,7862.144124442873,56.11338374885723,7918.25750819173
297,7483.975584926435,17.904247810828792,371.0021776967122,7854.977762623147,56.12645289787782,7911.104215521025
298,7476.363846954491,17.88603791137438,371.5036561316402,7847.867503086131,56.13927232344265,7904.006775409574
299,7468.819924192934,17.867990249265393,371.99265163999206,7840.812575832926,56.15185286658345,7896.96442869951
300,7461.342953127003,17.85010275867704,372.469273623789,7833.812226750792,56.164205465760105,7889.976432216553
301,7453.932086704719,17.832373413169183,372.9336306160684,7826.865717320788,56.17634104606131,7883.042058366849
302,7446.586494195038,17.81480022534698,373.3858301348422,7819.9723243298795,56.188270415584746,7876.160594745465
303,7439.305361027255,17.797381246476686,373.8259785520411,7813.131339579296,56.20000417007721,7869.331343749373
304,7432.087888615014,17.780114566064626,374.25418097805874,7806.342069593073,56.21155260669056,7862.553622199764
305,7424.933294161508,17.762998311391165,374.6705411622432,7799.603835323751,56.222925647486306,7855.8267609712375
306,7417.840810446741,17.74603064700177,375.0751614094521,7792.915971856193,56.23413277310425,7849.150104629298
307,7410.8096855939,17.729209774148085,375.46814251257433,7786.277828106475,56.24518296680236,7842.523011073277
308,7403.839182818425,17.712533930187618,375.8495837007345,7779.68876651916,56.256084668878685,7835.944851188038
309,7396.928580156474,17.69600138793415,376.21958260274374,7773.1481627592175,56.26684574130441,7829.415008500522
310,7390.077170178167,17.67961045497169,376.57823522522744,7766.655405403394,56.277473442232974,7822.932878845627
311,7383.284259682166,17.66335947292384,376.9256359447595,7760.209895626926,56.28797440990375,7816.497870036829
312,7376.549169376833,17.647246816690988,377.26187751325494,7753.811046890088,56.29835465533294,7810.109401545421
313,7369.871233546775,17.631270893652573,377.5870510758199,7747.458284622595,56.30861956307858,7803.766904185673
314,7363.24979970857,17.61543014284347,377.9012462002213,7741.151045908791,56.31877389928186,7797.469819808073
315,7356.684228256416,17.59972303410626,378.2045509171269,7734.888779173542,56.3288218261233,7791.217600999666
316,7350.173892099656,17.584148067224056,378.497051770264,7728.67094386992,56.33876692178885,7785.009710791709
317,7343.718176295401,17.56870377104163,378.77883387565413,7722.497010171055,56.3486122050171,7778.845622376072
318,7337.316477676542,17.553388702575457,379.0499809891048,7716.366458665647,56.35836016329431,7772.724818828941
319,7330.968204477615,17.538201446118695,379.31057558116174,7710.278780058777,56.3680127837757,7766.646792842553
320,7324.6727759626,17.52314061235072,379.5606989187529,7704.233474881353,56.377571586040276,7760.611046467393
321,7318.429622052245,17.50820483744556,379.80043115278653,7698.230053205031,56.38703765582876,7754.61709086086
322,7312.238182956433,17.493392782192423,380.0298514109887,7692.268034367422,56.39641167896964,7748.664446046391
323,7306.097908811576,17.478703131128174,380.24903789528946,7686.346946706866,56.40569397476412,7742.7526406816305
324,7300.008259324014,17.464134591684243,380.4580679830831,7680.466327307097,56.4148845281756,7736.881211835273
325,7293.968703422579,17.44968589335545,380.65701833169726,7674.625721754276,56.423983020251534,7731.0497047745275
326,7287.978718919097,17.435355786887794,380.8459649854094,7668.824683904507,56.43298885629203,7725.257672760799
327,7282.037792179397,17.42114304349138,381.02498348433915,7663.062775663736,56.44190119137038,7719.5046768551065
328,7276.145417805857,17.407046454080998,381.1941489745353,7657.339566780392,56.45071895290262,7713.790285733294
329,7270.301098330865,17.39306482854274,381.3535363185517,7651.654634649417,56.459440860055466,7708.114075509472
330,7264.504343921841,17.379196995028327,381.50322020577516,7646.007564127616,56.46806543987225,7702.475629567489
331,7258.754672101078,17.365441799284874,381.64327526173827,7640.397947362816,56.47659104008444,7696.874538402901
332,7253.051607475865,17.351798104009248,381.7737761556009,7634.825383631466,56.485015838659365,7691.310399470125
333,7247.394681481737,17.338264788233822,381.89479770494813,7629.289479186686,56.49333785021283,7685.782817036898
334,7241.783432139933,17.32484074674625,382.0064149770003,7623.789847116934,56.50155492948716,7680.291402046421
335,7236.217403825516,17.311524889534727,382.10870338528935,7618.326107210805,56.50966477215852,7674.835771982964
336,7230.696147047832,17.298316141262756,382.20173878081016,7612.897885828642,56.517664913294375,7669.415550741936
337,7225.219218243887,17.28521344077485,382.28559753662057,7607.504815780507,56.52555272382854,7664.0303685043355
338,7219.786179581274,17.272215740625057,382.360356624832,7602.146536206106,56.533325405459806,7658.679861611566
339,7214.396598771765,17.259322006631017,382.42609368491713,7596.822692456682,56.540979984408224,7653.36367244109
340,7209.050048895673,17.246531217453764,382.4828870822494,7591.5329359779225,56.54851330448189,7648.081449282405
341,7203.746108234517,17.23384236419741,382.5308159558077,7586.276924190325,56.5559220199158,7642.832846210241
342,7198.484360110766,17.221254450025757,382.5699602539994,7581.054320364765,56.56320258844293,7637.617522953208
343,7193.264392737863,17.2087664898035,382.6004007576107,7575.864793495473,56.57035126504654,7632.4351447605195
344,7188.085799073198,17.196377509744494,382.6222190889596,7570.708018162158,56.577364096822535,7627.2853822589805
345,7182.948176679876,17.184086547081044,382.6354977064266,7565.583674386303,56.58423691935051,7622.167911305653
346,7177.851127593065,17.171892649744176,382.6403198836507,7560.491447476716,56.59096535493516,7617.082412831651
347,7172.794258188284,17.159794876048526,382.63676967283016,7555.431027861115,56.597544813032854,7612.028572674148
348,7167.777179056759,17.14779229439416,382.624931851729,7550.402110908489,56.60397049312718,7607.006081401616
349,7162.799504882848,17.135883982973322,382.6048918541835,7545.404396737032,56.610237390257915,7602.014634127289
350,7157.860854321984,17.12406902947843,382.5767356841138,7540.437590006099,56.61634030334665,7597.053930309446
351,7152.960849885486,17.11234653082652,382.54054981327215,7535.501399698758,56.62227384639574,7592.123673545154
352,7148.099117822673,17.100715592877208,382.49642106320164,7530.595538885875,56.628032462570815,7587.223571348445
353,7143.275288008416,17.089175330163677,382.4444364721311,7525.7197244805475,56.6336104411097,7582.353334921657
354,7138.488993830598,17.07772486562344,382.3846831477809,7520.873676978379,56.639001936934754,7577.512678915314
355,7133.739872080345,17.066363330335754,382.3172481073123,7516.057120187657,56.644200992784285,7572.7013211804415
356,7129.027562843113,17.055089863261035,382.2422181058919,7511.269780949005,56.64920156362069,7567.918982512625
357,7124.351709392904,17.043903610987808,382.15967945557423,7506.511388848478,56.65399754302314,7563.165386391502
358,7119.711958087533,17.032803727482136,382.06971783641677,7501.78167592395,56.65858279122988,7558.44025871518
359,7115.107958267686,17.021789373846136,381.9724181019208,7497.080376369607,56.66295116446292,7553.74332753407
360,7110.539362157465,17.01085971808006,381.86786408105235,7492.407226238517,56.66709654514524,7549.074322783662
361,7106.005824767912,17.000013934851463,381.7561383792068,7487.761963147119,56.671012872611016,7544.43297601973
362,7101.507003805433,16.989251205276155,381.6373221805683,7483.144325986001,56.67469417391054,7539.819020159911
363,7097.042559582015,16.978570716703384,381.51149505434955,7478.5540546363645,56.67813459432623,7535.232189230691
364,7092.612154930794,16.96797166251386,381.37873476739543,7473.990889698189,56.6813284272434,7530.672218125432
365,7088.215455125621,16.957453241927322,381.2391171055873,7469.454572231208,56.684270143057674,7526.138842374266
366,7083.852127805855,16.94701465982262,381.09271570640317,7464.944843512259,56.68695441685212,7521.631797929111
367,7079.521842906969,16.936655126571697,380.9396019048547,7460.461444811824,56.68937615463701,7517.150820966461
368,7075.224272596835,16.926373857887167,380.7798445948694,7456.004117191705,56.69153051801445,7512.695647709719
369,7070.959091219162,16.91617007468699,380.6135101079872,7451.572601327149,56.6934129472055,7508.266014274354
370,7066.72597524603,16.906043002980933,380.4406621110236,7447.166637357054,56.695019182458026,7503.861656539512
371,7062.524603235859,16.895991873769997,380.26136152410777,7442.785964759967,56.69634528393547,7499.4823100439025
372,7058.354655806573,16.88601592298223,380.075666460247,7438.4303222668195,56.69738765026838,7495.1277099170875
373,7054.215815615161,16.87611439142383,379.88363218729853,7434.0994478024595,56.698143036028846,7490.797590838489
374,7050.1077673528225,16.866286524767517,379.6853111129551,7429.793078465777,56.69860856845908,7486.491687034237
375,7046.030197754544,16.856531573575463,379.48075279307807,7425.510950547622,56.698781763847656,7482.209732311469
376,7041.982795624699,16.846848793360525,379.27000396343885,7421.252799588138,56.6986605439954,7477.951460132133
377,7037.965251880724,16.83723744469073,379.0531085946697,7417.018360475394,56.69824325324637,7473.716603728641
378,7033.977259618053,16.827696793344625,378.83010796997496,7412.807367588028,56.69752867657313,7469.504896264601
379,7030.018514196706,16.818226110518435,378.60104078491844,7408.619554981624,56.69651605919812,7465.316071040822
380,7026.088713352256,16.80882467309152,378.365943268384,7404.45465662064,56.69520512820097,7461.1498617488405
381,7022.187557332899,16.799491763954304,378.12484932360604,7400.312406656505,56.693596116503585,7457.006002773009
382,7018.31474906406,16.79022667240206,377.8777906879827,7396.192539752043,56.691689789539225,7452.884229541582
383,7014.469994339959,16.781028694593203,377.62479711021825,7392.094791450178,56.68948747479746,7448.784278924975
384,7010.653002045446,16.771897134080014,377.3658965431954,7388.018898588641,56.68699109429491,7444.705889682936
385,7006.863484403111,16.76283130239979,377.10111535084457,7383.964599753956,56.68420319985226,7440.648802953808
386,7003.101157249026,16.753830519734514,376.83047852715674,7379.931635776183,56.68112701086507,7436.612762787047
387,6999.365740330564,16.74489411562336,376.5540099253907,7375.919750255955,56.67776645404214,7432.597516709997
388,6995.656957625486,16.736021429726044,376.27173249542864,7371.928690120914,56.67412620435816,7428.602816325272
389,6991.9745376756055,16.727211812621064,375.9836685271607,7367.958206202766,56.670211726232466,7424.628417928998
390,6988.3182139308965,16.71846462662894,375.68983989771505,7364.008053828611,56.666029313714304,7420.674083142326
391,6984.687725093314,16.70977924663472,375.39026832029884,7360.077993413613,56.66158612823577,7416.739579541849
392,6981.0828154572855,16.701155060902597,375.08497559238384,7356.167791049669,56.65689023230027,7412.82468128197
393,6977.5032352329235,16.6925914718491,374.7739838409496,7352.277219073873,56.65195061731859,7408.929169691192
394,6973.948740846132,16.68408789676108,374.4573157625033,7348.4060566086355,56.64677722370004,7405.052833832336
395,6970.419095202349,16.675643768426674,374.13499485562124,7344.554090057971,56.64138095126505,7401.195471009236
396,6966.914067908654,16.667258535666637,373.80704564380613,7340.72111355246,56.63577365807868,7397.356887210539
397,6963.433435441464,16.65893166373556,373.4734938865367,7336.906929328001,56.62996814592122,7393.536897473922
398,6959.976981254387,16.650662634579874,373.1343667764961,7333.111348030883,56.62397813081591,7389.735326161699
399,6956.544495820262,16.642450946938425,372.7896931211081,7329.33418894137,56.617818197328006,7385.952007138698
400,6953.135776601588,16.63429611627174,372.43950350668183,7325.57528010827,56.61150373572774,7382.186783843998
401,6949.750627949792,16.626197674521034,372.08383044367537,7321.834458393468,56.60505086156489,7378.439509255032
402,6946.388860932473,16.618155169694912,371.72270849181615,7318.111569424289,56.59847631771959,7374.710045742008
403,6943.050293090561,16.610168165288425,371.35617436407586,7314.406467454637,56.59179735955337,7370.99826481419
404,6939.734748135212,16.60223623955792,370.9842670087739,7310.719015143985,56.585031624365286,7367.30404676835
405,6936.4420555868965,16.594358984657646,370.60702766937,7307.049083256266,56.578196986932085,7363.627280243199
406,6933.172050369253,16.58653600566807,370.2244999218038,7303.396550291057,56.57131140345497,7359.967861694512
407,6929.924572368604,16.578766919542115,369.8367296895317,7299.761302058136,56.56439274672154,7356.325694804857
408,6926.699465970127,16.571051353995518,369.44376523669905,7296.1432312068255,56.55745863569527,7352.700689842521
409,6923.496579581164,16.56338894636642,369.04565714015524,7292.54223672132,56.55052626304858,7349.092762984368
410,6920.315765158059,16.555779342483394,368.6424582412735,7288.958223399332,56.54361222434242,7345.501835623675
411,6917.156877741034,16.54822219555271,368.234223578763,7285.391101319797,56.53673235261587,7341.927833672413
412,6914.019775013536,16.54071716510415,367.82101030385894,7281.840785317395,56.52990156208311,7338.370686879478
413,6910.90431688886,16.533263916002056,367.4028775794457,7278.307194468306,56.52313370444206,7334.8303281727485
414,6907.8103651341025,16.5258621175457,366.9798864648035,7274.790251598906,56.51644144099072,7331.306693039897
415,6904.737783034283,16.518511442665748,366.55209978777094,7271.289882822054,56.5098361333374,7327.799718955392
416,6901.68643510089,16.511211567227008,366.11958200618983,7267.806017107079,56.5033277549964,7324.309344862076
417,6898.65618682403,16.50396216943548,365.6823990605385,7264.338585884569,56.496924825604125,7320.8355107101725
418,6895.646904468787,16.496762929351167,365.24061821966984,7260.8875226884575,56.49063436889331,7317.378157057351
419,6892.658454915461,16.48961352850589,364.7943079215621,7257.452762837023,56.484461894947295,7313.937224731971
420,6889.690705537818,16.482513649612006,364.34353761094263,7254.034243148761,56.47841140664611,7310.512654555407
421,6886.743524116037,16.475462976354155,363.88837757559236,7250.6319016916295,56.472485429628485,7307.104387121258
422,6883.816778784345,16.468461193263984,363.4288987830522,7247.245677567397,56.466685064550276,7303.712362631947
423,6880.910338001661,16.461507985649906,362.96517271935886,7243.87551072102,56.46101005993153,7300.336520780951
424,6878.024070547409,16.454603039587102,362.49727123132294,7240.521341778732,56.45545890346635,7296.976800682198
425,6875.157845533109,16.447746041945237,362.02526637373984,7237.183111906849,56.45002892932722,7293.633140836177
426,6872.311532429806,16.440936680454083,361.54923026278624,7233.860762692592,56.44471643873618,7290.305479131329
427,6869.485001102644,16.43417464378623,361.0692349367161,7230.55423603936,56.439516830899855,7286.99375287026
428,6866.678121854543,16.427459621661587,360.5853522248178,7227.263474079361,56.43442474131216,7283.697898820673
429,6863.890765472381,16.42079130495785,360.0976536254459,7223.988419097826,56.42943418441729,7280.417853282243
430,6861.122803274884,16.414169385825083,359.6062101937833,7220.729013468667,56.4245386976872,7277.1535521663545
431,6858.37410715971,16.40759355779835,359.11109243984004,7217.48519959955,56.4197314842981,7273.904931083847
432,6855.644549649913,16.40106351590888,358.61237023704075,7214.256919886953,56.41500555177986,7270.6719254387335
433,6852.934003937467,16.394578956788198,358.1101127416089,7211.044116679076,56.4103538442515,7267.4544705233275
434,6850.2423439216445,16.388139578759915,357.60438832281096,7207.846732244456,56.4057693661361,7264.252501610592
435,6847.569444246779,16.381745081930095,357.09526450399335,7204.664708750773,56.401245295558155,7261.065954046331
436,6844.915180333898,16.375395168262916,356.58280791421896,7201.4979882481175,56.396775085957984,7257.894763334076
437,6842.2794284096735,16.369089541649938,356.0670842501912,7198.346512659865,56.39235255479792,7254.738865214663
438,6839.66206553222,16.36282790797182,355.54815824805587,7195.2102237802765,56.38797195857987,7251.598195738857
439,6837.062969612725,16.35660997515006,355.02609366457244,7192.089063277298,56.38362805372985,7248.472691331028
440,6834.482019435611,16.350435453195242,354.50095326706946,7188.98297270268,56.3793161432277,7245.362288845908
441,6831.919094673602,16.344304054243064,353.9727988315323,7185.891893505134,56.37503210916324,7242.266925614297
442,6829.374075904652,16.338215492594863,353.4416911481134,7182.815767052765,56.37077243167589,7239.186539484441
443,6826.846844622907,16.332169484743797,352.9076900333189,7179.754534656226,56.366534194980744,7236.1210688512065
444,6824.337283250157,16.32616574940229,352.3708543480918,7176.708137598249,56.3623150813967,7233.070452679645
445,6821.845275145886,16.320204007526044,351.831242021001,7173.676517166888,56.35811335446782,7230.034630521355
446,6819.370704614715,16.314283982331855,351.28891007573606,7170.65961469045,56.3539278324091,7227.013542522859
447,6816.913456913983,16.30840539931575,350.74391466211756,7167.657371576101,56.34975785320889,7224.007129429309
448,6814.473418258634,16.302567986264677,350.196311089848,7164.669729348482,56.34560323278577,7221.015332581268
449,6812.050475826644,16.296771473269484,349.6461538642542,7161.696629690899,56.34146421762739,7218.038093908526
450,6809.644517761549,16.29101559273098,349.09349672330734,7158.738014484856,56.33734143333581,7215.075355918191
451,6807.2554331742185,16.28530007936416,348.538392675246,7155.793825849464,56.33323583047018,7212.127061679935
452,6804.883112143698,16.279624670200235,347.9808940361745,7152.864006179872,56.32914862901736,7209.19315480889
453,6802.527445715297,16.27398910458205,347.4210524670649,7149.9484981823625,56.32508126273698,7206.273579445099
454,6800.18832589855,16.26839312415921,346.8589190096364,7147.047244908186,56.321035324523784,7203.36828023271
455,6797.865645661838,16.26283647287521,346.29454412065695,7144.160189782495,56.317012513810596,7200.477202296305
456,6795.559298925751,16.257318896951556,345.72797770425774,7141.287276630009,56.313014586904124,7197.600291216913
457,6793.269180555483,16.251840144869576,345.1592691419193,7138.428449697402,56.30904331100662,7194.737493008409
458,6790.995186350094,16.246399967344722,344.58846731984517,7135.583653669939,56.30510042253303,7191.888754092472
459,6788.737213029998,16.240998117296645,344.0156206534938,7132.752833683492,56.30118759018937,7189.054021273681
460,6786.495158223544,16.235634349817094,343.44077710909824,7129.935935332643,56.297306383136544,7186.2332417157795
461,6784.268920450542,16.230308422130484,342.8639842220548,7127.132904672597,56.29345824442735,7183.426362917025
462,6782.058399105532,16.225020093553905,342.2852891121116,7124.343688217644,56.289644469776974,7180.633332687421
463,6779.863494438881,16.21976912545187,341.704738495334,7121.568232934215,56.28586619160813,7177.854099125823
464,6777.684107535827,16.21455528118619,341.12237869286525,7118.806486228692,56.28212436820631,7175.088610596898
465,6775.520140297489,16.20937832607055,340.5382556365419,7116.058395934031,56.27841977772628,7172.3368157117575
466,6773.3714954174375,16.204238027314442,339.95241487145313,7113.323910288891,56.27475301671205,7169.598663305603
467,6771.238076360695,16.199134153972956,339.3649015555643,7110.60297791626,56.27112450272665,7166.874102418987
468,6769.119787341955,16.19406647689463,338.77576045655155,7107.895547798506,56.267534480637615,7164.163082279144
469,6767.016533303643,16.189034768669003,338.1850359460151,7105.201569249658,56.26398303206741,7161.465552281726
470,6764.928219894911,16.184038803576343,337.5927719912527,7102.520991886164,56.26047008749572,7158.781461973659
471,6762.8547534523295,16.179078357541457,336.9990121447946,7099.853765597124,56.25699544049065,7156.110761037615
472,6760.796040980827,16.1741532080881,336.40379953190455,7097.1998405127315,56.25355876354891,7153.453399276281
473,6758.751990137638,16.169263134300568,335.80717683626455,7094.559166973902,56.25015962503845,7150.809326598941
474,6756.722509216178,16.164407916785116,335.2091862840604,7091.931695500239,56.24679750676036,7148.178493006999
475,6754.707507134317,16.159587337641906,334.6098696266903,7089.317376761007,56.24347182167868,7145.560848582686
476,6752.7068934244,16.154801180441147,334.0092681223155,7086.716161546716,56.240181931405246,7142.956343478121
477,6750.720578224644,16.150049230202498,333.4074225164733,7084.128000741117,56.236927163070526,7140.364927904187
478,6748.748472274354,16.145331273383622,332.80437302196344,7081.552845296317,56.233706825259745,7137.786552121577
479,6746.7904869132435,16.140647097878574,332.2001592982208,7078.990646211464,56.230520222743735,7135.221166434208
480,6744.846534080751,16.13599649301615,331.5948204303748,7076.441354511126,56.227366669786136,7132.668721180912
481,6742.91652632049,16.13137924957055,330.98839490819284,7073.904921228684,56.22424550186,7130.129166730544
482,6741.000376786402,16.12679515977608,330.38092060509854,7071.3812973915,56.22115608565774,7127.602453477158
483,6739.097999252872,16.122244017351367,329.7724347574433,7068.870434010315,56.21809782732684,7125.088531837642
484,6737.209308125071,16.117725617524094,329.1629739442068,7066.372282069278,56.215070178909215,7122.587352248188
485,6735.334218454179,16.113239757067415,328.5525740672923,7063.886792521471,56.21207264300381,7120.098865164475
486,6733.472645953321,16.10878623433809,327.9412703325721,7061.413916285894,56.209104775709726,7117.623021061603
487,6731.624507015381,16.104364849319094,327.3290972318338,7058.953604247215,56.20616618793983,7115.159770435154
488,6729.789718732112,16.09997540366534,326.71608852576986,7056.505807257882,56.203256545222196,7112.709063803104
489,6727.968198916585,16.09561770075738,326.1022772281392,7054.070476144724,56.20037556613008,7110.270851710854
490,6726.1598661215585,16.091291545745356,325.48769559123105,7051.64756171279,56.197523019497666,7107.845084732287
491,6724.364639664804,16.08699674560958,324.872375092743,7049.237014757547,56.19469872059176,7105.431713478139
492,6722.582439648372,16.082733109206632,324.25634642418447,7046.838786072557,56.191902526416705,7103.030688598974
493,6720.813186981257,16.07850044732358,323.6396394809027,7044.4528264621595,56.18913433033288,7100.641960792493
494,6719.05680339963,16.074298572726388,323.0222833538243,7042.079086753454,56.18639405616747,7098.265480809621
495,6717.3132114867285,16.070127300207485,322.4043063229908,7039.7175178097195,56.18368165199143,7095.901199461711
496,6715.582334690396,16.065986446627743,321.78573585296243,7037.368070543359,56.18099708372749,7093.5490676270865
497,6713.864097339692,16.0618758309562,321.16659859014953,7035.030695929841,56.17834032874342,7091.209036258585
498,6712.158424657971,16.057795274301366,320.54692036212396,7032.705345020096,56.175711369570465,7088.881056389666
499,6710.465242774245,16.053744599938383,319.9267261789492,7030.391968953194,56.17311018787184,7086.565079141066
500,6708.784478731899,16.0497236333299,319.3060402365566,7028.090518968455,56.17053675876947,7084.261055727225
501,6707.1160604930565,16.0457322021365,318.68488592218546,7025.800946415242,56.1679910456192,7081.9689374608615
502,6705.459916941072,16.04177013622266,318.06328582188706,7023.523202762959,56.16547299530768,7079.688675758267
503,6703.815977878612,16.037837267652183,317.4412617300852,7021.257239608697,56.16298253412559,7077.420222142822
504,6702.184174022179,16.03393343067507,316.81883466116756,7019.003008683347,56.160519564255054,7075.163528247602
505,6700.56443699288,16.030058461705455,316.1960248630719,7016.760461855952,56.158083960892874,7072.918545816845
506,6698.956699304121,16.026212199292154,315.5728518328146,7014.529551136935,56.15567557001519,7070.68522670695
507,6697.360894344514,16.022394484077786,314.9493343338978,7012.310228678412,56.153294206775996,7068.4635228851885
508,6695.77695635734,16.01860515874962,314.3254904155159,7010.102446772856,56.150939654518936,7066.253386427375
509,6694.204820416978,16.0148440679832,313.701337433468,7007.906157850446,56.14861166437103,7064.054769514817
510,6692.64442240065,16.011111058374762,313.07689207267424,7005.721314473324,56.14630995537826,7061.867624428703
511,6691.0956989583465,16.00740597836925,312.4521703711763,7003.547869329523,56.14403421513505,7059.691903544658
512,6689.558587477811,16.003728678176582,311.82718774549437,7001.385775223305,56.14178410085439,7057.5275593241595
513,6688.033026047633,16.000079009683333,311.20195901720257,6999.234985064835,56.139559240821434,7055.374544305657
514,6686.518953418237,15.99645682635942,310.57649844057386,6997.095451858811,56.137359236170965,7053.232811094982
515,6685.016308958569,15.992861983154473,309.95081973113906,6994.967128689708,56.135183662928426,7051.102312352637
516,6683.525032612866,15.989294336394417,309.3249360949966,6992.849968707863,56.13303207425459,7048.983000782117
517,6682.045064854383,15.985753743670772,308.6988602587077,6990.743925113091,56.130904002836246,7046.874829115927
518,6680.576346637438,15.982240063725929,308.072604499604,6988.648951137042,56.12879896336736,7044.777750100409
519,6679.118819349875,15.978753156339414,307.44618067633616,6986.565000026211,56.126716455069456,7042.69171648128
520,6677.67242476361,15.975292882209594,306.819600259493,6984.492025023103,56.12465596420445,7040.6166809873075
521,6676.23710498413,15.971859102832848,306.1928743621165,6982.429979346247,56.12261696653746,7038.552596312785
522,6674.812802402609,15.968451680389016,305.56601376995013,6980.378816172559,56.120598929713545,7036.499415102272
523,6673.399459645752,15.965070477621417,304.9390289712548,6978.338488617007,56.11860131551682,7034.457089932524
524,6671.997019526763,15.96171535771953,304.3119301860386,6976.308949712802,56.11662358198673,7032.425573294789
525,6670.60542499904,15.95838618420823,303.6847273945539,6974.290152393594,56.11466518537158,7030.404817578966
526,6669.22461910899,15.955082820834903,303.0574303649204,6972.28204947391,56.11272558190481,7028.3947750558145
527,6667.854544951169,15.951805131462129,302.4300486797507,6970.28459363092,56.110804229394674,7026.395397860315
528,6666.495145625755,15.948552979965921,301.8025917616594,6968.297737387415,56.1089005886226,7024.406637976037
529,6665.14636419781,15.945326230138301,301.17506889755407,6966.321433095364,56.10701412454992,7022.428447219914
530,6663.8081436575485,15.94212474559222,300.54748926161716,6964.355632919166,56.10514430733648,7020.460777226503
531,6662.480426885235,15.938948389677595,299.91986193690207,6962.400288822137,56.10329061317779,7018.503579435314
532,6661.163156617076,15.935797025399705,299.2921959354817,6960.455352552558,56.101452524970256,7016.556805077528
533,6659.856275413522,15.932670515343354,298.6645002170992,6958.520775630621,56.09962953281638,7014.620405163438
534,6658.559725632105,15.929568721607907,298.0367837062893,6956.596509338395,56.09782113438304,7012.694330472777
535,6657.2734494014985,15.926491505745211,297.4090553079463,6954.682504709444,56.096026835127994,7010.778531544573
536,6655.997388598574,15.923438728704722,296.78132392133375,6952.7787125199075,56.0942461484094,7008.872958668317
537,6654.731484829879,15.920410250789185,296.153598452541,6950.88508328242,56.09247859549443,7006.977561877915
538,6653.475679414413,15.917405931613429,295.5258878254049,6949.0015672398185,56.090723705482205,7005.092290945301
539,6652.229913369615,15.91442563007085,294.8982009909253,6947.12811436054,56.08898101515639,7003.217095375697
540,6650.994127400922,15.911469204308425,294.27054693521626,6945.264674336137,56.08725006878149,7001.351924404919
541,6649.768261893488,15.908536511706908,293.6429346860405,6943.411196579528,56.08553041785643,6999.496726997385
542,6648.552256906545,15.905627408867334,293.01537331798806,6941.567630224533,56.08382162083749,6997.6514518453705
543,6647.346052171159,15.902741751605642,292.38787195636377,6939.733924127522,56.082123242841476,6995.816047370364
544,6646.149587089013,15.899879394949792,291.7604397798561,6937.910026868869,56.08043485533874,6993.990461724207
545,6644.962800735106,15.897040193146186,291.1330860220666,6936.095886757173,56.078756035843995,6992.174642793017
546,6643.785631861797,15.89422399966937,290.5058199719809,6934.2914518337775,56.07708636761177,6990.368538201389
547,6642.61801890493,15.891430667236675,289.8786509734675,6932.496669878397,56.07542543934158,6988.572095317739
548,6641.459899993322,15.888660047830914,289.2515884238924,6930.711488417215,56.07377284489694,6986.785261262112
549,6640.311212956801,15.885911992719619,288.6246417719375,6928.935854728738,56.07212818304107,6985.007982911779
550,6639.171895339803,15.883186352487566,287.99782051471345,6927.169715854517,56.07049105719071,6983.240206911707
551,6638.041884413603,15.880482977066036,287.3711341942536,6925.413018607856,56.06886107518891,6981.481879683045
552,6636.921117192179,15.877801715770763,286.7445923934776,6923.665709585656,56.06723784909671,6979.7329474347525
553,6635.8095304465005,15.875142417336125,286.11820473170957,6921.92773517821,56.06562099500269,6977.993356173213
554,6634.707060722085,15.872504929957142,285.49198085983204,6920.199041581917,56.064010132849155,6976.263051714766
555,6633.613644357389,15.869889101333467,284.86593045515474,6918.479574812543,56.06240488627323,6974.541979698816
556,6632.529217501499,15.86729477871172,284.24006321607396,6916.769280717574,56.0608048824606,6972.830085600034
557,6631.453716134043,15.864721808933117,283.6143888565913,6915.068104990634,56.05920975201004,6971.127314742645
558,6630.387076084097,15.862170038478702,282.9889171007595,6913.375993184857,56.05761912880617,6969.433612313664
559,6629.329233050805,15.859639313518672,282.3636576771148,6911.69289072792,56.05603264989851,6967.748923377819
560,6628.280122623893,15.857129479961465,281.73862031315315,6910.018742937045,56.05444995538483,6966.073192892431
561,6627.239680304028,15.85464038350246,281.1138147299,6908.353495033928,56.05287068829689,6964.406365722225
562,6626.2078415227115,15.852171869671558,280.4892506366198,6906.697092159331,56.05129449448704,6962.748386653818
563,6625.184541663217,15.849723783883293,279.8649377257055,6905.049479388922,56.04972102251478,6961.099200411437
564,6624.169716081479,15.847295971486792,279.2408856677836,6903.410601749263,56.04814992353195,6959.458751672795
565,6623.163300125565,15.844888277812357,278.617104107064,6901.780404232629,56.0465808511664,6957.826985083795
566,6622.165229155482,15.842500548218856,277.9936026569614,6900.158831812443,56.045013461403734,6956.203845273847
567,6621.175438563116,15.840132628141426,277.3703908960081,6898.5458294591235,56.043447412467316,6954.589276871591
568,6620.193863790664,15.83778436313556,276.7474783640746,6896.941342154739,56.04188236469698,6952.983224519436
569,6619.220440349893,15.835455598923188,276.12487455891045,6895.345314908803,56.04031798042705,6951.38563288923
570,6618.255103839343,15.833146181433834,275.5025889330131,6893.757692772356,56.03875392386462,6949.79644669622
571,6617.297789962753,15.830855956848692,274.88063089082993,6892.178420853583,56.03718986096928,6948.215610714552
572,6616.348434544864,15.82858477163843,274.2590097862941,6890.607444331158,56.03562545933528,6946.643069790493
573,6615.406973548504,15.826332472604076,273.63773492069294,6889.044708469197,56.03406038807779,6945.078768857275
574,6614.473343090178,15.824098906914301,273.0168155408635,6887.490158631042,56.032494317724286,6943.522652948766
575,6613.5474794540305,15.821883922138829,272.39626083771,6885.94374029174,56.03092692011269,6941.974667211853
576,6612.629319106794,15.819687366284198,271.7760799450318,6884.405399051826,56.02935786829741,6940.434756920124
577,6611.718798711715,15.81750908782707,271.15628193865297,6882.875080650368,56.027786836464784,6938.902867486832
578,6610.815855139889,15.815348935741362,270.53687583583974,6881.352730975729,56.02621349985884,6937.378944475588
579,6609.920425483977,15.813206759531045,269.91787059499256,6879.8382960789695,56.024637534718515,6935.862933613688
580,6609.032447068384,15.811082409254507,269.2992751155974,6878.331722183981,56.023058618227125,6934.354780802208
581,6608.151857460558,15.808975735551574,268.6810982384211,6876.832955698979,56.02147642847494,6932.854432127454
582,6607.2785944805055,15.80688658966628,268.0633487459339,6875.341943226439,56.019890644435115,6931.361833870874
583,6606.412596210601,15.804814823470338,267.4460353629429,6873.858631573544,56.0183009459535,6929.876932519497
584,6605.5538010036325,15.802760289482375,266.8291667574189,6872.382967761051,56.016707013752324,6928.399674774803
585,6604.702147490776,15.800722840887024,266.2127515415003,6870.9148990322765,56.015108529447744,6926.930007561724
586,6603.85757458927,15.798702331553278,265.5967982726563,6869.4543728619265,56.01350517558099,6925.467878037507
587,6603.020021508753,15.79669861604965,264.98131545499314,6868.001336963746,56.011896635662595,6924.0132335994085
588,6602.18942775673,15.794711549657249,264.36631154068715,6866.555739297417,56.010282594229395,6922.566021891646
589,6601.365733145067,15.792740988385328,263.7517949315286,6865.117528076596,56.008662736913294,6921.126190813509
590,6600.54887779369,15.79078678898012,263.1377739805598,6863.686651774249,56.00703675052115,6919.693688524771
591,6599.738802135735,15.788848808937164,262.52425699379484,6862.263059129529,56.00540432312489,6918.268463452654
592,6598.9354469199825,15.786926906507135,261.9112522320047,6860.846699151987,56.00376514416077,6916.850464296148
593,6598.138753215697,15.785020940707408,261.2987679125554,6859.437521128252,56.002118904536786,6915.439640032789
594,6597.348662413806,15.783130771324894,260.68681221128554,6858.035474625091,56.00046529674732,6914.035939921839
595,6596.565116229559,15.78125625892239,260.075393264413,6856.640509493972,55.998804014993745,6912.639313508966
596,6595.788056704542,15.779397264843402,259.4645191704567,6855.252575874999,55.99713475531001,6911.249710630309
597,6595.0174262069395,15.777553651212774,258.8541979921661,6853.871624199106,55.99545721569239,6909.867081414798
598,6594.253167433705,15.775725280941879,258.24443775844577,6852.497605192151,55.99377109623215,6908.491376288383
599,6593.495223409947,15.773912017727147,257.6352464662683,6851.130469876216,55.992076099250355,6907.122545975466
600,6592.743537488568,15.772113726049206,257.0266320825664,6849.770169571135,55.99037192943394,6905.760541500569
601,6591.998053351078,15.770330271174828,256.41860254609554,6848.416655897174,55.988658293972435,6904.405314191146
602,6591.25871500617,15.768561519153517,255.8111657692629,6847.0698807754325,55.98693490269438,6903.056815678126
603,6590.525466788237,15.766807336813965,255.20432963991374,6845.729796428151,55.98520146820318,6901.714997896353
604,6589.798253357057,15.765067591763293,254.59810202307085,6844.396355380128,55.98345770601159,6900.37981308614
605,6589.0770196947,15.763342152379664,253.99249076262183,6843.0695104573215,55.98170333467485,6899.051213791996
606,6588.361711104941,15.761630887810863,253.3875036829498,6841.74921478789,55.97993807592143,6897.729152863812
607,6587.652273209275,15.759933667964773,252.7831485905031,6840.435421799779,55.97816165478224,6896.413583454561
608,6586.94865194665,15.758250363508733,252.17943327530062,6839.128085221951,55.97637379971701,6895.104459021668
609,6586.25079356865,15.756580845858014,251.57636551237,6837.82715908102,55.974574242738576,6893.8017333237585
610,6585.55864463716,15.75492498717024,250.97395306311518,6836.532597700275,55.97276271953467,6892.505360419809
611,6584.8721520215795,15.753282660338707,250.37220367661126,6835.244355698191,55.970938969587465,6891.215294667778
612,6584.191262894787,15.751653738982743,249.77112509082468,6833.962387985612,55.96910273629072,6889.931490721902
613,6583.515924729902,15.750038097439957,249.17072503375593,6832.686649763657,55.96725376706497,6888.653903530722
614,6582.846085296487,15.748435610757147,248.5710112245046,6831.417096520991,55.96539181347048,6887.382488334462
615,6582.1816926562515,15.746846154680027,247.97199137425397,6830.153684030505,55.96351663131871,6886.1172006618235
616,6581.522695159298,15.745269605644253,247.37367318717395,6828.896368346472,55.96162798078191,6884.857996327253
617,6580.869041440459,15.74370584076665,246.776064361242,6827.645105801701,55.95972562650136,6883.6048314282025
618,6580.220680413276,15.742154737830804,246.17917258897904,6826.3998530022545,55.95780933769437,6882.357662339949
619,6579.577561267253,15.74061617528051,245.58300555810249,6825.160566825356,55.95587888826013,6881.1164457136165
620,6578.939633462981,15.739090032208088,244.98757095209058,6823.927204415071,55.95393405688467,6879.881138471956
621,6578.306846726338,15.737576188340523,244.39287645066167,6822.699723177,55.951974627144914,6878.651697804145
622,6577.679151045733,15.736074524032855,243.79892973016408,6821.478080775897,55.95000038761211,6877.428081163509
623,6577.0564966657475,15.734584920252985,243.2057384638767,6820.262235129624,55.94801113195442,6876.2102462615785
624,6576.4388340832,15.733107258572248,242.61331032221904,6819.052144405419,55.94600665903909,6874.998151064458
625,6575.826114042038,15.731641421153201,242.02165297286822,6817.847767014907,55.94398677303381,6873.79175378794
626,6575.218287529177,15.730187290739659,241.4307740807833,6816.649061609961,55.94195128350741,6872.591012893468
627,6574.6153057684405,15.728744750642202,240.84068130813367,6815.455987076574,55.93990000552982,6871.395887082104
628,6574.017120217171,15.727313684730076,240.2513823141302,6814.268502531301,55.93783275977119,6870.206335291073
629,6573.423682560934,15.725893977418503,239.66288475475736,6813.086567315691,55.9357493725999,6869.0223166882915
630,6572.834944708189,15.724485513655955,239.07519628240414,6811.910140990593,55.933649676179314,6867.843790666772
631,6572.250858786684,15.723088178915512,238.48832454539098,6810.739183332075,55.93153350856325,6866.670716840638
632,6571.67137713866,15.721701859183398,237.9022771873905,6809.573654326051,55.929400713789605,6865.503055039841
633,6571.09645231614,15.720326440947703,237.3170618467389,6808.413514162879,55.927251141972135,6864.340765304852
634,6570.526037076714,15.71896181118831,236.73268615563558,6807.258723232349,55.92508464938991,6863.183807881739
635,6569.960084379478,15.717607857367172,236.14915773922647,6806.109242118704,55.92290109857416,6862.032143217279
636,6569.39854738075,15.716264467418062,235.5664842145688,6804.965031595319,55.92070035839229,6860.885731953711
637,6568.841379430748,15.714931529738632,234.98467318947206,6803.82605262022,55.918482304128474,6859.744534924349
638,6568.288534069681,15.713608933181055,234.40373226121278,6802.692266330894,55.91624681756063,6858.608513148455
639,6567.739965023751,15.712296567042467,233.82366901511628,6801.563634038867,55.91399378703335,6857.4776278259005
640,6567.195626203554,15.710994321061133,233.24449102300306,6800.440117226557,55.911723107526186,6856.351840334083
641,6566.655471698889,15.709702085404041,232.66620584149294,6799.321677540383,55.90943468071723,6855.2311122210995
642,6566.119455778116,15.70841975066535,232.08882101016246,6798.208276788278,55.90712841504114,6854.11540520332
643,6565.587532885276,15.707147207859512,231.5123440495501,6797.099876934826,55.90480422574142,6853.004681160568
644,6565.059657637716,15.705884348415587,230.93678245900207,6795.996440096717,55.90246203491655,6851.898902131634
645,6564.535784824995,15.70463106417463,230.36214371435378,6794.897928539349,55.90010177155914,6850.798030310908
646,6564.015869407105,15.703387247385418,229.7884352654397,6793.804304672545,55.897723371588086,6849.702028044133
647,6563.49986651474,15.702152790705119,229.21566453342473,6792.715531048164,55.89532677787287,6848.610857826036
648,6562.987731448411,15.700927587197155,228.64383890794986,6791.6315703563605,55.89291194024961,6847.52448229661
649,6562.4794196783605,15.699711530331006,228.07296574408525,6790.552385422446,55.89047881552858,6846.442864237974
650,6561.97488684673,15.698504513987393,227.5030523590816,6789.477939205812,55.888027367492185,6845.365966573304
651,6561.474088767085,15.697306432457141,226.93410602891433,6788.408194795999,55.88555756688328,6844.2937523628825
652,6560.976981427959,15.696117180449662,226.36613398460895,6787.343115412568,55.88306939138299,6843.226184803952
653,6560.48352099469,15.694936653097344,225.79914340834378,6786.282664403034,55.880562825577734,6842.1632272286115
654,6559.993663813617,15.693764745965591,225.2331414293171,6785.226805242934,55.8780378609145,6841.104843103848
655,6559.507366415232,15.692601355060365,224.66813511937372,6784.175501534606,55.87549449564408,6840.050996030251
656,6559.024585520037,15.691446376842194,224.104131488381,6783.128717008419,55.87293273475138,6839.00164974317
657,6558.545278043624,15.690299708238335,223.5411374793462,6782.086415522971,55.870352589872375,6837.956768112844
658,6558.069401104319,15.68916124666105,222.97915996326708,6781.048561067586,55.867754079196914,6836.916315146783
659,6557.596912029671,15.688030890023137,222.41820573370796,6780.01511776338,55.86513722735667,6835.880254990737
660,6557.127768366513,15.686908536761992,221.8582815010938,6778.986049867607,55.862502065297605,6834.848551932905
661,6556.661927889234,15.685794085859412,221.29939388671477,6777.961321775949,55.85984863013614,6833.821170406085
662,6556.199348611811,15.68468743687036,220.74154941643548,6776.940898028246,55.85717696499855,6832.798074993245
663,6555.739988799228,15.683588489950306,220.18475451410342,6775.924743313331,55.854487118842286,6831.779230432174
664,6555.283806980872,15.682497145887254,219.6290154946508,6774.912822475523,55.85177914625922,6830.764601621782
665,6554.830761965056,15.681413306136497,219.07433855688822,6773.905100521944,55.849053107259365,6829.754153629204
666,6554.3808128545625,15.680336872857804,218.52072977598647,6772.901542630549,55.84630906703484,6828.747851697583
667,6553.933919064017,15.679267748956978,217.9681950956463,6771.902114159663,55.843547095702824,6827.745661255366
668,6553.490040338413,15.678205838130173,217.41674031995856,6770.906780658372,55.840767268027356,6826.747547926399
669,6553.0491367727955,15.677151044910994,216.86637110495596,6769.915507877751,55.83796966311862,6825.753477540869
670,6552.611168834365,15.676103274723362,216.31709294986433,6768.92826178423,55.83515436410956,6824.763416148339
671,6552.176097385098,15.67506243393564,215.76891118806054,6767.945008573159,55.83232145780879,6823.777330030967
672,6551.74388370491,15.674028429916053,215.2218309777482,6766.9657146826585,55.82947103432938,6822.795185716988
673,6551.314489520572,15.673001171101848,214.6758572923667,6765.990346812939,55.826603186692864,6821.816949999631
674,6550.887877030326,15.671980567058197,214.13099491075104,6765.018871941077,55.82371801040807,6820.842589951485
675,6550.464008934046,15.67096652855035,213.58724840706375,6764.051257341111,55.82081560302417,6819.872072944135
676,6550.042848464089,15.669958967617438,213.04462214052663,6763.087470604615,55.817896063657905,6818.905366668273
677,6549.624359416417,15.66895779764693,212.50312024498197,6762.127479661399,55.814959492494495,6817.942439153893
678,6549.208506184744,15.667962933456325,211.9627466183183,6761.171252803062,55.81200599026242,6816.983258793324
679,6548.7952537945575,15.66697429137454,211.42350491180258,6760.21875870636,55.80903565768182,6816.027794364042
680,6548.384567939087,15.66599178932796,210.88539851936338,6759.269966458451,55.80604859488706,6815.076015053338
681,6547.976415017127,15.665015346930925,210.34843056687734,6758.324845584004,55.8030449008237,6814.127890484828
682,6547.570762169638,15.664044885573297,209.8126039015149,6757.383366071153,55.8000246726203,6813.183390743774
683,6547.167577319477,15.663080328515495,209.27792108120997,6756.445498400686,55.79698800493627,6812.242486405622
684,6546.766829211558,15.662121600984587,208.74438436431961,6755.511213575877,55.79393498928644,6811.305148565164
685,6546.368487450895,15.6611686302653,208.21199569955124,6754.5804831504465,55.79086571334392,6810.37134886379
686,6545.9725225453785,15.660221345802341,207.68075671623393,6753.653279261613,55.787780260222554,6809.441059521835
687,6545.578905943515,15.659279679290705,207.150668715023,6752.729574658538,55.78467870774113,6808.514253366279
688,6545.187610076437,15.658343564776164,206.62173265912514,6751.809342735562,55.781561127671324,6807.590903863233
689,6544.798608396039,15.657412938746504,206.09394916614139,6750.89255756218,55.77842758497187,6806.670985147151
690,6544.411875414085,15.656487740225085,205.56731850062621,6749.979193914712,55.77527813701195,6805.7544720517235
691,6544.027386739406,15.655567910859823,205.04184056746504,6749.069227306872,55.77211283278668,6804.841340139658
692,6543.645119113231,15.65465339500773,204.51751490617556,6748.162634019406,55.768931712128555,6803.931565731535
693,6543.265050444023,15.653744139818237,203.9943406862388,6747.259391130261,55.76573480491834,6803.025125935179
694,6542.887159837657,15.6528400953054,203.47231670356655,6746.359476541224,55.762522130299985,6802.121998671523
695,6542.5114276276745,15.651941214420274,202.95144137821126,6745.462869005885,55.759293695903715,6801.222162701789
696,6542.137835399402,15.651047453108617,202.43171275342107,6744.569548152824,55.756049497082515,6800.325597649906
697,6541.76636601301,15.650158770366053,201.9131284961405,6743.679494509151,55.75278951616698,6799.432284025317
698,6541.39700362203,15.649275128282367,201.39568589904982,6742.792689521079,55.749513721743966,6798.542203242823
699,6541.029733686813,15.648396492073717,200.8793818842321,6741.909115571046,55.746222067964865,6797.65533763901
700,6540.664542984087,15.647522830105473,200.36421300854445,6741.028755992632,55.74291449388939,6796.7716704865215
701,6540.301419611617,15.646654113903391,199.85017547076387,6740.151595082381,55.73959092287067,6795.891186005252
702,6539.940352987465,15.64579031815183,199.33726512056262,6739.277618108028,55.73625126198833,6795.013869370016
703,6539.581333843316,15.644931420677791,198.8254774693557,6738.406811312672,55.73289540153529,6794.139706714208
704,6539.224354213534,15.644077402424722,198.31480770304975,6737.539161916584,55.72952321456474,6793.268685131148
705,6538.869407415305,15.643228247405037,197.80525069670227,6736.674658112008,55.72613455650335,6792.400792668511
706,6538.516488026922,15.64238394264814,197.29680103108618,6735.813289058008,55.722729264836644,6791.536018322845
707,6538.165591856601,15.64154447812584,196.7894530111338,6734.955044867735,55.71930715887212,6790.674352026606
708,6537.816715905728,15.640709846664421,196.28320068621582,6734.099916591944,55.71586803958573,6789.81578463153
709,6537.469858328102,15.639880043847135,195.77803787219028,6733.247896200292,55.71241168955615,6788.960307889849
710,6537.125018381057,15.639055067897266,195.27395817513693,6732.398976556194,55.70893787299187,6788.107914429185
711,6536.782196371454,15.638234919548934,194.77095501667213,6731.553151388126,55.705446335854226,6787.2585977239805
712,6536.441393596924,15.637419601906517,194.26902166072057,6730.710415257645,55.70193680607992,6786.412352063725
713,6536.102612281319,15.636609120290236,193.76815124159862,6729.8707635229175,55.698408993905176,6785.569172516823
714,6535.765855505048,15.635803482069495,193.26833679325134,6729.0341922983,55.69486259229306,6784.729054890593
715,6535.431127131749,15.635002696487438,192.76957127946366,6728.200698411213,55.691297277464365,6783.8919956886775
716,6535.098431731803,15.634206774477999,192.27184762485578,6727.370279356659,55.68771270953194,6783.057992066191
717,6534.767774499844,15.633415728468526,191.77515874645792,6726.542933246302,55.68410853323677,6782.227041779539
718,6534.439161172883,15.632629572183932,191.27949758565148,6725.718658758535,55.680484378783426,6781.399143137318
719,6534.112597943602,15.63184832043924,190.78485714025388,6724.897455083856,55.67683986277153,6780.574294946628
720,6533.788091374236,15.631071988933577,190.291230496521,6724.079321870757,55.673174589218306,6779.752496459975
721,6533.4656483075105,15.630300594037106,189.79861086083844,6723.264259168349,55.669488150666865,6778.933747319015
722,6533.145275779176,15.62953415258176,189.30699159087266,6722.4522673700485,55.665780129373516,6778.118047499422
723,6532.826980929963,15.628772681650629,188.816366225958,6721.64334715592,55.66205009856635,6777.305397254487
724,6532.5107709184285,15.628016198369446,188.32672851650003,6720.837499434929,55.65829762376677,6776.495797058696
725,6532.196652836161,15.627264719703733,187.83807245218588,6720.034725288347,55.65452226416455,6775.689247552511
726,6531.8846336246515,15.626518262259932,187.35039228880228,6719.235025913454,55.65072357403628,6774.88574948749
727,6531.574719995338,15.625776842094108,186.86368257347732,6718.438402568815,55.64690110419674,6774.085303673011
728,6531.266918352348,15.625040474527147,186.37793816817606,6717.644856520524,55.64305440347195,6773.287910923996
729,6530.961234719419,15.624309173969902,185.89315427129876,6716.854388990718,55.63918302018219,6772.4935720109
730,6530.657674670962,15.623582953758282,185.40932643724872,6716.06700110821,55.635286503623774,6771.7022876118335
731,6530.356243267901,15.622861825999763,184.9264505938587,6715.28269386176,55.631364405537276,6770.914058267297
732,6530.056944997289,15.622145801428921,184.44452305758293,6714.501468054872,55.62741628155081,6770.128884336423
733,6529.759783718236,15.621434889278076,183.9635405463871,6713.7233242646225,55.623441692586745,6769.346765957209
734,6529.464762612655,15.620729097159462,183.48350019028794,6712.948262802944,55.61944020622089,6768.567703009165
735,6529.1718841404345,15.620028430957976,183.00439953951727,6712.176283679952,55.61541139798333,6767.791695077935
736,6528.881150002575,15.619332894743001,182.52623657030543,6711.407386572881,55.61135485259135,6767.0187414254715
737,6528.592561106454,15.618642490685296,182.04900968830202,6710.641570794756,55.60727016510474,6766.248840959861
738,6528.306117539827,15.617957218994801,181.5727177296693,6709.878835269496,55.603156941995664,6765.481992211492
739,6528.021818547593,15.617277077865056,181.09735995990349,6709.119178507497,55.59901480212551,6764.718193309623
740,6527.739662516297,15.616602063436119,180.6229360704573,6708.362598586755,55.59484337762244,6763.957441964377
741,6527.459646960817,15.61593216976272,180.14944617325006,6707.609093134067,55.5906423146545,6763.199735448721
742,6527.181768519785,15.615267388803312,179.67689079316952,6706.858659312954,55.58641127409442,6762.445070587049
743,6526.906022951912,15.614607710411272,179.20527085867948,6706.111293810592,55.58214993207278,6761.693443742664
744,6526.632405139739,15.613953122343872,178.7345876906585,6705.366992830397,55.57785798041865,6760.944850810815
745,6526.360909095665,15.613303610276711,178.26484298960398,6704.62575208527,55.57353512698634,6760.1992872122555
746,6526.091527973122,15.612659157830434,177.79603882134356,6703.887566794465,55.56918109586968,6759.456747890335
747,6525.824254081296,15.612019746605972,177.32817760139906,6703.152431682695,55.56479562750515,6758.7172273102005
748,6525.559078901837,15.61138535622449,176.86126207815397,6702.420340979991,55.560378478666735,6757.980719458657
749,6525.2959931110945,15.610755964380608,176.39529531497573,6701.69128842607,55.555929422356485,6757.247217848427
750,6525.034986602078,15.610131546894923,175.9302806714444,6700.965267273522,55.55144824759506,6756.516715521117
751,6524.7760485122135,15.609512077780415,175.4662217838393,6700.242270296053,55.546934759118216,6755.789205055171
752,6524.519167249142,15.608897529304167,175.00312254503064,6699.522289794172,55.54238877698474,6755.064678571157
753,6524.264330522803,15.608287872064121,174.54098708392067,6698.805317606723,55.53781013610321,6754.343127742826
754,6524.011525374762,15.607683075059239,174.07981974457454,6698.091345119336,55.533198685684106,6753.624543805021
755,6523.760738211868,15.607083105770018,173.61962506517227,6697.38036327704,55.52855428862533,6752.9089175656645
756,6523.511954840011,15.60648793023926,173.16040775691113,6696.672362596922,55.523876820838524,6752.19623941776
757,6523.265160497542,15.605897513152014,172.7021726829754,6695.967333180517,55.51916617052438,6751.486499351041
758,6523.020339889883,15.60531181791838,172.24492483768668,6695.26526472757,55.51442223740443,6750.779686964975
759,6522.777477225631,15.604730806759882,171.7886693259365,6694.566146551567,55.50964493191781,6750.075791483485
760,6522.5365562501775,15.604154440789898,171.33341134299724,6693.869967593175,55.50483417438987,6749.374801767564
761,6522.297560281037,15.603582680098173,170.87915615479545,6693.176716435832,55.499989894180786,6748.676706330012
762,6522.060472242743,15.603015483834314,170.42590907872534,6692.486381321469,55.495112028820714,6747.981493350289
763,6521.825274699619,15.602452810286168,169.97367546507041,6691.798950164689,55.490200523138476,6747.289150687828
764,6521.591949891243,15.601894616964696,169.522460679092,6691.114410570334,55.485255328389925,6746.599665898724
765,6521.360479763118,15.601340860677315,169.07227008383495,6690.432749846953,55.480276401391706,6745.913026248345
766,6521.130845998956,15.600791497605158,168.62310902369444,6689.75395502265,55.47526370366563,6745.229218726316
767,6520.903030052292,15.600246483378688,168.17498280877635,6689.078012861068,55.47021720059847,6744.548230061666
768,6520.677013175555,15.59970577314726,167.72789670007924,6688.404909875634,55.46513686062107,6743.870046736255
769,6520.452776449235,15.599169321648887,167.28185589551626,6687.734632344751,55.460022654410416,6743.194654999162
770,6520.230300809103,15.598637083275365,166.8368655167913,6687.0671663258945,55.45487455411772,6742.522040880012
771,6520.009567072752,15.59810901213577,166.39293059713427,6686.4024976698865,55.44969253262487,6741.852190202511
772,6519.790555964973,15.59758506211716,165.950056069897,6685.74061203487,55.44447656283097,6741.185088597701
773,6519.573248141993,15.597065186942567,165.5082467580047,6685.081494899998,55.43922661697093,6740.5207215169685
774,6519.357624213557,15.59654934022382,165.06750736425292,6684.42513157781,55.43394266596639,6739.859074243776
775,6519.14366476441,15.596037475512942,164.627842462437,6683.771507226847,55.42862467880996,6739.200131905656
776,6518.931350376103,15.595529546354314,164.18925648929473,6683.120606865398,55.42327262198278,6738.543879487381
777,6518.720661643635,15.595025506324486,163.7517537372425,6682.4724153808775,55.41788645890507,6737.890301839782
778,6518.511579194977,15.594525309078891,163.3153383478788,6681.826917542855,55.41246614941942,6737.239383692275
779,6518.3040837077015,15.59402890839163,162.8800143062298,6681.184098013931,55.40701164930578,6736.591109663237
780,6518.098155924061,15.593536258191532,162.44578543570714,6680.543941359768,55.40152290982739,6735.9454642695955
781,6517.893776665088,15.593047312595903,162.01265539374745,6679.906432058835,55.395999877306366,6735.302431936141
782,6517.690926844507,15.592562025943797,161.58062766810184,6679.271554512608,55.39044249272771,6734.661997005336
783,6517.489587480927,15.592080352825185,161.14970557374167,6678.639293054669,55.38485069137045,6734.024143746039
784,6517.289739709395,15.5916022481086,160.71989225034815,6678.009631959743,55.37922440246443,6733.388856362208
785,6517.091364790745,15.591127666963503,160.29119066034954,6677.382555451094,55.37356354887122,6732.756118999965
786,6516.8944441221565,15.590656564885542,159.8636035874743,6676.758047709631,55.367868046787905,6732.125915756419
787,6516.698959245121,15.590188897715601,159.43713363578374,6676.1360928809045,55.36213780547226,6731.498230686377
788,6516.504891852686,15.589724621657144,159.01178322915194,6675.516675081838,55.35637272698792,6730.8730478088255
789,6516.312223798373,15.589263693297545,158.58755461115905,6674.899778409533,55.35057270596836,6730.250351115501
790,6516.1209370993865,15.588806069615757,158.1644498453656,6674.285386944752,55.34473762939845,6729.630124574151
791,6515.931013944382,15.588351708000914,157.74247081593577,6673.673484760318,55.338867376412566,6729.012352136731
792,6515.742436697638,15.587900566262293,157.3216192285794,6673.064055926217,55.332961818108075,6728.397017744325
793,6515.555187903073,15.58745260263893,156.90189661178292,6672.4570845148555,55.327020817373786,6727.784105332229
794,6515.369250288186,15.587007775809058,156.48330431830055,6671.852554606487,55.32104422873201,6727.173598835218
795,6515.184606766916,15.586566044896928,156.06584352687858,6671.2504502937945,55.31503189819406,6726.565482191989
796,6515.001240442359,15.586127369479327,155.649515244187,6670.650755686545,55.30898366312843,6725.959739349674
797,6514.819134609159,15.58569170959129,155.23432030693368,6670.053454916093,55.302899352141374,6725.356354268234
798,6514.63827275513,15.585259025729975,154.82025938413787,6669.458532139268,55.2967787849694,6724.755310924237
799,6514.458638561873,15.584829278856155,154.4073329795408,6668.865971541414,55.29062177238349,6724.156593313798
800,6514.280215907473,15.584402430400653,153.99554143413388,6668.275757341607,55.28442811610506,6723.560185457712
801,6514.102988865027,15.58397844226083,153.5848849287839,6667.687873793811,55.27819760873336,6722.966071402545
802,6513.926941704642,15.583557276805363,153.17536348693864,6667.10230519158,55.27193003368449,6722.374235225265
803,6513.752058893067,15.583138896873367,152.76697697739561,6666.519035870463,55.2656251651419,6721.784661035605
804,6513.5783250925015,15.582723265771534,152.3597251171197,6665.938050209621,55.25928276801874,6721.19733297764
805,6513.405725162024,15.58231034727757,151.95360747409435,6665.359332636119,55.25290259793195,6720.612235234051
806,6513.234244155689,15.58190010563562,151.54862347019508,6664.782867625884,55.246484401188496,6720.0293520270725
807,6513.063867321395,15.581492505553577,151.14477238407292,6664.208639705468,55.240027914783816,6719.448667620252
808,6512.8945801016025,15.58108751220479,150.74205335403792,6663.636633455641,55.233532866412844,6718.870166322054
809,6512.726368130459,15.580685091221195,150.34046538093287,6663.066833511392,55.2269989744938,6718.293832485886
810,6512.559217233443,15.580285208692446,149.94000733098954,6662.499224564433,55.22042594820503,6717.719650512638
811,6512.39311342595,15.57988783116256,149.54067793866017,6661.93379136461,55.213813487535276,6717.147604852145
812,6512.228042911489,15.579492925625571,149.14247580941725,6661.370518720906,55.2071612833477,6716.577680004254
813,6512.063992080282,15.579100459522207,148.7453994225172,6660.809391502799,55.20046901745779,6716.0098605202575
814,6511.900947508015,15.578710400736878,148.34944713372235,6660.250394641737,55.19373636272577,6715.444131004463
815,6511.738895953559,15.578322717592247,147.9546171779781,6659.693513131538,55.186962983163724,6714.880476114701
816,6511.577824357334,15.577937378845297,147.56090767204168,6659.138732029376,55.18014853405778,6714.318880563434
817,6511.417719839903,15.57755435368398,147.1683166170608,6658.5860364569635,55.17329266210581,6713.75932911907
818,6511.258569699564,15.577173611721445,146.77684190109971,6658.035411600664,55.16639500557116,6713.201806606235
819,6511.100361410443,15.57679512299149,146.38648130161155,6657.486842712055,55.15945519445256,6712.646297906507
820,6510.94308262163,15.576418857946484,145.99723248785733,6656.9403151094875,55.152472850671046,6712.092787960159
821,6510.786721153694,15.576044787449028,145.60909302326993,6656.395814176964,55.145447588274045,6711.541261765238
822,6510.6312649978945,15.575672882770082,145.2220603677646,6655.853325365659,55.13837901365751,6710.991704379317
823,6510.476702313876,15.575303115583434,144.83613187999657,6655.312834193872,55.13126672580643,6710.444100919678
824,6510.323021427077,15.574935457959514,144.45130481956627,6654.774326246643,55.12411031655439,6709.898436563198
825,6510.170210828185,15.574569882364079,144.06757634917437,6654.23778717736,55.11690937086304,6709.354696548223
826,6510.01825916925,15.574206361648924,143.68494353672816,6653.703202705979,55.10966346712189,6708.812866173101
827,6509.867155263713,15.573844869051946,143.30340335740118,6653.170558621115,55.10237217746945,6708.272930798584
828,6509.716888082782,15.573485378188474,142.92295269564943,6652.639840778432,55.09503506813655,6707.734875846569
829,6509.567446754499,15.57312786304904,142.54358834718505,6652.111035101683,55.08765169981261,6707.198686801496
830,6509.4188205610435,15.572772297992927,142.1653070209122,6651.584127581956,55.080221628035886,6706.664349209992
831,6509.270998937542,15.572418657745315,141.78810534082643,6651.059104278368,55.07274440360872,6706.131848681976
832,6509.123971469656,15.57206691739152,141.41197984788226,6650.535951317538,55.065219573039,6705.601170890577
833,6508.977727891487,15.571717052371978,141.03692700183115,6650.014654893318,55.05764667900863,6705.072301572327
834,6508.832258084118,15.57136903847875,140.66294318303332,6649.495201267151,55.0500252608706,6704.545226528022
835,6508.687552073625,15.571022851850778,140.29002469424825,6648.977576767873,55.042354855175894,6704.019931623049
836,6508.543600028888,15.570678468968632,139.91816776240563,6648.461767791294,55.03463499623108,6703.496402787525
837,6508.400392259446,15.570335866649392,139.5473685403621,6647.947760799808,55.026865216688655,6702.974626016497
838,6508.257919215081,15.569995022045648,139.1776231086468,6647.4355423237275,55.01904504817108,6702.454587371899
839,6508.116171482297,15.569655912637074,138.80892747719938,6646.925098959497,55.01117402193013,6701.936272981427
840,6507.975139782621,15.569318516226367,138.44127758710545,6646.416417369726,55.00325166954298,6701.419669039269
841,6507.834814972782,15.56898281093967,138.074669312332,6645.909484285114,54.995277523646855,6700.904761808761
842,6507.695188039994,15.568648775215296,137.7090984614684,6645.404286501463,54.98725111871323,6700.391537620176
843,6507.556250102299,15.568316387804542,137.34456077947516,6644.900810881774,54.979171991863765,6699.879982873638
844,6507.417992406155,15.56798562776592,136.98105194944665,6644.399044355601,54.97103968372909,6699.37008403933
845,6507.280406324497,15.567656474460518,136.61856759438987,6643.898973918886,54.96285373935219,6698.861827658238
846,6507.143483354615,15.567328907546925,136.25710327902453,6643.400586633639,54.954613709137874,6698.355200342777
847,6507.007215118149,15.567002906981218,135.8966545116088,6642.903869629758,54.94631914984973,6697.850188779608
848,6506.871593356927,15.566678453007004,135.53721674579324,6642.408810102721,54.93796962565631,6697.346779728377
849,6506.736609933047,15.566355526155613,135.17878538250926,6641.9153953155555,54.92956470922736,6696.844960024783
850,6506.602256827211,15.566034107242132,134.82135577189433,6641.423612599106,54.92110398288197,6696.344716581988
851,6506.468526135681,15.565714177358089,134.46492321525935,6640.9334493509405,54.912587039789415,6695.84603639073
852,6506.335410070151,15.565395717871175,134.1094829671013,6640.444893037252,54.90401348522387,6695.348906522476
853,6506.202900955227,15.565078710419204,133.75503023716593,6639.957931192393,54.89538293787396,6694.853314130267
854,6506.070991227247,15.564763136907288,133.40156019256463,6639.472551419812,54.88669503120761,6694.359246451019
855,6505.939673433169,15.56444897950519,133.0490679599487,6638.988741393118,54.87794941489321,6693.866690808011
856,6505.8089402274545,15.564136220639844,132.69754862774607,6638.506488855201,54.86914575627675,6693.375634611477
857,6505.678784372705,15.563824842996903,132.34699724846354,6638.025781621169,54.86028374191555,6692.8860653630845
858,6505.549198736478,15.563514829513105,131.9974088410593,6637.546607577537,54.85136307916809,6692.397970656704
859,6505.420176291,15.563206163375597,131.6487783933886,6637.068954684389,54.84238349783931,6691.911338182228
860,6505.29171011082,15.562898828016316,131.30110086472746,6636.592810975547,54.83334475188074,6691.426155727428
861,6505.163793372093,15.56259280711027,130.95437118837717,6636.11816456047,54.824246621144084,6690.942411181614
862,6505.036419351224,15.562288084572307,130.6085842743536,6635.645003625577,54.815088913186464,6690.460092538764
863,6504.909581423528,15.561984644553895,130.26373501216494,6635.173316435693,54.805871465125456,6689.979187900818
864,6504.783273061072,15.56168247143797,129.9198182736807,6634.703091334753,54.7965941455411,6689.499685480294
865,6504.657487833296,15.561381549840421,129.57682891609602,6634.234316749392,54.78725685642202,6689.0215736058135
866,6504.532219404152,15.561081864603235,129.23476178499314,6633.766981189145,54.7778595351517,6688.544840724297
867,6504.407461531711,15.560783400793568,128.89361171750417,6633.301073249216,54.76840215653096,6688.069475405747
868,6504.283208067148,15.560486143701311,128.5533735455765,6632.836581612724,54.758884734831696,6687.595466347556
869,6504.159452953616,15.560190078836403,128.21404209934445,6632.373495052961,54.749307325876245,6687.122802378837
870,6504.036190225168,15.55989519192624,127.87561221060801,6631.911802435776,54.739670029136434,6686.651472464912
871,6503.913414005474,15.559601468912618,127.53807871642161,6631.451492721895,54.72997298984534,6686.18146571174
872,6503.791118507854,15.559308895951803,127.20143646279337,6630.992554970647,54.7202164011141,6685.712771371761
873,6503.669298034092,15.559017459411704,126.86568030849669,6630.534978342589,54.71040050604559,6685.245378848635
874,6503.547946972652,15.55872714586759,126.5308051289947,6630.078752101647,54.700525599835686,6684.779277701483
875,6503.427059799624,15.558437942104362,126.19680582047685,6629.6238656201,54.690592031852425,6684.314457651953
876,6503.306631076486,15.55814983511121,125.86367730400934,6629.170308380495,54.68060020768237,6683.850908588178
877,6503.186655450884,15.557862812083455,125.53141452979644,6628.71806998068,54.67055059113268,6683.388620571813
878,6503.0671276546145,15.557576860417738,125.20001248155319,6628.267140136168,54.66044370617695,6682.927583842345
879,6502.9480425042475,15.55729196771351,124.86946618098641,6627.817508685234,54.65028013883185,6682.467788824066
880,6502.82939489972,15.557008121769664,124.53977069238199,6627.369165592102,54.640060538951,6682.009226131053
881,6502.711179824695,15.556725310585396,124.21092112729518,6626.922100951991,54.62978562192191,6681.551886573912
882,6502.593392345292,15.556443522357158,123.88291264933983,6626.476304994632,54.61945617025117,6681.095761164884
883,6502.476027610495,15.556162745479654,123.55574047907206,6626.031768089568,54.60907303502279,6680.64084112459
884,6502.359080850636,15.55588296854219,123.22939989896273,6625.588480749599,54.59863713721353,6680.187117886812
885,6502.242547378275,15.555604180330802,122.90388625845256,6625.146433636728,54.58814946884962,6679.734583105577
886,6502.126422587226,15.5553263698259,122.57919497908249,6624.705617566309,54.57761109398819,6679.283228660297
887,6502.01070195153,15.555049526199832,122.2553215596917,6624.266023511222,54.56702314950716,6678.8330466607285
888,6501.895381026503,15.554773638819386,121.93226158167393,6623.827642608177,54.556386845687115,6678.384029453864
889,6501.780455447037,15.554498697241714,121.61001071428252,6623.39046616132,54.545703466568995,6677.936169627888
890,6501.665920928224,15.554224691215847,121.28856471997337,6622.954485648198,54.534974370071595,6677.48946001827
891,6501.5517732636235,15.553951610678526,120.9679194597735,6622.519692723397,54.52420098785362,6677.043893711251
892,6501.438008326365,15.553679445756854,120.6480708986638,6622.086079225029,54.513384824905515,6676.599464049934
893,6501.324622067545,15.553408186764461,120.32901511096115,6621.653637178506,54.5025274588573,6676.156164637363
894,6501.211610515158,15.553137824198943,120.01074828568575,6621.222358800844,54.491630538989696,6675.7139893398335
895,6501.098969775064,15.552868348744171,119.69326673189838,6620.792236506963,54.48069578493708,6675.272932291899
896,6500.986696028793,15.552599751265054,119.37656688399132,6620.363262912784,54.469724985072446,6674.832987897857
897,6500.874785532931,15.552332022806056,119.06064530691538,6619.935430839847,54.45871999456614,6674.394150834413
898,6500.763234619,15.55206515459091,118.74549870132553,6619.5087333203255,54.447682733111925,6673.956416053437
899,6500.652039690926,15.55179913801657,118.43112390862622,6619.083163599553,54.43661518231651,6673.51977878187
900,6500.541197225257,15.551533964653725,118.11751791589737,6618.658715141154,54.42551938275041,6673.084234523904
901,6500.430703769106,15.551269626241881,117.80467786068084,6618.235381629787,54.41439743066086,6672.649779060448
902,6500.3205559381095,15.551006114684473,117.49260103560727,6617.813156973717,54.403251474350014,6672.216408448067
903,6500.210750416347,15.550743422048678,117.18128489284275,6617.39203530919,54.3920837102244,6671.784119019414
904,6500.101283953011,15.550481540557444,116.87072704833396,6616.972011001345,54.38089637852454,6671.352907379869
905,6499.9921533608385,15.550220462585738,116.56092528583099,6616.55307864667,54.3696917587466,6670.9227704054165
906,6499.883355514854,15.549960180657546,116.25187756066673,6616.135233075521,54.35847216477086,6670.493705240292
907,6499.774887348655,15.549700687436975,115.9435820032718,6615.7184693519275,54.347239939714825,6670.065709291643
908,6499.66674585304,15.549441975724976,115.63603692240436,6615.302782775444,54.3359974505319,6669.638780225976
909,6499.558928072493,15.549184038450939,115.32924080807449,6614.888168880567,54.32474708237946,6669.212915962947
910,6499.451431103268,15.548926868668106,115.02319233414363,6614.4746234374115,54.313491232782596,6668.788114670194
911,6499.34425208906,15.548670459543207,114.71789036057999,6614.06214244964,54.302232305623185,6668.364374755263
912,6499.237388219247,15.548414804352266,114.413333935352,6613.650722154599,54.29097270498576,6667.9416948595845
913,6499.130836724684,15.548159896470535,114.10952229594275,6613.240359020627,54.279714828894114,6667.5200738495205
914,6499.024594874025,15.547905729363697,113.80645487046998,6612.8310497444945,54.268461062974865,6667.099510807469
915,6498.918659970293,15.547652296579649,113.50413127839643,6612.4227912486895,54.25721377408519,6666.680005022775
916,6498.81302934759,15.547399591740644,113.20255133081885,6612.015580678409,54.245975303943844,6666.261555982353
917,6498.7077003660415,15.5471476085312,112.90171503032352,6611.609415396365,54.23474796280543,6665.84416335917
918,6498.602670408787,15.546896340690878,112.60162257039926,6611.204292979186,54.22353402321778,6665.427827002404
919,6498.497936876674,15.546645782001614,112.30227433440062,6610.800211211075,54.21233571390358,6665.012546924979
920,6498.393497185054,15.546395926280033,112.00367089405512,6610.397168079109,54.20115521380585,6664.598323292915
921,6498.289348758883,15.546146767365748,111.70581300751196,6609.995161766395,54.18999464633685,6664.185156412732
922,6498.185489028387,15.545898299110974,111.40870161693046,6609.594190645317,54.178856073868566,6663.773046719186
923,6498.081915424255,15.545650515369031,111.11233784560963,6609.194253269865,54.16774149250118,6663.3619947623665
924,6497.978625374291,15.545403409986344,110.81672299466175,6608.7953483689535,54.15665282714389,6662.952001196098
925,6497.875616297433,15.545156976788117,110.52185853923646,6608.39747483667,54.14559192694013,6662.54306676361
926,6497.772885600289,15.544911209570069,110.22774612430231,6608.000631724591,54.13456056106608,6662.135192285657
927,6497.670430673101,15.544666102088758,109.93438755999703,6607.604818233098,54.123560414928264,6661.728378648026
928,6497.568248883792,15.544421648047349,109.64178481655816,6607.21003370035,54.112593086782624,6661.322626787133
929,6497.4663375759355,15.544177841090756,109.34994001884968,6606.816277594785,54.10166008479369,6660.917937679578
930,6497.3646940625995,15.543934674790908,109.05885544050052,6606.4235495031,54.09076282454812,6660.5143123276475
931,6497.263315623791,15.543692142640648,108.76853349767488,6606.031849121466,54.079902627033405,6660.111751748499
932,6497.162199502139,15.543450238043395,108.47897674249431,6605.641176244633,54.06908071708762,6659.710256961721
933,6497.061342898729,15.543208954303179,108.19018785613446,6605.251530754864,54.05829822232248,6659.309828977186
934,6496.960742970532,15.542968284618498,107.90216964162073,6604.862912612152,54.04755617251716,6658.910468784669
935,6496.86039682683,15.542728222073755,107.6149250163487,6604.475321843179,54.0368554994766,6658.512177342655
936,6496.760301525539,15.542488759630476,107.32845700435549,6604.088758529894,54.02619703734375,6658.114955567238
937,6496.660454071717,15.542249890123726,107.04276872837129,6603.703222800088,54.015581523351464,6657.718804323439
938,6496.560851414167,15.542011606253988,106.75786340167906,6603.318714815846,54.00500959899622,6657.323724414842
939,6496.461490443418,15.54177390058234,106.47374431981261,6602.935234763231,53.99448181161219,6656.929716574843
940,6496.362367990238,15.541536765526887,106.19041485212315,6602.552782842362,53.98399861632186,6656.536781458683
941,6496.263480823061,15.541300193356607,105.9078784332448,6602.1713592563065,53.973560378335904,6656.144919634642
942,6496.164825648042,15.541064176191488,105.62613855448957,6601.7909642025315,53.963167375573576,6655.754131578105
943,6496.066399107061,15.540828705997754,105.34519875520253,6601.411597862264,53.95281980157249,6655.364417663836
944,6495.9681977774335,15.540593774587162,105.06506261410736,6601.033260391541,53.942517768655385,6654.975778160197
945,6495.870218172173,15.540359373617639,104.78573374067174,6600.655951912845,53.93226131132067,6654.588213224166
946,6495.772456738889,15.540125494590642,104.50721576652177,6600.27967250541,53.92205038982266,6654.201722895233
947,6495.674909861397,15.539892128855017,104.22951233693382,6599.904422198331,53.91188489390729,6653.816307092238
948,6495.577573859919,15.53965926760746,103.95262710243045,6599.530200962349,53.901764646669704,6653.431965609019
949,6495.480444992027,15.539426901894801,103.67656371050701,6599.157008702534,53.89168940850014,6653.048698111034
950,6495.383519454469,15.539195022618348,103.40132579751335,6598.784845251982,53.881658881086054,6652.666504133068
951,6495.286793384155,15.538963620536256,103.12691698071376,6598.413710364869,53.8716727114393,6652.285383076309
952,6495.190262861747,15.538732686272123,102.85334085054735,6598.0436037122945,53.86173049591913,6651.905334208213
953,6495.0939239117215,15.538502210315123,102.58060096310902,6597.67452487483,53.85183178422341,6651.526356659054
954,6494.997772507424,15.538272183032115,102.30870083286887,6597.3064733402925,53.841976083322415,6651.148449423615
955,6494.901804572019,15.538042594669902,102.03764392564806,6596.9394484976665,53.8321628613123,6650.771611358979
956,6494.806015982776,15.537813435365495,101.76743365186493,6596.573449634641,53.822391551167115,6650.395841185808
957,6494.710402574145,15.537584695153456,101.49807336006567,6596.208475934211,53.81266155437102,6650.021137488581
958,6494.61496014094,15.53735636397354,101.22956633075013,6595.84452647169,53.80297224441489,6649.6474987161055
959,6494.519684443122,15.53712843168211,100.96191577050318,6595.481600213625,53.793322970144004,6649.274923183769
960,6494.42457120865,15.536900888058971,100.69512480643907,6595.119696015089,53.78371305894593,6648.903409074035
961,6494.329616138285,15.536673722818863,100.4291964809653,6594.75881261925,53.774141819770136,6648.532954439021
962,6494.2348149096215,15.536446925621105,100.16413374687048,6594.398948656492,53.764608545973665,6648.163557202466
963,6494.140163181362,15.536220486079815,99.89993946273871,6594.040102644101,53.75511251798872,6647.79521516209
964,6494.04565659783,15.535994393774713,99.63661638869283,6593.6822729865235,53.74565300581072,6647.427925992334
965,6493.951290793714,15.535768638262475,99.37416718246519,6593.32545797618,53.736229271307174,6647.061687247487
966,6493.857061397657,15.535543209085304,99.11259439579553,6592.969655793453,53.726840570349275,6646.696496363802
967,6493.7629640381765,15.535318095785112,98.85190047115245,6592.614864509329,53.71748615476996,6646.332350664099
968,6493.668994346922,15.535093287911296,98.59208773877515,6592.261082085697,53.70816527415355,6645.969247359851
969,6493.575147963551,15.534868775032418,98.33315841402958,6591.908306377581,53.69887717746307,6645.607183555044
970,6493.481420540831,15.5346445467484,98.07511459507369,6591.556535135905,53.689621114512505,6645.246156250417
971,6493.3878077476365,15.534420592697694,97.81795826082384,6591.20576600846,53.680396337292066,6644.886162345752
972,6493.294305274499,15.53419690257057,97.56169126921574,6590.855996543714,53.67120210115509,6644.52719864487
973,6493.200908836983,15.533973466117185,97.30631535575,6590.507224192733,53.662037665875445,6644.1692618586085
974,6493.107614180092,15.533750273158116,97.05183213231439,6590.1594463124065,53.65290229658492,6643.812348608992
975,6493.014417082159,15.53352731359368,96.79824308627191,6589.812660168431,53.643795264599994,6643.456455433031
976,6492.921313358243,15.533304577412066,96.54554957980574,6589.466862938049,53.63471584814711,6643.101578786196
977,6492.828298863826,15.533082054698147,96.29375284950937,6589.122051713335,53.625663332995785,6642.747715046331
978,6492.735369498951,15.532859735643422,96.04285400621237,6588.778223505163,53.61663701300845,6642.394860518171
979,6492.642521210571,15.532637610551607,95.79285403502959,6588.435375245601,53.60763619061531,6642.043011436216
980,6492.549749995689,15.532415669846147,95.54375379562394,6588.093503791313,53.59866017722257,6641.692163968536
981,6492.457051905023,15.532193904079003,95.29555402267034,6587.752605927693,53.58970829356112,6641.342314221254
982,6492.364423044581,15.531972303934404,95.04825532651103,6587.412678371092,53.58077986998319,6640.993458241075
983,6492.271859579127,15.531750860237144,94.80185819398996,6587.073717773116,53.57187424671267,6640.645592019829
984,6492.179357734505,15.531529563958147,94.55636298945612,6586.735720723961,53.56299077405542,6640.298711498017
985,6492.086913798329,15.531308406216098,94.31176995592459,6586.398683754253,53.55412881257441,6639.952812566828
986,6491.994524123859,15.531087378286745,94.06807921638466,6586.062603340244,53.54528773323425,6639.607891073479
987,6491.902185130106,15.530866471603124,93.82529077524481,6585.727475905351,53.53646691751917,6639.2639428228695
988,6491.809893304768,15.530645677762601,93.5834045199042,6585.393297824672,53.52766575752777,6638.9209635822
989,6491.7176452043495,15.530424988527152,93.34242022244092,6585.06006542679,53.518883656047386,6638.578949082837
990,6491.625437456256,15.530204395828363,93.10233754140717,6584.727774997663,53.51012002661055,6638.237895024274
991,6491.533266758932,15.52998389176778,92.86315602372241,6584.396422782655,53.50137429353548,6637.89779707619
992,6491.441129883971,15.52976346862194,92.62487510665508,6584.066004990626,53.49264589195211,6637.558650882578
993,6491.349023675641,15.529543118841245,92.38749411988479,6583.736517795525,53.48393426781506,6637.22045206334
994,6491.256945051682,15.529322835051872,92.15101228763609,6583.407957339318,53.47523887790415,6636.883196217223
995,6491.16489100425,15.529102610058015,91.91542873087627,6583.080319735127,53.46655918981361,6636.546878924941
996,6491.07285859934,15.528882436840528,91.68074246956954,6582.75360106891,53.4578946819301,6636.21149575084
997,6490.980844977953,15.528662308559696,91.44695242497986,6582.427797402933,53.44924484340007,6635.877042246333
998,6490.888847355099,15.528442218552868,91.2140574220163,6582.102904777115,53.44060917408669,6635.543513951202
999,6490.796863019983,15.528222160334888,90.98205619161328,6581.778919211596,53.43198718451646,6635.2109063961125
1000,6490.704889336232,15.52800212759864,90.75094737314039,6581.455836709372,53.423378395815625,6634.8792151051875
1001,6490.612923740938,15.52778211421277,90.52072951683505,6581.1336532577725,53.4147823396366,6634.5484355974095
1002,6490.520963744594,15.527562114221517,90.29140108625293,6580.812364830847,53.40619855807436,6634.218563388922
1003,6490.4290069305125,15.527342121843331,90.06296046073031,6580.491967391243,53.39762660357311,6633.889593994816
1004,6490.337050954077,15.527122131469085,89.83540593785361,6580.172456891931,53.38906603882332,6633.561522930754
1005,6490.245093542695,15.52690213766195,89.60873573593136,6579.853829278626,53.38051643664941,6633.234345715276
1006,6490.153132493946,15.526682135152981,89.38294799646398,6579.53608049041,53.37197737988854,6632.908057870299
1007,6490.06116567597,15.526462118842034,89.15804078660693,6579.219206462577,53.36344846126062,6632.582654923837
1008,6489.96919102587,15.526242083793948,88.93401210162402,6578.903203127494,53.3549292832303,6632.258132410724
1009,6489.877206548666,15.526022025236044,88.71085986732645,6578.588066415993,53.346419457861344,6631.934485873854
1010,6489.785210317108,15.525801938557676,88.48858194249438,6578.2737922596025,53.33791860666392,6631.611710866267
1011,6489.693200470252,15.525581819306824,88.26717612127797,6577.96037659153,53.32942636043558,6631.289802951966
1012,6489.6011752121785,15.52536166318703,88.04664013557476,6577.647815347753,53.32094235909656,6630.96875770685
1013,6489.509132811459,15.525141466056121,87.82697165738054,6577.336104468839,53.31246625152028,6630.648570720359
1014,6489.417071599299,15.524921223921767,87.60816830111146,6577.02523990041,53.30399769535938,6630.32923759577
1015,6489.324989969399,15.524700932941146,87.39022762589484,6576.715217595294,53.29553635686882,6630.010753952163
1016,6489.232886375888,15.524480589416,87.17314713782643,6576.406033513714,53.28708191072601,6629.693115424439
1017,6489.140759332767,15.524260189791308,86.95692429219244,6576.097683624959,53.278634039849365,6629.376317664809
1018,6489.0486074122255,15.524039730651257,86.74155649565441,6575.79016390788,53.270192435215755,6629.060356343096
1019,6488.956429244154,15.523819208718072,86.52704110839542,6575.483470352549,53.26175679567763,6628.745227148227
1020,6488.864223513861,15.523598620846558,86.3133754462261,6575.177598960087,53.25332682778055,6628.430925787868
1021,6488.771988962514,15.523377964025153,86.10055678264936,6574.872545745164,53.24490224558184,6628.117447990746
1022,6488.679724383914,15.523157235368215,85.88858235088256,6574.568306734796,53.23648277047085,6627.804789505267
1023,6488.58742862463,15.522936432116339,85.67744934583638,6574.264877970466,53.22806813099143,6627.492946101457
1024,6488.495100582174,15.522715551631995,85.46715492604939,6573.962255508223,53.21965806266726,6627.18191357089
1025,6488.4027392046,15.522494591398564,85.25769621557778,6573.660435420178,53.21125230783009,6626.8716877280085
1026,6488.310343488122,15.522273549014647,85.04907030583978,6573.359413793962,53.20285061545183,6626.562264409414
1027,6488.217912476672,15.522052422192994,84.84127425741406,6573.059186734085,53.19445274098023,6626.253639475066
1028,6488.125445260372,15.52183120875687,84.63430510179231,6572.759750362164,53.18605844617878,6625.945808808343
1029,6488.032940974685,15.521609906638002,84.42815984308541,6572.46110081777,53.17766749897084,6625.63876831674
1030,6487.940398798328,15.521388513871598,84.22283545968315,6572.163234258011,53.16927967328824,6625.332513931299
1031,6487.847817954036,15.521167028598173,84.01832890586792,6571.866146859904,53.16089474892428,6625.027041608828
1032,6487.755197704331,15.520945449053425,83.81463711338199,6571.569834817713,53.1525125113913,6624.722347329104
1033,6487.662537353748,15.52072377357356,83.6117569929489,6571.274294346697,53.14413275178275,6624.41842709848
1034,6487.569836245195,15.52050200058659,83.40968543574911,6570.979521680944,53.135755266639656,6624.115276947584
1035,6487.477093760124,15.520280128612738,83.20841931485063,6570.685513074975,53.12737985782138,6623.812892932796
1036,6487.384309316466,15.520058156259488,83.00795548659421,6570.39226480306,53.11900633238075,6623.511271135441
1037,6487.291482368792,15.519836082221989,82.8082907919348,6570.099773160727,53.110634502443034,6623.2104076631695
1038,6487.198612406074,15.519613905277689,82.60942205773873,6569.808034463813,53.102264185088984,6622.9102986489015
1039,6487.105698951329,15.519391624285475,82.41134609803802,6569.517045049367,53.093895202241484,6622.610940251609
1040,6487.012741560398,15.519169238182771,82.21405971524194,6569.22680127564,53.0855273805557,6622.312328656196
1041,6486.91973982087,15.518946745982943,82.01755970130678,6568.9372995221765,53.07716055131263,6622.014460073489
1042,6486.826693350892,15.518724146772469,81.82184283886484,6568.648536189757,53.06879455031569,6621.717330740073
1043,6486.733601798944,15.518501439710391,81.62690590231266,6568.360507701256,53.06042921779027,6621.420936919047
1044,6486.640464841705,15.518278624023218,81.43274565886023,6568.0732105005645,53.05206439828593,6621.125274898851
1045,6486.547282184885,15.518055699006903,81.2393588695412,6567.786641054427,53.04369994058128,6620.830340995008
1046,6486.454053560171,15.517832664019547,81.04674229018556,6567.500795850357,53.035335697591066,6620.536131547948
1047,6486.360778726165,15.517609518483649,80.8548926723553,6567.2156713985205,53.02697152627568,6620.242642924796
1048,6486.26745746634,15.517386261881196,80.663806764244,6566.931264230584,53.01860728755252,6619.949871518136
1049,6486.174089588854,15.51716289375324,80.47348131154145,6566.647570900395,53.010242846209444,6619.657813746605
1050,6486.0806749260855,15.516939413698768,80.28391305826386,6566.36458798435,53.00187807082001,6619.366466055169
1051,6485.987213332633,15.516715821369935,80.09509874755099,6566.082312080183,52.993512833660425,6619.0758249138435
1052,6485.893704685237,15.51649211647186,79.90703512243073,6565.800739807668,52.98514701062807,6618.785886818296
1053,6485.800148882637,15.516268298762288,79.71971892655216,6565.519867809189,52.976780481161825,6618.496648290351
1054,6485.706545843513,15.51604436804668,79.53314690488833,6565.239692748401,52.968413128163654,6618.208105876564
1055,6485.61289550721,15.515820324179929,79.34731580440899,6564.960211311619,52.96004483792173,6617.92025614954
1056,6485.519197831898,15.515596167061958,79.16222237472483,6564.6814202066225,52.9516755000351,6617.6330957066575
1057,6485.425452794441,15.515371896637419,78.9778633687038,6564.403316163145,52.94330500733966,6617.3466211704845
1058,6485.331660390143,15.515147512895078,78.79423554306018,6564.1258959332035,52.93493325583549,6617.060829189039
1059,6485.237820630958,15.514923015863536,78.61133565891804,6563.849156289875,52.92656014461572,6616.775716434491
1060,6485.143933545996,15.514698405612432,78.42916048234882,6563.573094028345,52.9181855757966,6616.491279604142
1061,6485.049999180638,15.514473682250332,78.24770678488483,6563.297705965523,52.909809454449125,6616.207515419972
1062,6484.956017595628,15.514248845922554,78.06697134400903,6563.022988939637,52.901431688531886,6615.924420628169
1063,6484.861988866916,15.514023896810805,77.88695094362201,6562.748939810538,52.893052188825415,6615.641991999363
1064,6484.767913085035,15.513798835131661,77.70764237448694,6562.475555459521,52.88467086886799,6615.360226328389
1065,6484.673790354179,15.5135736611344,77.52904243465325,6562.202832788832,52.8762876448926,6615.079120433725
1066,6484.579620792667,15.513348375102074,77.35114792985975,6561.930768722526,52.86790243576557,6614.798671158292
1067,6484.485404531265,15.513122977347523,77.17395567391817,6561.6593602051835,52.85951516292652,6614.51887536811
1068,6484.391141713655,15.512897468214486,76.99746248907744,6561.3886042027325,52.85112575032967,6614.239729953062
1069,6484.296832495339,15.512671848074973,76.82166520636983,6561.118497701709,52.842734124386595,6613.961231826096
1070,6484.202477044009,15.512446117330166,76.64656066593919,6560.849037709949,52.83434021391044,6613.68337792386
1071,6484.108075537902,15.512220276406463,76.47214571735249,6560.580221255254,52.82594395006136,6613.406165205316
1072,6484.013628166605,15.511994325757428,76.29841721989473,6560.312045386499,52.81754526629351,6613.129590652793
1073,6483.919135130161,15.511768265861628,76.12537204284818,6560.044507173009,52.80914409830331,6612.853651271313
1074,6483.824596638133,15.511542097220413,75.9530070657567,6559.777603703889,52.80074038397895,6612.578344087869
1075,6483.730012910435,15.511315820359892,75.78131917867513,6559.5113320891105,52.792334063351376,6612.303666152462
1076,6483.635384175714,15.511089435827065,75.61030528240516,6559.245689458119,52.783925078546424,6612.029614536666
1077,6483.5407106723105,15.51086294419213,75.4399622887174,6558.980672961028,52.77551337373821,6611.756186334766
1078,6483.4459926460895,15.510636346043276,75.27028712056072,6558.716279766651,52.76709889510372,6611.483378661755
1079,6483.351230352597,15.510409641991858,75.10127671225936,6558.452507064856,52.7586815907787,6611.211188655635
1080,6483.256424054286,15.510182832665755,74.93292800969792,6558.189352063984,52.75026141081439,6610.9396134747985
1081,6483.1615740216985,15.509955918712198,74.765237970495,6557.9268119921935,52.74183830713565,6610.668650299329
1082,6483.066680532822,15.509728900796224,74.59820356416616,6557.664884096988,52.733412233499934,6610.398296330488
1083,6482.971743872557,15.50950177959942,74.43182177227615,6557.403565644833,52.724983145457294,6610.128548790291
1084,6482.876764333061,15.50927455582072,74.26608958858124,6557.142853921642,52.7165510003115,6609.859404921954
1085,6482.781742212247,15.50904723017284,74.1010040191617,6556.882746231408,52.708115757081856,6609.59086198849
1086,6482.686677815125,15.508819803385467,73.93656208254555,6556.623239897671,52.69967737646603,6609.322917274137
1087,6482.5915714525845,15.508592276202355,73.77276080982291,6556.3643322624075,52.69123582080371,6609.055568083211
1088,6482.496423440904,15.508364649380153,73.60959724475235,6556.106020685656,52.682791054041004,6608.788811739698
1089,6482.401234102433,15.50813692369003,73.44706844385881,6555.848302546291,52.67434304169576,6608.5226455879865
1090,6482.306003764465,15.507909099914986,73.28517147652418,6555.591175240988,52.66589175082335,6608.257066991811
1091,6482.210732759767,15.507681178851117,73.12390342507,6555.334636184837,52.65743714998344,6607.992073334821
1092,6482.115421426162,15.507453161306609,72.9632613848334,6555.078682810996,52.648979209207226,6607.727662020203
1093,6482.020070105509,15.507225048099304,72.80324246423628,6554.823312569745,52.64051789996539,6607.463830469711
1094,6481.924679144464,15.506996840058527,72.64384378484769,6554.568522929311,52.632053195136635,6607.200576124448
1095,6481.829248894786,15.506768538025804,72.48506248144048,6554.314311376227,52.623585068976894,6606.937896445204
1096,6481.733779711151,15.506540142849644,72.32689570204168,6554.060675413193,52.61511349708892,6606.675788910282
1097,6481.638271952863,15.506311655389624,72.16934060797735,6553.80761256084,52.606638456392645,6606.414251017233
1098,6481.542725983192,15.506083076514814,72.01239437391209,6553.555120357104,52.59815992509585,6606.1532802822
1099,6481.4471421687385,15.505854407102245,71.85605418788329,6553.303196356622,52.5896778826655,6605.892874239287
1100,6481.351520879305,15.505625648036615,71.70031725133059,6553.051838130636,52.58119230979949,6605.6330304404355
1101,6481.255862488621,15.505396800212011,71.54518077912046,6552.801043267741,52.572703188398904,6605.37374645614
1102,6481.1601673730165,15.505167864528747,71.39064199956653,6552.550809372583,52.564210501540686,6605.115019874123
1103,6481.0644359122625,15.504938841895365,71.23669815444546,6552.301134066708,52.55571423345083,6604.856848300159
1104,6480.968668488716,15.504709733226592,71.08334649900883,6552.052014987725,52.54721436947796,6604.599229357203
1105,6480.872865487534,15.504480539443861,70.93058430199109,6551.803449789525,52.5387108960674,6604.342160685593
1106,6480.777027296265,15.50425126147432,70.77840884561387,6551.555436141879,52.53020380073556,6604.085639942615
1107,6480.681154305661,15.504021900252777,70.62681742558674,6551.307971731248,52.521693072044904,6603.829664803293
1108,6480.585246908056,15.503792456717838,70.47580735110448,6551.061054259161,52.51317869957916,6603.57423295874
1109,6480.489305498211,15.503562931813903,70.32537594484138,6550.814681443053,52.504660673919005,6603.319342116972
1110,6480.393330473121,15.50333332649072,70.17552054294222,6550.5688510160635,52.496138986618206,6603.064990002682
1111,6480.2973222316705,15.50310364170256,70.0262384950106,6550.3235607266815,52.48761363018001,6602.811174356862
1112,6480.201281175098,15.502873878409327,69.87752716409425,6550.078808339193,52.47908459803398,6602.557892937227
1113,6480.105207705388,15.502644037572699,69.7293839266679,6549.834591632056,52.47055188451325,6602.305143516569
1114,6480.00910222735,15.502414120161124,69.58180617261344,6549.590908399963,52.462015484832065,6602.052923884795
1115,6479.912965146626,15.50218412714504,69.43479130519802,6549.347756451824,52.45347539506376,6601.801231846888
1116,6479.816796870664,15.501954059499196,69.28833674104945,6549.105133611713,52.444931612118985,6601.5500652238325
1117,6479.720597808292,15.501723918201655,69.1424399101297,6548.863037718422,52.436384133724324,6601.299421852146
1118,6479.624368369737,15.50149370423382,68.99709825570638,6548.621466625443,52.427832958401346,6601.049299583844
1119,6479.528108966129,15.501263418579256,68.85230923432205,6548.3804182004515,52.41927808544577,6600.799696285897
1120,6479.43182001019,15.501033062225334,68.70807031576179,6548.1398903259515,52.41071951490716,6600.550609840859
1121,6479.335501915179,15.500802636160714,68.56437898301907,6547.899880898198,52.402157247568795,6600.302038145766
1122,6479.23915509582,15.50057214137756,68.42123273225974,6547.660387828079,52.39359128492792,6600.053979113008
1123,6479.1427799673465,15.50034157886925,68.27862907278472,6547.421409040131,52.38502162917625,6599.806430669308
1124,6479.046376945947,15.500110949631452,68.13656552699084,6547.182942472938,52.37644828318075,6599.559390756119
1125,6478.949946449072,15.499880254662852,67.99503963033041,6546.944986079402,52.36787125046474,6599.312857329866
1126,6478.853488894086,15.499649494961927,67.8540489312695,6546.707537825355,52.359290535189245,6599.066828360544
1127,6478.757004699541,15.499418671530002,67.71359099124474,6546.470595690786,52.35070614213461,6598.82130183292
1128,6478.660494284019,15.499187785368466,67.57366338461895,6546.234157668638,52.34211807668236,6598.57627574532
1129,6478.563958067154,15.49895683748123,67.43426369863577,6545.99822176579,52.33352634479732,6598.331748110587
1130,6478.467396468625,15.49872582887231,67.29538953337288,6545.762786001998,52.32493095300996,6598.087716955009
1131,6478.370809908925,15.498494760547668,67.1570385016944,6545.52784841062,52.31633190839897,6597.844180319019
1132,6478.274198808088,15.498263633512172,67.01920822920226,6545.29340703729,52.307729218574146,6597.601136255865
1133,6478.177563587586,15.498032448774127,66.88189635418661,6545.059459941772,52.29912289165931,6597.358582833431
1134,6478.080904667508,15.497801207338535,66.74510052757529,6544.826005195083,52.29051293627562,6597.116518131358
1135,6477.984222469882,15.497569910215029,66.60881841288251,6544.593040882764,52.28189936152501,6596.874940244289
1136,6477.887517415438,15.497338558410139,66.47304768615682,6544.360565101595,52.27328217697378,6596.633847278569
1137,6477.790789925717,15.497107152932337,66.33778603592815,6544.128575961645,52.26466139263651,6596.393237354281
1138,6477.694040422042,15.496875694789574,66.20303116315444,6543.8970715851965,52.25603701896005,6596.153108604157
1139,6477.5972693254425,15.496644184989098,66.06878078116713,6543.66605010661,52.24740906680769,6595.913459173417
1140,6477.500477057466,15.496412624539392,65.9350326156167,6543.435509673082,52.238777547443604,6595.674287220526
1141,6477.403664039148,15.496181014447721,65.80178440441692,6543.205448443565,52.230142472517365,6595.435590916082
1142,6477.306830691386,15.495949355721018,65.66903389768905,6542.975864589074,52.22150385404868,6595.197368443123
1143,6477.209977434823,15.495717649365604,65.53677885770546,6542.746756292528,52.21286170441228,6594.95961799694
1144,6477.113104690026,15.495485896387622,65.40501705883247,6542.518121748859,52.20421603632305,6594.722337785182
1145,6477.016212877439,15.495254097792916,65.27374628747309,6542.289959164912,52.19556686282104,6594.485526027733
1146,6476.919302416556,15.495022254585063,65.14296434200926,6542.062266758566,52.18691419725707,6594.249180955823
1147,6476.82237372718,15.494790367768374,65.01266903274357,6541.835042759923,52.17825805327807,6594.013300813202
1148,6476.725427228418,15.494558438345498,64.8828581818407,6541.608285410259,52.16959844481282,6593.777883855071
1149,6476.628463339118,15.494326467318464,64.75352962326869,6541.381992962387,52.16093538605773,6593.542928348445
1150,6476.531482477293,15.494094455687303,64.6246812027397,6541.1561636800325,52.15226889146281,6593.308432571495
1151,6476.434485061195,15.49386240445262,64.49631077765042,6540.930795838845,52.1435989757178,6593.074394814563
1152,6476.33747150782,15.493630314612009,64.36841621702268,6540.705887724843,52.13492565373831,6592.8408133785815
1153,6476.2404422339005,15.493398187162441,64.24099540144324,6540.481437635343,52.12624894065226,6592.607686575996
1154,6476.143397655739,15.493166023099855,64.11404622300384,6540.257443878743,52.11756885178639,6592.375012730529
1155,6476.046338188968,15.492933823418582,63.98756658524078,6540.033904774208,52.108885402652874,6592.142790176861
1156,6475.949264248553,15.492701589111372,63.86155440307452,6539.810818651627,52.10019860893608,6591.911017260563
1157,6475.852176248709,15.49246932116916,63.73600760274904,6539.588183851458,52.09150848647948,6591.679692337937
1158,6475.755074603181,15.492237020581774,63.610924121771035,6539.365998724952,52.08281505127273,6591.448813776225
1159,6475.657959724862,15.49200468833699,63.48630190884913,6539.144261633711,52.07411831943871,6591.218379953149
1160,6475.560832026317,15.491772325421811,63.36213892383289,6538.922970950151,52.06541830722092,6590.988389257372
1161,6475.463691918773,15.491539932820032,63.23843313765185,6538.702125056425,52.05671503097079,6590.758840087396
1162,6475.366539812911,15.49130751151414,63.11518253225444,6538.481722345165,52.04800850713529,6590.5297308522995
1163,6475.269376118844,15.491075062485272,62.99238510054679,6538.261761219391,52.0392987522445,6590.301059971635
1164,6475.172201245588,15.490842586711935,62.870038846331695,6538.042240091921,52.030585782899415,6590.07282587482
1165,6475.075015601747,15.490610085171642,62.74814178424737,6537.823157385994,52.021869615759826,6589.845027001754
1166,6474.977819594519,15.490377558838562,62.62669193970639,6537.604511534226,52.013150267532275,6589.617661801758
1167,6474.880613630805,15.490145008686136,62.50568734883443,6537.38630097964,52.004427754958215,6589.390728734597
1168,6474.783398116081,15.489912435684404,62.38512605840928,6537.168524174491,51.995702094802255,6589.164226269293
1169,6474.686173455405,15.489679840802404,62.265006125799694,6536.951179581205,51.986973303840436,6588.938152885045
1170,6474.588940052759,15.489447225006602,62.14532561890436,6536.734265671664,51.97824139884871,6588.712507070512
1171,6474.491698311149,15.489214589261122,62.026082616091,6536.51778092724,51.969506396591484,6588.487287323832
1172,6474.394448632586,15.488981934527718,61.90727520613536,6536.301723838722,51.96076831381036,6588.262492152532
1173,6474.297191418252,15.488749261766152,61.78890148816058,6536.086092906412,51.95202716721283,6588.038120073625
1174,6474.199927068316,15.488516571933772,61.67095957157624,6535.870886639893,51.943282973461194,6587.814169613354
1175,6474.102655982022,15.488283865985698,61.55344757601799,6535.65610355804,51.934535749161526,6587.590639307201
1176,6474.005378557572,15.488051144874573,61.43636363128682,6535.441742188858,51.92578551085282,6587.367527699711
1177,6473.908095192087,15.487818409550448,61.31970587728878,6535.227801069375,51.91703227499613,6587.144833344371
1178,6473.810806281631,15.487585660960839,61.20347246397476,6535.014278745605,51.90827605796393,6586.922554803569
1179,6473.7135122215095,15.487352900051459,61.0876615512802,6534.801173772789,51.89951687602943,6586.700690648819
1180,6473.61621340562,15.487120127764642,60.97227130906525,6534.588484714685,51.89075474535616,6586.479239460042
1181,6473.518910227278,15.486887345041335,60.85729991705486,6534.376210144333,51.881989681987555,6586.25819982632
1182,6473.421603078405,15.48665455281915,60.7427455647791,6534.164348643184,51.87322170183661,6586.037570345021
1183,6473.324292349426,15.48642175203212,60.62860645151365,6533.95289880094,51.86445082067577,6585.817349621616
1184,6473.226978430801,15.486188943614357,60.51488078622043,6533.741859217022,51.855677054126716,6585.597536271148
1185,6473.129661710916,15.485956128495014,60.40156678748844,6533.531228498404,51.84690041765044,6585.378128916054
1186,6473.032342577442,15.485723307601537,60.28866268347474,6533.321005260917,51.838120926537314,6585.159126187455
1187,6472.935021416792,15.485490481858353,60.17616671184565,6533.111188128637,51.82933859589731,6584.940526724535
1188,6472.83769861447,15.485257652187729,60.064077119718135,6532.901775734188,51.82055344065019,6584.722329174838
1189,6472.740374554618,15.485024819508656,59.95239216360137,6532.692766718219,51.81176547551602,6584.504532193735
1190,6472.64304962045,15.48479198473792,59.84111010933858,6532.484159729789,51.8029747150055,6584.287134444795
1191,6472.545724194035,15.484559148789558,59.73022923204891,6532.275953426084,51.794181173410635,6584.070134599495
1192,6472.448398655914,15.484326312573957,59.61974781606973,6532.068146471984,51.78538486479533,6583.853531336779
1193,6472.351073386066,15.484093477000158,59.50966415489903,6531.860737540965,51.776585802986176,6583.637323343951
1194,6472.253748762936,15.483860642973532,59.39997655113799,6531.653725314074,51.76778400156329,6583.421509315637
1195,6472.156425163737,15.4836278113965,59.29068331643399,6531.447108480172,51.75897947385124,6583.206087954023
1196,6472.059102964871,15.483394983169548,59.18178277142346,6531.240885736294,51.75017223291007,6582.991057969204
1197,6471.96178254106,15.483162159189138,59.073273245675466,6531.035055786735,51.7413622915264,6582.7764180782615
1198,6471.864464266387,15.482929340350207,58.965153077635044,6530.829617344022,51.73254966220472,6582.562167006226
1199,6471.767148513352,15.482696527543904,58.85742061456718,6530.624569127919,51.72373435715857,6582.348303485078
1200,6471.669835653253,15.482463721658501,58.75007421250068,6530.419909865754,51.714916388302,6582.134826254056
1201,6471.572526056674,15.48223092358056,58.643112236172584,6530.215638292847,51.70609576724107,6581.921734060088
1202,6471.475220092569,15.481998134192748,58.536533058972594,6530.011753151542,51.69727250526533,6581.709025656807
1203,6471.37791812834,15.48176535437402,58.43033506288795,6529.808253191228,51.688446613339565,6581.4966998045675
1204,6471.280620531206,15.481532585002887,58.32451663844836,6529.605137169655,51.67961810209551,6581.28475527175
1205,6471.183327666205,15.481299826952643,58.219076184671366,6529.402403850876,51.67078698182367,6581.0731908327
1206,6471.086039897649,15.481067081094855,58.11401210900787,6529.200052006657,51.66195326246524,6580.862005269122
1207,6470.9887575884295,15.480834348297678,58.00932282728788,6528.998080415718,51.65311695360417,6580.651197369321
1208,6470.891481100529,15.480601629427102,57.90500676366666,6528.796487864195,51.64427806445921,6580.440765928654
1209,6470.794210793988,15.480368925344468,57.80106235057106,6528.595273144559,51.63543660387608,6580.2307097484345
1210,6470.6969470287495,15.480136236910884,57.69748802864602,6528.394435057396,51.626592580319816,6580.021027637716
1211,6470.599690162717,15.479903564982576,57.59428224670154,6528.193972409418,51.61774600186702,6579.811718411285
1212,6470.502440552309,15.479670910412223,57.49144346165974,6527.993884013968,51.60889687619846,6579.602780890167
1213,6470.405198553475,15.479438274051375,57.38897013850236,6527.794168691978,51.60004521059138,6579.394213902569
1214,6470.307964520653,15.479205656747972,57.2868607502183,6527.594825270871,51.59119101191236,6579.186016282783
1215,6470.210738806658,15.478973059346071,57.185113777751724,6527.39585258441,51.582334286609814,6578.97818687102
1216,6470.113521763871,15.478740482688687,57.08372770995015,6527.197249473821,51.573475040706924,6578.770724514528
1217,6470.016313742568,15.4785079276138,56.98270104351303,6526.999014786081,51.56461327979439,6578.5636280658755
1218,6469.919115092411,15.47827539495792,56.88203228294056,6526.801147375351,51.55574900902346,6578.3568963843745
1219,6469.821926161421,15.47804288555364,56.78171994048266,6526.603646101904,51.54688223309893,6578.1505283350025
1220,6469.724747296224,15.477810400230203,56.68176253608834,6526.406509832313,51.53801295627231,6577.944522788585
1221,6469.627578843294,15.477577939816493,56.5821585973554,6526.209737440649,51.52914118233496,6577.738878622984
1222,6469.530421146477,15.477345505135114,56.48290665948015,6526.0133278059575,51.52026691461142,6577.5335947205685
1223,6469.433274549027,15.477113097007242,56.3840052652078,6525.817279814235,51.511390155952746,6577.328669970188
1224,6469.336139393318,15.476880716251957,56.28545296478278,6525.621592358101,51.50251090873,6577.124103266831
1225,6469.23901601957,15.476648363683182,56.187248315899524,6525.42626433547,51.493629174827774,6576.919893510298
1226,6469.141904767526,15.4764160401137,56.08938988365357,6525.23129465118,51.484744955637716,6576.7160396068175
1227,6469.0448059750815,15.47618374635187,55.99187624049276,6525.036682215575,51.47585825205233,6576.512540467627
1228,6468.947719979667,15.475951483204947,55.89470596616892,6524.842425945836,51.46696906445871,6576.309395010295
1229,6468.850647116819,15.475719251475644,55.79787764768972,6524.648524764509,51.45807739273237,6576.1066021572415
1230,6468.753587720863,15.475487051963787,55.70138987927084,6524.454977600134,51.44918323623121,6575.904160836365
1231,6468.656542125291,15.475254885467203,55.605241262288445,6524.261783387579,51.44028659378941,6575.702069981368
1232,6468.559510662162,15.475022752780292,55.509430405231875,6524.068941067394,51.431387463711715,6575.500328531106
1233,6468.46249366172,15.47479065469311,55.41395592365676,6523.876449585377,51.422485843767404,6575.298935429144
1234,6468.365491453953,15.474558591995102,55.31881644013822,6523.684307894091,51.413581731184664,6575.0978896252755
1235,6468.26850436714,15.474326565471626,55.22401058422454,6523.492514951365,51.404675122644804,6574.89719007401
1236,6468.171532728178,15.474094575904733,55.12953699239107,6523.301069720569,51.39576601427673,6574.696835734846
1237,6468.074576862646,15.473862624073314,55.035394307994274,6523.10997117064,51.38685440165137,6574.4968255722915
1238,6467.977637095482,15.473630710754742,54.94158118122633,6522.919218276708,51.37794027977619,6574.297158556485
1239,6467.880713749848,15.473398836722124,54.848096269069785,6522.728810018918,51.3690236430899,6574.097833662008
1240,6467.783807147525,15.473167002745276,54.75493823525256,6522.538745382778,51.36010448545704,6573.898849868235
1241,6467.6869176098435,15.472935209592928,54.662105750203345,6522.349023360047,51.351182800162846,6573.70020616021
1242,6467.590045456191,15.472703458029164,54.5695974910071,6522.159642947197,51.34225857990799,6573.5019015271055
1243,6467.4931910047735,15.472471748815247,54.47741214136101,6521.970603146135,51.33333181680356,6573.303934962938
1244,6467.3963545728875,15.472240082710258,54.385548391530556,6521.781902964418,51.324402502365984,6573.106305466784
1245,6467.299536476612,15.472008460470363,54.29400493830606,6521.593541414918,51.315470627512184,6572.90901204243
1246,6467.202737030452,15.471776882847973,54.202780484959305,6521.405517515412,51.30653618255455,6572.712053697966
1247,6467.105956547689,15.471545350592557,54.11187374120068,6521.21783028889,51.297599157196274,6572.515429446086
1248,6467.00919534081,15.471313864451698,54.02128342313632,6521.030478763946,51.288659540526524,6572.319138304472
1249,6466.9124537206735,15.471082425169076,53.931008253225755,6520.843461973899,51.27971732101584,6572.123179294915
1250,6466.815731997271,15.470851033486293,53.841046960239815,6520.65677895751,51.27077248651142,6571.927551444021
1251,6466.719030478856,15.470619690140804,53.751398279218634,6520.470428758075,51.26182502423278,6571.732253782308
1252,6466.62234947312,15.470388395868708,53.66206095143018,6520.2844104245505,51.252874920767056,6571.537285345317
1253,6466.525689285845,15.470157151401544,53.57303372432887,6520.098723010174,51.243922162064806,6571.342645172239
1254,6466.429050222223,15.469925957469433,53.48431535151461,6519.913365573738,51.234966733435556,6571.148332307173
1255,6466.33243258589,15.46969481479878,53.395904592691934,6519.7283371785825,51.226008619543556,6570.954345798126
1256,6466.235836679198,15.469463724112913,53.307800213629676,6519.543636892828,51.21704780440362,6570.760684697231
1257,6466.139262803839,15.469232686133587,53.22000098612062,6519.35926378996,51.20808427137692,6570.567348061337
1258,6466.042711259487,15.46900170157772,53.13250568794168,6519.175216947428,51.19911800316695,6570.374334950596
1259,6465.946182344971,15.468770771160218,53.04531310281419,6518.991495447785,51.1901489818155,6570.181644429601
1260,6465.849676358577,15.468539895594683,52.958422020364544,6518.808098378941,51.181177188698655,6569.98927556764
1261,6465.753193595883,15.468309075588238,52.871831236085136,6518.625024831968,51.172202604522944,6569.797227436491
1262,6465.656734352736,15.46807831184865,52.785539551295415,6518.442273904031,51.163225209321574,6569.605499113352
1263,6465.560298923581,15.467847605080339,52.69954577310341,6518.259844696685,51.15424498245049,6569.414089679135
1264,6465.463887600545,15.467616955982164,52.61384871436745,6518.077736314912,51.14526190258481,6569.222998217497
1265,6465.367500675724,15.467386365252928,52.528447193658074,6517.895947869382,51.13627594771502,6569.0322238170975
1266,6465.271138439708,15.467155833587817,52.443340035220274,6517.714478474928,51.12728709514357,6568.841765570071
1267,6465.174801181775,15.46692536167889,52.35852606893607,6517.533327250711,51.11829532148111,6568.6516225721925
1268,6465.078489189915,15.466694950215107,52.27400413028725,6517.352493320202,51.10930060264312,6568.461793922845
1269,6464.982202751422,15.466464599883784,52.18977306031836,6517.171975811741,51.10030291384646,6568.272278725587
1270,6464.885942151834,15.466234311368023,52.10583170560008,6516.991773857434,51.09130222960596,6568.08307608704
1271,6464.789707676076,15.466004085349466,52.022178918192765,6516.811886594269,51.0822985237311,6567.894185118
1272,6464.693499607247,15.465773922505376,51.938813555610245,6516.632313162857,51.0732917693227,6567.70560493218
1273,6464.597318228061,15.465543823512109,51.85573448078394,6516.4530527088455,51.064281938769774,6567.517334647615
1274,6464.501163819252,15.465313789041272,51.772940562027195,6516.274104381279,51.05526900374625,6567.329373385026
1275,6464.4050366610745,15.465083819763336,51.69043067299989,6516.095467334075,51.04625293520791,6567.141720269283
1276,6464.308937032254,15.464853916345106,51.60820369267331,6515.917140724928,51.03723370338927,6566.954374428317
1277,6464.212865210536,15.464624079451042,51.52625850529519,6515.739123715831,51.02821127780057,6566.767334993631
1278,6464.1168214722475,15.464394309742218,51.444594000355195,6515.561415472603,51.01918562722476,6566.580601099828
1279,6464.020806092816,15.464164607877551,51.36320907255047,6515.384015165367,51.01015671971459,6566.394171885081
1280,6463.924819346621,15.463934974513448,51.282102621751505,6515.206921968373,51.00112452258968,6566.208046490962
1281,6463.828861506423,15.463705410302447,51.20127355296833,6515.030135059391,50.992089002433715,6566.022224061825
1282,6463.7329328442875,15.463475915895424,51.120720776316816,6514.853653620604,50.983050125091594,6565.836703745696
1283,6463.637033631327,15.463246491940973,51.04044320698533,6514.677476838312,50.97400785566664,6565.651484693979
1284,6463.541164136574,15.463017139082712,50.96043976520163,6514.5016039017755,50.96496215851797,6565.466566060293
1285,6463.445324629035,15.462787857964198,50.88070937619988,6514.326034005235,50.955912997257684,6565.281947002492
1286,6463.349515375512,15.462558649223713,50.801250970188164,6514.1507663457005,50.94686033474832,6565.097626680449
1287,6463.253736643072,15.462329513500173,50.722063482315946,6513.975800125389,50.93780413310019,6564.913604258489
1288,6463.157988696143,15.462100451426178,50.64314585264199,6513.801134548785,50.92874435366884,6564.7298789024535
1289,6463.062271799194,15.461871463634434,50.564497026102416,6513.6267688252965,50.91968095705248,6564.546449782349
1290,6462.9665862149,15.46164255075335,50.48611595247907,6513.452702167379,50.910613903089526,6564.3633160704685
1291,6462.870932205165,15.461413713409486,50.40800158636798,6513.278933791534,50.901543150856114,6564.18047694239
1292,6462.775310030542,15.461184952226176,50.33015288714823,6513.10546291769,50.892468658663674,6563.997931576353
1293,6462.679719950638,15.460956267824493,50.25256881895103,6512.932288769589,50.88339038405654,6563.815679153646
1294,6462.584162223855,15.46072766082262,50.17524835062887,6512.759410574484,50.874308283809555,6563.633718858293
1295,6462.48863710766,15.460499131836507,50.0981904557251,6512.586827563385,50.865222313925784,6563.452049877311
1296,6462.39314485831,15.46027068147921,50.02139411244361,6512.414538970754,50.856132429634165,6563.270671400388
1297,6462.297685730997,15.460042310361237,49.94485830361883,6512.242544034616,50.84703858538725,6563.089582620003
1298,6462.202259979551,15.459814019089835,49.86858201668586,6512.070841996237,50.83794073485899,6562.908782731096
1299,6462.106867857246,15.459585808270923,49.792564243650936,6511.899432100897,50.82883883094246,6562.728270931839
1300,6462.0115096158825,15.459357678506896,49.716803981062,6511.728313596945,50.81973282574766,6562.548046422692
1301,6461.916185506041,15.459129630397227,49.641300229979635,6511.557485736021,50.8106226705994,6562.36810840662
1302,6461.820895777849,15.458901664540308,49.56605199594807,6511.386947773797,50.80150831603513,6562.1884560898325
1303,6461.72564067987,15.45867378153079,49.491058288966556,6511.216698968837,50.7923897118028,6562.009088680639
1304,6461.63042045945,15.458445981960406,49.41631812346078,6511.046738582911,50.78326680685874,6561.830005389769
1305,6461.535235363213,15.45821826641917,49.341830518254724,6510.877065881468,50.774139549365636,6561.651205430834
1306,6461.440085636834,15.457990635494818,49.26759449654255,6510.707680133376,50.765007886690434,6561.472688020066
1307,6461.344971524542,15.457763089771632,49.19360908586077,6510.538580610403,50.75587176540231,6561.294452375805
1308,6461.249893269588,15.45753562983155,49.119873318060634,6510.369766587649,50.746731131270614,6561.116497718919
1309,6461.154851114601,15.457308256255027,49.04638622928073,6510.201237343882,50.73758592926293,6560.938823273145
1310,6461.059845300339,15.457080969618035,48.97314685991981,6510.032992160259,50.72843610354299,6560.7614282638015
1311,6460.96487606711,15.456853770495478,48.90015425460976,6509.865030321719,50.71928159746877,6560.584311919188
1312,6460.86994365429,15.456626659460024,48.82740746218879,6509.697351116479,50.710122353590535,6560.407473470069
1313,6460.775048299889,15.456399637081073,48.754905535674986,6509.529953835564,50.7009583136488,6560.230912149213
1314,6460.680190240715,15.456172703925155,48.6826475322398,6509.362837772955,50.69178941857249,6560.054627191527
1315,6460.585369713162,15.455945860557804,48.61063251318198,6509.196002226345,50.68261560847698,6559.878617834822
1316,6460.490586951921,15.45571910754048,48.53885954390152,6509.029446495822,50.67343682266214,6559.702883318485
1317,6460.395842191119,15.4554924454333,48.467327693874005,6508.863169884993,50.6642529996105,6559.527422884604
1318,6460.301135663656,15.455265874793437,48.3960360366249,6508.697171700281,50.65506407698524,6559.352235777266
1319,6460.206467601336,15.455039396175446,48.32498364970435,6508.53145125104,50.645869991628444,6559.177321242669
1320,6460.111838235258,15.454813010132195,48.254169614661805,6508.36600784992,50.636670679559096,6559.0026785294785
1321,6460.017247795235,15.45458671721348,48.18359301702123,6508.200840812256,50.627466075971185,6558.8283068882265
1322,6459.922696510228,15.454360517967052,48.11325294625619,6508.035949456485,50.61825611523193,6558.654205571716
1323,6459.828184607715,15.454134412937117,48.043148495765294,6507.8713331034805,50.609040730879826,6558.480373834361
1324,6459.733712315253,15.45390840266807,47.97327876284779,6507.706991078101,50.59981985562279,6558.306810933724
1325,6459.639279858093,15.453682487698787,47.903642848679326,6507.5429227067725,50.590593421336266,6558.133516128109
1326,6459.544887461683,15.45345666856862,47.83423985828791,6507.379127319971,50.58136135906137,6557.960488679033
1327,6459.450535349536,15.453230945812287,47.765068900530096,6507.2156042500665,50.572123599003,6557.78772784907
1328,6459.356223744443,15.453005319962783,47.69612908806729,6507.05235283251,50.562880070527996,6557.615232903038
1329,6459.261952868672,15.452779791551846,47.62741953734226,6506.889372406014,50.55363070216322,6557.443003108177
1330,6459.167722942961,15.45255436110756,47.55893936855584,6506.7266623115165,50.54437542159366,6557.2710377331105
1331,6459.073534187295,15.452329029156209,47.490687705643765,6506.564221892939,50.53511415566058,6557.099336048599
1332,6458.979386820895,15.452103796222238,47.422663676253805,6506.4020504971495,50.5258468303596,6556.9278973275095
1333,6458.885281061367,15.451878662826237,47.35486641172293,6506.2401474730905,50.5165733708388,6556.7567208439295
1334,6458.791217126172,15.451653629488451,47.287295047054705,6506.078512173227,50.50729370139678,6556.5858058746235
1335,6458.697195231059,15.45142869672502,47.21994872089689,6505.917143951956,50.49800774548079,6556.415151697437
1336,6458.603215591733,15.451203865051992,47.152826575519164,6505.756042167252,50.48871542568475,6556.244757592937
1337,6458.509278421911,15.45097913498065,47.08592775679105,6505.595206178702,50.479416663747315,6556.07462284245
1338,6458.415383934957,15.45075450702143,47.01925141415999,6505.434635349117,50.47011138054997,6555.904746729668
1339,6458.321532342956,15.450529981681713,46.95279670062962,6505.274329043586,50.46079949611497,6555.735128539701
1340,6458.227723857777,15.450305559468367,46.88656277273813,6505.114286630515,50.45148092960347,6555.565767560119
1341,6458.133958689481,15.450081240883925,46.820548790536876,6504.954507480018,50.44215559931342,6555.396663079331
1342,6458.040237047482,15.449857026429383,46.75475391756916,6504.7949909650515,50.43282342267766,6555.227814387729
1343,6457.946559140916,15.449632916605063,46.68917732084904,6504.635736461765,50.42348431626177,6555.059220778027
1344,6457.85292517673,15.449408911906053,46.62381817084044,6504.476743347571,50.414138195762135,6554.890881543333
1345,6457.7593353618695,15.449185012827439,46.558675641436366,6504.318011003306,50.40478497600383,6554.72279597931
1346,6457.665789902501,15.448961219862444,46.4937489099383,6504.15953881244,50.395424570938516,6554.554963383378
1347,6457.572289003193,15.448737533500461,46.42903715703569,6504.001326160229,50.38605689364236,6554.387383053871
1348,6457.478832867777,15.448513954229131,46.364539566785616,6503.843372434562,50.37668185631394,6554.220054290876
1349,6457.385421699719,15.448290482535212,46.30025532659271,6503.685677026311,50.367299370271986,6554.052976396583
1350,6457.292055700998,15.44806711890191,46.23618362718905,6503.528239328188,50.35790934595337,6553.886148674141
1351,6457.198735072901,15.44784386381077,46.17232366261433,6503.371058735515,50.34851169291076,6553.719570428426
1352,6457.105460015998,15.447620717741621,46.10867463019617,6503.214134646194,50.3391063198105,6553.5532409660045
1353,6457.012230729475,15.447397681170992,46.0452357305305,6503.057466460005,50.32969313443029,6553.387159594436
1354,6456.919047412249,15.447174754574759,45.98200616746211,6502.901053579711,50.320272043656956,6553.221325623367
1355,6456.825910262209,15.446951938426336,45.91898514806544,6502.744895410274,50.31084295348414,6553.055738363758
1356,6456.732819475741,15.446729233195553,45.856171882625375,6502.588991358366,50.30140576900993,6552.890397127376
1357,6456.639775249428,15.446506639352698,45.79356558461826,6502.433340834046,50.2919603944346,6552.725301228481
1358,6456.546777777912,15.446284157363426,45.73116547069307,6502.277943248605,50.28250673305808,6552.560449981663
1359,6456.453827255957,15.446061787693676,45.668970760652634,6502.1227980166095,50.27304468727767,6552.395842703887
1360,6456.360923876513,15.445839530805054,45.60698067743505,6501.967904553948,50.26357415858547,6552.231478712533
1361,6456.268067832577,15.445617387159276,45.54519444709526,6501.813262279672,50.25409504756596,6552.067357327238
1362,6456.175259315671,15.445395357214522,45.483611298786705,6501.658870614458,50.24460725389349,6551.903477868351
1363,6456.0824985169165,15.44517344142803,45.42223046474316,6501.504728981659,50.23511067632967,6551.739839657989
1364,6455.989785626183,15.444951640254027,45.36105118026062,6501.350836806444,50.225605212720794,6551.5764420191645
1365,6455.897120832704,15.444729954145224,45.300072683679446,6501.197193516384,50.21609075999527,6551.413284276379
1366,6455.804504325094,15.444508383552856,45.239294216366474,6501.04379854146,50.206567214160856,6551.250365755621
1367,6455.711936290647,15.444286928924992,45.17871502269746,6500.890651313344,50.19703447030207,6551.0876857836465
1368,6455.619416916239,15.444065590708705,45.11833435003936,6500.737751266279,50.187492422577336,6550.925243688856
1369,6455.526946388061,15.44384436934943,45.058151448733085,6500.585097836794,50.17794096421628,6550.76303880101
1370,6455.434524891038,15.443623265289563,44.998165572076054,6500.432690463113,50.168379987516886,6550.601070450631
1371,6455.342152609499,15.443402278970094,44.9383759763051,6500.280528585804,50.15880938384262,6550.439337969647
1372,6455.249829727076,15.443181410830325,44.87878192057934,6500.128611647655,50.14922904361954,6550.277840691275
1373,6455.157556426359,15.44296066130708,44.819382666963286,6499.9769390933225,50.13963885633335,6550.116577949656
1374,6455.0653328897315,15.442740030836678,44.760177480409986,6499.825510370141,50.13003871052638,6549.955549080668
1375,6454.97315929789,15.44251951985141,44.7011656287443,6499.674324926634,50.12042849379459,6549.794753420429
1376,6454.88103583179,15.442299128784185,44.64234638264632,6499.5233822144355,50.11080809278447,6549.63419030722
1377,6454.788962670381,15.442078858063113,44.58371901563492,6499.372681686016,50.1011773931899,6549.473859079206
1378,6454.696939993125,15.441858708117524,44.52528280405127,6499.222222797176,50.091536279749015,6549.313759076925
1379,6454.604967977872,15.441638679372899,44.4670370270427,6499.072005004914,50.081884636240936,6549.153889641155
1380,6454.513046802,15.441418772253588,44.4089809665465,6498.922027768546,50.07222234548252,6548.994250114029
1381,6454.421176642196,15.441198987182286,44.35111390727382,6498.772290549469,50.06254928932509,6548.834839838794
1382,6454.329357674353,15.440979324579791,44.293435136693795,6498.622792811047,50.052865348650954,6548.675658159697
1383,6454.237590073373,15.440759784864529,44.23594394501772,6498.473534018391,50.04317040337009,6548.516704421761
1384,6454.145874013968,15.440540368454469,44.17863962518325,6498.3245136391515,50.033464332416635,6548.357977971568
1385,6454.054209669481,15.440321075764308,44.12152147283883,6498.17573114232,50.02374701374537,6548.199478156065
1386,6453.962597212985,15.4401019072081,44.06458878632815,6498.027185999314,50.01401832432815,6548.041204323642
1387,6453.871036816707,15.439882863197862,44.00784086667473,6497.878877683382,50.00427814015025,6547.8831558235315
1388,6453.779528652112,15.43966394414381,43.951277017566625,6497.730805669679,49.99452633620672,6547.725332005886
1389,6453.688072889996,15.439445150454535,43.89489654534107,6497.582969435337,49.984762786498635,6547.567732221835
1390,6453.596669700499,15.439226482537078,43.83869875896955,6497.435368459468,49.97498736402932,6547.410355823497
1391,6453.505319253012,15.43900794079668,43.78268297004254,6497.288002223055,49.96519994080043,6547.253202163855
1392,6453.414021716223,15.438789525636897,43.72684849275478,6497.1408702089775,49.955400387808155,6547.096270596786
1393,6453.322777258053,15.438571237459458,43.67119464389026,6496.993971901943,49.9455885750392,6546.9395604769825
1394,6453.231586046061,15.438353076665218,43.61572074280755,6496.847306788869,49.93576437146673,6546.783071160336
1395,6453.140448246686,15.438135043652359,43.560426111425116,6496.700874358111,49.9259276450464,6546.6268020031575
1396,6453.049364026261,15.437917138818806,43.50531007420672,6496.554674100468,49.91607826271206,6546.4707523631805
1397,6452.958333550136,15.437699362560133,43.45037195814701,6496.408705508283,49.90621609037174,6546.314921598654
1398,6452.867356982393,15.437481715268882,43.395611092756994,6496.26296807515,49.89634099290323,6546.159309068053
1399,6452.776434487894,15.43726419733946,43.34102681004986,6496.117461297944,49.88645283414984,6546.003914132094
1400,6452.685566229481,15.437046809161439,43.286618444526646,6495.972184674008,49.87655147691604,6545.848736150923
1401,6452.594752370236,15.436829551124967,43.232385333162135,6495.827137703398,49.86663678296296,6545.693774486361
1402,6452.503993072232,15.436612423617781,43.17832681539082,6495.682319887623,49.85670861300391,6545.539028500627
1403,6452.41328849688,15.43639542702603,43.124442233092864,6495.537730729973,49.846766826699806,6545.384497556673
1404,6452.322638805194,15.436178561734915,43.07073093058026,6495.393369735774,49.83681128265454,6545.230181018429
1405,6452.2320441576485,15.435961828128345,43.01719225458296,6495.249236412232,49.826841838410274,6545.076078250642
1406,6452.14150471353,15.435745226587391,42.96382555423517,6495.105330267765,49.81685835044265,6544.922188618208
1407,6452.051020632401,15.435528757493781,42.91063018106169,6494.961650813462,49.80686067415604,6544.7685114876185
1408,6451.9605920724,15.435312421225836,42.857605488964275,6494.818197561364,49.79684866387855,6544.615046225243
1409,6451.870219191575,15.435096218161664,42.804750834208185,6494.674970025783,49.78682217285706,6544.46179219864
1410,6451.779902147545,15.434880148678337,42.752065575408665,6494.531967722954,49.77678105325231,6544.308748776206
1411,6451.689641096626,15.434664213149821,42.6995490735177,6494.389190170144,49.76672515613363,6544.155915326277
1412,6451.599436195441,15.434448411950815,42.64720069181059,6494.246636887251,49.7566543314739,6544.003291218725
1413,6451.509287599316,15.43423274545291,42.59501979587284,6494.104307395189,49.74656842814424,6543.850875823333
1414,6451.419195463926,15.434017214028533,42.54300575358688,6493.962201217513,49.73646729390877,6543.698668511422
1415,6451.329159943355,15.433801818046303,42.49115793511913,6493.820317878474,49.72635077541909,6543.546668653893
1416,6451.239181191813,15.43358655787515,42.43947571290687,6493.67865690472,49.716218718208985,6543.394875622929
1417,6451.149259362757,15.433371433882193,42.38795846164532,6493.537217824402,49.70607096668881,6543.243288791091
1418,6451.059394609248,15.433156446433607,42.33660555827477,6493.396000167522,49.6959073641399,6543.091907531662
1419,6450.969587083803,15.432941595894265,42.28541638196775,6493.255003465771,49.68572775270895,6542.940731218479
1420,6450.87983693841,15.432726882627776,42.23439031411629,6493.114227252527,49.6755319734022,6542.789759225929
1421,6450.790144324478,15.43251230699636,42.183526738319216,6492.973671062798,49.66531986607969,6542.638990928877
1422,6450.700509393113,15.432297869361514,42.132825040369475,6492.833334433482,49.655091269449315,6542.488425702932
1423,6450.610932294763,15.432083570083165,42.08228460824167,6492.693216903005,49.6448460210609,6542.338062924066
1424,6450.521413179329,15.431869409519926,42.03190483207944,6492.553318011409,49.63458395730011,6542.187901968709
1425,6450.431952196735,15.431655388030467,41.98168510418307,6492.413637300919,49.624304913382446,6542.037942214301
1426,6450.342549495892,15.431441505971033,41.931624818997086,6492.274174314889,49.61400872334688,6541.888183038236
1427,6450.2532052253655,15.431227763697047,41.881723373097905,6492.134928598463,49.60369522004973,6541.738623818513
1428,6450.1639195337875,15.431014161564084,41.83198016518158,6491.995899698969,49.59336423515829,6541.589263934127
1429,6450.074692568335,15.430800699924246,41.78239459605153,6491.857087164387,49.583015599144325,6541.440102763531
1430,6449.985524476615,15.430587379130658,41.732966068606444,6491.718490545221,49.572649141277665,6541.291139686499
1431,6449.896415405871,15.430374199535578,41.68369398782807,6491.5801093937,49.56226468961959,6541.14237408332
1432,6449.807365502076,15.43016116148822,41.63457776076926,6491.441943262846,49.55186207101616,6540.993805333862
1433,6449.71837491214,15.429948265340046,41.585616796541835,6491.303991708682,49.54144111109149,6540.845432819773
1434,6449.629443780939,15.429735511437654,41.53681050630471,6491.166254287244,49.53100163424095,6540.697255921485
1435,6449.540572254262,15.429522900129813,41.48815830325195,6491.028730557514,49.520543463624236,6540.549274021138
1436,6449.451760477195,15.429310431763625,41.4396596026009,6490.891420079796,49.51006642115843,6540.401486500955
1437,6449.3630085939685,15.429098106684135,41.391313821580376,6490.754322415549,49.49957032751089,6540.25389274306
1438,6449.274316749216,15.42888592523736,41.34312037941892,6490.617437128635,49.48905500209218,6540.106492130727
1439,6449.185685086271,15.4286738877662,41.295078697333025,6490.480763783605,49.47852026304878,6539.959284046654
1440,6449.097113749376,15.428461994615732,41.24718819851551,6490.344301947892,49.46796592725585,6539.812267875148
1441,6449.008602881184,15.428250246127234,41.19944830812382,6490.208051189307,49.45739181030977,6539.665442999617
1442,6448.920152624873,15.428038642643235,41.15185845326853,6490.072011078141,49.446797726520806,6539.5188088046625
1443,6448.8317631230575,15.427827184504922,41.104418063001724,6489.936181186059,49.436183488905385,6539.372364674964
1444,6448.743434517648,15.42761587205179,41.05712656830548,6489.800561085954,49.42554890917856,6539.226109995132
1445,6448.655166950941,15.42740470562426,41.00998340208051,6489.665150353021,49.414893797746316,6539.080044150767
1446,6448.566960564408,15.427193685560784,40.96298799913458,6489.529948563542,49.40421796369772,6538.93416652724
1447,6448.478815499513,15.426982812199793,40.91613979617128,6489.394955295685,49.39352121479707,6538.788476510482
1448,6448.390731897559,15.426772085879328,40.86943823177856,6489.260170129338,49.382803357475865,6538.642973486813
1449,6448.302709899085,15.426561506935611,40.82288274641751,6489.125592645502,49.37206419682487,6538.497656842327
1450,6448.214749644794,15.426351075705249,40.77647278241102,6488.991222427205,49.36130353658584,6538.352525963791
1451,6448.12685127508,15.426140792524116,40.73020778393261,6488.8570590590125,49.350521179143406,6538.207580238156
1452,6448.039014930287,15.425930657727958,40.68408719699518,6488.723102127282,49.339716925516676,6538.062819052799
1453,6447.951240750024,15.425720671650776,40.638110469439816,6488.589351219464,49.328890575350925,6537.918241794815
1454,6447.863528874272,15.425510834627444,40.592277050924814,6488.455805925197,49.318041926909075,6537.773847852106
1455,6447.775879442138,15.42530114699076,40.546586392914385,6488.322465835053,49.307170777063114,6537.629636612116
1456,6447.688292593379,15.425091609075068,40.501037948667715,6488.189330542046,49.29627692128546,6537.485607463332
1457,6447.600768466689,15.424882221212176,40.4556311732279,6488.056399639917,49.28536015364023,6537.341759793557
1458,6447.513307201469,15.42467298373557,40.410365523410945,6487.92367272488,49.274420266774406,6537.198092991654
1459,6447.425908936171,15.424463896976487,40.3652404577948,6487.791149393966,49.2634570519089,6537.054606445875
1460,6447.338573809755,15.424254961267357,40.320255436708344,6487.658829246463,49.25247029882961,6536.911299545292
1461,6447.251301960242,15.424046176938377,40.27540992222063,6487.526711882462,49.241459795878235,6536.768171678341
1462,6447.164093526337,15.42383754432138,40.23070337812982,6487.394796904467,49.23042532994323,6536.62522223441
1463,6447.0769486462605,15.423629063747034,40.186135269952445,6487.263083916213,49.21936668645045,6536.482450602663
1464,6446.9898674580745,15.423420735545633,40.141705064912514,6487.131572522987,49.20828364935381,6536.339856172341
1465,6446.902850099786,15.423212560047334,40.09741223193075,6487.000262331716,49.19717600112588,6536.197438332842
1466,6446.815896709493,15.42300453758252,40.05325624161376,6486.869152951107,49.18604352274836,6536.055196473855
1467,6446.729007424977,15.422796668480805,40.0092365662433,6486.73824399122,49.17488599370243,6535.913129984922
1468,6446.642182384128,15.422588953072077,39.96535267976556,6486.607535063894,49.1637031919591,6535.771238255853
1469,6446.555421724745,15.422381391685994,39.9216040577804,6486.477025782526,49.152494893969376,6535.629520676495
1470,6446.468725584146,15.422173984651067,39.87799017753072,6486.346715761677,49.141260874654414,6535.487976636331
1471,6446.382094100608,15.421966732298104,39.83451051789173,6486.216604618499,49.13000090739555,6535.346605525895
1472,6446.295527411225,15.421759634955082,39.791164559360354,6486.086691970585,49.11871476402423,6535.205406734609
1473,6446.209025654235,15.421552692952716,39.74795178404456,6485.95697743828,49.10740221481191,6535.064379653092
1474,6446.122588966762,15.421345906619049,39.70487167565282,6485.827460642415,49.09606302845981,6534.923523670875
1475,6446.03621748683,15.421139276284281,39.66192371948338,6485.698141206313,49.08469697208857,6534.782838178402
1476,6445.949911351791,15.420932802277013,39.619107402413874,6485.569018754205,49.073303811227916,6534.642322565433
1477,6445.863670699975,15.42072648492817,39.576422212890606,6485.440092912866,49.06188330980611,6534.501976222672
1478,6445.777495668413,15.420520324565583,39.53386764091809,6485.311363309332,49.050435230139406,6534.361798539471
1479,6445.69138639569,15.420314321520788,39.49144317804851,6485.182829573739,49.03895933292138,6534.22178890666
1480,6445.605343019371,15.420108476122897,39.44914831737123,6485.054491336742,49.027455377212185,6534.0819467139545
1481,6445.519365677307,15.419902788701691,39.40698255350227,6484.92634823081,49.0159231204277,6533.942271351238
1482,6445.4334545080765,15.4196972595887,39.36494538257382,6484.79839989065,49.00436231832862,6533.8027622089785
1483,6445.3476096492805,15.419491889113111,39.32303630222383,6484.670645951504,48.99277272500948,6533.663418676514
1484,6445.261831240109,15.419286677607916,39.28125481158547,6484.543086051694,48.98115409288749,6533.524240144582
1485,6445.176119418186,15.41908162540236,39.23960041127679,6484.415719829463,48.96950617269141,6533.385226002155
1486,6445.090474322819,15.41887673282971,39.19807260339018,6484.288546926209,48.9578287134503,6533.246375639659
1487,6445.004896092632,15.418672000221608,39.15667089148203,6484.161566984115,48.94612146248207,6533.1076884465965
1488,6444.919384866384,15.41846742791001,39.115394780562276,6484.034779646946,48.9343841653822,6532.969163812328
1489,6444.8339407835865,15.418263016228677,39.07424377708403,6483.908184560671,48.922616566012096,6532.830801126683
1490,6444.748563983438,15.418058765510617,39.03321738893314,6483.7817813723705,48.91081840648755,6532.692599778858
1491,6444.663254605535,15.417854676089798,38.99231512541785,6483.655569730953,48.898989427167045,6532.55455915812
1492,6444.578012789715,15.417650748300753,38.95153649725842,6483.529549286974,48.887129366639954,6532.416678653613
1493,6444.492838676255,15.41744698247908,38.910881016576695,6483.403719692831,48.87523796171478,6532.278957654546
1494,6444.407732405149,15.417243378959686,38.87034819688583,6483.278080602035,48.86331494740712,6532.141395549442
1495,6444.322694117216,15.417039938079464,38.82993755307985,6483.152631670296,48.85136005692772,6532.003991727223
1496,6444.23772395352,15.416836660175885,38.78964860142335,6483.027372554943,48.83937302167041,6531.8667455766135
1497,6444.1528220550135,15.416633545586157,38.7494808595411,6482.902302914555,48.82735357119981,6531.729656485754
1498,6444.067988563069,15.41643059464849,38.70943384640774,6482.7774224094765,48.81530143323925,6531.592723842716
1499,6443.983223619761,15.416227807702777,38.66950708233739,6482.652730702098,48.80321633365833,6531.455947035756
1500,6443.898527367422,15.416025185089525,38.629700088973365,6482.528227456395,48.79109799646053,6531.319325452856
1501,6443.813899948193,15.415822727148786,38.59001238927776,6482.4039123374705,48.77894614377077,6531.182858481241
1502,6443.729341505325,15.415620434223264,38.550443507521194,6482.279785012845,48.766760495822794,6531.046545508668
1503,6443.644852182034,15.415418306655583,38.51099296927241,6482.1558451513065,48.754540770946626,6530.910385922253
1504,6443.560432121999,15.41521634478947,38.47166030138792,6482.0320924233865,48.74228668555577,6530.774379108942
1505,6443.476081469369,15.415014548969783,38.43244503200176,6481.908526501371,48.72999795413452,6530.638524455506
1506,6443.391800368666,15.414812919542262,38.39334669051505,6481.785147059181,48.71767428922504,6530.5028213484065
1507,6443.307588964854,15.414611456853718,38.35436480758568,6481.66195377244,48.70531540141448,6530.367269173855
1508,6443.223447403472,15.414410161252325,38.315498915117985,6481.53894631859,48.69292099932203,6530.2318673179125
1509,6443.1393758306385,15.414209033087651,38.276748546252385,6481.416124376891,48.68049078958576,6530.096615166477
1510,6443.055374392618,15.414008072709613,38.23811323535503,6481.293487627973,48.668024476849595,6529.961512104823
1511,6442.971443236313,15.413807280469648,38.19959251800743,6481.17103575432,48.65552176375007,6529.826557518069
1512,6442.887582509164,15.413606656720487,38.16118593099611,6481.04876844016,48.64298235090314,6529.691750791063
1513,6442.8037923596985,15.41340620181746,38.12289301230225,6480.926685372001,48.630405936890746,6529.557091308891
1514,6442.720072935831,15.413205916114428,38.08471330109127,6480.804786236922,48.61779221824758,6529.42257845517
1515,6442.636424387081,15.413005799969094,38.0466463377025,6480.683070724784,48.60514088944754,6529.288211614231
1516,6442.552846863198,15.412805853739709,38.00869166363877,6480.5615385268375,48.59245164289028,6529.153990169728
1517,6442.469340514424,15.412606077785703,37.970848821556,6480.44018933598,48.579724168887665,6529.019913504868
1518,6442.385905492182,15.412406472469335,37.93311735525282,6480.319022847435,48.56695815565014,6528.885981003085
1519,6442.302541947499,15.41220703815191,37.895496809660145,6480.198038757159,48.554153289273096,6528.752192046432
1520,6442.219250033057,15.4120077751987,37.85798673083076,6480.077236763887,48.541309253723114,6528.61854601761
1521,6442.136029901791,15.411808683975575,37.82058666592888,6479.95661656772,48.52842573082426,6528.485042298544
1522,6442.052881707309,15.411609764850022,37.783296163219674,6479.836177870528,48.51550240024425,6528.351680270773
1523,6441.969805603903,15.411411018191156,37.74611477205889,6479.715920375962,48.502538939480544,6528.2184593154425
1524,6441.886801746958,15.411212444370712,37.7090420428823,6479.59584378984,48.48953502384652,6528.0853788136865
1525,6441.803870291904,15.411014043760536,37.6720775271953,6479.475947819099,48.476490326457544,6527.952438145557
1526,6441.721011395749,15.41081581673624,37.63522077756233,6479.356232173312,48.46340451821692,6527.819636691528
1527,6441.638225215969,15.410617763674567,37.59847134759647,6479.236696563566,48.450277267801916,6527.686973831367
1528,6441.555511910358,15.41041988495301,37.56182879194884,6479.117340702307,48.437108241649696,6527.554448943957
1529,6441.472871638384,15.410222180953072,37.525292666298064,6478.998164304682,48.42389710394328,6527.422061408625
1530,6441.390304559523,15.410024652056276,37.488862527339805,6478.879167086863,48.41064351659739,6527.289810603461
1531,6441.307810834698,15.409827298647603,37.45253793277608,6478.760348767474,48.39734713924432,6527.157695906719
1532,6441.225390625668,15.40963012111404,37.41631844130477,6478.641709066973,48.384007629219795,6527.025716696193
1533,6441.143044094491,15.40943311984328,37.380203612609,6478.5232477071,48.370624641548766,6526.893872348649
1534,6441.060771405211,15.409236295227778,37.344193007346476,6478.404964412558,48.35719782893119,6526.762162241489
1535,6440.978572721577,15.409039647659274,37.308286187138904,6478.286858908716,48.343726841727886,6526.630585750444
1536,6440.89644820914,15.408843177533827,37.27248271456132,6478.168930923701,48.33021132794623,6526.499142251647
1537,6440.81439803401,15.408646885248828,37.236782153131394,6478.051180187142,48.31665093322599,6526.367831120368
1538,6440.732422363915,15.408450771205539,37.20118406729876,6477.933606431214,48.30304530082502,6526.236651732039
1539,6440.650521366678,15.40825483580545,37.16568802243432,6477.816209389112,48.28939407160506,6526.105603460717
1540,6440.568695211458,15.408059079453249,37.13029358481947,6477.698988796278,48.275696884017464,6525.974685680296
1541,6440.486944069315,15.407863502558168,37.09500032163537,6477.58194439095,48.26195337408899,6525.843897765039
1542,6440.405268110821,15.40766810552828,37.059807800952164,6477.465075911774,48.24816317540756,6525.713239087181
1543,6440.3236675092885,15.407472888778202,37.02471559171818,6477.348383101007,48.23432591910809,6525.5827090201155
1544,6440.24214243765,15.40727785272165,36.989723263749084,6477.231865701399,48.220441233858175,6525.452306935257
1545,6440.160693071066,15.40708299777767,36.95483038771712,6477.115523458783,48.20650874584406,6525.322032204627
1546,6440.079319585349,15.406888324366864,36.9200365351401,6476.999356120489,48.19252807875644,6525.191884199246
1547,6439.998022157675,15.4066938329131,36.88534127837066,6476.883363436046,48.17849885377627,6525.061862289823
1548,6439.916800966228,15.406499523842651,36.85074419058522,6476.767545156813,48.16442068956079,6524.931965846374
1549,6439.835656190422,15.406305397584742,36.81624484577311,6476.651901036195,48.15029320222939,6524.802194238425
1550,6439.754588011496,15.406111454572956,36.78184281872559,6476.536430830221,48.136116005349685,6524.672546835571
1551,6439.673596610717,15.40591769524095,36.747537685024824,6476.421134295742,48.121888709923496,6524.543023005666
1552,6439.592682171922,15.405724120028522,36.713329021032884,6476.306011192955,48.107610924373006,6524.4136221173285
1553,6439.511844879546,15.405530729376903,36.6792164038807,6476.191061283426,48.093282254526876,6524.284343537953
1554,6439.4310849195135,15.405337523730893,36.64519941145697,6476.07628433097,48.07890230360653,6524.155186634577
1555,6439.350402478971,15.405144503538208,36.61127762239703,6475.961680101368,48.064470672212416,6524.02615077358
1556,6439.2697977468315,15.404951669250792,36.57745061607181,6475.847248362903,48.04998695831034,6523.897235321213
1557,6439.18927091284,15.404759021322583,36.54371797257652,6475.7329888854165,48.035450757218044,6523.768439642635
1558,6439.108822168567,15.404566560211883,36.510079272719594,6475.618901441287,48.02086166159158,6523.6397631028785
1559,6439.028451706943,15.404374286380246,36.47653409801136,6475.504985804954,48.00621926141213,6523.5112050663665
1560,6438.948159722315,15.404182200292619,36.44308203065292,6475.391241752967,47.9915231439726,6523.38276489694
1561,6438.867946410578,15.40399030241765,36.40972265352465,6475.277669064103,47.97677289386458,6523.254441957968
1562,6438.787811968943,15.403798593227137,36.37645555017509,6475.164267519118,47.961968092965165,6523.126235612083
1563,6438.707756596406,15.403607073197145,36.34328030480948,6475.051036901216,47.947108320424235,6522.998145221641
1564,6438.627780493529,15.403415742807486,36.3101965022784,6474.937976995808,47.932193152651465,6522.870170148459
1565,6438.547883861978,15.403224602540618,36.27720372806637,6474.825087590045,47.91722216330383,6522.742309753348
1566,6438.468066905694,15.403033652884437,36.24430156828036,6474.7123684739745,47.902194923273,6522.614563397247
1567,6438.388329829831,15.402842894329739,36.21148960963837,6474.599819439469,47.887111000672995,6522.486930440142
1568,6438.308672841562,15.402652327372158,36.178767439457815,6474.48744028102,47.871969960828054,6522.359410241848
1569,6438.229096148915,15.402461952509366,36.146134645644075,6474.37523079456,47.85677136626053,6522.23200216082
1570,6438.149599962688,15.402271770245664,36.11359081667885,6474.263190779367,47.84151477667907,6522.104705556046
1571,6438.070184494848,15.402081781088153,36.08113554160856,6474.151320036457,47.82619974896694,6521.977519785424
1572,6437.990849958787,15.401891985547339,36.04876841003265,6474.03961836882,47.81082583717057,6521.85044420599
1573,6437.911596570593,15.401702384140176,36.016489012091945,6473.9280855826855,47.7953925924882,6521.723478175174
1574,6437.83242454721,15.401512977385671,35.98429693845687,6473.816721485668,47.779899563258944,6521.596621048927
1575,6437.75333410821,15.401323765809115,35.95219178031572,6473.705525888526,47.76434629495186,6521.4698721834775
1576,6437.674325474375,15.401134749938697,35.92017312936283,6473.5944986037375,47.748732330155356,6521.343230933893
1577,6437.5953988685715,15.400945930307588,35.88824057778674,6473.483639446358,47.73305720856686,6521.216696654925
1578,6437.516554515622,15.400757307453642,35.85639371825834,6473.37294823388,47.71732046698267,6521.090268700863
1579,6437.437792642826,15.400568881920636,35.82463214391889,6473.262424786745,47.7015216392881,6520.9639464260335
1580,6437.359113478309,15.400380654254327,35.79295544836812,6473.152068926677,47.685660256447974,6520.837729183125
1581,6437.280517252913,15.40019262500697,35.761363225652204,6473.041880478566,47.669735846497204,6520.711616325063
1582,6437.2020041996,15.400004794735885,35.72985507025176,6472.931859269852,47.653747934531935,6520.585607204383
1583,6437.123574552899,15.399817164002151,35.69843057706972,6472.822005129969,47.637696042700796,6520.459701172669
1584,6437.045228549547,15.399629733372121,35.667089341419256,6472.712317890966,47.621579690196505,6520.333897581162
1585,6436.966966428772,15.399442503418115,35.63583095901164,6472.6027973877835,47.60539839324791,6520.2081957810315
1586,6436.888788431641,15.399255474716844,35.604655025943984,6472.493443457585,47.589151665112226,6520.082595122697
1587,6436.81069480116,15.399068647849665,35.57356113868711,6472.384255939847,47.57283901606779,6519.957094955915
1588,6436.7326857826665,15.398882023403509,35.54254889407319,6472.275234676739,47.556459953407014,6519.831694630147
1589,6436.654761623931,15.398695601971127,35.51161788928347,6472.166379513214,47.54001398142992,6519.7063934946445
1590,6436.576922574374,15.398509384149222,35.4807677218359,6472.05769029621,47.523500601437895,6519.581190897648
1591,6436.499168886485,15.39832337054183,35.4499979895728,6471.9491668760575,47.50691931172797,6519.456086187785
1592,6436.4215008144065,15.398137561756954,35.41930829064831,6471.840809105055,47.49026960758752,6519.331078712643
1593,6436.343918614871,15.397951958408783,35.388698223516016,6471.732616838387,47.473550981289314,6519.206167819676
1594,6436.266422546817,15.397766561116788,35.358167386916406,6471.624589933734,47.45676292208719,6519.081352855821
1595,6436.189012871691,15.397581370506439,35.32771537986429,6471.516728251556,47.43990491621203,6518.956633167768
1596,6436.111689853053,15.39739638720826,35.297341801636236,6471.409031654689,47.422976446868354,6518.832008101557
1597,6436.034453757595,15.397211611860275,35.26704625175788,6471.301500009353,47.40597699423142,6518.707477003584
1598,6435.957304853324,15.397027045103645,35.23682832999135,6471.194133183315,47.38890603544474,6518.58303921876
1599,6435.8802434119625,15.396842687588427,35.20668763632239,6471.086931048285,47.37176304461821,6518.458694092903
1600,6435.803269706723,15.396658539968236,35.176623770947764,6470.979893477671,47.354547492826896,6518.334440970498
1601,6435.726384013987,15.396474602904274,35.14663633426234,6470.873020348249,47.33725884811019,6518.210279196359
1602,6435.649586612881,15.396290877064308,35.11672492684629,6470.766311539727,47.31989657547174,6518.086208115199
1603,6435.572877784269,15.39610736312026,35.08688914945219,6470.659766933721,47.302460136879944,6517.9622270706
1604,6435.496257812426,15.395924061752215,35.05712860299214,6470.553386415418,47.28494899126907,6517.838335406686
1605,6435.419726983917,15.395740973645735,35.02744288852475,6470.447169872442,47.26736259454099,6517.714532466983
1606,6435.343285587913,15.395558099492614,34.99783160724219,6470.341117195155,47.24970039956774,6517.5908175947225
1607,6435.266933917119,15.395375439993108,34.96829436045708,6470.2352282775755,47.2319618561946,6517.46719013377
1608,6435.190672265692,15.395192995850937,34.938830749589485,6470.129503015281,47.214146411244,6517.343649426525
1609,6435.114500931588,15.395010767778919,34.90944037615376,6470.023941307742,47.196253508520165,6517.220194816262
1610,6435.038420215231,15.394828756495768,34.88012284174538,6469.918543056976,47.178282588814454,6517.096825645791
1611,6434.96243041971,15.394646962726577,34.85087774802778,6469.813308167737,47.16023308991157,6516.973541257648
1612,6434.886531851134,15.39446538720367,34.82170469671908,6469.708236547854,47.14210444659659,6516.850340994451
1613,6434.810724818857,15.394284030667123,34.792603289578885,6469.603328108436,47.12389609066271,6516.727224199099
1614,6434.735009634467,15.394102893862362,34.76357312839489,6469.498582762862,47.10560745091995,6516.604190213781
1615,6434.659386613053,15.39392197754319,34.734613814969585,6469.394000428023,47.08723795320477,6516.481238381228
1616,6434.583856072451,15.39374128246998,34.705724951106916,6469.289581023559,47.06878702039051,6516.358368043949
1617,6434.50841833368,15.393560809410719,34.6769061385988,6469.185324472279,47.050254072398786,6516.235578544678
1618,6434.433073720449,15.39338055913983,34.64815697921174,6469.08123069966,47.03163852621192,6516.112869225873
1619,6434.357822560065,15.393200532440346,34.6194770746733,6468.977299634738,47.01293979588627,6515.990239430625
1620,6434.282665182471,15.393020730101604,34.59086602665863,6468.873531209129,46.99415729256664,6515.867688501696
1621,6434.207601921118,15.392841152921335,34.562323436776936,6468.769925357895,46.975290424501694,6515.745215782396
1622,6434.132633112414,15.392661801704339,34.53384890655785,6468.666482018972,46.95633859706048,6515.622820616032
1623,6434.057759095762,15.392482677262588,34.5054420374379,6468.5632011332,46.93730121275008,6515.50050234595
1624,6433.982980214456,15.39230378041736,34.47710243074678,6468.460082645202,46.91817767123423,6515.378260316436
1625,6433.908296814335,15.392125111996016,34.448829687693845,6468.357126502028,46.89896736935344,6515.256093871381
1626,6433.833709244671,15.391946672834141,34.42062340935427,6468.254332654025,46.879669701145936,6515.134002355171
1627,6433.759217858675,15.391768463776733,34.392483196655434,6468.15170105533,46.86028405787006,6515.011985113199
1628,6433.684823011855,15.391590485674294,34.36440865036315,6468.049231662218,46.84080982802792,6514.8900414902455
1629,6433.6105250640785,15.391412739387748,34.336399371067955,6467.946924435147,46.821246397390254,6514.768170832537
1630,6433.536324378043,15.391235225784792,34.30845495917126,6467.844779337214,46.801593149022644,6514.646372486237
1631,6433.462221319961,15.391057945741533,34.280575014871616,6467.742796334833,46.78184946331317,6514.524645798146
1632,6433.38821625964,15.39088090014268,34.2527591381509,6467.640975397791,46.76201471800134,6514.402990115793
1633,6433.314309570323,15.390704089881154,34.22500692876041,6467.539316499083,46.74208828820858,6514.281404787292
1634,6433.240501628736,15.390527515858219,34.1973179862071,6467.437819614943,46.72206954647011,6514.159889161413
1635,6433.16679281493,15.390351178983087,34.16969190973969,6467.336484724669,46.70195786276835,6514.038442587438
1636,6433.093183513243,15.390175080175224,34.142128298334775,6467.235311811578,46.68175260456793,6513.917064416146
1637,6433.019674110526,15.389999220360108,34.114626750682966,6467.134300861208,46.66145313685215,6513.795753998061
1638,6432.946264998514,15.389823600474914,34.08718686517502,6467.033451863689,46.6410588221613,6513.674510685851
1639,6432.872956571352,15.389648221462565,34.05980823988791,6466.93276481124,46.620569020632296,6513.553333831873
1640,6432.799749228079,15.389473084277702,34.03249047257093,6466.8322397006505,46.599983090040446,6513.4322227906905
1641,6432.726643370159,15.389298189880762,34.0052331606318,6466.731876530791,46.579300385842565,6513.3111769166335
1642,6432.653639403787,15.389123539243508,33.978035901122816,6466.63167530491,46.558520261222206,6513.1901955661315
1643,6432.580737738816,15.38894913334645,33.950898290726855,6466.531636029544,46.537642067136446,6513.06927809668
1644,6432.507938788271,15.38877497317768,33.923819925743565,6466.431758714014,46.51666515236482,6512.948423866379
1645,6432.435242969503,15.388601059735652,33.896800402075485,6466.332043371578,46.49558886355992,6512.827632235138
1646,6432.362650703757,15.388427394028128,33.86983931521412,6466.2324900189715,46.47441254530014,6512.706902564271
1647,6432.290162415588,15.388253977070786,33.84293626022614,6466.133098675815,46.45313554014437,6512.586234215959
1648,6432.217778534217,15.388080809890472,33.81609083173949,6466.033869365957,46.43175718868878,6512.4656265546455
1649,6432.145499491942,15.387907893521392,33.78930262392964,6465.934802115872,46.41027682962561,6512.345078945497
1650,6432.073325725808,15.38773522900911,33.762571230505756,6465.835896956314,46.38869379980429,6512.224590756118
1651,6432.001257676286,15.387562817407382,33.73589624469687,6465.737153920983,46.36700743429455,6512.104161355277
1652,6431.92929578766,15.38739065977909,33.709277259238235,6465.638573046898,46.34521706645198,6511.983790113351
1653,6431.85744050872,15.387218757197894,33.68271386635758,6465.540154375078,46.3233220279858,6511.863476403064
1654,6431.785692292443,15.38704711074747,33.65620565776143,6465.441897950204,46.301321649028985,6511.743219599233
1655,6431.71405159491,15.386875721518924,33.62975222462153,6465.343803819532,46.27921525821078,6511.623019077742
1656,6431.642518876909,15.386704590614615,33.60335315756115,6465.24587203447,46.25700218273173,6511.502874217202
1657,6431.571094603491,15.386533719147106,33.57700804664167,6465.148102650132,46.23468174844118,6511.382784398574
1658,6431.4997792429485,15.386363108236718,33.550716481349035,6465.050495724297,46.21225327991738,6511.262749004215
1659,6431.428573268866,15.386192759016426,33.52447805058033,6464.953051319446,46.1897161005501,6511.142767419996
1660,6431.357477158002,15.3860226726268,33.49829234263043,6464.855769500633,46.167069532626115,6511.0228390332595
1661,6431.286491391851,15.38585285021974,33.472158945178684,6464.758650337029,46.144312897417215,6510.902963234446
1662,6431.215616455358,15.385683292955402,33.44607744527573,6464.6616939006335,46.121445515271155,6510.783139415905
1663,6431.144852838517,15.385514002006023,33.42004742933026,6464.564900267847,46.098466705705334,6510.663366973553
1664,6431.074201035031,15.385344978552707,33.394068483096035,6464.468269518127,46.07537578750348,6510.543645305631
1665,6431.0036615424615,15.385176223785793,33.368140191658824,6464.371801734121,46.05217207881525,6510.423973812936
1666,6430.933234863465,15.385007738907811,33.34226213942359,6464.275497002889,46.0288548972588,6510.304351900148
1667,6430.862921504215,15.384839525129701,33.3164339101016,6464.179355414316,46.00542356002655,6510.184778974342
1668,6430.792721975034,15.38467158367233,33.29065508669779,6464.083377061731,45.981877383993954,6510.065254445725
1669,6430.722636791366,15.38450391576882,33.264925251498155,6463.987562042865,45.958215685831604,6509.945777728696
1670,6430.652666471769,15.384336522659735,33.23924398605729,6463.891910457826,45.934437782120476,6509.826348239947
1671,6430.582811539817,15.384169405597648,33.21361087118599,6463.796422411003,45.91054298947061,6509.706965400474
1672,6430.513072522995,15.384002565844485,33.1880254869391,6463.701098009934,45.88653062464307,6509.587628634577
1673,6430.443449953238,15.383836004672819,33.16248741260334,6463.605937365842,45.86240000467543,6509.4683373705175
1674,6430.373944366445,15.383669723364703,33.136996226685426,6463.510940593131,45.83815044701075,6509.3490910401415
1675,6430.304556303234,15.383503723213478,33.111551506900206,6463.416107810134,45.813781269630084,6509.229889079765
1676,6430.235286307866,15.38333800552121,33.086152830159044,6463.321439138025,45.78929179118877,6509.110730929214
1677,6430.166134929257,15.383172571601094,33.06079977255831,6463.2269347018155,45.76468133115618,6508.991616032971
1678,6430.097102720823,15.383007422777089,33.035491909368105,6463.132594630191,45.73994920995948,6508.872543840151
1679,6430.028190239646,15.38284256038193,33.01022881502104,6463.038419054667,45.715094749131076,6508.753513803798
1680,6429.959398047276,15.382677985759035,32.98501006310137,6462.9444081103775,45.69011727146004,6508.634525381837
1681,6429.890726709664,15.382513700262354,32.95983522633418,6462.850561935998,45.66501610114744,6508.515578037145
1682,6429.822176796941,15.38234970525584,32.934703876574844,6462.756880673515,45.639790563965676,6508.396671237481
1683,6429.753748883015,15.382186002112476,32.909615584798665,6462.663364467813,45.614439987422045,6508.277804455235
1684,6429.6854435461555,15.382022592215684,32.884569921090794,6462.570013467246,45.588963700926314,6508.158977168172
1685,6429.617261369363,15.3818594769602,32.859566454636266,6462.476827824,45.56336103596257,6508.040188859963
1686,6429.549202939203,15.381696657749288,32.834604753710394,6462.383807692913,45.537631326265455,6507.921439019179
1687,6429.481268846418,15.381534135996215,32.80968438566936,6462.290953232087,45.51177390800049,6507.802727140088
1688,6429.413459686026,15.381371913124463,32.784804916941056,6462.198264602966,45.48578811994919,6507.684052722916
1689,6429.345776057222,15.381209990567516,32.75996591301619,6462.105741970238,45.45967330369837,6507.565415273937
1690,6429.278218563044,15.381048369768047,32.73516693843971,6462.013385501484,45.43342880383409,6507.446814305318
1691,6429.210787810522,15.38088705217828,32.71040755680252,6461.921195367324,45.40705396814021,6507.3282493354645
1692,6429.143484410875,15.380726039260468,32.68568733073343,6461.829171741609,45.38054814780171,6507.209719889411
1693,6429.076308979111,15.380565332485912,32.66100582189147,6461.737314801002,45.35391069761259,6507.091225498614
1694,6429.009262134284,15.380404933335607,32.63636259095858,6461.645624725243,45.32714097618864,6506.972765701431
1695,6428.942344499332,15.380244843299836,32.61175719763252,6461.554101696965,45.300238346185125,6506.85434004315
1696,6428.875556700834,15.380085063877592,32.58718920062023,6461.462745901454,45.27320217451933,6506.735948075973
1697,6428.808899369575,15.37992559657793,32.56265815763149,6461.371557527206,45.24603183259806,6506.617589359805
1698,6428.742373139794,15.379766442918168,32.53816362537298,6461.280536765167,45.21872669655027,6506.499263461717
1699,6428.675978649215,15.379607604423958,32.513705159542766,6461.189683808758,45.19128614746471,6506.3809699562225
1700,6428.609716539867,15.379449082631261,32.4892823148251,6461.098998854692,45.163709571632765,6506.262708426324
1701,6428.543587456735,15.379290879083097,32.46489464488568,6461.008482101621,45.13599636079648,6506.144478462417
1702,6428.477592048655,15.379132995331712,32.44054170236742,6460.918133751023,45.10814591240188,6506.026279663424
1703,6428.411730967741,15.37897543293718,32.41622303888648,6460.827954006628,45.08015762985756,6505.908111636485
1704,6428.346004869564,15.378818193467858,32.39193820502894,6460.737943074593,45.05203092279867,6505.789973997392
1705,6428.2804144134,15.378661278500957,32.36768675034784,6460.648101163748,45.023765207356305,6505.671866371104
1706,6428.214960261077,15.3785046896198,32.34346822336076,6460.558428484438,44.995359906432356,6505.55378839087
1707,6428.149643078358,15.378348428417125,32.319282171547826,6460.468925249906,44.966814449979815,6505.435739699886
1708,6428.084463533427,15.378192496491453,32.295128141350375,6460.379591674778,44.93812827528872,6505.317719950066
1709,6428.019422297899,15.378036895449519,32.27100567817,6460.290427976069,44.90930082727763,6505.199728803346
1710,6427.954520046255,15.377881626904918,32.24691432636829,6460.201434372623,44.88033155879068,6505.081765931414
1711,6427.88975745573,15.377726692477824,32.222853629267036,6460.112611084997,44.851219930900385,6504.963831015898
1712,6427.825135206333,15.377572093795054,32.19882312914905,6460.023958335481,44.82196541321608,6504.845923748698
1713,6427.760653980615,15.37741783248951,32.174822367259644,6459.935476347874,44.79256748419805,6504.728043832072
1714,6427.696314463922,15.37726391020077,32.15085088380869,6459.847165347731,44.76302563147748,6504.610190979209
1715,6427.632117343699,15.377110328573442,32.126908217973266,6459.759025561672,44.733339352182114,6504.4923649138545
1716,6427.568063310052,15.376957089258497,32.10299390790114,6459.671057217953,44.703508153267705,6504.37456537122
1717,6427.504153054884,15.376804193911207,32.07910749071468,6459.583260545599,44.67353155185529,6504.256792097454
1718,6427.4403872726425,15.376651644192926,32.05524850251569,6459.495635775158,44.64340907557427,6504.139044850733
1719,6427.376766659172,15.376499441768354,32.03141647839085,6459.408183137563,44.613140262911294,6504.021323400475
1720,6427.313291912367,15.376347588307098,32.00761095241794,6459.320902864785,44.58272466356498,6503.903627528351
1721,6427.249963732398,15.376196085484207,31.983831457672768,6459.233795190071,44.55216183880647,6503.785957028877
1722,6427.186782819908,15.376044934975857,31.96007752623691,6459.146860346145,44.52145136184581,6503.668311707991
1723,6427.123749877527,15.375894138462984,31.93634868920632,6459.060098566733,44.490592818204064,6503.550691384938
1724,6427.060865608959,15.375743697629089,31.912644476700645,6458.97351008566,44.459585806091326,6503.433095891751
1725,6426.998130719154,15.375593614160655,31.888964417873442,6458.887095137027,44.42842993679045,6503.315525073817
1726,6426.935545913804,15.375443889745943,31.86530804092328,6458.800853954727,44.3971248350465,6503.1979787897735
1727,6426.873111899578,15.375294526075546,31.841674873105696,6458.714786772684,44.365670139462004,6503.0804569121465
1728,6426.81082938349,15.375145524840885,31.818064440746095,6458.628893824236,44.33406550289778,6502.962959327134
1729,6426.748699072765,15.374996887733888,31.79447626925354,6458.543175342018,44.302310592879465,6502.845485934898
1730,6426.686721675371,15.374848616448256,31.770909883135538,6458.457631558506,44.2704050920096,6502.728036650516
1731,6426.624897898547,15.37470071267595,31.747364806013817,6458.372262704561,44.238348698385266,6502.610611402946
1732,6426.56322845017,15.374553178110455,31.723840560641055,6458.287069010811,44.20614112602119,6502.493210136832
1733,6426.501714037092,15.374406014442803,31.700336668918702,6458.202050706011,44.17378210527815,6502.375832811289
1734,6426.440355365817,15.374259223363199,31.676852651915798,6458.117208017732,44.14127138329691,6502.258479401029
1735,6426.379153142042,15.374112806559909,31.65338802988893,6458.032541171931,44.10860872443711,6502.141149896369
1736,6426.318108070242,15.373966765718281,31.629942322303215,6457.948050392545,44.07579391072153,6502.023844303267
1737,6426.257220854086,15.373821102521736,31.606515047854543,6457.86373590194,44.042826742285264,6501.906562644225
1738,6426.196492195003,15.373675818648332,31.58310572449278,6457.779597919496,44.00970703782987,6501.789304957326
1739,6426.1359227930025,15.373530915772733,31.559713869446348,6457.695636662449,43.97643463508234,6501.672071297531
1740,6426.075513346568,15.373386395565953,31.536338999247867,6457.611852345816,43.94300939125874,6501.554861737075
1741,6426.015264551162,15.373242259691775,31.512980629761117,6457.528245180923,43.90943118353238,6501.437676364455
1742,6425.955177099717,15.373098509807935,31.489638276209213,6457.444815375926,43.87569990950642,6501.3205152854325
1743,6425.895251683362,15.372955147567852,31.46631145320409,6457.3615631365665,43.84181548769074,6501.203378624257
1744,6425.835488988878,15.37281217461454,31.44299967477723,6457.2784886636555,43.80777785798288,6501.086266521638
1745,6425.77588970061,15.37266959258519,31.419702454411876,6457.195592155022,43.77358698215286,6500.969179137174
1746,6425.7164544986335,15.372527403106778,31.396419305076428,6457.11287380371,43.739242844331805,6500.852116648041
1747,6425.657184059294,15.372385607797355,31.37314973925936,6457.030333798553,43.704745451504074,6500.735079250057
1748,6425.598079054947,15.372244208265425,31.349893269005506,6456.947972323953,43.67009483400264,6500.618067157956
1749,6425.539140152728,15.372103206107004,31.326649405953745,6456.865789558681,43.63529104600775,6500.5010806046885
1750,6425.480368015341,15.371962602907514,31.30341766137628,6456.783785676717,43.60033416604835,6500.384119842765
1751,6425.421763300223,15.371822400239767,31.28019754621927,6456.701960846442,43.56522429750613,6500.267185143948
1752,6425.363326658859,15.371682599662341,31.256988571145076,6456.620315230004,43.529961569122115,6500.150276799126
1753,6425.305058737115,15.371543202720371,31.233790246576064,6456.538848983691,43.49454613550522,6500.033395119197
1754,6425.246960174705,15.37140421094427,31.21060208273989,6456.457562257445,43.458978177642834,6499.916540435088
1755,6425.189031604325,15.371265625847666,31.187423589716516,6456.376455194041,43.42325790341278,6499.799713097454
1756,6425.131273651703,15.371127448927519,31.16425427748675,6456.29552792919,43.38738554809677,6499.682913477287
1757,6425.0736869352995,15.370989681663396,31.141093655982473,6456.214780591282,43.35136137489467,6499.5661419661765
1758,6425.016272065914,15.37085232551654,31.117941235138606,6456.134213301052,43.31518567543943,6499.4493989764915
1759,6424.959029645803,15.370715381927758,31.094796524946688,6456.05382617075,43.278858770312354,6499.332684941062
1760,6424.901960269008,15.3705788523182,31.07165903551021,6455.973619304518,43.24238100955836,6499.216000314076
1761,6424.845064519928,15.370442738085952,31.04852827710177,6455.89359279703,43.20575277320064,6499.09934557023
1762,6424.788342974659,15.370307040609232,31.02540376022191,6455.813746734881,43.168974471754865,6498.982721206636
1763,6424.731796198272,15.370171761239884,31.002284995659846,6455.734081193931,43.132046546741805,6498.866127740673
1764,6424.675424746075,15.370036901306399,30.979171494555953,6455.654596240631,43.09496947119872,6498.74956571183
1765,6424.619229162997,15.369902462112433,30.95606276846613,6455.575291931463,43.05774375018861,6498.633035681652
1766,6424.563209981928,15.369768444932841,30.932958329428054,6455.496168311356,43.02036992130691,6498.516538232663
1767,6424.507367725262,15.369634851017373,30.909857690029277,6455.417225415292,42.98284855518564,6498.400073970477
1768,6424.451702901904,15.369501681583504,30.886760363477308,6455.3384632653815,42.94518025599384,6498.283643521376
1769,6424.396216009606,15.369368937822024,30.863665863671503,6455.259881873278,42.90736566193453,6498.1672475352125
1770,6424.340907532047,15.369236620890064,30.840573705277095,6455.181481237324,42.86940544573719,6498.050886683061
1771,6424.28577794001,15.3691047319139,30.817483403801035,6455.103261343811,42.83130031514554,6497.934561658956
1772,6424.230827689412,15.368973271984238,30.79439447566986,6455.025222165082,42.79305101340002,6497.818273178482
1773,6424.176057222575,15.36884224215927,30.771306438309637,6454.947363660885,42.75465831971444,6497.702021980599
1774,6424.121466966263,15.36871164345996,30.748218810227787,6454.869685776491,42.71612304974628,6497.585808826237
1775,6424.067057331641,15.368581476869954,30.72513111109716,6454.792188442738,42.67744605606011,6497.469634498798
1776,6424.012828714094,15.368451743335154,30.702042861841896,6454.714871575936,42.63862822858351,6497.35349980452
1777,6423.958781492118,15.368322443761047,30.67895358472558,6454.6377350768435,42.599670495055015,6497.237405571898
1778,6423.904916026868,15.368193579011646,30.655862803441302,6454.560778830309,42.56057382146339,6497.121352651772
1779,6423.851232662316,15.368065149909846,30.63277004320391,6454.48400270552,42.52133921247764,6497.005341917998
1780,6423.797731723848,15.367937157234087,30.609674830844263,6454.407406554693,42.48196771186736,6496.8893742665605
1781,6423.744413517958,15.367809601717601,30.58657669490568,6454.330990212863,42.44246040291242,6496.773450615776
1782,6423.6912783324115,15.367682484048832,30.563475165742368,6454.254753498154,42.40281840880171,6496.657571906956
1783,6423.638326434042,15.367555804866129,30.540369775620064,6454.178696209662,42.363042893020136,6496.541739102682
1784,6423.585558069713,15.36742956476008,30.51726005881875,6454.102818128532,42.323135059723285,6496.425953188255
1785,6423.532973465497,15.367303764271524,30.494145551737386,6454.027119017234,42.28309615409893,6496.310215171333
1786,6423.480572825383,15.367178403888477,30.471025793000926,6453.951598618384,42.242927462715,6496.194526081099
1787,6423.428356331139,15.367053484045787,30.447900323569264,6453.876256654708,42.20263031385315,6496.078886968561
1788,6423.37632414203,15.366929005124474,30.42476868684837,6453.801092828879,42.16220607782712,6495.963298906706
1789,6423.324476393564,15.366804967448717,30.401630428803493,6453.726106822367,42.12165616728559,6495.847762989652
1790,6423.2728131974045,15.366681371285656,30.378485098074435,6453.651298295479,42.0809820374985,6495.732280332978
1791,6423.221334640872,15.36655821684419,30.355332246092903,6453.576666886965,42.04018518662616,6495.616852073591
1792,6423.170040785794,15.366435504272236,30.3321714272019,6453.502212212996,41.99926715597066,6495.501479368966
1793,6423.118931668102,15.366313233655747,30.30900219877715,6453.427933866879,41.9582295302087,6495.386163397088
1794,6423.068007297542,15.366191405018043,30.285824121350586,6453.353831418893,41.917073937605096,6495.270905356498
1795,6423.017267656893,15.366070018317926,30.262636758735777,6453.279904415628,41.87580205020649,6495.155706465835
1796,6422.966712701421,15.365949073448375,30.23943967815534,6453.206152379576,41.83441558401424,6495.040567963591
1797,6422.916342358207,15.365828570234944,30.21623245037034,6453.132574808577,41.79291629913605,6494.925491107713
1798,6422.866156525042,15.365708508433116,30.193014649811552,6453.059171174854,41.75130599991545,6494.810477174769
1799,6422.816155071076,15.365588887729846,30.16978585471265,6452.985940925788,41.70958653503859,6494.695527460826
1800,6422.766337835425,15.36546970774025,30.14654564724525,6452.91288348267,41.66775979761741,6494.580643280287
1801,6422.716704625928,15.365350968004613,30.12329361365571,6452.839998239584,41.62582772524881,6494.465825964833
1802,6422.667255220052,15.365232667990554,30.10002934440378,6452.767284564456,41.583792300048906,6494.351076864505
1803,6422.617989363289,15.365114807089208,30.076752434302946,6452.694741797592,41.54165554866161,6494.236397346253
1804,6422.56890676891,15.364997384614616,30.053462482662447,6452.622369251572,41.49941954224128,6494.121788793814
1805,6422.520007116877,15.364880399801143,30.03015909343096,6452.550166210309,41.45708639640827,6494.007252606717
1806,6422.471290054207,15.364763851804323,30.00684187534185,6452.478131929549,41.4146582711771,6493.892790200726
1807,6422.422755193873,15.364647739698261,29.98351044205995,6452.406265635933,41.372137370856464,6493.77840300679
1808,6422.374402114248,15.364532062474279,29.960164412329824,6452.334566526578,41.32952594392049,6493.664092470498
1809,6422.326230358519,15.36441681903952,29.936803410125417,6452.263033768644,41.2868262828506,6493.549860051495
1810,6422.278239434281,15.364302008215983,29.913427064801024,6452.191666499082,41.244040723947506,6493.43570722303
1811,6422.23042881276,15.36418762873866,29.890035011243647,6452.120463824003,41.201171647112666,6493.321635471116
1812,6422.182797928992,15.364073679255961,29.866626890026367,6452.049424819018,41.1582214755987,6493.207646294617
1813,6422.135346180627,15.363960158326858,29.843202347563032,6451.97854852819,41.115192675728245,6493.093741203918
1814,6422.088072927179,15.36384706441909,29.819761036263863,6451.907833963443,41.07208775658078,6492.979921720024
1815,6422.040977490911,15.36373439591127,29.79630261469208,6451.837280105603,41.02890926964689,6492.86618937525
1816,6421.994059155013,15.363622151088547,29.772826747721417,6451.766885902734,40.985659808449626,6492.752545711184
1817,6421.947317163334,15.363510328141949,29.749333106694344,6451.696650270029,40.942342008132364,6492.638992278161
1818,6421.900750720575,15.36339892516884,29.725821369581105,6451.6265720901565,40.898958545013066,6492.525530635169
1819,6421.854358991315,15.363287940170611,29.70229122113928,6451.556650212455,40.85551213610431,6492.412162348559
1820,6421.808141100434,15.36317737105367,29.678742353073865,6451.486883453508,40.812005538598925,6492.298888992107
1821,6421.762096131167,15.3630672156248,29.65517446419777,6451.417270595364,40.7684415493209,6492.185712144686
1822,6421.716223126326,15.362957471594083,29.63158726059256,6451.347810386919,40.7248230041414,6492.072633391061
1823,6421.670521087019,15.362848136571815,29.607980455769443,6451.278501542788,40.68115277735954,6491.959654320148
1824,6421.624988972735,15.362739208068744,29.584353770830297,6451.209342743566,40.637433781047875,6491.846776524613
1825,6421.579625701207,15.362630683495711,29.560706934628634,6451.140332635836,40.593668964362394,6491.734001600198
1826,6421.534430146989,15.36252256016026,29.537039683930434,6451.071469830919,40.549861312816994,6491.621331143736
1827,6421.48940114291,15.362414835270119,29.51335176357462,6451.002752906485,40.506013847522425,6491.508766754007
1828,6421.4445374785255,15.362307505929486,29.48964292663326,6450.934180405159,40.46212962438953,6491.396310029549
1829,6421.399837900668,15.362200569140354,29.465912934571058,6450.865750835239,40.41821173329706,6491.283962568536
1830,6421.3553011124,15.3620940218,29.442161557404273,6450.797462669805,40.37426329722402,6491.1717259670295
1831,6421.310925774284,15.36198786070403,29.41838857385882,6450.729314348143,40.330287471346736,6491.059601819489
1832,6421.266710502297,15.361882082541381,29.394593771527372,6450.6613042738245,40.286287442100786,6490.947591715925
1833,6421.222653869603,15.361776683898572,29.370776947025462,6450.593430816629,40.24226642620822,6490.835697242837
1834,6421.178754405448,15.361671661257052,29.346937906146255,6450.525692311594,40.19822766966996,6490.723919981264
1835,6421.13501059501,15.361567010992847,29.323076464014033,6450.4580870590235,40.15417444672437,6490.6122615057475
1836,6421.0914208801705,15.361462729378399,29.29919244523611,6450.390613325407,40.110110058771696,6490.500723384179
1837,6421.047983658681,15.361358812580576,29.27528568405309,6450.323269342734,40.06603783326531,6490.389307175999
1838,6421.004697284986,15.361255256662647,29.251356024487333,6450.256053309473,40.02196112257012,6490.278014432043
1839,6420.961560069373,15.361152057582233,29.22740332048935,6450.188963389863,39.97788330278862,6490.166846692651
1840,6420.918570279028,15.361049211193848,29.20342743608222,6450.12199771511,39.93380777255542,6490.055805487666
1841,6420.8757261376795,15.360946713248037,29.179428245503605,6450.055154383183,39.88973795180058,6489.944892334984
1842,6420.833025825305,15.360844559390683,29.155405633345367,6449.988431458651,39.8456772804829,6489.834108739134
1843,6420.790467479821,15.360742745167036,29.131359494690585,6449.9218269745115,39.801629217293545,6489.723456191805
1844,6420.748049195767,15.36064126601858,29.107289735247782,6449.855338931015,39.75759723833107,6489.612936169346
1845,6420.705769025124,15.360540117284986,29.083196271482315,6449.788965296606,39.71358483574875,6489.502550132354
1846,6420.663624978187,15.360439294206188,29.05907903074457,6449.722704008931,39.669595516374976,6489.392299525306
1847,6420.621615022807,15.360338791920592,29.034937951395015,6449.656552974202,39.62563280030789,6489.28218577451
1848,6420.579737085805,15.360238605468433,29.010772982925776,6449.590510068731,39.581700219485136,6489.172210288217
1849,6420.537989053047,15.360138729791977,28.98658408607878,6449.524573139125,39.53780131623007,6489.062374455355
1850,6420.496368769601,15.360039159735887,28.962371232959953,6449.458740002561,39.4939396417753,6488.952679644336
1851,6420.454874040341,15.359939890048661,28.93813440714981,6449.3930084474905,39.45011875476485,6488.843127202255
1852,6420.413502631269,15.35984091538581,28.91387360380978,6449.327376235078,39.40634221973635,6488.733718454814
1853,6420.372252268681,15.35974223030785,28.889588829784447,6449.261841098466,39.36261360558429,6488.624454704051
1854,6420.331120640594,15.359643829283717,28.865280103699426,6449.196400744294,39.31893648400585,6488.515337228299
1855,6420.290105397929,15.359545706693611,28.840947456054735,6449.131052853984,39.27531442793056,6488.406367281915
1856,6420.249204153761,15.35944785682718,28.816590929313474,6449.065795083075,39.23175100993531,6488.29754609301
1857,6420.208414485612,15.359350273889023,28.79221057798575,6449.000625063597,39.188249800646204,6488.188874864243
1858,6420.167733934939,15.359252951997462,28.767806468707604,6448.935540403647,39.144814367128454,6488.080354770776
1859,6420.127160008292,15.3591558851873,28.74337868031485,6448.870538688607,39.10144827126634,6487.971986959873
1860,6420.086690178527,15.359059067412742,28.71892730391169,6448.805617482439,39.05815506813434,6487.863772550573
1861,6420.046321885592,15.358962492549264,28.69445244293393,6448.740774328526,39.01493830436124,6487.755712632887
1862,6420.006052536657,15.358866154393917,28.6699542132067,6448.6760067498635,38.97180151648893,6487.6478082663525
1863,6419.965879508067,15.358770046670017,28.64543274299654,6448.611312251063,38.92874822932726,6487.540060480391
1864,6419.925800145607,15.35867416302777,28.620888173057644,6448.546688318665,38.885781954306864,6487.432470272972
1865,6419.885811765637,15.35857849704698,28.596320656672333,6448.482132422309,38.842906187831616,6487.325038610141
1866,6419.845911656854,15.358483042241277,28.571730359685375,6448.4176420165395,38.80012440963224,6487.217766426172
1867,6419.8060970797305,15.35838779205677,28.54711746053235,6448.353214540263,38.757440081123065,6487.110654621386
1868,6419.766365269317,15.358292739878749,28.522482150261588,6448.288847419579,38.71485664376341,6487.003704063342
1869,6419.726713435294,15.358197879031804,28.497824632549978,6448.224538067844,38.672377517425524,6486.89691558527
1870,6419.687138763387,15.358103202783223,28.47314512371216,6448.1602838870995,38.630006098770686,6486.79028998587
1871,6419.647638417055,15.358008704347021,28.448443852703367,6448.096082269758,38.587745759635325,6486.683828029393
1872,6419.608209537546,15.35791437688408,28.423721061115526,6448.031930598661,38.545599845428846,6486.57753044409
1873,6419.56884924661,15.357820213508635,28.39897700316677,6447.967826249776,38.50357167354485,6486.471397923321
1874,6419.529554646184,15.357726207287522,28.37421194568417,6447.903766591868,38.4616645317876,6486.365431123655
1875,6419.490322821095,15.35763235124664,28.34942616807958,6447.839748989175,38.4198816768154,6486.259630665991
1876,6419.451150839157,15.357538638371189,28.32461996231878,6447.775770801476,38.37822633260252,6486.153997134079
1877,6419.4120357536485,15.3574450616116,28.29979363288347,6447.711829386532,38.33670168892143,6486.048531075454
1878,6419.3729746033105,15.357351613883518,28.274947496726476,6447.647922100037,38.29531089984707,6485.9432329998845
1879,6419.3339644153675,15.357258288075043,28.250081883219885,6447.584046298587,38.25405708228462,6485.838103380872
1880,6419.295002205095,15.357165077045682,28.22519713409609,6447.520199339191,38.21294331452255,6485.733142653714
1881,6419.256084978351,15.357071973632419,28.2002936033819,6447.456378581734,38.17197263481242,6485.628351216546
1882,6419.217209733558,15.356978970654446,28.175371657325485,6447.392581390884,38.13114803997712,6485.523729430861
1883,6419.178373460798,15.356886060911,28.15043167431631,6447.328805135115,38.09047248404886,6485.419277619163
1884,6419.139573146029,15.356793237191457,28.125474044797947,6447.265047190826,38.04994887693854,6485.314996067765
1885,6419.100805770413,15.356700492273715,28.100499171173876,6447.201304941587,38.0095800831379,6485.210885024725
1886,6419.062068313167,15.356607818931023,28.075507467706235,6447.137575780874,37.969368920455764,6485.10694470133
1887,6419.023357752005,15.356515209933026,28.050499360407564,6447.073857112412,37.92931815878986,6485.003175271202
1888,6418.984671064847,15.356422658049874,28.025475286925577,6447.010146351773,37.88943051893528,6484.899576870708
1889,6418.946005232402,15.356330156058378,28.000435696420986,6446.946440928823,37.84970867143103,6484.7961496002545
1890,6418.907357237511,15.356237696740457,27.97538104943847,6446.8827382869495,37.81015523544578,6484.692893522395
1891,6418.868724068121,15.356145272890242,27.950311817770842,6446.819035885892,37.770772777703776,6484.589808663596
1892,6418.830102718817,15.356052877317744,27.925228484316452,6446.755331203134,37.73156381145228,6484.4868950145865
1893,6418.79149019156,15.355960502850623,27.90013154292991,6446.69162173449,37.69253079547124,6484.384152529961
1894,6418.752883497462,15.355868142338425,27.875021498266264,6446.627904995728,37.65367613312634,6484.281581128855
1895,6418.714279657785,15.355775788654986,27.849898865618655,6446.564178523403,37.615002171466095,6484.179180694869
1896,6418.675675706467,15.355683434704465,27.82476417074963,6446.500439877216,37.576511200364095,6484.07695107758
1897,6418.637068690099,15.355591073421289,27.799617949716083,6446.436686639815,37.538205451706744,6483.974892091522
1898,6418.598455670557,15.355498697776452,27.77446074868815,6446.3729164192455,37.50008709862755,6483.873003517873
1899,6418.559833725966,15.355406300779823,27.749293123762044,6446.309126849728,37.462158254788285,6483.771285104516
1900,6418.521199951832,15.355313875482853,27.724115640766893,6446.2453155926,37.42442097370766,6483.669736566308
1901,6418.482551462399,15.355221414981816,27.69892887506594,6446.181480337465,37.386877248138035,6483.568357585603
1902,6418.443885392425,15.35512891242207,27.67373341135201,6446.117618803777,37.34952900949031,6483.467147813268
1903,6418.405198898628,15.355036361001503,27.648529843437636,6446.053728742066,37.31237812730774,6483.366106869374
1904,6418.366489159872,15.354943753970986,27.623318774039763,6445.989807933912,37.275426408788334,6483.2652343427
1905,6418.327753379867,15.354851084640831,27.598100814559356,6445.925854194426,37.238675598356586,6483.164529792783
1906,6418.288988787424,15.354758346381399,27.57287658485609,6445.861865372281,37.202127377284334,6483.063992749565
1907,6418.250192637824,15.354665532626372,27.547646713018143,6445.797839350842,37.16578336336068,6482.963622714203
1908,6418.2113622148845,15.354572636877714,27.52241183512751,6445.733774050012,37.12964511061128,6482.8634191606225
1909,6418.172494830588,15.354479652704757,27.497172595020785,6445.669667425609,37.093714109066525,6482.763381534675
1910,6418.133587827937,15.354386573751045,27.471929644045776,6445.605517471983,37.05799178457872,6482.663509256562
1911,6418.094638580672,15.354293393733665,27.446683640814122,6445.541322221486,37.022479498687844,6482.563801720174
1912,6418.055644495341,15.354200106448184,27.421435250949997,6445.477079746291,36.987178548535596,6482.464258294826
1913,6418.0166030111895,15.354106705768396,27.396185146835315,6445.412788158025,36.95209016682743,6482.364878324853
1914,6417.977511602484,15.354013185651876,27.370934007351426,6445.348445609835,36.917215521842124,6482.265661131677
1915,6417.938367779132,15.353919540141463,27.3456825176177,6445.28405029675,36.88255571748817,6482.166606014238
1916,6417.899169086611,15.3538257633651,27.320431368727085,6445.219600455339,36.84811179340683,6482.067712248746
1917,6417.859913108357,15.353731849541525,27.295181257478976,6445.155094365837,36.81388472512087,6481.968979090958
1918,6417.820597465662,15.353637792980052,27.26993288610945,6445.090530351771,36.77987542422835,6481.870405776
1919,6417.781219818871,15.353543588083424,27.24468696201932,6445.02590678089,36.74608473864096,6481.771991519531
1920,6417.741777867781,15.353449229348758,27.219444197500025,6444.961222065281,36.71251345286586,6481.673735518147
1921,6417.702269353488,15.353354711371981,27.194205309457736,6444.896474662946,36.67916228833033,6481.5756369512765
1922,6417.662692057164,15.353260028844891,27.16897101913576,6444.8316630763,36.64603190374824,6481.477694980048
1923,6417.623043802942,15.353165176562063,27.14374205183563,6444.766785854778,36.613122895527525,6481.379908750306
1924,6417.583322456921,15.353070149418473,27.11851913663701,6444.701841593558,36.58043579821767,6481.282277391776
1925,6417.543525928715,15.352974942413194,27.093303006116656,6444.636828934832,36.54797108499602,6481.184800019828
1926,6417.503652171241,15.352879550648902,27.068094396066712,6444.571746567308,36.51572916819213,6481.0874757354995
1927,6417.463699181939,15.352783969334782,27.04289404521248,6444.506593227151,36.48371039984886,6480.990303627
1928,6417.423665002757,15.3526881937865,27.017702694930016,6444.441367697687,36.45191507231917,6480.893282770006
1929,6417.383547721048,15.352592219428344,26.992521088963663,6444.376068810011,36.420343418897474,6480.796412228909
1930,6417.343345469191,15.352496041792323,26.96734997314382,6444.310695442335,36.38899561448436,6480.699691056819
1931,6417.3030564257015,15.352399656520817,26.942190095105154,6444.245246520806,36.35787177628339,6480.603118297089
1932,6417.262678815513,15.352303059367257,26.9170422040054,6444.179721019518,36.32697196452892,6480.506692984047
1933,6417.222210909631,15.352206246195289,26.89190705024517,6444.114117959876,36.296296183243584,6480.41041414312
1934,6417.18165102603,15.352109212980933,26.866785385188695,6444.048436411218,36.26584438102404,6480.314280792242
1935,6417.140997529296,15.352011955811713,26.84167796088601,6443.982675490182,36.23561645185407,6480.218291942037
1936,6417.100248831161,15.351914470887944,26.81658552979657,6443.916834360957,36.20561223594335,6480.122446596901
1937,6417.059403390333,15.351816754522327,26.791508844514603,6443.850912234847,36.17583152059081,6480.026743755438
1938,6417.018459713095,15.351718803141376,26.766448657496397,6443.784908370591,36.14627404107121,6479.931182411663
1939,6416.977416352718,15.351620613284014,26.741405720789718,6443.718822073508,36.116939481543604,6479.835761555051
1940,6416.936271909842,15.351522181602492,26.716380785765494,6443.652652695607,36.087827475980426,6479.7404801715875
1941,6416.895025032172,15.351423504861657,26.691374602852047,6443.5863996350245,36.05893760911583,6479.64533724414
1942,6416.853674414629,15.351324579939304,26.666387921272,6443.520062335901,36.03026941741196,6479.550331753312
1943,6416.812218799418,15.351225403826358,26.64142148878203,6443.4536402881995,36.00182239004194,6479.455462678241
1944,6416.770656974891,15.351125973624141,26.616476051415667,6443.387133026306,35.97359596988812,6479.360728996195
1945,6416.7289877772555,15.351026286548459,26.591552353229343,6443.320540130485,35.94558955455447,6479.266129685039
1946,6416.687210088205,15.350926339923934,26.56665113605172,6443.253861224256,35.917802497391605,6479.171663721648
1947,6416.645322836407,15.350826131187576,26.541773139236643,6443.187095975643,35.89023410853343,6479.0773300841765
1948,6416.603324995975,15.350725657885107,26.51691909941968,6443.120244095394,35.86288365594398,6478.983127751338
1949,6416.56121558712,15.350624917672537,26.49208975027858,6443.053305337399,35.83575036647322,6478.889055703872
1950,6416.518993675571,15.350523908314765,26.467285822297622,6442.986279497869,35.808833426920636,6478.7951129247895
1951,6416.476658371538,15.350422627683106,26.442508042536073,6442.919166414074,35.782131985105444,6478.70129839918
1952,6416.434208830507,15.350321073757193,26.417757134400915,6442.851965964907,35.75564515094213,6478.607611115849
1953,6416.391644251621,15.350219244621103,26.393033817423827,6442.784678069045,35.72937199752019,6478.514050066566
1954,6416.348963878116,15.350117138464391,26.368338807042747,6442.717302685159,35.703311562187096,6478.420614247346
1955,6416.306166996605,15.350014753580394,26.343672814387883,6442.6498398109925,35.67746284763304,6478.327302658626
1956,6416.263252936367,15.349912088364515,26.319036546072446,6442.58228948244,35.65182482297677,6478.234114305416
1957,6416.220221069213,15.349809141313907,26.294430703988173,6442.514651773201,35.62639642485116,6478.141048198052
1958,6416.17707080868,15.34970591102555,26.26985598510563,6442.446926793786,35.60117655848755,6478.048103352273
1959,6416.133801609732,15.34960239619553,26.245313081279512,6442.379114691011,35.57616409879802,6477.955278789808
1960,6416.090412968054,15.349498595617353,26.220802679058934,6442.3112156471125,35.55135789145433,6477.862573538567
1961,6416.046904419361,15.349394508180291,26.19632545950276,6442.243229878864,35.52675675396297,6477.769986632828
1962,6416.003275538531,15.3492901328673,26.171882098000154,6442.175157636531,35.50235947673496,6477.677517113267
1963,6415.959525940203,15.349185468756467,26.147473264096238,6442.106999204299,35.478164824149914,6477.585164028449
1964,6415.915655277116,15.349080515017024,26.123099621323078,6442.038754898439,35.454171535613334,6477.492926434053
1965,6415.8716632388,15.34897527090622,26.098761827035908,6441.970425065835,35.43037832660629,6477.400803392441
1966,6415.827549553087,15.348869735772935,26.074460532254697,6441.902010085341,35.40678388972683,6477.3087939750685
1967,6415.783313983241,15.348763909050815,26.0501963815111,6441.833510364752,35.38338689572228,6477.216897260475
1968,6415.738956328333,15.34865779025917,26.02597001270075,6441.764926341034,35.36018599451176,6477.125112335546
1969,6415.694476423205,15.348551379002883,26.001782056941018,6441.696258480146,35.33717981619816,6477.033438296344
1970,6415.64987413562,15.348444674965599,25.97763313843413,6441.627507274054,35.31436697206907,6476.941874246123
1971,6415.605149368137,15.348337677914204,25.953523874335744,6441.558673242473,35.29174605558592,6476.850419298058
1972,6415.5603020555745,15.348230387692762,25.929454874628952,6441.489756930204,35.269315643360784,6476.7590725735645
1973,6415.515332164993,15.348122804222472,25.90542674200377,6441.4207589069965,35.247074296120275,6476.667833203117
1974,6415.470239695248,15.348014927500593,25.881440071741903,6441.35167976699,35.225020559656144,6476.5767003266465
1975,6415.42502467544,15.347906757596746,25.857495451607072,6441.282520127047,35.20315296576183,6476.485673092809
1976,6415.379687165016,15.347798294653147,25.833593461740648,6441.213280626756,35.18147003315485,6476.394750659912
1977,6415.334227252442,15.347689538881442,25.809734674562677,6441.143961927005,35.15997026838425,6476.303932195389
1978,6415.288645054911,15.347580490561988,25.78591965467822,6441.074564709589,35.138652166723034,6476.213216876312
1979,6415.242940717359,15.347471150041528,25.762148958789023,6441.005089676148,35.117514213045,6476.122603889193
1980,6415.197114411738,15.34736151773143,25.738423135610446,6440.935537547348,35.09655488268575,6476.032092430034
1981,6415.15116633636,15.347251594106124,25.71474272579366,6440.865909062153,35.075772642287525,6475.94168170444
1982,6415.10509671553,15.347141379702224,25.691108261852907,6440.796204977382,35.055165950627654,6475.85137092801
1983,6415.058905797579,15.347030875113827,25.66752026809806,6440.7264260656775,35.03473325943027,6475.761159325108
1984,6415.012593855911,15.346920080995003,25.643979260572113,6440.656573116484,35.01447301416119,6475.671046130645
1985,6414.966161186774,15.346808998054483,25.6204857469938,6440.586646933768,34.99438365480568,6475.581030588573
1986,6414.919608109282,15.346697627055699,25.59704022670513,6440.516648335987,34.97446361662895,6475.491111952616
1987,6414.872934964716,15.34658596881511,25.573643190623805,6440.446578155339,34.954711330919324,6475.401289486258
1988,6414.826142115726,15.346474024200301,25.550295121200527,6440.376437236926,34.93512522571385,6475.31156246264
1989,6414.779229945182,15.34636179412723,25.526996492381006,6440.306226437563,34.915703726506294,6475.221930164069
1990,6414.732198856104,15.346249279560059,25.5037477695727,6440.235946625677,34.89644525693756,6475.132391882614
1991,6414.685049270752,15.346136481508976,25.480549409616188,6440.165598680368,34.87734823946832,6475.042946919836
1992,6414.6377816297845,15.346023401028193,25.45740186076104,6440.095183490545,34.85841109603388,6474.953594586579
1993,6414.590396391803,15.34591003921484,25.434305562646124,6440.024701954449,34.839632248681426,6474.86433420313
1994,6414.5428940324755,15.345796397206879,25.41126094628443,6439.95415497876,34.82101012018943,6474.775165098949
1995,6414.495275044362,15.345682476182684,25.38826843405195,6439.883543478414,34.802543134669406,6474.686086613084
1996,6414.447539935132,15.345568277356776,25.365328439681093,6439.812868374814,34.784229718150065,6474.597098092963
1997,6414.399689228845,15.345453801982883,25.34244136825781,6439.742130597103,34.76606829914384,6474.5081988962465
1998,6414.351723462936,15.345339051346738,25.31960761622316,6439.671331079159,34.74805730919598,6474.419388388355
1999,6414.303643189563,15.34522402676929,25.296827571378554,6439.600470760942,34.730195183416264,6474.330665944358
2000,6414.25544897409,15.345108729603085,25.274101612894945,6439.529550586984,34.71248036099347,6474.242030947978
2001,6414.207141394552,15.344993161230986,25.251430111325742,6439.458571505878,34.69491128569269,6474.153482791571
2002,6414.158721041496,15.34487732306578,25.22881342862346,6439.38753447012,34.6774864063357,6474.0650208764555
2003,6414.110188516295,15.34476121654616,25.20625191815986,6439.316440434455,34.660204177264525,6473.97664461172
2004,6414.061544432093,15.344644843138978,25.183745924749577,6439.245290356843,34.64306305878836,6473.888353415631
2005,6414.012789412374,15.344528204335823,25.161295784677165,6439.174085197052,34.62606151761399,6473.800146714666
2006,6413.963924089758,15.344411301650139,25.138901825727444,6439.1028259154855,34.60919802726008,6473.712023942746
2007,6413.914949107309,15.344294136620357,25.116564367218967,6439.031513474529,34.592471068455204,6473.623984542984
2008,6413.865865116043,15.34417671080393,25.09428372004061,6438.960148836084,34.575879129520246,6473.536027965604
2009,6413.816672776291,15.3440590257806,25.072060186691218,6438.888732962982,34.55942070673503,6473.448153669718
2010,6413.767372754602,15.34394108314498,25.04989406132202,6438.817266815924,34.54309430468966,6473.360361120614
2011,6413.717965726593,15.343822884513381,25.02778562978198,6438.745751356375,34.526898436620634,6473.272649792995
2012,6413.668452373357,15.343704431515206,25.005735169665797,6438.6741875430225,34.51083162473213,6473.185019167755
2013,6413.618833382841,15.343585725796272,24.983742950364526,6438.602576333205,34.494892400502536,6473.097468733708
2014,6413.569109449304,15.343466769017473,24.96180923311869,6438.530918682422,34.47907930497674,6473.009997987399
2015,6413.519281271827,15.34334756285126,24.939934271073877,6438.459215542901,34.46339088904415,6472.922606431945
2016,6413.469349554865,15.343228108982931,24.918118309338624,6438.387467864204,34.44782571370288,6472.835293577907
2017,6413.419315006757,15.343108409107074,24.89636158504451,6438.315676591801,34.43238235031042,6472.748058942111
2018,6413.369178341175,15.342988464931041,24.874664327408485,6438.243842668584,34.41705938082081,6472.660902049405
2019,6413.318940274418,15.342868278168465,24.853026757797146,6438.171967032215,34.401855398008976,6472.573822430224
2020,6413.268601526543,15.342747850541969,24.831449089793068,6438.1000506163355,34.38676900568215,6472.486819622018
2021,6413.218162821134,15.342627183782616,24.809931529262947,6438.028094350397,34.37179881887886,6472.399893169276
2022,6413.167624883213,15.34250627962491,24.788474274427532,6437.95609915764,34.356943464055725,6472.313042621696
2023,6413.116988441304,15.342385139811732,24.767077515933313,6437.884065957237,34.3422015792623,6472.226267536499
2024,6413.066254224721,15.34226376608785,24.74574143692574,6437.8119956616465,34.32757181430428,6472.139567475951
2025,6413.015422965176,15.342142160203771,24.724466213124003,6437.7398891783005,34.313052830895394,6472.052942009196
2026,6412.964495394821,15.342020323911054,24.703252012897305,6437.667747407718,34.29864330279824,6471.966390710516
2027,6412.913472247353,15.341898258964958,24.682098997342393,6437.595571244695,34.28434191595426,6471.879913160649
2028,6412.862354256709,15.341775967121315,24.661007320362465,6437.523361577072,34.2701473686033,6471.793508945675
2029,6412.811142157429,15.34165345013739,24.639977128747216,6437.4511192861755,34.2560583713929,6471.7071776575685
2030,6412.759836683687,15.341530709769588,24.619008562254052,6437.378845245941,34.2420736474777,6471.620918893419
2031,6412.7084385693115,15.341407747773472,24.5981017536903,6437.306540323002,34.22819193260913,6471.534732255611
2032,6412.65694854797,15.341284565904235,24.57725682899643,6437.234205376967,34.214411975215775,6471.448617352183
2033,6412.6053673524,15.341161165914833,24.55647390733016,6437.16184125973,34.20073253647462,6471.362573796205
2034,6412.553695714088,15.341037549555233,24.535753101151396,6437.089448815239,34.18715239037344,6471.276601205613
2035,6412.50193436335,15.340913718572608,24.515094516307897,6437.017028879658,34.1736703237647,6471.190699203423
2036,6412.450084029053,15.340789674710653,24.49449825212165,6436.944582281175,34.1602851364111,6471.104867417586
2037,6412.398145437958,15.340665419708033,24.473964401475893,6436.872109839434,34.14699564102307,6471.019105480457
2038,6412.346119315427,15.340540955300066,24.4534930509026,6436.79961236633,34.1338006632886,6470.933413029618
2039,6412.2940063840415,15.34041628321541,24.433084280670556,6436.727090664712,34.120699041895534,6470.847789706608
2040,6412.241807364417,15.34029140517803,24.41273816487383,6436.654545529291,34.1076896285465,6470.7622351578375
2041,6412.18952297445,15.340166322905382,24.39245477152054,6436.58197774597,34.09477128796699,6470.676749033937
2042,6412.137153929242,15.340041038108234,24.372234162622046,6436.509388091864,34.08194289790666,6470.5913309897705
2043,6412.084700941038,15.339915552490522,24.352076394282314,6436.436777335321,34.069203349133936,6470.505980684455
2044,6412.032164718731,15.339789867748161,24.331981516787458,6436.364146235519,34.0565515454247,6470.420697780944
2045,6411.979545969002,15.339663985571775,24.311949574695525,6436.291495543698,34.043986403544594,6470.335481947242
2046,6411.926845393499,15.33953790763995,24.29198060692622,6436.218826000425,34.0315068532257,6470.25033285365
2047,6411.874063691665,15.339411635625991,24.27207464685077,6436.146138338515,34.01911183713764,6470.165250175653
2048,6411.821201558232,15.339285171191943,24.25223172238177,6436.073433280614,34.006800310853244,6470.080233591468
2049,6411.768259685399,15.339158515993779,24.232451856062895,6436.000711541462,33.994571242809165,6469.995282784271
2050,6411.715238760101,15.339031671674883,24.212735065158594,6435.92797382526,33.982423614261506,6469.910397439521
2051,6411.662139466042,15.338904639870915,24.193081361743562,6435.855220827786,33.97035641923679,6469.825577247023
2052,6411.608962482424,15.338777422206757,24.17349075279205,6435.782453235216,33.958368664478385,6469.740821899694
2053,6411.5557084843385,15.338650020297461,24.15396324026694,6435.709671724606,33.946459369388585,6469.656131093994
2054,6411.502378142602,15.338522435747851,24.134498821208492,6435.63687696381,33.934627565966714,6469.571504529777
2055,6411.448972123031,15.338394670150793,24.11509748782287,6435.564069610854,33.922872298743144,6469.486941909597
2056,6411.395491087608,15.338266725089971,24.095759227570184,6435.491250315178,33.91119262470972,6469.402442939888
2057,6411.341935693382,15.338138602137278,24.076484023252274,6435.418419716634,33.8995876132465,6469.318007329881
2058,6411.28830659237,15.33801030285256,24.057271853099987,6435.34557844547,33.88805634604523,6469.233634791515
2059,6411.234604432144,15.337881828785033,24.03812269086,6435.272727123004,33.87659791702961,6469.149325040034
2060,6411.180829855997,15.337753181473678,24.019036505881218,6435.199866361879,33.865211432272474,6469.065077794151
2061,6411.126983500687,15.337624362441835,24.000013263200568,6435.126996763887,33.853896009910116,6468.980892773798
2062,6411.073065999974,15.337495373205678,23.981052923628322,6435.054118923602,33.84265078005395,6468.896769703656
2063,6411.019077981099,15.337366215265787,23.962155443832756,6434.981233424932,33.83147488469961,6468.8127083096315
2064,6410.9650200668275,15.337236890112028,23.943320776424322,6434.908340843252,33.82036747763361,6468.728708320885
2065,6410.910892875001,15.337107399222491,23.924548870039104,6434.83544174504,33.809327724337784,6468.644769469378
2066,6410.856697018128,15.336977744062509,23.905839669421628,6434.76253668755,33.79835480189162,6468.560891489442
2067,6410.802433103072,15.336847926083903,23.88719311550707,6434.689626218579,33.78744789887263,6468.477074117452
2068,6410.7481017322725,15.336717946727925,23.86860914550272,6434.616710877775,33.77660621525486,6468.39331709303
2069,6410.6937035024675,15.336587807422172,23.85008769296869,6434.543791195436,33.765828962305676,6468.309620157742
2070,6410.639239004978,15.336457509581287,23.83162868789798,6434.470867692876,33.755115362481064,6468.225983055357
2071,6410.584708826397,15.336327054608606,23.813232056795762,6434.397940883193,33.74446464931935,6468.142405532512
2072,6410.5301135475875,15.33619644389375,23.794897722757828,6434.325011270345,33.73387606733368,6468.058887337679
2073,6410.47545374392,15.336065678813206,23.77662560554837,6434.252079349469,33.72334887190324,6467.975428221372
2074,6410.420729985979,15.335934760732007,23.758415621676882,6434.179145607656,33.712882329163314,6467.892027936819
2075,6410.365942838258,15.335803691000617,23.74026768447425,6434.106210522732,33.702475715894465,6467.808686238626
2076,6410.31109286086,15.335672470958995,23.722181704168072,6434.0332745650285,33.692128319410656,6467.725402884439
2077,6410.2561806075055,15.335541101931831,23.704157587957113,6433.960338195463,33.68183943744667,6467.64217763291
2078,6410.201206627498,15.335409585233249,23.686195240084885,6433.887401867583,33.67160837804482,6467.559010245628
2079,6410.146171463886,15.335277922162406,23.668294561912436,6433.8144660257985,33.66143445944102,6467.475900485239
2080,6410.091075655143,15.33514611400752,23.650455451990204,6433.741531107134,33.65131700995031,6467.392848117084
2081,6410.035919734044,15.335014162043167,23.632677806129017,6433.668597540173,33.641255367851976,6467.309852908025
2082,6409.980704227919,15.334882067530907,23.614961517470284,6433.595665745389,33.63124888127434,6467.2269146266635
2083,6409.925429658796,15.334749831719607,23.597306476555183,6433.522736135351,33.6212969080792,6467.14403304343
2084,6409.870096543773,15.334617455846347,23.579712571393024,6433.449809115166,33.61139881574615,6467.061207930912
2085,6409.81470539424,15.334484941134546,23.562179687528708,6433.376885081769,33.6015539812567,6466.978439063026
2086,6409.759256716591,15.334352288795673,23.5447077081093,6433.3039644247,33.5917617909784,6466.895726215678
2087,6409.703751011521,15.334219500027562,23.52729651394961,6433.23104752547,33.58202164054897,6466.813069166019
2088,6409.648188775026,15.334086576016809,23.509945983596996,6433.158134758623,33.57233293476047,6466.730467693384
2089,6409.592570497331,15.333953517936198,23.49265599339514,6433.085226490725,33.562695087443615,6466.647921578169
2090,6409.536896664171,15.333820326947777,23.47542641754699,6433.012323081718,33.55310752135236,6466.56543060307
2091,6409.481167755297,15.333687004199275,23.45825712817674,6432.939424883474,33.543569668048676,6466.482994551523
2092,6409.425384245903,15.333553550827519,23.441147995390914,6432.8665322412935,33.53408096778758,6466.400613209081
2093,6409.3695466058725,15.333419967956633,23.42409888733853,6432.793645493211,33.524640869402695,6466.318286362614
2094,6409.313655299781,15.333286256698042,23.407109670270366,6432.720764970051,33.51524883019203,6466.236013800243
2095,6409.2577107874695,15.33315241815184,23.390180208597325,6432.647890996067,33.505904315804365,6466.153795311871
2096,6409.201713523867,15.33301845340638,23.3733103649478,6432.575023888814,33.49660680012608,6466.07163068894
2097,6409.145663958128,15.332884363536193,23.356500000224262,6432.502163958353,33.48735576516849,6465.989519723521
2098,6409.089562535579,15.332750149606648,23.33974897365885,6432.429311509238,33.47815070095587,6465.907462210193
2099,6409.033409695524,15.332615812668717,23.323057142868088,6432.356466838392,33.46899110541398,6465.825457943806
2100,6408.977205873041,15.332481353763256,23.306424363906704,6432.283630236948,33.45987648425933,6465.743506721207
2101,6408.920951498101,15.332346773918902,23.289850491320536,6432.210801989422,33.450806350889174,6465.661608340311
2102,6408.864646996,15.33221207415311,23.273335378198574,6432.137982374199,33.441780226272094,6465.579762600471
2103,6408.808292787032,15.332077255471368,23.25687887622413,6432.065171663256,33.43279763883948,6465.497969302095
2104,6408.751889286921,15.331942318868233,23.24048083572501,6431.992370122646,33.42385812437773,6465.416228247024
2105,6408.695436906507,15.331807265326571,23.224141105723003,6431.91957801223,33.414961225921274,6465.334539238152
2106,6408.638936051993,15.331672095818165,23.20785953398233,6431.846795585976,33.40610649364641,6465.252902079623
2107,6408.582387125032,15.331536811303906,23.19163596705732,6431.77402309209,33.3972934847661,6465.171316576856
2108,6408.525790522789,15.331401412733944,23.17547025033918,6431.7012607731285,33.38852176342552,6465.089782536554
2109,6408.469146637763,15.33126590104728,23.159362228101955,6431.628508865864,33.37979090059858,6465.008299766463
2110,6408.412455857674,15.33113027717147,23.143311743547606,6431.555767601221,33.37110047398538,6464.926868075207
2111,6408.355718565903,15.33099454202369,23.12731863885027,6431.483037204753,33.36245006791062,6464.845487272663
2112,6408.298935141682,15.3308586965112,23.111382755199696,6431.410317896882,33.353839273222896,6464.764157170104
2113,6408.242105959792,15.330722741530602,23.095503932843812,6431.337609892636,33.34526768719501,6464.68287757983
2114,6408.185231390225,15.330586677967046,23.079682011130537,6431.264913401356,33.33673491342532,6464.601648314781
2115,6408.128311798882,15.330450506695891,23.063916828548756,6431.192228627431,33.32824056174002,6464.520469189171
2116,6408.0713475478715,15.330314228583424,23.048208222768473,6431.11955577064,33.31978424809644,6464.439340018736
2117,6408.01433899417,15.33017784448366,23.03255603068022,6431.0468950248505,33.31136559448742,6464.358260619338
2118,6407.957286491353,15.330041355242471,23.01696008843362,6430.974246579787,33.30298422884661,6464.277230808634
2119,6407.9001903884655,15.329904761694893,23.001420231475254,6430.901610619941,33.294639784955,6464.196250404895
2120,6407.843051030728,15.329768064666814,22.985936294585677,6430.828987325313,33.28633190234824,6464.1153192276615
2121,6407.785868758834,15.329631264973287,22.97050811191575,6430.75637687075,33.278060226225236,6464.034437096975
2122,6407.728643909994,15.32949436342104,22.955135517022146,6430.683779427017,33.2698244073577,6463.953603834375
2123,6407.67137681707,15.329357360806387,22.939818342902193,6430.611195159972,33.26162410200077,6463.872819261973
2124,6407.61406780903,15.329220257916338,22.92455642202792,6430.538624231058,33.25345897180473,6463.792083202862
2125,6407.5567172112305,15.32908305552926,22.909349586379424,6430.4660667976095,33.24532868372777,6463.711395481338
2126,6407.499325344838,15.328945754413489,22.894197667477517,6430.393523012316,33.23723290994979,6463.630755922266
2127,6407.4418925275495,15.328808355329066,22.87910049641561,6430.3209930239655,33.22917132778738,6463.550164351753
2128,6407.384419072973,15.328670859026252,22.864057903891002,6430.248476976864,33.221143619609755,6463.469620596474
2129,6407.3269052911855,15.328533266246856,22.8490697202354,6430.175975011421,33.21314947275586,6463.389124484176
2130,6407.269351488427,15.328395577723509,22.834135775444793,6430.103487263872,33.20518857945245,6463.308675843325
2131,6407.211757967796,15.328257794181331,22.819255899208677,6430.031013867005,33.19726063673333,6463.228274503738
2132,6407.154125027962,15.328119916334838,22.80442992093858,6429.958554948901,33.189365346359644,6463.1479202952605
2133,6407.0964529646535,15.327981944891516,22.78965766979593,6429.886110634449,33.181502414741175,6463.06761304919
2134,6407.038742070418,15.32784388055124,22.774938974719362,6429.813681045138,33.173671552858785,6462.9873525979965
2135,6406.9809926330145,15.327705724002428,22.760273664451304,6429.741266297466,33.165872476187864,6462.907138773654
2136,6406.923204938092,15.327567475928449,22.745661567563996,6429.668866505655,33.15810490462287,6462.826971410278
2137,6406.865379267263,15.327429137003021,22.731102512484867,6429.596481779748,33.15036856240287,6462.7468503421505
2138,6406.8075158991505,15.327290707892704,22.71659632752133,6429.524112226672,33.1426631780382,6462.666775404709
2139,6406.7496151087225,15.327152189255317,22.702142840884967,6429.451757949608,33.13498848423811,6462.586746433846
2140,6406.691677167746,15.327013581741019,22.68774188071514,6429.379419048461,33.12734421783948,6462.506763266301
2141,6406.633702345119,15.326874885993107,22.673393275102022,6429.307095620221,33.11973011973651,6462.426825739957
2142,6406.575690905844,15.326736102645558,22.65909685210904,6429.234787757952,33.11214593481152,6462.346933692764
2143,6406.517643112514,15.326597232326588,22.644852439794843,6429.162495552308,33.10459141186669,6462.267086964175
2144,6406.459559224082,15.326458275655698,22.630659866234588,6429.090219090317,33.09706630355687,6462.187285393874
2145,6406.401439496743,15.326319233245796,22.616518959540773,6429.017958456283,33.08957036632329,6462.107528822607
2146,6406.343284183549,15.32618010570227,22.602429547883588,6428.945713731433,33.08210336032843,6462.027817091762
2147,6406.285093534483,15.326040893623166,22.588391459510618,6428.873484993994,33.07466504939173,6461.948150043386
2148,6406.2268677965685,15.325901597599445,22.574404522766116,6428.801272319334,33.067255200926326,6461.868527520261
2149,6406.168607213998,15.325762218215306,22.56046856610975,6428.729075780108,33.05987358587679,6461.788949365985
2150,6406.110312028152,15.325622756048212,22.546583418134883,6428.656895446287,33.05251997865775,6461.709415424945
2151,6406.051982477255,15.325483211668073,22.532748907586303,6428.584731384841,33.04519415709362,6461.629925541934
2152,6405.993618797111,15.32534358563902,22.518964863377533,6428.512583660488,33.03789590235904,6461.550479562848
2153,6405.935221220334,15.325203878517545,22.50523111460767,6428.440452334941,33.03062499892047,6461.471077333862
2154,6405.876789977249,15.325064090854664,22.491547490577723,6428.368337467827,33.0233812344786,6461.391718702305
2155,6405.818325294936,15.324924223193626,22.477913820806506,6428.2962391157425,33.016164399911666,6461.312403515654
2156,6405.759827398106,15.324784276072023,22.46432993504614,6428.224157333152,33.00897428921976,6461.233131622372
2157,6405.701296509078,15.324644250021718,22.450795663297058,6428.152092172375,33.00181069946992,6461.153902871845
2158,6405.642732847198,15.32450414556746,22.437310835822597,6428.08004368302,32.994673430742225,6461.074717113763
2159,6405.584136629048,15.324363963227388,22.42387528316319,6428.008011912211,32.98756228607665,6460.995574198288
2160,6405.525508069519,15.324223703515596,22.41048883615012,6427.935996905669,32.98047707142091,6460.9164739770895
2161,6405.466847379846,15.32408336693743,22.397151325918895,6427.863998705764,32.97341759557905,6460.837416301343
2162,6405.40815476973,15.32394295399457,22.3838625839222,6427.792017353652,32.96638367016099,6460.758401023813
2163,6405.349430445986,15.323802465181785,22.37062244194248,6427.720052887928,32.95937510953279,6460.679427997461
2164,6405.290674613065,15.323661900988194,22.35743073210413,6427.648105345169,32.952391730767864,6460.600497075937
2165,6405.231887473305,15.323521261897858,22.344287286885315,6427.57617476019,32.94543335359891,6460.521608113789
2166,6405.173069226097,15.323380548387792,22.33119193912943,6427.504261165226,32.93849980037071,6460.442760965597
2167,6405.11422006947,15.323239760931747,22.31814452205618,6427.4323645915265,32.93159089599367,6460.36395548752
2168,6405.055340197906,15.32309889999499,22.305144869272333,6427.360485067178,32.924706467898275,6460.285191535077
2169,6404.996429805005,15.322957966040683,22.292192814782116,6427.288622619788,32.91784634599014,6460.206468965778
2170,6404.937489080846,15.322816959523555,22.279288192997267,6427.216777273843,32.91101036260596,6460.127787636449
2171,6404.87851821456,15.322675880896076,22.266430838746768,6427.144949053307,32.90419835247017,6460.049147405777
2172,6404.819517392059,15.322534730603014,22.25362058728625,6427.073137979346,32.89741015265235,6459.970548131998
2173,6404.760486797615,15.322393509085204,22.240857274307103,6427.001344071922,32.89064560252538,6459.891989674447
2174,6404.701426613434,15.32225221677855,22.228140735945168,6426.929567349379,32.88390454372432,6459.813471893103
2175,6404.64233701965,15.322110854113994,22.215470808789327,6426.857807828439,32.87718682010598,6459.734994648545
2176,6404.583218193875,15.321969421516448,22.202847329889558,6426.786065523765,32.87049227770926,6459.656557801474
2177,6404.52407031232,15.321827919407465,22.190270136764916,6426.714340449085,32.86382076471607,6459.578161213802
2178,6404.464893548695,15.321686348202618,22.177739067411064,6426.642632616106,32.85717213141307,6459.499804747519
2179,6404.405688075063,15.321544708313548,22.165253960307613,6426.5709420353705,32.85054623015404,6459.421488265524
2180,6404.34645406168,15.321403000147559,22.15281465442517,6426.499268716105,32.84394291532281,6459.343211631428
2181,6404.287191676368,15.321261224106143,22.140420989232105,6426.4276126656005,32.83736204329706,6459.264974708897
2182,6404.227901085558,15.32111938058746,22.128072804701088,6426.3559738902595,32.83080347241255,6459.186777362672
2183,6404.168582453198,15.320977469983728,22.115769941315317,6426.284352394513,32.82426706292812,6459.108619457441
2184,6404.109235942301,15.32083549268493,22.103512240074544,6426.212748182375,32.81775267699129,6459.030500859367
2185,6404.049861713162,15.320693449074549,22.09129954250085,6426.141161255662,32.811260178604456,6458.952421434266
2186,6403.990459924772,15.320551339532948,22.079131690644168,6426.069591615416,32.80478943359171,6458.874381049008
2187,6403.931030734518,15.320409164436645,22.06700852708756,6425.998039261605,32.79834030956625,6458.796379571171
2188,6403.871574297273,15.320266924156154,22.054929894952302,6425.926504192225,32.79191267589841,6458.718416868124
2189,6403.812090767253,15.320124619060413,22.042895637902745,6425.854986405156,32.78550640368422,6458.64049280884
2190,6403.752580296135,15.319982249512286,22.03090560015091,6425.783485896286,32.77912136571458,6458.562607262001
2191,6403.693043034066,15.319839815870973,22.01895962646092,6425.712002660527,32.77275743644499,6458.484760096972
2192,6403.633479129909,15.319697318492604,22.00705756215322,6425.640536692062,32.766414491965826,6458.406951184027
2193,6403.573888730511,15.319554757728493,21.99519925310854,6425.569087983619,32.76009240997312,6458.329180393593
2194,6403.514271981459,15.319412133926937,21.983384545771763,6425.497656527231,32.75379106973999,6458.251447596971
2195,6403.454629026213,15.319269447431132,21.971613287155478,6425.426242313369,32.74751035208847,6458.173752665457
2196,6403.394960007428,15.319126698582364,21.959885324843444,6425.354845332272,32.74125013936191,6458.096095471634
2197,6403.33526506555,15.318983887716627,21.948200506993846,6425.283465572544,32.735010315397965,6458.018475887941
2198,6403.275544340002,15.318841015167468,21.93655868234231,6425.212103022344,32.7287907655019,6457.940893787846
2199,6403.215797968034,15.31869808126324,21.924959700204845,6425.140757668239,32.72259137642056,6457.863349044659
2200,6403.156026086137,15.318555086330472,21.91340341048052,6425.069429496618,32.71641203631681,6457.785841532935
2201,6403.096228828884,15.318412030691109,21.901889663654043,6424.998118492538,32.7102526347443,6457.708371127283
2202,6403.036406329802,15.318268914664598,21.89041831079814,6424.9268246406,32.704113062622866,6457.630937703223
2203,6402.976558720655,15.31812573856616,21.87898920357579,6424.85554792423,32.69799321221437,6457.553541136444
2204,6402.91668613165,15.317982502707297,21.8676021942423,6424.784288325892,32.69189297709886,6457.476181302991
2205,6402.856788692219,15.317839207397654,21.85625713564725,6424.713045827866,32.685812252151365,6457.398858080018
2206,6402.79686652997,15.317695852942514,21.84495388123624,6424.641820411207,32.67975093351897,6457.321571344726
2207,6402.736919771005,15.317552439643553,21.83369228505258,6424.570612056057,32.67370891859841,6457.244320974655
2208,6402.676948540825,15.317408967801017,21.822472201738744,6424.499420742563,32.667686106014045,6457.1671068485775
2209,6402.616952962722,15.317265437709862,21.81129348653777,6424.42824644926,32.66168239559631,6457.089928844856
2210,6402.556933159338,15.317121849663488,21.800155995294467,6424.357089154632,32.65569768836048,6457.012786842993
2211,6402.496889251957,15.31697820395205,21.789059584456542,6424.285948836414,32.649731886485924,6456.9356807229
2212,6402.436821360217,15.316834500861765,21.778004111075575,6424.214825471293,32.64378489329567,6456.8586103645885
2213,6402.376729602872,15.316690740676727,21.766989432807875,6424.14371903568,32.637856613236465,6456.781575648916
2214,6402.316614097324,15.31654692367781,21.75601540791524,6424.07262950524,32.631946951859085,6456.704576457099
2215,6402.256474959926,15.316403050143364,21.745081895265564,6424.001556855192,32.62605581579917,6456.627612670991
2216,6402.196312305348,15.316259120347723,21.734188754333385,6423.930501059682,32.620183112758255,6456.55068417244
2217,6402.136126247966,15.316115134564512,21.723335845200236,6423.859462093166,32.614328751485296,6456.473790844651
2218,6402.075916900063,15.315971093062352,21.712523028555005,6423.788439928618,32.60849264175851,6456.3969325703765
2219,6402.0156843733985,15.315826996108608,21.70175016569413,6423.717434539092,32.6026746943675,6456.320109233459
2220,6401.95542877825,15.315682843967107,21.69101711852164,6423.646445896772,32.59687482109585,6456.243320717868
2221,6401.8951502240225,15.315538636899575,21.680323749549245,6423.575473973572,32.59109293470393,6456.166566908276
2222,6401.834848818729,15.315394375164423,21.66966992189618,6423.504518740626,32.58532894891209,6456.089847689538
2223,6401.774524669887,15.315250059018869,21.659055499289067,6423.433580169176,32.57958277838417,6456.01316294756
2224,6401.714177883237,15.31510568871588,21.648480346061596,6423.362658229299,32.57385433871131,6455.936512568011
2225,6401.653808563815,15.314961264506735,21.637944327154234,6423.291752890969,32.5681435463961,6455.859896437365
2226,6401.593416815465,15.31481678663987,21.627447308113727,6423.220864123579,32.56245031883704,6455.783314442417
2227,6401.533002741525,15.314672255362499,21.616989155092618,6423.149991896617,32.5567745743132,6455.70676647093
2228,6401.4725664434045,15.314527670917236,21.60656973484864,6423.079136178253,32.55111623196935,6455.630252410222
2229,6401.412108022347,15.314383033546283,21.596188914744026,6423.008296937091,32.54547521180121,6455.553772148892
2230,6401.351627578055,15.314238343488169,21.58584656274479,6422.937474140799,32.5398514346411,6455.47732557544
2231,6401.291125209789,15.314093600980357,21.575542547419882,6422.866667757209,32.53424482214377,6455.400912579353
2232,6401.230601015128,15.313948806256287,21.56527673794029,6422.795877753068,32.52865529677261,6455.324533049841
2233,6401.170055091427,15.313803959548867,21.555049004078146,6422.725104095504,32.52308278178602,6455.24818687729
2234,6401.109487534657,15.313659061087696,21.544859216205623,6422.654346750863,32.517527201224155,6455.171873952087
2235,6401.048898439847,15.313514111100112,21.534707245293916,6422.583605685141,32.51198847989579,6455.095594165037
2236,6400.988287901777,15.313369109812863,21.52459296291208,6422.512880864689,32.50646654336559,6455.019347408054
2237,6400.927656013288,15.313224057448057,21.514516241225806,6422.442172254513,32.500961317941474,6454.943133572455
2238,6400.867002867065,15.313078954227429,21.50447695299618,6422.371479820061,32.49547273066238,6454.866952550723
2239,6400.806328554713,15.312933800370127,21.49447497157837,6422.300803526292,32.49000070928611,6454.790804235578
2240,6400.745633167147,15.312788596093654,21.48451017092026,6422.230143338068,32.48454518227753,6454.714688520346
2241,6400.684916793791,15.31264334161194,21.474582425561053,6422.159499219352,32.47910607879697,6454.638605298149
2242,6400.6241795243095,15.312498037139497,21.464691610629725,6422.088871134939,32.473683328688786,6454.562554463628
2243,6400.563421446481,15.312352682886317,21.454837601843604,6422.018259048325,32.46827686247022,6454.486535910794
2244,6400.502642647921,15.312207279062012,21.445020275506756,6421.947662923428,32.462886611320464,6454.4105495347485
2245,6400.441843214892,15.312061825872949,21.435239508508403,6421.8770827234,32.45751250706987,6454.33459523047
2246,6400.381023233777,15.311916323525782,21.425495178321267,6421.806518412099,32.452154482189464,6454.258672894288
2247,6400.320182789294,15.311770772223193,21.41578716299987,6421.735969952294,32.44681246978058,6454.1827824220745
2248,6400.259321965414,15.311625172166062,21.406115341178822,6421.665437306592,32.44148640356476,6454.1069237101565
2249,6400.19844084589,15.31147952355476,21.39647959207105,6421.594920437961,32.4361762178738,6454.031096655835
2250,6400.13753951338,15.311333826587033,21.386879795466,6421.524419308846,32.43088184764003,6453.955301156486
2251,6400.076618050039,15.311188081459422,21.37731583172778,6421.453933881767,32.425603228386734,6453.879537110153
2252,6400.015676536794,15.311042288365535,21.367787581793326,6421.383464118587,32.42034029621882,6453.803804414805
2253,6399.954715054238,15.310896447498177,21.35829492717044,6421.313009981408,32.415092987813566,6453.728102969221
2254,6399.8937336821955,15.310750559048314,21.348837749935917,6421.242571432132,32.409861240411715,6453.652432672543
2255,6399.832732499793,15.310604623205245,21.33941593273353,6421.172148432526,32.404644991808524,6453.576793424335
2256,6399.771711585169,15.310458640155908,21.330029358772087,6421.101740943941,32.39944418034519,6453.501185124286
2257,6399.710671016148,15.310312610086479,21.32067791182335,6421.0313489279715,32.39425874490031,6453.425607672872
2258,6399.649610869921,15.31016653318163,21.31136147622002,6420.960972346141,32.38908862488156,6453.350060971023
2259,6399.588531222704,15.310020409623693,21.302079936853712,6420.890611159557,32.3839337602175,6453.274544919775
2260,6399.527432149982,15.309874239593258,21.29283317917276,6420.820265329155,32.37879409134959,6453.199059420504
2261,6399.46631372696,15.309728023270239,21.283621089180187,6420.74993481614,32.37366955922433,6453.123604375364
2262,6399.405176028069,15.309581760832701,21.274443553431507,6420.6796195815,32.368560105285525,6453.048179686786
2263,6399.344019126776,15.309435452456404,21.265300459032616,6420.609319585809,32.36346567146673,6452.972785257276
2264,6399.28284309644,15.309289098316842,21.256191693637575,6420.5390347900775,32.35838620018386,6452.897420990262
2265,6399.221648009316,15.30914269858688,21.247117145446435,6420.468765154762,32.35332163432788,6452.82208678909
2266,6399.160433937386,15.308996253438723,21.238076703202992,6420.398510640589,32.348271917257684,6452.746782557847
2267,6399.099200951945,15.30884976304293,21.2290702561926,6420.328271208137,32.34323699279315,6452.6715082009305
2268,6399.037949123683,15.30870322756862,21.220097694239875,6420.258046817922,32.33821680520818,6452.596263623131
2269,6398.9766785223765,15.30855664718272,21.211158907706466,6420.187837430083,32.333211299224025,6452.521048729307
2270,6398.915389217755,15.308410022052044,21.202253787488804,6420.117643005244,32.32822042000272,6452.445863425247
2271,6398.854081279011,15.30826335234213,21.193382225015732,6420.047463504026,32.32324411314053,6452.370707617167
2272,6398.792754773803,15.30811663821484,21.184544112246297,6419.977298886049,32.31828232466164,6452.29558121071
2273,6398.731409770478,15.30796987983368,21.17573934166738,6419.907149112146,32.31333500101191,6452.220484113158
2274,6398.670046335932,15.30782307735869,21.166967806291375,6419.837014142224,32.30840208905279,6452.145416231277
2275,6398.608664537001,15.307676230949761,21.1582293996539,6419.766893936654,32.303483536055296,6452.070377472709
2276,6398.547264439913,15.307529340765344,21.14952401581143,6419.696788455724,32.29857928969411,6451.995367745419
2277,6398.485846110049,15.30738240696184,21.140851549338926,6419.626697659388,32.293689298041855,6451.920386957429
2278,6398.424409612676,15.307235429695396,21.13221189532752,6419.556621508003,32.288813509563425,6451.845435017567
2279,6398.362955012239,15.307088409120189,21.1236049493821,6419.4865599616205,32.283951873110375,6451.770511834731
2280,6398.301482372859,15.306941345389616,21.115030607618994,6419.416512980478,32.27910433791557,6451.6956173183935
2281,6398.23999175801,15.306794238655526,21.106488766663567,6419.346480524673,32.27427085358773,6451.620751378261
2282,6398.178483230995,15.306647089069365,21.09797932364787,6419.276462554642,32.269451370106275,6451.545913924749
2283,6398.11695685385,15.306499896779545,21.089502176208192,6419.206459030058,32.26464583781611,6451.471104867874
2284,6398.055412689135,15.30635266193573,21.081057222482748,6419.1364699116175,32.259854207422656,6451.39632411904
2285,6397.993850798367,15.30620538468509,21.072644361109226,6419.066495159476,32.25507642998677,6451.321571589463
2286,6397.932271242132,15.306058065172564,21.064263491222434,6418.996534733355,32.25031245692005,6451.246847190275
2287,6397.8706740817615,15.305910703544884,21.055914512451892,6418.926588594213,32.24556223997988,6451.172150834193
2288,6397.809059377083,15.305763299945175,21.04759732491941,6418.8566567020025,32.24082573126493,6451.097482433267
2289,6397.747427187782,15.305615854516224,21.039311829236723,6418.786739017019,32.2361028832104,6451.022841900229
2290,6397.6857775732715,15.30546836740017,21.03105792650308,6418.716835499775,32.23139364858361,6450.948229148358
2291,6397.624110592133,15.30532083873716,21.022835518302845,6418.646946110435,32.22669798047956,6450.873644090915
2292,6397.56242630332,15.305173268668229,21.014644506703092,6418.577070810023,32.22201583231654,6450.799086642339
2293,6397.500724764006,15.305025657330157,21.006484794251215,6418.507209558257,32.21734715783195,6450.724556716089
2294,6397.43900603214,15.30487800486158,20.99835628397254,6418.437362316113,32.21269191107803,6450.650054227191
2295,6397.377270164856,15.304730311399176,20.990258879367897,6418.367529044223,32.20805004641781,6450.575579090641
2296,6397.315517218771,15.3045825770784,20.982192484411264,6418.297709703182,32.203421518521054,6450.501131221703
2297,6397.253747249901,15.304434802033255,20.974157003547376,6418.227904253448,32.19880628236031,6450.4267105358085
2298,6397.191960314452,15.304286986398212,20.966152341689295,6418.158112656141,32.19420429320703,6450.352316949348
2299,6397.130156467758,15.304139130305641,20.958178404216085,6418.0883348719735,32.18961550662774,6450.277950378601
2300,6397.068335764768,15.303991233887004,20.950235096970378,6418.018570861738,32.18503987848033,6450.203610740218
2301,6397.006498260082,15.303843297272923,20.942322326256036,6417.948820586337,32.18047736491036,6450.129297951247
2302,6396.944644008069,15.303695320593468,20.934439998835757,6417.879084006905,32.17592792234741,6450.055011929252
2303,6396.882773062689,15.303547303977725,20.926588021928715,6417.809361084618,32.17139150750163,6449.98075259212
2304,6396.820885477602,15.303399247554072,20.918766303208205,6417.73965178081,32.16686807736018,6449.90651985817
2305,6396.7589813056,15.303251151448805,20.910974750799284,6417.669956056399,32.16235758918383,6449.832313645583
2306,6396.697060599574,15.303103015788455,20.903213273276382,6417.60027387285,32.157860000503646,6449.7581338733535
2307,6396.635123412028,15.302954840698632,20.895481779661008,6417.53060519169,32.15337526911767,6449.683980460807
2308,6396.573169794798,15.302806626303344,20.887780179419405,6417.460949974217,32.14890335308766,6449.609853327305
2309,6396.511199799657,15.302658372726453,20.88010838246018,6417.391308182117,32.14444421073594,6449.535752392853
2310,6396.449213478021,15.30251008009096,20.872466299131993,6417.321679777153,32.13999780064232,6449.461677577795
2311,6396.3872108805845,15.302361748518145,20.86485384022128,6417.252064720806,32.13556408164094,6449.387628802447
2312,6396.325192058528,15.30221337813045,20.85727091694988,6417.182462975478,32.13114301281734,6449.313605988295
2313,6396.263157061792,15.30206496904735,20.849717440972736,6417.112874502765,32.12673455350546,6449.239609056271
2314,6396.201105940238,15.30191652138813,20.842193324375646,6417.043299264614,32.12233866328474,6449.165637927898
2315,6396.1390387437405,15.301768035272106,20.834698479672916,6416.973737223413,32.1179553019773,6449.0916925253905
2316,6396.076955521508,15.301619510817005,20.82723281980511,6416.904188341314,32.11358442964509,6449.017772770959
2317,6396.014856322621,15.301470948140242,20.81979625813677,6416.834652580758,32.109226006587164,6448.943878587345
2318,6395.952741195702,15.30132234735814,20.812388708454137,6416.765129904156,32.10487999333698,6448.870009897493
2319,6395.8906101891225,15.301173708586418,20.805010084962916,6416.695620274086,32.10054635065972,6448.796166624746
2320,6395.828463350845,15.30102503193982,20.797660302286012,6416.626123653131,32.09622503954969,6448.7223486926805
2321,6395.766300728648,15.300876317532651,20.790339275461285,6416.55664000411,32.09191602122775,6448.648556025338
2322,6395.704122369925,15.30072756547829,20.78304691993936,6416.487169289865,32.08761925713881,6448.574788547004
2323,6395.641928322155,15.300578775890322,20.775783151581347,6416.417711473736,32.0833347089493,6448.501046182685
2324,6395.579718631649,15.300429948879541,20.768547886656634,6416.3482665183055,32.07906233854481,6448.42732885685
2325,6395.5174933454155,15.30028108455841,20.76134104184075,6416.278834387256,32.074802108027605,6448.353636495284
2326,6395.455252509538,15.300132183037173,20.754162534213098,6416.209415043751,32.07055397971436,6448.279969023465
2327,6395.392996169762,15.299983244425269,20.74701228125481,6416.140008451017,32.06631791613378,6448.206326367151
2328,6395.3307243722265,15.299834268833077,20.739890200846553,6416.070614573073,32.06209388002436,6448.132708453098
2329,6395.2684371622345,15.299685256368981,20.73279621126639,6416.001233373501,32.05788183433214,6448.059115207833
2330,6395.206134584625,15.299536207140251,20.725730231187576,6415.931864815812,32.05368174220851,6447.985546558021
2331,6395.143816684619,15.29938712125507,20.71869217967648,6415.862508864296,32.04949356700804,6447.912002431303
2332,6395.081483506639,15.299237998819711,20.71168197619041,6415.79316548283,32.04531727228637,6447.838482755116
2333,6395.019135095166,15.29908883994059,20.704699540575476,6415.723834635742,32.04115282179809,6447.76498745754
2334,6394.956771494055,15.29893964472262,20.697744793064537,6415.65451628712,32.03700017949474,6447.691516466614
2335,6394.8943927472055,15.298790413270826,20.690817654275023,6415.58521040148,32.03285930952272,6447.618069711003
2336,6394.831998898395,15.29864114568994,20.683918045206905,6415.515916943602,32.028730176221345,6447.544647119823
2337,6394.769589990797,15.298491842083246,20.67704588724057,6415.446635878037,32.02461274412092,6447.471248622158
2338,6394.707166067583,15.298342502554027,20.670201102134772,6415.377367169717,32.02050697794074,6447.397874147658
2339,6394.644727171408,15.298193127204325,20.663383612024575,6415.308110783432,32.016412842587265,6447.32452362602
2340,6394.58227334498,15.298043716136316,20.65659333941928,6415.2388666844,32.01233030315222,6447.251196987552
2341,6394.519804630516,15.297894269450994,20.649830207200417,6415.169634837716,32.008259324910796,6447.177894162627
2342,6394.457321070313,15.297744787249552,20.643094138619684,6415.100415208933,32.00419987331984,6447.104615082252
2343,6394.394822706075,15.297595269631758,20.636385057296962,6415.031207763372,32.00015191401606,6447.031359677388
2344,6394.3323095792975,15.297445716696885,20.629702887218304,6414.962012466516,31.996115412814305,6446.95812787933
2345,6394.269781731751,15.29729612854486,20.623047552733887,6414.892829284485,31.992090335705868,6446.884919620191
2346,6394.207239204432,15.29714650527376,20.616418978556133,6414.823658182988,31.98807664885676,6446.811734831845
2347,6394.144682038497,15.29699684698205,20.609817089757634,6414.754499128255,31.98407431860606,6446.738573446861
2348,6394.082110274381,15.296847153766462,20.60324181176925,6414.6853520861505,31.9800833114643,6446.665435397615
2349,6394.019523952702,15.296697425724167,20.596693070378123,6414.61621702308,31.976103594111855,6446.592320617192
2350,6393.956923113762,15.296547662951584,20.590170791725765,6414.547093905488,31.972135133397337,6446.519229038885
2351,6393.894307798019,15.2963978655455,20.583674902306125,6414.477982700326,31.968177896336048,6446.446160596662
2352,6393.831678044601,15.296248033599525,20.57720532896365,6414.408883373565,31.964231850108447,6446.373115223673
2353,6393.769033893959,15.29609816721043,20.570761998891417,6414.339795892851,31.960296962058656,6446.300092854909
2354,6393.706375385405,15.295948266472262,20.564344839629207,6414.270720225035,31.956373199692944,6446.227093424728
2355,6393.6437025576015,15.295798331477515,20.55795377906162,6414.201656336663,31.952460530678277,6446.154116867341
2356,6393.58101545056,15.295648362321913,20.551588745416232,6414.1326041959765,31.948558922840895,6446.081163118817
2357,6393.51831410228,15.295498359096364,20.545249667261714,6414.063563769541,31.94466834416484,6446.008232113706
2358,6393.455598552342,15.295348321895554,20.538936473505977,6413.994535025848,31.940788762790625,6445.935323788638
2359,6393.392868838426,15.295198250809632,20.532649093394348,6413.92551793182,31.936920147013808,6445.862438078833
2360,6393.330124999233,15.29504814593118,20.526387456507745,6413.856512455741,31.933062465283673,6445.789574921025
2361,6393.267367072823,15.29489800735125,20.520151492760842,6413.787518565584,31.92921568620185,6445.716734251786
2362,6393.204595097062,15.294747835160436,20.51394113240027,6413.718536229462,31.925379778521044,6445.6439160079835
2363,6393.14180910984,15.29459762944938,20.507756306002833,6413.649565415843,31.921554711143706,6445.571120126987
2364,6393.079009148539,15.294447390307509,20.501596944473736,6413.580606093013,31.91774045312079,6445.498346546134
2365,6393.0161952506605,15.294297117824547,20.495462979044774,6413.511658229705,31.913936973650458,6445.425595203355
2366,6392.953367453339,15.294146812089327,20.489354341272605,6413.442721794611,31.91014424207687,6445.352866036688
2367,6392.89052579395,15.293996473191267,20.483270963037,6413.373796756987,31.90636222788897,6445.280158984876
2368,6392.827670308787,15.293846101217193,20.477212776539094,6413.304883085326,31.902590900719236,6445.207473986045
2369,6392.764801034722,15.293695696255316,20.47117971429966,6413.235980749022,31.898830230342536,6445.134810979364
2370,6392.701918008561,15.293545258393687,20.46517170915741,6413.167089717718,31.895080186674967,6445.062169904393
2371,6392.639021266477,15.293394787718846,20.459188694267265,6413.0982099607445,31.89134073977266,6444.989550700517
2372,6392.576110844731,15.29324428431754,20.45323060309869,6413.02934144783,31.88761185983068,6444.916953307661
2373,6392.513186779134,15.29309374827544,20.44729736943396,6412.960484148568,31.883893517181907,6444.84437766575
2374,6392.450249105496,15.292943179678222,20.441388927366575,6412.891638032863,31.88018568229591,6444.7718237151585
2375,6392.387297860253,15.292792578613046,20.435505211299514,6412.822803071553,31.876488325777885,6444.699291397331
2376,6392.324333078205,15.29264194516317,20.429646155943637,6412.753979234149,31.872801418367583,6444.626780652517
2377,6392.26135479494,15.292491279413733,20.423811696316,6412.6851664912565,31.869124930938202,6444.554291422195
2378,6392.198363045989,15.292340581449734,20.418001767738303,6412.616364813727,31.865458834495442,6444.481823648222
2379,6392.135357866042,15.292189851354166,20.41221630583518,6412.547574171877,31.861803100176388,6444.4093772720535
2380,6392.072339290259,15.292039089211146,20.406455246532662,6412.478794536792,31.85815769924853,6444.33695223604
2381,6392.009307353548,15.291888295104183,20.400718526056544,6412.410025879604,31.85452260310878,6444.2645484827135
2382,6391.9462620903205,15.2917374691156,20.39500608093082,6412.341268171252,31.85089778328247,6444.192165954534
2383,6391.883203535168,15.291586611328153,20.389317847976123,6412.272521383144,31.84728321142236,6444.119804594566
2384,6391.820131722635,15.291435721824485,20.383653764308125,6412.203785486943,31.843678859307737,6444.047464346251
2385,6391.75704668682,15.291284800686173,20.37801376733598,6412.135060454156,31.840084698843395,6443.975145152999
2386,6391.693948461556,15.291133847994153,20.372397794760836,6412.066346256317,31.83650070205876,6443.902846958375
2387,6391.630837081498,15.290982863831335,20.36680578457425,6411.997642866072,31.83292684110696,6443.830569707179
2388,6391.567712579632,15.290831848276632,20.361237675056685,6411.928950254689,31.82936308826389,6443.7583133429525
2389,6391.5045749904275,15.290680801412506,20.355693404776005,6411.860268395203,31.825809415927345,6443.68607781113
2390,6391.441424346791,15.29052972331768,20.350172912585958,6411.791597259376,31.8222657966161,6443.613863055993
2391,6391.37826068245,15.290378614072846,20.3446761376247,6411.722936820074,31.81873220296909,6443.541669023043
2392,6391.315084030784,15.290227473757858,20.339203019313295,6411.654287050098,31.81520860774451,6443.469495657842
2393,6391.251894424642,15.290076302451297,20.333753497354294,6411.5856479219965,31.81169498381896,6443.397342905815
2394,6391.1886918975815,15.289925100233448,20.328327511730212,6411.517019409312,31.808191304186654,6443.325210713499
2395,6391.12547648191,15.289773867181601,20.322925002702107,6411.448401484612,31.804697541958525,6443.25309902657
2396,6391.062248211107,15.289622603375854,20.31754591080814,6411.3797941219145,31.801213670361467,6443.181007792276
2397,6390.999007117071,15.289471308892516,20.312190176862153,6411.311197293933,31.79773966273749,6443.108936956671
2398,6390.935753233069,15.289319983811168,20.306857741952232,6411.242610975021,31.79427549254295,6443.036886467564
2399,6390.8724865911445,15.289168628208479,20.301548547439317,6411.174035138583,31.790821133347734,6442.964856271931
2400,6390.809207223675,15.289017242161902,20.29626253495576,6411.1054697586305,31.78737655883452,6442.892846317465
2401,6390.745915162936,15.288865825748651,20.290999646404003,6411.0369148093405,31.78394174279796,6442.820856552138
2402,6390.682610441156,15.288714379045826,20.28575982395514,6410.968370265111,31.780516659143977,6442.748886924255
2403,6390.619293089703,15.288562902128476,20.28054301004756,6410.899836099751,31.777101281889,6442.6769373816405
2404,6390.555963141373,15.288411395075054,20.275349147385597,6410.831312288758,31.773695585159196,6442.605007873917
2405,6390.492620627396,15.288259857960277,20.27017817893818,6410.762798806334,31.770299543189758,6442.533098349524
2406,6390.429265579169,15.288108290859256,20.265030047937497,6410.694295627106,31.76691313032422,6442.4612087574305
2407,6390.365898028874,15.28795669384898,20.259904697877605,6410.625802726751,31.763536321013706,6442.389339047765
2408,6390.3025180075565,15.287805067003724,20.254802072513197,6410.55732008007,31.760169089816223,6442.317489169886
2409,6390.239125546492,15.287653410398306,20.249722115858205,6410.48884766235,31.756811411395994,6442.245659073746
2410,6390.175720677089,15.287501724107868,20.244664772184557,6410.420385449273,31.753463260522746,6442.173848709796
2411,6390.112303430581,15.287350008207131,20.23962998602086,6410.351933416602,31.750124612071065,6442.102058028673
2412,6390.0488738377,15.287198262769618,20.2346177021511,6410.283491539851,31.746795441019692,6442.03028698087
2413,6389.985431929581,15.28704648786981,20.229627865613367,6410.215059795194,31.743475722450874,6441.958535517645
2414,6389.921977737032,15.286894683581416,20.224660421698637,6410.146638158731,31.740165431549727,6441.886803590281
2415,6389.858511290644,15.286742849977617,20.219715315949415,6410.0782266065935,31.73686454360356,6441.815091150197
2416,6389.795032621182,15.286590987132016,20.2147924941586,6410.00982511534,31.733573034001246,6441.743398149341
2417,6389.731541759446,15.286439095118293,20.209891902368152,6409.941433661815,31.73029087823261,6441.671724540047
2418,6389.6680387352735,15.286287174007832,20.205013486867927,6409.873052222141,31.727018051887804,6441.600070274029
2419,6389.604523579441,15.286135223874261,20.200157194194386,6409.8046807736355,31.72375453065664,6441.5284353042925
2420,6389.540996322312,15.28598324479022,20.195322971129453,6409.736319293442,31.720500290328047,6441.45681958377
2421,6389.477456993659,15.285831236826935,20.19051076469927,6409.667967758358,31.71725530678944,6441.385223065147
2422,6389.413905624111,15.285679200057682,20.185720522173,6409.599626146284,31.71401955602611,6441.31364570231
2423,6389.350342243114,15.285527134552904,20.180952191061646,6409.531294434176,31.710793014120643,6441.242087448297
2424,6389.286766880912,15.285375040384958,20.176205719116858,6409.462972600029,31.707575657252374,6441.170548257282
2425,6389.223179567215,15.285222917624916,20.171481054329806,6409.394660621545,31.70436746169674,6441.099028083242
2426,6389.159580331675,15.28507076634372,20.166778144929978,6409.326358476605,31.7011684038248,6441.02752688043
2427,6389.0959692042015,15.284918586612923,20.162096939384007,6409.258066143586,31.69797846010257,6440.9560446036885
2428,6389.032346214147,15.284766378502743,20.157437386394584,6409.189783600542,31.694797607090557,6440.884581207632
2429,6388.968711391258,15.284614142084349,20.152799434899265,6409.121510826157,31.691625821443164,6440.8131366476
2430,6388.90506476452,15.28446187742708,20.148183034069383,6409.053247798589,31.68846307990815,6440.741710878497
2431,6388.841406363829,15.284309584602463,20.143588133308896,6408.984994497138,31.68530935932608,6440.670303856465
2432,6388.777736217934,15.284157263679267,20.139014682253276,6408.916750900187,31.682164636629835,6440.598915536817
2433,6388.714054356252,15.284004914727875,20.134462630768457,6408.84851698702,31.679028888844034,6440.527545875864
2434,6388.650360807987,15.283852537818152,20.12993192894967,6408.780292736938,31.67590209308453,6440.4561948300225
2435,6388.586655601988,15.28370013301911,20.125422527120378,6408.712078129109,31.672784226557912,6440.384862355667
2436,6388.522938767042,15.283547700399623,20.12093437583121,6408.643873142873,31.669675266560972,6440.313548409435
2437,6388.459210332497,15.283395240029897,20.116467425858865,6408.575677758356,31.666575190480224,6440.242252948836
2438,6388.395470326643,15.283242751977614,20.11202162820507,6408.507491954848,31.663483975791376,6440.1709759306395
2439,6388.331718778629,15.283090236312509,20.107596934095483,6408.439315712724,31.660401600058847,6440.0997173127835
2440,6388.267955716716,15.282937693102191,20.103193294978702,6408.371149011695,31.657328040935283,6440.0284770526305
2441,6388.20418116987,15.282785122415957,20.09881066252518,6408.3029918323955,31.65426327616108,6439.957255108557
2442,6388.14039516648,15.282632524321722,20.094448988626183,6408.234844155106,31.65120728356387,6439.88605143867
2443,6388.076597735033,15.282479898887638,20.090108225392804,6408.166705960426,31.64816004105811,6439.814866001484
2444,6388.012788903587,15.282327246180829,20.08578832515491,6408.098577228741,31.645121526644523,6439.743698755386
2445,6387.948968700939,15.28217456627019,20.081489240460144,6408.0304579414,31.64209171840973,6439.672549659809
2446,6387.8851371551045,15.282021859222738,20.077210924072904,6407.962348079177,31.639070594525727,6439.601418673703
2447,6387.821294294178,15.28186912510569,20.072953328973362,6407.894247623151,31.636058133249435,6439.530305756401
2448,6387.757440146279,15.281716363986313,20.068716408356476,6407.826156554635,31.633054312922276,6439.459210867558
2449,6387.693574739838,15.281563575932628,20.064500115630995,6407.758074855469,31.63005911196971,6439.388133967439
2450,6387.6296981021915,15.281410761010028,20.06030440441849,6407.69000250661,31.6270725089008,6439.31707501551
2451,6387.56581026189,15.281257919286817,20.056129228552365,6407.621939490442,31.62409448230776,6439.2460339727495
2452,6387.501911246507,15.281105050828964,20.051974542076955,6407.553885788584,31.62112501086555,6439.175010799449
2453,6387.4380010838995,15.280952155703108,20.047840299246488,6407.485841383146,31.618164073331414,6439.104005456477
2454,6387.374079801805,15.28079923397561,20.043726454524204,6407.41780625633,31.615211648544474,6439.033017904874
2455,6387.310147428001,15.28064628571292,20.03963296258137,6407.349780390582,31.612267715425304,6438.962048106007
2456,6387.246203989948,15.280493310980738,20.035559778296378,6407.281763768245,31.609332252975534,6438.891096021221
2457,6387.182249515157,15.280340309844874,20.031506856753797,6407.213756371911,31.6064052402774,6438.820161612188
2458,6387.118284031505,15.280187282372022,20.02747415324347,6407.145758184748,31.603486656493377,6438.749244841241
2459,6387.0543075661935,15.280034228627258,20.023461623259582,6407.077769189453,31.60057648086574,6438.678345670319
2460,6386.990320146653,15.279881148676203,20.019469222499758,6407.009789369153,31.59767469271617,6438.607464061869
2461,6386.926321800289,15.279728042584424,20.015496906864165,6406.941818707153,31.594781271445378,6438.536599978599
2462,6386.86231255415,15.279574910416626,20.011544632454616,6406.873857186604,31.59189619653271,6438.465753383137
2463,6386.798292435835,15.27942175223884,20.007612355573695,6406.8059047914085,31.58901944753571,6438.394924238944
2464,6386.73426147235,15.27926856811567,20.003700032723863,6406.737961505074,31.586151004089803,6438.324112509164
2465,6386.670219690936,15.279115358112287,19.99980762060658,6406.670027311543,31.583290845907865,6438.253318157451
2466,6386.60616711842,15.27896212229287,19.995935076121444,6406.602102194542,31.580438952779872,6438.182541147322
2467,6386.542103782073,15.278808860722663,19.99208235636534,6406.534186138439,31.577595304572487,6438.111781443011
2468,6386.478029708822,15.27865557346608,19.988249418631572,6406.466279127453,31.57475988122875,6438.041039008682
2469,6386.413944925445,15.27850226058719,19.984436220409002,6406.398381145855,31.571932662767644,6437.970313808622
2470,6386.349849459276,15.278348922151379,19.980642719381223,6406.330492178658,31.56911362928377,6437.899605807941
2471,6386.2857433364525,15.278195558221178,19.97686887342572,6406.262612209878,31.566302760946975,6437.828914970825
2472,6386.221626584364,15.278042168862115,19.973114640613026,6406.1947412249765,31.563500038002005,6437.758241262978
2473,6386.157499229468,15.277888754137484,19.969379979205918,6406.126879208674,31.560705440768118,6437.687584649442
2474,6386.093361298587,15.277735314111453,19.965664847658587,6406.059026146246,31.557918949638776,6437.616945095884
2475,6386.0292128182045,15.27758184884738,19.961969204615826,6405.991182022821,31.555140545081244,6437.546322567902
2476,6385.965053815106,15.277428358409345,19.95829300891224,6405.923346824018,31.5523702076363,6437.475717031654
2477,6385.900884315644,15.277274842860393,19.954636219571388,6405.855520535216,31.549607917917843,6437.405128453133
2478,6385.836704346415,15.27712130226415,19.95099879580506,6405.78770314222,31.546853656612605,6437.334556798833
2479,6385.772513933908,15.276967736683991,19.94738069701244,6405.719894630921,31.544107404479764,6437.264002035401
2480,6385.70831310466,15.276814146183398,19.943781882779334,6405.652094987439,31.541369142350618,6437.19346412979
2481,6385.6441018848855,15.276660530825085,19.940202312877396,6405.584304197763,31.53863885112831,6437.122943048891
2482,6385.57988030099,15.276506890672225,19.936641947263347,6405.516522248254,31.535916511787413,6437.052438760041
2483,6385.515648379079,15.27635322578727,19.933100746078235,6405.448749125157,31.533202105373675,6436.98195123053
2484,6385.451406145796,15.27619953623396,19.92957866964662,6405.380984815442,31.530495613003666,6436.911480428446
2485,6385.3871536269035,15.276045822073932,19.926075678475886,6405.3132293053795,31.527797015864458,6436.841026321244
2486,6385.322890849118,15.275892083371096,19.922591733255427,6405.245482582373,31.525106295213305,6436.770588877586
2487,6385.258617837903,15.275738320186372,19.919126794855938,6405.17774463276,31.522423432377366,6436.700168065137
2488,6385.194334619875,15.275584532583434,19.915680824328675,6405.110015444204,31.51974840875333,6436.629763852957
2489,6385.130041220773,15.27543072062386,19.912253782904685,6405.042295003677,31.517081205807173,6436.559376209484
2490,6385.065737666949,15.27527688437069,19.908845631994136,6404.974583298943,31.51442180507379,6436.4890051040165
2491,6385.001423984208,15.275123023885664,19.90545633318553,6404.906880317393,31.51177018815673,6436.4186505055495
2492,6384.937100198518,15.274969139230905,19.90208584824504,6404.839186046764,31.509126336727892,6436.348312383491
2493,6384.872766335612,15.274815230467972,19.898734139115767,6404.771500474728,31.50649023252722,6436.277990707255
2494,6384.8084224214,15.274661297658852,19.89540116791702,6404.703823589317,31.503861857362384,6436.2076854466795
2495,6384.744068481992,15.274507340866009,19.89208689694364,6404.636155378936,31.50124119310854,6436.137396572044
2496,6384.679704542699,15.274353360149998,19.888791288665285,6404.568495831364,31.498628221707968,6436.067124053072
2497,6384.6153306299,15.274199355573923,19.885514305725746,6404.5008449356255,31.496022925169857,6435.996867860796
2498,6384.550946768913,15.274045327198355,19.88225591094225,6404.433202679855,31.493425285569955,6435.926627965425
2499,6384.486552985475,15.27389127508487,19.87901606730479,6404.36556905278,31.490835285050306,6435.856404337831
2500,6384.422149305261,15.273737199294883,19.87579473797543,6404.297944043236,31.488252905819003,6435.786196949055
2501,6384.357735753836,15.27358309988956,19.87259188628763,6404.2303276401235,31.485678130149854,6435.716005770273
2502,6384.293312357093,15.273428976930845,19.869407475745597,6404.162719832839,31.48311094038212,6435.645830773221
2503,6384.228879140146,15.273274830478819,19.866241470023617,6404.09512061017,31.480551318920263,6435.57567192909
2504,6384.164436128807,15.273120660595232,19.86309383296537,6404.027529961772,31.47799924823363,6435.505529210006
2505,6384.099983348455,15.272966467340801,19.859964528583294,6403.959947877038,31.475454710856237,6435.435402587894
2506,6384.035520824966,15.272812250777429,19.856853521057957,6403.892374346024,31.47291768938645,6435.36529203541
2507,6383.971048583126,15.272658010964415,19.853760774737353,6403.824809357863,31.47038816648673,6435.2951975243495
2508,6383.906566648413,15.27250374796271,19.85068625413632,6403.757252902549,31.4678661248834,6435.225119027433
2509,6383.842075046738,15.2723494618343,19.847629923935884,6403.689704970673,31.465351547366318,6435.15505651804
2510,6383.777573802967,15.272195152638677,19.844591748982594,6403.622165551949,31.4628444167887,6435.085009968738
2511,6383.713062942579,15.272040820436793,19.841571694287975,6403.554634636867,31.460344716066764,6435.0149793529345
2512,6383.648542490772,15.27188646528893,19.838569725027813,6403.4871122158,31.457852428179564,6434.94496464398
2513,6383.584012472864,15.271732087255655,19.835585806541598,6403.419598279405,31.455367536168666,6434.874965815574
2514,6383.519472914199,15.271577686397604,19.832619904331878,6403.352092818531,31.452890023137932,6434.804982841669
2515,6383.454923839616,15.271423262774201,19.82967198406367,6403.284595823679,31.450419872253256,6434.735015695933
2516,6383.390365274703,15.271268816446659,19.826742011563855,6403.217107286267,31.44795706674232,6434.665064353009
2517,6383.325797244325,15.271114347474462,19.823829952820546,6403.1496271971455,31.445501589894338,6434.59512878704
2518,6383.261219773778,15.270959855918129,19.820935773982534,6403.0821555477605,31.443053425059823,6434.52520897282
2519,6383.196632888011,15.270805341837347,19.818059441358656,6403.01469232937,31.440612555650322,6434.45530488502
2520,6383.132036612,15.270650805291865,19.815200921417237,6402.947237533417,31.4381789651382,6434.385416498555
2521,6383.06743097107,15.270496246342274,19.812360180785486,6402.879791151856,31.43575263705636,6434.315543788913
2522,6383.002815989938,15.270341665047699,19.80953718624892,6402.812353176188,31.433333554998065,6434.245686731186
2523,6382.938191693842,15.270187061468521,19.8067319047508,6402.744923598592,31.43092170261664,6434.175845301209
2524,6382.873558107409,15.270032435663657,19.803944303391557,6402.6775024108,31.42851706362526,6434.106019474425
2525,6382.808915255828,15.269877787693368,19.801174349428198,6402.610089605256,31.426119621796737,6434.0362092270525
2526,6382.744263163992,15.269723117617207,19.798422010273768,6402.542685174266,31.423729360963254,6433.966414535229
2527,6382.679601856594,15.269568425494244,19.79568725349679,6402.475289110091,31.42134626501615,6433.896635375107
2528,6382.6149313587175,15.269413711384491,19.792970046820695,6402.407901405538,31.41897031790569,6433.826871723443
2529,6382.550251695346,15.269258975347716,19.79027035812326,6402.340522053469,31.41660150364085,6433.7571235571095
2530,6382.48556289077,15.269104217442033,19.78758815543609,6402.273151046206,31.414239806289068,6433.687390852496
2531,6382.420864970092,15.268949437727493,19.78492340694406,6402.205788377037,31.411885209976028,6433.617673587013
2532,6382.356157958144,15.268794636263502,19.78227608098476,6402.138434039129,31.409537698885455,6433.547971738014
2533,6382.291441879493,15.268639813108834,19.779646146047998,6402.071088025541,31.407197257258858,6433.4782852828
2534,6382.2267167589225,15.268484968322781,19.77703357077518,6402.003750329698,31.404863869395356,6433.408614199094
2535,6382.161982621329,15.268330101964903,19.774438323958886,6401.936420945288,31.402537519651432,6433.338958464939
2536,6382.09723949095,15.268175214093183,19.771860374542282,6401.869099865493,31.400218192440708,6433.269318057934
2537,6382.032487392775,15.268020304767404,19.76929969161861,6401.801787084393,31.39790587223375,6433.199692956627
2538,6381.967726351337,15.26786537404626,19.76675624443066,6401.734482595767,31.395600543557855,6433.130083139325
2539,6381.902956391287,15.267710421988726,19.764230002370255,6401.667186393657,31.39330219099682,6433.060488584654
2540,6381.838177537151,15.267555448653471,19.76172093497778,6401.599898472128,31.391010799190767,6432.990909271319
2541,6381.773389813442,15.267400454099144,19.75922901194163,6401.532618825384,31.388726352835867,6432.92134517822
2542,6381.708593245103,15.267245438385414,19.756754203097696,6401.4653474482,31.386448836684217,6432.851796284885
2543,6381.643787856117,15.267090401569659,19.754296478428913,6401.398084334546,31.384178235543565,6432.78226257009
2544,6381.578973671325,15.266935343711303,19.751855808064708,6401.33082947939,31.38191453427715,6432.712744013666
2545,6381.51415071504,15.266780264868517,19.74943216228055,6401.263582877321,31.379657717803475,6432.643240595125
2546,6381.449319011664,15.266625165099674,19.747025511497405,6401.196344523161,31.377407771096088,6432.573752294257
2547,6381.384478585935,15.266470044463958,19.74463582628133,6401.129114412216,31.37516467918343,6432.504279091399
2548,6381.31962946244,15.266314903020191,19.74226307734291,6401.061892539783,31.37292842714861,6432.4348209669315
2549,6381.254771664997,15.266159740825351,19.739907235536805,6400.9946789005335,31.37069900012918,6432.365377900663
2550,6381.189905218271,15.266004557938446,19.737568271861296,6400.927473490132,31.368476383316974,6432.295949873449
2551,6381.125030146587,15.265849354417673,19.735246157457766,6400.860276304044,31.36626056195791,6432.226536866002
2552,6381.060146474637,15.265694130322098,19.732940863610267,6400.7930873382475,31.364051521351776,6432.157138859599
2553,6380.995254226244,15.265538885708716,19.73065236174502,6400.725906587989,31.36184924685204,6432.087755834841
2554,6380.930353426092,15.265383620636582,19.728380623429974,6400.658734049522,31.35965372386568,6432.018387773387
2555,6380.865444098332,15.265228335163473,19.72612562037433,6400.5915697187065,31.357464937852974,6431.94903465656
2556,6380.800526267273,15.265073029347544,19.723887324428084,6400.524413591701,31.3552828743273,6431.879696466029
2557,6380.735599957157,15.264917703246788,19.721665707581582,6400.457265664739,31.353107518854973,6431.810373183594
2558,6380.67066519232,15.264762356919425,19.71946074196506,6400.390125934285,31.35093885705505,6431.741064791339
2559,6380.605721997046,15.264606990423555,19.717272399848184,6400.3229943968945,31.348776874599128,6431.6717712714935
2560,6380.540770395193,15.264451603816251,19.715100653639613,6400.255871048833,31.34662155721118,6431.6024926060445
2561,6380.475810411364,15.264296197156375,19.71294547588656,6400.188755887251,31.34447289066735,6431.533228777918
2562,6380.410842069597,15.264140770501427,19.710806839274348,6400.121648908871,31.3423308607958,6431.463979769667
2563,6380.3458653942425,15.26398532390967,19.708684716625957,6400.054550110868,31.3401954534765,6431.394745564345
2564,6380.280880408815,15.263829857437358,19.7065790809016,6399.987459489717,31.338066654641054,6431.325526144358
2565,6380.215887138059,15.263674371143681,19.704489905198315,6399.920377043257,31.335944450272518,6431.256321493529
2566,6380.150885606159,15.263518865086505,19.702417162749487,6399.853302768908,31.33382882640526,6431.187131595313
2567,6380.085875836847,15.2633633393226,19.70036082692446,6399.786236663771,31.33171976912473,6431.117956432896
2568,6380.020857854386,15.263207793910015,19.6983208712281,6399.719178725614,31.329617264567293,6431.048795990181
2569,6379.955831682665,15.263052228905897,19.696297269300374,6399.652128951965,31.32752129892009,6430.979650250885
2570,6379.890797346123,15.262896644368714,19.69428999491592,6399.585087341039,31.32543185842083,6430.9105191994595
2571,6379.825754868293,15.262741040354769,19.69229902198367,6399.518053890277,31.323348929357614,6430.841402819635
2572,6379.76070427375,15.262585416922846,19.690324324546392,6399.451028598296,31.321272498068797,6430.772301096365
2573,6379.695645585891,15.262429774128925,19.68836587678031,6399.384011462671,31.31920255094279,6430.703214013613
2574,6379.630578829297,15.26227411203181,19.68642365299468,6399.317002482291,31.317139074417888,6430.634141556709
2575,6379.565504027825,15.262118430688577,19.68449762763139,6399.250001655457,31.315082054982117,6430.565083710439
2576,6379.500421204996,15.261962730155494,19.68258777526455,6399.183008980261,31.313031479173052,6430.496040459434
2577,6379.435330385522,15.26180701049168,19.680694070600133,6399.116024456122,31.310987333577664,6430.4270117897
2578,6379.370231592578,15.26165127175258,19.67881648847552,6399.049048081054,31.308949604832137,6430.357997685886
2579,6379.305124850651,15.261495513996772,19.676955003859145,6398.98207985451,31.306918279621705,6430.288998134131
2580,6379.240010183336,15.261339737280709,19.6751095918501,6398.915119775186,31.30489334468052,6430.220013119867
2581,6379.174887614583,15.261183941661681,19.67328022767772,6398.84816784226,31.302874786791442,6430.1510426290515
2582,6379.109757168488,15.261028127197338,19.671466886701214,6398.781224055189,31.30086259278592,6430.082086647975
2583,6379.044618868655,15.26087229394415,19.669669544409306,6398.7142884130635,31.298856749543766,6430.0131451626075
2584,6378.979472739116,15.260716441959609,19.667888176419805,6398.647360915536,31.296857243993088,6429.94421815953
2585,6378.914318803861,15.260560571301102,19.666122758479247,6398.58044156234,31.294864063110055,6429.87530562545
2586,6378.849157086216,15.26040468202444,19.664373266462533,6398.513530352679,31.292877193918763,6429.806407546597
2587,6378.783987610458,15.2602487741877,19.66263967637254,6398.44662728683,31.290896623491086,6429.737523910321
2588,6378.718810400227,15.260092847847433,19.66092196433975,6398.379732364567,31.288922338946488,6429.668654703513
2589,6378.653625479261,15.259936903060433,19.659220106621873,6398.312845585882,31.286954327451937,6429.599799913334
2590,6378.588432871607,15.259780939884228,19.657534079603508,6398.245966951211,31.28499257622165,6429.530959527433
2591,6378.523232600664,15.259624958374795,19.655863859795748,6398.17909646046,31.28303707251703,6429.462133532977
2592,6378.458024690669,15.259468958590118,19.654209423835823,6398.112234114505,31.281087803646443,6429.393321918151
2593,6378.392809164908,15.259312940585904,19.652570748486745,6398.045379913395,31.279144756965128,6429.32452467036
2594,6378.327586047208,15.259156904419157,19.650947810636968,6397.978533857845,31.277207919874982,6429.25574177772
2595,6378.262355361439,15.259000850146984,19.649340587299985,6397.911695948739,31.275277279824472,6429.186973228564
2596,6378.197117131402,15.25884477782632,19.647749055614018,6397.844866187016,31.273352824308425,6429.118219011325
2597,6378.13187138044,15.258688687513015,19.646173192841655,6397.778044573282,31.271434540867926,6429.04947911415
2598,6378.066618132599,15.25853257926459,19.644612976369473,6397.711231108969,31.269522417090144,6428.980753526059
2599,6378.00135741116,15.258376453136746,19.64306838370774,6397.644425794868,31.267616440608187,6428.912042235476
2600,6377.936089240438,15.258220309187651,19.641539392490046,6397.577628632928,31.265716599100976,6428.84334523203
2601,6377.8708136432215,15.258064147471822,19.640025980472945,6397.510839623695,31.263822880293056,6428.774662503988
2602,6377.805530643956,15.257907968047743,19.638528125535636,6397.444058769492,31.2619352719545,6428.7059940414465
2603,6377.7402402657435,15.257751770970678,19.637045805679637,6397.377286071423,31.26005376190073,6428.637339833324
2604,6377.674942532557,15.257595556297984,19.635578999028386,6397.310521531585,31.258178337992383,6428.568699869578
2605,6377.609637467762,15.257439324085555,19.634127683826996,6397.243765151588,31.25630898813516,6428.500074139723
2606,6377.54432509491,15.257283074389738,19.63269183844187,6397.177016933352,31.254445700279724,6428.431462633632
2607,6377.479005437742,15.257126807267325,19.631271441360344,6397.1102768791025,31.2525884624215,6428.3628653415235
2608,6377.413678520019,15.256970522775164,19.629866471190415,6397.043544991209,31.250737262600552,6428.29428225381
2609,6377.348344364803,15.256814220968428,19.628476906660385,6396.976821271463,31.248892088901492,6428.225713360365
2610,6377.283002995971,15.256657901904237,19.62710272661856,6396.91010572259,31.247052929453254,6428.157158652043
2611,6377.217654437187,15.256501565639203,19.625743910032895,6396.84339834722,31.24521977242903,6428.088618119648
2612,6377.152298711688,15.256345212228918,19.624400435990704,6396.776699147678,31.243392606046108,6428.020091753724
2613,6377.086935843081,15.256188841729859,19.623072283698328,6396.710008126779,31.2415714185657,6427.951579545344
2614,6377.021565855034,15.256032454198646,19.621759432480804,6396.643325287515,31.239756198292866,6427.883081485807
2615,6376.956188770802,15.255876049690915,19.620461861781585,6396.576650632584,31.237946933576332,6427.81459756616
2616,6376.890804614168,15.25571962826356,19.61917955116219,6396.50998416533,31.236143612808377,6427.7461277781385
2617,6376.825413408344,15.255563189972113,19.61791248030192,6396.443325888646,31.234346224424673,6427.67767211307
2618,6376.7600151771785,15.255406734873633,19.61666062899754,6396.376675806176,31.232554756904204,6427.60923056308
2619,6376.694609943737,15.255250263023296,19.615423977162962,6396.3100339209,31.230769198769075,6427.540803119669
2620,6376.629197731445,15.25509377447714,19.61420250482896,6396.243400236274,31.228989538584397,6427.472389774859
2621,6376.563778564016,15.254937269291903,19.61299619214285,6396.176774756158,31.227215764958185,6427.403990521117
2622,6376.498352464797,15.254780747523437,19.611805019368227,6396.110157484165,31.22544786654119,6427.335605350706
2623,6376.432919456929,15.254624209227103,19.610628966884576,6396.043548423813,31.22368583202677,6427.26723425584
2624,6376.367479564511,15.254467654460553,19.60946801518709,6395.976947579698,31.22192965015079,6427.198877229849
2625,6376.30203281006,15.254311083277656,19.60832214488625,6395.910354954946,31.220179309691456,6427.130534264637
2626,6376.236579217882,15.25415449573656,19.607191336707654,6395.843770554589,31.218434799469232,6427.062205354058
2627,6376.171118810484,15.253997891891109,19.606075571491633,6395.777194381975,31.21669610834664,6426.993890490322
2628,6376.105651612074,15.253841271799221,19.60497483019299,6395.710626442267,31.21496322522821,6426.925589667496
2629,6376.040177645419,15.253684635515357,19.603889093880728,6395.6440667393,31.2132361390603,6426.85730287836
2630,6375.97469693387,15.253527983095383,19.60281834373774,6395.577515277608,31.211514838831008,6426.789030116439
2631,6375.909209501055,15.253371314595825,19.601762561060546,6395.510972062115,31.20979931357001,6426.720771375685
2632,6375.843715370371,15.253214630072657,19.600721727258968,6395.44443709763,31.208089552348454,6426.652526649978
2633,6375.778214564896,15.253057929581091,19.59969582385586,6395.377910388752,31.206385544278845,6426.58429593303
2634,6375.712707107889,15.252901213176768,19.598684832486885,6395.311391940376,31.204687278514896,6426.516079218891
2635,6375.647193023081,15.252744480916462,19.597688734900135,6395.244881757981,31.20299474425141,6426.447876502232
2636,6375.581672333197,15.252587732854538,19.596707512955952,6395.178379846153,31.201307930724198,6426.379687776877
2637,6375.5161450618025,15.252430969047374,19.595741148626587,6395.1118862104295,31.199626827209887,6426.311513037639
2638,6375.450611232349,15.252274189551073,19.59478962399594,6395.045400856345,31.19795142302585,6426.243352279371
2639,6375.3850708680475,15.252117394421166,19.593852921259305,6394.9789237893065,31.19628170753007,6426.1752054968365
2640,6375.31952399181,15.251960583712464,19.59293102272308,6394.9124550145325,31.194617670121023,6426.107072684654
2641,6375.253970627354,15.251803757481708,19.59202391080448,6394.845994538158,31.192959300237554,6426.038953838396
2642,6375.188410797524,15.25164691578355,19.591131568031305,6394.779542365555,31.19130658735873,6425.970848952914
2643,6375.122844526046,15.25149005867475,19.590253977041666,6394.713098503087,31.18965952100379,6425.902758024091
2644,6375.05727183552,15.251333186209378,19.589391120583684,6394.646662956104,31.188018090731966,6425.834681046836
2645,6374.991692749603,15.251176298444028,19.588542981515292,6394.580235731119,31.18638228614238,6425.766618017261
2646,6374.926107291281,15.251019395433687,19.5877095428039,6394.513816834085,31.18475209687393,6425.6985689309595
2647,6374.86051548406,15.250862477234593,19.586890787526173,6394.447406271586,31.183127512605196,6425.630533784191
2648,6374.794917350855,15.250705543901567,19.58608669886778,6394.381004049723,31.18150852305427,6425.562512572777
2649,6374.729312914834,15.250548595490033,19.585297260123088,6394.314610174957,31.179895117978703,6425.494505292936
2650,6374.663702199472,15.250391632056154,19.58452245469497,6394.248224654167,31.178287287175326,6425.426511941342
2651,6374.598085227508,15.250234653654324,19.583762266094492,6394.181847493603,31.1766850204802,6425.358532514083
2652,6374.5324620223455,15.250077660340539,19.58301667794069,6394.115478700286,31.175088307768444,6425.2905670080545
2653,6374.4668326069905,15.249920652169834,19.58228567396031,6394.049118280951,31.17349713895417,6425.222615419905
2654,6374.401197004863,15.249763629198238,19.58156923798756,6393.982766242851,31.171911503990316,6425.154677746841
2655,6374.335555238851,15.249606591480505,19.580867353963843,6393.916422592815,31.170331392868604,6425.086753985684
2656,6374.269907332205,15.249449539072259,19.580180005937528,6393.850087338142,31.168756795619352,6425.018844133761
2657,6374.204253308046,15.249292472028818,19.5795071780637,6393.78376048611,31.167187702311416,6424.9509481884215
2658,6374.1385931892155,15.249135390404822,19.578848854603915,6393.71744204382,31.165624103052053,6424.883066146872
2659,6374.072926999011,15.248978294256005,19.578205019925942,6393.651132018937,31.16406598798683,6424.815198006923
2660,6374.007254760451,15.248821183637444,19.57757565850352,6393.584830418955,31.162513347299477,6424.747343766255
2661,6373.941576496747,15.248664058604659,19.57696075491613,6393.5185372516635,31.160966171211818,6424.679503422875
2662,6373.875892230928,15.248506919212746,19.576360293848758,6393.452252524777,31.15942444998366,6424.6116769747605
2663,6373.810201986009,15.248349765516767,19.57577426009164,6393.385976246101,31.157888173912625,6424.543864420013
2664,6373.744505785007,15.248192597571787,19.57520263854001,6393.319708423547,31.156357333334135,6424.476065756881
2665,6373.678803650905,15.248035415432787,19.574645414193885,6393.253449065099,31.15483191862122,6424.40828098372
2666,6373.6130956069155,15.2478782191553,19.57410257215784,6393.187198179074,31.15331192018445,6424.340510099258
2667,6373.547381676075,15.247721008794437,19.573574097640755,6393.120955773716,31.151797328471833,6424.272753102187
2668,6373.481661881122,15.247563784404598,19.573059975955562,6393.054721857077,31.150288133968687,6424.205009991046
2669,6373.415936245484,15.247406546041827,19.572560192519063,6392.988496438003,31.14878432719756,6424.137280765201
2670,6373.35020479178,15.24724929376024,19.572074732851654,6392.922279524631,31.147285898718092,6424.06956542335
2671,6373.284467543193,15.247092027615295,19.571603582577104,6392.8560711257705,31.145792839126933,6424.001863964898
2672,6373.218724522603,15.24693474766173,19.57114672742235,6392.7898712500255,31.14430513905763,6423.934176389083
2673,6373.152975753208,15.246777453955042,19.570704153217253,6392.723679906425,31.14282278918051,6423.866502695605
2674,6373.087221257659,15.246620146549423,19.57027584589437,6392.657497103553,31.14134578020262,6423.798842883756
2675,6373.021461059254,15.246462825500608,19.56986179148873,6392.5913228507425,31.13987410286758,6423.73119695361
2676,6372.955695180524,15.246305490862499,19.569461976137582,6392.525157156662,31.13840774795547,6423.6635649046175
2677,6372.889923644738,15.24614814269076,19.56907638608024,6392.459000030818,31.136946706282778,6423.595946737101
2678,6372.824146474723,15.245990781040009,19.56870500765779,6392.392851482381,31.135490968702253,6423.5283424510835
2679,6372.758363693592,15.245833405965532,19.56834782731293,6392.3267115209055,31.13404052610283,6423.460752047008
2680,6372.692575323936,15.245676017521378,19.568004831589697,6392.2605801555255,31.132595369409508,6423.393175524935
2681,6372.62678138895,15.245518615763038,19.56767600713327,6392.194457396083,31.13115548958326,6423.325612885666
2682,6372.560981911396,15.245361200744966,19.56736134068975,6392.128343252086,31.12972087762094,6423.258064129707
2683,6372.49517691403,15.245203772521602,19.56706081910596,6392.062237733136,31.12829152455516,6423.190529257691
2684,6372.429366419945,15.245046331148194,19.566774429329218,6391.9961408492745,31.12686742145421,6423.123008270729
2685,6372.36355045193,15.244888876679259,19.566502158407104,6391.930052610337,31.125448559421955,6423.055501169759
2686,6372.297729032909,15.244731409169638,19.566243993487276,6391.863973026397,31.124034929597713,6422.988007955994
2687,6372.231902185535,15.244573928673528,19.565999921817237,6391.797902107352,31.122626523156192,6422.920528630508
2688,6372.166069933232,15.244416435246967,19.56576993074414,6391.731839863976,31.12122333130737,6422.8530631952835
2689,6372.100232298151,15.244258928942946,19.56555400771455,6391.665786305865,31.119825345296405,6422.785611651162
2690,6372.03438930331,15.24410140981653,19.565352140274257,6391.599741443584,31.118432556403533,6422.718173999988
2691,6371.968540971629,15.243943877922558,19.565164316068074,6391.533705287698,31.117044955943957,6422.650750243642
2692,6371.902687326205,15.24378633331628,19.564990522839622,6391.467677849044,31.11566253526778,6422.583340384312
2693,6371.836828389292,15.243628776050938,19.564830748431095,6391.401659137723,31.114285285759884,6422.515944423483
2694,6371.770964184121,15.243471206182107,19.564684980783085,6391.335649164904,31.112913198839845,6422.448562363744
2695,6371.7050947332045,15.243313623763648,19.564553207934388,6391.269647941139,31.11154626596183,6422.381194207101
2696,6371.639220059654,15.243156028850846,19.564435418021787,6391.203655477676,31.110184478614528,6422.31383995629
2697,6371.573340185685,15.242998421496853,19.56433159927983,6391.137671784965,31.108827828320994,6422.246499613287
2698,6371.507455134619,15.242840801757461,19.564241740040647,6391.071696874659,31.10747630663862,6422.179173181298
2699,6371.441564928948,15.242683169686478,19.564165828733742,6391.005730757682,31.10612990515901,6422.111860662841
2700,6371.37566959151,15.242525525338541,19.564103853885776,6390.939773445396,31.10478861550788,6422.044562060903
2701,6371.30976914485,15.242367868767584,19.56405580412043,6390.873824948971,31.103452429344983,6421.977277378315
2702,6371.243863611974,15.242210200028646,19.564021668158148,6390.807885280132,31.102121338363993,6421.910006618496
2703,6371.177953015553,15.242052519175964,19.56400143481596,6390.741954450368,31.100795334292442,6421.842749784661
2704,6371.112037378053,15.241894826263286,19.563995093007286,6390.67603247106,31.09947440889161,6421.7755068799515
2705,6371.046116722335,15.241737121345299,19.564002631741722,6390.610119354076,31.09815855395641,6421.708277908033
2706,6370.980191071201,15.241579404476559,19.564024040124856,6390.544215111326,31.09684776131535,6421.641062872641
2707,6370.914260447282,15.2414216757112,19.5640593073581,6390.47831975464,31.095542022830383,6421.5738617774705
2708,6370.848324873187,15.24126393510332,19.56410842273843,6390.412433295925,31.09424133039685,6421.506674626322
2709,6370.782384371596,15.241106182707167,19.56417137565827,6390.346555747255,31.092945675943394,6421.439501423198
2710,6370.716438965004,15.240948418576565,19.56424815560528,6390.280687120609,31.091655051431843,6421.3723421720415
2711,6370.650488676356,15.240790642766402,19.564338752162126,6390.214827428518,31.090369448857135,6421.305196877375
2712,6370.58453352831,15.240632855330885,19.56444315500634,6390.1489766833165,31.089088860247234,6421.238065543564
2713,6370.518573543159,15.240475056323346,19.56456135391009,6390.083134897069,31.087813277663024,6421.170948174732
2714,6370.452608744024,15.2403172457991,19.56469333874002,6390.017302082763,31.086542693198233,6421.103844775962
2715,6370.386639153197,15.240159423811477,19.564839099457053,6389.951478252655,31.085277098979326,6421.036755351634
2716,6370.320664792998,15.240001590413872,19.56499862611619,6389.885663419114,31.08401648716546,6420.969679906279
2717,6370.254685686639,15.239843745661817,19.565171908866358,6389.819857595506,31.082760849948336,6420.902618445454
2718,6370.1887018563475,15.239685889608486,19.56535893795017,6389.754060794297,31.081510179552144,6420.83557097385
2719,6370.122713324738,15.239528022307985,19.56555970370382,6389.6882730284415,31.08026446823348,6420.768537496675
2720,6370.056720114459,15.239370143814494,19.56577419655683,6389.6224943110155,31.07902370828123,6420.701518019297
2721,6369.9907222481725,15.239212254182231,19.566002407031885,6389.556724655205,31.077787892016527,6420.634512547221
2722,6369.92471974813,15.239054353464425,19.566244325744677,6389.490964073874,31.07655701179262,6420.567521085667
2723,6369.858712637152,15.238896441715674,19.566499943403667,6389.425212580556,31.075331059994824,6420.500543640551
2724,6369.792700937645,15.238738518989582,19.566769250809983,6389.359470188455,31.07411002904039,6420.433580217496
2725,6369.726684672225,15.238580585340252,19.56705223885715,6389.293736911082,31.072893911378458,6420.366630822461
2726,6369.660663863123,15.238422640820868,19.567348898531,6389.228012761654,31.07168269948997,6420.299695461144
2727,6369.594638533492,15.238264685486822,19.567659220909427,6389.162297754401,31.070476385887545,6420.232774140289
2728,6369.528608705012,15.23810671938998,19.567983197162235,6389.096591902174,31.06927496311544,6420.165866865289
2729,6369.462574400632,15.237948742585242,19.56832081855096,6389.030895219183,31.068078423749448,6420.098973642932
2730,6369.396535642894,15.237790755126541,19.56867207642872,6388.965207719323,31.066886760396798,6420.03209447972
2731,6369.3304924541135,15.237632757067257,19.569036962239966,6388.899529416353,31.065699965696098,6419.965229382049
2732,6369.26444485671,15.237474748461029,19.569415467520372,6388.83386032423,31.064518032317224,6419.898378356547
2733,6369.198392873212,15.23731672936175,19.569807583896644,6388.768200457108,31.063340952961255,6419.831541410069
2734,6369.132336526316,15.237158699823723,19.570213303086327,6388.702549829402,31.062168720360383,6419.764718549763
2735,6369.066275838076,15.237000659899703,19.57063261689765,6388.636908454973,31.061001327277822,6419.697909782251
2736,6369.000210830917,15.236842609643343,19.571065517229375,6388.571276348147,31.059838766507752,6419.631115114655
2737,6368.934141527512,15.236684549108881,19.57151199607054,6388.505653523583,31.05868103087521,6419.564334554458
2738,6368.868067950083,15.23652647834948,19.5719720455004,6388.440039995584,31.05752811323601,6419.49756810882
2739,6368.80199012117,15.236368397419067,19.572445657688164,6388.374435778858,31.05638000647667,6419.430815785335
2740,6368.735908062958,15.236210306370712,19.572932824892888,6388.30884088785,31.05523670351433,6419.364077591365
2741,6368.66982179811,15.236052205258638,19.573433539463263,6388.243255337574,31.054098197296653,6419.29735353487
2742,6368.603731348784,15.235894094135848,19.57394779383746,6388.177679142622,31.052964480801773,6419.230643623424
2743,6368.537636737357,15.23573597305588,19.57447558054298,6388.1121123179,31.05183554703819,6419.163947864939
2744,6368.471537986257,15.235577842072386,19.575016892196466,6388.046554878454,31.05071138904471,6419.0972662674985
2745,6368.405435117847,15.23541970123887,19.575571721503522,6387.981006839351,31.04959199989034,6419.030598839241
2746,6368.3393281542385,15.235261550608227,19.57614006125858,6387.915468215497,31.0484773726742,6418.963945588171
2747,6368.2732171179505,15.23510339023433,19.57672190434472,6387.849939022295,31.04736750052551,6418.89730652282
2748,6368.207102031417,15.234945220170854,19.57731724373346,6387.784419275151,31.04626237660342,6418.830681651754
2749,6368.140982916682,15.234787040470533,19.577926072484672,6387.718908989167,31.045161994096997,6418.764070983264
2750,6368.0748597959055,15.234628851186377,19.578548383746362,6387.653408179652,31.044066346225108,6418.697474525877
2751,6368.00873269192,15.234470652373014,19.57918417075453,6387.587916862674,31.042975426236367,6418.630892288911
2752,6367.942601626517,15.234312444082576,19.579833426832995,6387.52243505335,31.041889227409037,6418.564324280759
2753,6367.876466622018,15.234154226368464,19.5804961453932,6387.456962767411,31.040807743050962,6418.497770510462
2754,6367.8103277009695,15.233995999284616,19.58117231993414,6387.391500020904,31.039730966499476,6418.431230987403
2755,6367.744184885378,15.23383776288368,19.58186194404209,6387.32604682942,31.03865889112135,6418.364705720542
2756,6367.67803819748,15.233679517218853,19.582565011390507,6387.260603208871,31.03759151031268,6418.298194719183
2757,6367.611887659563,15.233521262343451,19.583281515739884,6387.195169175303,31.036528817498834,6418.231697992802
2758,6367.545733293856,15.23336299831066,19.584011450937535,6387.129744744793,31.035470806134374,6418.165215550927
2759,6367.479575122294,15.233204725172952,19.584754810917488,6387.064329933211,31.03441746970298,6418.098747402914
2760,6367.4134131675355,15.233046442984534,19.585511589700268,6386.998924757236,31.033368801717355,6418.032293558953
2761,6367.3472474514865,15.232888151797814,19.586281781392785,6386.93352923288,31.032324795719155,6417.965854028599
2762,6367.28107799628,15.232729851665741,19.587065380188168,6386.868143376469,31.03128544527892,6417.899428821747
2763,6367.214904824239,15.23257154264172,19.58786238036557,6386.802767204605,31.030250743996003,6417.8330179486
2764,6367.148727957239,15.232413224778085,19.588672776290075,6386.737400733529,31.029220685498487,6417.766621419028
2765,6367.082547417773,15.232254898128643,19.589496562412464,6386.672043980185,31.028195263443088,6417.700239243628
2766,6367.016363227998,15.232096562746408,19.59033373326913,6386.6066969612675,31.02717447151513,6417.633871432783
2767,6366.95017540964,15.23193821868335,19.59118428348187,6386.541359693122,31.02615830342842,6417.56751799655
2768,6366.88398398513,15.231779865993133,19.592048207757728,6386.476032192888,31.025146752925195,6417.501178945813
2769,6366.817788976215,15.231621504727785,19.59292550088891,6386.410714477103,31.02413981377606,6417.434854290879
2770,6366.751590405425,15.231463134941208,19.593816157752535,6386.345406563178,31.023137479779862,6417.368544042957
2771,6366.6853882946025,15.231304756685653,19.594720173310535,6386.280108467913,31.022139744763688,6417.302248212677
2772,6366.619182665773,15.231146370013812,19.595637542609488,6386.214820208383,31.021146602582746,6417.235966810966
2773,6366.552973541411,15.230987974979453,19.59656826078047,6386.149541802191,31.020158047120283,6417.169699849312
2774,6366.48676094292,15.23082957163378,19.597512323038863,6386.084273265959,31.019174072287548,6417.103447338247
2775,6366.420544892818,15.230671160030665,19.59846972468428,6386.019014617502,31.018194672023693,6417.037209289526
2776,6366.354325412838,15.230512740222101,19.599440461100343,6385.953765873938,31.017219840295702,6416.970985714234
2777,6366.288102525303,15.23035431226149,19.600424527754544,6385.888527053057,31.016249571098328,6416.904776624156
2778,6366.221876251743,15.230195876200343,19.601421920198106,6385.823298171941,31.015283858453994,6416.838582030395
2779,6366.1556466147895,15.230037432092798,19.602432634065828,6385.758079248855,31.014322696412762,6416.772401945268
2780,6366.08941363594,15.229878979990287,19.60345666507593,6385.692870301016,31.01336607905221,6416.706236380069
2781,6366.023177337316,15.229720519945733,19.60449400902991,6385.627671346346,31.012414000477428,6416.640085346823
2782,6365.956937740966,15.22956205201188,19.605544661812356,6385.562482402778,31.011466454820876,6416.573948857599
2783,6365.890694868611,15.229403576240696,19.60660861939088,6385.497303488001,31.01052343624235,6416.507826924244
2784,6365.824448742296,15.22924509268492,19.607685877815875,6385.432134620112,31.009584938928914,6416.441719559041
2785,6365.75819938418,15.229086601397562,19.608776433220406,6385.366975817401,31.00865095709477,6416.375626774496
2786,6365.691946815959,15.228928102430524,19.60988028182006,6385.301827097779,31.007721484981296,6416.309548582761
2787,6365.625691059307,15.228769595835663,19.610997419912813,6385.23668847922,31.006796516856888,6416.243484996077
2788,6365.559432136735,15.22861108166683,19.61212784387884,6385.171559980614,31.005876047016887,6416.17743602763
2789,6365.4931700694515,15.228452559974764,19.613271550180414,6385.106441619632,31.004960069783564,6416.111401689416
2790,6365.426904879827,15.228294030812982,19.614428535361704,6385.041333415189,31.004048579506012,6416.045381994695
2791,6365.3606365896885,15.228135494233705,19.615598796048662,6384.976235385737,31.003141570560096,6415.979376956297
2792,6365.294365220598,15.227976950288511,19.61678232894888,6384.9111475495465,31.00223903734835,6415.913386586895
2793,6365.228090794562,15.227818399030054,19.61797913085142,6384.846069925414,31.00134097429993,6415.847410899713
2794,6365.161813333399,15.227659840510523,19.61918919862669,6384.781002532025,31.000447375870564,6415.781449907896
2795,6365.095532858804,15.227501274781828,19.620412529226293,6384.71594538803,30.99955823654244,6415.715503624573
2796,6365.029249392945,15.227342701896998,19.62164911968284,6384.6508985126275,30.99867355082417,6415.649572063452
2797,6364.962962957216,15.227184121907216,19.62289896710987,6384.585861924326,30.99779331325069,6415.583655237577
2798,6364.896673573659,15.227025534865215,19.624162068701647,6384.520835642361,30.996917518383228,6415.517753160744
2799,6364.83038126381,15.22686694082251,19.62543842173308,6384.455819685542,30.996046160809193,6415.451865846351
2800,6364.764086049598,15.226708339831573,19.62672802355949,6384.390814073157,30.995179235142167,6415.3859933082995
2801,6364.697787952846,15.226549731944607,19.62803087161653,6384.325818824463,30.99431673602177,6415.320135560484
2802,6364.631486995133,15.226391117213236,19.629346963420012,6384.260833958553,30.993458658113617,6415.254292616667
2803,6364.565183198196,15.226232495689464,19.63067629656576,6384.195859494762,30.992604996109275,6415.188464490871
2804,6364.498876583647,15.226073867424994,19.632018868729507,6384.1308954523765,30.991755744726177,6415.122651197103
2805,6364.432567173424,15.225915232472307,19.63337467766668,6384.06594185109,30.99091089870752,6415.056852749798
2806,6364.366254989131,15.225756590883089,19.634743721212313,6384.000998710344,30.99007045282226,6414.991069163167
2807,6364.2999400525405,15.225597942709427,19.636125997280892,6383.936066049821,30.989234401864994,6414.925300451687
2808,6364.23362238504,15.225439288002487,19.637521503866196,6383.871143888906,30.98840274065592,6414.859546629562
2809,6364.167302008417,15.225280626814396,19.638930239041155,6383.806232247458,30.987575464040763,6414.793807711499
2810,6364.100978944453,15.225121959197256,19.640352200957715,6383.741331145411,30.986752566890704,6414.728083712302
2811,6364.034653214656,15.224963285202525,19.641787387846698,6383.676440602502,30.98593404410232,6414.662374646605
2812,6363.968324840574,15.224804604881754,19.64323579801763,6383.611560638591,30.985119890597502,6414.596680529188
2813,6363.901993843889,15.224645918286814,19.644697429858674,6383.5466912737475,30.984310101323427,6414.53100137507
2814,6363.835660246266,15.224487225469536,19.64617228183637,6383.481832528103,30.983504671252433,6414.465337199355
2815,6363.76932406905,15.22432852648098,19.64766035249561,6383.416984421545,30.982703595382013,6414.399688016927
2816,6363.702985334086,15.224169821373412,19.64916164045941,6383.352146974546,30.98190686873472,6414.33405384328
2817,6363.636644062847,15.224011110198198,19.65067614442882,6383.287320207276,30.981114486358067,6414.268434693634
2818,6363.570300276724,15.223852393006517,19.65220386318276,6383.222504139907,30.980326443324543,6414.202830583232
2819,6363.503953997524,15.223693669850537,19.653744795577854,6383.157698793102,30.97954273473147,6414.137241527834
2820,6363.437605246499,15.223534940781096,19.65529894054834,6383.092904187047,30.97876335570098,6414.0716675427475
2821,6363.371254045447,15.223376205850352,19.65686629710591,6383.028120342553,30.97798830137996,6414.006108643933
2822,6363.304900415471,15.223217465108782,19.658446864339542,6382.9633472798105,30.977217566939913,6413.94056484675
2823,6363.2385443783705,15.223058718608542,19.66004064141538,6382.898585019786,30.97645114757701,6413.875036167363
2824,6363.172185955294,15.222899966400224,19.661647627576613,6382.83383358287,30.975689038511923,6413.809522621382
2825,6363.105825168227,15.222741208536428,19.663267822143293,6382.76909299037,30.974931234989814,6413.74402422536
2826,6363.039462038058,15.222582445067125,19.664901224512235,6382.704363262571,30.97417773228025,6413.678540994852
2827,6362.973096586512,15.222423676044286,19.666547834156805,6382.639644420668,30.973428525677154,6413.613072946346
2828,6362.90672883494,15.222264901518994,19.6682076506269,6382.5749364855665,30.97268361049872,6413.547620096065
2829,6362.8403588048295,15.222106121542655,19.669880673548672,6382.510239478378,30.97194298208737,6413.482182460465
2830,6362.773986517503,15.221947336166274,19.67156690262448,6382.445553420127,30.971206635809686,6413.416760055937
2831,6362.707611994276,15.221788545440852,19.673266337632718,6382.380878331908,30.970474567056314,6413.351352898964
2832,6362.641235256582,15.22162974941766,19.67497897842768,6382.31621423501,30.96974677124198,6413.285961006252
2833,6362.57485632553,15.221470948147202,19.676704824939428,6382.25156115047,30.969023243805317,6413.220584394275
2834,6362.508475222987,15.221312141681787,19.678443877173628,6382.186919100161,30.968303980208905,6413.155223080369
2835,6362.442091970039,15.221153330071862,19.680196135211425,6382.12228810525,30.96758897593914,6413.089877081189
2836,6362.375706587852,15.220994513368066,19.68196159920929,6382.057668187061,30.96687822650621,6413.024546413567
2837,6362.309319097588,15.220835691621023,19.683740269398907,6381.993059366987,30.966171727444014,6412.959231094431
2838,6362.242929520946,15.220676864882645,19.685532146087002,6381.928461667033,30.96546947431007,6412.893931141343
2839,6362.176537879029,15.220518033203419,19.687337229655224,6381.863875108684,30.964771462685533,6412.828646571369
2840,6362.110144193237,15.220359196634538,19.689155520560007,6381.799299713797,30.96407768817505,6412.763377401972
2841,6362.043748484558,15.220200355226215,19.69098701933242,6381.73473550389,30.96338814640676,6412.698123650297
2842,6361.977350774061,15.220041509028855,19.69283172657802,6381.670182500639,30.962702833032164,6412.632885333672
2843,6361.910951083746,15.219882658095086,19.694689642976748,6381.605640726722,30.962021743726154,6412.567662470448
2844,6361.844549433994,15.21972380247367,19.69656076928273,6381.541110203277,30.961344874186857,6412.502455077463
2845,6361.778145846311,15.219564942216056,19.698445106324193,6381.476590952636,30.960672220135656,6412.437263172772
2846,6361.711740342111,15.21940607737347,19.700342655003308,6381.412082997114,30.960003777317034,6412.372086774431
2847,6361.645332942135,15.219247207995538,19.702253416296006,6381.347586358431,30.959339541498636,6412.306925899929
2848,6361.578923667929,15.219088334133803,19.70417739125193,6381.283101059181,30.958679508471093,6412.241780567652
2849,6361.512512540372,15.21892945583821,19.70611458099419,6381.218627121366,30.958023674048032,6412.1766507954135
2850,6361.446099580498,15.218770573159087,19.70806498671932,6381.154164567218,30.95737203406597,6412.111536601284
2851,6361.379684809773,15.218611686147781,19.710028609697076,6381.08971341947,30.956724584384283,6412.046438003855
2852,6361.313268249152,15.218452794854432,19.712005451270326,6381.025273700423,30.956081320885136,6411.981355021308
2853,6361.246849919624,15.218293899329243,19.713995512854865,6380.960845432479,30.955442239473435,6411.916287671952
2854,6361.180429842164,15.218134999622402,19.715998795939356,6380.896428638103,30.954807336076744,6411.85123597418
2855,6361.114008038358,15.217976095785547,19.718015302085124,6380.832023340444,30.95417660664522,6411.786199947089
2856,6361.047584528387,15.217817187866956,19.72004503292602,6380.767629561314,30.95355004715159,6411.721179608466
2857,6360.981159334098,15.217658275918895,19.722087990168315,6380.703247324266,30.95292765359107,6411.6561749778575
2858,6360.9147324759815,15.217499359990386,19.724144175590556,6380.638876651572,30.95230942198128,6411.591186073553
2859,6360.848303975452,15.21734044013266,19.726213591043397,6380.574517566495,30.95169534836222,6411.526212914858
2860,6360.7818738529295,15.217181516394568,19.728296238449467,6380.510170091379,30.95108542879622,6411.461255520176
2861,6360.71544212986,15.217022588827417,19.730392119803263,6380.445834249664,30.95047965936781,6411.396313909031
2862,6360.649008827077,15.216863657481044,19.73250123717096,6380.381510064248,30.94987803618376,6411.3313881004315
2863,6360.582573965648,15.216704722405858,19.73462359269031,6380.317197558339,30.949280555372923,6411.266478113712
2864,6360.516137566357,15.216545783651572,19.73675918857046,6380.252896754928,30.948687213086252,6411.201583968014
2865,6360.449699650135,15.216386841268266,19.73890802709189,6380.188607677227,30.9480980054967,6411.136705682724
2866,6360.383260237848,15.216227895305856,19.741070110606188,6380.124330348454,30.947512928799178,6411.071843277254
2867,6360.316819350305,15.216068945814127,19.743245441535947,6380.060064791841,30.94693197921049,6411.0069967710515
2868,6360.250377008551,15.215909992843425,19.74543402237464,6379.995811030926,30.94635515296926,6410.942166183895
2869,6360.1839332333475,15.215751036443415,19.747635855686433,6379.9315690890335,30.945782446335908,6410.87735153537
2870,6360.117488045691,15.215592076664333,19.7498509441061,6379.867338989797,30.94521385559254,6410.812552845389
2871,6360.051041466264,15.215433113555655,19.75207929033883,6379.803120756603,30.944649377042957,6410.747770133646
2872,6359.984593516054,15.215274147167593,19.754320897160135,6379.738914413214,30.944089007012543,6410.683003420227
2873,6359.918144215552,15.215115177549167,19.756575767415654,6379.674719982968,30.943532741848202,6410.618252724816
2874,6359.851693585557,15.214956204750136,19.758843904021084,6379.610537489578,30.94298057791835,6410.553518067496
2875,6359.785241647305,15.214797228821304,19.761125309961965,6379.546366957267,30.942432511612814,6410.48879946888
2876,6359.718788421011,15.21463824981103,19.763419988293563,6379.482208409304,30.941888539342806,6410.424096948646
2877,6359.652333927757,15.214479267769754,19.765727942140778,6379.418061869898,30.941348657540814,6410.359410527439
2878,6359.585878188092,15.21432028274663,19.768049174697918,6379.353927362789,30.940812862660604,6410.29474022545
2879,6359.519421222971,15.214161294791795,19.770383689228662,6379.2898049121995,30.94028115117713,6410.230086063377
2880,6359.4529630527995,15.214002303954066,19.772731489065794,6379.225694541866,30.93975351958647,6410.1654480614525
2881,6359.38650369829,15.21384331028299,19.775092577611158,6379.161596275901,30.939229964405797,6410.100826240307
2882,6359.320043180348,15.213684313828583,19.77746695833546,6379.097510138683,30.938710482173292,6410.0362206208565
2883,6359.253581519408,15.213525314639732,19.779854634778165,6379.033436154186,30.938195069448092,6409.971631223634
2884,6359.187118736203,15.213366312766036,19.782255610547335,6378.969374346751,30.937683722810267,6409.907058069561
2885,6359.120654851315,15.213207308256733,19.784669889319478,6378.905324740634,30.937176438860718,6409.842501179494
2886,6359.0541898851125,15.213048301160557,19.78709747483943,6378.841287359952,30.93667321422114,6409.7779605741725
2887,6358.987723858847,15.212889291528342,19.789538370920205,6378.777262229767,30.936174045533953,6409.713436275301
2888,6358.921256792456,15.21273027940779,19.791992581442805,6378.713249373899,30.935678929462284,6409.648928303362
2889,6358.854788706782,15.21257126484876,19.794460110356148,6378.649248817138,30.935187862689844,6409.584436679827
2890,6358.7883196222865,15.212412247900208,19.796940961676913,6378.585260583964,30.93470084192093,6409.5199614258845
2891,6358.721849559546,15.212253228611354,19.799435139489333,6378.521284699035,30.93421786388035,6409.455502562916
2892,6358.65537853899,15.212094207031075,19.80194264794512,6378.457321186935,30.933738925313357,6409.391060112248
2893,6358.588906581232,15.211935183208688,19.804463491263277,6378.393370072495,30.933264022985593,6409.326634095481
2894,6358.522433706728,15.21177615719313,19.806997673729995,6378.329431380458,30.932793153683058,6409.262224534141
2895,6358.455959936058,15.211617129033632,19.809545199698476,6378.265505135757,30.93232631421199,6409.197831449969
2896,6358.389485289421,15.211458098778518,19.812106073588804,6378.201591363009,30.931863501398915,6409.133454864408
2897,6358.323009787362,15.211299066476943,19.81468029988779,6378.13769008725,30.93140471209049,6409.069094799341
2898,6358.25653345028,15.211140032177703,19.817267883148833,6378.0738013334285,30.930949943153486,6409.004751276582
2899,6358.190056298785,15.210980995930107,19.819868827991765,6378.009925126777,30.930499191474745,6408.940424318252
2900,6358.123578352826,15.210821957781882,19.822483139102715,6377.946061491929,30.930052453961103,6408.87611394589
2901,6358.057099633355,15.210662917783146,19.825110821233988,6377.88221045459,30.929609727539344,6408.811820182129
2902,6357.990620160445,15.210503875981926,19.827751879203852,6377.818372039649,30.92917100915615,6408.747543048806
2903,6357.924139954293,15.21034483242654,19.83040631789647,6377.75454627219,30.928736295778016,6408.6832825679685
2904,6357.857659035503,15.210185787166276,19.833074142261665,6377.690733177765,30.928305584391254,6408.619038762156
2905,6357.7911774242275,15.210026740249347,19.835755357314866,6377.626932781543,30.927878872001866,6408.554811653545
2906,6357.724695140657,15.20986769172406,19.838449968136903,6377.563145108794,30.92745615563553,6408.49060126443
2907,6357.658212205426,15.209708641639775,19.841157979873895,6377.4993701853,30.927037432337556,6408.426407617638
2908,6357.591728638427,15.209549590044086,19.843879397737048,6377.435608036164,30.926622699172782,6408.362230735337
2909,6357.525244460204,15.209390536986133,19.846614227002565,6377.371858687206,30.926211953225575,6408.298070640432
2910,6357.4587596906385,15.20923148251349,19.849362473011457,6377.30812216365,30.925805191599743,6408.23392735525
2911,6357.392274350457,15.209072426675736,19.852124141169433,6377.244398491626,30.92540241141846,6408.169800903045
2912,6357.325788459531,15.20891336952041,19.854899236946725,6377.180687696478,30.92500360982429,6408.105691306303
2913,6357.259302037933,15.208754311095532,19.857687765877934,6377.116989803811,30.924608783979032,6408.04159858779
2914,6357.1928151059965,15.208595251449752,19.860489733561902,6377.053304839558,30.924217931063726,6407.977522770622
2915,6357.126327683968,15.208436190631502,19.86330514566155,6376.98963282963,30.923831048278597,6407.913463877909
2916,6357.059839791906,15.208277128688769,19.86613400790373,6376.925973799809,30.923448132842967,6407.849421932652
2917,6356.993351449786,15.208118065669344,19.86897632607907,6376.862327775865,30.923069181995263,6407.78539695786
2918,6356.9268626780295,15.207959001622081,19.871832106041833,6376.798694784071,30.922694192992864,6407.721388977064
2919,6356.860373496424,15.207799936594315,19.874701353709746,6376.735074850133,30.922323163112146,6407.657398013245
2920,6356.793883924987,15.207640870633941,19.87758407506388,6376.671468000051,30.921956089648365,6407.5934240896995
2921,6356.727393984211,15.207481803789978,19.880480276148475,6376.6078742603595,30.92159296991563,6407.529467230275
2922,6356.660903693784,15.207322736109532,19.883389963070794,6376.544293656855,30.921233801246835,6407.465527458102
2923,6356.59441307374,15.207163667640526,19.88631314200098,6376.480726215741,30.920878580993616,6407.401604796734
2924,6356.527922144276,15.207004598431283,19.889249819171873,6376.417171963448,30.920527306526285,6407.337699269974
2925,6356.461430925418,15.206845528529708,19.892200000878915,6376.353630926297,30.920179975233797,6407.273810901531
2926,6356.394939436696,15.206686457982528,19.895163693479937,6376.290103130176,30.919836584523654,6407.2099397147
2927,6356.328447698634,15.206527386838836,19.89814090339503,6376.226588602029,30.91949713182192,6407.146085733851
2928,6356.261955730961,15.20636831514584,19.901131637106403,6376.163087368067,30.91916161457308,6407.08224898264
2929,6356.195463553406,15.206209242950731,19.9041359011582,6376.099599454564,30.918830030240066,6407.018429484804
2930,6356.128971186031,15.20605017030151,19.907153702156354,6376.036124888187,30.91850237630413,6406.954627264491
2931,6356.0624786486205,15.205891097245503,19.91018504676846,6375.972663695389,30.918178650264856,6406.890842345654
2932,6355.995985961474,15.205732023831278,19.913229941723603,6375.909215903197,30.917858849640087,6406.827074752837
2933,6355.929493143965,15.20557295010518,19.916288393812195,6375.845781537778,30.917542971965844,6406.763324509744
2934,6355.863000216093,15.205413876115054,19.9193604098858,6375.782360625978,30.917231014796275,6406.699591640774
2935,6355.796507197927,15.205254801908916,19.92244599685702,6375.718953194784,30.916922975703656,6406.635876170488
2936,6355.730014108796,15.205095727533005,19.925545161699315,6375.655559270495,30.916618852278255,6406.572178122774
2937,6355.663520968837,15.204936653035494,19.928657911446834,6375.592178880283,30.91631864212837,6406.508497522412
2938,6355.5970277978195,15.204777578463682,19.931784253194273,6375.528812051014,30.916022342880183,6406.444834393894
2939,6355.530534615292,15.204618503864335,19.934924194096734,6375.465458809388,30.915729952177774,6406.381188761566
2940,6355.464041441435,15.20445942928573,19.938077741369522,6375.402119182805,30.91544146768303,6406.317560650488
2941,6355.397548295473,15.204300354773858,19.941244902288012,6375.338793197761,30.915156887075632,6406.253950084837
2942,6355.331055197488,15.204141280376765,19.944425684187518,6375.275480881675,30.914876208052945,6406.190357089728
2943,6355.264562166998,15.203982206141143,19.947620094463062,6375.212182261461,30.914599428329996,6406.126781689791
2944,6355.198069223607,15.203823132113891,19.950828140569293,6375.148897364176,30.91432654563944,6406.063223909816
2945,6355.131576387107,15.203664058342362,19.95404983002026,6375.085626217127,30.914057557731475,6405.999683774859
2946,6355.065083677266,15.203504984873842,19.957285170389312,6375.022368847655,30.913792462373806,6405.936161310029
2947,6354.998591113165,15.203345911753983,19.960534169308872,6374.959125282474,30.913531257351565,6405.872656539826
2948,6354.932098715202,15.203186839031584,19.963796834470312,6374.895895549673,30.913273940467302,6405.80916949014
2949,6354.86560650241,15.203027766752177,19.9670731736238,6374.832679676034,30.9130205095409,6405.745700185575
2950,6354.799114494643,15.20286869496326,19.97036319457808,6374.76947768922,30.91277096240952,6405.68224865163
2951,6354.732622711388,15.202709623711455,19.973666905200403,6374.706289616589,30.912525296927576,6405.618814913517
2952,6354.66613117203,15.202550553043134,19.976984313416263,6374.643115485446,30.91228351096664,6405.555398996413
2953,6354.599639896375,15.202391483005682,19.98031542720931,6374.579955323585,30.91204560241543,6405.492000926
2954,6354.5331489035625,15.202232413644886,19.983660254621135,6374.516809158184,30.911811569179733,6405.4286207273635
2955,6354.466658213451,15.202073345008257,19.987018803751134,6374.453677017203,30.911581409182382,6405.365258426385
2956,6354.400167845503,15.201914277142352,19.99039108275632,6374.390558928259,30.911355120363126,6405.301914048622
2957,6354.333677818939,15.201755210093154,19.993777099851183,6374.32745491879,30.911132700678696,6405.2385876194685
2958,6354.267188153198,15.201596143907171,19.997176863307512,6374.2643650165055,30.910914148102627,6405.175279164609
2959,6354.200698868025,15.201437078631638,20.00059038145419,6374.2012892494795,30.910699460625302,6405.111988710105
2960,6354.134209982482,15.201278014312159,20.00401766267709,6374.1382276451595,30.910488636253852,6405.048716281413
2961,6354.067721516207,15.20111895099571,20.00745871541885,6374.075180231625,30.9102816730121,6404.985461904637
2962,6354.00123348832,15.20095988872804,20.010913548178742,6374.012147036499,30.91007856894055,6404.92222560544
2963,6353.934745918493,15.200800827556202,20.014382169512494,6373.949128088006,30.90987932209627,6404.859007410102
2964,6353.86825882598,15.200641767526268,20.01786458803211,6373.886123414012,30.9096839305529,6404.795807344565
2965,6353.801772229988,15.200482708684182,20.02136081240574,6373.823133042394,30.909492392400566,6404.7326254347945
2966,6353.735286149731,15.200323651075912,20.024870851357413,6373.760157001088,30.909304705745832,6404.669461706834
2967,6353.668800604633,15.200164594747926,20.028394713667,6373.6971953183,30.90912086871165,6404.6063161870115
2968,6353.6023156141455,15.20000553974676,20.031932408169894,6373.634248022316,30.908940879437306,6404.543188901753
2969,6353.535831197301,15.199846486117947,20.035483943756947,6373.571315141058,30.908764736078385,6404.480079877137
2970,6353.469347373324,15.199687433907474,20.03904932937427,6373.5083967026985,30.908592436806664,6404.416989139505
2971,6353.4028641615,15.199528383161482,20.04262857402302,6373.445492735523,30.908423979810138,6404.353916715333
2972,6353.336381581093,15.19936933392606,20.046221686759278,6373.382603267852,30.9082593632929,6404.290862631145
2973,6353.269899651295,15.199210286247117,20.049828676693842,6373.31972832799,30.908098585475138,6404.227826913465
2974,6353.203418391319,15.19905124017062,20.05344955299207,6373.256867944311,30.907941644593016,6404.164809588904
2975,6353.136937820038,15.198892195741717,20.057084324873692,6373.194022144911,30.907788538898707,6404.10181068381
2976,6353.070457956844,15.198733153006803,20.06073300161261,6373.1311909584565,30.907639266660276,6404.038830225117
2977,6353.003978820721,15.198574112011295,20.064395592536805,6373.068374413258,30.90749382616166,6403.97586823942
2978,6352.937500430924,15.198415072801254,20.068072107028048,6373.0055725379525,30.907352215702584,6403.912924753655
2979,6352.871022806552,15.198256035422373,20.07176255452178,6372.942785361074,30.907214433598554,6403.849999794673
2980,6352.8045459665755,15.198096999920036,20.075466944506953,6372.880012911082,30.907080478180752,6403.787093389263
2981,6352.73806992991,15.197937966339499,20.079185286525796,6372.817255216436,30.906950347796048,6403.724205564232
2982,6352.671594715826,15.197778934726857,20.082917590173682,6372.754512306,30.906824040806853,6403.661336346807
2983,6352.605120343248,15.197619905127388,20.086663865098924,6372.691784208347,30.906701555591177,6403.598485763938
2984,6352.5386468312745,15.197460877586781,20.09042412100259,6372.629070952277,30.90658289054248,6403.53565384282
2985,6352.472174198712,15.19730185215003,20.094198367638327,6372.566372566351,30.90646804406969,6403.4728406104205
2986,6352.405702464622,15.19714282886273,20.097986614812164,6372.503689079434,30.906357014597106,6403.410046094031
2987,6352.339231647822,15.196983807769909,20.101788872382386,6372.441020520205,30.906249800564353,6403.347270320769
2988,6352.2727617676765,15.196824788917887,20.105605150259265,6372.378366917936,30.906146400426366,6403.284513318362
2989,6352.206292842633,15.196665772350796,20.109435458404946,6372.315728301038,30.906046812653273,6403.221775113691
2990,6352.139824891727,15.196506758114179,20.113279806833205,6372.25310469856,30.90595103573039,6403.15905573429
2991,6352.073357934014,15.196347746253622,20.117138205609333,6372.190496139623,30.90585906815817,6403.096355207781
2992,6352.0068919880405,15.196188736813493,20.121010664849862,6372.12790265289,30.905770908452112,6403.033673561342
2993,6351.94042707305,15.196029729839832,20.124897194722454,6372.065324267773,30.90568655514275,6402.971010822916
2994,6351.873963207484,15.195870725376755,20.128797805445643,6372.00276101293,30.905606006775564,6402.908367019706
2995,6351.807500410414,15.19571172346989,20.132712507288723,6371.940212917702,30.905529261910964,6402.845742179614
2996,6351.741038700519,15.195552724163921,20.13664131057151,6371.877680011091,30.905456319124198,6402.783136330215
2997,6351.6745780966485,15.195393727503944,20.140584225664135,6371.815162322313,30.905387177005345,6402.720549499319
2998,6351.608118617512,15.195234733534718,20.14454126298692,6371.7526598805,30.9053218341592,6402.657981714659
2999,6351.541660282046,15.195075742301546,20.14851243301013,6371.690172715056,30.905260289205295,6402.595433004261
