epoch,nll_total,nll_per_row,penalty,loss_base,bce_sum,loss_total
0,32263.569537607444,77.18557305647714,1.2000000000000004,32264.769537607444,0.0,32264.769537607444
1,30742.04233042588,73.54555581441598,1.246536217923278,30743.288866643805,0.0,30743.288866643805
2,29415.90920549567,70.37298852989395,1.2946488909582368,29417.20385438663,0.0,29417.20385438663
3,28271.703517003247,67.63565434689772,1.3442379607235433,28273.04775496397,0.0,28273.04775496397
4,27293.892822961137,65.29639431330416,1.395172546415301,27295.28799550755,0.0,27295.28799550755
5,26465.521939699687,63.314645788755236,1.4472920840297798,26466.969231783718,0.0,26466.969231783718
6,25769.154313414383,61.64869452969948,1.5004087871830194,25770.654722201565,0.0,25770.654722201565
7,25187.19415438977,60.25644534543007,1.5543117207087103,25188.74846611048,0.0,25188.74846611048
8,24702.210498975557,59.096197365970234,1.6087730811487189,24703.819272056706,0.0,24703.819272056706
9,24297.51306581204,58.12802168854555,1.6635561740852323,24299.176621986124,0.0,24299.176621986124
10,23957.71397157501,57.315105195155525,1.7184239820554428,23959.432395557065,0.0,23959.432395557065
11,23669.100600739286,56.62464258550069,1.7731474744655096,23670.87374821375,0.0,23670.87374821375
12,23419.815182957613,56.02826598793687,1.827513264026571,23421.64269622164,0.0,23421.64269622164
13,23199.890220427427,55.502129713941216,1.8813304528049386,23201.771550880232,0.0,23201.771550880232
14,23001.1820263099,55.02675125911459,1.9344365895547737,23003.116462899456,0.0,23003.116462899456
15,22817.23319497321,54.58668228462491,1.986702684534779,22819.219897657746,0.0,22819.219897657746
16,22643.088416344435,54.17006798168525,2.038037219859679,22645.126453564295,0.0,22645.126453564295
17,22475.08588554133,53.76814805153429,2.0883890787401245,22477.174274620073,0.0,22477.174274620073
18,22310.644462116194,53.37474751702439,2.1377493425849616,22312.78221145878,0.0,22312.78221145878
19,22148.061451677386,52.98579294659662,2.1861519695684932,22150.247603646952,0.0,22150.247603646952
20,21986.328996886143,52.59887319829221,2.233673422889937,21988.56267030903,0.0,21988.56267030903
21,21824.97166930887,52.212850883514044,2.2804313358582027,21827.252100644728,0.0,21827.252100644728
22,21663.905016559595,51.82752396306123,2.3265823002938726,21666.23159885989,0.0,21666.23159885989
23,21503.31387611694,51.443334631858704,2.3723188677478917,21505.686194984686,0.0,21505.686194984686
24,21343.549260763328,51.06112263340509,2.417865867590179,21345.96712663092,0.0,21345.96712663092
25,21185.04291506979,50.681920849449256,2.4634761674771233,21187.506391237268,0.0,21187.506391237268
26,21028.23891249719,50.306791656691836,2.509426022108965,21030.748338519297,0.0,21030.748338519297
27,20873.541762536486,49.93670278118777,2.5560101694930024,20876.09777270598,0.0,20876.09777270598
28,20721.28037820928,49.57244109619445,2.6035368370165313,20723.8839150463,0.0,20723.8839150463
29,20571.686929705393,49.214562032788024,2.6523228117135518,20574.339252517108,0.0,20574.339252517108
30,20424.88914096537,48.863371150634855,2.702688711244913,20427.591829676614,0.0,20427.591829676614
31,20280.91406735356,48.518933175486985,2.754954567030551,20283.66902192059,0.0,20283.66902192059
32,20139.70093150725,48.181102706955144,2.8094358025497552,20142.5103673098,0.0,20142.5103673098
33,20001.120283335542,47.84957005582665,2.8664396620028314,20003.986722997546,0.0,20003.986722997546
34,19864.99664450026,47.52391541746474,2.9262621202434724,19867.922906620504,0.0,19867.922906620504
35,19731.131910310123,47.203664857201254,2.989185285741277,19734.121095595863,0.0,19734.121095595863
36,19599.327093923806,46.88834232996126,3.0554752949625863,19602.382569218767,0.0,19602.382569218767
37,19469.400474777303,46.57751309755336,3.1253806891017937,19472.525855466403,0.0,19472.525855466403
38,19341.200813683092,46.27081534373946,3.199131262197241,19344.39994494529,0.0,19344.39994494529
39,19214.61497037745,45.96797839803218,3.2769373722483044,19217.891907749698,0.0,19217.891907749698
40,19089.56994145227,45.668827611129835,3.3589897121954513,19092.928931164468,0.0,19092.928931164468
41,18966.029953586494,45.37327740092463,3.4454595432883757,18969.47541312978,0.0,18969.47541312978
42,18843.989726909065,45.08131513614609,3.5364993972135883,18847.52622630628,0.0,18847.52622630628
43,18723.465312500062,44.79297921650733,3.6322442535072974,18727.097556753568,0.0,18727.097556753568
44,18604.48398395448,44.508334889843255,3.7328131939605047,18608.21679714844,0.0,18608.21679714844
45,18487.074538769848,44.22745104968863,3.8383115254214983,18490.91285029527,0.0,18490.91285029527
46,18371.2590853754,43.950380587022494,3.948833347018633,18375.20791872242,0.0,18375.20791872242
47,18257.047019472975,43.67714597960042,4.064464518716869,18261.11148399169,0.0,18261.11148399169
48,18144.431497318194,43.407730854828216,4.185285967450245,18148.616783285644,0.0,18148.616783285644
49,18033.388353618757,43.14207740100181,4.311377247473132,18037.69973086623,0.0,18037.69973086623
50,17923.877130499757,42.88008882894679,4.442820255663479,17928.31995075542,0.0,17928.31995075542
51,17815.84370330992,42.621635653851484,4.57970299239112,17820.423406302314,0.0,17820.423406302314
52,17709.22391100297,42.36656438038988,4.722123255435232,17713.946034258406,0.0,17713.946034258406
53,17603.94761022994,42.11470720150704,4.870192158444253,17608.817802388385,0.0,17608.817802388385
54,17499.94265050615,41.86589150838792,5.0240373757593755,17504.966687881908,0.0,17504.966687881908
55,17397.138386766346,41.619948293699395,5.183806030567666,17402.322192796913,0.0,17402.322192796913
56,17295.46848041982,41.37671885267899,5.349667161502665,17300.81814758132,0.0,17300.81814758132
57,17194.87287030863,41.13605949834601,5.521813722203744,17200.394684030834,0.0,17200.394684030834
58,17095.29890640022,40.89784427368474,5.7004640875109445,17100.99937048773,0.0,17100.99937048773
59,16996.701723570364,40.66196584586211,5.885863057851942,17002.587586628215,0.0,17002.587586628215
60,16899.04398786368,40.428334899195406,6.078282369323777,16905.122270233,0.0,16905.122270233
61,16802.295174906743,40.1968784088678,6.278020730667512,16808.57319563741,0.0,16808.57319563741
62,16706.430544166662,39.96753718700158,6.485403419691504,16712.915947586353,0.0,16712.915947586353
63,16611.429959506226,39.740263061019675,6.700781480771689,16618.130740987,0.0,16618.130740987
64,16517.2766822397,39.515015986219375,6.924530571981213,16524.20121281168,0.0,16524.20121281168
65,16423.956233393445,39.291761323907764,7.1570495153655,16431.11328290881,0.0,16431.11328290881
66,16331.45539176416,39.07046744441187,7.3987586071104,16338.854150371271,0.0,16338.854150371271
67,16239.76136695106,38.85110374868675,7.6500977460999975,16247.41146469716,0.0,16247.41146469716
68,16148.861163732265,38.633639147684846,7.911524439873606,16156.77268817214,0.0,16156.77268817214
69,16058.741136724853,38.41804099694941,8.183511746476542,16066.92464847133,0.0,16066.92464847133
70,15969.38672201983,38.20427445459289,8.466546209290156,15977.85326822912,0.0,15977.85326822912
71,15880.782324730575,37.992302212274105,8.76112583966172,15889.543450570236,0.0,15889.543450570236
72,15792.91133714229,37.782084538617916,9.067758198975183,15801.979095341265,0.0,15801.979095341265
73,15705.756260448485,37.57357957045092,9.386958627579347,15715.143219076064,0.0,15715.143219076064
74,15619.29890311419,37.36674378735452,9.719248662564743,15629.018151776754,0.0,15629.018151776754
75,15533.5206301163,37.16153260793373,10.065154679628295,15543.585784795929,0.0,15543.585784795929
76,15448.402639320793,36.95790105100668,10.425206786145049,15458.827846106939,0.0,15458.827846106939
77,15363.926243846588,36.75580441111624,10.799937983165293,15374.726181829754,0.0,15374.726181829754
78,15280.073142312805,36.55519890505456,11.189883603609145,15291.263025916414,0.0,15291.263025916414
79,15196.825662252788,36.35604225419327,11.595581022823488,15208.421243275612,0.0,15208.421243275612
80,15114.166965624041,36.15829417613407,12.01756962640523,15126.184535250446,0.0,15126.184535250446
81,15032.081209079275,35.961916768132234,12.456391009365866,15044.53760008864,0.0,15044.53760008864
82,14950.553655355412,35.76687477357754,12.912589370922356,14963.466244726334,0.0,14963.466244726334
83,14869.570735595336,35.57313573108932,13.38671206101111,14882.957447656347,0.0,14882.957447656347
84,14789.120065501562,35.380670013161634,13.87931022849936,14802.999375730062,0.0,14802.999375730062
85,14709.190420766019,35.18945076738282,14.390939517326997,14723.581360283346,0.0,14723.581360283346
86,14629.771679140653,34.99945377784845,14.92216075559628,14644.693839896248,0.0,14644.693839896248
87,14550.854737736954,34.81065726731329,15.473540583904226,14566.328278320858,0.0,14566.328278320858
88,14472.43141464757,34.62304166183629,16.045651972790328,14488.47706662036,0.0,14488.47706662036
89,14394.49434382063,34.436589339283806,16.639074584729965,14411.13341840536,0.0,14411.13341840536
90,14317.036871331804,34.25128438117657,17.25439494323264,14334.291266275037,0.0,14334.291266275037
91,14240.052959938734,34.06711234435104,17.892206379849227,14257.945166318583,0.0,14257.945166318583
92,14163.53710718037,33.884060065024805,18.553108738789486,14182.09021591916,0.0,14182.09021591916
93,14087.484280461358,33.702115503496074,19.237707827956235,14106.721988289315,0.0,14106.721988289315
94,14011.88987070891,33.5212676332749,19.946614614115077,14031.836485323025,0.0,14031.836485323025
95,13936.749664431889,33.34150637423897,20.680444168292595,13957.430108600181,0.0,13957.430108600181
96,13862.059832496912,33.162822565782086,21.439814375050872,13883.499646871964,0.0,13883.499646871964
97,13787.816932756621,32.985207973101964,22.225344425809315,13810.04227718243,0.0,13810.04227718243
98,13714.01792288214,32.808655317899856,23.03765312173067,13737.05557600387,0.0,13737.05557600387
99,13640.660179389128,32.63315832389743,23.877357015775136,13664.537536404903,0.0,13664.537536404903
100,13567.741518894618,32.458711767690474,24.745068426329123,13592.486587320947,0.0,13592.486587320947
101,13495.260218029227,32.28531152638571,25.641393356356026,13520.901611385583,0.0,13520.901611385583
102,13423.215029085553,32.11295461503721,26.566929352352094,13449.781958437905,0.0,13449.781958437905
103,13351.605189309019,31.94163920887325,27.522263336605963,13379.127452645625,0.0,13379.127452645625
104,13280.43042261318,31.771364647399952,28.507969444456922,13308.938392057638,0.0,13308.938392057638
105,13209.690933353157,31.60213141950516,29.524606895538138,13239.215540248695,0.0,13239.215540248695
106,13139.387392512463,31.43394113041259,30.572717924503692,13169.960110436967,0.0,13169.960110436967
107,13069.520917231175,31.26679645270616,31.652825792609004,13101.173743023784,0.0,13101.173743023784
108,13000.093044969295,31.100701064519846,32.765432896898304,13032.858477866193,0.0,13032.858477866193
109,12931.105703770607,30.93565957839858,33.91101898882232,12965.016722759428,0.0,12965.016722759428
110,12862.56118010489,30.771677464365766,35.090039509057085,12897.651219613948,0.0,12897.651219613948
111,12794.46208562433,30.60876097039313,36.30292404033104,12830.76500966466,0.0,12830.76500966466
112,12726.811323950196,30.446917042943053,37.55007487541359,12764.36139882561,0.0,12764.36139882561
113,12659.612058328014,30.286153249588548,38.83186569329419,12698.443924021307,0.0,12698.443924021307
114,12592.867680705145,30.126477705036233,40.148640333196255,12633.016321038342,0.0,12633.016321038342
115,12526.581782537958,29.96789900128698,41.50071165360056,12568.082494191558,0.0,12568.082494191558
116,12460.75812740682,29.810426142121578,42.88836046203278,12503.646487868853,0.0,12503.646487868853
117,12395.400625378255,29.65406848176616,44.311834501074436,12439.71245987933,0.0,12439.71245987933
118,12330.513308946185,29.49883566733537,45.771347476894846,12376.28465642308,0.0,12376.28465642308
119,12266.10031034311,29.344737584552895,47.2670781185122,12313.367388461622,0.0,12313.367388461622
120,12202.165840006957,29.19178430623674,48.79916925884775,12250.965009265805,0.0,12250.965009265805
121,12138.714166012029,29.039986043090977,50.367726932249184,12189.081892944278,0.0,12189.081892944278
122,12075.749594312736,28.88935309644195,51.97281948729629,12127.722413800033,0.0,12127.722413800033
123,12013.276449686213,28.73989581264644,53.61447671809869,12066.890926404312,0.0,12066.890926404312
124,11951.299057303193,28.591624539002854,55.29268902167931,12006.591746324872,0.0,12006.591746324872
125,11889.821724875146,28.44454958104102,57.00740659313826,11946.829131468285,0.0,11946.829131468285
126,11828.848725353342,28.298681161132397,58.758538673866205,11887.607264027209,0.0,11887.607264027209
127,11768.384280153125,28.154029378356757,60.54595287091472,11828.930233024039,0.0,11828.930233024039
128,11708.432542886574,28.010604169585104,62.36947456757676,11770.80201745415,0.0,11770.80201745415
129,11648.997583576987,27.868415271715282,64.22888644617261,11713.22647002316,0.0,11713.22647002316
130,11590.083373336394,27.727472185015298,66.12392814393147,11656.207301480326,0.0,11656.207301480326
131,11531.693769484282,27.587784137522206,68.05429606171188,11599.748065545993,0.0,11599.748065545993
132,11473.832501097673,27.4493600504729,70.01964334317415,11543.852144440847,0.0,11543.852144440847
133,11416.50315499572,27.31220850477445,72.01958003901281,11488.522735034732,0.0,11488.522735034732
134,11359.709162177856,27.176337708559466,74.05367346711935,11433.762835644975,0.0,11433.762835644975
135,11303.4537847617,27.04175546593708,76.12144877524558,11379.575233536945,0.0,11379.575233536945
136,11247.740103477961,26.908469147076463,78.2223897080702,11325.96249318603,0.0,11325.96249318603
137,11192.571005810874,26.776485659834627,80.35593957573485,11272.926945386609,0.0,11272.926945386609
138,11137.949174875173,26.64581142314635,82.52150241611332,11220.470677291287,0.0,11220.470677291287
139,11083.877079139236,26.516452342438363,84.71844433850704,11168.595523477743,0.0,11168.595523477743
140,11030.356963109058,26.388413787342245,86.94609503229833,11117.303058141357,0.0,11117.303058141357
141,10977.390839076832,26.261700571954144,89.20374942050526,11066.594588497337,0.0,11066.594588497337
142,10924.980480051152,26.136316937921418,91.49066943529957,11016.471149486451,0.0,11016.471149486451
143,10873.127413957223,26.01226654056752,93.80608589047434,10966.933499847697,0.0,10966.933499847697
144,10821.83291920471,25.889552438288778,96.14920042464848,10917.982119629358,0.0,10917.982119629358
145,10771.098021699085,25.76817708540451,98.51918748869657,10869.617209187782,0.0,10869.617209187782
146,10720.923493363112,25.648142328619887,100.9151963514783,10821.83868971459,0.0,10821.83868971459
147,10671.309852225684,25.529449407238477,103.33635309935742,10774.646205325042,0.0,10774.646205325042
148,10622.257364112736,25.412098957207505,105.7817626071401,10728.039126719877,0.0,10728.039126719877
149,10573.766045965067,25.296091019055183,108.25051046079253,10682.016556425859,0.0,10682.016556425859
150,10525.835670764904,25.181425049676804,110.74166481544634,10636.57733558035,0.0,10636.57733558035
151,10478.465774031778,25.06809993787507,113.25427817557463,10591.720052207353,0.0,10591.720052207353
152,10431.655661790772,24.9561140234229,115.78738908762737,10547.443050878399,0.0,10547.443050878399
153,10385.404419857447,24.845465119276188,118.34002373865722,10503.744443596104,0.0,10503.744443596104
154,10339.710924222642,24.736150536417803,120.91119745739105,10460.622121680033,0.0,10460.622121680033
155,10294.573852240313,24.62816711062276,123.49991611668736,10418.073768357,0.0,10418.073768357
156,10249.991694258064,24.52151123028245,126.10517743831275,10376.096871696376,0.0,10376.096871696376
157,10205.962765269653,24.416178864281466,128.72597220247923,10334.688737472132,0.0,10334.688737472132
158,10162.485216130091,24.31216558882797,131.36128536568907,10293.84650149578,0.0,10293.84650149578
159,10119.557043866727,24.209466612121357,134.01009709126325,10253.56714095799,0.0,10253.56714095799
160,10077.176100647866,24.108076795808294,136.6713836976506,10213.847484345517,0.0,10213.847484345517
161,10035.34010103203,24.00799067232543,139.344118530399,10174.684219562429,0.0,10174.684219562429
162,9994.046627215404,23.90920245745312,142.02727276466584,10136.07389998007,0.0,10136.07389998007
163,9953.293132123772,23.811706057712374,144.7198161464519,10098.012948270223,0.0,10098.012948270223
164,9913.076940317165,23.715495072529105,147.42071768238714,10060.497657999553,0.0,10060.497657999553
165,9873.395246815748,23.620562791425233,150.12894628983605,10023.524193105584,0.0,10023.524193105584
166,9834.245114067877,23.526902186765255,152.84347142119736,9987.088585489075,0.0,9987.088585489075
167,9795.623467374122,23.434505902808905,155.5632636783618,9951.186731052483,0.0,9951.186731052483
168,9757.527089141042,23.343366241964215,158.28729543513896,9915.81438457618,0.0,9915.81438457618
169,9719.952612373505,23.25347514921891,161.0145414868125,9880.967153860318,0.0,9880.967153860318
170,9682.89651380455,23.164824195704664,163.74397974658993,9846.64049355114,0.0,9846.64049355114
171,9646.355107054118,23.077404562330425,166.4745920083584,9812.829699062477,0.0,9812.829699062477
172,9610.324536156078,22.991207024296838,169.20536479367487,9779.529900949754,0.0,9779.529900949754
173,9574.800769759251,22.906221937223087,171.9352902982338,9746.736060057485,0.0,9746.736060057485
174,9539.779596251445,22.822439225481926,174.663367449188,9714.442963700632,0.0,9714.442963700632
175,9505.256620024567,22.739848373264515,177.38860307983236,9682.6452231044,0.0,9682.6452231044
176,9471.227259059291,22.65843841880213,180.11001322260884,9651.3372722819,0.0,9651.3372722819
177,9437.686744002855,22.57819795215994,182.82662451563965,9620.513368518494,0.0,9620.513368518494
178,9404.630118912266,22.49911511701499,185.5374757126468,9590.167594624912,0.0,9590.167594624912
179,9372.052243861941,22.421177616894596,188.24161928181525,9560.293863143756,0.0,9560.293863143756
180,9339.947799656664,22.34437272645135,190.9381230764902,9530.885922733154,0.0,9530.885922733154
181,9308.31129492925,22.26868730844318,193.62607205991827,9501.937366989168,0.0,9501.937366989168
182,9277.137075942583,22.19410783718321,196.30457006749612,9473.441646010078,0.0,9473.441646010078
183,9246.419339407503,22.120620429204553,198.97274159258203,9445.392081000085,0.0,9445.392081000085
184,9216.15214856335,22.0482108817305,201.62973358463904,9417.781882147989,0.0,9417.781882147989
185,9186.329452605743,21.976864719152495,204.27471724960344,9390.604169855347,0.0,9390.604169855347
186,9156.945109282018,21.90656724708617,206.906889840003,9363.851999122022,0.0,9363.851999122022
187,9127.992910109093,21.83730361270118,209.52547641494053,9337.518386524034,0.0,9337.518386524034
188,9099.466607253144,21.769058869026658,212.12973153707077,9311.596338790214,0.0,9311.596338790214
189,9071.359940701892,21.70181803995668,214.71894085623103,9286.078881558124,0.0,9286.078881558124
190,9043.666664080936,21.63556618201181,217.29242251044244,9260.959086591378,0.0,9260.959086591378
191,9016.380567385128,21.5702884387204,219.84952825921118,9236.23009564434,0.0,9236.23009564434
192,8989.495495089875,21.50597008394707,222.38964425672884,9211.885139346605,0.0,9211.885139346605
193,8963.005358576385,21.44259655161815,224.91219137820787,9187.917549954593,0.0,9187.917549954593
194,8936.904142467274,21.380153450878645,227.41662503339086,9164.320767500665,0.0,9164.320767500665
195,8911.185905213875,21.318626567497308,229.90243443610638,9141.088339649981,0.0,9141.088339649981
196,8885.844774935886,21.2580018539136,232.36914134311533,9118.213916279,0.0,9118.213916279
197,8860.87494198586,21.198265411449423,234.81629832249888,9095.691240308359,0.0,9095.691240308359
198,8836.270649894172,21.139403468646343,237.24348665391787,9073.514136548089,0.0,9073.514136548089
199,8812.026186278401,21.081402359517707,239.65031399377426,9051.676500272175,0.0,9051.676500272175
200,8788.135874999976,21.024248504784634,242.03641195362636,9030.172286953602,0.0,9030.172286953602
201,8764.59407042843,20.967928398154136,244.40143373913952,9008.99550416757,0.0,9008.99550416757
202,8741.395154220543,20.91242859861374,246.7450519810647,8988.140206201608,0.0,8988.140206201608
203,8718.533534613547,20.857735728740543,249.06695686281688,8967.600491476363,0.0,8967.600491476363
204,8696.003647915282,20.803836478266227,251.36685461566344,8947.370502530946,0.0,8947.370502530946
205,8673.799961675475,20.750717611663816,253.64446641684268,8927.444428092318,0.0,8927.444428092318
206,8651.916978933872,20.698365978310697,255.8995276919959,8907.816506625868,0.0,8907.816506625868
207,8630.349242945806,20.646768523793792,258.13178779403637,8888.481030739842,0.0,8888.481030739842
208,8609.091341863012,20.595912301107685,260.34101000782687,8869.432351870839,0.0,8869.432351870839
209,8588.137912955812,20.54578448075553,262.52697181463384,8850.664884770445,0.0,8850.664884770445
210,8567.483646104094,20.496372359100704,264.68946534225796,8832.173111446353,0.0,8832.173111446353
211,8547.123286412028,20.447663364622077,266.8282979254009,8813.951584337428,0.0,8813.951584337428
212,8527.051635922653,20.399645062015917,268.94329270519273,8795.994928627846,0.0,8795.994928627846
213,8507.263554502877,20.352305154313104,271.03428920566125,8778.297843708538,0.0,8778.297843708538
214,8487.753960041813,20.30563148335362,273.10114383700585,8760.85510387882,0.0,8760.85510387882
215,8468.517828151435,20.259612029070418,275.14373028962774,8743.661558441063,0.0,8743.661558441063
216,8449.550191576533,20.214234908077827,277.1619397978511,8726.712131374385,0.0,8726.712131374385
217,8430.846139534511,20.169488372092133,279.1556812671442,8710.001820801655,0.0,8710.001820801655
218,8412.400817177884,20.125360806645656,281.12488127252215,8693.525698450407,0.0,8693.525698450407
219,8394.209425366967,20.081840730542986,283.06948394789066,8677.278909314859,0.0,8677.278909314859
220,8376.267220888072,20.03891679638295,284.98945079565436,8661.256671683726,0.0,8661.256671683726
221,8358.569517227013,19.996577792409123,286.88476045236143,8645.454277679375,0.0,8645.454277679375
222,8341.111685952059,19.954812645818322,288.7554084490285,8629.867094401088,0.0,8629.867094401088
223,8323.889158719487,19.91361042755858,290.6014070037803,8614.490565723267,0.0,8614.490565723267
224,8306.8974298607,19.872960358518423,292.42278487952996,8599.320214740232,0.0,8599.320214740232
225,8290.132059468402,19.832851816910054,294.21958733084193,8584.351646799245,0.0,8584.351646799245
226,8273.588676852152,19.79327434653625,295.9918761524366,8569.58055300459,0.0,8569.58055300459
227,8257.262984207428,19.754217665568007,297.7397298279002,8555.002714035327,0.0,8555.002714035327
228,8241.15076030931,19.715671675381124,299.46324376221673,8540.614004071527,0.0,8540.614004071527
229,8225.247864043318,19.677626469003155,301.16253056711474,8526.410394610433,0.0,8526.410394610433
230,8209.55023758296,19.640072338715214,302.8377203553671,8512.387957938327,0.0,8512.387957938327
231,8194.053909044771,19.60299978240376,304.48896099046544,8498.542870035237,0.0,8498.542870035237
232,8178.754994488378,19.566399508345402,306.1164182326481,8484.871412721026,0.0,8484.871412721026
233,8163.649699167308,19.5302624381993,307.7202757218346,8471.369974889143,0.0,8471.369974889143
234,8148.734317991518,19.49457970811368,309.3007347428478,8458.035052734365,0.0,8458.035052734365
235,8134.005235209792,19.45934266796601,310.85801372808413,8444.863248937876,0.0,8444.863248937876
236,8119.458923375529,19.424542878888825,312.39234746667256,8431.8512708422,0.0,8431.8512708422
237,8105.091941692434,19.390172109312044,313.9039860059005,8418.995927698335,0.0,8418.995927698335
238,8090.900933874744,19.356222329843884,315.39319324873156,8406.294127123476,0.0,8406.294127123476
239,8076.882625666254,19.322685707335538,316.86024526901826,8393.742870935272,0.0,8393.742870935272
240,8063.0338221703,19.289554598493538,318.3054283820215,8381.33925055232,0.0,8381.33925055232
241,8049.351405128929,19.256821543370645,319.7290370209041,8369.080442149834,0.0,8369.080442149834
242,8035.832330271547,19.22447925902284,321.1313714791397,8356.963701750687,0.0,8356.963701750687
243,8022.473624830471,19.19252063356572,322.51273558389386,8344.986360414365,0.0,8344.986360414365
244,8009.272385283854,19.160938720774773,323.87343436642163,8333.145819650275,0.0,8333.145819650275
245,7996.225775361932,19.12972673531563,325.21377179275873,8321.43954715469,0.0,8321.43954715469
246,7983.331024324194,19.098878048622474,326.53404861209594,8309.86507293629,0.0,8309.86507293629
247,7970.585425492164,19.068386185387954,327.8345603720004,8298.419985864164,0.0,8298.419985864164
248,7957.986335002577,19.038244820580328,329.11559563990636,8287.101930642484,0.0,8287.101930642484
249,7945.5311707437195,19.00844777689885,330.3774344598437,8275.908605203564,0.0,8275.908605203564
250,7933.217411414745,18.97898902252331,331.6203470628946,8264.837758477639,0.0,8264.837758477639
251,7921.042595668265,18.949862669062835,332.8445928399529,8253.887188508217,0.0,8253.887188508217
252,7909.004321282134,18.921062969574482,334.0504195764081,8243.054740858543,0.0,8243.054740858543
253,7897.100244319972,18.892584316554956,335.2380629406958,8232.338307260668,0.0,8232.338307260668
254,7885.328078247436,18.864421239826402,336.4077462123711,8221.735824459807,0.0,8221.735824459807
255,7873.6855929762305,18.836568404249356,337.55968023053424,8211.245273206765,0.0,8211.245273206765
256,7862.1706138212,18.80902060722775,338.69406354000705,8200.864677361207,0.0,8200.864677361207
257,7850.781020357576,18.781772775975064,339.8110827105246,8190.592103068101,0.0,8190.592103068101
258,7839.51474517872,18.754819964542392,340.910912803214,8180.425657981934,0.0,8180.425657981934
259,7828.369772556829,18.728157350614424,341.9937179586026,8170.363490515431,0.0,8170.363490515431
260,7817.344137015618,18.70178023209478,343.0596520811587,8160.403789096777,0.0,8160.403789096777
261,7806.435921827,18.675684023509568,344.10885959672385,8150.544781423724,0.0,8150.544781423724
262,7795.643257445867,18.64986425226284,345.1414762609935,8140.784733706861,0.0,8140.784733706861
263,7784.964319900707,18.62431655478638,346.15762999927716,8131.121949899984,0.0,8131.121949899984
264,7774.397329156286,18.599036672622695,347.15744176000044,8121.5547709162865,0.0,8121.5547709162865
265,7763.940547464374,18.574020448479363,348.1410263666857,8112.081573831059,0.0,8112.081573831059
266,7753.592277720142,18.54926382229699,349.1084933553826,8102.700771075525,0.0,8102.700771075525
267,7743.350861838289,18.524762827364327,350.0599477866425,8093.410809624932,0.0,8093.410809624932
268,7733.214679161926,18.500513586511786,350.99549102311516,8084.2101701850415,0.0,8084.2101701850415
269,7723.182144919516,18.476512308419895,351.915221465637,8075.097366385153,0.0,8075.097366385153
270,7713.251708734058,18.45275528405277,352.81923524229484,8066.070943976353,0.0,8066.070943976353
271,7703.421853199077,18.42923888325138,353.70762684635554,8057.1294800454325,0.0,8057.1294800454325
272,7693.691092524758,18.405959551494636,354.5804897201866,8048.2715822449445,0.0,8048.2715822449445
273,7684.057971258786,18.382913806839202,355.4379167833422,8039.495888042128,0.0,8039.495888042128
274,7674.521063087897,18.360098237052387,356.2800009038925,8030.80106399179,0.0,8030.80106399179
275,7665.0789697196415,18.337509496936942,357.10683531283837,8022.18580503248,0.0,8022.18580503248
276,7655.730319845522,18.31514430585053,357.9185139621004,8013.648833807622,0.0,8013.648833807622
277,7646.473768186686,18.292999445422694,358.7151318271273,8005.1889000138135,0.0,8005.1889000138135
278,7637.307994617582,18.27107175745833,359.4967851556374,7996.80477977322,0.0,7996.80477977322
279,7628.231703368457,18.249358142029802,360.2635716644179,7988.495275032875,0.0,7988.495275032875
280,7619.243622300652,18.227855555743186,361.01559068645963,7980.259212987111,0.0,7980.259212987111
281,7610.34250225278,18.206561010174113,361.75294327101415,7972.095445523794,0.0,7972.095445523794
282,7601.527116452837,18.18547157046133,362.4757322394325,7964.002848692269,0.0,7964.002848692269
283,7592.7962599930315,18.164584354050316,363.1840621998798,7955.980322192911,0.0,7955.980322192911
284,7584.148749358423,18.143896529565605,363.8780395242231,7948.026788882646,0.0,7948.026788882646
285,7575.583422009513,18.12340531581223,364.55777229055843,7940.141194300071,0.0,7940.141194300071
286,7567.0991360103735,18.10310798088606,365.22337019497616,7932.32250620535,0.0,7932.32250620535
287,7558.694769697535,18.083001841381662,365.87494443626133,7924.569714133796,0.0,7924.569714133796
288,7550.369221383483,18.063084261682974,366.5126075772848,7916.881828960768,0.0,7916.881828960768
289,7542.121409093373,18.04335265333343,367.13647338685576,7909.257882480229,0.0,7909.257882480229
290,7533.950270324375,18.023804474460228,367.7466566657861,7901.696926990161,0.0,7901.696926990161
291,7525.854761827977,18.004437229253533,368.3432730608496,7894.198034888826,0.0,7894.198034888826
292,7517.833859406458,17.985248467479565,368.92643887020967,7886.7602982766675,0.0,7886.7602982766675
293,7509.886557722654,17.96623578402549,369.49627084374816,7879.382828566402,0.0,7879.382828566402
294,7502.011870115743,17.947396818458714,370.052885981538,7872.06475609728,0.0,7872.06475609728
295,7494.208828423188,17.928729254600928,370.59640133349194,7864.805229756679,0.0,7864.805229756679
296,7486.476482799774,17.910230820095155,371.1269338029706,7857.603416602745,0.0,7857.603416602745
297,7478.813901538873,17.891899285978166,371.6445999568682,7850.458501495741,0.0,7850.458501495741
298,7471.22017088385,17.873732466229306,372.14951584440826,7843.369686728259,0.0,7843.369686728259
299,7463.6943948358985,17.855728217310762,372.64179682658573,7836.336191662484,0.0,7836.336191662484
300,7456.235694950537,17.83788443768071,373.12155741789365,7829.357252368431,0.0,7829.357252368431
301,7448.843210124507,17.82019906728351,373.58891114166994,7822.432121266177,0.0,7822.432121266177
302,7441.516096370709,17.802670087011265,374.0439704001112,7815.56006677082,0.0,7815.56006677082
303,7434.253526580658,17.785295518135545,374.486846359718,7808.740372940376,0.0,7808.740372940376
304,7427.054690274346,17.768073421708962,374.91764885267423,7801.972339127021,0.0,7801.972339127021
305,7419.918793336499,17.75100189793421,375.3364862944177,7795.255279630917,0.0,7795.255279630917
306,7412.845057741496,17.73407908550597,375.743465617444,7788.58852335894,0.0,7788.58852335894
307,7405.832721263683,17.717303160917904,376.13869222118456,7781.971413484867,0.0,7781.971413484867
308,7398.88103717893,17.700672337748635,376.5222699376357,7775.403307116565,0.0,7775.403307116565
309,7391.989273952216,17.684184865914393,376.8943010122707,7768.883574964486,0.0,7768.883574964486
310,7385.156714918257,17.667839030904922,377.2548860996506,7762.411601017908,0.0,7762.411601017908
311,7378.382657951726,17.65163315299456,377.6041242730548,7755.986782224782,0.0,7755.986782224782
312,7371.666415129661,17.635565586434595,377.94211304738485,7749.608528177046,0.0,7749.608528177046
313,7365.0073123901475,17.619634718636718,378.26894841453935,7743.276260804687,0.0,7743.276260804687
314,7358.404689182672,17.603838969336536,378.5847248904267,7736.9894140730985,0.0,7736.9894140730985
315,7351.857898117889,17.588176789755714,378.8895355727579,7730.747433690647,0.0,7730.747433690647
316,7345.366304613629,17.572646661755094,379.18347220875404,7724.549776822383,0.0,7724.549776822383
317,7338.929286540538,17.55724709698693,379.4666252718962,7718.395911812434,0.0,7718.395911812434
318,7332.546233867679,17.541976636047078,379.7390840468456,7712.285317914524,0.0,7712.285317914524
319,7326.216548310224,17.526833847632115,380.0009367216642,7706.217485031889,0.0,7706.217485031889
320,7319.939642979506,17.51181732770217,380.25227048646,7700.191913465966,0.0,7700.191913465966
321,7313.714942037055,17.496925698653243,380.4931716375836,7694.208113674638,0.0,7694.208113674638
322,7307.541880353227,17.482157608500543,380.7237256864811,7688.265606039708,0.0,7688.265606039708
323,7301.419903171074,17.46751173007434,380.9440174723023,7682.363920643376,0.0,7682.363920643376
324,7295.348465777488,17.452986760233223,381.1541312773258,7676.502597054814,0.0,7676.502597054814
325,7289.327033180964,17.438581419093214,381.3541509442381,7670.681184125202,0.0,7670.681184125202
326,7283.355079796529,17.424294449273994,381.54415999425896,7664.899239790788,0.0,7664.899239790788
327,7277.4320891405605,17.410124615168804,381.72424174505807,7659.156330885618,0.0,7659.156330885618
328,7271.557553532388,17.396070702230592,381.894479427359,7653.452032959747,0.0,7653.452032959747
329,7265.730973806222,17.38213151628283,382.0549562990685,7647.78593010529,0.0,7647.78593010529
330,7259.9518590317275,17.368305882851022,382.2057557557213,7642.157614787448,0.0,7642.157614787448
331,7254.219726245015,17.354592646519176,382.34696143597085,7636.566687680986,0.0,7636.566687680986
332,7248.534100187704,17.340990670305512,382.47865732082016,7631.012757508524,0.0,7631.012757508524
333,7242.894513057494,17.327498835065775,382.60092782524646,7625.495440882741,0.0,7625.495440882741
334,7237.300504266028,17.31411603891394,382.7138578808535,7620.0143621468815,0.0,7620.0143621468815
335,7231.75162020964,17.30084119667378,382.8175330081814,7614.569153217822,0.0,7614.569153217822
336,7226.2474140458,17.28767323934402,382.91203937731893,7609.159453423119,0.0,7609.159453423119
337,7220.787445482578,17.274611113594684,382.9974638555045,7603.784909338083,0.0,7603.784909338083
338,7215.371280573532,17.261653781276394,383.0738940404655,7598.445174613998,0.0,7598.445174613998
339,7209.998491524993,17.248800218959314,383.1414182783458,7593.139909803339,0.0,7593.139909803339
340,7204.668656509948,17.236049417487916,383.2001256651907,7587.868782175139,0.0,7587.868782175139
341,7199.381359490314,17.223400381555773,383.2501060311215,7582.6314655214355,0.0,7582.6314655214355
342,7194.136190049258,17.210852129304445,383.29144990651196,7577.42763995577,0.0,7577.42763995577
343,7188.932743230335,17.1984036919386,383.32424846970156,7572.256991700036,0.0,7572.256991700036
344,7183.770619383528,17.186054113357724,383.34859347601883,7567.119212859548,0.0,7567.119212859548
345,7178.649424020443,17.17380244980967,383.36457716815505,7562.014001188598,0.0,7562.014001188598
346,7173.568767677054,17.16164776956233,383.37229216821527,7556.94105984527,0.0,7556.94105984527
347,7168.528265781551,17.149589152587442,383.3718313520659,7551.900097133617,0.0,7551.900097133617
348,7163.527538530827,17.137625690265136,383.36328770690784,7546.8908262377345,0.0,7546.8908262377345
349,7158.566210772524,17.125756485101732,383.34675417330016,7541.912964945824,0.0,7541.912964945824
350,7153.64391189422,17.11398065046464,383.32232347315835,7536.966235367378,0.0,7536.966235367378
351,7148.760275716818,17.102297310327316,383.290087925526,7532.050363642344,0.0,7532.050363642344
352,7143.914940394981,17.090705599031057,383.2501392521757,7527.165079647157,0.0,7527.165079647157
353,7139.107548321572,17.07920466105639,383.20256837531423,7522.310116696886,0.0,7522.310116696886
354,7134.33774603567,17.067793650803036,383.1474652098565,7517.485211245526,0.0,7517.485211245526
355,7129.605184134504,17.056471732379197,383.0849184528727,7512.690102587377,0.0,7512.690102587377
356,7124.909517189138,17.04523807939985,383.0150153729087,7507.924532562047,0.0,7507.924532562047
357,7120.2504036599685,17.034091874784615,382.9378416019226,7503.188245261891,0.0,7503.188245261891
358,7115.627505813453,17.023032310558502,382.8534809325757,7498.480986746029,0.0,7498.480986746029
359,7111.040489640212,17.01205858765601,382.76201512354953,7493.802504763762,0.0,7493.802504763762
360,7106.4890247696385,17.00116991571684,382.6635237154561,7489.1525484850945,0.0,7489.1525484850945
361,7101.972784383513,16.990365512879215,382.55808385974234,7484.530868243255,0.0,7484.530868243255
362,7097.491445124775,16.979644605561663,382.4457701627906,7479.937215287566,0.0,7479.937215287566
363,7093.044687004636,16.969006428240757,382.3266545471739,7475.3713415518105,0.0,7475.3713415518105
364,7088.6321932996225,16.95845022320484,382.2008061317489,7470.832999431372,0.0,7470.832999431372
365,7084.253650447682,16.94797524030546,382.0682911319715,7466.321941579654,0.0,7466.321941579654
366,7079.908747932334,16.937580736680225,381.92917278150423,7461.837920713839,0.0,7461.837920713839
367,7075.597178164255,16.92726597646951,381.78351127585483,7457.38068944011,0.0,7457.38068944011
368,7071.31863635061,16.91703023050385,381.6313637384575,7452.9500000890675,0.0,7452.9500000890675
369,7067.072820359723,16.906872775980197,381.47278420928416,7448.545604569007,0.0,7448.545604569007
370,7062.8594305779325,16.896792896119457,381.3078236557623,7444.167254233695,0.0,7444.167254233695
371,7058.678169757591,16.886789879802848,381.1365300054774,7439.814699763068,0.0,7439.814699763068
372,7054.528742861397,16.876863021199515,380.95894819987274,7435.48769106127,0.0,7435.48769106127
373,7050.410856899808,16.867011619377532,380.7751202679126,7431.185977167721,0.0,7431.185977167721
374,7046.324220765332,16.857234977907492,380.58508541846913,7426.909306183801,0.0,7426.909306183801
375,7042.268545064766,16.847532404461163,380.3888801500113,7422.6574252147775,0.0,7422.6574252147775
376,7038.243541950581,16.83790321040809,380.18653837603944,7418.430080326621,0.0,7418.430080326621
377,7034.248924955165,16.828346710419055,379.97809156460215,7414.227016519768,0.0,7414.227016519768
378,7030.284408828337,16.81886222207736,379.7635688901675,7410.047977718505,0.0,7410.047977718505
379,7026.349709380946,16.809449065504655,379.5429973960854,7405.892706777031,0.0,7405.892706777031
380,7022.444543340323,16.800106563015127,379.31640216588517,7401.760945506208,0.0,7401.760945506208
381,7018.568628214722,16.7908340387912,379.08380650167885,7397.6524347164,0.0,7397.6524347164
382,7014.721682174728,16.781630818599826,378.8452321080068,7393.566914282735,0.0,7393.566914282735
383,7010.9034239520015,16.772496229550242,378.6006992795428,7389.504123231544,0.0,7389.504123231544
384,7007.113572759674,16.763429599903525,378.35022709118573,7385.46379985086,0.0,7385.46379985086
385,7003.351848234877,16.754430258935113,378.09383358918103,7381.445681824058,0.0,7381.445681824058
386,6999.617970409602,16.745497536865077,377.83153598205297,7377.449506391655,0.0,7377.449506391655
387,6995.91165971046,16.736630764857562,377.5633508302699,7373.47501054073,0.0,7373.47501054073
388,6992.232636988945,16.72782927509317,377.28929423370374,7369.521931222649,0.0,7369.521931222649
389,6988.580623588299,16.719092400928947,377.0093820160917,7365.590005604391,0.0,7365.590005604391
390,6984.955341443454,16.71041947713745,376.72362990584423,7361.678971349298,0.0,7361.678971349298
391,6981.356513220262,16.70180984023986,376.43205371266873,7357.788566932931,0.0,7357.788566932931
392,6977.78386249273,16.693262828929974,376.1346694995923,7353.918531992322,0.0,7353.918531992322
393,6974.237113957703,16.684777784587805,375.831493750068,7350.068607707771,0.0,7350.068607707771
394,6970.715993689499,16.67635405188875,375.5225435299212,7346.23853721942,0.0,7346.23853721942
395,6967.22022942978,16.667990979497084,375.207836643958,7342.428066073739,0.0,7342.428066073739
396,6963.749550914372,16.65968792084778,374.8873917870847,7338.636942701457,0.0,7338.636942701457
397,6960.303690230617,16.651444235001474,374.5612286898074,7334.864918920424,0.0,7334.864918920424
398,6956.88238220375,16.64325928756878,374.2293682579665,7331.111750461717,0.0,7331.111750461717
399,6953.485364804673,16.63513245168582,373.8918327065312,7327.377197511204,0.0,7327.377197511204
400,6950.1123795763515,16.627063109034335,373.54864568723247,7323.661025263584,0.0,7323.661025263584
401,6946.76317206836,16.619050650881245,373.19983240974454,7319.963004478105,0.0,7319.963004478105
402,6943.437492274363,16.61109447912527,372.8454197560525,7316.282912030415,0.0,7316.282912030415
403,6940.1350950602155,16.60319400732109,372.4854363875603,7312.620531447776,0.0,7312.620531447776
404,6936.855740578599,16.595348661671288,372.11991284441183,7308.975653423011,0.0,7308.975653423011
405,6933.599194653703,16.58755788194666,371.7488816364186,7305.348076290122,0.0,7305.348076290122
406,6930.365229133565,16.5798211223291,371.37237732492326,7301.737606458488,0.0,7301.737606458488
407,6927.153622194309,16.572137852139495,370.9904365948779,7298.144058789187,0.0,7298.144058789187
408,6923.964158590993,16.564507556437782,370.6030983163872,7294.56725690738,0.0,7294.56725690738
409,6920.796629850204,16.556929736483742,370.210403594969,7291.007033445173,0.0,7291.007033445173
410,6917.650834389004,16.54940391002154,369.8123958098071,7287.46323019881,0.0,7287.46323019881
411,6914.5265775682365,16.541929611407266,369.4091206393364,7283.935698207573,0.0,7283.935698207573
412,6911.423671666169,16.534506391545857,369.0006260735852,7280.424297739754,0.0,7280.424297739754
413,6908.3419357813145,16.527133817658648,368.5869624128202,7276.9288981941345,0.0,7276.9288981941345
414,6905.281195660209,16.519811472871314,368.1681822521852,7273.449377912394,0.0,7273.449377912394
415,6902.24128345741,16.512538955639737,367.74434045218936,7269.985623909599,0.0,7269.985623909599
416,6899.222037432096,16.505315879024153,367.31549409508216,7266.537531527178,0.0,7266.537531527178
417,6896.223301591417,16.498141869835926,366.88170242734327,7263.10500401876,0.0,7263.10500401876
418,6893.244925286908,16.49101656767203,366.4430267887092,7259.687952075617,0.0,7259.687952075617
419,6890.286762777433,16.483939623869457,365.9995305283427,7256.286293305776,0.0,7256.286293305776
420,6887.348672767637,16.476910700401046,365.55127890893147,7252.899951676569,0.0,7252.899951676569
421,6884.43051793437,16.469929468742514,365.0983389996604,7249.52885693403,0.0,7249.52885693403
422,6881.53216445202,16.46299560873689,364.6407795591384,7246.1729440111585,0.0,7246.1729440111585
423,6878.653481525143,16.45610880747642,364.17867090948175,7242.832152434625,0.0,7242.832152434625
424,6875.794340942441,16.449268758235505,363.71208480283326,7239.506425745274,0.0,7239.506425745274
425,6872.954616655795,16.442475159463623,363.241094281666,7236.195710937461,0.0,7236.195710937461
426,6870.134184392351,16.4357277138573,362.7657735342477,7232.899957926598,0.0,7232.899957926598
427,6867.332921306759,16.429026127528132,362.28619774665106,7229.61911905341,0.0,7229.61911905341
428,6864.550705676098,16.42237010927296,361.8024429526798,7226.3531486287775,0.0,7226.3531486287775
429,6861.787416636789,16.41575936994447,361.31458588304133,7223.10200251983,0.0,7223.10200251983
430,6859.042933970231,16.409193621938353,360.82270381504117,7219.865637785272,0.0,7219.865637785272
431,6856.317137930931,16.40267257878213,360.32687442400595,7216.644012354936,0.0,7216.644012354936
432,6853.609909117244,16.39619595482594,359.82717563755534,7213.437084754799,0.0,7213.437084754799
433,6850.921128383155,16.38976346503147,359.32368549375497,7210.24481387691,0.0,7210.24481387691
434,6848.250676787725,16.383374824851018,358.81648200407966,7207.067158791804,0.0,7207.067158791804
435,6845.598435573513,16.37702975017587,358.30564302201685,7203.904078595529,0.0,7203.904078595529
436,6842.964286178525,16.370727957364892,357.7912461180324,7200.755532296557,0.0,7200.755532296557
437,6840.348110267498,16.364469163319374,357.27336846151513,7197.621478729013,0.0,7197.621478729013
438,6837.749789786423,16.358253085613452,356.7520867102118,7194.501876496635,0.0,7194.501876496635
439,6835.169207029037,16.3520794426532,356.2274769075612,7191.3966839365985,0.0,7191.3966839365985
440,6832.606244717253,16.345947953869025,355.69961438823395,7188.305859105487,0.0,7188.305859105487
441,6830.060786087238,16.339858339921623,355.1685736920902,7185.229359779328,0.0,7185.229359779328
442,6827.532714978532,16.33381032291515,354.6344284866724,7182.167143465204,0.0,7182.167143465204
443,6825.0219159275575,16.327803626620952,354.0972514982645,7179.119167425822,0.0,7179.119167425822
444,6822.528274254502,16.321837976685412,353.5571144514671,7176.085388705969,0.0,7176.085388705969
445,6820.051676150648,16.31591310083887,353.0140880171582,7173.065764167806,0.0,7173.065764167806
446,6817.592008756408,16.310028729082315,352.46824176864175,7170.06025052505,0.0,7170.06025052505
447,6815.149160235259,16.304184593864257,351.9196441457201,7167.068804380979,0.0,7167.068804380979
448,6812.723019837342,16.298380430232875,351.36836242636844,7164.09138226371,0.0,7164.09138226371
449,6810.31347795506,16.292615975969042,350.8144627056376,7161.127940660697,0.0,7161.127940660697
450,6807.9204261699515,16.286890971698448,350.258009881367,7158.178436051318,0.0,7158.178436051318
451,6805.543757289289,16.28120516097916,349.69906764625205,7155.242824935541,0.0,7155.242824935541
452,6803.183365374196,16.27555829036889,349.1376984857783,7152.321063859974,0.0,7152.321063859974
453,6800.839145759556,16.26995010947262,348.57396368151103,7149.413109441068,0.0,7149.413109441068
454,6798.510995063751,16.26438037096591,348.0079233192118,7146.5189183829625,0.0,7146.5189183829625
455,6796.19881119238,16.25884883060378,347.43963630124256,7143.638447493623,0.0,7143.638447493623
456,6793.9024933335,16.25335524720933,346.86916036271106,7140.771653696212,0.0,7140.771653696212
457,6791.621941948399,16.24789938265167,346.2965520908188,7137.918494039218,0.0,7137.918494039218
458,6789.357058755031,16.242481001806294,345.721866946873,7135.078925701904,0.0,7135.078925701904
459,6787.107746707337,16.237099872505592,345.14515929044313,7132.2529059977805,0.0,7132.2529059977805
460,6784.873909970982,16.231755765480816,344.5664824051564,7129.440392376138,0.0,7129.440392376138
461,6782.655453896366,16.22644845429753,343.9858885256515,7126.641342422018,0.0,7126.641342422018
462,6780.452284988118,16.22117771528258,343.40342886523445,7123.855713853352,0.0,7123.855713853352
463,6778.264310873582,16.21594332744876,342.81915364381257,7121.0834645173945,0.0,7121.0834645173945
464,6776.091440271572,16.21074507242003,342.23311211571286,7118.324552387285,0.0,7118.324552387285
465,6773.933582958147,16.205582734349633,341.6453525970289,7115.578935555176,0.0,7115.578935555176
466,6771.790649736031,16.200456099846964,341.05592249217534,7112.846572228206,0.0,7112.846572228206
467,6769.662552401233,16.195364957897688,340.46486831937096,7110.127420720604,0.0,7110.127420720604
468,6767.549203712913,16.19030909979166,339.87223573480446,7107.421439447718,0.0,7107.421439447718
469,6765.450517365894,16.18528831905716,339.27806955528524,7104.728586921179,0.0,7104.728586921179
470,6763.366407960997,16.180302411389945,338.68241377921254,7102.04882174021,0.0,7102.04882174021
471,6761.296790981981,16.175351174598042,338.08531160574194,7099.382102587722,0.0,7099.382102587722
472,6759.24158277027,16.170434408541315,337.48680545206014,7096.72838822233,0.0,7096.72838822233
473,6757.200700506534,16.165551915087402,336.8869369687215,7094.087637475256,0.0,7094.087637475256
474,6755.174062190017,16.160703498062244,336.2857470530284,7091.459809243045,0.0,7091.459809243045
475,6753.161586623168,16.15588896321332,335.68327586047553,7088.844862483644,0.0,7088.844862483644
476,6751.163193397906,16.151108118176808,335.07956281430484,7086.242756212211,0.0,7086.242756212211
477,6749.178802883691,16.14636077244902,334.4746466132474,7083.653449496938,0.0,7083.653449496938
478,6747.208336217157,16.14164673736162,333.86856523755523,7081.076901454712,0.0,7081.076901454712
479,6745.251715294466,16.136965826063314,333.26135595344533,7078.513071247911,0.0,7078.513071247911
480,6743.308862765954,16.132317853507065,332.65305531610005,7075.961918082054,0.0,7075.961918082054
481,6741.37970203031,16.127702636436148,332.043699171386,7073.423401201696,0.0,7073.423401201696
482,6739.4641572311975,16.123119993376072,331.43332265646416,7070.897479887662,0.0,7070.897479887662
483,6737.562153256153,16.118569744631944,330.82196019947776,7068.3841134556305,0.0,7068.3841134556305
484,6735.673615733807,16.114051712281835,330.2096455185096,7065.8832612523165,0.0,7065.8832612523165
485,6733.798471032686,16.10956572017389,329.5964116200107,7063.394882652698,0.0,7063.394882652698
486,6731.936646261671,16.105111593927443,328.98229079689645,7060.918937058567,0.0,7060.918937058567
487,6730.088069268317,16.100689160928987,328.3673146265147,7058.455383894831,0.0,7058.455383894831
488,6728.252668637548,16.09629825032906,327.75151396868046,7056.004182606228,0.0,7056.004182606228
489,6726.430373691299,16.091938693041385,327.1349189639713,7053.56529265527,0.0,7053.56529265527
490,6724.621114484922,16.087610321734264,326.51755903246647,7051.138673517388,0.0,7051.138673517388
491,6722.824821805179,16.083312970825787,325.8994628731044,7048.724284678284,0.0,7048.724284678284
492,6721.041427164822,16.079046476470868,325.2806584638228,7046.322085628645,0.0,7046.322085628645
493,6719.27086279743,16.074810676548875,324.66117306262856,7043.932035860058,0.0,7043.932035860058
494,6717.513061649675,16.070605410645157,324.0410332097342,7041.55409485941,0.0,7041.55409485941
495,6715.767957371789,16.066430520028202,323.4202647308763,7039.188222102665,0.0,7039.188222102665
496,6714.035484307025,16.062285847624462,322.79889274191993,7036.8343770489455,0.0,7036.8343770489455
497,6712.315577478645,16.05817123798719,322.17694165482754,7034.492519133472,0.0,7034.492519133472
498,6710.608172574168,16.054086537258776,321.5544351850588,7032.162607759226,0.0,7032.162607759226
499,6708.913205927841,16.050031593128807,320.93139636044447,7029.844602288285,0.0,7029.844602288285
500,6707.230614501748,16.04600625478887,320.3078475315576,7027.538462033306,0.0,7027.538462033306
501,6705.560335863385,16.042010372878913,319.68381038359047,7025.244146246976,0.0,7025.244146246976
502,6703.902308161287,16.038043799428916,319.05930594972006,7022.961614111007,0.0,7022.961614111007
503,6702.2564701000865,16.034106387799252,318.43435462593175,7020.690824726018,0.0,7020.690824726018
504,6700.622760910142,16.030197992607995,317.80897618725226,7018.431737097394,0.0,7018.431737097394
505,6699.001120319242,16.02631846966326,317.1831898053212,7016.184310124563,0.0,7016.184310124563
506,6697.391488518844,16.022467675882403,316.5570140672239,7013.948502586069,0.0,7013.948502586069
507,6695.793806131207,16.018645469213414,315.930466995485,7011.724273126692,0.0,7011.724273126692
508,6694.208014172686,16.014851708547095,315.3035660691157,7009.511580241801,0.0,7009.511580241801
509,6692.634054018492,16.011086253632755,314.6763282455924,7007.310382264084,0.0,7007.310382264084
510,6691.071867362896,16.007348964983006,314.0487699836396,7005.120637346536,0.0,7005.120637346536
511,6689.521396182017,16.00363970378473,313.4209072666761,7002.942303448694,0.0,7002.942303448694
512,6687.982582692462,15.999958331800148,312.79275562678356,7000.775338319245,0.0,7000.775338319245
513,6686.455369313345,15.996304711275945,312.1643301690502,6998.619699482395,0.0,6998.619699482395
514,6684.9396986230695,15.992678704839879,311.53564559613824,6996.475344219208,0.0,6996.475344219208
515,6683.435513322678,15.989080175413106,310.9067162329294,6994.342229555607,0.0,6994.342229555607
516,6681.942756192503,15.985508986106467,310.27755605109724,6992.2203122436,0.0,6992.2203122436
517,6680.461370055411,15.981965000132561,309.6481786934642,6990.109548748876,0.0,6990.109548748876
518,6678.991297736466,15.978448080709247,309.0185974980033,6988.009895234469,0.0,6988.009895234469
519,6677.532482026697,15.97495809097296,308.38882552135146,6985.921307548048,0.0,6985.921307548048
520,6676.084865645952,15.971494893889837,307.75887556171017,6983.843741207662,0.0,6983.843741207662
521,6674.648391208145,15.968058352172596,307.12876018101576,6981.77715138916,0.0,6981.77715138916
522,6673.223001188463,15.964648328202065,306.49849172627563,6979.7214929147385,0.0,6979.7214929147385
523,6671.80863789208,15.961264683952344,305.86808234997306,6977.676720242052,0.0,6977.676720242052
524,6670.405243424189,15.957907280919114,305.23754402945855,6975.6427874536475,0.0,6975.6427874536475
525,6669.012759663473,15.954575980056156,304.6068885852552,6973.6196482487285,0.0,6973.6196482487285
526,6667.63112823691,15.951270641715094,303.9761276982197,6971.60725593513,0.0,6971.60725593513
527,6666.26029049691,15.947991125590693,303.3452729255118,6969.605563422421,0.0,6969.605563422421
528,6664.900187501529,15.944737290673515,302.71433571533754,6967.6145232168665,0.0,6967.6145232168665
529,6663.550759996332,15.941508995206537,302.08332742044627,6965.634087416778,0.0,6965.634087416778
530,6662.211948399652,15.938306096649885,301.45225931036896,6963.664207710021,0.0,6963.664207710021
531,6660.883692789677,15.935128451649947,300.82114258240046,6961.7048353720775,0.0,6961.7048353720775
532,6659.565932893771,15.931975916013807,300.1899883713384,6959.7559212651095,0.0,6959.7559212651095
533,6658.258608081471,15.928848344692513,299.55880775800017,6957.817415839471,0.0,6957.817415839471
534,6656.961657359321,15.925745591768711,298.9276117765505,6955.8892691358715,0.0,6955.8892691358715
535,6655.675019367047,15.92266751044748,298.29641142067874,6953.971430787726,0.0,6953.971430787726
536,6654.3986323781955,15.919613953057883,297.6652176486763,6952.0638500268715,0.0,6952.0638500268715
537,6653.13243430056,15.916584771053971,297.03404138746504,6950.166475688025,0.0,6950.166475688025
538,6651.876362681333,15.913579815027113,296.40289353564003,6948.279256216973,0.0,6948.279256216973
539,6650.630354711926,15.910598934717527,295.77178496559,6946.402139677516,0.0,6946.402139677516
540,6649.394347236477,15.907641979034635,295.1407265247641,6944.535073761242,0.0,6944.535073761242
541,6648.168276760058,15.904708796076694,294.50972903615667,6942.678005796214,0.0,6942.678005796214
542,6646.952079461787,15.901799233162171,293.8788032980831,6940.83088275987,0.0,6940.83088275987
543,6645.745691206025,15.89891313685652,293.24796008332095,6938.993651289346,0.0,6938.993651289346
544,6644.549047557018,15.896050353007219,292.61721013769153,6937.166257694709,0.0,6937.166257694709
545,6643.362083794631,15.893210726781414,291.98656417815323,6935.348647972784,0.0,6935.348647972784
546,6642.184734930193,15.890394102703812,291.3560328904828,6933.540767820677,0.0,6933.540767820677
547,6641.016935724356,15.887600324699417,290.72562692661165,6931.742562650968,0.0,6931.742562650968
548,6639.858620705521,15.88482923613761,290.09535690168804,6929.95397760721,0.0,6929.95397760721
549,6638.709724188717,15.882080679877314,289.46523339092766,6928.174957579645,0.0,6928.174957579645
550,6637.5701802953035,15.879354498314123,288.83526692631676,6926.40544722162,0.0,6926.40544722162
551,6636.439922973646,15.876650533429777,288.2054679932242,6924.645390966871,0.0,6924.645390966871
552,6635.318886018831,15.873968626839309,287.57584702697665,6922.894733045808,0.0,6922.894733045808
553,6634.2070030940995,15.871308619842344,286.94641440944747,6921.153417503547,0.0,6921.153417503547
554,6633.1042077515585,15.868670353472629,286.3171804657039,6919.421388217263,0.0,6919.421388217263
555,6632.010433453373,15.866053668548739,285.68815546075325,6917.698588914126,0.0,6917.698588914126
556,6630.92561359284,15.863458405724497,285.05934959642593,6915.984963189266,0.0,6915.984963189266
557,6629.849681514851,15.860884405537922,284.43077300842566,6914.280454523277,0.0,6914.280454523277
558,6628.782570537043,15.858331508461825,283.8024357635754,6912.585006300618,0.0,6912.585006300618
559,6627.724213969824,15.855799554951732,283.17434785728324,6910.898561827107,0.0,6910.898561827107
560,6626.6745451368015,15.853288385494741,282.54651921124525,6909.221064348047,0.0,6909.221064348047
561,6625.633497394599,15.850797840656934,281.91895967140306,6907.552457066002,0.0,6907.552457066002
562,6624.6010041517275,15.848327761128534,281.29167900616613,6905.892683157894,0.0,6905.892683157894
563,6623.576998887277,15.845877987768606,280.664686904907,6904.241685792184,0.0,6904.241685792184
564,6622.561415169707,15.843448361650017,280.0379929767364,6902.599408146443,0.0,6902.599408146443
565,6621.554186674206,15.84103872410097,279.41160674955563,6900.965793423762,0.0,6900.965793423762
566,6620.555247200011,15.838648916746438,278.78553766939064,6899.340784869401,0.0,6899.340784869401
567,6619.564530686328,15.83627878154624,278.15979509999937,6897.724325786327,0.0,6897.724325786327
568,6618.581971228924,15.833928160834747,277.53438832275054,6896.116359551675,0.0,6896.116359551675
569,6617.607503094956,15.831596897356354,276.9093265367632,6894.516829631719,0.0,6894.516829631719
570,6616.641060737409,15.829284834300022,276.2846188593004,6892.925679596709,0.0,6892.925679596709
571,6615.682578808801,15.82699181533206,275.66027432640306,6891.342853135204,0.0,6891.342853135204
572,6614.73199217513,15.824717684629496,275.03630189375536,6889.768294068885,0.0,6889.768294068885
573,6613.789235927639,15.822462286908229,274.412710437765,6888.201946365404,0.0,6888.201946365404
574,6612.854245394431,15.820225467450792,273.7895087568473,6886.643754151279,0.0,6886.643754151279
575,6611.926956153277,15.818007072137027,273.16670557289746,6885.093661726175,0.0,6885.093661726175
576,6611.007304039246,15.815806947462312,272.5443095329356,6883.551613572182,0.0,6883.551613572182
577,6610.09522515718,15.813624940567415,271.9223292109101,6882.01755436809,0.0,6882.01755436809
578,6609.190655889546,15.811460899257288,271.30077310964447,6880.49142899919,0.0,6880.49142899919
579,6608.293532905227,15.809314672022074,270.67964966291106,6878.973182568138,0.0,6878.973182568138
580,6607.403793166898,15.80718610805478,270.05896723761913,6877.462760404517,0.0,6877.462760404517
581,6606.521373939473,15.805075057271466,269.4387341360985,6875.960108075572,0.0,6875.960108075572
582,6605.646212795522,15.802981370324215,268.81895859847043,6874.465171393992,0.0,6874.465171393992
583,6604.778247621658,15.800904898616407,268.19964880508564,6872.977896426743,0.0,6872.977896426743
584,6603.917416624984,15.798845494318144,267.58081287902075,6871.4982295040045,0.0,6871.4982295040045
585,6603.063658336194,15.796803010373669,266.9624588886183,6870.026117224812,0.0,6870.026117224812
586,6602.216911615705,15.79477730051604,266.3445948500588,6868.561506465763,0.0,6868.561506465763
587,6601.377115656394,15.79276821927367,265.7272287299537,6867.104344386348,0.0,6867.104344386348
588,6600.544209987603,15.790775621979911,265.1103684479482,6865.654578435551,0.0,6865.654578435551
589,6599.718134477089,15.788799364777724,264.4940218793236,6864.212156356412,0.0,6864.212156356412
590,6598.898829334436,15.786839304627838,263.87819685759143,6862.777026192028,0.0,6862.777026192028
591,6598.086235111961,15.784895299310913,263.26290117706856,6861.34913628903,0.0,6861.34913628903
592,6597.280292706817,15.782967207432577,262.64814259542726,6859.928435302244,0.0,6859.928435302244
593,6596.480943361579,15.78105488842483,262.0339288362117,6858.514872197791,0.0,6858.514872197791
594,6595.688128665275,15.779158202548505,261.42026759131573,6857.108396256591,0.0,6857.108396256591
595,6594.901790552886,15.777277010892073,260.8071665234137,6855.7089570763,0.0,6855.7089570763
596,6594.121871305573,15.775411175372184,260.1946332683423,6854.316504573915,0.0,6854.316504573915
597,6593.3483135496535,15.773560558731228,259.5826754374246,6852.930988987078,0.0,6852.930988987078
598,6592.581060256722,15.771725024537611,258.9713006197363,6851.552360876458,0.0,6851.552360876458
599,6591.820054740801,15.769904437178951,258.3605163843064,6850.180571125108,0.0,6850.180571125108
600,6591.065240657447,15.768098661859922,257.7503302822519,6848.815570939699,0.0,6848.815570939699
601,6590.316562002299,15.766307564598803,257.1407498488427,6847.457311851142,0.0,6847.457311851142
602,6589.57396310792,15.764531012219903,256.53178260549305,6846.105745713413,0.0,6846.105745713413
603,6588.837388641551,15.76276887234821,255.92343606167952,6844.76082470323,0.0,6844.76082470323
604,6588.106783602478,15.761021013403056,255.31571771678176,6843.422501319259,0.0,6843.422501319259
605,6587.382093319156,15.759287304591282,254.70863506184514,6842.090728381001,0.0,6842.090728381001
606,6586.663263444677,15.757567615896356,254.1021955812638,6840.765459025941,0.0,6840.765459025941
607,6585.950239954766,15.755861818073603,253.49640675438323,6839.44664670915,0.0,6839.44664670915
608,6585.242969143132,15.754169782639071,252.89127605702072,6838.134245200153,0.0,6838.134245200153
609,6584.5413976170985,15.752491381859087,252.28681096290256,6836.828208580001,0.0,6836.828208580001
610,6583.845472294341,15.750826488742442,251.68301894501823,6835.528491239359,0.0,6835.528491239359
611,6583.155140398017,15.749174977028748,251.07990747688967,6834.235047874906,0.0,6834.235047874906
612,6582.4703494519235,15.74753672117685,250.4774840337549,6832.9478334856785,0.0,6832.9478334856785
613,6581.7910472766,15.745911596355501,249.87575609366627,6831.666803370266,0.0,6831.666803370266
614,6581.117181983227,15.744299478428772,249.2747311385009,6830.391913121728,0.0,6830.391913121728
615,6580.448701969941,15.742700243947226,248.67441665488371,6829.123118624824,0.0,6829.123118624824
616,6579.785555915949,15.741113770133849,248.07482013502164,6827.86037605097,0.0,6827.86037605097
617,6579.127692777009,15.739539934873227,247.4759490774474,6826.603641854456,0.0,6826.603641854456
618,6578.47506177895,15.737978616696052,246.8778109876733,6825.352872766623,0.0,6825.352872766623
619,6577.82761241377,15.736429694769784,246.2804133787512,6824.108025792521,0.0,6824.108025792521
620,6577.185294432792,15.734893048882277,245.68376377173996,6822.869058204532,0.0,6822.869058204532
621,6576.548057842718,15.73336855943234,245.08786969607655,6821.635927538794,0.0,6821.635927538794
622,6575.915852898783,15.731856107413355,244.49273868984972,6820.408591588633,0.0,6820.408591588633
623,6575.288630100148,15.730355574402267,243.89837829997498,6819.187008400123,0.0,6819.187008400123
624,6574.666340183739,15.728866842544829,243.3047960822674,6817.971136266006,0.0,6817.971136266006
625,6574.048934119436,15.727389794544106,242.71199960141004,6816.760933720846,0.0,6816.760933720846
626,6573.43636310427,15.725924313646578,242.11999643081612,6815.556359535086,0.0,6815.556359535086
627,6572.828578556979,15.724470283629136,241.52879415238067,6814.357372709359,0.0,6814.357372709359
628,6572.225532112996,15.723027588787073,240.93840035611925,6813.163932469115,0.0,6813.163932469115
629,6571.627175618743,15.72159611392044,240.34882263969018,6811.975998258434,0.0,6811.975998258434
630,6571.033461126966,15.720175744322885,239.76006860779577,6810.793529734762,0.0,6810.793529734762
631,6570.444340891837,15.718766365769945,239.1721458714591,6809.616486763296,0.0,6809.616486763296
632,6569.859767363567,15.71736786450614,238.58506204717168,6808.444829410739,0.0,6808.444829410739
633,6569.279693184391,15.715980127235387,237.99882475590692,6807.278517940298,0.0,6807.278517940298
634,6568.704071183482,15.714603041108807,237.41344162199525,6806.1175128054765,0.0,6806.1175128054765
635,6568.132854373598,15.713236493716742,236.8289202718538,6804.961774645451,0.0,6804.961774645451
636,6567.565995946011,15.71188037307658,236.24526833256675,6803.811264278577,0.0,6803.811264278577
637,6567.003449267729,15.710534567626144,235.66249343030873,6802.665942698038,0.0,6802.665942698038
638,6566.445167877735,15.709198966214677,235.08060318860586,6801.525771066341,0.0,6801.525771066341
639,6565.8911054836335,15.707873458094816,234.4996052264268,6800.39071071006,0.0,6800.39071071006
640,6565.341215959837,15.70655793291827,233.91950715609698,6799.2607231159345,0.0,6799.2607231159345
641,6564.795453344235,15.705252280727835,233.340316581029,6798.135769925264,0.0,6798.135769925264
642,6564.253771836654,15.703956391953717,232.76204109325954,6797.015812929913,0.0,6797.015812929913
643,6563.716125797692,15.702670157410747,232.18468827078726,6795.900814068479,0.0,6795.900814068479
644,6563.18246974775,15.701393468296052,231.60826567470036,6794.79073542245,0.0,6794.79073542245
645,6562.652758366531,15.700126216187874,231.0327808460869,6793.685539212618,0.0,6793.685539212618
646,6562.126946493263,15.698868293046084,230.45824130271765,6792.58518779598,0.0,6792.58518779598
647,6561.604989127493,15.6976195912141,229.8846545354922,6791.489643662985,0.0,6791.489643662985
648,6561.086841430618,15.696380003422531,229.31202800463882,6790.3988694352565,0.0,6790.3988694352565
649,6560.572458728849,15.69514942279629,228.74036913565817,6789.312827864507,0.0,6789.312827864507
650,6560.0617965148285,15.693927742858442,228.16968531500027,6788.231481829829,0.0,6788.231481829829
651,6559.554810452615,15.692714857542141,227.59998388546504,6787.15479433808,0.0,6787.15479433808
652,6559.05145638164,15.691510661200095,227.03127214131626,6786.082728522956,0.0,6786.082728522956
653,6558.55169032328,15.690315048620288,226.46355732309843,6785.015247646378,0.0,6785.015247646378
654,6558.055468486167,15.689127915038677,225.89684661214642,6783.952315098313,0.0,6783.952315098313
655,6557.56274727533,15.687949156161077,225.3311471247785,6782.893894400109,0.0,6782.893894400109
656,6557.073483299493,15.686778668180606,224.76646590616326,6781.839949205656,0.0,6781.839949205656
657,6556.587633382099,15.685616347804064,224.20280992385096,6780.79044330595,0.0,6780.79044330595
658,6556.105154572253,15.684462092278117,223.64018606096153,6779.745340633214,0.0,6779.745340633214
659,6555.626004156269,15.683315799416912,223.07860110902155,6778.70460526529,0.0,6778.70460526529
660,6555.150139672909,15.682177367638538,222.51806176044383,6777.668201433353,0.0,6777.668201433353
661,6554.677518927228,15.681046695998154,221.9585746006441,6776.636093527873,0.0,6776.636093527873
662,6554.208100008185,15.679923684230108,221.40014609979104,6775.608246107976,0.0,6775.608246107976
663,6553.741841305931,15.67880823278931,220.8427826041882,6774.584623910119,0.0,6774.584623910119
664,6553.278701531994,15.677700242899506,220.28649032728626,6773.56519185928,0.0,6773.56519185928
665,6552.818639740633,15.676599616604387,219.73127534032977,6772.549915080963,0.0,6772.549915080963
666,6552.361615351566,15.675506256821928,219.17714356264128,6771.538758914207,0.0,6771.538758914207
667,6551.907588174618,15.674420067403391,218.62410075155145,6770.531688926169,0.0,6770.531688926169
668,6551.456518435898,15.673340953195929,218.07215249198674,6769.528670927884,0.0,6769.528670927884
669,6551.0083668064,15.672268820111004,217.5213041857273,6768.529670992127,0.0,6768.529670992127
670,6550.563094431208,15.671203575194276,216.97156104035622,6767.534655471564,0.0,6767.534655471564
671,6550.1206629609,15.670145126700717,216.42292805792098,6766.543591018821,0.0,6766.543591018821
672,6549.681034585614,15.66909338417611,215.87541002333614,6765.55644460895,0.0,6765.55644460895
673,6549.24417206874,15.668048258537656,215.32901149256034,6764.5731835613005,0.0,6764.5731835613005
674,6548.810038783954,15.66700966216257,214.78373678058463,6763.593775564539,0.0,6763.593775564539
675,6548.378598753362,15.665977508979335,214.2395899492786,6762.6181887026405,0.0,6762.6181887026405
676,6547.949816686191,15.664951714560265,213.69657479514288,6761.646391481334,0.0,6761.646391481334
677,6547.523658020445,15.66393219622116,213.15469483702597,6760.678352857471,0.0,6760.678352857471
678,6547.100088964206,15.66291887312011,212.61395330386833,6759.714042268075,0.0,6759.714042268075
679,6546.679076538234,15.661911666359412,212.0743531225452,6758.753429660779,0.0,6758.753429660779
680,6546.260588620209,15.66091049909141,211.5358969058835,6757.7964855260925,0.0,6757.7964855260925
681,6545.844593988762,15.659915296623833,210.998586940938,6756.843180929701,0.0,6756.843180929701
682,6545.4310623676765,15.658925986525542,210.4624251776179,6755.893487545294,0.0,6755.893487545294
683,6545.019964471742,15.657942498736226,209.9274132177594,6754.947377689502,0.0,6754.947377689502
684,6544.611272049879,15.656964765669565,209.39355230474902,6754.004824354628,0.0,6754.004824354628
685,6544.204957928969,15.655992722318107,208.8608433138055,6753.065801242774,0.0,6753.065801242774
686,6543.800996058048,15.655026306358968,208.3292867430344,6752.130282801083,0.0,6752.130282801083
687,6543.399361548251,15.654065458249406,207.79888270537282,6751.198244253625,0.0,6751.198244253625
688,6543.000030713978,15.653110121325307,207.2696309215458,6750.269661635524,0.0,6750.269661635524
689,6542.602981109234,15.652160241888119,206.74153071415617,6749.34451182339,0.0,6749.34451182339
690,6542.208191563844,15.651215769291491,206.2145810030317,6748.422772566875,0.0,6748.422772566875
691,6541.815642215015,15.650276656016782,205.68878030195236,6747.504422516968,0.0,6747.504422516968
692,6541.425314535966,15.649342857741546,205.16412671687732,6746.589441252843,0.0,6746.589441252843
693,6541.037191361031,15.648414333399595,204.64061794578788,6745.677809306819,0.0,6745.677809306819
694,6540.651256904699,15.647491045226552,204.11825128025538,6744.769508184954,0.0,6744.769508184954
695,6540.267496778985,15.6465729588014,203.5970236088371,6743.864520387822,0.0,6743.864520387822
696,6539.885898001863,15.645660043066657,203.07693142239128,6742.962829424255,0.0,6742.962829424255
697,6539.506449003549,15.64475227034342,202.5579708213907,6742.06441982494,0.0,6742.06441982494
698,6539.129139624639,15.643849616326888,202.04013752530219,6741.169277149941,0.0,6741.169277149941
699,6538.75396110914,15.642952060069712,201.52342688408066,6740.27738799322,0.0,6740.27738799322
700,6538.380906090097,15.6420595839476,201.00783389181169,6739.388739981909,0.0,6739.388739981909
701,6538.009968570184,15.641172173612881,200.49335320251492,6738.5033217727,0.0,6738.5033217727
702,6537.641143893747,15.640289817927624,199.979979148102,6737.6211230418485,0.0,6737.6211230418485
703,6537.2744287131345,15.639412508883098,199.46770575845892,6736.742134471593,0.0,6736.742134471593
704,6536.909820948356,15.638540241503245,198.9565267836029,6735.86634773196,0.0,6735.86634773196
705,6536.54731973921,15.637673013730168,198.44643571783683,6734.993755457047,0.0,6734.993755457047
706,6536.186925391573,15.63681082629563,197.9374258258054,6734.124351217379,0.0,6734.124351217379
707,6535.828639317086,15.63595368257676,197.42949017032953,6733.258129487415,0.0,6733.258129487415
708,6535.472463966713,15.635101588437113,196.92262164187665,6732.395085608589,0.0,6732.395085608589
709,6535.118402759454,15.63425455205611,196.4168129895014,6731.535215748955,0.0,6731.535215748955
710,6534.76646000428,15.633412583742297,195.91205685307028,6730.678516857351,0.0,6730.678516857351
711,6534.416640820029,15.632575695741696,195.40834579656743,6729.824986616596,0.0,6729.824986616596
712,6534.06895104827,15.631743902029354,194.90567234226086,6728.974623390531,0.0,6728.974623390531
713,6533.723397165141,15.630917218098425,194.4040290054956,6728.127426170637,0.0,6728.127426170637
714,6533.37998618868,15.63009566073847,193.90340832986865,6727.283394518548,0.0,6727.283394518548
715,6533.038725585708,15.629279247812697,193.4038029225332,6726.442528508241,0.0,6726.442528508241
716,6532.6996231757585,15.62846799802813,192.9052054893741,6725.604828665133,0.0,6725.604828665133
717,6532.362687035206,15.627661930706235,192.4076088697949,6724.770295905001,0.0,6724.770295905001
718,6532.027925401739,15.6268610655544,191.91100607085983,6723.938931472599,0.0,6723.938931472599
719,6531.695346578706,15.626065422437097,191.4153903005357,6723.110736879242,0.0,6723.110736879242
720,6531.364958841728,15.62527502115246,190.92075499979182,6722.28571384152,0.0,6722.28571384152
721,6531.036770347691,15.624489881214572,190.4270938733216,6721.463864221013,0.0,6721.463864221013
722,6530.710789044896,15.623710021638507,189.93440091866825,6720.645189963564,0.0,6720.645189963564
723,6530.387022588973,15.62293546073917,189.44267045355053,6719.829693042524,0.0,6719.829693042524
724,6530.065478260949,15.622166215935284,188.95189714120482,6719.017375402153,0.0,6719.017375402153
725,6529.746162890332,15.621402303565388,188.4620760135806,6718.208238903912,0.0,6718.208238903912
726,6529.42908278359,15.620643738716723,187.9732024922474,6717.402285275838,0.0,6717.402285275838
727,6529.114243656191,15.619890535062659,187.48527240689748,6716.599516063089,0.0,6716.599516063089
728,6528.801650572317,15.619142704718461,186.99828201135088,6715.799932583668,0.0,6715.799932583668
729,6528.491307888311,15.618400258106007,186.51222799699482,6715.003535885306,0.0,6715.003535885306
730,6528.183219203867,15.617663203837003,186.02710750361538,6714.210326707483,0.0,6714.210326707483
731,6527.877387317603,15.616931548606706,185.54291812760334,6713.420305445206,0.0,6713.420305445206
732,6527.573814189265,15.616205297103505,185.05965792753952,6712.633472116805,0.0,6712.633472116805
733,6527.272500908874,15.615484451935105,184.57732542719015,6711.849826336063,0.0,6711.849826336063
734,6526.973447670502,15.614769013565793,184.09591961596215,6711.069367286464,0.0,6711.069367286464
735,6526.676653751942,15.614058980267803,183.61543994689018,6710.292093698832,0.0,6710.292093698832
736,6526.382117501718,15.613354348090235,183.13588633224654,6709.518003833965,0.0,6709.518003833965
737,6526.0898363299175,15.612655110837123,182.6572591368796,6708.747095466797,0.0,6708.747095466797
738,6525.799806704276,15.611961260058077,182.17955916940417,6707.979365873681,0.0,6707.979365873681
739,6525.512024152592,15.611272785054048,181.70278767137864,6707.21481182397,0.0,6707.21481182397
740,6525.226483267994,15.610589672889937,181.22694630461393,6706.453429572608,0.0,6706.453429572608
741,6524.943177720559,15.60991190842239,180.7520371367701,6705.695214857329,0.0,6705.695214857329
742,6524.662100270941,15.609239474332394,180.27806262540113,6704.9401628963415,0.0,6704.9401628963415
743,6524.383242789378,15.60857235117076,179.8050256006136,6704.188268389991,0.0,6704.188268389991
744,6524.106596277191,15.607910517409547,179.3329292465084,6703.4395255237,0.0,6703.4395255237
745,6523.83215089128,15.60725394950067,178.8617770815745,6702.693927972855,0.0,6702.693927972855
746,6523.559895971108,15.60660262194045,178.3915729382035,6701.951468909311,0.0,6701.951468909311
747,6523.289820069065,15.605956507342261,177.9223209414906,6701.212141010556,0.0,6701.212141010556
748,6523.021910981441,15.605315576510623,177.45402548748456,6700.475936468925,0.0,6700.475936468925
749,6522.756155781897,15.604679798521286,176.98669122104315,6699.74284700294,0.0,6699.74284700294
750,6522.492540855312,15.60404914080218,176.52032301344536,6699.012863868757,0.0,6699.012863868757
751,6522.231051935427,15.603423569223509,176.05492593990255,6698.285977875329,0.0,6698.285977875329
752,6521.971674138462,15.602803048178139,175.59050525710458,6697.562179395566,0.0,6697.562179395566
753,6521.714392001928,15.60218754067447,175.12706638092683,6696.841458382854,0.0,6696.841458382854
754,6521.459189521582,15.601577008424837,174.6646148644156,6696.123804385998,0.0,6696.123804385998
755,6521.206050187497,15.60097141193181,174.20315637615874,6695.409206563655,0.0,6695.409206563655
756,6520.954957022865,15.600370710581016,173.74269667913978,6694.697653702005,0.0,6694.697653702005
757,6520.70589261927,15.599774862725527,173.28324161016215,6693.989134229432,0.0,6693.989134229432
758,6520.458839173281,15.5991838257734,172.8247970599223,6693.283636233204,0.0,6693.283636233204
759,6520.213778521902,15.598597556272493,172.36736895379866,6692.581147475701,0.0,6692.581147475701
760,6519.970692177816,15.598016009994776,171.9109632334143,6691.88165541123,0.0,6691.88165541123
761,6519.729561362551,15.597439142015672,171.4555858390229,6691.185147201574,0.0,6691.185147201574
762,6519.490367038783,15.596866906791346,171.00124269275656,6690.49160973154,0.0,6690.49160973154
763,6519.253089943756,15.59629925823865,170.54793968276732,6689.801029626524,0.0,6689.801029626524
764,6519.017710617426,15.595736149802455,170.09568264828474,6689.11339326571,0.0,6689.11339326571
765,6518.78420943367,15.595177534530311,169.6444773656046,6688.428686799275,0.0,6688.428686799275
766,6518.552566627198,15.594623365136837,169.19432953501726,6687.746896162215,0.0,6687.746896162215
767,6518.32276232048,15.594073594068135,168.74524476867646,6687.068007089157,0.0,6687.068007089157
768,6518.094776549284,15.59352817356288,168.29722857940374,6686.392005128688,0.0,6686.392005128688
769,6517.868589286424,15.592987055709148,167.85028637041898,6685.718875656843,0.0,6685.718875656843
770,6517.644180464475,15.592450192498744,167.40442342598107,6685.0486038904555,0.0,6685.0486038904555
771,6517.421529997906,15.591917535880158,166.9596449029196,6684.3811749008255,0.0,6684.3811749008255
772,6517.200617801255,15.591389037802045,166.51595582303344,6683.716573624289,0.0,6683.716573624289
773,6516.981423810075,15.590864650263338,166.07336106633022,6683.054784876405,0.0,6683.054784876405
774,6516.763927997417,15.590344325352673,165.63186536507612,6682.395793362493,0.0,6682.395793362493
775,6516.548110389416,15.589828015285685,165.19147329862454,6681.7395836880405,0.0,6681.7395836880405
776,6516.33395108211,15.589315672445238,164.75218928898863,6681.086140371099,0.0,6681.086140371099
777,6516.1214302535145,15.588807249410323,164.314017597123,6680.4354478506375,0.0,6680.4354478506375
778,6515.910528177787,15.58830269898992,163.87696231987746,6679.787490497664,0.0,6679.787490497664
779,6515.701225236378,15.58780197424971,163.44102738758477,6679.142252623963,0.0,6679.142252623963
780,6515.493501928177,15.587305028536308,163.00621656224524,6678.499718490421,0.0,6678.499718490421
781,6515.28733888097,15.586811815504714,162.5725334362698,6677.85987231724,0.0,6677.85987231724
782,6515.082716857868,15.586322289133655,162.13998143174234,6677.22269828961,0.0,6677.22269828961
783,6514.879616767388,15.585836403749733,161.70856380016605,6676.588180567554,0.0,6676.588180567554
784,6514.678019669289,15.585354114041362,161.27828362265447,6675.956303291943,0.0,6675.956303291943
785,6514.477906781496,15.584875375075349,160.84914381053184,6675.327050592028,0.0,6675.327050592028
786,6514.2792594842995,15.584400142306936,160.42114710630818,6674.700406590608,0.0,6674.700406590608
787,6514.082059327531,15.583928371596965,159.99429608499344,6674.076355412524,0.0,6674.076355412524
788,6513.886288032521,15.583460019216558,159.56859315571845,6673.45488118824,0.0,6673.45488118824
789,6513.691927497407,15.582995041859826,159.14404056363168,6672.835968061038,0.0,6672.835968061038
790,6513.4989597988415,15.582533396647946,158.7206403920398,6672.2196001908815,0.0,6672.2196001908815
791,6513.30736719522,15.58207504113689,158.2983945647647,6671.6057617599845,0.0,6671.6057617599845
792,6513.117132128624,15.581619933322067,157.87730484868842,6670.994436977312,0.0,6670.994436977312
793,6512.928237226423,15.58116803164216,157.45737285646106,6670.385610082884,0.0,6670.385610082884
794,6512.740665302482,15.580719294982014,157.0386000493468,6669.779265351829,0.0,6669.779265351829
795,6512.554399357512,15.580273682673473,156.6209877401845,6669.175387097696,0.0,6669.175387097696
796,6512.36942258053,15.579831154498876,156.2045370964435,6668.573959676974,0.0,6668.573959676974
797,6512.185718348004,15.579391670689006,155.78924914335232,6667.974967491356,0.0,6667.974967491356
798,6512.003270224264,15.578955191924077,155.37512476708403,6667.378394991349,0.0,6667.378394991349
799,6511.822061960898,15.578521679332292,154.96216471797976,6666.784226678878,0.0,6666.784226678878
800,6511.642077496788,15.578091094489924,154.55036961379602,6666.192447110584,0.0,6666.192447110584
801,6511.463300956693,15.577663399417926,154.13973994296094,6665.603040899654,0.0,6665.603040899654
802,6511.285716650357,15.577238556579802,153.73027606782654,6665.015992718184,0.0,6665.015992718184
803,6511.10930907142,15.576816528878997,153.32197822790602,6664.431287299326,0.0,6664.431287299326
804,6510.934062896453,15.576397279656586,152.9148465430846,6663.848909439537,0.0,6663.848909439537
805,6510.759962983184,15.575980772687043,152.50888101679604,6663.26884399998,0.0,6663.26884399998
806,6510.58699436982,15.575566972176603,152.1040815391546,6662.691075908974,0.0,6662.691075908974
807,6510.415142272177,15.575155842756404,151.70044789003757,6662.115590162214,0.0,6662.115590162214
808,6510.244392082943,15.574747349480724,151.2979797421101,6661.542371825053,0.0,6661.542371825053
809,6510.0747293701315,15.574341457823282,150.896676663788,6660.971406033919,0.0,6660.971406033919
810,6509.906139874572,15.573938133671223,150.49653812213393,6660.402677996705,0.0,6660.402677996705
811,6509.738609509158,15.573537343323345,150.0975634856827,6659.836172994841,0.0,6659.836172994841
812,6509.572124355929,15.573139053483084,149.69975202719337,6659.271876383123,0.0,6659.271876383123
813,6509.406670665017,15.572743231256023,149.3031029263253,6658.709773591343,0.0,6658.709773591343
814,6509.242234852611,15.572349844145002,148.90761527223628,6658.149850124847,0.0,6658.149850124847
815,6509.078803499004,15.571958860045463,148.51328806610238,6657.592091565106,0.0,6657.592091565106
816,6508.916363346784,15.57157024724111,148.12012022355793,6657.036483570342,0.0,6657.036483570342
817,6508.754901299033,15.5711839743996,147.7281105770559,6656.483011876089,0.0,6656.483011876089
818,6508.594404417776,15.570800010568842,147.33725787814882,6655.931662295925,0.0,6655.931662295925
819,6508.434859921393,15.570418325170795,146.94756079969108,6655.382420721084,0.0,6655.382420721084
820,6508.27625518357,15.570038887998972,146.55901793796312,6654.835273121534,0.0,6654.835273121534
821,6508.118577731635,15.569661669214439,146.17162781471907,6654.290205546354,0.0,6654.290205546354
822,6507.961815243549,15.569286639338634,145.7853888791593,6653.747204122708,0.0,6653.747204122708
823,6507.805955547746,15.56891376925298,145.40029950982972,6653.206255057576,0.0,6653.206255057576
824,6507.650986620867,15.568543030193462,145.0163580164494,6652.667344637316,0.0,6652.667344637316
825,6507.49689658524,15.568174393744595,144.6335626416692,6652.13045922691,0.0,6652.13045922691
826,6507.343673708326,15.567807831838099,144.25191156276304,6651.595585271089,0.0,6651.595585271089
827,6507.191306401037,15.567443316748893,143.8714028932548,6651.062709294291,0.0,6651.062709294291
828,6507.039783215483,15.567080821089673,143.49203468448266,6650.531817899966,0.0,6650.531817899966
829,6506.8890928435185,15.56672031780746,143.11380492710364,6650.002897770622,0.0,6650.002897770622
830,6506.739224115703,15.566361780181108,142.73671155254183,6649.475935668245,0.0,6649.475935668245
831,6506.590165999507,15.566005181817003,142.36075243438103,6648.950918433888,0.0,6648.950918433888
832,6506.44190759803,15.565650496646006,141.98592538970576,6648.427832987736,0.0,6648.427832987736
833,6506.294438147694,15.565297698917927,141.61222818039374,6647.906666328087,0.0,6647.906666328087
834,6506.147747018253,15.564946763201561,141.23965851436034,6647.387405532613,0.0,6647.387405532613
835,6506.001823709852,15.564597664377636,140.86821404676016,6646.870037756612,0.0,6646.870037756612
836,6505.85665785333,15.564250377639546,140.4978923811461,6646.354550234476,0.0,6646.354550234476
837,6505.71223920693,15.563904878485477,140.12869107058998,6645.84093027752,0.0,6645.84093027752
838,6505.5685576567885,15.563561142719589,139.760607618766,6645.329165275554,0.0,6645.329165275554
839,6505.425603214303,15.5632191464457,139.39363948100058,6644.819242695304,0.0,6644.819242695304
840,6505.283366015474,15.562878866065727,139.02778406528938,6644.311150080764,0.0,6644.311150080764
841,6505.1418363200155,15.562540278277549,138.66303873328565,6643.804875053301,0.0,6643.804875053301
842,6505.001004509038,15.562203360069468,138.2994008012601,6643.300405310298,0.0,6643.300405310298
843,6504.860861084254,15.561868088718311,137.93686754103618,6642.79772862529,0.0,6642.79772862529
844,6504.7213966678655,15.561534441789153,137.57543618090128,6642.296832848767,0.0,6642.296832848767
845,6504.582601999538,15.561202397128083,137.21510390649698,6641.797705906035,0.0,6641.797705906035
846,6504.444467936342,15.560871932862064,136.85586786168966,6641.300335798032,0.0,6641.300335798032
847,6504.306985451787,15.56054302739662,136.4977251494229,6640.80471060121,0.0,6640.80471060121
848,6504.170145633547,15.5602156594104,136.1406728325543,6640.310818466101,0.0,6640.310818466101
849,6504.0339396838,15.559889807855981,135.78470793467773,6639.818647618477,0.0,6639.818647618477
850,6503.898358916806,15.55956545195408,135.42982744093226,6639.328186357738,0.0,6639.328186357738
851,6503.763394758611,15.559242571192849,135.07602829880045,6638.839423057411,0.0,6638.839423057411
852,6503.629038745825,15.55892114532494,134.72330741889573,6638.35234616472,0.0,6638.35234616472
853,6503.495282524274,15.558601154364293,134.37166167574185,6637.866944200016,0.0,6637.866944200016
854,6503.3621178479,15.558282578583492,134.0210879085443,6637.383205756444,0.0,6637.383205756444
855,6503.229536578429,15.557965398512989,133.67158292195623,6636.901119500386,0.0,6636.901119500386
856,6503.097530683188,15.557649594935857,133.3231434868385,6636.420674170026,0.0,6636.420674170026
857,6502.966092235164,15.557335148887953,132.97576634101637,6635.9418585761805,0.0,6635.9418585761805
858,6502.835213411094,15.557022041653335,132.62944819003317,6635.464661601127,0.0,6635.464661601127
859,6502.7048864916105,15.556710254764619,132.2841857079015,6634.989072199512,0.0,6634.989072199512
860,6502.575103858715,15.556399769996926,131.93997553785425,6634.5150793965695,0.0,6634.5150793965695
861,6502.44585799564,15.55609056936756,131.59681429309464,6634.042672288734,0.0,6634.042672288734
862,6502.317141486448,15.555782635135044,131.25469855754767,6633.5718400439955,0.0,6633.5718400439955
863,6502.188947013616,15.555475949793339,130.91362488661244,6633.102571900228,0.0,6633.102571900228
864,6502.061267358484,15.555170496072927,130.57358980791744,6632.634857166401,0.0,6632.634857166401
865,6501.934095399377,15.55486625693631,130.23458982207836,6632.168685221455,0.0,6632.168685221455
866,6501.807424110956,15.55456321557645,129.89662140345982,6631.704045514416,0.0,6631.704045514416
867,6501.681246563597,15.554261355415303,129.55968100094165,6631.240927564539,0.0,6631.240927564539
868,6501.555555921928,15.553960660100307,129.2237650386899,6630.779320960618,0.0,6630.779320960618
869,6501.43034544437,15.553661113503278,128.88886991693414,6630.319215361304,0.0,6630.319215361304
870,6501.305608481867,15.553362699717386,128.55499201275055,6629.860600494618,0.0,6629.860600494618
871,6501.181338477339,15.553065403055834,128.2221276808523,6629.403466158191,0.0,6629.403466158191
872,6501.057528964513,15.552769208049074,127.8902732543875,6628.9478022189005,0.0,6628.9478022189005
873,6500.934173567141,15.552474099442922,127.55942504574477,6628.493598612886,0.0,6628.493598612886
874,6500.811265998467,15.55218006219729,127.22957934736847,6628.040845345836,0.0,6628.040845345836
875,6500.688800059968,15.551887081483178,126.90073243258185,6627.5895324925505,0.0,6627.5895324925505
876,6500.566769640425,15.551595142680442,126.57288055642125,6627.139650196847,0.0,6627.139650196847
877,6500.445168715842,15.551304231377612,126.24601995647973,6626.691188672321,0.0,6626.691188672321
878,6500.323991347555,15.551014333367357,125.92014685376185,6626.244138201318,0.0,6626.244138201318
879,6500.203231682468,15.550725434647052,125.59525745354982,6625.798489136017,0.0,6625.798489136017
880,6500.082883951707,15.550437521415567,125.27134794628154,6625.354231897989,0.0,6625.354231897989
881,6499.96294246992,15.550150580071579,124.94841450844075,6624.91135697836,0.0,6624.91135697836
882,6499.843401634204,15.549864597211016,124.62645330346048,6624.469854937664,0.0,6624.469854937664
883,6499.724255924682,15.549579559628427,124.30546048263948,6624.029716407322,0.0,6624.029716407322
884,6499.605499901645,15.549295454310156,123.98543218607273,6623.590932087718,0.0,6623.590932087718
885,6499.487128206782,15.549012268437277,123.66636454359629,6623.153492750378,0.0,6623.153492750378
886,6499.369135561523,15.548729989381634,123.34825367574689,6622.717389237269,0.0,6622.717389237269
887,6499.251516766133,15.548448604703667,123.03109569473678,6622.28261246087,0.0,6622.28261246087
888,6499.134266700149,15.548168102153467,122.71488670544448,6621.849153405594,0.0,6621.849153405594
889,6499.017380320223,15.547888469665606,122.3996228064216,6621.417003126645,0.0,6621.417003126645
890,6498.900852660884,15.547609695360967,122.0853000909163,6620.986152751801,0.0,6620.986152751801
891,6498.784678832871,15.547331767542753,121.77191464791393,6620.556593480785,0.0,6620.556593480785
892,6498.668854022866,15.547054674695852,121.45946256319493,6620.128316586061,0.0,6620.128316586061
893,6498.553373493243,15.546778405486227,121.14793992041065,6619.701313413654,0.0,6619.701313413654
894,6498.438232581164,15.546502948758766,120.83734280217743,6619.275575383342,0.0,6619.275575383342
895,6498.323426697336,15.546228293534297,120.52766729118935,6618.8510939885255,0.0,6618.8510939885255
896,6498.208951326953,15.545954429011848,120.21890947134938,6618.427860798302,0.0,6618.427860798302
897,6498.094802027952,15.545681344564478,119.9110654289205,6618.005867456873,0.0,6618.005867456873
898,6497.980974430744,15.545409029738622,119.60413125369533,6617.585105684439,0.0,6617.585105684439
899,6497.867464238189,15.545137474254041,119.29810304018622,6617.165567278375,0.0,6617.165567278375
900,6497.754267223952,15.544866667999885,118.9929768888347,6616.7472441127875,0.0,6616.7472441127875
901,6497.641379233023,15.544596601035941,118.68874890724109,6616.330128140265,0.0,6616.330128140265
902,6497.528796181743,15.544327263592686,118.38541521141431,6615.9142113931575,0.0,6615.9142113931575
903,6497.416514055254,15.544058646065201,118.08297192704163,6615.4994859822955,0.0,6615.4994859822955
904,6497.304528908908,15.543790739016526,117.78141519077889,6615.0859440996865,0.0,6615.0859440996865
905,6497.192836867213,15.543523533175152,117.48074115156051,6614.673578018774,0.0,6614.673578018774
906,6497.081434123037,15.543257019433103,117.1809459719298,6614.262380094967,0.0,6614.262380094967
907,6496.97031693809,15.542991188847106,116.88202582938901,6613.852342767479,0.0,6613.852342767479
908,6496.85948164107,15.542726032634137,116.58397691776885,6613.443458558839,0.0,6613.443458558839
909,6496.748924628573,15.54246154217362,116.28679544861757,6613.0357200771905,0.0,6613.0357200771905
910,6496.638642364016,15.542197709004823,115.99047765260865,6612.629120016624,0.0,6612.629120016624
911,6496.528631376959,15.541934524825262,115.69501978096704,6612.223651157927,0.0,6612.223651157927
912,6496.4188882639055,15.541671981492597,115.40041810691348,6611.819306370819,0.0,6611.819306370819
913,6496.309409685771,15.541410071018591,115.10666892712543,6611.416078612897,0.0,6611.416078612897
914,6496.20019236929,15.541148785572464,114.81376856321515,6611.013960932505,0.0,6611.013960932505
915,6496.091233106042,15.540888117478568,114.52171336322296,6610.612946469265,0.0,6610.612946469265
916,6495.982528751807,15.54062805921485,114.23049970312542,6610.213028454932,0.0,6610.213028454932
917,6495.874076225826,15.540368603411066,113.94012398835697,6609.814200214183,0.0,6609.814200214183
918,6495.765872510984,15.540109742849245,113.65058265534408,6609.416455166328,0.0,6609.416455166328
919,6495.65791465318,15.539851470462153,113.36187217305074,6609.019786826231,0.0,6609.019786826231
920,6495.550199760362,15.53959377933101,113.07398904453345,6608.624188804896,0.0,6608.624188804896
921,6495.442725002279,15.539336662684878,112.78692980850472,6608.229654810783,0.0,6608.229654810783
922,6495.335487610327,15.539080113900303,112.5006910409032,6607.83617865123,0.0,6607.83617865123
923,6495.228484876125,15.538824126497905,112.2152693564685,6607.443754232593,0.0,6607.443754232593
924,6495.121714151999,15.538568694143539,111.9306614103192,6607.052375562318,0.0,6607.052375562318
925,6495.015172849044,15.538313810643645,111.64686389953174,6606.662036748576,0.0,6606.662036748576
926,6494.908858437808,15.538059469946909,111.36387356471806,6606.272732002526,0.0,6606.272732002526
927,6494.802768446767,15.53780566614059,111.08168719159991,6605.8844556383665,0.0,6605.8844556383665
928,6494.696900461573,15.53755239344874,110.80030161257731,6605.497202074151,0.0,6605.497202074151
929,6494.591252125019,15.537299646232103,110.51971370828832,6605.110965833308,0.0,6605.110965833308
930,6494.485821135003,15.53704741898326,110.23992040915826,6604.725741544161,0.0,6604.725741544161
931,6494.38060524519,15.536795706328206,109.96091869693458,6604.341523942125,0.0,6604.341523942125
932,6494.275602262772,15.536544503020986,109.6827056062054,6603.9583078689775,0.0,6603.9583078689775
933,6494.170810048108,15.536293803942844,109.40527822589797,6603.576088274006,0.0,6603.576088274006
934,6494.066226513575,15.536043604099461,109.1286337007545,6603.194860214329,0.0,6603.194860214329
935,6493.961849623141,15.535793898619954,108.85276923278171,6602.814618855922,0.0,6602.814618855922
936,6493.857677389908,15.535544682750976,108.5776820826711,6602.435359472579,0.0,6602.435359472579
937,6493.753707876173,15.535295951856874,108.30336957118607,6602.05707744736,0.0,6602.05707744736
938,6493.649939191289,15.535047701414568,108.02982908051298,6601.6797682718025,0.0,6601.6797682718025
939,6493.546369491134,15.534799927012283,107.75705805557222,6601.303427546706,0.0,6601.303427546706
940,6493.442996976633,15.534552624346013,107.48505400528542,6600.928050981919,0.0,6600.928050981919
941,6493.339819891263,15.534305789213548,107.21381450379585,6600.553634395059,0.0,6600.553634395059
942,6493.236836521273,15.534059417515008,106.94333719163745,6600.180173712911,0.0,6600.180173712911
943,6493.134045192351,15.533813505244858,106.67361977684932,6599.8076649692,0.0,6599.8076649692
944,6493.031444269593,15.533568048491848,106.40466003603177,6599.436104305624,0.0,6599.436104305624
945,6492.929032155238,15.533323043433583,106.13645581534003,6599.065487970578,0.0,6599.065487970578
946,6492.826807285729,15.533078486329496,105.86900503141214,6598.695812317141,0.0,6598.695812317141
947,6492.724768132201,15.532834373522011,105.60230567222712,6598.3270738044275,0.0,6598.3270738044275
948,6492.622913196759,15.532590701427655,105.33635579788971,6597.959268994649,0.0,6597.959268994649
949,6492.521241011336,15.532347466534297,105.07115354133862,6597.592394552675,0.0,6597.592394552675
950,6492.4197501351455,15.532104665395085,104.80669710897418,6597.226447244119,0.0,6597.226447244119
951,6492.318439153976,15.531862294626738,104.54298478120234,6596.861423935178,0.0,6596.861423935178
952,6492.217306676401,15.53162035090048,104.28001491289179,6596.497321589292,0.0,6596.497321589292
953,6492.1163513326865,15.531378830939442,104.01778593374118,6596.134137266427,0.0,6596.134137266427
954,6492.015571772816,15.531137731513914,103.75629634855308,6595.771868121369,0.0,6595.771868121369
955,6491.914966663122,15.530897049433307,103.4955447374125,6595.410511400534,0.0,6595.410511400534
956,6491.814534685856,15.530656781545112,103.23552975576709,6595.050064441623,0.0,6595.050064441623
957,6491.714274534546,15.530416924723795,102.97625013440654,6594.690524668953,0.0,6594.690524668953
958,6491.6141849147125,15.530177475872518,102.71770467933969,6594.331889594052,0.0,6594.331889594052
959,6491.514264538755,15.529938431910898,102.4598922715667,6593.974156810322,0.0,6593.974156810322
960,6491.414512125335,15.52969978977353,102.20281186674535,6593.61732399208,0.0,6593.61732399208
961,6491.314926396715,15.529461546403624,101.94646249474987,6593.261388891465,0.0,6593.261388891465
962,6491.215506076463,15.529223698747519,101.69084325912125,6592.906349335583,0.0,6592.906349335583
963,6491.11624988686,15.528986243748468,101.4359533364086,6592.552203223268,0.0,6592.552203223268
964,6491.017156547055,15.528749178342236,101.18179197540086,6592.198948522456,0.0,6592.198948522456
965,6490.918224771196,15.528512499452622,100.92835849624905,6591.846583267445,0.0,6591.846583267445
966,6490.819453264918,15.528276203983056,100.6756522894793,6591.495105554397,0.0,6591.495105554397
967,6490.720840725228,15.528040288816335,100.42367281489716,6591.144513540125,0.0,6591.144513540125
968,6490.622385836183,15.527804750804265,100.17241960038426,6590.794805436567,0.0,6590.794805436567
969,6490.524087268803,15.52756958676747,99.92189224058875,6590.445979509392,0.0,6590.445979509392
970,6490.425943677566,15.527334793486999,99.67209039551092,6590.098034073077,0.0,6590.098034073077
971,6490.327953700185,15.527100367703794,99.42301378898628,6589.750967489172,0.0,6589.750967489172
972,6490.230115954175,15.526866306110467,99.17466220706844,6589.4047781612435,0.0,6589.4047781612435
973,6490.132429036037,15.526632605349372,98.92703549631422,6589.059464532352,0.0,6589.059464532352
974,6490.034891519492,15.526399262008354,98.6801335619744,6588.715025081467,0.0,6588.715025081467
975,6489.937501953596,15.52616627261626,98.43395636609324,6588.37145831969,0.0,6588.37145831969
976,6489.840258862148,15.525933633641504,98.18850392552051,6588.028762787669,0.0,6588.028762787669
977,6489.743160741166,15.525701341486045,97.94377630983999,6587.686937051007,0.0,6587.686937051007
978,6489.646206059159,15.525469392486027,97.69977363921875,6587.345979698378,0.0,6587.345979698378
979,6489.549393254353,15.525237782905151,97.45649608218172,6587.005889336535,0.0,6587.005889336535
980,6489.452720735082,15.525006508935602,97.21394385331601,6586.666664588398,0.0,6586.666664588398
981,6489.3561868783745,15.524775566694675,96.97211721091088,6586.328304089286,0.0,6586.328304089286
982,6489.259790029024,15.524544952222545,96.7310164545373,6585.990806483561,0.0,6585.990806483561
983,6489.1635284997155,15.524314661482572,96.49064192257354,6585.654170422289,0.0,6585.654170422289
984,6489.067400569491,15.524084690357634,96.25099398968209,6585.318394559173,0.0,6585.318394559173
985,6488.971404484502,15.52385503465192,96.01207306424313,6584.983477548745,0.0,6584.983477548745
986,6488.875538457077,15.5236256900887,95.77387958575119,6584.649418042828,0.0,6584.649418042828
987,6488.779800665961,15.523396652310913,95.53641402218032,6584.316214688141,0.0,6584.316214688141
988,6488.684189255811,15.523167916879931,95.2996768673237,6583.983866123135,0.0,6583.983866123135
989,6488.58870233814,15.522939479277847,95.0636686381144,6583.652370976254,0.0,6583.652370976254
990,6488.493337991542,15.522711334907996,94.82838987193254,6583.321727863475,0.0,6583.321727863475
991,6488.398094261111,15.522483479093566,94.59384112390521,6582.9919353850155,0.0,6582.9919353850155
992,6488.302969160178,15.522255907081766,94.36002296420524,6582.662992124383,0.0,6582.662992124383
993,6488.20796066985,15.522028614042704,94.12693597535463,6582.334896645205,0.0,6582.334896645205
994,6488.113066741382,15.521801595075075,93.8945807495383,6582.00764749092,0.0,6582.00764749092
995,6488.018285294432,15.52157484520199,93.6629578859343,6581.681243180366,0.0,6581.681243180366
996,6487.923614220907,15.52134835938016,93.4320679880657,6581.355682208973,0.0,6581.355682208973
997,6487.8290513839975,15.521122132497602,93.20191166117968,6581.0309630451775,0.0,6581.0309630451775
998,6487.734594620315,15.520896159378744,92.97248950965954,6580.707084129975,0.0,6580.707084129975
999,6487.640241740244,15.520670434785274,92.74380213447375,6580.3840438747175,0.0,6580.3840438747175
1000,6487.545990530301,15.520444953421773,92.51585013066816,6580.061840660969,0.0,6580.061840660969
1001,6487.451838753616,15.520219709936882,92.28863408490491,6579.740472838521,0.0,6579.740472838521
1002,6487.3577841524475,15.5199946989293,92.06215457305325,6579.419938725501,0.0,6579.419938725501
1003,6487.263824447813,15.519769914946922,91.83641215783581,6579.100236605649,0.0,6579.100236605649
1004,6487.16995734312,15.519545352495502,91.61140738653494,6578.781364729654,0.0,6578.781364729654
1005,6487.0761805246575,15.519321006039851,91.38714078876212,6578.463321313419,0.0,6578.463321313419
1006,6486.982491663624,15.51909687000867,91.16361287429406,6578.146104537918,0.0,6578.146104537918
1007,6486.888888417103,15.518872938796896,90.94082413097885,6577.829712548082,0.0,6577.829712548082
1008,6486.795368431025,15.518649206772787,90.71877502271445,6577.51414345374,0.0,6577.51414345374
1009,6486.701929340847,15.518425668279537,90.4974659875024,6577.199395328349,0.0,6577.199395328349
1010,6486.608568773612,15.51820231764022,90.27689743557895,6576.885466209191,0.0,6576.885466209191
1011,6486.515284350084,15.51797914916288,90.05706974762539,6576.572354097709,0.0,6576.572354097709
1012,6486.422073686007,15.517756157143557,89.83798327305942,6576.260056959067,0.0,6576.260056959067
1013,6486.328934394405,15.517533335871782,89.61963832840881,6575.948572722814,0.0,6575.948572722814
1014,6486.235864086335,15.51731067963238,89.40203519576863,6575.637899282104,0.0,6575.637899282104
1015,6486.142860374386,15.517088182713842,89.18517412134261,6575.328034495728,0.0,6575.328034495728
1016,6486.049920873031,15.516865839409164,88.96905531406945,6575.0189761871,0.0,6575.0189761871
1017,6485.9570432003475,15.51664364401997,88.75367894433445,6574.710722144682,0.0,6574.710722144682
1018,6485.864224980754,15.516421590863049,88.53904514276608,6574.40327012352,0.0,6574.40327012352
1019,6485.771463845762,15.516199674272158,88.32515399911799,6574.09661784488,0.0,6574.09661784488
1020,6485.678757435882,15.51597788860259,88.1120055612355,6573.790762997118,0.0,6573.790762997118
1021,6485.586103402741,15.515756228236222,87.89959983410637,6573.485703236847,0.0,6573.485703236847
1022,6485.493499410186,15.515534687584177,87.6879367789948,6573.181436189181,0.0,6573.181436189181
1023,6485.40094313484,15.515313261088135,87.47701631265775,6572.877959447498,0.0,6572.877959447498
1024,6485.308432270342,15.515091943230482,87.26683830664258,6572.575270576985,0.0,6572.575270576985
1025,6485.215964525904,15.514870728530871,87.05740258666424,6572.273367112569,0.0,6572.273367112569
1026,6485.1235376293835,15.51464961155355,86.84870893206113,6571.972246561445,0.0,6571.972246561445
1027,6485.0311493280915,15.51442858690931,86.6407570753274,6571.671906403419,0.0,6571.671906403419
1028,6484.938797390113,15.514207649258644,86.43354670172053,6571.372344091834,0.0,6571.372344091834
1029,6484.846479605636,15.513986793314919,86.22707744894164,6571.073557054578,0.0,6571.073557054578
1030,6484.754193788412,15.513766013847874,86.02134890688734,6570.775542695299,0.0,6570.775542695299
1031,6484.661937776685,15.513545305685849,85.81636061747031,6570.478298394155,0.0,6570.478298394155
1032,6484.569709433679,15.513324663716936,85.61211207450697,6570.181821508186,0.0,6570.181821508186
1033,6484.477506649569,15.513104082893705,85.40860272366997,6569.8861093732385,0.0,6569.8861093732385
1034,6484.3853273424875,15.512883558235616,85.20583196250297,6569.5911593049905,0.0,6569.5911593049905
1035,6484.293169458176,15.512663084828171,85.00379914049562,6569.296968598671,0.0,6569.296968598671
1036,6484.201030972774,15.512442657829602,84.80250355921642,6569.00353453199,0.0,6569.00353453199
1037,6484.10890989159,15.512222272467918,84.60194447250092,6568.710854364091,0.0,6568.710854364091
1038,6484.016804251478,15.512001924046597,84.40212108669297,6568.418925338171,0.0,6568.418925338171
1039,6483.924712120597,15.511781607944013,84.2030325609364,6568.127744681534,0.0,6568.127744681534
1040,6483.832631599639,15.511561319616362,84.00467800751554,6567.837309607155,0.0,6567.837309607155
1041,6483.7405608217,15.511341054597366,83.80705649224049,6567.5476173139405,0.0,6567.5476173139405
1042,6483.648497953907,15.51112080850217,83.61016703487692,6567.258664988784,0.0,6567.258664988784
1043,6483.556441196652,15.510900577025483,83.4140086096161,6566.970449806267,0.0,6566.970449806267
1044,6483.464388784736,15.510680355944345,83.21858014558399,6566.68296893032,0.0,6566.68296893032
1045,6483.372338987678,15.510460141118847,83.02388052738658,6566.396219515064,0.0,6566.396219515064
1046,6483.280290110487,15.510239928493988,82.82990859568937,6566.110198706177,0.0,6566.110198706177
1047,6483.188240492815,15.510019714097643,82.63666314782868,6565.824903640643,0.0,6565.824903640643
1048,6483.096188509984,15.509799494043024,82.44414293845247,6565.5403314484365,0.0,6565.5403314484365
1049,6483.004132573396,15.509579264529657,82.25234668018874,6565.256479253585,0.0,6565.256479253585
1050,6482.912071129635,15.509359021841231,82.06127304433919,6564.973344173974,0.0,6564.973344173974
1051,6482.820002662107,15.509138762349538,81.87092066159634,6564.690923323704,0.0,6564.690923323704
1052,6482.72792568963,15.508918482511076,81.68128812278175,6564.4092138124115,0.0,6564.4092138124115
1053,6482.635838767288,15.50869817886911,81.4923739796036,6564.128212746891,0.0,6564.128212746891
1054,6482.543740486635,15.50847784805415,81.30417674543193,6563.847917232067,0.0,6563.847917232067
1055,6482.45162947446,15.508257486781005,81.11669489608909,6563.568324370549,0.0,6563.568324370549
1056,6482.359504393996,15.508037091851664,80.92992687065455,6563.28943126465,0.0,6563.28943126465
1057,6482.26736394418,15.50781666015354,80.74387107228137,6563.011235016462,0.0,6563.011235016462
1058,6482.1752068597325,15.507596188659647,80.55852586902334,6562.733732728756,0.0,6562.733732728756
1059,6482.083031911016,15.50737567442827,80.37388959467125,6562.456921505687,0.0,6562.456921505687
1060,6481.990837903017,15.507155114600518,80.18996054959602,6562.180798452613,0.0,6562.180798452613
1061,6481.898623676435,15.506934506402954,80.00673700159817,6561.9053606780335,0.0,6561.9053606780335
1062,6481.806388107003,15.50671384714594,79.82421718676169,6561.630605293764,0.0,6561.630605293764
1063,6481.714130103936,15.506493134219944,79.6423993103109,6561.356529414247,0.0,6561.356529414247
1064,6481.62184861189,15.506272365100214,79.4612815474695,6561.083130159359,0.0,6561.083130159359
1065,6481.529542608483,15.506051537340868,79.28086204431997,6560.810404652803,0.0,6560.810404652803
1066,6481.437211105517,15.505830648577792,79.10113891866276,6560.53835002418,0.0,6560.53835002418
1067,6481.344853147898,15.505609696526072,78.9221102608738,6560.2669634087715,0.0,6560.2669634087715
1068,6481.252467812883,15.50538867897819,78.74377413475919,6559.996241947642,0.0,6559.996241947642
1069,6481.160054210885,15.505167593805947,78.56612857840669,6559.726182789292,0.0,6559.726182789292
1070,6481.067611484026,15.504946438957,78.38917160503229,6559.456783089058,0.0,6559.456783089058
1071,6480.975138805625,15.504725212453648,78.21290120382156,6559.188040009446,0.0,6559.188040009446
1072,6480.882635380981,15.504503912394691,78.03731534076474,6558.919950721745,0.0,6558.919950721745
1073,6480.790100445389,15.504282536950692,77.86241195948483,6558.652512404874,0.0,6558.652512404874
1074,6480.697533264833,15.504061084365627,77.68818898205795,6558.3857222468905,0.0,6558.3857222468905
1075,6480.60493313519,15.503839552954998,77.51464430982531,6558.119577445015,0.0,6558.119577445015
1076,6480.512299381255,15.50361794110348,77.34177582419622,6557.8540752054505,0.0,6557.8540752054505
1077,6480.419631357245,15.503396247266135,77.16958138744148,6557.589212744686,0.0,6557.589212744686
1078,6480.326928445187,15.503174469964563,76.9980588434767,6557.324987288664,0.0,6557.324987288664
1079,6480.234190055418,15.502952607788082,76.82720601863502,6557.061396074054,0.0,6557.061396074054
1080,6480.1414156256105,15.502730659391412,76.65702072242874,6556.798436348039,0.0,6556.798436348039
1081,6480.048604620295,15.50250862349353,76.48750074829971,6556.536105368595,0.0,6556.536105368595
1082,6479.955756530186,15.502286498876042,76.31864387435766,6556.2744004045435,0.0,6556.2744004045435
1083,6479.862870872428,15.502064284383799,76.15044786410665,6556.0133187365345,0.0,6556.0133187365345
1084,6479.769947189374,15.501841978921947,75.98291046715903,6555.752857656533,0.0,6555.752857656533
1085,6479.676985048053,15.501619581454673,75.81602941993658,6555.49301446799,0.0,6555.49301446799
1086,6479.5839840402605,15.501397091005408,75.6498024463592,6555.2337864866195,0.0,6555.2337864866195
1087,6479.490943781388,15.501174506654037,75.48422725851997,6554.975171039908,0.0,6554.975171039908
1088,6479.397863910646,15.500951827537431,75.31930155734746,6554.717165467994,0.0,6554.717165467994
1089,6479.304744089786,15.50072905284638,75.15502303325451,6554.45976712304,0.0,6554.45976712304
1090,6479.21158400343,15.500506181826388,74.99138936677352,6554.202973370204,0.0,6554.202973370204
1091,6479.118383357625,15.500283213774223,74.82839822917819,6553.946781586803,0.0,6553.946781586803
1092,6479.025141880283,15.500060148038953,74.66604728309184,6553.6911891633745,0.0,6553.6911891633745
1093,6478.9318593203025,15.499836984019863,74.50433418308204,6553.436193503385,0.0,6553.436193503385
1094,6478.838535447019,15.499613721165117,74.34325657624146,6553.181792023261,0.0,6553.181792023261
1095,6478.745170049553,15.499390358970222,74.18281210275545,6552.927982152309,0.0,6552.927982152309
1096,6478.651762937005,15.49916689697848,74.02299839645583,6552.67476133346,0.0,6552.67476133346
1097,6478.558313937082,15.498943334777708,73.86381308536123,6552.422127022443,0.0,6552.422127022443
1098,6478.464822896817,15.498719672001956,73.70525379220395,6552.170076689021,0.0,6552.170076689021
1099,6478.3712896809,15.498495908327513,73.54731813494352,6551.918607815844,0.0,6551.918607815844
1100,6478.27771417208,15.498272043473875,73.39000372726716,6551.667717899347,0.0,6551.667717899347
1101,6478.184096269958,15.498048077200856,73.23330817907664,6551.417404449035,0.0,6551.417404449035
1102,6478.090435891626,15.49782400931011,73.0772290969627,6551.1676649885885,0.0,6551.1676649885885
1103,6477.996732970321,15.497599839641918,72.92176408466617,6550.918497054988,0.0,6550.918497054988
1104,6477.902987454997,15.497375568074155,72.76691074352652,6550.669898198524,0.0,6550.669898198524
1105,6477.809199311181,15.497151194524356,72.61266667291804,6550.421865984099,0.0,6550.421865984099
1106,6477.7153685182375,15.496926718943152,72.4590294706731,6550.174397988911,0.0,6550.174397988911
1107,6477.621495071441,15.496702141319236,72.30599673349381,6549.927491804935,0.0,6549.927491804935
1108,6477.52757897994,15.496477461674496,72.15356605735116,6549.681145037291,0.0,6549.681145037291
1109,6477.433620267388,15.49625268006552,72.00173503787254,6549.43535530526,0.0,6549.43535530526
1110,6477.339618970375,15.496027796579845,71.85050127071752,6549.190120241093,0.0,6549.190120241093
1111,6477.245575139374,15.495802811338214,71.69986235194233,6548.945437491316,0.0,6548.945437491316
1112,6477.151488837446,15.495577724491497,71.54981587835276,6548.701304715799,0.0,6548.701304715799
1113,6477.057360140425,15.495352536221112,71.40035944784623,6548.457719588271,0.0,6548.457719588271
1114,6476.96318913589,15.49512724673658,71.25149065974314,6548.214679795634,0.0,6548.214679795634
1115,6476.868975923879,15.494901856277222,71.10320711510727,6547.972183038986,0.0,6547.972183038986
1116,6476.77472061576,15.494676365109473,70.95550641705599,6547.730227032816,0.0,6547.730227032816
1117,6476.680423333367,15.494450773524802,70.80838617106018,6547.488809504427,0.0,6547.488809504427
1118,6476.58608421059,15.494225081843517,70.66184398523421,6547.247928195825,0.0,6547.247928195825
1119,6476.49170339091,15.493999290408874,70.51587747061615,6547.007580861526,0.0,6547.007580861526
1120,6476.397281028546,15.493773399589823,70.37048424143832,6546.767765269984,0.0,6546.767765269984
1121,6476.302817286951,15.493547409777394,70.22566191538874,6546.528479202339,0.0,6546.528479202339
1122,6476.208312340195,15.493321321388027,70.08140811386313,6546.289720454059,0.0,6546.289720454059
1123,6476.113766371065,15.493095134859008,69.93772046220829,6546.051486833274,0.0,6546.051486833274
1124,6476.019179571516,15.492868850649561,69.79459658995664,6545.813776161473,0.0,6545.813776161473
1125,6475.924552142087,15.492642469239442,69.65203413105232,6545.57658627314,0.0,6545.57658627314
1126,6475.829884291921,15.492415991128999,69.51003072406905,6545.33991501599,0.0,6545.33991501599
1127,6475.735176238622,15.49218941683881,69.36858401241977,6545.103760251042,0.0,6545.103760251042
1128,6475.6404282075955,15.491962746908124,69.22769164455866,6544.868119852154,0.0,6544.868119852154
1129,6475.545640431607,15.491735981893797,69.08735127417525,6544.632991705783,0.0,6544.632991705783
1130,6475.450813151591,15.491509122372229,68.94756056038132,6544.398373711972,0.0,6544.398373711972
1131,6475.355946615294,15.49128216893611,68.80831716789034,6544.164263783184,0.0,6544.164263783184
1132,6475.261041077001,15.491055122193783,68.66961876718997,6543.930659844191,0.0,6543.930659844191
1133,6475.166096798775,15.490827982772188,68.53146303470763,6543.697559833482,0.0,6543.697559833482
1134,6475.071114048527,15.490600751312266,68.39384765296934,6543.464961701497,0.0,6543.464961701497
1135,6474.976093100326,15.49037342846968,68.25677031075226,6543.232863411078,0.0,6543.232863411078
1136,6474.881034234808,15.490146014915808,68.12022870323065,6543.001262938039,0.0,6543.001262938039
1137,6474.785937738314,15.489918511335679,67.98422053211594,6542.770158270429,0.0,6542.770158270429
1138,6474.690803902822,15.489690918427804,67.84874350579054,6542.539547408613,0.0,6542.539547408613
1139,6474.595633025969,15.489463236904232,67.71379533943626,6542.3094283654045,0.0,6542.3094283654045
1140,6474.500425410017,15.48923546748808,67.57937375515675,6542.079799165173,0.0,6542.079799165173
1141,6474.405181363511,15.48900761091749,67.44547648209465,6541.850657845605,0.0,6541.850657845605
1142,6474.3099011989125,15.488779667939982,67.31210125654349,6541.622002455456,0.0,6541.622002455456
1143,6474.214585233434,15.488551639314435,67.17924582205428,6541.393831055489,0.0,6541.393831055489
1144,6474.119233789808,15.48832352581294,67.04690792953738,6541.166141719345,0.0,6541.166141719345
1145,6474.023847193946,15.48809532821518,66.91508533735922,6540.938932531305,0.0,6540.938932531305
1146,6473.928425776701,15.487867047312683,66.78377581143461,6540.712201588136,0.0,6540.712201588136
1147,6473.832969872621,15.487638683905793,66.65297712531441,6540.485946997936,0.0,6540.485946997936
1148,6473.737479820833,15.48741023880582,66.52268706026878,6540.260166881102,0.0,6540.260166881102
1149,6473.6419559633405,15.487181712830958,66.39290340536618,6540.034859368707,0.0,6540.034859368707
1150,6473.546398646239,15.486953106809185,66.26362395754829,6539.810022603788,0.0,6539.810022603788
1151,6473.450808218934,15.486724421576398,66.13484652170088,6539.585654740635,0.0,6539.585654740635
1152,6473.355185034097,15.48649565797631,66.0065689107208,6539.361753944818,0.0,6539.361753944818
1153,6473.25952944758,15.486266816860239,65.87878894557936,6539.138318393159,0.0,6539.138318393159
1154,6473.163841818447,15.486037899087194,65.75150445538183,6538.915346273829,0.0,6538.915346273829
1155,6473.068122508297,15.485808905522243,65.62471327742371,6538.6928357857205,0.0,6538.6928357857205
1156,6472.972371882098,15.485579837038511,65.49841325724339,6538.470785139341,0.0,6538.470785139341
1157,6472.876590306797,15.485350694513869,65.3726022486717,6538.249192555469,0.0,6538.249192555469
1158,6472.780778152326,15.485121478833316,65.2472781138781,6538.028056266204,0.0,6538.028056266204
1159,6472.684935790519,15.48489219088641,65.12243872341399,6537.807374513934,0.0,6537.807374513934
1160,6472.589063596237,15.484662831569945,64.99808195625289,6537.587145552489,0.0,6537.587145552489
1161,6472.493161946321,15.484433401785457,64.87420569982785,6537.367367646149,0.0,6537.367367646149
1162,6472.397231218824,15.484203902437379,64.75080785006602,6537.14803906889,0.0,6537.14803906889
1163,6472.301271794628,15.483974334436908,64.62788631142067,6536.929158106048,0.0,6536.929158106048
1164,6472.205284056326,15.483744698699343,64.50543899690038,6536.710723053226,0.0,6536.710723053226
1165,6472.109268388391,15.483514996144475,64.38346382809596,6536.492732216487,0.0,6536.492732216487
1166,6472.013225176562,15.483285227695124,64.26195873520486,6536.275183911766,0.0,6536.275183911766
1167,6471.917154808666,15.483055394279106,64.1409216570532,6536.058076465719,0.0,6536.058076465719
1168,6471.821057673053,15.482825496825484,64.02035054111568,6535.841408214168,0.0,6535.841408214168
1169,6471.724934160554,15.482595536269267,63.900243343533106,6535.625177504087,0.0,6535.625177504087
1170,6471.628784662895,15.482365513547595,63.780598029128015,6535.4093826920225,0.0,6535.4093826920225
1171,6471.532609572432,15.48213542959912,63.6614125714182,6535.194022143851,0.0,6535.194022143851
1172,6471.436409283537,15.481905285367313,63.54268495262822,6534.979094236165,0.0,6534.979094236165
1173,6471.3401841912455,15.481675081797238,63.424413163699114,6534.764597354944,0.0,6534.764597354944
1174,6471.243934691595,15.481444819836353,63.30659520429619,6534.5505298958915,0.0,6534.5505298958915
1175,6471.14766118105,15.481214500433135,63.1892290828152,6534.336890263866,0.0,6534.336890263866
1176,6471.051364057509,15.480984124539495,63.072312816386706,6534.123676873895,0.0,6534.123676873895
1177,6470.955043719233,15.480753693108213,62.95584443087877,6533.9108881501115,0.0,6533.9108881501115
1178,6470.858700565566,15.480523207094656,62.83982196089826,6533.698522526464,0.0,6533.698522526464
1179,6470.762334996043,15.480292667454648,62.724243449790464,6533.486578445833,0.0,6533.486578445833
1180,6470.665947410815,15.48006207514549,62.60910694963722,6533.275054360452,0.0,6533.275054360452
1181,6470.569538210546,15.479831431125708,62.494410521253904,6533.063948731799,0.0,6533.063948731799
1182,6470.473107796197,15.479600736354538,62.38015223418464,6532.8532600303815,0.0,6532.8532600303815
1183,6470.376656569443,15.479369991792927,62.2663301666966,6532.642986736139,0.0,6532.642986736139
1184,6470.280184931564,15.47913919840087,62.152942405772734,6532.433127337336,0.0,6532.433127337336
1185,6470.183693284688,15.478908357140403,62.039987047103594,6532.223680331792,0.0,6532.223680331792
1186,6470.0871820308275,15.478677468973272,61.927462195077624,6532.014644225905,0.0,6532.014644225905
1187,6469.99065157183,15.478446534860838,61.81536596277066,6531.806017534601,0.0,6531.806017534601
1188,6469.8941023104535,15.478215555766635,61.703696471934165,6531.597798782388,0.0,6531.597798782388
1189,6469.797534648338,15.477984532651526,61.59245185298242,6531.389986501321,0.0,6531.389986501321
1190,6469.700948987884,15.477753466478191,61.481630244978845,6531.182579232863,0.0,6531.182579232863
1191,6469.604345731213,15.477522358208642,61.37122979562125,6530.975575526833,0.0,6530.975575526833
1192,6469.507725279927,15.477291208803654,61.26124866122608,6530.7689739411535,0.0,6530.7689739411535
1193,6469.411088035926,15.477060019224703,61.151685006712036,6530.562773042638,0.0,6530.562773042638
1194,6469.314434400538,15.476828790431908,61.042537005582616,6530.3569714061205,0.0,6530.3569714061205
1195,6469.217764774837,15.476597523384777,60.93380283990783,6530.151567614745,0.0,6530.151567614745
1196,6469.121079559929,15.476366219042893,60.825480700305306,6529.946560260234,0.0,6529.946560260234
1197,6469.024379155893,15.47613487836338,60.71756878592048,6529.741947941814,0.0,6529.741947941814
1198,6468.927663962947,15.475903502303701,60.61006530440607,6529.537729267353,0.0,6529.537729267353
1199,6468.8309343805195,15.475672091819424,60.50296847190101,6529.333902852421,0.0,6529.333902852421
1200,6468.734190807513,15.475440647864865,60.39627651300851,6529.130467320521,0.0,6529.130467320521
1201,6468.637433643011,15.475209171394763,60.28998766077355,6528.927421303784,0.0,6528.927421303784
1202,6468.540663284573,15.474977663360223,60.184100156659895,6528.724763441233,0.0,6528.724763441233
1203,6468.443880129484,15.474746124711684,60.0786122505263,6528.52249238001,0.0,6528.52249238001
1204,6468.347084574694,15.47451455639879,59.97352220060232,6528.320606775296,0.0,6528.320606775296
1205,6468.250277015919,15.474282959368228,59.8688282734635,6528.119105289383,0.0,6528.119105289383
1206,6468.153457848796,15.474051334566498,59.764528744006064,6527.917986592803,0.0,6527.917986592803
1207,6468.056627467673,15.473819682937016,59.66062189542119,6527.717249363094,0.0,6527.717249363094
1208,6467.959786266698,15.473588005422721,59.557106019168685,6527.516892285867,0.0,6527.516892285867
1209,6467.862934638462,15.473356302962829,59.45397941495025,6527.316914053413,0.0,6527.316914053413
1210,6467.766072975353,15.47312457649606,59.35124039068249,6527.117313366036,0.0,6527.117313366036
1211,6467.669201668571,15.472892826958304,59.24888726246916,6526.91808893104,0.0,6526.91808893104
1212,6467.572321108764,15.472661055284124,59.146918354573415,6526.7192394633375,0.0,6526.7192394633375
1213,6467.475431685186,15.47242926240475,59.04533199938945,6526.520763684575,0.0,6526.520763684575
1214,6467.378533786642,15.47219744925034,58.94412653741375,6526.3226603240555,0.0,6526.3226603240555
1215,6467.281627800508,15.471965616747628,58.84330031721628,6526.124928117724,0.0,6526.124928117724
1216,6467.184714113511,15.471733765821797,58.74285169541107,6525.927565808923,0.0,6525.927565808923
1217,6467.08779311145,15.471501897395813,58.64277903662654,6525.730572148077,0.0,6525.730572148077
1218,6466.990865178433,15.471270012388596,58.54308071347579,6525.533945891909,0.0,6525.533945891909
1219,6466.893930698447,15.471038111718771,58.44375510652629,6525.337685804973,0.0,6525.337685804973
1220,6466.796990053431,15.470806196300074,58.34480060426947,6525.1417906577,0.0,6525.1417906577
1221,6466.700043625036,15.470574267045542,58.24621560309013,6524.946259228126,0.0,6524.946259228126
1222,6466.6030917934295,15.470342324864664,58.147998507235464,6524.751090300665,0.0,6524.751090300665
1223,6466.506134937448,15.470110370663752,58.05014772878408,6524.556282666233,0.0,6524.556282666233
1224,6466.409173434867,15.469878405346572,57.95266168761451,6524.361835122481,0.0,6524.361835122481
1225,6466.312207662825,15.469646429815372,57.85553881137382,6524.167746474199,0.0,6524.167746474199
1226,6466.215237996509,15.469414444967725,57.75877753544596,6523.974015531955,0.0,6523.974015531955
1227,6466.1182648099675,15.469182451698487,57.66237630291988,6523.780641112888,0.0,6523.780641112888
1228,6466.021288476682,15.468950450901152,57.56633356455745,6523.587622041239,0.0,6523.587622041239
1229,6465.924309367928,15.468718443463942,57.47064777876152,6523.394957146689,0.0,6523.394957146689
1230,6465.82732785448,15.468486430273876,57.37531741154339,6523.202645266024,0.0,6523.202645266024
1231,6465.73034430557,15.468254412214282,57.280340936490646,6523.01068524206,0.0,6523.01068524206
1232,6465.633359088857,15.46802239016473,57.18571683473448,6522.819075923591,0.0,6522.819075923591
1233,6465.536372571142,15.467790365002733,57.091443594917095,6522.627816166059,0.0,6522.627816166059
1234,6465.439385117565,15.46755833760183,56.99751971315908,6522.4369048307235,0.0,6522.4369048307235
1235,6465.3423970918875,15.467326308832266,56.90394369302649,6522.246340784914,0.0,6522.246340784914
1236,6465.245408856754,15.467094279561612,56.81071404549806,6522.056122902251,0.0,6522.056122902251
1237,6465.1484207733265,15.466862250653891,56.71782928893215,6521.866250062259,0.0,6521.866250062259
1238,6465.0514332013,15.466630222969616,56.62528794903386,6521.676721150334,0.0,6521.676721150334
1239,6464.9544464992805,15.4663981973667,56.53308855882184,6521.487535058102,0.0,6521.487535058102
1240,6464.857461023815,15.466166174698122,56.441229658595226,6521.29869068241,0.0,6521.29869068241
1241,6464.76047713051,15.465934155814617,56.34970979590048,6521.11018692641,0.0,6521.11018692641
1242,6464.663495173612,15.465702141563666,56.258527525498195,6520.92202269911,0.0,6520.92202269911
1243,6464.566515505814,15.46547013278903,56.16768140932989,6520.734196915144,0.0,6520.734196915144
1244,6464.469538478076,15.465238130330325,56.07717001648471,6520.546708494561,0.0,6520.546708494561
1245,6464.372564440145,15.46500613502427,55.98699192316626,6520.359556363311,0.0,6520.359556363311
1246,6464.27559374036,15.46477414770421,55.89714571265928,6520.172739453019,0.0,6520.172739453019
1247,6464.1786267253965,15.464542169199513,55.80762997529642,6519.986256700693,0.0,6519.986256700693
1248,6464.081663740537,15.464310200336213,55.718443308424916,6519.800107048962,0.0,6519.800107048962
1249,6463.984705129285,15.46407824193609,55.62958431637345,6519.614289445659,0.0,6519.614289445659
1250,6463.8877512341915,15.463846294818639,55.541051610418805,6519.42880284461,0.0,6519.42880284461
1251,6463.790802395724,15.463614359798383,55.45284380875266,6519.243646204477,0.0,6519.243646204477
1252,6463.693858953264,15.463382437687233,55.36495953644845,6519.058818489712,0.0,6519.058818489712
1253,6463.596921244253,15.463150529292472,55.27739742542816,6518.874318669681,0.0,6518.874318669681
1254,6463.49998960485,15.462918635418301,55.190156114429115,6518.69014571928,0.0,6518.69014571928
1255,6463.403064369726,15.462686756865374,55.103234248971056,6518.506298618697,0.0,6518.506298618697
1256,6463.306145871518,15.46245489442947,55.016630481322906,6518.322776352841,0.0,6518.322776352841
1257,6463.209234442024,15.462223048904365,54.93034347046981,6518.139577912494,0.0,6518.139577912494
1258,6463.112330410737,15.461991221078318,54.844371882080225,6517.956702292817,0.0,6517.956702292817
1259,6463.015434106157,15.461759411737217,54.75871438847295,6517.77414849463,0.0,6517.77414849463
1260,6462.918545854638,15.461527621661814,54.67336966858427,6517.591915523222,0.0,6517.591915523222
1261,6462.821665981512,15.46129585163041,54.58833640793516,6517.410002389447,0.0,6517.410002389447
1262,6462.724794810129,15.461064102416577,54.50361329859854,6517.228408108728,0.0,6517.228408108728
1263,6462.627932662427,15.460832374790495,54.419199039166664,6517.047131701594,0.0,6517.047131701594
1264,6462.531079858745,15.460600669518529,54.3350923347184,6516.866172193463,0.0,6516.866172193463
1265,6462.434236717616,15.460368987362717,54.25129189678684,6516.685528614403,0.0,6516.685528614403
1266,6462.337403556116,15.460137329081618,54.16779644332675,6516.505199999443,0.0,6516.505199999443
1267,6462.240580689601,15.459905695429669,54.08460469868218,6516.325185388284,0.0,6516.325185388284
1268,6462.143768431907,15.459674087157673,54.00171539355427,6516.145483825461,0.0,6516.145483825461
1269,6462.046967095148,15.459442505012316,53.919127264968914,6515.966094360117,0.0,6515.966094360117
1270,6461.950176989978,15.45921094973679,53.83683905624469,6515.787016046223,0.0,6515.787016046223
1271,6461.853398425173,15.45897942206979,53.75484951696083,6515.608247942134,0.0,6515.608247942134
1272,6461.756631708059,15.458747922746554,53.67315740292524,6515.4297891109845,0.0,6515.4297891109845
1273,6461.65987714413,15.45851645249792,53.59176147614262,6515.251638620273,0.0,6515.251638620273
1274,6461.563135037575,15.458285012051615,53.51066050478274,6515.073795542358,0.0,6515.073795542358
1275,6461.466405690347,15.458053602130017,53.42985326314871,6514.896258953495,0.0,6514.896258953495
1276,6461.369689403296,15.457822223452862,53.349338531645486,6514.719027934942,0.0,6514.719027934942
1277,6461.272986475641,15.457590876735983,53.269115096748266,6514.54210157239,0.0,6514.54210157239
1278,6461.1762972044735,15.457359562690128,53.18918175097126,6514.365478955445,0.0,6514.365478955445
1279,6461.079621885433,15.457128282022566,53.10953729283632,6514.18915917827,0.0,6514.18915917827
1280,6460.982960812764,15.456897035437233,53.03018052684179,6514.013141339606,0.0,6514.013141339606
1281,6460.886314278621,15.456665823633065,52.951110263431424,6513.837424542053,0.0,6513.837424542053
1282,6460.789682574074,15.456434647306397,52.87232531896349,6513.662007893037,0.0,6513.662007893037
1283,6460.69306598768,15.45620350714756,52.793824515679866,6513.48689050336,0.0,6513.48689050336
1284,6460.596464807051,15.455972403844621,52.715606681675325,6513.312071488726,0.0,6513.312071488726
1285,6460.499879317953,15.455741338081227,52.63767065086689,6513.13754996882,0.0,6513.13754996882
1286,6460.403309804233,15.455510310536441,52.560015262963304,6512.963325067196,0.0,6512.963325067196
1287,6460.306756548303,15.455279321885893,52.4826393634347,6512.789395911738,0.0,6512.789395911738
1288,6460.210219831063,15.455048372801587,52.40554180348223,6512.615761634545,0.0,6512.615761634545
1289,6460.113699931384,15.454817463950679,52.328721440007925,6512.442421371392,0.0,6512.442421371392
1290,6460.017197126623,15.454586595996705,52.25217713558462,6512.269374262208,0.0,6512.269374262208
1291,6459.920711692292,15.454355769598784,52.17590775842606,6512.096619450717,0.0,6512.096619450717
1292,6459.824243902628,15.454124985412985,52.099912182357016,6511.924156084985,0.0,6511.924156084985
1293,6459.727794029757,15.453894244090328,52.02418928678366,6511.751983316541,0.0,6511.751983316541
1294,6459.631362344631,15.453663546279023,51.94873795666388,6511.580100301295,0.0,6511.580100301295
1295,6459.534949115657,15.453432892621189,51.873557082477866,6511.408506198134,0.0,6511.408506198134
1296,6459.438554610836,15.453202283757982,51.79864556019882,6511.237200171035,0.0,6511.237200171035
1297,6459.342179095338,15.452971720323776,51.72400229126368,6511.066181386602,0.0,6511.066181386602
1298,6459.245822833223,15.452741202950294,51.64962618254396,6510.895449015768,0.0,6510.895449015768
1299,6459.149486086736,15.45251073226492,51.57551614631692,6510.725002233053,0.0,6510.725002233053
1300,6459.053169116589,15.45228030889136,51.50167110023658,6510.554840216825,0.0,6510.554840216825
1301,6458.956872181703,15.45204993344905,51.42808996730507,6510.384962149008,0.0,6510.384962149008
1302,6458.860595539246,15.45181960655322,51.35477167584401,6510.21536721509,0.0,6510.21536721509
1303,6458.76433944474,15.451589328815166,51.28171515946601,6510.046054604206,0.0,6510.046054604206
1304,6458.668104152277,15.451359100842767,51.20891935704628,6509.877023509323,0.0,6509.877023509323
1305,6458.57188991419,15.45112892323969,51.136383212694525,6509.708273126885,0.0,6509.708273126885
1306,6458.475696980923,15.45089879660508,51.06410567572672,6509.53980265665,0.0,6509.53980265665
1307,6458.379525601325,15.45066872153427,50.992085700637126,6509.371611301963,0.0,6509.371611301963
1308,6458.28337602286,15.450438698619282,50.92032224707057,6509.20369826993,0.0,6509.20369826993
1309,6458.187248490899,15.450208728447127,50.84881427979458,6509.036062770693,0.0,6509.036062770693
1310,6458.091143249547,15.449978811601786,50.77756076867183,6508.8687040182185,0.0,6508.8687040182185
1311,6457.995060540914,15.449748948662474,50.70656068863273,6508.701621229547,0.0,6508.701621229547
1312,6457.899000605858,15.449519140205403,50.635813019647955,6508.534813625506,0.0,6508.534813625506
1313,6457.802963683322,15.449289386802205,50.56531674670137,6508.368280430023,0.0,6508.368280430023
1314,6457.706950010157,15.449059689019514,50.49507085976284,6508.20202086992,0.0,6508.20202086992
1315,6457.610959822501,15.448830047422252,50.42507435376126,6508.036034176263,0.0,6508.036034176263
1316,6457.51499335414,15.448600462569713,50.35532622855782,6507.870319582697,0.0,6507.870319582697
1317,6457.419050837443,15.448370935017806,50.28582548891917,6507.704876326362,0.0,6507.704876326362
1318,6457.323132503326,15.448141465318962,50.21657114449093,6507.539703647817,0.0,6507.539703647817
1319,6457.227238580371,15.447912054020026,50.1475622097712,6507.374800790142,0.0,6507.374800790142
1320,6457.131369296378,15.447682701665975,50.07879770408424,6507.210167000462,0.0,6507.210167000462
1321,6457.0355248771675,15.44745340879705,50.010276651554264,6507.045801528722,0.0,6507.045801528722
1322,6456.939705546576,15.447224175948747,49.94199808107936,6506.881703627655,0.0,6506.881703627655
1323,6456.843911527488,15.446995003654276,49.87396102630559,6506.717872553793,0.0,6506.717872553793
1324,6456.748143040282,15.446765892440867,49.80616452560112,6506.554307565883,0.0,6506.554307565883
1325,6456.652400304514,15.446536842833765,49.73860762203053,6506.391007926545,0.0,6506.391007926545
1326,6456.556683537792,15.44630785535357,49.6712893633293,6506.227972901122,0.0,6506.227972901122
1327,6456.460992955999,15.446078930516745,49.60420880187833,6506.065201757878,0.0,6506.065201757878
1328,6456.365328773747,15.445850068836716,49.537364994678626,6505.902693768426,0.0,6505.902693768426
1329,6456.269691203324,15.44562127082135,49.470757003326185,6505.74044820665,0.0,6505.74044820665
1330,6456.17408045624,15.44539253697665,49.404383893986825,6505.578464350227,0.0,6505.578464350227
1331,6456.078496741748,15.445163867803224,49.33824473737131,6505.416741479119,0.0,6505.416741479119
1332,6455.9829402681025,15.44493526379929,49.27233860871059,6505.2552788768135,0.0,6505.2552788768135
1333,6455.8874112411395,15.444706725457271,49.20666458773105,6505.094075828871,0.0,6505.094075828871
1334,6455.791909866028,15.44447825326801,49.14122175862997,6504.933131624658,0.0,6504.933131624658
1335,6455.696436345628,15.444249847716813,49.07600921005113,6504.772445555679,0.0,6504.772445555679
1336,6455.600990881467,15.444021509285806,49.01102603506048,6504.612016916527,0.0,6504.612016916527
1337,6455.505573673392,15.443793238453091,48.94627133112196,6504.451845004514,0.0,6504.451845004514
1338,6455.410184919778,15.443565035693249,48.88174420007343,6504.291929119851,0.0,6504.291929119851
1339,6455.314824817151,15.443336901476437,48.817443748102754,6504.132268565254,0.0,6504.132268565254
1340,6455.219493561022,15.443108836270389,48.75336908572401,6503.972862646747,0.0,6503.972862646747
1341,6455.124191344641,15.442880840537418,48.68951932775378,6503.813710672395,0.0,6503.813710672395
1342,6455.028918360342,15.44265291473766,48.625893593287586,6503.654811953629,0.0,6503.654811953629
1343,6454.933674798022,15.442425059325412,48.56249100567646,6503.496165803699,0.0,6503.496165803699
1344,6454.83846084721,15.44219727475409,48.49931069250364,6503.337771539714,0.0,6503.337771539714
1345,6454.743276694409,15.441969561469879,48.43635178556137,6503.179628479971,0.0,6503.179628479971
1346,6454.648122525938,15.441741919918512,48.373613420827795,6503.021735946765,0.0,6503.021735946765
1347,6454.552998525529,15.441514350539542,48.31109473844404,6502.864093263973,0.0,6502.864093263973
1348,6454.457904876125,15.441286853770634,48.24879488269141,6502.706699758816,0.0,6502.706699758816
1349,6454.362841758488,15.441059430044229,48.18671300196865,6502.549554760456,0.0,6502.549554760456
1350,6454.26780935234,15.440832079790287,48.12484824876929,6502.392657601109,0.0,6502.392657601109
1351,6454.172807835458,15.44060480343411,48.063199779659314,6502.236007615117,0.0,6502.236007615117
1352,6454.0778373845615,15.440377601398472,48.001766755254714,6502.079604139816,0.0,6502.079604139816
1353,6453.98289817421,15.440150474100982,47.9405483401993,6501.92344651441,0.0,6501.92344651441
1354,6453.887990377956,15.439923421956832,47.879543703142524,6501.767534081098,0.0,6501.767534081098
1355,6453.793114167536,15.439696445376882,47.8187520167176,6501.611866184254,0.0,6501.611866184254
1356,6453.698269713192,15.439469544768402,47.75817245751956,6501.456442170711,0.0,6501.456442170711
1357,6453.60345718403,15.439242720535956,47.69780420608346,6501.301261390114,0.0,6501.301261390114
1358,6453.508676746966,15.439015973078865,47.63764644686286,6501.146323193829,0.0,6501.146323193829
1359,6453.413928567999,15.438789302794257,47.57769836820815,6500.9916269362075,0.0,6500.9916269362075
1360,6453.319212811309,15.438562710074901,47.517959162345306,6500.837171973654,0.0,6500.837171973654
1361,6453.224529639421,15.43833619530962,47.45842802535443,6500.682957664776,0.0,6500.682957664776
1362,6453.12987921395,15.438109758885046,47.39910415714874,6500.528983371099,0.0,6500.528983371099
1363,6453.03526169456,15.437883401183159,47.33998676145339,6500.375248456014,0.0,6500.375248456014
1364,6452.940677239467,15.437657122582456,47.281075045784576,6500.221752285252,0.0,6500.221752285252
1365,6452.8461260056465,15.437430923458484,47.222368221428695,6500.0684942270755,0.0,6500.0684942270755
1366,6452.75160814795,15.437204804181698,47.16386550342168,6499.915473651372,0.0,6499.915473651372
1367,6452.657123820696,15.436978765121282,47.105566110528265,6499.7626899312245,0.0,6499.7626899312245
1368,6452.562673176302,15.436752806641872,47.047469265221636,6499.610142441524,0.0,6499.610142441524
1369,6452.468256365173,15.436526929103286,46.989574193662975,6499.457830558837,0.0,6499.457830558837
1370,6452.37387353699,15.436301132863612,46.93188012568121,6499.305753662671,0.0,6499.305753662671
1371,6452.279524839979,15.436075418277461,46.874386294752895,6499.153911134732,0.0,6499.153911134732
1372,6452.185210420686,15.435849785695423,46.81709193798213,6499.002302358668,0.0,6499.002302358668
1373,6452.090930423696,15.435624235463386,46.759996296080566,6498.850926719776,0.0,6498.850926719776
1374,6451.996684993021,15.435398767925887,46.70309861334773,6498.699783606368,0.0,6498.699783606368
1375,6451.9024742710735,15.43517338342362,46.64639813765121,6498.5488724087245,0.0,6498.5488724087245
1376,6451.808298398101,15.434948082292108,46.58989412040708,6498.398192518508,0.0,6498.398192518508
1377,6451.714157513847,15.434722864865662,46.5335858165604,6498.2477433304075,0.0,6498.2477433304075
1378,6451.62005175597,15.434497731473613,46.477472484565794,6498.097524240536,0.0,6498.097524240536
1379,6451.525981261111,15.434272682442849,46.42155338636826,6497.947534647479,0.0,6497.947534647479
1380,6451.4319461646255,15.43404771809719,46.365827787383935,6497.797773952009,0.0,6497.797773952009
1381,6451.337946599687,15.433822838755232,46.310294956481016,6497.648241556168,0.0,6497.648241556168
1382,6451.243982698645,15.4335980447336,46.254954165960854,6497.498936864606,0.0,6497.498936864606
1383,6451.150054592797,15.433373336346403,46.19980469153905,6497.349859284335,0.0,6497.349859284335
1384,6451.056162411239,15.433148713902485,46.144845812326764,6497.201008223566,0.0,6497.201008223566
1385,6450.96230628218,15.432924177708564,46.09007681081203,6497.052383092992,0.0,6497.052383092992
1386,6450.8684863321505,15.432699728067346,46.03549697284124,6496.903983304992,0.0,6496.903983304992
1387,6450.774702686986,15.43247536527987,45.98110558760072,6496.755808274586,0.0,6496.755808274586
1388,6450.680955470114,15.43225108964142,45.92690194759834,6496.607857417713,0.0,6496.607857417713
1389,6450.5872448042,15.432026901445454,45.872885348645404,6496.4601301528455,0.0,6496.4601301528455
1390,6450.493570810497,15.43180280098205,45.819055089838386,6496.312625900335,0.0,6496.312625900335
1391,6450.399933608902,15.431578788538042,45.76541047354104,6496.165344082443,0.0,6496.165344082443
1392,6450.306333317908,15.431354864396909,45.71195080536639,6496.0182841232745,0.0,6496.0182841232745
1393,6450.212770054731,15.431131028839069,45.658675394158934,6495.87144544889,0.0,6495.87144544889
1394,6450.119243935044,15.430907282141254,45.60558355197696,6495.724827487022,0.0,6495.724827487022
1395,6450.025755073228,15.4306836245771,45.5526745940749,6495.578429667303,0.0,6495.578429667303
1396,6449.932303582713,15.430460056417973,45.49994783888582,6495.432251421598,0.0,6495.432251421598
1397,6449.838889574921,15.430236577930433,45.44740260800394,6495.2862921829255,0.0,6495.2862921829255
1398,6449.745513160678,15.430013189379611,45.39503822616748,6495.140551386845,0.0,6495.140551386845
1399,6449.652174448931,15.42978989102615,45.34285402124122,6494.995028470172,0.0,6494.995028470172
1400,6449.558873547476,15.429566683127932,45.290849324199584,6494.849722871675,0.0,6494.849722871675
1401,6449.4656105630465,15.429343565940302,45.239023469109455,6494.704634032156,0.0,6494.704634032156
1402,6449.372385600552,15.429120539714239,45.18737579311335,6494.559761393665,0.0,6494.559761393665
1403,6449.279198764121,15.428897604698856,45.13590563641253,6494.415104400534,0.0,6494.415104400534
1404,6449.186050156274,15.428674761139412,45.08461234225028,6494.270662498525,0.0,6494.270662498525
1405,6449.092939878419,15.428452009278514,45.03349525689528,6494.126435135315,0.0,6494.126435135315
1406,6448.999868030649,15.42822934935562,44.98255372962503,6493.982421760274,0.0,6493.982421760274
1407,6448.906834711722,15.42800678160699,44.93178711270944,6493.838621824431,0.0,6493.838621824431
1408,6448.813840018873,15.427784306265245,44.88119476139446,6493.695034780268,0.0,6493.695034780268
1409,6448.720884048749,15.427561923561601,44.830776033885805,6493.551660082635,0.0,6493.551660082635
1410,6448.627966896031,15.42733963372256,44.780530291332745,6493.4084971873635,0.0,6493.4084971873635
1411,6448.535088654591,15.427117436972706,44.7304568978121,6493.265545552404,0.0,6493.265545552404
1412,6448.442249416745,15.426895333532881,44.68055522031226,6493.122804637057,0.0,6493.122804637057
1413,6448.349449273708,15.426673323621312,44.63082462871719,6492.980273902425,0.0,6492.980273902425
1414,6448.256688315681,15.426451407453781,44.581264495790734,6492.837952811471,0.0,6492.837952811471
1415,6448.163966631011,15.426229585241654,44.531874197160874,6492.695840828172,0.0,6492.695840828172
1416,6448.071284307456,15.426007857194872,44.48265311130407,6492.55393741876,0.0,6492.55393741876
1417,6447.978641431171,15.425786223519548,44.43360061952974,6492.412242050701,0.0,6492.412242050701
1418,6447.886038087373,15.425564684419552,44.3847161059649,6492.270754193338,0.0,6492.270754193338
1419,6447.793474359544,15.425343240094604,44.335998957538685,6492.129473317083,0.0,6492.129473317083
1420,6447.7009503305735,15.425121890742998,44.28744856396716,6491.98839889454,0.0,6491.98839889454
1421,6447.6084660820225,15.424900636559862,44.23906431773816,6491.84753039976,0.0,6491.84753039976
1422,6447.516021693787,15.424679477736332,44.19084561409615,6491.706867307883,0.0,6491.706867307883
1423,6447.42361724523,15.424458414462274,44.1427918510272,6491.566409096257,0.0,6491.566409096257
1424,6447.331252813663,15.424237446922639,44.094902429244144,6491.426155242907,0.0,6491.426155242907
1425,6447.238928476183,15.424016575301874,44.04717675217179,6491.286105228355,0.0,6491.286105228355
1426,6447.146644308022,15.423795799779956,43.999614225932014,6491.146258533954,0.0,6491.146258533954
1427,6447.054400383572,15.423575120534862,43.95221425932923,6491.006614642902,0.0,6491.006614642902
1428,6446.96219677597,15.423354537741556,43.90497626383578,6490.867173039806,0.0,6490.867173039806
1429,6446.870033557292,15.42313405157247,43.85789965357745,6490.727933210869,0.0,6490.727933210869
1430,6446.77791079792,15.422913662195981,43.81098384531907,6490.58889464324,0.0,6490.58889464324
1431,6446.685828567929,15.422693369779735,43.764228258450196,6490.450056826379,0.0,6490.450056826379
1432,6446.593786935677,15.422473174487266,43.71763231497084,6490.311419250647,0.0,6490.311419250647
1433,6446.501785968422,15.422253076479478,43.671195439477366,6490.1729814079,0.0,6490.1729814079
1434,6446.409825732478,15.422033075915019,43.62491705914836,6490.034742791626,0.0,6490.034742791626
1435,6446.317906292836,15.421813172949367,43.578796603730716,6489.896702896566,0.0,6489.896702896566
1436,6446.226027713497,15.421593367735639,43.532833505525616,6489.758861219023,0.0,6489.758861219023
1437,6446.134190057715,15.421373660425157,43.48702719937482,6489.62121725709,0.0,6489.62121725709
1438,6446.042393386503,15.421154051163883,43.44137712264684,6489.48377050915,0.0,6489.48377050915
1439,6445.950637760834,15.42093454009769,43.39588271522331,6489.346520476058,0.0,6489.346520476058
1440,6445.858923240227,15.420715127368965,43.35054341948531,6489.209466659712,0.0,6489.209466659712
1441,6445.767249883028,15.420495813117292,43.30535868030004,6489.072608563328,0.0,6489.072608563328
1442,6445.675617746658,15.420276597480042,43.26032794500718,6488.9359456916645,0.0,6488.9359456916645
1443,6445.584026887345,15.420057480591735,43.215450663405704,6488.799477550751,0.0,6488.799477550751
1444,6445.492477359897,15.419838462583485,43.17072628774048,6488.663203647638,0.0,6488.663203647638
1445,6445.4009692186255,15.41961954358523,43.12615427268916,6488.527123491314,0.0,6488.527123491314
1446,6445.3095025167895,15.419400723724376,43.081734075349054,6488.391236592139,0.0,6488.391236592139
1447,6445.218077305913,15.419182003124194,43.03746515522398,6488.255542461136,0.0,6488.255542461136
1448,6445.12669363703,15.41896338190677,42.99334697421144,6488.120040611242,0.0,6488.120040611242
1449,6445.035351559512,15.41874486019022,42.94937899658966,6487.984730556102,0.0,6487.984730556102
1450,6444.944051122921,15.418526438093114,42.90556068900473,6487.8496118119265,0.0,6487.8496118119265
1451,6444.852792374226,15.418308115727813,42.861891520457974,6487.714683894684,0.0,6487.714683894684
1452,6444.761575360276,15.418089893206401,42.81837096229319,6487.579946322569,0.0,6487.579946322569
1453,6444.670400127079,15.417871770638945,42.77499848818411,6487.445398615263,0.0,6487.445398615263
1454,6444.579266718751,15.417653748130983,42.73177357412181,6487.311040292872,0.0,6487.311040292872
1455,6444.4881751789035,15.41743582578685,42.68869569840235,6487.176870877306,0.0,6487.176870877306
1456,6444.397125550404,15.4172180037091,42.64576434161435,6487.042889892018,0.0,6487.042889892018
1457,6444.306117874335,15.417000281996016,42.60297898662675,6486.909096860962,0.0,6486.909096860962
1458,6444.215152191618,15.416782660745497,42.56033911857644,6486.775491310194,0.0,6486.775491310194
1459,6444.124228541497,15.416565140051429,42.517844224856304,6486.6420727663535,0.0,6486.6420727663535
1460,6444.033346962368,15.416347720005666,42.475493795102935,6486.508840757471,0.0,6486.508840757471
1461,6443.942507492043,15.416130400698666,42.43328732118479,6486.375794813228,0.0,6486.375794813228
1462,6443.8517101667085,15.415913182217006,42.39122429719014,6486.242934463899,0.0,6486.242934463899
1463,6443.760955022439,15.415696064646983,42.34930421941522,6486.110259241854,0.0,6486.110259241854
1464,6443.670242093296,15.415479048070086,42.30752658635247,6485.977768679649,0.0,6485.977768679649
1465,6443.579571412993,15.415262132566967,42.26589089867872,6485.845462311671,0.0,6485.845462311671
1466,6443.488943014172,15.415045318215723,42.224396659243595,6485.713339673415,0.0,6485.713339673415
1467,6443.398356928403,15.414828605091873,42.18304337305787,6485.58140030146,0.0,6485.58140030146
1468,6443.307813186437,15.414611993268988,42.141830547281984,6485.449643733718,0.0,6485.449643733718
1469,6443.217311818207,15.414395482818678,42.100757691214525,6485.318069509422,0.0,6485.318069509422
1470,6443.126852852108,15.41417907380887,42.0598243162809,6485.186677168389,0.0,6485.186677168389
1471,6443.036436316159,15.4139627663066,42.01902993602196,6485.055466252181,0.0,6485.055466252181
1472,6442.946062237294,15.413746560376303,41.978374066082736,6484.924436303377,0.0,6484.924436303377
1473,6442.85573064154,15.413530456080238,41.937856224201326,6484.7935868657405,0.0,6484.7935868657405
1474,6442.765441553822,15.413314453478042,41.8974759301976,6484.662917484019,0.0,6484.662917484019
1475,6442.67519499836,15.413098552627655,41.857232705962375,6484.532427704323,0.0,6484.532427704323
1476,6442.584990998022,15.412882753583784,41.81712607544617,6484.402117073468,0.0,6484.402117073468
1477,6442.49482957566,15.412667056401101,41.77715556464843,6484.271985140309,0.0,6484.271985140309
1478,6442.404710752214,15.412451461129699,41.737320701606635,6484.14203145382,0.0,6484.14203145382
1479,6442.314634548375,15.412235967819079,41.69762101638546,6484.01225556476,0.0,6484.01225556476
1480,6442.224600983563,15.4120205765157,41.65805604106605,6483.882657024628,0.0,6483.882657024628
1481,6442.134610076633,15.411805287264672,41.61862530973535,6483.753235386369,0.0,6483.753235386369
1482,6442.044661845147,15.411590100108008,41.57932835847546,6483.623990203622,0.0,6483.623990203622
1483,6441.954756306282,15.4113750150868,41.540164725353144,6483.494921031635,0.0,6483.494921031635
1484,6441.864893475764,15.41116003223867,41.50113395040928,6483.366027426173,0.0,6483.366027426173
1485,6441.775073369166,15.410945151600876,41.462235575648464,6483.237308944815,0.0,6483.237308944815
1486,6441.685296000602,15.410730373207182,41.42346914502863,6483.10876514563,0.0,6483.10876514563
1487,6441.595561383143,15.410515697088858,41.38483420445077,6482.980395587594,0.0,6482.980395587594
1488,6441.505869529976,15.410301123277454,41.34633030174864,6482.852199831725,0.0,6482.852199831725
1489,6441.416220452398,15.410086651799995,41.30795698667863,6482.724177439077,0.0,6482.724177439077
1490,6441.32661416146,15.409872282682919,41.26971381090962,6482.59632797237,0.0,6482.59632797237
1491,6441.237050667151,15.409658015950123,41.23160032801291,6482.468650995164,0.0,6482.468650995164
1492,6441.147529978833,15.409443851624001,41.1936160934522,6482.341146072285,0.0,6482.341146072285
1493,6441.058052104495,15.409229789723671,41.15576066457371,6482.213812769069,0.0,6482.213812769069
1494,6440.9686170518435,15.409015830267569,41.11803360059618,6482.08665065244,0.0,6482.08665065244
1495,6440.879224827723,15.408801973272064,41.08043446260119,6481.959659290324,0.0,6481.959659290324
1496,6440.78987543804,15.408588218751293,41.042962813523246,6481.832838251564,0.0,6481.832838251564
1497,6440.700568887532,15.408374566716585,41.00561821814017,6481.706187105672,0.0,6481.706187105672
1498,6440.61130518071,15.408161017178731,40.968400243063385,6481.579705423773,0.0,6481.579705423773
1499,6440.522084320995,15.407947570145922,40.93130845672833,6481.453392777724,0.0,6481.453392777724
1500,6440.432906311337,15.407734225625209,40.894342429384984,6481.327248740722,0.0,6481.327248740722
1501,6440.343771152958,15.407520983619516,40.85750173308825,6481.201272886046,0.0,6481.201272886046
1502,6440.254678847625,15.407307844133074,40.82078594168866,6481.075464789314,0.0,6481.075464789314
1503,6440.165629395336,15.407094807165874,40.78419463082291,6480.949824026158,0.0,6480.949824026158
1504,6440.076622795321,15.40688187271608,40.74772737790458,6480.824350173226,0.0,6480.824350173226
1505,6439.987659046772,15.40666904078175,40.7113837621149,6480.699042808887,0.0,6480.699042808887
1506,6439.8987381475445,15.406456311357761,40.67516336439344,6480.573901511938,0.0,6480.573901511938
1507,6439.809860094812,15.40624368443735,40.63906576742912,6480.448925862242,0.0,6480.448925862242
1508,6439.721024885035,15.406031160012045,40.60309055565095,6480.324115440686,0.0,6480.324115440686
1509,6439.632232513621,15.405818738070863,40.56723731521906,6480.19946982884,0.0,6480.19946982884
1510,6439.54348297599,15.405606418602845,40.53150563401576,6480.074988610006,0.0,6480.074988610006
1511,6439.45477626612,15.405394201593587,40.49589510163646,6479.950671367756,0.0,6479.950671367756
1512,6439.366112377486,15.40518208702748,40.46040530938094,6479.826517686867,0.0,6479.826517686867
1513,6439.277491302557,15.4049700748865,40.425035850244385,6479.702527152801,0.0,6479.702527152801
1514,6439.188913033692,15.404758165152373,40.38978631890871,6479.578699352601,0.0,6479.578699352601
1515,6439.10037756185,15.404546357803468,40.35465631173377,6479.4550338735835,0.0,6479.4550338735835
1516,6439.011884877691,15.404334652817443,40.319645426748714,6479.33153030444,0.0,6479.33153030444
1517,6438.923434971148,15.40412305017021,40.28475326364331,6479.208188234791,0.0,6479.208188234791
1518,6438.835027831152,15.403911549835291,40.24997942375947,6479.085007254911,0.0,6479.085007254911
1519,6438.746663446109,15.40370015178495,40.21532351008257,6478.961986956191,0.0,6478.961986956191
1520,6438.6583418037,15.403488855989712,40.18078512723314,6478.839126930933,0.0,6478.839126930933
1521,6438.570062890771,15.403277662418112,40.14636388145838,6478.716426772229,0.0,6478.716426772229
1522,6438.481826694027,15.403066571038343,40.11205938062371,6478.593886074651,0.0,6478.593886074651
1523,6438.393633198848,15.402855581815425,40.07787123420458,6478.471504433052,0.0,6478.471504433052
1524,6438.305482389982,15.402644694712876,40.043799053278086,6478.34928144326,0.0,6478.34928144326
1525,6438.217374251762,15.40243390969321,40.009842450514796,6478.227216702277,0.0,6478.227216702277
1526,6438.129308767795,15.402223226717213,39.976001040170594,6478.105309807966,0.0,6478.105309807966
1527,6438.041285920894,15.402012645743765,39.9422744380785,6477.983560358972,0.0,6477.983560358972
1528,6437.953305693198,15.401802166730139,39.9086622616406,6477.861967954838,0.0,6477.861967954838
1529,6437.865368066402,15.40159178963254,39.87516412982006,6477.740532196222,0.0,6477.740532196222
1530,6437.7774730213805,15.401381514405216,39.8417796631331,6477.619252684513,0.0,6477.619252684513
1531,6437.689620538496,15.401171341001186,39.80850848364108,6477.498129022137,0.0,6477.498129022137
1532,6437.601810596941,15.400961269370672,39.77535021494255,6477.377160811883,0.0,6477.377160811883
1533,6437.514043175916,15.400751299463915,39.74230448216549,6477.256347658082,0.0,6477.256347658082
1534,6437.426318253569,15.400541431228634,39.70937091195949,6477.135689165529,0.0,6477.135689165529
1535,6437.338635807708,15.400331664611741,39.676549132487956,6477.0151849401955,0.0,6477.0151849401955
1536,6437.250995815268,15.400121999558056,39.64383877342045,6476.894834588688,0.0,6476.894834588688
1537,6437.163398252744,15.399912436011348,39.61123946592501,6476.774637718669,0.0,6476.774637718669
1538,6437.075843095732,15.399702973913234,39.57875084266054,6476.654593938392,0.0,6476.654593938392
1539,6436.9883303195475,15.399493613204658,39.54637253776925,6476.534702857317,0.0,6476.534702857317
1540,6436.900859898552,15.399284353824287,39.51410418686915,6476.414964085421,0.0,6476.414964085421
1541,6436.813431806675,15.399075195709749,39.4819454270465,6476.295377233721,0.0,6476.295377233721
1542,6436.726046017505,15.398866138797858,39.44989589684845,6476.175941914354,0.0,6476.175941914354
1543,6436.6387025034,15.398657183022488,39.417955236275645,6476.056657739676,0.0,6476.056657739676
1544,6436.551401236703,15.398448328317471,39.386123086774816,6475.937524323478,0.0,6475.937524323478
1545,6436.464142188722,15.398239574614166,39.35439909123153,6475.818541279953,0.0,6475.818541279953
1546,6436.376925330482,15.398030921843258,39.3227828939629,6475.699708224444,0.0,6475.699708224444
1547,6436.289750632513,15.397822369934241,39.29127414071043,6475.581024773223,0.0,6475.581024773223
1548,6436.2026180641915,15.397613918813855,39.25987247863275,6475.4624905428245,0.0,6475.4624905428245
1549,6436.115527595091,15.39740556840931,39.228577556298546,6475.34410515139,0.0,6475.34410515139
1550,6436.02847919368,15.397197318645167,39.19738902367945,6475.22586821736,0.0,6475.22586821736
1551,6435.941472827734,15.39698916944434,39.166306532143,6475.107779359877,0.0,6475.107779359877
1552,6435.854508465153,15.396781120730031,39.1353297344456,6474.989838199599,0.0,6474.989838199599
1553,6435.767586072565,15.396573172422404,39.104458284725645,6474.87204435729,0.0,6474.87204435729
1554,6435.6807056162825,15.396365324440866,39.07369183849651,6474.754397454779,0.0,6474.754397454779
1555,6435.593867062346,15.396157576704178,39.04303005263967,6474.636897114986,0.0,6474.636897114986
1556,6435.507070375923,15.395949929129003,39.012472585397916,6474.51954296132,0.0,6474.51954296132
1557,6435.42031552154,15.395742381630479,38.982019096368525,6474.402334617908,0.0,6474.402334617908
1558,6435.333602463494,15.39553493412319,38.95166924649647,6474.28527170999,0.0,6474.28527170999
1559,6435.246931165485,15.395327586520299,38.92142269806777,6474.1683538635525,0.0,6474.1683538635525
1560,6435.160301590417,15.395120338733054,38.891279114702755,6474.05158070512,0.0,6474.05158070512
1561,6435.073713701067,15.39491319067241,38.861238161349405,6473.934951862417,0.0,6473.934951862417
1562,6434.9871674593105,15.394706142247154,38.83129950427683,6473.8184669635875,0.0,6473.8184669635875
1563,6434.900662826873,15.394499193365723,38.801462811068625,6473.702125637941,0.0,6473.702125637941
1564,6434.814199764346,15.394292343933841,38.77172775061639,6473.585927514962,0.0,6473.585927514962
1565,6434.72777823276,15.394085593858279,38.742093993113244,6473.469872225874,0.0,6473.469872225874
1566,6434.641398191857,15.39387894304272,38.71256121004736,6473.353959401904,0.0,6473.353959401904
1567,6434.555059600969,15.393672391389877,38.68312907419558,6473.238188675165,0.0,6473.238188675165
1568,6434.468762419309,15.393465938802175,38.653797259617015,6473.122559678926,0.0,6473.122559678926
1569,6434.382506604974,15.393259585179363,38.62456544164671,6473.007072046621,0.0,6473.007072046621
1570,6434.296292116424,15.393053330422068,38.59543329688943,6472.891725413314,0.0,6472.891725413314
1571,6434.210118910993,15.392847174428212,38.566400503213266,6472.776519414206,0.0,6472.776519414206
1572,6434.123986945545,15.392641117094605,38.53746673974355,6472.6614536852885,0.0,6472.6614536852885
1573,6434.037896176864,15.392435158317856,38.50863168685655,6472.54652786372,0.0,6472.54652786372
1574,6433.95184656059,15.392229297991841,38.47989502617344,6472.431741586764,0.0,6472.431741586764
1575,6433.865838052534,15.392023536010846,38.45125644055408,6472.317094493088,0.0,6472.317094493088
1576,6433.77987060788,15.391817872267655,38.42271561409103,6472.202586221972,0.0,6472.202586221972
1577,6433.693944181223,15.391612306653643,38.39427223210345,6472.088216413326,0.0,6472.088216413326
1578,6433.608058726697,15.391406839059083,38.365925981131106,6471.973984707828,0.0,6471.973984707828
1579,6433.522214198096,15.391201469373435,38.33767654892845,6471.859890747024,0.0,6471.859890747024
1580,6433.436410548381,15.390996197484165,38.30952362445862,6471.74593417284,0.0,6471.74593417284
1581,6433.350647730776,15.390791023279368,38.281466897887604,6471.632114628663,0.0,6471.632114628663
1582,6433.264925697284,15.390585946644219,38.25350606057833,6471.518431757862,0.0,6471.518431757862
1583,6433.179244400332,15.39038096746491,38.22564080508488,6471.4048852054175,0.0,6471.4048852054175
1584,6433.093603790567,15.390176085623365,38.19787082514662,6471.291474615713,0.0,6471.291474615713
1585,6433.008003819774,15.389971301004243,38.17019581568255,6471.178199635457,0.0,6471.178199635457
1586,6432.922444438027,15.389766613488103,38.14261547278552,6471.065059910812,0.0,6471.065059910812
1587,6432.836925596024,15.389562022956996,38.11512949371652,6470.9520550897405,0.0,6470.9520550897405
1588,6432.751447242911,15.389357529289262,38.08773757689906,6470.83918481981,0.0,6470.83918481981
1589,6432.666009328609,15.389153132365093,38.06043942191351,6470.726448750523,0.0,6470.726448750523
1590,6432.580611801566,15.388948832061162,38.033234729491554,6470.613846531058,0.0,6470.613846531058
1591,6432.495254610425,15.388744628254605,38.0061232015106,6470.5013778119355,0.0,6470.5013778119355
1592,6432.409937703299,15.388540520821289,37.979104540988274,6470.389042244287,0.0,6470.389042244287
1593,6432.32466102775,15.388336509635765,37.952178452076936,6470.276839479827,0.0,6470.276839479827
1594,6432.239424531106,15.388132594572024,37.92534464005813,6470.164769171164,0.0,6470.164769171164
1595,6432.154228160285,15.387928775503074,37.898602811337334,6470.052830971623,0.0,6470.052830971623
1596,6432.069071861582,15.387725052300436,37.87195267343837,6469.941024535021,0.0,6469.941024535021
1597,6431.983955581132,15.387521424835244,37.84539393499817,6469.829349516131,0.0,6469.829349516131
1598,6431.898879264533,15.387317892977352,37.81892630576141,6469.717805570294,0.0,6469.717805570294
1599,6431.813842857236,15.387114456596258,37.79254949657518,6469.60639235381,0.0,6469.60639235381
1600,6431.7288463039495,15.386911115559688,37.76626321938374,6469.495109523333,0.0,6469.495109523333
1601,6431.643889549429,15.386707869735476,37.74006718722332,6469.383956736653,0.0,6469.383956736653
1602,6431.5589725374575,15.386504718989134,37.71396111421683,6469.272933651674,0.0,6469.272933651674
1603,6431.474095212139,15.386301663186936,37.68794471556876,6469.162039927708,0.0,6469.162039927708
1604,6431.38925751672,15.38609870219311,37.66201770755999,6469.05127522428,0.0,6469.05127522428
1605,6431.304459394124,15.38589583587111,37.63617980754269,6468.940639201666,0.0,6468.940639201666
1606,6431.219700787211,15.385693064084236,37.6104307339352,6468.8301315211465,0.0,6468.8301315211465
1607,6431.134981638109,15.385490386694041,37.58477020621706,6468.719751844326,0.0,6468.719751844326
1608,6431.050301888695,15.385287803561472,37.55919794492388,6468.609499833618,0.0,6468.609499833618
1609,6430.96566148079,15.385085314547345,37.533713671642445,6468.499375152433,0.0,6468.499375152433
1610,6430.881060355538,15.384882919510856,37.50831710900566,6468.389377464543,0.0,6468.389377464543
1611,6430.796498453704,15.384680618310297,37.48300798068766,6468.279506434392,0.0,6468.279506434392
1612,6430.711975715882,15.384478410803544,37.45778601139891,6468.16976172728,0.0,6468.16976172728
1613,6430.627492082254,15.384276296847498,37.432650926881294,6468.060143009136,0.0,6468.060143009136
1614,6430.543047492615,15.384074276298122,37.40760245390329,6467.950649946519,0.0,6467.950649946519
1615,6430.4586418868,15.383872349011483,37.38264032025511,6467.841282207055,0.0,6467.841282207055
1616,6430.374275203478,15.383670514840857,37.357764254744,6467.732039458222,0.0,6467.732039458222
1617,6430.289947382054,15.383468773641278,37.332973987189334,6467.622921369244,0.0,6467.622921369244
1618,6430.205658360551,15.383267125264476,37.30826924841804,6467.5139276089685,0.0,6467.5139276089685
1619,6430.121408077465,15.383065569563314,37.28364977025972,6467.405057847725,0.0,6467.405057847725
1620,6430.037196470664,15.382864106389148,37.25911528554212,6467.296311756206,0.0,6467.296311756206
1621,6429.953023477899,15.382662735593058,37.23466552808636,6467.187689005985,0.0,6467.187689005985
1622,6429.8688890359135,15.382461457023716,37.21030023270239,6467.079189268616,0.0,6467.079189268616
1623,6429.784793082118,15.382260270531383,37.186019135184345,6466.970812217302,0.0,6466.970812217302
1624,6429.700735552769,15.382059175963564,37.161821972306015,6466.862557525075,0.0,6466.862557525075
1625,6429.616716384492,15.381858173168641,37.13770848181622,6466.754424866308,0.0,6466.754424866308
1626,6429.53273551323,15.381657261993373,37.113678402434395,6466.646413915665,0.0,6466.646413915665
1627,6429.448792874569,15.381456442283659,37.089731473846,6466.538524348415,0.0,6466.538524348415
1628,6429.364888404052,15.381255713885292,37.06586743669816,6466.43075584075,0.0,6466.43075584075
1629,6429.281022037126,15.381055076643841,37.04208603259511,6466.323108069721,0.0,6466.323108069721
1630,6429.197193708258,15.380854530402532,37.01838700409387,6466.215580712352,0.0,6466.215580712352
1631,6429.113403351897,15.38065407500454,36.994770094699795,6466.108173446597,0.0,6466.108173446597
1632,6429.029650902605,15.380453710293313,36.971235048862276,6466.000885951467,0.0,6466.000885951467
1633,6428.945936294259,15.380253436110667,36.947781611970385,6465.8937179062295,0.0,6465.8937179062295
1634,6428.862259460606,15.3800532522981,36.92440953034851,6465.786668990954,0.0,6465.786668990954
1635,6428.778620335138,15.379853158696502,36.90111855125215,6465.67973888639,0.0,6465.67973888639
1636,6428.695018851026,15.379653155145997,36.877908422863605,6465.57292727389,0.0,6465.57292727389
1637,6428.61145494113,15.379453241485958,36.85477889428774,6465.466233835418,0.0,6465.466233835418
1638,6428.527928537935,15.379253417554867,36.83172971554782,6465.359658253483,0.0,6465.359658253483
1639,6428.444439574072,15.37905368319156,36.80876063758129,6465.253200211653,0.0,6465.253200211653
1640,6428.360987981463,15.378854038233165,36.78587141223558,6465.146859393699,0.0,6465.146859393699
1641,6428.2775736918975,15.3786544825165,36.76306179226404,6465.040635484162,0.0,6465.040635484162
1642,6428.194196637156,15.378455015878364,36.740331531321814,6464.934528168478,0.0,6464.934528168478
1643,6428.11085674866,15.37825563815469,36.71768038396169,6464.828537132622,0.0,6464.828537132622
1644,6428.027553957322,15.378056349180197,36.69510810563011,6464.722662062953,0.0,6464.722662062953
1645,6427.944288193712,15.377857148788785,36.67261445266308,6464.616902646375,0.0,6464.616902646375
1646,6427.861059388802,15.377658036815316,36.65019918228221,6464.511258571084,0.0,6464.511258571084
1647,6427.777867472914,15.377459013093096,36.627862052590615,6464.405729525505,0.0,6464.405729525505
1648,6427.6947123761,15.377260077454785,36.60560282256909,6464.3003151986695,0.0,6464.3003151986695
1649,6427.611594028103,15.377061229732305,36.58342125207204,6464.1950152801755,0.0,6464.1950152801755
1650,6427.528512358777,15.37686246975784,36.561317101823626,6464.089829460601,0.0,6464.089829460601
1651,6427.445467297454,15.376663797362331,36.53929013341383,6463.984757430868,0.0,6463.984757430868
1652,6427.362458773389,15.37646521237653,36.51734010929461,6463.879798882684,0.0,6463.879798882684
1653,6427.279486715396,15.376266714630134,36.49546679277599,6463.774953508172,0.0,6463.774953508172
1654,6427.196551052026,15.376068303952215,36.47366994802231,6463.6702210000485,0.0,6463.6702210000485
1655,6427.113651712341,15.375869980173066,36.451949340048344,6463.56560105239,0.0,6463.56560105239
1656,6427.030788623988,15.375671743119588,36.430304734715556,6463.461093358704,0.0,6463.461093358704
1657,6426.947961715514,15.375473592620846,36.40873589872828,6463.356697614242,0.0,6463.356697614242
1658,6426.865170914527,15.375275528503654,36.38724259963006,6463.252413514157,0.0,6463.252413514157
1659,6426.7824161488825,15.375077550595412,36.365824605799844,6463.148240754683,0.0,6463.148240754683
1660,6426.699697345752,15.374879658721895,36.344481686448354,6463.0441790322,0.0,6463.0441790322
1661,6426.617014432613,15.374681852709601,36.323213611614335,6462.940228044227,0.0,6462.940228044227
1662,6426.534367336466,15.37448413238389,36.302020152161,6462.836387488627,0.0,6462.836387488627
1663,6426.451755983861,15.374286497569047,36.28090107977226,6462.732657063633,0.0,6462.732657063633
1664,6426.36918030169,15.374088948090167,36.259856166949255,6462.629036468639,0.0,6462.629036468639
1665,6426.286640216357,15.373891483771189,36.23888518700664,6462.525525403364,0.0,6462.525525403364
1666,6426.204135654072,15.373694104435579,36.21798791406906,6462.422123568142,0.0,6462.422123568142
1667,6426.121666540943,15.373496809906563,36.19716412306765,6462.31883066401,0.0,6462.31883066401
1668,6426.039232802704,15.373299600006469,36.17641358973641,6462.21564639244,0.0,6462.21564639244
1669,6425.956834364984,15.37310247455738,36.15573609060875,6462.112570455593,0.0,6462.112570455593
1670,6425.874471153433,15.372905433381417,36.135131403014,6462.009602556447,0.0,6462.009602556447
1671,6425.792143093405,15.372708476300012,36.11459930507393,6461.906742398479,0.0,6461.906742398479
1672,6425.709850109886,15.372511603133699,36.094139575699266,6461.803989685585,0.0,6461.803989685585
1673,6425.627592127594,15.372314813702378,36.07375199458636,6461.70134412218,0.0,6461.70134412218
1674,6425.545369071814,15.372118107827307,36.053436342213665,6461.598805414028,0.0,6461.598805414028
1675,6425.463180866907,15.37192148532753,36.03319239983842,6461.496373266746,0.0,6461.496373266746
1676,6425.38102743709,15.371724946021747,36.01301994949324,6461.394047386583,0.0,6461.394047386583
1677,6425.29890870693,15.371528489729497,35.99291877398281,6461.291827480913,0.0,6461.291827480913
1678,6425.2168246006,15.371332116269379,35.97288865688051,6461.18971325748,0.0,6461.18971325748
1679,6425.134775041471,15.371135825458063,35.95292938252511,6461.087704423996,0.0,6461.087704423996
1680,6425.052759953929,15.370939617114663,35.93304073601752,6460.985800689947,0.0,6460.985800689947
1681,6424.970779261252,15.370743491055626,35.91322250321747,6460.884001764469,0.0,6460.884001764469
1682,6424.888832887,15.370547447098085,35.893474470740266,6460.78230735774,0.0,6460.78230735774
1683,6424.8069207544095,15.370351485058396,35.87379642595357,6460.680717180363,0.0,6460.680717180363
1684,6424.725042786697,15.370155604752863,35.85418815697417,6460.579230943671,0.0,6460.579230943671
1685,6424.643198906826,15.369959805997192,35.83464945266479,6460.477848359491,0.0,6460.477848359491
1686,6424.5613890376935,15.369764088606923,35.815180102630904,6460.376569140324,0.0,6460.376569140324
1687,6424.479613102067,15.369568452397289,35.79577989721759,6460.275392999284,0.0,6460.275392999284
1688,6424.397871022276,15.36937289718248,35.77644862750637,6460.174319649783,0.0,6460.174319649783
1689,6424.316162720822,15.369177422777087,35.75718608531206,6460.073348806134,0.0,6460.073348806134
1690,6424.234488120305,15.368982028995946,35.73799206317976,6459.9724801834855,0.0,6459.9724801834855
1691,6424.152847142144,15.368786715651064,35.71886635438164,6459.871713496526,0.0,6459.871713496526
1692,6424.071239709001,15.368591482557418,35.69980875291397,6459.771048461915,0.0,6459.771048461915
1693,6423.989665742546,15.368396329527622,35.680819053494005,6459.67048479604,0.0,6459.67048479604
1694,6423.9081251645175,15.368201256374444,35.66189705155699,6459.570022216075,0.0,6459.570022216075
1695,6423.826617896719,15.36800626291081,35.64304254325312,6459.469660439971,0.0,6459.469660439971
1696,6423.745143860086,15.367811348947573,35.62425532544453,6459.36939918553,0.0,6459.36939918553
1697,6423.6637029763715,15.36761651429754,35.60553519570234,6459.2692381720735,0.0,6459.2692381720735
1698,6423.582295166768,15.367421758772172,35.586881952303685,6459.169177119072,0.0,6459.169177119072
1699,6423.500920352565,15.36722708218317,35.568295394228734,6459.069215746794,0.0,6459.069215746794
1700,6423.419578454427,15.367032484340735,35.5497753211578,6458.969353775585,0.0,6458.969353775585
1701,6423.3382693934345,15.366837965056064,35.53132153346841,6458.869590926903,0.0,6458.869590926903
1702,6423.256993090071,15.366643524138926,35.512933832232385,6458.769926922303,0.0,6458.769926922303
1703,6423.175749465389,15.366449161400453,35.49461201921298,6458.670361484602,0.0,6458.670361484602
1704,6423.094538439757,15.366254876650137,35.476355896862046,6458.570894336619,0.0,6458.570894336619
1705,6423.01335993361,15.366060669697633,35.45816526831713,6458.471525201928,0.0,6458.471525201928
1706,6422.932213866974,15.365866540351613,35.44003993739866,6458.372253804373,0.0,6458.372253804373
1707,6422.851100160584,15.36567248842245,35.42197970860716,6458.273079869191,0.0,6458.273079869191
1708,6422.770018734225,15.365478513718243,35.40398438712038,6458.174003121346,0.0,6458.174003121346
1709,6422.688969508121,15.365284616048136,35.38605377879063,6458.075023286911,0.0,6458.075023286911
1710,6422.607952401822,15.36509079521967,35.36818769014187,6457.976140091964,0.0,6457.976140091964
1711,6422.526967335542,15.364897051041968,35.35038592836707,6457.87735326391,0.0,6457.87735326391
1712,6422.446014228655,15.364703383322142,35.33264830132542,6457.7786625299805,0.0,6457.7786625299805
1713,6422.365093000949,15.364509791868299,35.31497461753963,6457.6800676184885,0.0,6457.6800676184885
1714,6422.284203572116,15.364316276488315,35.29736468619322,6457.581568258309,0.0,6457.581568258309
1715,6422.20334586125,15.364122836988637,35.27981831712784,6457.4831641783785,0.0,6457.4831641783785
1716,6422.122519787836,15.36392947317664,35.262335320840556,6457.384855108677,0.0,6457.384855108677
1717,6422.041725271174,15.363736184859269,35.24491550848124,6457.2866407796555,0.0,6457.2866407796555
1718,6421.960962230532,15.363542971843376,35.22755869184991,6457.188520922381,0.0,6457.188520922381
1719,6421.880230584664,15.363349833934603,35.21026468339411,6457.090495268058,0.0,6457.090495268058
1720,6421.7995302531735,15.363156770940607,35.19303329620627,6456.99256354938,0.0,6456.99256354938
1721,6421.718861154169,15.362963782665476,35.175864344021136,6456.8947254981895,0.0,6456.8947254981895
1722,6421.638223207199,15.362770868916744,35.158757641213185,6456.796980848412,0.0,6456.796980848412
1723,6421.557616330569,15.362578029498968,35.14171300279402,6456.699329333363,0.0,6456.699329333363
1724,6421.477040443628,15.362385264219204,35.124730244409875,6456.6017706880375,0.0,6456.6017706880375
1725,6421.396495464252,15.362192572880987,35.107809182339025,6456.504304646592,0.0,6456.504304646592
1726,6421.315981311369,15.361999955290356,35.090949633489295,6456.406930944858,0.0,6456.406930944858
1727,6421.235497903353,15.36180741125204,35.074151415395505,6456.309649318748,0.0,6456.309649318748
1728,6421.155045158693,15.361614940571036,35.05741434621703,6456.21245950491,0.0,6456.21245950491
1729,6421.074622995678,15.36142254305186,35.040738244735294,6456.115361240413,0.0,6456.115361240413
1730,6420.994231332808,15.361230218499541,35.02412293035127,6456.018354263159,0.0,6456.018354263159
1731,6420.913870087812,15.361037966717253,35.00756822308309,6455.921438310895,0.0,6455.921438310895
1732,6420.833539179319,15.360845787510332,34.991073943563535,6455.8246131228825,0.0,6455.8246131228825
1733,6420.7532385253635,15.360653680682688,34.974639913037684,6455.727878438402,0.0,6455.727878438402
1734,6420.672968043376,15.360461646036786,34.95826595336044,6455.631233996737,0.0,6455.631233996737
1735,6420.592727652411,15.360269683378974,34.941951886994104,6455.534679539405,0.0,6455.534679539405
1736,6420.512517269654,15.360077792511134,34.92569753700614,6455.438214806661,0.0,6455.438214806661
1737,6420.4323368129935,15.359885973236826,34.90950272706661,6455.34183954006,0.0,6455.34183954006
1738,6420.352186200584,15.359694225360249,34.89336728144594,6455.245553482029,0.0,6455.245553482029
1739,6420.272065349887,15.35950254868394,34.87729102501256,6455.1493563749,0.0,6455.1493563749
1740,6420.191974178654,15.359310943011135,34.86127378323051,6455.053247961885,0.0,6455.053247961885
1741,6420.111912604755,15.359119408145347,34.84531538215719,6454.957227986913,0.0,6454.957227986913
1742,6420.031880545603,15.358927943889002,34.82941564844104,6454.8612961940435,0.0,6454.8612961940435
1743,6419.951877918959,15.358736550045357,34.813574409319216,6454.765452328278,0.0,6454.765452328278
1744,6419.871904642178,15.358545226416695,34.79779149261532,6454.669696134793,0.0,6454.669696134793
1745,6419.791960632825,15.358353972805801,34.782066726737185,6454.574027359562,0.0,6454.574027359562
1746,6419.712045808595,15.358162789015777,34.76639994067454,6454.478445749269,0.0,6454.478445749269
1747,6419.6321600864685,15.357971674848011,34.75079096399681,6454.382951050466,0.0,6454.382951050466
1748,6419.552303384094,15.357780630105488,34.73523962685092,6454.287543010944,0.0,6454.287543010944
1749,6419.472475618732,15.357589654590267,34.71974575995901,6454.19222137869,0.0,6454.19222137869
1750,6419.39267670776,15.35739874810469,34.704309194616265,6454.096985902376,0.0,6454.096985902376
1751,6419.312906568394,15.357207910450704,34.688929762688744,6454.001836331083,0.0,6454.001836331083
1752,6419.233165117867,15.357017141430305,34.67360729661115,6453.906772414479,0.0,6453.906772414479
1753,6419.153452273413,15.356826440845484,34.658341629384715,6453.811793902797,0.0,6453.811793902797
1754,6419.073767952101,15.356635808497849,34.64313259457501,6453.716900546676,0.0,6453.716900546676
1755,6418.994112071294,15.356445244189699,34.6279800263098,6453.622092097604,0.0,6453.622092097604
1756,6418.914484548016,15.356254747722526,34.61288375927698,6453.527368307293,0.0,6453.527368307293
1757,6418.834885299388,15.356064318898056,34.59784362872234,6453.43272892811,0.0,6453.43272892811
1758,6418.755314242488,15.355873957517913,34.58285947044755,6453.338173712935,0.0,6453.338173712935
1759,6418.675771294345,15.355683663383601,34.56793112080803,6453.243702415153,0.0,6453.243702415153
1760,6418.596256372068,15.355493436296813,34.553058416710876,6453.149314788779,0.0,6453.149314788779
1761,6418.516769392355,15.355303276058265,34.538241195612784,6453.055010587967,0.0,6453.055010587967
1762,6418.437310272783,15.355113182470774,34.52347929551796,6452.960789568301,0.0,6452.960789568301
1763,6418.357878929903,15.354923155334696,34.50877255497613,6452.866651484879,0.0,6452.866651484879
1764,6418.278475280826,15.354733194451736,34.494120813080464,6452.772596093906,0.0,6452.772596093906
1765,6418.199099242397,15.354543299622959,34.47952390946554,6452.678623151863,0.0,6452.678623151863
1766,6418.119750731741,15.354353470650098,34.46498168430537,6452.584732416047,0.0,6452.584732416047
1767,6418.040429665408,15.354163707333512,34.45049397831135,6452.490923643719,0.0,6452.490923643719
1768,6417.961135960888,15.353974009475808,34.436060632730275,6452.397196593618,0.0,6452.397196593618
1769,6417.881869534693,15.353784376877256,34.42168148934242,6452.303551024035,0.0,6452.303551024035
1770,6417.802630303729,15.353594809339064,34.407356390459434,6452.209986694188,0.0,6452.209986694188
1771,6417.723418185184,15.353405306663118,34.39308517892254,6452.116503364106,0.0,6452.116503364106
1772,6417.644233095445,15.35321586864939,34.37886769810048,6452.023100793545,0.0,6452.023100793545
1773,6417.565074951892,15.35302649510022,34.36470379188757,6451.929778743779,0.0,6451.929778743779
1774,6417.485943671187,15.352837185816236,34.350593304701846,6451.8365369758885,0.0,6451.8365369758885
1775,6417.406839170176,15.352647940598507,34.33653608148311,6451.743375251659,0.0,6451.743375251659
1776,6417.327761365875,15.352458759248504,34.322531967691,6451.650293333566,0.0,6451.650293333566
1777,6417.248710174812,15.352269641566537,34.30858080930312,6451.557290984115,0.0,6451.557290984115
1778,6417.169685514207,15.352080587354562,34.29468245281313,6451.464367967021,0.0,6451.464367967021
1779,6417.090687300852,15.351891596413521,34.28083674522891,6451.371524046081,0.0,6451.371524046081
1780,6417.01171545185,15.351702668545096,34.26704353407067,6451.278758985921,0.0,6451.278758985921
1781,6416.932769883682,15.35151380354948,34.253302667369084,6451.186072551051,0.0,6451.186072551051
1782,6416.853850513346,15.3513250012281,34.23961399366347,6451.093464507009,0.0,6451.093464507009
1783,6416.7749572578505,15.351136261382418,34.2259773619999,6451.00093461985,0.0,6451.00093461985
1784,6416.69609003426,15.350947583814019,34.21239262192947,6450.908482656189,0.0,6450.908482656189
1785,6416.617248759319,15.350758968323731,34.1988596235064,6450.816108382825,0.0,6450.816108382825
1786,6416.538433349788,15.350570414712411,34.18537821728627,6450.723811567074,0.0,6450.723811567074
1787,6416.459643722731,15.350381922781652,34.17194825432422,6450.631591977055,0.0,6450.631591977055
1788,6416.380879795281,15.350193492333208,34.15856958617316,6450.539449381454,0.0,6450.539449381454
1789,6416.302141484313,15.350005123168213,34.14524206488196,6450.447383549195,0.0,6450.447383549195
1790,6416.223428706815,15.349816815088074,34.13196554299376,6450.355394249808,0.0,6450.355394249808
1791,6416.14474137952,15.349628567893589,34.11873987354415,6450.263481253064,0.0,6450.263481253064
1792,6416.066079419823,15.349440381387137,34.10556491005943,6450.171644329882,0.0,6450.171644329882
1793,6415.9874427444565,15.349252255369514,34.0924405065549,6450.079883251012,0.0,6450.079883251012
1794,6415.908831270662,15.349064189642732,34.07936651753312,6449.988197788195,0.0,6449.988197788195
1795,6415.830244915699,15.34887618400885,34.06634279798216,6449.896587713682,0.0,6449.896587713682
1796,6415.751683596265,15.348688238268577,34.05336920337392,6449.805052799639,0.0,6449.805052799639
1797,6415.6731472296715,15.348500352224095,34.04044558966246,6449.713592819334,0.0,6449.713592819334
1798,6415.594635733049,15.34831252567715,34.02757181328225,6449.622207546331,0.0,6449.622207546331
1799,6415.516149023414,15.34812475842922,34.014747731146514,6449.530896754561,0.0,6449.530896754561
1800,6415.437687018271,15.347937050282946,34.00197320064555,6449.439660218917,0.0,6449.439660218917
1801,6415.359249634517,15.347749401039515,33.98924807964506,6449.3484977141625,0.0,6449.3484977141625
1802,6415.280836789671,15.347561810501606,33.97657222648454,6449.257409016156,0.0,6449.257409016156
1803,6415.202448400698,15.34737427847057,33.96394549997555,6449.166393900673,0.0,6449.166393900673
1804,6415.1240843851165,15.347186804749082,33.951367759400156,6449.075452144517,0.0,6449.075452144517
1805,6415.045744660171,15.346999389139166,33.93883886450925,6448.984583524681,0.0,6448.984583524681
1806,6414.967429143164,15.346812031442976,33.92635867552095,6448.893787818684,0.0,6448.893787818684
1807,6414.889137751825,15.346624731463695,33.913927053118975,6448.8030648049435,0.0,6448.8030648049435
1808,6414.81087040312,15.34643748900268,33.90154385845109,6448.712414261571,0.0,6448.712414261571
1809,6414.73262701465,15.346250303862798,33.889208953127444,6448.621835967777,0.0,6448.621835967777
1810,6414.654407504087,15.3460631758471,33.876922199219024,6448.531329703306,0.0,6448.531329703306
1811,6414.576211788652,15.34587610475754,33.864683459256035,6448.440895247908,0.0,6448.440895247908
1812,6414.498039786158,15.345689090397508,33.85249259622641,6448.350532382385,0.0,6448.350532382385
1813,6414.419891414364,15.34550213257025,33.84034947357415,6448.260240887938,0.0,6448.260240887938
1814,6414.341766590371,15.345315231077443,33.82825395519785,6448.170020545569,0.0,6448.170020545569
1815,6414.263665232135,15.345128385722811,33.81620590544912,6448.079871137585,0.0,6448.079871137585
1816,6414.185587257509,15.34494159630983,33.804205189131046,6447.9897924466395,0.0,6447.9897924466395
1817,6414.107532584085,15.34475486264135,33.79225167149668,6447.899784255582,0.0,6447.899784255582
1818,6414.0295011297585,15.344568184520954,33.78034521824749,6447.809846348006,0.0,6447.809846348006
1819,6413.951492812256,15.34438156175181,33.76848569553185,6447.719978507788,0.0,6447.719978507788
1820,6413.873507549593,15.344194994137784,33.756672969943615,6447.630180519537,0.0,6447.630180519537
1821,6413.795545259516,15.344008481482096,33.74490690852049,6447.540452168037,0.0,6447.540452168037
1822,6413.717605860014,15.343822023588551,33.733187378742635,6447.450793238757,0.0,6447.450793238757
1823,6413.639689269496,15.343635620261951,33.72151424853116,6447.361203518027,0.0,6447.361203518027
1824,6413.561795405464,15.343449271304939,33.70988738624664,6447.271682791711,0.0,6447.271682791711
1825,6413.483924186299,15.343262976522247,33.69830666068766,6447.182230846987,0.0,6447.182230846987
1826,6413.406075530271,15.343076735718352,33.686771941089376,6447.09284747136,0.0,6447.09284747136
1827,6413.328249355378,15.342890548697076,33.67528309712201,6447.0035324525,0.0,6447.0035324525
1828,6413.250445579917,15.34270441526296,33.66383999888945,6446.914285578807,0.0,6446.914285578807
1829,6413.172664122348,15.342518335220927,33.65244251692782,6446.825106639276,0.0,6446.825106639276
1830,6413.09490490081,15.342332308375145,33.641090522204,6446.735995423014,0.0,6446.735995423014
1831,6413.017167833818,15.342146334530666,33.62978388611428,6446.646951719933,0.0,6446.646951719933
1832,6412.939452839951,15.341960413492705,33.61852248048288,6446.557975320434,0.0,6446.557975320434
1833,6412.861759837639,15.341774545066121,33.607306177560574,6446.469066015199,0.0,6446.469066015199
1834,6412.78408874512,15.341588729055312,33.5961348500233,6446.380223595143,0.0,6446.380223595143
1835,6412.706439481606,15.341402965267001,33.585008370970726,6446.291447852577,0.0,6446.291447852577
1836,6412.628811965469,15.341217253505906,33.573926613924925,6446.2027385793945,0.0,6446.2027385793945
1837,6412.55120611528,15.341031593577226,33.56288945282893,6446.114095568109,0.0,6446.114095568109
1838,6412.4736218501175,15.340845985287363,33.55189676204542,6446.025518612163,0.0,6446.025518612163
1839,6412.396059088763,15.340660428442016,33.54094841635535,6445.937007505118,0.0,6445.937007505118
1840,6412.318517750112,15.340474922847157,33.53004429095654,6445.848562041068,0.0,6445.848562041068
1841,6412.240997753113,15.340289468308884,33.519184261462385,6445.760182014576,0.0,6445.760182014576
1842,6412.163499016721,15.340104064633305,33.50836820390049,6445.671867220622,0.0,6445.671867220622
1843,6412.086021460091,15.33991871162701,33.49759599471131,6445.583617454802,0.0,6445.583617454802
1844,6412.00856500231,15.339733409096436,33.48686751074689,6445.4954325130575,0.0,6445.4954325130575
1845,6411.931129562912,15.339548156849073,33.476182629269445,6445.407312192182,0.0,6445.407312192182
1846,6411.853715060677,15.339362954690616,33.46554122795015,6445.319256288627,0.0,6445.319256288627
1847,6411.776321415109,15.339177802428491,33.4549431848677,6445.231264599976,0.0,6445.231264599976
1848,6411.69894854596,15.338992699870717,33.444388378507135,6445.143336924467,0.0,6445.143336924467
1849,6411.621596372402,15.338807646823927,33.43387668775849,6445.05547306016,0.0,6445.05547306016
1850,6411.544264813663,15.338622643094888,33.423407991915475,6444.967672805578,0.0,6444.967672805578
1851,6411.466953789999,15.33843768849282,33.41298217067425,6444.879935960674,0.0,6444.879935960674
1852,6411.389663220462,15.338252782824073,33.402599104132086,6444.792262324594,0.0,6444.792262324594
1853,6411.312393025023,15.338067925897185,33.392258672786156,6444.704651697809,0.0,6444.704651697809
1854,6411.2351431237685,15.337883117520978,33.381960757532234,6444.617103881301,0.0,6444.617103881301
1855,6411.157913436049,15.337698357502509,33.371705239663434,6444.529618675712,0.0,6444.529618675712
1856,6411.080703882133,15.337513645651036,33.361492000868964,6444.442195883002,0.0,6444.442195883002
1857,6411.003514382071,15.33732898177529,33.35132092323289,6444.354835305305,0.0,6444.354835305305
1858,6410.926344855489,15.337144365682988,33.34119188923288,6444.267536744722,0.0,6444.267536744722
1859,6410.849195223136,15.336959797184536,33.33110478173901,6444.180300004875,0.0,6444.180300004875
1860,6410.77206540473,15.33677527608787,33.321059484012466,6444.093124888742,0.0,6444.093124888742
1861,6410.69495532097,15.336590802203277,33.31105587970436,6444.006011200674,0.0,6444.006011200674
1862,6410.6178648916575,15.336406375338894,33.30109385285458,6443.918958744512,0.0,6443.918958744512
1863,6410.540794037767,15.336221995305664,33.291173287890444,6443.831967325657,0.0,6443.831967325657
1864,6410.463742679589,15.336037661912892,33.28129406962561,6443.745036749215,0.0,6443.745036749215
1865,6410.386710737703,15.335853374970581,33.27145608325881,6443.658166820962,0.0,6443.658166820962
1866,6410.309698132867,15.335669134289155,33.26165921437272,6443.57135734724,0.0,6443.57135734724
1867,6410.232704785611,15.335484939678494,33.2519033489327,6443.484608134543,0.0,6443.484608134543
1868,6410.155730616866,15.335300790949441,33.242188373285664,6443.397918990152,0.0,6443.397918990152
1869,6410.078775547408,15.33511668791246,33.23251417415891,6443.311289721567,0.0,6443.311289721567
1870,6410.0018394983545,15.33493263037884,33.22288063865892,6443.224720137014,0.0,6443.224720137014
1871,6409.924922390717,15.33474861815961,33.213287654270225,6443.138210044987,0.0,6443.138210044987
1872,6409.848024145593,15.334564651066012,33.2037351088542,6443.051759254447,0.0,6443.051759254447
1873,6409.771144683971,15.334380728909021,33.19422289064796,6442.965367574619,0.0,6442.965367574619
1874,6409.694283927391,15.334196851500934,33.18475088826321,6442.8790348156535,0.0,6442.8790348156535
1875,6409.617441797058,15.334013018653248,33.175318990685085,6442.792760787743,0.0,6442.792760787743
1876,6409.5406182143515,15.333829230177875,33.16592708727101,6442.706545301622,0.0,6442.706545301622
1877,6409.463813100921,15.33364548588737,33.156575067749586,6442.62038816867,0.0,6442.62038816867
1878,6409.38702637847,15.333461785594427,33.147262822219446,6442.534289200689,0.0,6442.534289200689
1879,6409.310257968363,15.333278129110916,33.13799024114816,6442.448248209511,0.0,6442.448248209511
1880,6409.233507792431,15.333094516249835,33.12875721537111,6442.362265007802,0.0,6442.362265007802
1881,6409.156775772618,15.332910946824445,33.11956363609034,6442.276339408709,0.0,6442.276339408709
1882,6409.080061830795,15.332727420647835,33.11040939487355,6442.190471225668,0.0,6442.190471225668
1883,6409.003365889213,15.332543937534002,33.10129438365289,6442.104660272866,0.0,6442.104660272866
1884,6408.9266878694425,15.332360497295317,33.09221849472394,6442.0189063641665,0.0,6442.0189063641665
1885,6408.850027693936,15.332177099746257,33.083181620744554,6441.93320931468,0.0,6441.93320931468
1886,6408.77338528488,15.33199374470067,33.07418365473388,6441.847568939614,0.0,6441.847568939614
1887,6408.696760564802,15.331810431973212,33.065224490071124,6441.761985054874,0.0,6441.761985054874
1888,6408.620153455935,15.331627161377835,33.05630402049465,6441.676457476429,0.0,6441.676457476429
1889,6408.543563880787,15.331443932729155,33.047422140100814,6441.590986020888,0.0,6441.590986020888
1890,6408.46699176197,15.331260745842034,33.03857874334292,6441.505570505314,0.0,6441.505570505314
1891,6408.390437022328,15.331077600531886,33.02977372503012,6441.420210747358,0.0,6441.420210747358
1892,6408.313899584491,15.330894496613615,33.02100698032644,6441.334906564817,0.0,6441.334906564817
1893,6408.237379371258,15.33071143390253,33.01227840474967,6441.249657776008,0.0,6441.249657776008
1894,6408.160876305812,15.33052841221486,33.00358789417035,6441.164464199983,0.0,6441.164464199983
1895,6408.084390310775,15.33034543136549,32.99493534481072,6441.079325655586,0.0,6441.079325655586
1896,6408.007921309745,15.33016249117164,32.98632065324367,6440.994241962989,0.0,6440.994241962989
1897,6407.931469225561,15.32997959144871,32.97774371639174,6440.909212941953,0.0,6440.909212941953
1898,6407.855033982002,15.329796732014358,32.969204431526066,6440.824238413528,0.0,6440.824238413528
1899,6407.778615501991,15.32961391268419,32.96070269626539,6440.739318198257,0.0,6440.739318198257
1900,6407.702213709132,15.329431133275435,32.95223840857501,6440.654452117707,0.0,6440.654452117707
1901,6407.625828526943,15.329248393605127,32.943811466765816,6440.569639993709,0.0,6440.569639993709
1902,6407.549459879138,15.329065693490762,32.9354217694932,6440.484881648632,0.0,6440.484881648632
1903,6407.473107689708,15.328883032750497,32.92706921575617,6440.400176905464,0.0,6440.400176905464
1904,6407.39677188249,15.328700411202128,32.91875370489623,6440.315525587386,0.0,6440.315525587386
1905,6407.320452380915,15.328517828662477,32.9104751365965,6440.230927517512,0.0,6440.230927517512
1906,6407.244149109515,15.328335284950994,32.90223341088061,6440.1463825203955,0.0,6440.1463825203955
1907,6407.167861992151,15.32815277988553,32.894028428111824,6440.061890420263,0.0,6440.061890420263
1908,6407.091590953191,15.327970313285148,32.885860088991976,6439.977451042183,0.0,6439.977451042183
1909,6407.015335916889,15.327787884968634,32.877728294560576,6439.893064211449,0.0,6439.893064211449
1910,6406.939096808024,15.327605494756039,32.86963294619375,6439.808729754218,0.0,6439.808729754218
1911,6406.862873550384,15.327423142465035,32.86157394560334,6439.724447495988,0.0,6439.724447495988
1912,6406.786666069202,15.32724082791675,32.85355119483591,6439.640217264037,0.0,6439.640217264037
1913,6406.710474288765,15.32705855093006,32.8455645962718,6439.556038885037,0.0,6439.556038885037
1914,6406.634298133815,15.326876311324916,32.837614052624126,6439.471912186439,0.0,6439.471912186439
1915,6406.558137529947,15.326694108923318,32.82969946693794,6439.387836996885,0.0,6439.387836996885
1916,6406.48199240125,15.326511943543661,32.82182074258914,6439.303813143839,0.0,6439.303813143839
1917,6406.405862673466,15.326329815008291,32.81397778328365,6439.21984045675,0.0,6439.21984045675
1918,6406.329748271164,15.326147723136756,32.806170493056385,6439.13591876422,0.0,6439.13591876422
1919,6406.25364912041,15.325965667752177,32.7983987762704,6439.05204789668,0.0,6439.05204789668
1920,6406.177565145863,15.325783648674314,32.79066253761591,6438.968227683479,0.0,6438.968227683479
1921,6406.101496273372,15.325601665725769,32.78296168210937,6438.884457955481,0.0,6438.884457955481
1922,6406.025442428366,15.325419718728147,32.77529611509256,6438.8007385434585,0.0,6438.8007385434585
1923,6405.949403536422,15.325237807503402,32.767665742231685,6438.717069278654,0.0,6438.717069278654
1924,6405.8733795234675,15.325055931874324,32.76007046951639,6438.6334499929835,0.0,6438.6334499929835
1925,6405.797370315518,15.324874091663917,32.75251020325897,6438.549880518776,0.0,6438.549880518776
1926,6405.721375838427,15.324692286694802,32.74498485009334,6438.466360688521,0.0,6438.466360688521
1927,6405.645396017929,15.324510516789303,32.73749431697419,6438.382890334903,0.0,6438.382890334903
1928,6405.569430780406,15.324328781771307,32.73003851117612,6438.299469291582,0.0,6438.299469291582
1929,6405.493480052458,15.32414708146521,32.72261734029265,6438.21609739275,0.0,6438.21609739275
1930,6405.4175437598915,15.32396541569352,32.71523071223542,6438.132774472127,0.0,6438.132774472127
1931,6405.341621829391,15.32378378428084,32.70787853523328,6438.049500364625,0.0,6438.049500364625
1932,6405.265714187918,15.323602187052435,32.70056071783134,6437.96627490575,0.0,6437.96627490575
1933,6405.1898207615695,15.323420623831506,32.69327716889018,6437.883097930459,0.0,6437.883097930459
1934,6405.11394147747,15.323239094443707,32.68602779758494,6437.7999692750545,0.0,6437.7999692750545
1935,6405.038076262348,15.323057598713751,32.67881251340444,6437.7168887757525,0.0,6437.7168887757525
1936,6404.962225042997,15.3228761364665,32.671631226150275,6437.633856269147,0.0,6437.633856269147
1937,6404.886387746943,15.322694707528571,32.664483845936005,6437.550871592879,0.0,6437.550871592879
1938,6404.81056430102,15.32251331172493,32.65737028318629,6437.467934584207,0.0,6437.467934584207
1939,6404.734754632769,15.322331948882223,32.650290448636,6437.385045081405,0.0,6437.385045081405
1940,6404.658958669268,15.322150618826,32.643244253329364,6437.302202922598,0.0,6437.302202922598
1941,6404.583176338369,15.321969321383659,32.636231608619156,6437.219407946988,0.0,6437.219407946988
1942,6404.507407567287,15.32178805638107,32.62925242616576,6437.136659993454,0.0,6437.136659993454
1943,6404.431652283939,15.321606823645787,32.62230661793648,6437.053958901875,0.0,6437.053958901875
1944,6404.355910416138,15.321425623005114,32.615394096204504,6436.971304512343,0.0,6436.971304512343
1945,6404.280181891859,15.321244454286743,32.6085147735482,6436.888696665407,0.0,6436.888696665407
1946,6404.204466638756,15.321063317317597,32.60166856285026,6436.806135201606,0.0,6436.806135201606
1947,6404.128764585533,15.320882211927112,32.59485537729682,6436.72361996283,0.0,6436.72361996283
1948,6404.053075659874,15.320701137942281,32.58807513037666,6436.64115079025,0.0,6436.64115079025
1949,6403.97739979048,15.320520095192537,32.58132773588042,6436.558727526361,0.0,6436.558727526361
1950,6403.90173690553,15.320339083506052,32.574613107899694,6436.4763500134295,0.0,6436.4763500134295
1951,6403.826086933598,15.320158102711957,32.56793116082628,6436.394018094425,0.0,6436.394018094425
1952,6403.750449803385,15.319977152639677,32.561281809351335,6436.311731612736,0.0,6436.311731612736
1953,6403.6748254438435,15.319796233119243,32.554664968464586,6436.229490412308,0.0,6436.229490412308
1954,6403.599213783496,15.319615343979656,32.548080553453474,6436.14729433695,0.0,6436.14729433695
1955,6403.523614751648,15.31943448505179,32.5415284799024,6436.065143231551,0.0,6436.065143231551
1956,6403.448028277047,15.319253656165184,32.53500866369188,6435.983036940739,0.0,6435.983036940739
1957,6403.37245428907,15.319072857150886,32.528521020997786,6435.900975310068,0.0,6435.900975310068
1958,6403.296892716895,15.318892087839462,32.52206546829051,6435.818958185186,0.0,6435.818958185186
1959,6403.221343489899,15.318711348061958,32.5156419223342,6435.736985412233,0.0,6435.736985412233
1960,6403.145806537936,15.318530637650564,32.509250300185926,6435.655056838122,0.0,6435.655056838122
1961,6403.070281790206,15.318349956435899,32.50289051919497,6435.5731723094,0.0,6435.5731723094
1962,6402.994769176483,15.31816930424996,32.49656249700199,6435.491331673485,0.0,6435.491331673485
1963,6402.9192686268025,15.317988680925366,32.4902661515382,6435.4095347783405,0.0,6435.4095347783405
1964,6402.843780070981,15.317808086294212,32.48400140102468,6435.327781472006,0.0,6435.327781472006
1965,6402.76830343913,15.317627520189307,32.47776816397152,6435.246071603102,0.0,6435.246071603102
1966,6402.6928386612635,15.317446982443213,32.47156635917709,6435.16440502044,0.0,6435.16440502044
1967,6402.61738566762,15.317266472889042,32.46539590572729,6435.082781573346,0.0,6435.082781573346
1968,6402.541944388991,15.317085991361223,32.45925672299472,6435.001201111986,0.0,6435.001201111986
1969,6402.466514755335,15.31690553769219,32.45314873063799,6434.919663485973,0.0,6434.919663485973
1970,6402.391096697494,15.316725111716492,32.44707184860089,6434.8381685460945,0.0,6434.8381685460945
1971,6402.315690146324,15.31654471326872,32.441025997111616,6434.756716143436,0.0,6434.756716143436
1972,6402.240295032176,15.316364342182238,32.43501109668215,6434.675306128858,0.0,6434.675306128858
1973,6402.16491128638,15.316183998292775,32.429027068107374,6434.593938354487,0.0,6434.593938354487
1974,6402.089538839766,15.316003681434847,32.42307383246435,6434.51261267223,0.0,6434.51261267223
1975,6402.014177623762,15.315823391444408,32.41715131111159,6434.431328934874,0.0,6434.431328934874
1976,6401.938827569322,15.315643128156273,32.411259425688314,6434.35008699501,0.0,6434.35008699501
1977,6401.863488607933,15.315462891406538,32.40539809811369,6434.268886706046,0.0,6434.268886706046
1978,6401.788160670983,15.31528268103106,32.399567250586124,6434.18772792157,0.0,6434.18772792157
1979,6401.712843690197,15.3151024968665,32.393766805582466,6434.106610495779,0.0,6434.106610495779
1980,6401.637537596955,15.314922338748696,32.38799668585735,6434.025534282812,0.0,6434.025534282812
1981,6401.562242323622,15.314742206515842,32.3822568144424,6433.944499138064,0.0,6433.944499138064
1982,6401.486957801829,15.314562100004375,32.37654711464552,6433.863504916474,0.0,6433.863504916474
1983,6401.411683963461,15.314382019051342,32.3708675100502,6433.782551473511,0.0,6433.782551473511
1984,6401.336420740732,15.314201963494574,32.36521792451477,6433.701638665247,0.0,6433.701638665247
1985,6401.261168066176,15.314021933172668,32.35959828217163,6433.620766348347,0.0,6433.620766348347
1986,6401.185925871861,15.313841927923113,32.35400850742662,6433.539934379288,0.0,6433.539934379288
1987,6401.110694090272,15.313661947584382,32.34844852495822,6433.45914261523,0.0,6433.45914261523
1988,6401.035472654057,15.313481991995353,32.34291825971691,6433.378390913774,0.0,6433.378390913774
1989,6400.960261496148,15.313302060995568,32.33741763692441,6433.297679133072,0.0,6433.297679133072
1990,6400.885060549126,15.313122154423747,32.33194658207297,6433.217007131199,0.0,6433.217007131199
1991,6400.809869745937,15.312942272119468,32.32650502092475,6433.136374766862,0.0,6433.136374766862
1992,6400.734689019778,15.312762413922913,32.321092879510964,6433.055781899288,0.0,6433.055781899288
1993,6400.659518303413,15.312582579673238,32.3157100841313,6432.975228387544,0.0,6432.975228387544
1994,6400.584357530709,15.312402769212223,32.31035656135316,6432.894714092062,0.0,6432.894714092062
1995,6400.509206634455,15.31222298237908,32.305032238011016,6432.814238872466,0.0,6432.814238872466
1996,6400.434065548666,15.312043219015948,32.29973704120565,6432.733802589872,0.0,6432.733802589872
1997,6400.3589342064915,15.311863478962898,32.29447089830351,6432.653405104795,0.0,6432.653405104795
1998,6400.283812542029,15.311683762062271,32.289233736936005,6432.573046278965,0.0,6432.573046278965
1999,6400.208700488981,15.311504068155458,32.284025484998836,6432.49272597398,0.0,6432.49272597398
2000,6400.1335979814085,15.311324397084709,32.27884607065127,6432.41244405206,0.0,6432.41244405206
2001,6400.058504953167,15.311144748691788,32.273695422315484,6432.332200375483,0.0,6432.332200375483
2002,6399.983421338516,15.310965122819415,32.26857346867591,6432.251994807191,0.0,6432.251994807191
2003,6399.908347071667,15.310785519310208,32.263480138678496,6432.171827210345,0.0,6432.171827210345
2004,6399.833282087112,15.310605938007445,32.2584153615301,6432.091697448642,0.0,6432.091697448642
2005,6399.758226319695,15.31042637875525,32.253379066697725,6432.011605386392,0.0,6432.011605386392
2006,6399.683179703434,15.310246841395774,32.24837118390795,6431.9315508873415,0.0,6431.9315508873415
2007,6399.608142173687,15.310067325774371,32.243391643146204,6431.851533816834,0.0,6431.851533816834
2008,6399.533113664922,15.309887831734263,32.2384403746561,6431.771554039578,0.0,6431.771554039578
2009,6399.458094112137,15.309708359119945,32.23351730893877,6431.691611421075,0.0,6431.691611421075
2010,6399.383083450568,15.309528907776478,32.22862237675224,6431.61170582732,0.0,6431.61170582732
2011,6399.308081615474,15.309349477548981,32.2237555091107,6431.531837124585,0.0,6431.531837124585
2012,6399.233088542185,15.30917006828274,32.218916637283904,6431.452005179469,0.0,6431.452005179469
2013,6399.158104165785,15.30899067982245,32.214105692796494,6431.372209858581,0.0,6431.372209858581
2014,6399.083128422405,15.308811312015322,32.209322607427346,6431.292451029833,0.0,6431.292451029833
2015,6399.008161247106,15.308631964705995,32.20456731320891,6431.212728560315,0.0,6431.212728560315
2016,6398.9332025762815,15.3084526377423,32.1998397424266,6431.133042318708,0.0,6431.133042318708
2017,6398.858252345439,15.30827333096995,32.19513982761805,6431.053392173057,0.0,6431.053392173057
2018,6398.783310490672,15.308094044236057,32.190467501572584,6430.973777992245,0.0,6430.973777992245
2019,6398.7083769482,15.307914777388037,32.18582269733051,6430.8941996455305,0.0,6430.8941996455305
2020,6398.633451653988,15.3077355302727,32.18120534818248,6430.814657002171,0.0,6430.814657002171
2021,6398.558534544896,15.307556302738986,32.176615387668846,6430.735149932565,0.0,6430.735149932565
2022,6398.483625557045,15.307377094634079,32.17205274957906,6430.655678306624,0.0,6430.655678306624
2023,6398.408724627255,15.307197905806829,32.167517367950985,6430.576241995206,0.0,6430.576241995206
2024,6398.333831691976,15.307018736105206,32.1630091770703,6430.4968408690465,0.0,6430.4968408690465
2025,6398.258946688211,15.306839585378494,32.15852811146987,6430.41747479968,0.0,6430.41747479968
2026,6398.184069552868,15.30666045347576,32.15407410592904,6430.338143658797,0.0,6430.338143658797
2027,6398.109200222942,15.306481340246272,32.14964709547314,6430.258847318415,0.0,6430.258847318415
2028,6398.03433863597,15.306302245540598,32.145247015372746,6430.179585651343,0.0,6430.179585651343
2029,6397.959484728757,15.306123169207552,32.140873801143094,6430.1003585299,0.0,6430.1003585299
2030,6397.884638438895,15.305944111097835,32.136527388543456,6430.021165827438,0.0,6430.021165827438
2031,6397.809799704093,15.305765071062424,32.132207713576534,6429.94200741767,0.0,6429.94200741767
2032,6397.734968461799,15.305586048951673,32.127914712487836,6429.862883174287,0.0,6429.862883174287
2033,6397.660144649792,15.305407044616727,32.12364832176502,6429.783792971557,0.0,6429.783792971557
2034,6397.585328205937,15.30522805790894,32.119408478137345,6429.704736684074,0.0,6429.704736684074
2035,6397.51051906831,15.305049088680168,32.11519511857501,6429.625714186885,0.0,6429.625714186885
2036,6397.435717175028,15.304870136782364,32.11100818028852,6429.546725355316,0.0,6429.546725355316
2037,6397.36092246422,15.304691202067511,32.1068476007282,6429.467770064948,0.0,6429.467770064948
2038,6397.286134874196,15.304512284388029,32.10271331758338,6429.388848191779,0.0,6429.388848191779
2039,6397.211354343701,15.30433338359737,32.098605268781995,6429.309959612483,0.0,6429.309959612483
2040,6397.136580810981,15.304154499547803,32.09452339248986,6429.231104203471,0.0,6429.231104203471
2041,6397.0618142149715,15.303975632093234,32.0904676271101,6429.152281842082,0.0,6429.152281842082
2042,6396.987054494286,15.303796781086808,32.086437911282545,6429.073492405569,0.0,6429.073492405569
2043,6396.912301588054,15.303617946382905,32.08243418388315,6428.9947357719375,0.0,6428.9947357719375
2044,6396.837555435167,15.303439127835327,32.078456384023376,6428.91601181919,0.0,6428.91601181919
2045,6396.76281597486,15.303260325298709,32.07450445104959,6428.83732042591,0.0,6428.83732042591
2046,6396.688083146422,15.303081538627804,32.07057832454249,6428.758661470964,0.0,6428.758661470964
2047,6396.613356889144,15.302902767677377,32.06667794431648,6428.68003483346,0.0,6428.68003483346
2048,6396.5386371427685,15.302724012303274,32.06280325041915,6428.601440393188,0.0,6428.601440393188
2049,6396.463923846861,15.302545272360911,32.058954183130595,6428.522878029991,0.0,6428.522878029991
2050,6396.389216940926,15.302366547705565,32.055130682962904,6428.444347623889,0.0,6428.444347623889
2051,6396.314516365155,15.30218783819415,32.051332690659514,6428.365849055815,0.0,6428.365849055815
2052,6396.239822059258,15.302009143682435,32.04756014719465,6428.287382206452,0.0,6428.287382206452
2053,6396.165133963363,15.301830464027184,32.04381299377278,6428.208946957136,0.0,6428.208946957136
2054,6396.090452018057,15.30165179908626,32.04009117182799,6428.1305431898845,0.0,6428.1305431898845
2055,6396.015776163376,15.30147314871621,32.03639462302337,6428.0521707864,0.0,6428.0521707864
2056,6395.941106339703,15.301294512774408,32.03272328925057,6427.973829628953,0.0,6427.973829628953
2057,6395.866442487795,15.301115891119128,32.02907711262904,6427.895519600424,0.0,6427.895519600424
2058,6395.791784548255,15.300937283608267,32.02545603550562,6427.817240583761,0.0,6427.817240583761
2059,6395.717132462102,15.300758690100723,32.02186000045385,6427.738992462556,0.0,6427.738992462556
2060,6395.64248616979,15.300580110454042,32.01828895027348,6427.660775120064,0.0,6427.660775120064
2061,6395.567845612889,15.300401544528443,32.01474282798985,6427.582588440879,0.0,6427.582588440879
2062,6395.493210732215,15.300222992182333,32.01122157685335,6427.504432309068,0.0,6427.504432309068
2063,6395.418581469126,15.300044453275422,32.00772514033882,6427.426306609465,0.0,6427.426306609465
2064,6395.343957765234,15.299865927668025,32.00425346214502,6427.34821122738,0.0,6427.34821122738
2065,6395.269339561644,15.299687415219244,32.000806486194044,6427.270146047838,0.0,6427.270146047838
2066,6395.194726800184,15.299508915789914,31.997384156630773,6427.192110956815,0.0,6427.192110956815
2067,6395.120119422931,15.299330429241461,31.99398641782231,6427.114105840753,0.0,6427.114105840753
2068,6395.04551737123,15.299151955433564,31.990613214357403,6427.036130585588,0.0,6427.036130585588
2069,6394.970920587525,15.298973494228528,31.98726449104592,6426.958185078571,0.0,6426.958185078571
2070,6394.896329013555,15.298795045486974,31.983940192918254,6426.880269206474,0.0,6426.880269206474
2071,6394.821742591701,15.298616609071056,31.98064026522481,6426.802382856926,0.0,6426.802382856926
2072,6394.7471612641675,15.298438184842507,31.9773646534354,6426.7245259176025,0.0,6426.7245259176025
2073,6394.672584973772,15.298259772664528,31.974113303238756,6426.646698277011,0.0,6426.646698277011
2074,6394.598013662859,15.298081372399183,31.970886160541923,6426.568899823401,0.0,6426.568899823401
2075,6394.523447274104,15.29790298390934,31.967683171469716,6426.491130445574,0.0,6426.491130445574
2076,6394.448885750085,15.297724607057619,31.964504282364206,6426.413390032449,0.0,6426.413390032449
2077,6394.374329034294,15.297546241708837,31.96134943978416,6426.335678474078,0.0,6426.335678474078
2078,6394.299777069353,15.297367887725724,31.958218590504487,6426.257995659857,0.0,6426.257995659857
2079,6394.22522979865,15.297189544972847,31.95511168151568,6426.180341480165,0.0,6426.180341480165
2080,6394.15068716526,15.297011213314018,31.95202866002333,6426.102715825284,0.0,6426.102715825284
2081,6394.07614911292,15.29683289261464,31.948969473447512,6426.025118586367,0.0,6426.025118586367
2082,6394.001615584778,15.296654582738704,31.94593406942228,6425.9475496542,0.0,6425.9475496542
2083,6393.92708652448,15.296476283551387,31.942922395795165,6425.870008920275,0.0,6425.870008920275
2084,6393.852561876132,15.296297994918977,31.939934400626584,6425.792496276759,0.0,6425.792496276759
2085,6393.778041583475,15.296119716706878,31.936970032189286,6425.7150116156645,0.0,6425.7150116156645
2086,6393.70352559039,15.295941448780837,31.93402923896791,6425.637554829358,0.0,6425.637554829358
2087,6393.629013841096,15.295763191007406,31.931111969658378,6425.5601258107545,0.0,6425.5601258107545
2088,6393.55450627957,15.29558494325256,31.92821817316738,6425.482724452738,0.0,6425.482724452738
2089,6393.480002850639,15.295406705384304,31.925347798611853,6425.405350649251,0.0,6425.405350649251
2090,6393.405503498272,15.295228477268594,31.92250079531845,6425.32800429359,0.0,6425.32800429359
2091,6393.331008167499,15.295050258773921,31.919677112822974,6425.250685280322,0.0,6425.250685280322
2092,6393.256516802775,15.294872049767404,31.91687670086995,6425.173393503645,0.0,6425.173393503645
2093,6393.182029348754,15.294693850116637,31.914099509411965,6425.096128858167,0.0,6425.096128858167
2094,6393.107545750685,15.294515659690633,31.911345488609246,6425.018891239294,0.0,6425.018891239294
2095,6393.033065953723,15.29433747835819,31.908614588829142,6424.941680542553,0.0,6424.941680542553
2096,6392.95858990257,15.294159305987009,31.905906760645525,6424.8644966632155,0.0,6424.8644966632155
2097,6392.884117542879,15.293981142447079,31.903221954838337,6424.787339497717,0.0,6424.787339497717
2098,6392.809648820128,15.293802987607963,31.900560122393024,6424.710208942522,0.0,6424.710208942522
2099,6392.735183679314,15.293624841338072,31.897921214500073,6424.633104893815,0.0,6424.633104893815
2100,6392.660722066796,15.29344670350908,31.895305182554434,6424.55602724935,0.0,6424.55602724935
2101,6392.586263928029,15.2932685739905,31.89271197815506,6424.478975906184,0.0,6424.478975906184
2102,6392.5118092087505,15.293090452652514,31.89014155310438,6424.401950761855,0.0,6424.401950761855
2103,6392.4373578551385,15.29291233936636,31.887593859407737,6424.324951714546,0.0,6424.324951714546
2104,6392.3629098131805,15.292734234002824,31.885068849272933,6424.2479786624535,0.0,6424.2479786624535
2105,6392.28846502935,15.292556136433852,31.882566475109726,6424.171031504459,0.0,6424.171031504459
2106,6392.214023449664,15.292378046530295,31.880086689529286,6424.094110139193,0.0,6424.094110139193
2107,6392.139585020923,15.292199964164887,31.877629445343665,6424.0172144662665,0.0,6424.0172144662665
2108,6392.065149689683,15.292021889209767,31.875194695565376,6423.940344385248,0.0,6423.940344385248
2109,6391.990717402586,15.291843821537286,31.872782393406798,6423.8634997959925,0.0,6423.8634997959925
2110,6391.916288106122,15.29166576101943,31.87039249227972,6423.786680598401,0.0,6423.786680598401
2111,6391.8418617479165,15.291487707530901,31.868024945794843,6423.709886693711,0.0,6423.709886693711
2112,6391.767438274546,15.29130966094389,31.86567970776126,6423.633117982307,0.0,6423.633117982307
2113,6391.6930176333335,15.291131621132378,31.863356732185952,6423.556374365519,0.0,6423.556374365519
2114,6391.618599771701,15.290953587970577,31.861055973273288,6423.4796557449745,0.0,6423.4796557449745
2115,6391.544184636733,15.290775561331897,31.858777385424553,6423.402962022157,0.0,6423.402962022157
2116,6391.469772176326,15.290597541091689,31.85652092323741,6423.326293099563,0.0,6423.326293099563
2117,6391.3953623379875,15.290419527124373,31.854286541505445,6423.249648879493,0.0,6423.249648879493
2118,6391.320955069383,15.290241519304743,31.85207419521763,6423.173029264601,0.0,6423.173029264601
2119,6391.246550318587,15.29006351750858,31.849883839557872,6423.096434158145,0.0,6423.096434158145
2120,6391.17214803358,15.289885521611435,31.847715429904508,6423.019863463484,0.0,6423.019863463484
2121,6391.09774816227,15.289707531488686,31.845568921829788,6422.9433170841,0.0,6422.9433170841
2122,6391.023350653308,15.289529547017482,31.8434442710994,6422.866794924407,0.0,6422.866794924407
2123,6390.948955454525,15.289351568073027,31.84134143367201,6422.790296888197,0.0,6422.790296888197
2124,6390.874562514983,15.289173594533452,31.839260365698735,6422.713822880682,0.0,6422.713822880682
2125,6390.80017178303,15.288995626275192,31.83720102352264,6422.637372806553,0.0,6422.637372806553
2126,6390.725783207118,15.288817663174925,31.83516336367832,6422.560946570797,0.0,6422.560946570797
2127,6390.651396736514,15.288639705111276,31.83314734289136,6422.484544079405,0.0,6422.484544079405
2128,6390.57701232004,15.288461751961819,31.83115291807786,6422.408165238118,0.0,6422.408165238118
2129,6390.50262990651,15.288283803604092,31.82918004634395,6422.331809952854,0.0,6422.331809952854
2130,6390.428249445348,15.288105859917101,31.827228684985368,6422.255478130333,0.0,6422.255478130333
2131,6390.353870886081,15.287927920780097,31.82529879148683,6422.179169677567,0.0,6422.179169677567
2132,6390.279494177592,15.287749986070795,31.823390323521735,6422.102884501113,0.0,6422.102884501113
2133,6390.205119269674,15.287572055669076,31.82150323895156,6422.026622508625,0.0,6422.026622508625
2134,6390.130746112288,15.287394129455235,31.81963749582546,6421.950383608113,0.0,6421.950383608113
2135,6390.056374654638,15.287216207307745,31.81779305237971,6421.8741677070175,0.0,6421.8741677070175
2136,6389.982004847016,15.287038289107693,31.81596986703729,6421.7979747140525,0.0,6421.7979747140525
2137,6389.907636639626,15.286860374735946,31.814167898407387,6421.721804538033,0.0,6421.721804538033
2138,6389.833269981876,15.286682464071474,31.81238710528497,6421.6456570871605,0.0,6421.6456570871605
2139,6389.758904824578,15.286504556996599,31.81062744665022,6421.569532271228,0.0,6421.569532271228
2140,6389.684541118053,15.286326653392472,31.808888881668125,6421.493429999721,0.0,6421.493429999721
2141,6389.610178812627,15.286148753140257,31.80717136968802,6421.417350182315,0.0,6421.417350182315
2142,6389.535817858958,15.285970856121908,31.805474870243078,6421.341292729201,0.0,6421.341292729201
2143,6389.461458207968,15.285792962220018,31.803799343049874,6421.265257551017,0.0,6421.265257551017
2144,6389.387099809917,15.285615071315592,31.80214474800789,6421.189244557925,0.0,6421.189244557925
2145,6389.312742616379,15.285437183292773,31.800511045199094,6421.113253661579,0.0,6421.113253661579
2146,6389.238386578242,15.285259298034072,31.798898194887396,6421.03728477313,0.0,6421.03728477313
2147,6389.16403164653,15.28508141542232,31.797306157518285,6420.9613378040485,0.0,6420.9613378040485
2148,6389.089677772454,15.2849035353408,31.795734893718258,6420.885412666172,0.0,6420.885412666172
2149,6389.015324907921,15.284725657674453,31.79418436429446,6420.809509272216,0.0,6420.809509272216
2150,6388.9409730040825,15.284547782306417,31.792654530234167,6420.733627534317,0.0,6420.733627534317
2151,6388.866622012586,15.28436990912102,31.79114535270429,6420.65776736529,0.0,6420.65776736529
2152,6388.792271885481,15.284192038003543,31.789656793051005,6420.581928678532,0.0,6420.581928678532
2153,6388.717922574384,15.284014168838238,31.788188812799216,6420.506111387183,0.0,6420.506111387183
2154,6388.643574031286,15.283836301510254,31.78674137365215,6420.4303154049385,0.0,6420.4303154049385
2155,6388.569226208481,15.283658435905458,31.78531443749087,6420.3545406459725,0.0,6420.3545406459725
2156,6388.494879058328,15.283480571909875,31.783907966373857,6420.278787024701,0.0,6420.278787024701
2157,6388.4205325328785,15.283302709408801,31.782521922536468,6420.2030544554145,0.0,6420.2030544554145
2158,6388.346186584709,15.283124848288779,31.781156268390596,6420.1273428531,0.0,6420.1273428531
2159,6388.271841166315,15.282946988436162,31.77981096652415,6420.05165213284,0.0,6420.05165213284
2160,6388.197496230739,15.28276912973861,31.778485979700605,6419.975982210439,0.0,6419.975982210439
2161,6388.123151730575,15.282591272082716,31.77718127085857,6419.900333001434,0.0,6419.900333001434
2162,6388.048807618656,15.282413415355636,31.775896803111333,6419.824704421767,0.0,6419.824704421767
2163,6387.974463848214,15.282235559445489,31.774632539746406,6419.749096387961,0.0,6419.749096387961
2164,6387.9001203725,15.282057704240431,31.773388444225077,6419.673508816725,0.0,6419.673508816725
2165,6387.825777144497,15.281879849627982,31.77216448018197,6419.597941624679,0.0,6419.597941624679
2166,6387.751434117925,15.281701995497428,31.770960611424623,6419.52239472935,0.0,6419.52239472935
2167,6387.677091246169,15.281524141737247,31.76977680193296,6419.446868048102,0.0,6419.446868048102
2168,6387.602748483001,15.281346288236845,31.768613015858943,6419.37136149886,0.0,6419.37136149886
2169,6387.52840578197,15.281168434885096,31.76746921752606,6419.295874999496,0.0,6419.295874999496
2170,6387.4540630970105,15.280990581571796,31.766345371428933,6419.220408468439,0.0,6419.220408468439
2171,6387.379720382076,15.280812728186785,31.76524144223283,6419.144961824309,0.0,6419.144961824309
2172,6387.305377591668,15.280634874621216,31.76415739477326,6419.069534986441,0.0,6419.069534986441
2173,6387.231034679387,15.280457020764084,31.76309319405554,6418.994127873443,0.0,6418.994127873443
2174,6387.156691600048,15.280279166507293,31.76204880525429,6418.918740405303,0.0,6418.918740405303
2175,6387.082348307911,15.280101311741415,31.76102419371309,6418.843372501624,0.0,6418.843372501624
2176,6387.008004757814,15.279923456358407,31.760019324943954,6418.768024082758,0.0,6418.768024082758
2177,6386.933660903915,15.2797456002486,31.759034164626947,6418.692695068542,0.0,6418.692695068542
2178,6386.859316701513,15.279567743305055,31.758068678609753,6418.617385380123,0.0,6418.617385380123
2179,6386.784972105206,15.279389885419153,31.757122832907196,6418.542094938113,0.0,6418.542094938113
2180,6386.710627070353,15.2792120264841,31.756196593700842,6418.466823664055,0.0,6418.466823664055
2181,6386.636281552006,15.279034166392359,31.75528992733858,6418.391571479345,0.0,6418.391571479345
2182,6386.561935505216,15.2788563050364,31.754402800334137,6418.31633830555,0.0,6418.31633830555
2183,6386.487588885428,15.278678442309635,31.7535351793667,6418.241124064794,0.0,6418.241124064794
2184,6386.413241648499,15.278500578106456,31.752687031280434,6418.165928679779,0.0,6418.165928679779
2185,6386.338893749717,15.278322712319897,31.75185832308411,6418.090752072801,0.0,6418.090752072801
2186,6386.2645451447725,15.278144844843954,31.751049021950642,6418.0155941667235,0.0,6418.0155941667235
2187,6386.190195789732,15.27796697557352,31.75025909521665,6417.940454884948,0.0,6417.940454884948
2188,6386.115845640476,15.277789104403054,31.749488510382086,6417.865334150859,0.0,6417.865334150859
2189,6386.041494653047,15.277611231227386,31.74873723510974,6417.790231888157,0.0,6417.790231888157
2190,6385.967142783664,15.27743335594178,31.748005237224866,6417.715148020889,0.0,6417.715148020889
2191,6385.892789988836,15.277255478442191,31.747292484714713,6417.64008247355,0.0,6417.64008247355
2192,6385.818436224661,15.277077598623592,31.746598945728152,6417.565035170389,0.0,6417.565035170389
2193,6385.744081447883,15.276899716382495,31.745924588575193,6417.490006036458,0.0,6417.490006036458
2194,6385.669725615211,15.276721831615337,31.745269381726615,6417.414994996938,0.0,6417.414994996938
2195,6385.59536868319,15.276543944218158,31.744633293813536,6417.340001977003,0.0,6417.340001977003
2196,6385.52101060905,15.276366054088635,31.744016293626984,6417.265026902677,0.0,6417.265026902677
2197,6385.446651349464,15.276188161123121,31.743418350117473,6417.190069699582,0.0,6417.190069699582
2198,6385.3722908619,15.276010265219856,31.74283943239462,6417.115130294294,0.0,6417.115130294294
2199,6385.297929103349,15.275832366275955,31.74227950972666,6417.040208613075,0.0,6417.040208613075
2200,6385.223566031279,15.275654464189662,31.74173855154008,6416.965304582819,0.0,6416.965304582819
2201,6385.149201602965,15.275476558858768,31.741216527419212,6416.890418130384,0.0,6416.890418130384
2202,6385.0748357763605,15.27529865018268,31.740713407105737,6416.815549183466,0.0,6416.815549183466
2203,6385.000468508745,15.275120738059199,31.740229160498398,6416.740697669244,0.0,6416.740697669244
2204,6384.926099758186,15.274942822388004,31.73976375765246,6416.665863515838,0.0,6416.665863515838
2205,6384.851729482669,15.274764903068586,31.7393171687794,6416.591046651448,0.0,6416.591046651448
2206,6384.777357640052,15.274586980000125,31.73888936424641,6416.516247004299,0.0,6416.516247004299
2207,6384.702984188498,15.27440905308253,31.738480314576066,6416.441464503074,0.0,6416.441464503074
2208,6384.62860908665,15.274231122216865,31.738089990445857,6416.366699077095,0.0,6416.366699077095
2209,6384.554232292489,15.274053187302606,31.73771836268779,6416.291950655177,0.0,6416.291950655177
2210,6384.479853764555,15.27387524824056,31.737365402288013,6416.217219166842,0.0,6416.217219166842
2211,6384.405473461829,15.273697304932606,31.737031080386366,6416.142504542216,0.0,6416.142504542216
2212,6384.331091342661,15.273519357279094,31.736715368275988,6416.0678067109375,0.0,6416.0678067109375
2213,6384.256707366093,15.273341405182041,31.736418237402916,6415.993125603496,0.0,6415.993125603496
2214,6384.182321491096,15.273163448543293,31.73613965936568,6415.9184611504625,0.0,6415.9184611504625
2215,6384.107933676547,15.272985487264467,31.735879605914874,6415.843813282462,0.0,6415.843813282462
2216,6384.033543882093,15.272807521249026,31.735638048952822,6415.769181931046,0.0,6415.769181931046
2217,6383.959152066509,15.272629550398348,31.735414960533056,6415.6945670270425,0.0,6415.6945670270425
2218,6383.884758189509,15.27245157461605,31.735210312860048,6415.6199685023685,0.0,6415.6199685023685
2219,6383.810362210729,15.272273593805572,31.73502407828873,6415.545386289018,0.0,6415.545386289018
2220,6383.7359640896,15.272095607869858,31.734856229324055,6415.470820318924,0.0,6415.470820318924
2221,6383.661563785908,15.271917616712697,31.73470673862071,6415.3962705245285,0.0,6415.3962705245285
2222,6383.587161259506,15.271739620238051,31.734575578982607,6415.3217368384885,0.0,6415.3217368384885
2223,6383.512756470689,15.271561618350932,31.73446272336257,6415.2472191940515,0.0,6415.2472191940515
2224,6383.438349379299,15.271383610955262,31.734368144861897,6415.172717524161,0.0,6415.172717524161
2225,6383.363939945735,15.271205597956305,31.73429181672995,6415.098231762465,0.0,6415.098231762465
2226,6383.289528130288,15.271027579259062,31.73423371236378,6415.023761842652,0.0,6415.023761842652
2227,6383.215113893297,15.270849554768652,31.734193805307743,6414.949307698605,0.0,6414.949307698605
2228,6383.140697195584,15.270671524391348,31.734172069253074,6414.874869264837,0.0,6414.874869264837
2229,6383.066277997363,15.270493488031969,31.734168478037486,6414.8004464754,0.0,6414.8004464754
2230,6382.991856260007,15.270315445598102,31.73418300564486,6414.726039265652,0.0,6414.726039265652
2231,6382.917431943935,15.270137396995061,31.73421562620474,6414.65164757014,0.0,6414.65164757014
2232,6382.843005010653,15.269959342130749,31.734266313991995,6414.577271324644,0.0,6414.577271324644
2233,6382.768575420865,15.269781280911161,31.734335043426455,6414.502910464292,0.0,6414.502910464292
2234,6382.694143136139,15.269603213244352,31.734421789072464,6414.4285649252115,0.0,6414.4285649252115
2235,6382.619708117477,15.269425139037025,31.73452652563855,6414.354234643115,0.0,6414.354234643115
2236,6382.545270326903,15.269247058198332,31.73464922797696,6414.27991955488,0.0,6414.27991955488
2237,6382.470829725445,15.269068970635034,31.734789871083372,6414.205619596528,0.0,6414.205619596528
2238,6382.396386275316,15.268890876256737,31.73494843009642,6414.131334705413,0.0,6414.131334705413
2239,6382.321939937983,15.268712774971252,31.735124880297327,6414.05706481828,0.0,6414.05706481828
2240,6382.247490675476,15.268534666687742,31.735319197109604,6413.982809872586,0.0,6413.982809872586
2241,6382.173038449921,15.2683565513156,31.73553135609849,6413.908569806019,0.0,6413.908569806019
2242,6382.098583223284,15.268178428763836,31.735761332970746,6413.834344556254,0.0,6413.834344556254
2243,6382.024124958245,15.26800029894317,31.736009103574176,6413.760134061819,0.0,6413.760134061819
2244,6381.949663616813,15.26782216176271,31.73627464389726,6413.685938260711,0.0,6413.685938260711
2245,6381.8751991617355,15.267644017133339,31.736557930068805,6413.611757091804,0.0,6413.611757091804
2246,6381.800731555401,15.267465864965075,31.73685893835753,6413.537590493759,0.0,6413.537590493759
2247,6381.726260760575,15.26728770516884,31.73717764517167,6413.463438405747,0.0,6413.463438405747
2248,6381.651786740464,15.267109537656612,31.737514027058637,6413.389300767522,0.0,6413.389300767522
2249,6381.577309457527,15.266931362338582,31.737868060704603,6413.315177518231,0.0,6413.315177518231
2250,6381.502828875127,15.266753179127099,31.738239722934146,6413.241068598061,0.0,6413.241068598061
2251,6381.4283449564155,15.266574987934009,31.73862899070989,6413.166973947125,0.0,6413.166973947125
2252,6381.353857664732,15.266396788671607,31.739035841132104,6413.092893505864,0.0,6413.092893505864
2253,6381.279366963357,15.26621858125205,31.739460251438306,6413.018827214795,0.0,6413.018827214795
2254,6381.2048728157415,15.266040365587898,31.73990219900293,6412.944775014745,0.0,6412.944775014745
2255,6381.130375185903,15.26586214159307,31.740361661336912,6412.87073684724,0.0,6412.87073684724
2256,6381.0558740371025,15.265683909179671,31.740838616087363,6412.79671265319,0.0,6412.79671265319
2257,6380.981369333507,15.265505668261978,31.74133304103714,6412.7227023745445,0.0,6412.7227023745445
2258,6380.906861039014,15.265327418753623,31.741844914104504,6412.648705953118,0.0,6412.648705953118
2259,6380.832349117807,15.265149160568917,31.74237421334277,6412.5747233311495,0.0,6412.5747233311495
2260,6380.7578335340095,15.264970893622031,31.742920916939884,6412.500754450949,0.0,6412.500754450949
2261,6380.683314251786,15.26479261782724,31.74348500321809,6412.426799255004,0.0,6412.426799255004
2262,6380.60879123586,15.264614333100143,31.744066450633547,6412.352857686494,0.0,6412.352857686494
2263,6380.534264450573,15.264436039355436,31.744665237775965,6412.278929688348,0.0,6412.278929688348
2264,6380.459733860515,15.26425773650841,31.74528134336824,6412.205015203884,0.0,6412.205015203884
2265,6380.385199430749,15.264079424475476,31.745914746266074,6412.131114177015,0.0,6412.131114177015
2266,6380.310661125723,15.263901103171586,31.746565425457646,6412.05722655118,0.0,6412.05722655118
2267,6380.236118910758,15.263722772513775,31.747233360063166,6411.983352270821,0.0,6411.983352270821
2268,6380.161572750954,15.26354443241855,31.747918529334598,6411.909491280289,0.0,6411.909491280289
2269,6380.0870226111665,15.263366082801834,31.748620912655227,6411.835643523822,0.0,6411.835643523822
2270,6380.012468457201,15.26318772358182,31.74934048953935,6411.7618089467405,0.0,6411.7618089467405
2271,6379.937910254142,15.26300935467498,31.75007723963187,6411.687987493773,0.0,6411.687987493773
2272,6379.863347967748,15.262830975999398,31.750831142707973,6411.6141791104565,0.0,6411.6141791104565
2273,6379.788781563654,15.262652587472857,31.751602178672698,6411.540383742326,0.0,6411.540383742326
2274,6379.714211007471,15.262474189013089,31.75239032756069,6411.466601335032,0.0,6411.466601335032
2275,6379.6396362651685,15.26229578053868,31.75319556953567,6411.392831834704,0.0,6411.392831834704
2276,6379.565057302741,15.26211736196828,31.754017884890253,6411.319075187631,0.0,6411.319075187631
2277,6379.490474086607,15.261938933221547,31.75485725404547,6411.245331340652,0.0,6411.245331340652
2278,6379.415886582242,15.26176049421589,31.755713657550505,6411.1716002397925,0.0,6411.1716002397925
2279,6379.3412947567795,15.261582044872679,31.756587076082212,6411.097881832861,0.0,6411.097881832861
2280,6379.266698576003,15.261403585110056,31.757477490444877,6411.0241760664485,0.0,6411.0241760664485
2281,6379.192098007087,15.261225114849491,31.758384881569807,6410.9504828886575,0.0,6410.9504828886575
2282,6379.117493016437,15.261046634010615,31.759309230514965,6410.876802246952,0.0,6410.876802246952
2283,6379.0428835706625,15.260868142513546,31.760250518464638,6410.8031340891275,0.0,6410.8031340891275
2284,6378.968269636785,15.260689640279391,31.761208726729052,6410.729478363514,0.0,6410.729478363514
2285,6378.893651181688,15.26051112722892,31.762183836744097,6410.655835018432,0.0,6410.655835018432
2286,6378.819028172609,15.260332603283754,31.763175830070853,6410.582204002681,0.0,6410.582204002681
2287,6378.744400576965,15.260154068365944,31.764184688395353,6410.50858526536,0.0,6410.50858526536
2288,6378.669768361688,15.259975522396381,31.765210393528132,6410.4349787552155,0.0,6410.4349787552155
2289,6378.5951314943795,15.259796965297559,31.766252927403954,6410.361384421783,0.0,6410.361384421783
2290,6378.520489942943,15.259618396992686,31.767312272081437,6410.287802215024,0.0,6410.287802215024
2291,6378.445843674542,15.25943981740321,31.76838840974266,6410.214232084284,0.0,6410.214232084284
2292,6378.3711926570595,15.259261226452296,31.76948132269289,6410.140673979752,0.0,6410.140673979752
2293,6378.296536858683,15.259082624063835,31.770590993360184,6410.067127852043,0.0,6410.067127852043
2294,6378.22187624706,15.258904010160432,31.77171740429504,6409.993593651356,0.0,6409.993593651356
2295,6378.147210790569,15.258725384666434,31.772860538170068,6409.920071328739,0.0,6409.920071328739
2296,6378.072540457367,15.258546747505662,31.774020377779657,6409.846560835146,0.0,6409.846560835146
2297,6377.997865215716,15.258368098602192,31.77519690603959,6409.773062121756,0.0,6409.773062121756
2298,6377.923185034013,15.258189437880414,31.77639010598671,6409.69957514,0.0,6409.69957514
2299,6377.848499881004,15.258010765265558,31.7775999607786,6409.626099841782,0.0,6409.626099841782
2300,6377.773809725169,15.257832080682222,31.778826453693206,6409.552636178862,0.0,6409.552636178862
2301,6377.6991145355305,15.257653384056294,31.78006956812854,6409.4791841036595,0.0,6409.4791841036595
2302,6377.624414280537,15.25747467531229,31.78132928760228,6409.40574356814,0.0,6409.40574356814
2303,6377.549708929544,15.2572959543769,31.782605595751487,6409.332314525295,0.0,6409.332314525295
2304,6377.474998451726,15.257117221176378,31.783898476332197,6409.258896928058,0.0,6409.258896928058
2305,6377.400282816146,15.256938475636712,31.785207913219146,6409.185490729365,0.0,6409.185490729365
2306,6377.325561991923,15.256759717684027,31.786533890405373,6409.1120958823285,0.0,6409.1120958823285
2307,6377.250835948814,15.256580947245967,31.78787639200193,6409.038712340815,0.0,6409.038712340815
2308,6377.176104656346,15.256402164249632,31.789235402237498,6408.965340058584,0.0,6408.965340058584
2309,6377.101368084153,15.256223368622376,31.79061090545812,6408.891978989612,0.0,6408.891978989612
2310,6377.026626201843,15.25604456029149,31.79200288612678,6408.81862908797,0.0,6408.81862908797
2311,6376.951878979543,15.25586573918551,31.793411328823098,6408.745290308366,0.0,6408.745290308366
2312,6376.877126387048,15.25568690523217,31.794836218243027,6408.671962605291,0.0,6408.671962605291
2313,6376.802368394541,15.255508058360146,31.796277539198456,6408.59864593374,0.0,6408.59864593374
2314,6376.727604971987,15.255329198497575,31.79773527661693,6408.525340248603,0.0,6408.525340248603
2315,6376.652836090289,15.255150325574855,31.79920941554127,6408.452045505831,0.0,6408.452045505831
2316,6376.578061719303,15.254971439519863,31.80069994112932,6408.378761660432,0.0,6408.378761660432
2317,6376.503281829809,15.2547925402627,31.80220683865349,6408.305488668462,0.0,6408.305488668462
2318,6376.428496392476,15.254613627733196,31.803730093500526,6408.232226485976,0.0,6408.232226485976
2319,6376.35370537805,15.254434701861364,31.805269691171127,6408.158975069221,0.0,6408.158975069221
2320,6376.278908757385,15.254255762577476,31.806825617279642,6408.085734374665,0.0,6408.085734374665
2321,6376.204106501474,15.254076809812139,31.808397857553746,6408.012504359028,0.0,6408.012504359028
2322,6376.129298581258,15.253897843495832,31.809986397834056,6407.939284979092,0.0,6407.939284979092
2323,6376.05448496794,15.253718863559666,31.81159122407387,6407.866076192014,0.0,6407.866076192014
2324,6375.979665633288,15.253539869936096,31.813212322338774,6407.792877955627,0.0,6407.792877955627
2325,6375.904840548206,15.253360862555517,31.81484967880639,6407.7196902270125,0.0,6407.7196902270125
2326,6375.830009684625,15.253181841350777,31.816503279765964,6407.646512964391,0.0,6407.646512964391
2327,6375.755173013777,15.253002806253054,31.8181731116181,6407.573346125395,0.0,6407.573346125395
2328,6375.68033050743,15.25282375719481,31.819859160874433,6407.500189668304,0.0,6407.500189668304
2329,6375.60548213758,15.252644694109044,31.821561414157223,6407.427043551737,0.0,6407.427043551737
2330,6375.5306278764365,15.252465616929275,31.82327985819915,6407.353907734636,0.0,6407.353907734636
2331,6375.455767695845,15.252286525588145,31.825014479842917,6407.280782175688,0.0,6407.280782175688
2332,6375.3809015678,15.25210742001866,31.826765266040926,6407.20766683384,0.0,6407.20766683384
2333,6375.306029465004,15.251928300155512,31.82853220385499,6407.134561668859,0.0,6407.134561668859
2334,6375.231151359233,15.25174916593118,31.830315280455977,6407.061466639689,0.0,6407.061466639689
2335,6375.1562672237105,15.251570017281605,31.83211448312352,6406.988381706834,0.0,6406.988381706834
2336,6375.081377030616,15.25139085414023,31.833929799245652,6406.915306829862,0.0,6406.915306829862
2337,6375.006480752851,15.251211676442226,31.83576121631856,6406.842241969169,0.0,6406.842241969169
2338,6374.931578362983,15.251032484121968,31.837608721946168,6406.7691870849285,0.0,6406.7691870849285
2339,6374.856669834391,15.250853277115768,31.83947230383987,6406.696142138231,0.0,6406.696142138231
2340,6374.781755139757,15.25067405535827,31.84135194981824,6406.623107089575,0.0,6406.623107089575
2341,6374.706834252254,15.250494818785297,31.84324764780664,6406.550081900061,0.0,6406.550081900061
2342,6374.6319071456255,15.250315567334033,31.845159385836975,6406.477066531463,0.0,6406.477066531463
2343,6374.556973792649,15.250136300939351,31.847087152047347,6406.4040609446965,0.0,6406.4040609446965
2344,6374.482034167157,15.249957019538652,31.849030934681693,6406.331065101838,0.0,6406.331065101838
2345,6374.4070882426395,15.249777723068515,31.850990722089566,6406.258078964729,0.0,6406.258078964729
2346,6374.332135992718,15.249598411465831,31.85296650272573,6406.185102495443,0.0,6406.185102495443
2347,6374.257177391319,15.249419084668226,31.85495826514989,6406.112135656469,0.0,6406.112135656469
2348,6374.182212412294,15.249239742613142,31.856965998026382,6406.03917841032,0.0,6406.03917841032
2349,6374.10724102989,15.249060385238971,31.858989690123835,6405.966230720014,0.0,6405.966230720014
2350,6374.032263217945,15.248881012483123,31.861029330314878,6405.8932925482595,0.0,6405.8932925482595
2351,6373.957278950767,15.248701624284132,31.863084907575796,6405.820363858344,0.0,6405.820363858344
2352,6373.8822882025515,15.248522220580266,31.865156410986263,6405.7474446135375,0.0,6405.7474446135375
2353,6373.807290948486,15.248342801312168,31.86724382972901,6405.674534778215,0.0,6405.674534778215
2354,6373.73228716215,15.248163366416627,31.869347153089507,6405.60163431524,0.0,6405.60163431524
2355,6373.657276819002,15.247983915834933,31.871466370455664,6405.528743189458,0.0,6405.528743189458
2356,6373.582259893368,15.247804449505665,31.873601471317514,6405.455861364686,0.0,6405.455861364686
2357,6373.507236360323,15.247624967369195,31.87575244526691,6405.38298880559,0.0,6405.38298880559
2358,6373.432206194686,15.247445469365278,31.877919281997237,6405.310125476683,0.0,6405.310125476683
2359,6373.357169371811,15.247265955434955,31.880101971303038,6405.237271343114,0.0,6405.237271343114
2360,6373.282125866733,15.2470864255185,31.88230050307979,6405.164426369813,0.0,6405.164426369813
2361,6373.207075654833,15.246906879557017,31.884514867323542,6405.091590522156,0.0,6405.091590522156
2362,6373.132018711649,15.246727317491983,31.886745054130618,6405.018763765779,0.0,6405.018763765779
2363,6373.056955012415,15.24654773926415,31.88899105369734,6404.945946066112,0.0,6404.945946066112
2364,6372.98188453309,15.246368144816005,31.89125285631966,6404.87313738941,0.0,6404.87313738941
2365,6372.906807249292,15.246188534089216,31.893530452392945,6404.800337701685,0.0,6404.800337701685
2366,6372.8317231368865,15.246008907026043,31.8958238324116,6404.727546969298,0.0,6404.727546969298
2367,6372.756632171917,15.24582926356918,31.898132986968797,6404.654765158885,0.0,6404.654765158885
2368,6372.681534330165,15.245649603660683,31.900457906756152,6404.581992236921,0.0,6404.581992236921
2369,6372.606429588242,15.245469927244597,31.90279858256345,6404.509228170805,0.0,6404.509228170805
2370,6372.5313179222,15.245290234263637,31.90515500527834,6404.4364729274785,0.0,6404.4364729274785
2371,6372.456199308217,15.245110524660806,31.907527165885984,6404.363726474103,0.0,6404.363726474103
2372,6372.381073723285,15.244930798381064,31.909915055468858,6404.290988778754,0.0,6404.290988778754
2373,6372.305941143587,15.244751055367432,31.912318665206346,6404.218259808793,0.0,6404.218259808793
2374,6372.230801546068,15.244571295564755,31.91473798637448,6404.145539532442,0.0,6404.145539532442
2375,6372.155654907457,15.24439151891736,31.91717301034567,6404.072827917802,0.0,6404.072827917802
2376,6372.080501204877,15.24421172537052,31.919623728588377,6404.0001249334655,0.0,6404.0001249334655
2377,6372.00534041516,15.244031914868804,31.922090132666817,6403.9274305478275,0.0,6403.9274305478275
2378,6371.9301725153055,15.24385208735719,31.92457221424067,6403.854744729546,0.0,6403.854744729546
2379,6371.8549974827,15.24367224278158,31.92706996506476,6403.782067447765,0.0,6403.782067447765
2380,6371.779815294942,15.243492381088377,31.92958337698881,6403.70939867193,0.0,6403.70939867193
2381,6371.704625929095,15.243312502222714,31.932112441957116,6403.636738371052,0.0,6403.636738371052
2382,6371.629429363003,15.243132606131585,31.934657152008224,6403.564086515011,0.0,6403.564086515011
2383,6371.554225574341,15.242952692761582,31.937217499274656,6403.491443073616,0.0,6403.491443073616
2384,6371.479014540486,15.242772762058578,31.93979347598265,6403.418808016469,0.0,6403.418808016469
2385,6371.403796239961,15.242592813971198,31.942385074451835,6403.346181314412,0.0,6403.346181314412
2386,6371.328570650279,15.242412848445644,31.94499228709493,6403.273562937375,0.0,6403.273562937375
2387,6371.253337749795,15.24223286543013,31.94761510641746,6403.200952856212,0.0,6403.200952856212
2388,6371.178097516549,15.242052864872127,31.950253525017462,6403.128351041567,0.0,6403.128351041567
2389,6371.102849929069,15.24187284672026,31.952907535585233,6403.055757464654,0.0,6403.055757464654
2390,6371.027594965345,15.241692810921878,31.955577130902967,6402.983172096248,0.0,6402.983172096248
2391,6370.95233260441,15.241512757426818,31.958262303844513,6402.910594908254,0.0,6402.910594908254
2392,6370.877062824551,15.241332686183137,31.960963047375095,6402.838025871926,0.0,6402.838025871926
2393,6370.801785604648,15.241152597140307,31.963679354550983,6402.765464959199,0.0,6402.765464959199
2394,6370.726500923573,15.240972490247783,31.96641121851922,6402.692912142093,0.0,6402.692912142093
2395,6370.651208760034,15.240792365454627,31.96915863251734,6402.620367392551,0.0,6402.620367392551
2396,6370.5759090934425,15.240612222711585,31.97192158987306,6402.547830683316,0.0,6402.547830683316
2397,6370.500601902643,15.240432061968045,31.97470008400403,6402.4753019866475,0.0,6402.4753019866475
2398,6370.425287167093,15.240251883174864,31.97749410841752,6402.402781275511,0.0,6402.402781275511
2399,6370.349964866202,15.24007168628278,31.980303656710127,6402.330268522912,0.0,6402.330268522912
2400,6370.274634979118,15.239891471241908,31.983128722567514,6402.257763701686,0.0,6402.257763701686
2401,6370.199297485885,15.23971123800451,31.98596929976409,6402.185266785649,0.0,6402.185266785649
2402,6370.123952365712,15.239530986520842,31.98882538216275,6402.112777747875,0.0,6402.112777747875
2403,6370.048599598822,15.239350716743592,31.991696963714634,6402.040296562536,0.0,6402.040296562536
2404,6369.973239164845,15.23917042862403,31.994584038458726,6401.967823203304,0.0,6401.967823203304
2405,6369.897871043788,15.238990122114325,31.99748660052166,6401.895357644309,0.0,6401.895357644309
2406,6369.8224952159235,15.238809797167281,32.00040464411744,6401.822899860041,0.0,6401.822899860041
2407,6369.7471116613415,15.238629453735268,32.0033381635471,6401.750449824888,0.0,6401.750449824888
2408,6369.671720360225,15.238449091770873,32.006287153198464,6401.678007513423,0.0,6401.678007513423
2409,6369.5963212933875,15.2382687112282,32.00925160754585,6401.605572900933,0.0,6401.605572900933
2410,6369.520914441122,15.2380883120601,32.0122315211498,6401.533145962272,0.0,6401.533145962272
2411,6369.4454997839475,15.23790789421997,32.01522688865682,6401.460726672604,0.0,6401.460726672604
2412,6369.370077302792,15.237727457662182,32.01823770479903,6401.388315007591,0.0,6401.388315007591
2413,6369.294646978473,15.237547002340845,32.02126396439394,6401.315910942867,0.0,6401.315910942867
2414,6369.219208791816,15.237366528210085,32.024305662344155,6401.24351445416,0.0,6401.24351445416
2415,6369.143762723791,15.237186035224381,32.027362793637096,6401.171125517428,0.0,6401.171125517428
2416,6369.068308755966,15.237005523339633,32.03043535334476,6401.098744109311,0.0,6401.098744109311
2417,6368.992846869376,15.236824992510469,32.03352333662333,6401.026370205999,0.0,6401.026370205999
2418,6368.917377045296,15.236644442692096,32.036626738713025,6400.954003784009,0.0,6400.954003784009
2419,6368.841899265397,15.236463873840663,32.03974555493777,6400.881644820334,0.0,6400.881644820334
2420,6368.766413510903,15.23628328591125,32.0428797807049,6400.809293291608,0.0,6400.809293291608
2421,6368.690919763716,15.236102678860565,32.046029411504904,6400.736949175221,0.0,6400.736949175221
2422,6368.61541800581,15.23592205264548,32.04919444291116,6400.6646124487215,0.0,6400.6646124487215
2423,6368.5399082189115,15.235741407222276,32.05237487057963,6400.5922830894915,0.0,6400.5922830894915
2424,6368.464390384965,15.235560742547761,32.05557069024862,6400.519961075213,0.0,6400.519961075213
2425,6368.388864485995,15.235380058578937,32.05878189773849,6400.447646383734,0.0,6400.447646383734
2426,6368.3133305042265,15.23519935527327,32.06200848895135,6400.375338993178,0.0,6400.375338993178
2427,6368.237788422233,15.235018632589075,32.065250459870846,6400.303038882104,0.0,6400.303038882104
2428,6368.162238222187,15.2348378904837,32.068507806561826,6400.230746028748,0.0,6400.230746028748
2429,6368.086679886794,15.234657128915774,32.0717805251701,6400.1584604119635,0.0,6400.1584604119635
2430,6368.011113398454,15.234476347843191,32.07506861192218,6400.0861820103755,0.0,6400.0861820103755
2431,6367.935538739982,15.234295547224837,32.07837206312497,6400.013910803107,0.0,6400.013910803107
2432,6367.859955894096,15.234114727019369,32.08169087516553,6399.941646769262,0.0,6399.941646769262
2433,6367.784364844081,15.233933887186797,32.08502504451077,6399.869389888592,0.0,6399.869389888592
2434,6367.708765572459,15.233753027685308,32.08837456770722,6399.797140140166,0.0,6399.797140140166
2435,6367.63315806271,15.233572148475384,32.09173944138071,6399.724897504091,0.0,6399.724897504091
2436,6367.557542298169,15.233391249517151,32.09511966223613,6399.652661960406,0.0,6399.652661960406
2437,6367.481918261752,15.233210330769742,32.09851522705719,6399.580433488809,0.0,6399.580433488809
2438,6367.406285937536,15.233029392195062,32.101926132706105,6399.508212070243,0.0,6399.508212070243
2439,6367.3306453084715,15.232848433752324,32.105352376123314,6399.435997684594,0.0,6399.435997684594
2440,6367.254996358731,15.232667455403663,32.108793954327275,6399.363790313058,0.0,6399.363790313058
2441,6367.179339071576,15.232486457109033,32.1122508644141,6399.29158993599,0.0,6399.29158993599
2442,6367.103673431158,15.232305438830522,32.115723103557386,6399.219396534716,0.0,6399.219396534716
2443,6367.027999421365,15.232124400529582,32.11921066900789,6399.147210090373,0.0,6399.147210090373
2444,6366.952317026406,15.231943342168435,32.1227135580933,6399.075030584499,0.0,6399.075030584499
2445,6366.876626230267,15.231762263708772,32.12623176821793,6399.002857998485,0.0,6399.002857998485
2446,6366.800927017378,15.231581165113344,32.129765296862445,6398.93069231424,0.0,6398.93069231424
2447,6366.725219372042,15.231400046344598,32.13331414158367,6398.858533513626,0.0,6398.858533513626
2448,6366.649503278916,15.231218907365829,32.13687830001424,6398.786381578931,0.0,6398.786381578931
2449,6366.573778722238,15.231037748139325,32.14045776986238,6398.7142364921,0.0,6398.7142364921
2450,6366.498045686865,15.230856568628864,32.144052548911596,6398.642098235777,0.0,6398.642098235777
2451,6366.42230415788,15.230675368798755,32.1476626350205,6398.5699667929,0.0,6398.5699667929
2452,6366.346554119956,15.230494148612335,32.151288026122444,6398.497842146078,0.0,6398.497842146078
2453,6366.27079555785,15.230312908033133,32.15492872022534,6398.425724278075,0.0,6398.425724278075
2454,6366.195028457008,15.230131647026337,32.158584715411315,6398.3536131724195,0.0,6398.3536131724195
2455,6366.11925280252,15.229950365556268,32.16225600983651,6398.281508812357,0.0,6398.281508812357
2456,6366.043468579725,15.22976906358786,32.16594260173079,6398.209411181456,0.0,6398.209411181456
2457,6365.967675773981,15.229587741086078,32.16964448939748,6398.137320263379,0.0,6398.137320263379
2458,6365.891874370886,15.229406398016474,32.173361671213115,6398.065236042099,0.0,6398.065236042099
2459,6365.816064356197,15.229225034344969,32.1770941456272,6397.993158501824,0.0,6397.993158501824
2460,6365.740245715177,15.229043650036308,32.18084191116186,6397.921087626339,0.0,6397.921087626339
2461,6365.664418434069,15.228862245057583,32.18460496641169,6397.849023400481,0.0,6397.849023400481
2462,6365.588582498745,15.228680819374988,32.18838331004341,6397.776965808789,0.0,6397.776965808789
2463,6365.512737894918,15.22849937295435,32.192176940795676,6397.704914835714,0.0,6397.704914835714
2464,6365.436884609371,15.228317905764046,32.19598585747873,6397.63287046685,0.0,6397.63287046685
2465,6365.361022627621,15.228136417769429,32.19981005897423,6397.560832686596,0.0,6397.560832686596
2466,6365.285151936487,15.227954908938964,32.20364954423493,6397.488801480722,0.0,6397.488801480722
2467,6365.209272522137,15.227773379239563,32.20750431228443,6397.416776834421,0.0,6397.416776834421
2468,6365.133384371267,15.227591828639396,32.21137436221697,6397.344758733484,0.0,6397.344758733484
2469,6365.0574874706035,15.227410257106706,32.21525969319708,6397.272747163801,0.0,6397.272747163801
2470,6364.9815818067655,15.227228664609486,32.21916030445939,6397.200742111225,0.0,6397.200742111225
2471,6364.905667366493,15.227047051116012,32.223076195308344,6397.1287435618015,0.0,6397.1287435618015
2472,6364.829744137003,15.226865416595702,32.22700736511798,6397.056751502121,0.0,6397.056751502121
2473,6364.753812105136,15.226683761017071,32.23095381333157,6396.984765918467,0.0,6396.984765918467
2474,6364.677871258264,15.226502084349914,32.23491553946151,6396.912786797725,0.0,6396.912786797725
2475,6364.601921583484,15.226320386563359,32.23889254308893,6396.840814126573,0.0,6396.840814126573
2476,6364.525963068054,15.226138667626923,32.24288482386353,6396.768847891917,0.0,6396.768847891917
2477,6364.449995699689,15.225956927511216,32.24689238150324,6396.696888081192,0.0,6396.696888081192
2478,6364.374019465852,15.22577516618625,32.25091521579404,6396.624934681646,0.0,6396.624934681646
2479,6364.298034354347,15.225593383622838,32.25495332658968,6396.552987680937,0.0,6396.552987680937
2480,6364.22204035265,15.225411579791029,32.25900671381135,6396.4810470664615,0.0,6396.4810470664615
2481,6364.146037448724,15.225229754662019,32.26307537744755,6396.409112826172,0.0,6396.409112826172
2482,6364.070025630993,15.225047908208117,32.26715931755376,6396.337184948547,0.0,6396.337184948547
2483,6363.994004886825,15.224866040399103,32.27125853425216,6396.265263421077,0.0,6396.265263421077
2484,6363.917975205006,15.224684151208148,32.27537302773145,6396.193348232738,0.0,6396.193348232738
2485,6363.841936573401,15.224502240606222,32.279502798246526,6396.121439371647,0.0,6396.121439371647
2486,6363.765888980639,15.224320308566123,32.283647846118285,6396.0495368267575,0.0,6396.0495368267575
2487,6363.689832414868,15.224138355059493,32.28780817173333,6395.977640586601,0.0,6395.977640586601
2488,6363.613766865201,15.223956380060288,32.29198377554369,6395.905750640744,0.0,6395.905750640744
2489,6363.537692319943,15.223774383540533,32.29617465806664,6395.83386697801,0.0,6395.83386697801
2490,6363.461608768118,15.223592365473966,32.30038081988439,6395.7619895880025,0.0,6395.7619895880025
2491,6363.385516198412,15.223410325833521,32.30460226164385,6395.690118460056,0.0,6395.690118460056
2492,6363.30941459978,15.223228264592775,32.30883898405637,6395.618253583837,0.0,6395.618253583837
2493,6363.233303961593,15.2230461817263,32.31309098789752,6395.546394949491,0.0,6395.546394949491
2494,6363.157184272948,15.22286407720801,32.31735827400675,6395.474542546955,0.0,6395.474542546955
2495,6363.081055523176,15.222681951012381,32.32164084328722,6395.402696366463,0.0,6395.402696366463
2496,6363.004917701416,15.222499803113436,32.32593869670552,6395.330856398122,0.0,6395.330856398122
2497,6362.928770797471,15.222317633486773,32.33025183529143,6395.259022632762,0.0,6395.259022632762
2498,6362.852614800593,15.222135442106682,32.3345802601376,6395.187195060731,0.0,6395.187195060731
2499,6362.776449700941,15.22195322894962,32.33892397239943,6395.11537367334,0.0,6395.11537367334
2500,6362.70027548813,15.221770993990742,32.34328297329468,6395.043558461424,0.0,6395.043558461424
2501,6362.624092152177,15.221588737206165,32.34765726410327,6394.97174941628,0.0,6394.97174941628
2502,6362.547899682665,15.22140645857097,32.35204684616706,6394.8999465288325,0.0,6394.8999465288325
2503,6362.471698070035,15.221224158062284,32.35645172088955,6394.828149790925,0.0,6394.828149790925
2504,6362.395487304615,15.221041835656974,32.360871889735655,6394.756359194351,0.0,6394.756359194351
2505,6362.3192673766,15.220859491331579,32.36530735423145,6394.684574730832,0.0,6394.684574730832
2506,6362.243038276458,15.220677125063297,32.36975811596389,6394.612796392422,0.0,6394.612796392422
2507,6362.166799994404,15.220494736828718,32.3742241765806,6394.541024170984,0.0,6394.541024170984
2508,6362.090552521437,15.220312326606308,32.37870553778959,6394.469258059226,0.0,6394.469258059226
2509,6362.01429584803,15.220129894373278,32.383202201359055,6394.3974980493895,0.0,6394.3974980493895
2510,6361.938029965035,15.219947440107738,32.38771416911704,6394.325744134152,0.0,6394.325744134152
2511,6361.861754863622,15.21976496378857,32.39224144295126,6394.253996306574,0.0,6394.253996306574
2512,6361.785470534492,15.21958246539352,32.396784024808824,6394.1822545593,0.0,6394.1822545593
2513,6361.709176969044,15.219399944902019,32.40134191669598,6394.11051888574,0.0,6394.11051888574
2514,6361.6328741582565,15.219217402292479,32.40591512067787,6394.038789278934,0.0,6394.038789278934
2515,6361.556562093718,15.219034837544779,32.41050363887826,6393.967065732596,0.0,6393.967065732596
2516,6361.480240766541,15.218852250637658,32.41510747347931,6393.89534824002,0.0,6393.89534824002
2517,6361.403910168317,15.218669641551,32.4197266267213,6393.8236367950385,0.0,6393.8236367950385
2518,6361.3275702908695,15.218487010265237,32.424361100902395,6393.751931391772,0.0,6393.751931391772
2519,6361.251221125892,15.218304356760507,32.429010898378465,6393.6802320242705,0.0,6393.6802320242705
2520,6361.174862665119,15.218121681017031,32.43367602156263,6393.608538686682,0.0,6393.608538686682
2521,6361.098494900676,15.217938983015971,32.4383564729253,6393.536851373601,0.0,6393.536851373601
2522,6361.02211782425,15.21775626273744,32.443052254993646,6393.465170079244,0.0,6393.465170079244
2523,6360.945731428161,15.217573520163064,32.44776337035148,6393.393494798513,0.0,6393.393494798513
2524,6360.869335704678,15.217390755274348,32.45248982163906,6393.321825526316,0.0,6393.321825526316
2525,6360.792930646116,15.217207968052907,32.457231611552736,6393.250162257668,0.0,6393.250162257668
2526,6360.716516245108,15.217025158481121,32.46198874284471,6393.178504987953,0.0,6393.178504987953
2527,6360.640092493849,15.21684232654031,32.46676121832285,6393.106853712172,0.0,6393.106853712172
2528,6360.563659384885,15.216659472212644,32.47154904085037,6393.035208425736,0.0,6393.035208425736
2529,6360.4872169114515,15.216476595481941,32.47635221334561,6392.963569124797,0.0,6392.963569124797
2530,6360.410765066087,15.216293696330352,32.481170738781806,6392.891935804869,0.0,6392.891935804869
2531,6360.334303841699,15.216110774740907,32.4860046201868,6392.820308461885,0.0,6392.820308461885
2532,6360.2578332314815,15.215927830697325,32.49085386064276,6392.748687092124,0.0,6392.748687092124
2533,6360.181353228518,15.215744864183057,32.495718463286074,6392.677071691804,0.0,6392.677071691804
2534,6360.104863825896,15.215561875181569,32.50059843130691,6392.605462257203,0.0,6392.605462257203
2535,6360.028365017264,15.215378863677666,32.50549376794908,6392.533858785213,0.0,6392.533858785213
2536,6359.951856795858,15.215195829655162,32.51040447650979,6392.462261272367,0.0,6392.462261272367
2537,6359.875339155204,15.215012773098573,32.51533056033928,6392.390669715543,0.0,6392.390669715543
2538,6359.798812088972,15.214829693992757,32.52027202284075,6392.319084111813,0.0,6392.319084111813
2539,6359.722275590827,15.214646592322552,32.525228867469906,6392.247504458297,0.0,6392.247504458297
2540,6359.645729654969,15.214463468074088,32.53020109773494,6392.175930752704,0.0,6392.175930752704
2541,6359.56917427511,15.21428032123232,32.53518871719602,6392.104362992306,0.0,6392.104362992306
2542,6359.492609445173,15.21409715178271,32.54019172946527,6392.032801174638,0.0,6392.032801174638
2543,6359.416035159564,15.213913959711874,32.545210138206365,6391.96124529777,0.0,6391.96124529777
2544,6359.33945141222,15.21373074500531,32.550243947134334,6391.889695359355,0.0,6391.889695359355
2545,6359.262858198015,15.213547507650754,32.555293160015296,6391.81815135803,0.0,6391.81815135803
2546,6359.186255510732,15.21336424763333,32.56035778066626,6391.746613291398,0.0,6391.746613291398
2547,6359.109643345446,15.213180964941259,32.56543781295478,6391.675081158401,0.0,6391.675081158401
2548,6359.033021696335,15.21299765956061,32.57053326079877,6391.603554957133,0.0,6391.603554957133
2549,6358.956390558555,15.212814331479796,32.57564412816625,6391.532034686721,0.0,6391.532034686721
2550,6358.879749927049,15.212630980686718,32.58077041907504,6391.460520346123,0.0,6391.460520346123
2551,6358.803099796427,15.212447607168485,32.58591213759255,6391.389011934019,0.0,6391.389011934019
2552,6358.726440161963,15.212264210913787,32.59106928783556,6391.317509449798,0.0,6391.317509449798
2553,6358.649771018635,15.21208079191061,32.596241873969845,6391.246012892605,0.0,6391.246012892605
2554,6358.573092361823,15.211897350147902,32.601429900210064,6391.174522262033,0.0,6391.174522262033
2555,6358.496404186863,15.211713885614506,32.60663337081941,6391.103037557683,0.0,6391.103037557683
2556,6358.41970648936,15.211530398299903,32.6118522901094,6391.031558779469,0.0,6391.031558779469
2557,6358.342999264305,15.211346888192118,32.617086662439604,6390.960085926745,0.0,6390.960085926745
2558,6358.266282508163,15.211163355282688,32.622336492217414,6390.8886190003805,0.0,6390.8886190003805
2559,6358.189556216131,15.210979799560121,32.62760178389779,6390.817158000029,0.0,6390.817158000029
2560,6358.1128203844255,15.210796221015372,32.632882541982916,6390.745702926409,0.0,6390.745702926409
2561,6358.03607500863,15.210612619637871,32.63817877102206,6390.674253779653,0.0,6390.674253779653
2562,6357.959320084854,15.210428995418312,32.64349047561128,6390.6028105604655,0.0,6390.6028105604655
2563,6357.882555609744,15.21024534834867,32.64881766039315,6390.531373270137,0.0,6390.531373270137
2564,6357.805781579107,15.210061678418917,32.654160330056506,6390.459941909164,0.0,6390.459941909164
2565,6357.728997989625,15.209877985621112,32.659518489336186,6390.388516478961,0.0,6390.388516478961
2566,6357.652204837286,15.209694269945661,32.66489214301282,6390.3170969802995,0.0,6390.3170969802995
2567,6357.575402118982,15.209510531385126,32.67028129591254,6390.245683414895,0.0,6390.245683414895
2568,6357.498589831519,15.209326769931863,32.67568595290669,6390.174275784426,0.0,6390.174275784426
2569,6357.421767971415,15.209142985577547,32.68110611891162,6390.102874090327,0.0,6390.102874090327
2570,6357.344936535408,15.208959178314373,32.68654179888843,6390.0314783342965,0.0,6390.0314783342965
2571,6357.268095520751,15.208775348135767,32.69199299784263,6389.960088518594,0.0,6389.960088518594
2572,6357.191244924465,15.208591495034604,32.69745972082401,6389.888704645288,0.0,6389.888704645288
2573,6357.114384743874,15.208407619004484,32.702941972926276,6389.8173267168,0.0,6389.8173267168
2574,6357.037514975802,15.208223720037804,32.70843975928683,6389.745954735089,0.0,6389.745954735089
2575,6356.960635617979,15.208039798129137,32.713953085086494,6389.674588703066,0.0,6389.674588703066
2576,6356.883746667752,15.207855853272134,32.71948195554931,6389.603228623301,0.0,6389.603228623301
2577,6356.806848122669,15.20767188546093,32.72502637594225,6389.531874498612,0.0,6389.531874498612
2578,6356.729939980464,15.207487894690106,32.73058635157486,6389.460526332039,0.0,6389.460526332039
2579,6356.653022239136,15.20730388095487,32.73616188779913,6389.389184126935,0.0,6389.389184126935
2580,6356.576094896134,15.207119844249124,32.74175299000917,6389.317847886144,0.0,6389.317847886144
2581,6356.499157949594,15.206935784568406,32.74735966364097,6389.246517613235,0.0,6389.246517613235
2582,6356.422211397818,15.206751701908654,32.752981914172125,6389.1751933119895,0.0,6389.1751933119895
2583,6356.345255238668,15.206567596264756,32.75861974712158,6389.10387498579,0.0,6389.10387498579
2584,6356.268289470434,15.206383467632618,32.76427316804933,6389.032562638483,0.0,6389.032562638483
2585,6356.191314091855,15.206199316009222,32.76994218255624,6388.961256274411,0.0,6388.961256274411
2586,6356.114329101105,15.206015141390203,32.77562679628372,6388.889955897389,0.0,6388.889955897389
2587,6356.037334496868,15.205830943772412,32.7813270149134,6388.818661511782,0.0,6388.818661511782
2588,6355.960330277835,15.205646723152716,32.78704284416705,6388.7473731220025,0.0,6388.7473731220025
2589,6355.883316442779,15.20546247952818,32.792774289806125,6388.676090732585,0.0,6388.676090732585
2590,6355.806292990403,15.205278212895701,32.7985213576316,6388.604814348034,0.0,6388.604814348034
2591,6355.729259920005,15.2050939232536,32.804284053483656,6388.533543973488,0.0,6388.533543973488
2592,6355.652217230592,15.204909610599502,32.810062383241466,6388.462279613834,0.0,6388.462279613834
2593,6355.575164921175,15.204725274931041,32.81585635282291,6388.391021273998,0.0,6388.391021273998
2594,6355.4981029914,15.204540916247367,32.821665968184234,6388.319768959584,0.0,6388.319768959584
2595,6355.421031440234,15.204356534546015,32.827491235319904,6388.248522675554,0.0,6388.248522675554
2596,6355.343950267463,15.204172129826466,32.83333216026223,6388.177282427725,0.0,6388.177282427725
2597,6355.266859472701,15.203987702087801,32.83918874908117,6388.106048221783,0.0,6388.106048221783
2598,6355.18975905535,15.203803251328589,32.84506100788404,6388.034820063234,0.0,6388.034820063234
2599,6355.112649015536,15.203618777549128,32.8509489428152,6387.963597958351,0.0,6387.963597958351
2600,6355.035529353104,15.203434280749052,32.85685256005586,6387.89238191316,0.0,6387.89238191316
2601,6354.958400067843,15.203249760927855,32.862771865823795,6387.821171933667,0.0,6387.821171933667
2602,6354.88126116017,15.20306521808653,32.868706866372946,6387.749968026543,0.0,6387.749968026543
2603,6354.804112630016,15.202880652224918,32.87465756799332,6387.678770198009,0.0,6387.678770198009
2604,6354.726954477845,15.202696063344126,32.88062397701062,6387.607578454856,0.0,6387.607578454856
2605,6354.649786704116,15.202511451445254,32.88660609978601,6387.536392803902,0.0,6387.536392803902
2606,6354.572609309135,15.202326816529032,32.89260394271578,6387.465213251851,0.0,6387.465213251851
2607,6354.495422293625,15.202142158597189,32.898617512231176,6387.394039805856,0.0,6387.394039805856
2608,6354.418225658433,15.201957477651753,32.904646814798035,6387.322872473231,0.0,6387.322872473231
2609,6354.341019404379,15.201772773694687,32.91069185691652,6387.251711261296,0.0,6387.251711261296
2610,6354.263803532043,15.201588046727377,32.91675264512088,6387.180556177164,0.0,6387.180556177164
2611,6354.186578042902,15.201403296753353,32.922829185979154,6387.109407228881,0.0,6387.109407228881
2612,6354.109342937848,15.201218523774756,32.92892148609286,6387.038264423941,0.0,6387.038264423941
2613,6354.032098217955,15.20103372779415,32.93502955209679,6386.967127770052,0.0,6386.967127770052
2614,6353.9548438848105,15.200848908815336,32.94115339065864,6386.895997275469,0.0,6386.895997275469
2615,6353.877579939877,15.200664066841812,32.947293008478795,6386.824872948356,0.0,6386.824872948356
2616,6353.800306384506,15.20047920187681,32.95344841229002,6386.753754796796,0.0,6386.753754796796
2617,6353.723023220284,15.200294313924124,32.95961960885721,6386.682642829141,0.0,6386.682642829141
2618,6353.645730449268,15.200109402988678,32.965806604977026,6386.611537054245,0.0,6386.611537054245
2619,6353.568428073142,15.199924469074503,32.97200940747773,6386.540437480619,0.0,6386.540437480619
2620,6353.491116093804,15.199739512186133,32.97822802321879,6386.469344117022,0.0,6386.469344117022
2621,6353.413794513295,15.199554532328458,32.98446245909065,6386.398256972386,0.0,6386.398256972386
2622,6353.336463333772,15.199369529506633,32.99071272201446,6386.327176055787,0.0,6386.327176055787
2623,6353.259122557534,15.199184503726158,32.99697881894175,6386.256101376476,0.0,6386.256101376476
2624,6353.181772186971,15.198999454992753,33.00326075685415,6386.185032943825,0.0,6386.185032943825
2625,6353.104412224673,15.198814383312614,33.00955854276311,6386.1139707674365,0.0,6386.1139707674365
2626,6353.027042672976,15.198629288691329,33.0158721837096,6386.0429148566855,0.0,6386.0429148566855
2627,6352.949663534587,15.198444171135375,33.02220168676384,6385.9718652213505,0.0,6385.9718652213505
2628,6352.872274812208,15.198259030651215,33.02854705902499,6385.900821871233,0.0,6385.900821871233
2629,6352.794876508968,15.198073867246334,33.034908307620874,6385.8297848165885,0.0,6385.8297848165885
2630,6352.717468627666,15.19788868092743,33.04128543970765,6385.758754067373,0.0,6385.758754067373
2631,6352.640051171334,15.197703471701756,33.04767846246956,6385.687729633803,0.0,6385.687729633803
2632,6352.562624143377,15.197518239577459,33.054087383118606,6385.616711526496,0.0,6385.616711526496
2633,6352.485187546996,15.197332984562191,33.06051220889431,6385.54569975589,0.0,6385.54569975589
2634,6352.4077413854075,15.197147706663655,33.06695294706335,6385.474694332471,0.0,6385.474694332471
2635,6352.330285662362,15.196962405890819,33.07340960491928,6385.403695267281,0.0,6385.403695267281
2636,6352.252820381297,15.196777082251907,33.07988218978223,6385.33270257108,0.0,6385.33270257108
2637,6352.175345546103,15.196591735756227,33.08637070899863,6385.261716255101,0.0,6385.261716255101
2638,6352.097861160449,15.196406366412557,33.09287516994089,6385.19073633039,0.0,6385.19073633039
2639,6352.020367228185,15.196220974230108,33.099395580007126,6385.119762808192,0.0,6385.119762808192
2640,6351.94286375364,15.196035559219235,33.10593194662078,6385.048795700261,0.0,6385.048795700261
2641,6351.865350740622,15.195850121389046,33.11248427723043,6384.977835017852,0.0,6384.977835017852
2642,6351.787828193403,15.195664660749767,33.119052579309376,6384.906880772712,0.0,6384.906880772712
2643,6351.710296116303,15.195479177311729,33.12563686035542,6384.835932976658,0.0,6384.835932976658
2644,6351.632754514112,15.195293671086393,33.13223712789054,6384.764991642002,0.0,6384.764991642002
2645,6351.555203391056,15.195108142083866,33.13885338946052,6384.694056780517,0.0,6384.694056780517
2646,6351.477642751704,15.19492259031508,33.145485652634726,6384.623128404338,0.0,6384.623128404338
2647,6351.4000726012355,15.194737015792429,33.15213392500573,6384.552206526241,0.0,6384.552206526241
2648,6351.322492944,15.194551418526316,33.15879821418905,6384.481291158189,0.0,6384.481291158189
2649,6351.2449037855,15.194365798529905,33.16547852782281,6384.410382313323,0.0,6384.410382313323
2650,6351.16730513014,15.194180155813733,33.17217487356746,6384.339480003708,0.0,6384.339480003708
2651,6351.089696983731,15.193994490391702,33.178887259105366,6384.268584242836,0.0,6384.268584242836
2652,6351.0120793512115,15.193808802275626,33.18561569214062,6384.197695043352,0.0,6384.197695043352
2653,6350.934452238125,15.193623091478768,33.19236018039866,6384.1268124185235,0.0,6384.1268124185235
2654,6350.856815649879,15.193437358014064,33.19912073162597,6384.055936381505,0.0,6384.055936381505
2655,6350.779169592115,15.193251601895012,33.20589735358973,6383.985066945705,0.0,6383.985066945705
2656,6350.701514070709,15.193065823135667,33.21269005407751,6383.914204124787,0.0,6383.914204124787
2657,6350.623849091042,15.192880021748904,33.219498840896975,6383.843347931939,0.0,6383.843347931939
2658,6350.54617465967,15.192694197750408,33.22632372187556,6383.772498381546,0.0,6383.772498381546
2659,6350.468490782125,15.192508351153409,33.23316470486007,6383.701655486985,0.0,6383.701655486985
2660,6350.390797464638,15.192322481972818,33.2400217977165,6383.630819262355,0.0,6383.630819262355
2661,6350.313094713526,15.192136590223747,33.246895008329545,6383.559989721855,0.0,6383.559989721855
2662,6350.235382535047,15.191950675921166,33.25378434460241,6383.48916687965,0.0,6383.48916687965
2663,6350.15766093604,15.191764739081435,33.26068981445638,6383.418350750497,0.0,6383.418350750497
2664,6350.079929922554,15.191578779719029,33.267611425830566,6383.347541348384,0.0,6383.347541348384
2665,6350.002189501501,15.19139279785048,33.27454918668151,6383.276738688182,0.0,6383.276738688182
2666,6349.924439679847,15.191206793492457,33.28150310498291,6383.20594278483,0.0,6383.20594278483
2667,6349.846680464143,15.191020766660628,33.28847318872526,6383.135153652868,0.0,6383.135153652868
2668,6349.768911861622,15.1908347173723,33.295459445915526,6383.064371307537,0.0,6383.064371307537
2669,6349.691133879237,15.190648645644108,33.30246188457673,6382.993595763814,0.0,6382.993595763814
2670,6349.613346524318,15.190462551493585,33.30948051274777,6382.922827037066,0.0,6382.922827037066
2671,6349.535549804321,15.190276434938566,33.31651533848294,6382.852065142803,0.0,6382.852065142803
2672,6349.457743726433,15.190090295996253,33.32356636985163,6382.781310096285,0.0,6382.781310096285
2673,6349.379928298149,15.189904134684568,33.33063361493802,6382.710561913087,0.0,6382.710561913087
2674,6349.30210352754,15.189717951022821,33.3377170818407,6382.63982060938,0.0,6382.63982060938
2675,6349.224269421951,15.189531745028592,33.344816778672325,6382.569086200623,0.0,6382.569086200623
2676,6349.146425989363,15.189345516720964,33.35193271355933,6382.498358702922,0.0,6382.498358702922
2677,6349.068573237881,15.189159266119331,33.359064894641484,6382.427638132522,0.0,6382.427638132522
2678,6348.990711175464,15.188972993242736,33.366213330071595,6382.356924505535,0.0,6382.356924505535
2679,6348.912839810417,15.188786698111045,33.37337802801516,6382.286217838432,0.0,6382.286217838432
2680,6348.83495915108,15.188600380744209,33.38055899664999,6382.215518147729,0.0,6382.215518147729
2681,6348.757069205751,15.188414041162083,33.387756244165864,6382.144825449916,0.0,6382.144825449916
2682,6348.6791699831065,15.188227679385422,33.39496977876423,6382.07413976187,0.0,6382.07413976187
2683,6348.6012614914425,15.188041295434074,33.402199608657746,6382.0034611001,0.0,6382.0034611001
2684,6348.523343740111,15.18785488933041,33.40944574207001,6381.932789482181,0.0,6381.932789482181
2685,6348.445416737569,15.187668461094662,33.41670818723515,6381.862124924804,0.0,6381.862124924804
2686,6348.367480492756,15.18748201074822,33.42398695239748,6381.791467445153,0.0,6381.791467445153
2687,6348.28953501508,15.18729553831359,33.43128204581109,6381.720817060891,0.0,6381.720817060891
2688,6348.211580313229,15.187109043811553,33.438593475739594,6381.6501737889685,0.0,6381.6501737889685
2689,6348.13361639724,15.186922527266125,33.44592125045565,6381.579537647695,0.0,6381.579537647695
2690,6348.055643275844,15.18673598869819,33.45326537824063,6381.508908654085,0.0,6381.508908654085
2691,6347.977660959064,15.186549428131734,33.460625867384316,6381.438286826448,0.0,6381.438286826448
2692,6347.899669456411,15.1863628455895,33.468002726184416,6381.367672182596,0.0,6381.367672182596
2693,6347.821668777644,15.186176241094842,33.47539596294626,6381.29706474059,0.0,6381.29706474059
2694,6347.743658932484,15.185989614671016,33.482805585982376,6381.226464518467,0.0,6381.226464518467
2695,6347.665639931118,15.185802966342386,33.49023160361221,6381.15587153473,0.0,6381.15587153473
2696,6347.587611783439,15.185616296132629,33.497674024161654,6381.0852858076005,0.0,6381.0852858076005
2697,6347.5095744998935,15.18542960406673,33.50513285596267,6381.014707355856,0.0,6381.014707355856
2698,6347.431528091076,15.185242890170038,33.51260810735299,6380.944136198429,0.0,6380.944136198429
2699,6347.353472566841,15.185056154466128,33.52009978667563,6380.873572353517,0.0,6380.873572353517
2700,6347.275407937963,15.184869396980773,33.527607902278554,6380.803015840242,0.0,6380.803015840242
2701,6347.1973342151505,15.184682617739595,33.535132462514355,6380.732466677665,0.0,6380.732466677665
2702,6347.119251409353,15.184495816768786,33.54267347573972,6380.661924885092,0.0,6380.661924885092
2703,6347.041159531247,15.184308994093893,33.55023095031514,6380.5913904815625,0.0,6380.5913904815625
2704,6346.963058592138,15.184122149741956,33.55780489460448,6380.520863486742,0.0,6380.520863486742
2705,6346.884948602844,15.183935283738862,33.565395316974616,6380.450343919819,0.0,6380.450343919819
2706,6346.806829574796,15.183748396111953,33.57300222579502,6380.379831800591,0.0,6380.379831800591
2707,6346.728701519476,15.1835614868887,33.58062562943736,6380.309327148913,0.0,6380.309327148913
2708,6346.650564448102,15.183374556095938,33.5882655362751,6380.238829984377,0.0,6380.238829984377
2709,6346.5724183723505,15.183187603761604,33.59592195468315,6380.168340327034,0.0,6380.168340327034
2710,6346.49426330413,15.183000629914186,33.603594893037325,6380.097858197168,0.0,6380.097858197168
2711,6346.41609925509,15.182813634581555,33.611284359714084,6380.0273836148035,0.0,6380.0273836148035
2712,6346.337926237304,15.182626617792593,33.618990363090056,6379.956916600394,0.0,6379.956916600394
2713,6346.259744262895,15.182439579576304,33.62671291154164,6379.886457174436,0.0,6379.886457174436
2714,6346.181553343773,15.18225251996118,33.63445201344459,6379.816005357217,0.0,6379.816005357217
2715,6346.103353492501,15.182065438977276,33.64220767717364,6379.745561169674,0.0,6379.745561169674
2716,6346.025144721578,15.181878336654492,33.64997991110201,6379.675124632679,0.0,6379.675124632679
2717,6345.946927043451,15.18169121302261,33.65776872360103,6379.604695767052,0.0,6379.604695767052
2718,6345.86870047066,15.181504068111627,33.665574123039775,6379.5342745937,0.0,6379.5342745937
2719,6345.790465016159,15.181316901952533,33.673396117784534,6379.463861133943,0.0,6379.463861133943
2720,6345.712220692836,15.181129714576162,33.681234716198524,6379.393455409035,0.0,6379.393455409035
2721,6345.633967513567,15.180942506013318,33.6890899266413,6379.323057440208,0.0,6379.323057440208
2722,6345.555705491662,15.18075527629584,33.696961757468436,6379.25266724913,0.0,6379.25266724913
2723,6345.477434640657,15.180568025456116,33.7048502170311,6379.182284857688,0.0,6379.182284857688
2724,6345.399154973164,15.180380753524314,33.71275531367558,6379.111910286839,0.0,6379.111910286839
2725,6345.320866503488,15.18019346053466,33.72067705574285,6379.041543559231,0.0,6379.041543559231
2726,6345.242569244999,15.180006146519135,33.72861545156815,6378.9711846965665,0.0,6378.9711846965665
2727,6345.164263211133,15.179818811509888,33.73657050948057,6378.900833720614,0.0,6378.900833720614
2728,6345.085948416315,15.179631455541422,33.744542237802555,6378.830490654117,0.0,6378.830490654117
2729,6345.007624874186,15.179444078646378,33.75253064484951,6378.760155519036,0.0,6378.760155519036
2730,6344.929292599079,15.17925668085904,33.76053573892929,6378.689828338009,0.0,6378.689828338009
2731,6344.850951604829,15.17906926221251,33.76855752834186,6378.619509133171,0.0,6378.619509133171
2732,6344.772601906539,15.178881822742918,33.77659602137876,6378.549197927919,0.0,6378.549197927919
2733,6344.694243517924,15.178694362483073,33.784651226322666,6378.478894744247,0.0,6378.478894744247
2734,6344.615876454078,15.178506881469085,33.79272315144695,6378.408599605525,0.0,6378.408599605525
2735,6344.537500729805,15.178319379736376,33.80081180501526,6378.338312534821,0.0,6378.338312534821
2736,6344.459116359623,15.178131857319674,33.80891719528097,6378.268033554904,0.0,6378.268033554904
2737,6344.380723358636,15.17794431425511,33.81703933048679,6378.197762689123,0.0,6378.197762689123
2738,6344.302321742323,15.177756750579722,33.8251782188643,6378.127499961188,0.0,6378.127499961188
2739,6344.2239115252905,15.177569166328446,33.833333868633446,6378.057245393924,0.0,6378.057245393924
2740,6344.145492723479,15.177381561539423,33.84150628800212,6377.986999011481,0.0,6377.986999011481
2741,6344.067065352202,15.177193936249287,33.84969548516562,6377.916760837367,0.0,6377.916760837367
2742,6343.988629427096,15.177006290495445,33.85790146830628,6377.846530895403,0.0,6377.846530895403
2743,6343.910184963921,15.176818624315601,33.866124245592886,6377.776309209514,0.0,6377.776309209514
2744,6343.831731978378,15.176630937747316,33.874363825180296,6377.706095803558,0.0,6377.706095803558
2745,6343.7532704867135,15.176443230829458,33.88262021520889,6377.635890701922,0.0,6377.635890701922
2746,6343.674800504874,15.176255503600176,33.89089342380413,6377.565693928678,0.0,6377.565693928678
2747,6343.596322049526,15.176067756099345,33.89918345907603,6377.495505508602,0.0,6377.495505508602
2748,6343.517835136407,15.17587998836461,33.90749032911869,6377.425325465525,0.0,6377.425325465525
2749,6343.439339782785,15.175692200437286,33.915814042009856,6377.355153824795,0.0,6377.355153824795
2750,6343.360836004829,15.17550439235605,33.924154605810386,6377.284990610639,0.0,6377.284990610639
2751,6343.282323819475,15.175316564161424,33.932512028563714,6377.214835848039,0.0,6377.214835848039
2752,6343.203803243792,15.175128715894239,33.94088631829542,6377.1446895620875,0.0,6377.1446895620875
2753,6343.125274294377,15.174940847594204,33.94927748301269,6377.074551777389,0.0,6377.074551777389
2754,6343.046736988945,15.174752959303696,33.957685530703856,6377.004422519649,0.0,6377.004422519649
2755,6342.968191344511,15.174565051063423,33.966110469337835,6376.934301813849,0.0,6376.934301813849
2756,6342.889637378715,15.174377122915585,33.97455230686369,6376.864189685579,0.0,6376.864189685579
2757,6342.8110751090435,15.174189174902018,33.983011051210006,6376.794086160254,0.0,6376.794086160254
2758,6342.732504553158,15.174001207064972,33.99148671028455,6376.723991263442,0.0,6376.723991263442
2759,6342.6539257289205,15.173813219447178,33.99997929197356,6376.653905020894,0.0,6376.653905020894
2760,6342.575338654325,15.173625212091686,34.00848880414141,6376.583827458466,0.0,6376.583827458466
2761,6342.496743347745,15.173437185042452,34.01701525462994,6376.513758602375,0.0,6376.513758602375
2762,6342.4181398269775,15.173249138342051,34.02555865125803,6376.443698478235,0.0,6376.443698478235
2763,6342.339528110636,15.173061072035015,34.03411900182108,6376.373647112457,0.0,6376.373647112457
2764,6342.260908217448,15.172872986166142,34.04269631409041,6376.303604531538,0.0,6376.303604531538
2765,6342.182280165865,15.172684880779583,34.05129059581271,6376.2335707616785,0.0,6376.2335707616785
2766,6342.103643974665,15.172496755920251,34.059901854709615,6376.163545829375,0.0,6376.163545829375
2767,6342.024999662897,15.172308611633726,34.06853009847712,6376.093529761374,0.0,6376.093529761374
2768,6341.9463472495545,15.172120447965442,34.077175334785046,6376.02352258434,0.0,6376.02352258434
2769,6341.867686753989,15.171932264961695,34.08583757127646,6375.953524325266,0.0,6375.953524325266
2770,6341.789018195341,15.17174406266828,34.09451681556713,6375.8835350109075,0.0,6375.8835350109075
2771,6341.710341593227,15.171555841132122,34.10321307524507,6375.813554668472,0.0,6375.813554668472
2772,6341.6316569674655,15.171367600400636,34.11192635786989,6375.743583325336,0.0,6375.743583325336
2773,6341.5529643374775,15.17117934052028,34.120656670972274,6375.67362100845,0.0,6375.67362100845
2774,6341.474263723278,15.170991061538944,34.12940402205345,6375.603667745332,0.0,6375.603667745332
2775,6341.395555145197,15.170802763505257,34.13816841858461,6375.533723563782,0.0,6375.533723563782
2776,6341.3168386230645,15.170614446466661,34.14694986800636,6375.463788491071,0.0,6375.463788491071
2777,6341.238114177507,15.170426110472505,34.155748377728095,6375.393862555235,0.0,6375.393862555235
2778,6341.159381828966,15.170237755571689,34.16456395512754,6375.323945784094,0.0,6375.323945784094
2779,6341.080641597984,15.170049381813358,34.17339660755009,6375.254038205534,0.0,6375.254038205534
2780,6341.001893505232,15.169860989246967,34.18224634230831,6375.184139847541,0.0,6375.184139847541
2781,6340.923137571704,15.169672577922736,34.191113166681276,6375.114250738385,0.0,6375.114250738385
2782,6340.8443738187425,15.169484147891728,34.199997087914056,6375.044370906657,0.0,6375.044370906657
2783,6340.765602267322,15.169295699204119,34.208898113217124,6374.974500380539,0.0,6374.974500380539
2784,6340.686822938835,15.169107231911088,34.217816249765754,6374.9046391886,0.0,6374.9046391886
2785,6340.608035854488,15.168918746063367,34.22675150469943,6374.834787359187,0.0,6374.834787359187
2786,6340.529241036561,15.168730241714261,34.23570388512134,6374.764944921682,0.0,6374.764944921682
2787,6340.450438506296,15.168541718914584,34.244673398097646,6374.695111904394,0.0,6374.695111904394
2788,6340.37162828569,15.168353177716963,34.253660050657,6374.625288336348,0.0,6374.625288336348
2789,6340.292810397132,15.168164618174956,34.26266384978983,6374.555474246921,0.0,6374.555474246921
2790,6340.213984862707,15.167976040341403,34.27168480244787,6374.485669665154,0.0,6374.485669665154
2791,6340.135151704824,15.167787444269914,34.28072291554352,6374.4158746203675,0.0,6374.4158746203675
2792,6340.0563109459745,15.167598830014294,34.28977819594913,6374.346089141924,0.0,6374.346089141924
2793,6339.97746260904,15.167410197629282,34.298850650496526,6374.276313259536,0.0,6374.276313259536
2794,6339.898606716605,15.167221547168912,34.30794028597633,6374.206547002582,0.0,6374.206547002582
2795,6339.819743291662,15.167032878688188,34.31704710913735,6374.136790400799,0.0,6374.136790400799
2796,6339.740872357706,15.166844192243317,34.32617112668599,6374.067043484392,0.0,6374.067043484392
2797,6339.661993937816,15.166655487889512,34.33531234528558,6373.997306283101,0.0,6373.997306283101
2798,6339.583108055347,15.166466765682648,34.34447077155576,6373.927578826903,0.0,6373.927578826903
2799,6339.504214734022,15.166278025679478,34.353646412071896,6373.8578611460935,0.0,6373.8578611460935
2800,6339.425313997668,15.166089267937005,34.362839273364415,6373.788153271033,0.0,6373.788153271033
2801,6339.346405870221,15.16590049251249,34.372049361918116,6373.71845523214,0.0,6373.71845523214
2802,6339.267490375643,15.165711699463262,34.381276684171645,6373.648767059815,0.0,6373.648767059815
2803,6339.188567538361,15.165522888847754,34.39052124651677,6373.579088784878,0.0,6373.579088784878
2804,6339.109637382508,15.165334060723703,34.39978305529779,6373.509420437806,0.0,6373.509420437806
2805,6339.030699932793,15.165145215150222,34.4090621168108,6373.439762049604,0.0,6373.439762049604
2806,6338.951755213902,15.164956352186369,34.41835843730317,6373.370113651205,0.0,6373.370113651205
2807,6338.872803250583,15.164767471891347,34.42767202297276,6373.300475273556,0.0,6373.300475273556
2808,6338.793844068231,15.164578574325912,34.43700287996735,6373.230846948199,0.0,6373.230846948199
2809,6338.714877691711,15.164389659549547,34.44635101438398,6373.161228706095,0.0,6373.161228706095
2810,6338.635904146697,15.164200727623676,34.455716432268225,6373.091620578965,0.0,6373.091620578965
2811,6338.556923458264,15.164011778608286,34.46509913961358,6373.022022597877,0.0,6373.022022597877
2812,6338.477935652307,15.163822812565327,34.474499142360735,6372.952434794667,0.0,6372.952434794667
2813,6338.398940754665,15.163633829556614,34.483916446397,6372.8828572010625,0.0,6372.8828572010625
2814,6338.319938791594,15.16344482964496,34.493351057555515,6372.813289849149,0.0,6372.813289849149
2815,6338.240929788877,15.16325581289205,34.50280298161467,6372.743732770492,0.0,6372.743732770492
2816,6338.16191377305,15.163066779361365,34.512272224297384,6372.674185997348,0.0,6372.674185997348
2817,6338.082890770602,15.162877729116273,34.521758791270386,6372.604649561872,0.0,6372.604649561872
2818,6338.003860808467,15.162688662221212,34.531262688143556,6372.53512349661,0.0,6372.53512349661
2819,6337.924823912802,15.16249957873876,34.540783920469266,6372.465607833271,0.0,6372.465607833271
2820,6337.845780111287,15.162310478735137,34.550322493741625,6372.396102605029,0.0,6372.396102605029
2821,6337.766729430699,15.1621213622744,34.559878413395815,6372.326607844095,0.0,6372.326607844095
2822,6337.6876718986005,15.161932229422488,34.56945168480738,6372.2571235834075,0.0,6372.2571235834075
2823,6337.6086075422845,15.1617430802447,34.57904231329154,6372.187649855576,0.0,6372.187649855576
2824,6337.529536389657,15.161553914807792,34.588650304102416,6372.118186693759,0.0,6372.118186693759
2825,6337.450458468633,15.161364733178548,34.59827566243246,6372.048734131065,0.0,6372.048734131065
2826,6337.371373807066,15.161175535423604,34.607918393411545,6371.979292200478,0.0,6371.979292200478
2827,6337.292282433259,15.160986321610668,34.61757850210644,6371.909860935366,0.0,6371.909860935366
2828,6337.213184375448,15.160797091807291,34.62725599351995,6371.840440368967,0.0,6371.840440368967
2829,6337.134079662284,15.16060784608202,34.63695087259027,6371.771030534875,0.0,6371.771030534875
2830,6337.054968322768,15.16041858450423,34.64666314419023,6371.701631466958,0.0,6371.701631466958
2831,6336.975850385304,15.160229307141874,34.656392813126594,6371.63224319843,0.0,6371.63224319843
2832,6336.896725879256,15.160040014065206,34.66613988413927,6371.562865763395,0.0,6371.562865763395
2833,6336.817594833776,15.159850705343962,34.6759043619006,6371.493499195676,0.0,6371.493499195676
2834,6336.738457278453,15.159661381048931,34.68568625101462,6371.424143529468,0.0,6371.424143529468
2835,6336.659313242824,15.159472041250776,34.695485556016344,6371.35479879884,0.0,6371.35479879884
2836,6336.580162756754,15.159282686020944,34.70530228137098,6371.285465038125,0.0,6371.285465038125
2837,6336.501005850089,15.159093315430836,34.71513643147319,6371.2161422815625,0.0,6371.2161422815625
2838,6336.421842552969,15.158903929552556,34.72498801064633,6371.146830563615,0.0,6371.146830563615
2839,6336.342672896002,15.158714528459335,34.7348570231417,6371.077529919144,0.0,6371.077529919144
2840,6336.263496909536,15.15852511222377,34.74474347313781,6371.008240382674,0.0,6371.008240382674
2841,6336.184314624249,15.158335680919256,34.754647364739604,6370.938961988989,0.0,6370.938961988989
2842,6336.105126071156,15.15814623461999,34.76456870197768,6370.869694773133,0.0,6370.869694773133
2843,6336.025931280906,15.157956773399295,34.774507488807515,6370.800438769713,0.0,6370.800438769713
2844,6335.946730285716,15.157767297334248,34.78446372910873,6370.731194014825,0.0,6370.731194014825
2845,6335.867523115992,15.157577806497589,34.79443742668426,6370.661960542677,0.0,6370.661960542677
2846,6335.788309803952,15.157388300966392,34.8044285852596,6370.592738389211,0.0,6370.592738389211
2847,6335.7090903813605,15.157198780816652,34.814437208482055,6370.523527589842,0.0,6370.523527589842
2848,6335.629864880026,15.157009246124463,34.82446329991986,6370.454328179945,0.0,6370.454328179945
2849,6335.550633332593,15.156819696967926,34.83450686306158,6370.3851401956545,0.0,6370.3851401956545
2850,6335.471395770886,15.156630133423173,34.84456790131506,6370.315963672201,0.0,6370.315963672201
2851,6335.392152227982,15.156440555569334,34.85464641800685,6370.246798645989,0.0,6370.246798645989
2852,6335.312902736287,15.15625096348394,34.86474241638132,6370.1776451526675,0.0,6370.1776451526675
2853,6335.233647329287,15.156061357247099,34.87485589959982,6370.108503228887,0.0,6370.108503228887
2854,6335.154386039663,15.155871736936993,34.88498687073995,6370.0393729104035,0.0,6370.0393729104035
2855,6335.075118901092,15.15568210263419,34.89513533279472,6369.970254233886,0.0,6369.970254233886
2856,6334.995845946786,15.155492454418148,34.90530128867172,6369.901147235458,0.0,6369.901147235458
2857,6334.916567210867,15.155302792370493,34.91548474119235,6369.8320519520585,0.0,6369.8320519520585
2858,6334.837282727298,15.155113116572483,34.92568569309095,6369.7629684203885,0.0,6369.7629684203885
2859,6334.7579925300415,15.154923427105363,34.935904147014,6369.693896677056,0.0,6369.693896677056
2860,6334.6786966535665,15.154733724051594,34.94614010551934,6369.624836759086,0.0,6369.624836759086
2861,6334.599395132352,15.154544007493664,34.9563935710753,6369.555788703427,0.0,6369.555788703427
2862,6334.520088001413,15.154354277515342,34.96666454605982,6369.486752547473,0.0,6369.486752547473
2863,6334.440775295367,15.154164534199442,34.976953032759745,6369.417728328126,0.0,6369.417728328126
2864,6334.361457049444,15.153974777630248,34.98725903336988,6369.348716082814,0.0,6369.348716082814
2865,6334.282133299336,15.153785007893148,34.997582549992224,6369.279715849329,0.0,6369.279715849329
2866,6334.202804080329,15.153595225072557,35.00792358463507,6369.210727664964,0.0,6369.210727664964
2867,6334.123469428197,15.15340542925406,35.01828213921217,6369.141751567408,0.0,6369.141751567408
2868,6334.044129379152,15.153215620524287,35.02865821554191,6369.072787594694,0.0,6369.072787594694
2869,6333.964783969283,15.153025798969578,35.03905181534644,6369.00383578463,0.0,6369.00383578463
2870,6333.885433234756,15.15283596467645,35.04946294025086,6368.934896175007,0.0,6368.934896175007
2871,6333.806077212589,15.152646117733466,35.0598915917823,6368.865968804372,0.0,6368.865968804372
2872,6333.726715939434,15.15245625822831,35.0703377713691,6368.797053710803,0.0,6368.797053710803
2873,6333.64734945233,15.152266386249593,35.08080148033989,6368.728150932669,0.0,6368.728150932669
2874,6333.567977788534,15.152076501886446,35.091282719922866,6368.659260508457,0.0,6368.659260508457
2875,6333.488600985496,15.15188660522846,35.10178149124471,6368.590382476741,0.0,6368.590382476741
2876,6333.409219080993,15.151696696366013,35.11229779532991,6368.521516876323,0.0,6368.521516876323
2877,6333.329832112611,15.151506775389022,35.12283163309979,6368.452663745711,0.0,6368.452663745711
2878,6333.250440118984,15.151316842389916,35.13338300537165,6368.383823124356,0.0,6368.383823124356
2879,6333.17104313824,15.151126897459903,35.14395191285787,6368.314995051098,0.0,6368.314995051098
2880,6333.091641208626,15.150936940690494,35.154538356165055,6368.246179564791,0.0,6368.246179564791
2881,6333.012234368951,15.150746972174524,35.16514233579312,6368.177376704744,0.0,6368.177376704744
2882,6332.932822658668,15.150556992006383,35.175763852134416,6368.108586510802,0.0,6368.108586510802
2883,6332.853406116863,15.150367000279577,35.18640290547283,6368.039809022336,0.0,6368.039809022336
2884,6332.773984782455,15.150176997087213,35.197059495982906,6367.971044278438,0.0,6367.971044278438
2885,6332.694558695588,15.14998698252533,35.207733623728934,6367.902292319317,0.0,6367.902292319317
2886,6332.61512789625,15.149796956689594,35.21842528866404,6367.833553184913,0.0,6367.833553184913
2887,6332.535692424131,15.149606919674955,35.22913449062927,6367.76482691476,0.0,6367.76482691476
2888,6332.456252319822,15.149416871578522,35.239861229352734,6367.696113549175,0.0,6367.696113549175
2889,6332.3768076234965,15.149226812496403,35.25060550444869,6367.627413127945,0.0,6367.627413127945
2890,6332.297358376594,15.149036742527738,35.26136731541656,6367.558725692011,0.0,6367.558725692011
2891,6332.217904619803,15.148846661769864,35.27214666164007,6367.490051281444,0.0,6367.490051281444
2892,6332.138446394089,15.148656570320789,35.28294354238635,6367.421389936476,0.0,6367.421389936476
2893,6332.058983741388,15.148466468280834,35.29375795680499,6367.352741698193,0.0,6367.352741698193
2894,6331.979516703285,15.148276355749486,35.30458990392711,6367.284106607212,0.0,6367.284106607212
2895,6331.900045321393,15.1480862328263,35.31543938266445,6367.215484704057,0.0,6367.215484704057
2896,6331.820569638328,15.147896099613225,35.32630639180843,6367.146876030137,0.0,6367.146876030137
2897,6331.741089696545,15.14770595621183,35.337190930029244,6367.078280626574,0.0,6367.078280626574
2898,6331.661605538238,15.147515802723058,35.348092995874914,6367.009698534113,0.0,6367.009698534113
2899,6331.582117206632,15.147325639250315,35.3590125877703,6366.941129794402,0.0,6366.941129794402
2900,6331.502624744695,15.1471354658964,35.36994970401625,6366.872574448711,0.0,6366.872574448711
2901,6331.423128195681,15.146945282764786,35.38090434278864,6366.804032538469,0.0,6366.804032538469
2902,6331.34362760365,15.146755089960886,35.39187650213739,6366.735504105787,0.0,6366.735504105787
2903,6331.2641230120025,15.146564887588523,35.40286617998559,6366.666989191988,0.0,6366.666989191988
2904,6331.184614465101,15.14637467575383,35.41387337412842,6366.598487839229,0.0,6366.598487839229
2905,6331.10510200714,15.146184454562535,35.42489808223235,6366.530000089372,0.0,6366.530000089372
2906,6331.025585682604,15.145994224121063,35.435940301834144,6366.461525984439,0.0,6366.461525984439
2907,6330.946065536628,15.145803984537388,35.44700003033986,6366.393065566968,0.0,6366.393065566968
2908,6330.866541614003,15.145613735918667,35.45807726502392,6366.324618879027,0.0,6366.324618879027
2909,6330.7870139602155,15.145423478373722,35.46917200302817,6366.256185963243,0.0,6366.256185963243
2910,6330.707482620745,15.145233212011352,35.48028424136088,6366.187766862106,0.0,6366.187766862106
2911,6330.627947641336,15.145042936940994,35.491413976895856,6366.119361618232,0.0,6366.119361618232
2912,6330.548409068269,15.144852653273372,35.502561206371375,6366.05097027464,0.0,6366.05097027464
2913,6330.4688669475845,15.144662361118623,35.5137259263893,6365.982592873974,0.0,6365.982592873974
2914,6330.389321326018,15.14447206058856,35.524908133414066,6365.914229459432,0.0,6365.914229459432
2915,6330.30977225045,15.144281751795335,35.53610782377174,6365.845880074222,0.0,6365.845880074222
2916,6330.230219767983,15.144091434851633,35.547324993649006,6365.777544761632,0.0,6365.777544761632
2917,6330.150663925814,15.143901109870368,35.558559639092245,6365.709223564906,0.0,6365.709223564906
2918,6330.071104771547,15.143710776965422,35.56981175600652,6365.640916527554,0.0,6365.640916527554
2919,6329.991542353206,15.143520436251688,35.58108134015462,6365.572623693361,0.0,6365.572623693361
2920,6329.911976718745,15.143330087843887,35.592368387156064,6365.504345105901,0.0,6365.504345105901
2921,6329.832407916521,15.143139731857707,35.60367289248614,6365.436080809008,0.0,6365.436080809008
2922,6329.7528359954185,15.142949368410092,35.61499485147487,6365.367830846893,0.0,6365.367830846893
2923,6329.673261004104,15.142758997617472,35.626334259306105,6365.29959526341,0.0,6365.29959526341
2924,6329.59368299199,15.142568619598062,35.63769111101649,6365.231374103007,0.0,6365.231374103007
2925,6329.514102008177,15.142378234469323,35.649065401494504,6365.163167409672,0.0,6365.163167409672
2926,6329.4345181024255,15.1421878423503,35.660457125479425,6365.094975227905,0.0,6365.094975227905
2927,6329.354931324876,15.141997443360948,35.67186627756034,6365.026797602436,0.0,6365.026797602436
2928,6329.275341725728,15.141807037621358,35.683292852175235,6364.9586345779035,0.0,6364.9586345779035
2929,6329.195749355386,15.141616625252121,35.694736843609874,6364.890486198996,0.0,6364.890486198996
2930,6329.116154264786,15.141426206375087,35.70619824599694,6364.822352510783,0.0,6364.822352510783
2931,6329.0365565048305,15.141235781112035,35.71767705331495,6364.754233558146,0.0,6364.754233558146
2932,6328.9569561269,15.141045349585886,35.729173259387274,6364.686129386288,0.0,6364.686129386288
2933,6328.877353182712,15.140854911920364,35.74068685788113,6364.618040040593,0.0,6364.618040040593
2934,6328.797747723802,15.14066446823876,35.75221784230663,6364.549965566109,0.0,6364.549965566109
2935,6328.718139802688,15.140474018666717,35.763766206015745,6364.481906008704,0.0,6364.481906008704
2936,6328.638529471268,15.140283563328392,35.77533194220126,6364.413861413469,0.0,6364.413861413469
2937,6328.55891678295,15.140093102351555,35.786915043895874,6364.345831826846,0.0,6364.345831826846
2938,6328.479301790307,15.139902635861977,35.79851550397113,6364.277817294278,0.0,6364.277817294278
2939,6328.399684546692,15.139712163987301,35.81013331513641,6364.209817861828,0.0,6364.209817861828
2940,6328.320065105658,15.139521686855641,35.821768469937936,6364.141833575595,0.0,6364.141833575595
2941,6328.2404435208455,15.139331204595324,35.83342096075775,6364.073864481603,0.0,6364.073864481603
2942,6328.160819846644,15.139140717336469,35.84509077981275,6364.005910626456,0.0,6364.005910626456
2943,6328.081194137423,15.138950225209147,35.85677791915362,6363.937972056577,0.0,6363.937972056577
2944,6328.001566447644,15.138759728343647,35.86848237066392,6363.870048818308,0.0,6363.870048818308
2945,6327.921936832585,15.138569226872212,35.880204126058935,6363.802140958644,0.0,6363.802140958644
2946,6327.842305347296,15.138378720926546,35.891943176884844,6363.734248524181,0.0,6363.734248524181
2947,6327.762672047392,15.138188210639694,35.90369951451753,6363.66637156191,0.0,6363.66637156191
2948,6327.683036988573,15.137997696144911,35.91547313016167,6363.598510118734,0.0,6363.598510118734
2949,6327.603400227286,15.13780717757724,35.927264014849726,6363.5306642421365,0.0,6363.5306642421365
2950,6327.523761819818,15.137616655071335,35.93907215944089,6363.462833979259,0.0,6363.462833979259
2951,6327.444121822766,15.137426128762597,35.950897554620134,6363.395019377386,0.0,6363.395019377386
2952,6327.364480293323,15.137235598787854,35.96274019089713,6363.327220484221,0.0,6363.327220484221
2953,6327.284837288739,15.137045065284065,35.97460005860527,6363.259437347345,0.0,6363.259437347345
2954,6327.205192866595,15.136854528388984,35.98647714790068,6363.191670014496,0.0,6363.191670014496
2955,6327.125547084859,15.13666398824129,35.99837144876116,6363.12391853362,0.0,6363.12391853362
2956,6327.045900001642,15.136473444980004,36.01028295098522,6363.056182952627,0.0,6363.056182952627
2957,6326.966251675663,15.136282898745606,36.022211644191046,6362.988463319854,0.0,6362.988463319854
2958,6326.886602165846,15.136092349679057,36.03415751781549,6362.920759683661,0.0,6362.920759683661
2959,6326.806951530658,15.135901797920233,36.04612056111305,6362.853072091771,0.0,6362.853072091771
2960,6326.727299830344,15.135711243613263,36.05810076315488,6362.785400593499,0.0,6362.785400593499
2961,6326.64764712416,15.135520686899905,36.07009811282781,6362.717745236988,0.0,6362.717745236988
2962,6326.567993472207,15.13533012792394,36.082112598833234,6362.65010607104,0.0,6362.65010607104
2963,6326.4883389347415,15.135139566829524,36.094144209686235,6362.582483144428,0.0,6362.582483144428
2964,6326.408683572812,15.134949003762708,36.10619293371443,6362.514876506527,0.0,6362.514876506527
2965,6326.329027447004,15.13475843886843,36.118258759057106,6362.447286206061,0.0,6362.447286206061
2966,6326.249370618709,15.134567872293562,36.13034167366417,6362.379712292373,0.0,6362.379712292373
2967,6326.169713149658,15.134377304185783,36.142441665295046,6362.312154814953,0.0,6362.312154814953
2968,6326.090055101564,15.134186734692737,36.15455872151782,6362.244613823082,0.0,6362.244613823082
2969,6326.010396536469,15.133996163962843,36.166692829708126,6362.177089366177,0.0,6362.177089366177
2970,6325.930737517534,15.13380559214721,36.178843977048174,6362.109581494582,0.0,6362.109581494582
2971,6325.851078107119,15.133615019395021,36.19101215052582,6362.042090257645,0.0,6362.042090257645
2972,6325.771418368555,15.133424445857786,36.20319733693347,6361.974615705488,0.0,6361.974615705488
2973,6325.691758365222,15.133233871687134,36.21539952286711,6361.907157888089,0.0,6361.907157888089
2974,6325.612098160861,15.133043297035552,36.22761869472533,6361.839716855587,0.0,6361.839716855587
2975,6325.532437820009,15.13285272205744,36.23985483870827,6361.772292658718,0.0,6361.772292658718
2976,6325.452777406804,15.13266214690623,36.25210794081676,6361.704885347621,0.0,6361.704885347621
2977,6325.373116986031,15.132471571736916,36.264377986851144,6361.637494972882,0.0,6361.637494972882
2978,6325.293456623143,15.132280996706085,36.27666496241042,6361.570121585553,0.0,6361.570121585553
2979,6325.213796383044,15.132090421969004,36.28896885289122,6361.502765235935,0.0,6361.502765235935
2980,6325.1341363318115,15.13189984768376,36.30128964348685,6361.435425975298,0.0,6361.435425975298
2981,6325.054476535186,15.131709274007623,36.313627319186224,6361.368103854372,0.0,6361.368103854372
2982,6324.974817059995,15.131518701100466,36.325981864772984,6361.300798924768,0.0,6361.300798924768
2983,6324.895157972967,15.13132812912193,36.33835326482439,6361.233511237791,0.0,6361.233511237791
2984,6324.815499340951,15.13113755823194,36.35074150371045,6361.166240844661,0.0,6361.166240844661
2985,6324.735841231563,15.130946988592257,36.36314656559294,6361.098987797156,0.0,6361.098987797156
2986,6324.6561837122235,15.130756420364172,36.37556843442439,6361.031752146648,0.0,6361.031752146648
2987,6324.5765268515215,15.130565853711774,36.38800709394707,6360.964533945468,0.0,6360.964533945468
2988,6324.496870717314,15.130375288797401,36.40046252769212,6360.897333245006,0.0,6360.897333245006
2989,6324.417215378674,15.130184725786302,36.41293471897853,6360.830150097652,0.0,6360.830150097652
2990,6324.33756090465,15.12999416484366,36.425423650912194,6360.762984555562,0.0,6360.762984555562
2991,6324.25790736466,15.129803606135551,36.437929306384916,6360.695836671045,0.0,6360.695836671045
2992,6324.178254828406,15.129613049828723,36.45045166807346,6360.62870649648,0.0,6360.62870649648
2993,6324.098603366127,15.129422496091212,36.46299071843858,6360.5615940845655,0.0,6360.5615940845655
2994,6324.018953047958,15.12923194509081,36.475546439724184,6360.494499487682,0.0,6360.494499487682
2995,6323.93930394507,15.129041396997774,36.488118813956234,6360.427422759026,0.0,6360.427422759026
2996,6323.85965612833,15.128850851981651,36.500707822941905,6360.360363951272,0.0,6360.360363951272
2997,6323.780009669521,15.128660310214165,36.51331344826853,6360.293323117789,0.0,6360.293323117789
2998,6323.7003646400735,15.128469771866204,36.525935671302804,6360.226300311377,0.0,6360.226300311377
2999,6323.620721112287,15.128279237110736,36.53857447318974,6360.159295585477,0.0,6360.159295585477
