epoch,nll_total,nll_per_row,penalty,loss_base,bce_sum,loss_total
0,32262.525768018753,77.18307600004486,1.2000000000000004,32263.725768018754,31.813738185798194,32402.115529126975
1,30741.22992776101,73.54361226737083,1.2465362179232857,30742.476463978935,31.744800771299502,30880.56634733409
2,29415.34655747519,70.37164248199807,1.2946487270439415,29416.641206202235,31.681399435055045,29554.455293744726
3,28271.41667882271,67.6349681311548,1.3442371985500379,28272.76091602126,31.623482952359318,28410.323066864024
4,27293.91942916975,65.29645796452093,1.3951704171671944,27295.314599586916,31.571008140061714,27432.648484996185
5,26465.908001559917,63.31556938172229,1.447287389458497,26467.355288949377,31.523939050539383,26604.484423819224
6,25769.949742330085,61.6505974696892,1.5003997250913823,25771.450142055175,31.482245179521264,25908.397908586092
7,25188.449476050715,60.25944850729836,1.5542956613407435,25190.003771712054,31.445899579177535,25326.793434881478
8,24703.975004306903,59.10041867059068,1.6087463278802514,24705.583750634785,31.414877136624035,24842.2384661791
9,24299.83410410707,58.1335744117394,1.6635137245259206,24301.497617831596,31.389152843718442,24438.04043270177
10,23960.637023724856,57.32209814288243,1.718359294400999,23962.355383019258,31.368699933365427,24098.809227729398
11,23672.66965111775,56.63318098353529,1.773052235158895,23674.44270335291,31.353487889504603,23810.830375672256
12,23424.07294098679,56.03845201193012,1.8273771459529031,23425.900318132743,31.34348039695677,23562.244457859506
13,23204.87797667474,55.51406214515488,1.8811408519338646,23206.75911752667,31.338633312460924,23343.082172435876
14,23006.93917505515,55.040524342237205,1.934178333082032,23008.873353388233,31.338892745647573,23145.1975368318
15,22823.79659050123,54.60238418780199,1.9863577123445948,22825.782948213575,31.344193340695945,22962.130189245603
16,22650.491745569718,54.18777929562133,2.0375842499985084,22652.529329819718,31.35445683971578,22788.921217072482
17,22483.35918759903,53.78794064018907,2.087803274401934,22485.44699087343,31.369590988438823,22621.90471167314
18,22319.81386054664,53.39668387690584,2.137002001959007,22321.9508625486,31.38948882009288,22458.495138916005
19,22158.149116899025,53.009926116983316,2.185210260630224,22160.334327159657,31.414028330518377,22296.985350397412
20,21997.353330971833,52.625247203281894,2.232500183115391,21999.58583115495,31.44307253941824,22136.36319670142
21,21836.9476918253,52.24150165508445,2.278984952263367,21839.22667677756,31.476469918952375,21976.149320925004
22,21676.844918082235,51.85848066526851,2.3248166785021014,21679.169734760737,31.514055160676136,21816.255874709677
23,21517.227690933818,51.4766212701766,2.37018349073097,21519.597874424548,31.555650244626932,21656.864952988675
24,21358.445595951194,51.0967597989263,2.41530593662693,21360.86090188782,31.60106577034765,21498.325537988832
25,21200.929665932177,50.719927430459755,2.4604328111836797,21203.390098743363,31.650102508735017,21341.06804465636
26,21045.123897576712,50.34718635783902,2.505836555117047,21047.629734131828,31.702553134843612,21185.535840268396
27,20891.433223510936,49.979505319404154,2.5518083807314262,20893.98503189167,31.758204103448982,21032.13321974167
28,20740.187306905766,49.61767298302815,2.598653288168676,20742.785960193934,31.816837629658835,20881.18920388295
29,20591.619202757014,49.26224689654788,2.6466851284808146,20594.265887885496,31.878233735398368,20732.93620463448
30,20445.857460534044,48.913534594579055,2.6962218526568424,20448.5536823867,31.942172319512228,20587.50213197658
31,20302.929723389032,48.57160220906467,2.7475810604909947,20305.677304449524,32.00843520567032,20444.91399759419
32,20162.77541698698,48.23630482532771,2.8010759342597504,20165.576492921242,32.07680811973222,20305.110608242077
33,20025.264808518346,47.90733207779509,2.8570116139862556,20028.12182013233,32.14708254804691,20167.961629216337
34,19890.221608350854,47.58426222093506,2.915682046897505,19893.13729039775,32.2190574310791,20033.290190222942
35,19757.446394666018,47.26661816905746,2.977367325154432,19760.423761991173,32.2925406526938,19900.89631383039
36,19626.738445392333,46.95391972581898,3.0423315134033246,19629.780776905736,32.367350293632306,19770.57875068304
37,19497.91402793535,46.64572733955825,3.1108209608416892,19501.02484889619,32.44331562709981,19642.153271874075
38,19370.819786854714,46.34167413123137,3.1830630906201502,19374.002849945333,32.520277843996595,19515.46605856672
39,19245.34053601278,46.04148453591574,3.259265661391933,19248.599801674172,32.598090504565704,19390.401495369035
40,19121.401443886112,45.74497953082802,3.339616500073036,19124.741060386186,32.676619721858955,19266.884356176273
41,18998.96522492417,45.45206991608653,3.4242837094578067,19002.389508633627,32.75574409038255,19144.876995426792
42,18878.025441553735,45.16274029079841,3.513416357257975,18881.538857910993,32.83535438050579,19024.372649466193
43,18758.597323167654,44.877027088917835,3.6071456526369863,18762.20446882029,32.915353025530536,18905.38625448135
44,18640.70759428373,44.594994244697915,3.705586611117985,18644.413180894848,32.995653433453896,18787.944273330373
45,18524.38468545513,44.3167097738161,3.80884019829276,18528.193525653423,33.076179159125246,18672.074904995618
46,18409.650421590304,44.04222588897202,3.916995927386966,18413.56741751769,33.15686297448468,18557.7997714567
47,18296.51390764029,43.77156437234519,4.030134866732316,18300.54404250702,33.237645874794836,18445.127802062376
48,18184.967930898332,43.5047079686563,4.148332992659578,18189.116263890992,33.318476057314115,18334.05163474031
49,18074.98783376745,43.24159768843887,4.271664803828364,18079.25949857128,33.39930790591898,18224.546487962027
50,17966.532524554957,42.98213522620803,4.400207097116989,17970.932731652076,33.48010101107481,18116.57117105025
51,17859.547109155756,42.726189256353486,4.534042794979586,17864.081151950737,33.560819249639835,18010.07071568667
52,17753.966545784013,42.47360417651678,4.673264710846068,17758.63981049486,33.641429943637796,17904.980030749684
53,17649.719735068124,42.224209892507474,4.817979142881338,17654.537714211005,33.721903111696285,17801.227992746884
54,17546.733536003667,41.97783142584609,4.968309196480272,17551.701845200147,33.802210821618736,17698.74146227419
55,17444.93631807262,41.73429741165699,5.124397750825702,17450.06071582345,33.882326647768494,17597.44883674124
56,17344.260796084494,41.49344688058491,5.286410002927235,17349.54720608742,33.962225232757405,17497.282885849916
57,17244.64602626362,41.25513403412349,5.454535542054032,17250.100561805673,34.04188194944295,17398.18274828575
58,17146.038555217354,41.01923099334295,5.628989926899434,17151.667545144253,34.121272656481835,17300.09508119995
59,17048.392799398083,40.78562870669398,5.81001575607369,17054.202815154156,34.20037353865009,17202.974440047285
60,16951.670788832438,40.55423633691971,5.997883238904564,16957.668672071344,34.279161021770214,17106.783022516043
61,16855.841436913437,40.32497951414698,6.192890287650527,16862.034327201087,34.357611751308966,17011.489938319282
62,16760.879502417087,40.09779785267246,6.395362163949131,16767.274864581035,34.4357026234393,16917.070170992996
63,16666.764396648647,39.87264209724557,6.605650721644646,16673.370047370292,34.513410857501505,16823.503384600423
64,16573.47896408427,39.64947120594323,6.824133295180163,16580.30309737945,34.590714099262605,16730.77270371124
65,16481.00833485338,39.428249604912395,7.0512112876947,16488.059546141074,34.667590545074006,16638.863565012147
66,16389.338916665212,39.208944776711036,7.2873085160888165,16396.626225181302,34.74401907789104,16547.76270817013
67,16298.457565682984,38.99152527675355,7.532869371902969,16305.990435054888,34.81997940708155,16457.457345475694
68,16208.350952421873,38.775959216320274,7.788356857183135,16216.139309279057,34.895452204965586,16367.934526370656
69,16119.005120796091,38.56221320764615,8.054250553837326,16127.05937134993,34.97041923406029,16279.18069501809
70,16030.40522586072,38.3502517365089,8.331044583479096,16038.7362704442,35.04486346003067,16191.181426495334
71,15942.535427899438,38.140036908850334,8.61924561246343,15951.154673511901,35.11876914635896,16103.921319298563
72,15855.378916312,37.931528507923446,8.919370953686192,15864.298287265687,35.192121927737034,16017.384017651342
73,15768.91803528717,37.724684294945384,9.231946812596481,15778.149982099767,35.26490886015814,15931.552335641454
74,15683.134483603526,37.51946048708977,9.557506719581863,15692.691990323108,35.33711844662999,15846.408455565948
75,15598.009562473992,37.315812350416245,9.896590184278452,15607.90615265827,35.40874063834242,15761.93417443506
76,15513.524447654132,37.1136948508472,10.249741599368296,15523.7741892535,35.47976681198076,15678.111174885616
77,15429.660464839311,36.91306331301271,10.617509412127513,15440.27797425144,35.55018972465814,15594.921299553702
78,15346.399350530335,36.71387404433094,11.000445571610483,15357.399796101945,35.62000344861943,15512.34681110344
79,15263.723483949334,36.51608488983094,11.39910524828457,15275.12258919762,35.68920328842171,15430.370623502253
80,15181.61607921037,36.31965569189084,11.814046811680704,15193.430126022049,35.75778568370268,15348.976493746155
81,15100.061330662844,36.12454863794939,12.245832040792333,15112.307162703637,35.82574810089973,15268.14916694255
82,15019.044508040291,35.93072848813467,12.695026532154166,15031.739534572445,35.89308891738038,15187.87447136305
83,14938.552001602326,35.738162683259155,13.162200262333005,14951.71420186466,35.95980730139965,15108.139363625747
84,14858.57132068195,35.546821341344376,13.64792825543692,14872.219248937387,36.0259030911348,15028.931927383823
85,14779.091051779105,35.35667715736628,14.15279130251892,14793.243843081624,36.09137667578582,14950.241331621291
86,14700.100784433971,35.16770522591859,14.677376678571932,14714.778161112543,36.156228881403564,14872.057756746648
87,14621.591014462008,34.97988280971772,15.222278804162086,14636.81329326617,36.220460863745934,14794.372298023465
88,14543.553034702187,34.793189078234896,15.78809980244959,14559.341134504637,36.284074010093946,14717.176856448546
89,14465.978823250256,34.607604840311616,16.37544990809737,14482.354273158353,36.34706985161127,14640.464027012862
90,14388.860938281681,34.423112292539905,16.984947691978984,14405.84588597366,36.409449987519345,14564.22699341937
91,14312.19242717704,34.239694801858946,17.617220074237302,14329.809647251277,36.47121602209832,14488.459436947405
92,14235.96675587179,34.05733673653538,18.27290210766985,14254.23965797946,36.53236951531086,14413.155465371063
93,14160.177762344432,33.87602335489099,18.952636523188815,14179.13039886762,36.59291194766696,14338.309565839972
94,14084.819636071028,33.695740756150784,19.657073038787267,14104.476709109815,36.65284469977466,14263.916583553835
95,14009.88692320907,33.51647589284466,20.38686744258417,14030.273790651654,36.71216904680983,14189.971726005277
96,13935.374555321518,33.338216639525164,21.14268046861135,13956.517235790128,36.77088616783264,14116.4705906202
97,13861.277897659747,33.16095190827691,21.925176490459947,13883.203074150208,36.82899716942918,14043.409211837225
98,13787.592811448409,32.984671797723465,22.735022062072105,13810.32783351048,36.886503122531316,13970.784122093492
99,13714.315723382093,32.809367759287305,23.572884336210667,13737.888607718303,36.94340511047966,13898.592419948889
100,13641.443694776663,32.635032762623595,24.439429389013565,13665.883124165675,36.99970428551795,13826.831837807678
101,13568.974482748716,32.46166144198257,25.335320473496505,13594.309803222211,37.055401930082496,13755.50080161807
102,13496.906586551177,32.28925020706023,26.261216216484627,13523.16780276766,37.11049951866335,13684.598475673847
103,13425.2392738425,32.117797305843304,27.217768763510392,13452.45704260601,37.16499877584301,13614.124787280927
104,13353.9725840391,31.947302832629425,28.20562186654021,13382.17820590564,37.21890172647798,13544.08042841582
105,13283.107308641718,31.77776868096105,29.225408901968656,13312.332717543686,37.27221073487196,13474.466834240378
106,13212.644951047776,31.60919844748272,30.277750802744382,13242.92270185052,37.32492853105798,13405.286140960623
107,13142.587670382301,31.441597297565316,31.363253889519143,13173.950924271821,37.37705822372777,13336.541127545037
108,13072.938214998001,31.274971806215312,32.482507591047124,13105.420722589048,37.428603300657926,13268.23514694691
109,13003.699851418252,31.109329788081943,33.636082052514745,13037.335933470767,37.479567618474775,13200.372052611132
110,12934.876293795583,30.94468012869757,34.82452564036278,12969.700819435946,37.529955384165724,13132.956125357066
111,12866.471637732531,30.78103262615438,36.04836236177495,12902.520000094306,37.5797711308835,13065.99200451365
112,12798.490300878475,30.618397848991567,37.30808922502062,12835.798390103495,37.62901969038935,12999.484625756688
113,12730.936971378731,30.45678701286778,38.604173572484136,12769.541144951216,37.67770616406725,12933.439166764909
114,12663.816564160179,30.29621187598129,39.93705042127172,12703.75361458145,37.72583589394039,12867.861000720091
115,12597.134184295837,30.136684651425448,41.307119846966245,12638.441304142803,37.773414434634546,12802.755656933463
116,12530.895096263372,29.97821793364443,42.71474444485702,12573.609840708228,37.82044752682183,12738.128787449903
117,12465.104697770566,29.820824635814752,44.16024690035768,12509.264944670924,37.86694107237048,12673.986138335735
118,12399.768496869852,29.66451793509534,45.643907696870166,12445.412404566723,37.912901111223434,12610.333524400545
119,12334.892091254831,29.509311223097683,47.165962985505246,12382.058054240337,37.95833379991461,12547.176806269965
120,12270.481148873349,29.355218059505617,48.726602637167446,12319.207751510516,38.00324539158726,12484.52186896392
121,12206.541389221456,29.20225212732406,50.3259684937841,12256.86735771524,38.04764221737836,12422.374601360836
122,12143.078564913345,29.050427188787907,51.96415283203688,12195.042717745382,38.09153066906063,12360.740876155796
123,12080.098443292685,28.899757041370062,53.64119704989653,12133.739640342581,38.13491718287071,12299.626530088068
124,12017.606787985253,28.75025547364893,55.35709058356515,12072.963878568818,38.177808224489866,12239.03734434535
125,11955.609340378709,28.601936221001697,57.11177006005688,12012.721110438766,38.22021027517415,12178.979025135774
126,11894.111801058842,28.4548129211934,58.90511868853164,11953.016919747373,38.2621298190511,12119.457184460245
127,11833.119811250717,28.30889906997779,60.736965891566676,11893.856777142284,38.30357333160862,12060.477321134782
128,11772.638934315235,28.164207976830706,62.607087175731365,11835.246021490966,38.34454726939893,12002.044802112852
129,11712.67463733318,28.020752720892776,64.51520423905914,11777.18984157224,38.385058060967886,11944.164844137451
130,11653.232272809044,27.87854610719867,66.46098531123313,11719.693258120276,38.42511209900055,11886.842495750929
131,11594.317060504975,27.73760062321764,68.44404572048633,11662.76110622546,38.46471573364921,11830.082619666835
132,11535.93406942995,27.59792839576543,70.46394867934838,11606.398018109297,38.50387526698309,11773.889875520674
133,11478.088200000871,27.459541148327443,72.52020627945336,11550.608406280326,38.54259694847272,11718.268703006182
134,11420.78416642058,27.32245015890091,74.61228068368544,11495.396447104265,38.58088697139747,11663.223305429845
135,11364.026479327898,27.186666218487794,76.73958550202241,11440.76606482992,38.618751470044934,11608.757633724616
136,11307.819428804654,27.052199590441756,78.90148733560994,11386.720916140264,38.65619651755651,11554.875370991635
137,11252.167067843722,26.919059970917996,81.09730747193227,11333.264375315655,38.69322812426593,11501.579917656212
138,11197.07319640883,26.787256450738827,83.3263237125336,11280.399520121364,38.729852236376715,11448.874377349603
139,11142.541346234819,26.65679747903067,85.58777231367898,11228.129118548497,38.76607473483155,11396.761543645014
140,11088.574766527421,26.52769082901297,87.88085001972118,11176.455616547142,38.80190143423951,11345.243887786084
141,11035.176410737837,26.399943566358463,90.20471616884359,11125.381126906681,38.83733808174681,11294.323547562279
142,10982.348924583153,26.27356202053386,92.55849485135388,11074.907419434507,38.872390355760615,11244.002317482065
143,10930.094635491609,26.148551759549303,94.9412771018429,11025.035912593452,38.90706386446292,11194.281640403866
144,10878.415543637368,26.02491756851045,97.35212310831649,10975.767666745684,38.94136414408068,11145.162600772435
145,10827.313314728799,25.902663432365546,99.7900644238149,10927.103379152613,38.975296656907844,11096.645919610162
146,10776.789274705508,25.78179252321892,102.2541061689827,10879.043380874491,39.00886678910264,11048.731951407088
147,10726.844406479224,25.66230719253403,104.74322921741387,10831.587635696638,39.04207984830872,11001.42068303678
148,10677.479348850362,25.544208968541536,107.25639235920909,10784.735741209572,39.07494106116979,10954.71173482566
149,10628.69439771167,25.427498559118828,109.79253444183118,10738.4869321535,39.10745557082387,10908.604363886585
150,10580.489509627369,25.312175860352557,112.35057649080282,10692.84008611817,39.13962843447379,10863.097469808132
151,10532.864307851,25.198239970935404,114.92942381580151,10647.793731666801,39.171464621136145,10818.189602768743
152,10485.818090802346,25.085689212445804,117.52796811002271,10603.346058912368,39.202969009670156,10773.878974104433
153,10439.349842971009,24.974521155433035,120.1450895520725,10559.494932523081,39.23414638718194,10730.163469307323
154,10393.458248142575,24.86473265105879,122.7796589199272,10516.237907062503,39.26500144788881,10687.04066336082
155,10348.141704758573,24.756319867843477,125.43053972553193,10473.572244484105,39.295538792512616,10644.507838231535
156,10303.398343116034,24.649278332813477,128.0965903763628,10431.494933492397,39.32576292825224,10602.562002230294
157,10259.22604400181,24.543602976080887,130.7766663668022,10390.002710368613,39.355678269363175,10561.199910840343
158,10215.622458255104,24.43928817764379,133.46962249764704,10349.092080752751,39.38528913834841,10520.418088504566
159,10172.585026643945,24.33632781493767,136.17431511675304,10308.759341760699,39.41459976774017,10480.212850750368
160,10130.110999381202,24.234715309524407,138.88960436809288,10269.000603749295,39.44361430242751,10440.580325964855
161,10088.197454577763,24.134443671238667,141.61435643079193,10229.811811008554,39.472336802461506,10401.516476099261
162,10046.84131494043,24.035505538135,144.3474457244633,10191.188760664892,39.5007712462494,10363.017115586077
163,10006.039362109575,23.93789321078846,147.0877570528063,10153.127119162382,39.52892153403144,10325.077927835418
164,9965.788248142579,23.841598679766935,149.83418765430432,10115.622435796882,39.55679149152148,10287.694478785
165,9926.084503809065,23.74661364547623,152.58564912717793,10078.670152936244,39.584384873584185,10250.862227136335
166,9886.924543547822,23.652929530018714,155.34106919561296,10042.265612743435,39.61170536781947,10214.57653109345
167,9848.304667109453,23.56053748112309,158.0993932856435,10006.404060395096,39.638756597927326,10178.83265159608
168,9810.22105807635,23.469428368603708,160.8595858818108,9971.080643958161,39.665542126734536,10143.625752209457
169,9772.669779585996,23.37959277412918,163.620631639662,9936.290411225658,39.69206545877767,10108.95089597134
170,9735.64676768179,23.291020975315288,166.381536234159,9902.02830391595,39.71833004235329,10074.803039600187
171,9699.147822778888,23.203702925308345,169.1413269300638,9868.289149708953,39.744339270966904,10041.17702553766
172,9663.168599776429,23.11762822913021,171.89905286737329,9835.067652643802,39.77009648413425,10008.067572349786
173,9627.70459736262,23.03278611809239,174.65378506302682,9802.358382425646,39.79560496751382,9975.469264034331
174,9592.751147095885,22.949165423674366,177.40461613957484,9770.15576323546,39.82086795237595,9943.376538828295
175,9558.303402874699,22.866754552331816,180.1506598024433,9738.454062677141,39.8458886144433,9911.78367814997
176,9524.356331479277,22.785541462869084,182.89105009989524,9707.247381579173,39.87067007216974,9880.68479639311
177,9490.904704946277,22.705513648196835,185.62494051359036,9676.529645459867,39.89521538456076,9850.073832382706
178,9457.943095643113,22.62665812354812,188.35150294224476,9646.294598585358,39.919527548678936,9819.944543422112
179,9425.465874993806,22.548961423430157,191.0699266553084,9616.535801649115,39.94360949702161,9790.29050296116
180,9393.467216862817,22.47240960971966,193.77941730629647,9587.246634169112,39.96746409500308,9761.105102982376
181,9361.941106560731,22.39698829320749,196.47919610435486,9558.420302665087,39.99109413881428,9732.381562168928
182,9330.881356258607,22.32268267047514,199.16849924524456,9530.049855503852,40.014502353963024,9704.112940743591
183,9300.281627226792,22.24947757709759,201.8465776963993,9502.12820492319,40.03769139480405,9676.292162490588
184,9270.135458740977,22.177357556796597,204.51269741250542,9474.648156153482,40.060663845341935,9648.912043880719
185,9240.436302734193,22.106306944340176,207.16614002670224,9447.602442760895,40.08342222151772,9621.965329424498
186,9211.177562406729,22.036309957910834,209.80620401856947,9420.983766425297,40.10596897507045,9595.444731466854
187,9182.352632220964,21.967350794786995,212.43220630705832,9394.784838528021,40.1283064989011,9569.342971798242
188,9153.954936151971,21.899413722851605,215.04348416122156,9368.998420313193,40.15043713367932,9543.652821844698
189,9125.977960992153,21.83248316026831,217.639397273415,9343.617358265568,40.17236317525269,9518.367138077918
190,9098.415281962916,21.766543736753388,220.2193298087039,9318.63461177162,40.19408688228158,9493.478889709546
191,9071.260578886599,21.70158033226459,222.7826922385804,9294.04327112518,40.21561048346304,9468.981176728244
192,9044.507642495832,21.63757809209529,225.3289227900396,9269.836565285872,40.23693618374273,9444.867237685154
193,9018.150371835794,21.574522420659797,227.85748838945204,9246.007860225247,40.25806616904072,9421.130448060574
194,8992.182764837184,21.51239895894063,230.36788504548792,9222.55064988267,40.27900260921015,9397.764311232735
195,8966.598904783163,21.45119355211283,232.85963768404784,9199.458542467211,40.299747659166044,9374.762444784583
196,8941.392945497508,21.39089221410887,235.3322995081263,9176.725245005635,40.320303458325185,9352.11856504935
197,8916.559097686286,21.331481094943268,237.7854509972334,9154.344548683519,40.34067212865259,9329.826472443157
198,8892.09161816776,21.272946454946794,240.2186986798034,9132.310316847565,40.36085577170037,9307.880039454461
199,8867.984802892388,21.215274648067915,242.6316738084143,9110.616476700803,40.3808564650495,9286.273202323768
200,8844.23298388001,21.15845211454548,245.02403104611628,9089.257014926126,40.40067625853678,9264.999956650761
201,8820.830529585231,21.10246538178285,247.3954472394755,9068.225976824708,40.420317170585534,9244.054356516755
202,8797.771847818862,21.04730107133699,249.7456203173526,9047.517468136215,40.43978118487773,9223.430516290433
203,8775.051390179055,20.992945909519268,252.07426832036128,9027.125658499415,40.45907024752311,9203.122614076141
204,8752.663656980292,20.939386739187302,254.3811285391228,9007.044785519414,40.47818626480651,9183.124895771323
205,8730.603201824062,20.886610530679576,256.66595672250526,8987.269158546567,40.49713110153472,9163.431678838244
206,8708.864635206874,20.834604390447065,258.9285263106465,8967.79316151752,40.51590657995966,9144.037355140345
207,8687.442626827473,20.7833555665729,261.1686276506347,8948.611254478108,40.53451447922527,9124.936392462738
208,8666.331906509173,20.73285145097888,263.3860671629778,8929.71797367215,40.55295653526823,9106.123334600567
209,8645.527263855653,20.68307957860204,265.5806664415102,8911.107930297163,40.57123444109585,9087.59280011593
210,8625.023546896744,20.63402762415489,267.7522612852289,8892.775808181972,40.58934984736461,9069.339480018009
211,8604.815660052533,20.58568339725486,269.9007006751512,8874.716360727683,40.607304363187914,9051.35813470755
212,8584.898561753109,20.538034836729924,272.0258457208351,8856.924407473944,40.625099557110076,9033.643590547372
213,8565.267262024063,20.491070004842257,274.127568608685,8839.394830632747,40.64273695819344,9016.19073640089
214,8545.916820280108,20.44477708200983,276.20575158737194,8822.12257186748,40.660218057176145,8998.994520416196
215,8526.842343508768,20.39914436246117,278.26028602500287,8805.10262953377,40.67754430766882,8982.04994727213
216,8508.038984940895,20.354160251054772,280.2910715688889,8788.330056509783,40.6947171273682,8965.352076013834
217,8489.501943256912,20.30981326138017,282.2980154328365,8771.799958689748,40.71173789927525,8948.896018551595
218,8471.226462315066,20.266092015107812,284.2810318298109,8755.507494144877,40.728607972913096,8932.676938827048
219,8453.207831366832,20.222985242504382,286.2400415604349,8739.447872927267,40.745328665547106,8916.690052622396
220,8435.4413856943,20.180481783957653,288.1749717607628,8723.616357455063,40.761901263415034,8900.930627950918
221,8417.922507598243,20.138570592340294,290.0857558065503,8708.008263404794,40.77832702297926,8885.393985954754
222,8400.646627669277,20.097240736050903,291.9723333660959,8692.618961035372,40.794607172215905,8870.075502234511
223,8383.609226269384,20.056481402558333,293.834650589725,8677.443876859108,40.8107429119572,8854.970608526122
224,8366.8058351681,20.016281902316027,295.6726604211071,8662.478495589206,40.82673541730343,8840.074794654476
225,8350.232039281509,19.97663167292227,297.4863230136806,8647.718362295189,40.8425858391196,8825.383610695359
226,8333.88347847102,19.937520283423492,299.2756062343635,8633.159084705383,40.858295305629454,8810.89266928487
227,8317.755849367579,19.898937438678416,301.040486236212,8618.79633560379,40.87386492411592,8796.597648023695
228,8301.844907191486,19.860872983711687,302.7809480815807,8604.625855273067,40.889295782732596,8782.494291927953
229,8286.146467545093,19.823316908002617,304.49698639744736,8590.64345394254,40.90458895242496,8768.57841588559
230,8270.656408151517,19.786259349644777,306.18860604475344,8576.845014196271,40.91974548895456,8754.845907073224
231,8255.370670519886,19.74969059932987,307.8558227837714,8563.226493303657,40.934766435012406,8741.29272729596
232,8240.285261515066,19.713601104103027,309.498663917605,8549.783925432672,40.949652822401305,8727.914915210118
233,8225.396254807736,19.677981470831906,311.1171688959501,8536.513423703685,40.964405674260504,8714.708588386718
234,8210.699792180909,19.64282246933232,312.7113898612323,8523.41118204214,40.979026007300185,8701.669945173897
235,8196.192084670107,19.60811503509595,314.28139211929823,8510.473476789404,40.99351483400795,8688.795266317338
236,8181.86941351242,19.57385027156081,315.82725451706983,8497.69666802949,41.007873164786155,8676.08091629631
237,8167.728130880352,19.540019451866872,317.34906971012003,8485.077200590473,41.02210200997634,8663.52334433387
238,8153.764660385308,19.506614020060546,318.84694430412566,8472.611604689433,41.036202381726525,8651.119085049944
239,8139.9754973297295,19.473625591697918,320.32099885571836,8460.296496185449,41.05017529565892,8638.864758721566
240,8126.357208703495,19.441045953836113,321.77136772047476,8448.128576423971,41.0640217722985,8626.75707113347
241,8112.906432918323,19.408867064397903,323.19819873870216,8436.104631657025,41.07774283822869,8614.79281300332
242,8099.619879288901,19.377081050930386,324.6016527532664,8424.221532042167,41.0913395269469,8602.968858984386
243,8086.494327269053,19.34568020877764,325.9819029579028,8412.476230226956,41.10481287940154,8591.282166252353
244,8073.526625470613,19.314656998733525,327.33913407910154,8400.865759549715,41.11816394420066,8579.729772706987
245,8060.713690486425,19.284004044225895,328.6735413995939,8389.38723188602,41.131393777492725,8568.308794818113
246,8048.052505558069,19.253714128129353,329.9853296364379,8378.037835194507,41.14450344252917,8557.01642516951
247,8035.540119120908,19.22378018928447,331.2747116915008,8366.81483081241,41.157494008927586,8545.849929751244
248,8023.173643271913,19.194195318832328,332.54190729650406,8355.715550568417,41.17036655166228,8534.806645068147
249,8010.95025219697,19.16495275645208,333.78714157852346,8344.737393775493,41.183122149815915,8523.883975127192
250,7998.867180600777,19.13604588660473,335.0106435747675,8333.877824175544,41.19576188513062,8513.079388375863
251,7986.921722170795,19.107468234858363,336.21264472745645,8323.134366898252,41.20828684040107,8502.390414653997
252,7975.111228110009,19.07921346437801,337.3933773906448,8312.504605500653,41.220698097753186,8491.81464222588
253,7963.433105761139,19.051275372634304,338.55307338087925,8301.986179142019,41.232996736853195,8481.34971494733
254,7951.884817341941,19.023647888377848,339.69196260270564,8291.576779944648,41.245183833090316,8470.99332961859
255,7940.463878805742,18.996325068913258,340.8102717783607,8281.274150584102,41.257260455774855,8460.743233566724
256,7929.167858833433,18.969301097687637,341.9082233086102,8271.076082142043,41.26922766639039,8450.59722249084
257,7917.994377956966,18.9425702821937,342.9860342888055,8260.980412245772,41.28108651693612,8440.553138594443
258,7906.941107817743,18.916127052195556,344.04391570094674,8250.98502351869,41.29283804839155,8430.608869029193
259,7896.005770547655,18.889965958247977,345.0820717990211,8241.087842346677,41.30448328933266,8420.762344655273
260,7885.186138269537,18.864081670501285,346.1006997012259,8231.286837970763,41.31602325472522,8411.011539128818
261,7874.480032705771,18.838468977765004,347.09998919897043,8221.580021904741,41.32745894491784,8401.354468315134
262,7863.885324882587,18.81312278680045,348.0801227888171,8211.965447671404,41.33879134485397,8391.789190021518
263,7853.399934922635,18.788038121824485,349.0412759297729,8202.441210852408,41.350021423519635,8382.31380404472
264,7843.021831907801,18.76321012418134,349.9836175245463,8193.005449432347,41.36115013363986,8372.92645251368
265,7832.749033804143,18.73863405216302,350.907310619476,8183.65634442362,41.37217841163408,8363.625320514227
266,7822.579607430913,18.714305280935196,351.812513313754,8174.3921207446665,41.38310717783642,8354.408636968255
267,7812.511668459098,18.690219302533727,352.69937986423304,8165.211048323331,41.39393733698303,8345.274675739207
268,7802.543381419654,18.66637172588434,353.56806196747124,8156.111443387125,41.40466977896291,8336.221756925614
269,7792.67295970229,18.64275827679974,354.41871019573273,8147.091669898024,41.41530537982352,8327.248248300257
270,7782.8986655142535,18.61937479788099,355.25147555846274,8138.150141072716,41.42584500301511,8318.352566835832
271,7773.218809779164,18.59621724827551,356.06651115544355,8129.285320934608,41.436289500851316,8309.53318026331
272,7763.631751937238,18.573281703199132,356.86397388260764,8120.495725819846,41.446639716155474,8300.788608585122
273,7754.135899618514,18.55056435315434,357.644026146659,8111.779925765172,41.456896484054866,8292.117425470811
274,7744.729708155084,18.52806150276336,358.40683754059427,8103.136545695678,41.46706063387821,8283.518259453049
275,7735.411679900441,18.50576956913981,359.15258642937306,8094.564266329815,41.47713299110599,8274.989794841125
276,7726.180363331063,18.483685079739384,359.8814613937725,8086.061824724835,41.48711437931898,8266.530772274873
277,7717.034351910763,18.461804669642973,360.5936624812862,8077.6280143920485,41.49700562208867,8258.139988848134
278,7707.972282710937,18.440125078255832,361.28940221607905,8069.261684927016,41.50680754475397,8249.816297746696
279,7698.992834794688,18.418643145441838,361.96890632562497,8060.961741120313,41.5165209760321,8241.558607366052
280,7690.094727380787,18.39735580713107,362.632414149679,8052.727141530466,41.526146749418174,8233.365879890434
281,7681.2767178307295,18.376260090504136,363.2801787073927,8044.556896538123,41.5356857043366,8225.237129351986
282,7672.537599505649,18.355353108865188,363.9124664101954,8036.450065915845,41.54513868701822,8217.171419204375
283,7663.876199558034,18.334632056358934,364.529556420861,8028.405755978895,41.5545065510893,8209.167859476134
284,7655.29137672873,18.31409420270031,365.13173967219916,8020.423116400929,41.56379015787023,8201.225603587663
285,7646.782019224625,18.29373688809719,365.7193175712337,8012.501336795859,41.57299037639409,8193.343844933173
286,7638.347042746154,18.27355751853147,366.2926004258004,8004.639643171955,41.582108083164776,8185.521813333722
287,7629.985388730143,18.253553561555368,366.8519056395628,7996.837294369706,41.59114416168333,8177.758771473028
288,7621.69602285774,18.233722542721868,367.3975557280673,7989.093578585807,41.600099501776484,8170.054011418535
289,7613.477933860977,18.21406204272961,367.929876212375,7981.407810073352,41.60897499876495,8162.40685131798
290,7605.330132646924,18.19456969532757,368.4491934480145,7973.779326094938,41.61777155250966,8154.816632348356
291,7597.251651734585,18.175243185967908,368.95583244565097,7966.207484180236,41.62649006637284,8147.282715968958
292,7589.241544985902,18.156080251162443,369.45011473631575,7958.691659722217,41.63513144612766,8139.804481512872
293,7581.298887597297,18.137078678462434,369.93235632871864,7951.231243926016,41.643696598845665,8132.3813241309945
294,7573.422776305489,18.11823630695093,370.4028657995608,7943.825642105049,41.652186431786234,8125.0126530833195
295,7565.612329753494,18.099551028118405,370.8619425503905,7936.474272303884,41.660601851306836,8117.697890357069
296,7557.866688961473,18.08102078698917,371.30987525685066,7929.176564218324,41.66894376180776,8110.436469582188
297,7550.185017843434,18.0626435833575,371.74694052855733,7921.931958371992,41.67721306472002,8103.227835203524
298,7542.56650371627,18.04441747300543,372.1734017906341,7914.739905506904,41.685410657541546,8096.07144186721
299,7535.01035775544,18.026340568792918,372.58950839135565,7907.599866146796,41.69353743292304,8088.966753980011
300,7527.515815351333,18.008411041510367,372.99549493455993,7900.511310285893,41.70159427780288,8081.913245394336
301,7520.082136338984,17.99062712042819,373.3915808305637,7893.473717169548,41.709582072588574,8074.910399185308
302,7512.708605075925,17.972987093483074,373.7779700552678,7886.486575131194,41.717501690381454,8067.957707484353
303,7505.394530352236,17.955489307062766,374.15485110395923,7879.549381456195,41.7253539962409,8061.054671339843
304,7498.139245128871,17.938132165380075,374.52239712392236,7872.661642252793,41.73313984648457,8054.200800585001
305,7490.942106101647,17.92091412942978,374.88076620830066,7865.822872309948,41.740860088021364,8047.395613692841
306,7483.802493101838,17.903833715554637,375.23010183260885,7859.032594934447,41.748515557714775,8040.6386376105065
307,7476.719808341567,17.886889493640112,375.5705334147876,7852.290341756355,41.75610708177467,8033.929407562075
308,7469.69347552091,17.870080084978255,375.90217697962566,7845.595652500536,41.76363547517668,8027.267466817554
309,7462.722938816776,17.853404159848747,376.22513590868766,7838.948074725464,41.77110154110865,8020.652366429286
310,7455.807661769315,17.83686043485482,376.53950175746684,7832.3471635267815,41.77850607044482,8014.083664933217
311,7448.947126089752,17.820447670071175,376.84535512231764,7825.792481212069,41.78584984124818,8007.5609280214985
312,7442.140830411872,17.804164666057112,377.1427665407111,7819.283596952583,41.793133618302534,8001.0837281921995
313,7435.388288999762,17.78801026076498,377.43179740949506,7812.820086409257,41.80035815267536,7994.651644373394
314,7428.689030440454,17.77198332641257,377.7125009070646,7806.401531347519,41.80752418131329,7988.264261536232
315,7422.042596331614,17.756082766343575,377.9849229066437,7800.027519238258,41.81463242667134,7981.921170294278
316,7415.448539983475,17.74030751192219,378.2491028692226,7793.697642852698,41.82168359637744,7975.621966496939
317,7408.906425148123,17.724656519493116,378.5050747060561,7787.411499854179,41.82867838293329,7969.366250819939
318,7402.415824789119,17.709128767438084,378.7528676020028,7781.168692391122,41.83561746345221,7963.1536283571395
319,7395.976319900247,17.693723253349873,378.9925067923531,7774.9688266926005,41.84250149943462,7956.983708215141
320,7389.587498383185,17.678438991347335,379.224014287139,7768.811512670324,41.8493311365811,7950.856103114452
321,7383.248953990104,17.663275009545703,379.4474095382337,7762.696363528338,41.85610700464273,7944.770428998534
322,7376.960285336934,17.648230347696014,379.66271004582006,7756.622995382754,41.862829717308145,7938.726304653044
323,7370.721094987446,17.63330405499389,379.8699319020218,7750.591026889468,41.869499872126156,7932.723351333217
324,7364.530988615945,17.618495188076423,380.06909027063523,7744.60007888658,41.876118050462665,7926.761192406093
325,7358.389574244285,17.603802809196853,380.26019980297235,7738.649774047257,41.88268481749027,7920.839453003339
326,7352.296461552427,17.589225984575183,380.4432749908062,7732.739736543233,41.889200722208514,7914.95775968484
327,7346.251261267047,17.57476378293552,380.6183304582919,7726.869591725339,41.89566629749304,7909.115740119434
328,7340.253584617878,17.56041527420545,380.78538119552326,7721.038965813401,41.902082060170976,7903.313022775144
329,7334.303042863984,17.546179528382737,380.9444427370498,7715.247485601034,41.90844851112077,7897.549236624409
330,7328.39924688612,17.532055614560097,381.09553128924233,7709.494778175362,41.91476613539358,7891.824010864324
331,7322.541806838666,17.518042600092503,381.2386638108308,7703.780470649497,41.92103540235438,7886.1369746497385
332,7316.7303318589275,17.50413954990174,381.3738580512677,7698.104189910195,41.92725676584004,7880.487756841599
333,7310.9644298308995,17.49034552591124,381.5011325517753,7692.465562382675,41.933430664332526,7874.875985772521
334,7305.2437071952045,17.4766595865914,381.6205066140368,7686.864213809241,41.93955752114492,7869.301289026222
335,7299.567768806803,17.463080786619145,381.73200024148525,7681.299769048288,41.9456377446185,7863.763293237378
336,7293.936217833398,17.44960817663492,381.83563405803466,7675.771851891433,41.95167172832913,7858.261623909664
337,7288.348655692314,17.43624080309166,381.9314292089115,7670.280084901226,41.95765985130153,7852.795905254387
338,7282.804682025924,17.42297770819599,382.019407247966,7664.82408927389,41.96360247823031,7847.365760054192
339,7277.303894710909,17.409817929930405,382.0995900155075,7659.4034847264165,41.96949995970669,7841.9708095511405
340,7271.845889905522,17.39676050216632,382.1719995103144,7654.017889415836,41.97535263245062,7836.610673366997
341,7266.430262131913,17.383804454861036,382.2366577590317,7648.666919890945,41.98116081954777,7831.284969455977
342,7261.056604396871,17.37094881434658,382.29358668571433,7643.350191082585,41.98692483069156,7825.993314096094
343,7255.72450835493,17.358192603719928,382.34280798379274,7638.067316338723,41.992644962430795,7820.735321925296
344,7250.433564519108,17.34553484334715,382.38434299227083,7632.8179075113785,41.99832149842351,7815.510606029521
345,7245.183362521182,17.332974551486082,382.4182125775088,7627.601575098691,42.00395470969819,7810.318778085878
346,7239.973491434681,17.320510745059046,382.44443702152154,7622.417928456202,42.009544854924,7805.159448575122
347,7234.8035401621855,17.30814244057939,382.4630359173417,7617.266576079527,42.01509218069159,7800.032227065535
348,7229.673097899946,17.29586865526303,382.4740280716911,7612.147125971637,42.020596921806764,7794.936722581497
349,7224.581754687679,17.28368840834373,382.477431414951,7607.05918610263,42.026059301599275,7789.872544064587
350,7219.529102050472,17.271600722608785,382.4732629182816,7602.002364968754,42.03147953224926,7784.839300934038
351,7214.5147337446015,17.259604626183258,382.46153851768486,7596.976272262286,42.03685781513411,7779.83660375812
352,7209.538246608536,17.247699154565876,382.44227304486697,7591.980519653403,42.04219434119835,7774.864065037616
353,7204.599241527999,17.235883352937797,382.41548016493545,7587.0147216929345,42.047489291349144,7769.9213001103035
354,7199.697324511991,17.22415627873682,382.38117232126143,7582.078496833252,42.0527428368799,7765.00792817368
355,7194.832107875948,17.212517004487914,382.33936068825614,7577.171468564205,42.05795513992376,7760.123573422873
356,7190.003211522512,17.200964620867254,382.2900551333296,7572.293266655842,42.06312635393863,7755.267866295475
357,7185.2102642998725,17.18949823995185,382.23326418990484,7567.443528489777,42.068256624223935,7750.440444805151
358,7180.45290541702,17.17811699860531,382.16899504402903,7562.621900461048,42.07334608846936,7745.64095594589
359,7175.730785878421,17.166820061910098,382.09725353779356,7557.828039416214,42.07839487733334,7740.869057132614
360,7171.043569897913,17.155606626550032,382.01804419342125,7553.0616140913335,42.08340311504905,7736.124417641797
361,7166.390936244847,17.144475924030733,381.9313702624158,7548.3223065072625,42.08837092005328,7731.406720009494
362,7161.772579464189,17.133427223598538,381.837233804541,7543.60981326873,42.09329840563237,7726.715661333231
363,7157.1882109145645,17.122459834723838,381.7356358015338,7538.9238467160985,42.098185680578254,7722.050954426614
364,7152.637559564608,17.111573109006237,381.62657631028594,7534.264135874893,42.10303284984556,7717.412328771721
365,7148.12037249008,17.100766441363827,381.5100546597054,7529.630427149785,42.107840015200395,7712.799531215906
366,7143.636415023793,17.09003927039185,381.3860696945597,7525.022484718353,42.112607275850024,7708.212326368301
367,7139.185470520521,17.07939107780029,381.25462006829866,7520.44009058882,42.11733472904277,7703.650496660156
368,7134.767339713529,17.068821386874472,381.1157045851912,7515.88304429872,42.122022470627215,7699.113842045948
369,7130.38183965708,17.058329759945167,380.96932259014693,7511.351162247227,42.126670595560704,7694.602179337916
370,7126.0288022726345,17.047915794910608,380.8154744024299,7506.844276675064,42.13127919835834,7690.115341187923
371,7121.708072526752,17.0375791208774,380.6541617872414,7502.362234313994,42.13584837347527,7685.653174738612
372,7117.419506302419,17.027319393067987,380.48538845697453,7497.904894759394,42.14037821561722,7681.215539997329
373,7113.162968024048,17.017136287138868,380.3091605920049,7493.472128616053,42.144868819976764,7676.802307982952
374,7108.9383281219525,17.007029493114718,380.1254873692857,7489.0638154912385,42.1493202823951,7672.4133587196575
375,7104.745460421098,16.996998709141383,379.9343814858968,7484.679841906995,42.15373269945186,7668.04857914961
376,7100.584239540154,16.987043635263525,379.735859664136,7480.32009920429,42.15810616848763,7663.707861037212
377,7096.4545383911745,16.977163967443,379.52994312475965,7475.984481515934,42.1624407875661,7659.391098941846
378,7092.356225845848,16.967359391975712,379.316658015601,7471.672883861449,42.16673665538414,7655.09818831237
379,7088.289164640843,16.957629580480486,379.0960357839495,7467.385200424793,42.17099387113952,7650.8290237642495
380,7084.253209566223,16.947974185565126,378.86811348270317,7463.121323048926,42.17521253436631,7646.583497573419
381,7080.248205971511,16.93839283725242,378.6329340022836,7458.881139973795,42.179392744748625,7642.361498413452
382,7076.273988605222,16.92888514020388,378.3905462225432,7454.664534827765,42.18353460192239,7638.162910346127
383,7072.330380795603,16.919450671759815,378.14100508123215,7450.471385876835,42.18763820527498,7633.987612069781
384,7068.417193956405,16.91008898075695,377.8843715579518,7446.301565514356,42.19170365375062,7629.835476408171
385,7064.534227404013,16.90079958709094,377.6207125747726,7442.1549399787855,42.19573104566919,7625.706370027447
386,7060.681268451857,16.89158198194224,377.3501008167609,7438.031369268618,42.19972047856371,7621.6001533503695
387,7056.858092754518,16.882435628599325,377.0726144774778,7433.930707231996,42.20367204904147,7617.516680645326
388,7053.064464859011,16.87335996377754,376.78833693603195,7429.852801795043,42.20758585267122,7613.455800254163
389,7049.300138931554,16.864354399357786,376.4973563734786,7425.7974953050325,42.21146198389842,7609.417354934991
390,7045.564859617782,16.855418324444454,376.1997653372323,7421.764624955014,42.21530053598892,7605.401182286566
391,7041.858363005845,16.846551107669484,375.8956602627333,7417.754023268578,42.21910160100026,7601.407115232929
392,7038.180377657043,16.837752099657997,375.5851409618772,7413.76551861892,42.22286526977918,7597.43498254246
393,7034.530625678837,16.829020635595302,375.2683100877316,7409.798935766568,42.226591631983034,7593.484609365694
394,7030.90882381143,16.820356037826386,374.9452725848413,7405.854096396271,42.23028077612213,7589.555817772402
395,7027.314684510738,16.81175761844674,374.6161351340088,7401.930819644746,42.233932789619814,7585.648427279592
396,7023.747917008035,16.803224681837406,374.28100559987405,7398.028922607909,42.23754775888666,7581.762255359066
397,7020.208228333084,16.79475652711264,373.9399924889225,7394.148220822006,42.2411257694053,7577.897117918919
398,7016.695324289149,16.786352450452508,373.59320442478395,7390.2885287139325,42.24466690582196,7574.052829754258
399,7013.20891037226,16.778011747302056,373.2407496468501,7386.4496600191105,42.248171252041395,7570.229204965491
400,7009.748692627579,16.769733714420045,372.8827355373884,7382.6314281649675,42.25163889132186,7566.426057342218
401,7006.314378440774,16.761517651772188,372.5192681814606,7378.8336466222345,42.25506990636677,7562.64320071493
402,7002.9056772596,16.75336286425742,372.15045196311445,7375.056129222715,42.25846437941057,7558.880449273151
403,6999.522301245537,16.745268663266835,371.77638920049134,7371.298690446029,42.2618223922961,7555.137617852517
404,6996.163965856536,16.73723436807784,371.3971798217241,7367.561145678261,42.2651440265416,7551.414522193717
405,6992.83039035927,16.72925930707959,371.0129210827642,7363.843311442034,42.2684293633953,7547.7109791728035
406,6989.521298275356,16.721342818840565,370.62370732761855,7360.145005602974,42.27167848387674,7544.026807007838
407,6986.236417760948,16.71348425301662,370.22962979086105,7356.4660475518085,42.274891468803204,7540.361825441102
408,6982.975481924389,16.705682971110978,369.83077644174693,7352.806258366136,42.27806839880124,7536.715855900921
409,6979.7382290835085,16.697938347089732,369.427231868776,7349.165460952285,42.28120935430246,7533.0887216435
410,6976.5244029672385,16.690249767864206,369.01907720313534,7345.543480170374,42.28431441552398,7529.480247877904
411,6973.333752864038,16.682616633646024,368.6063900791031,7341.940142943141,42.28738366243341,7525.890261874726
412,6970.166033719146,16.675038358179776,368.18924462919875,7338.355278348345,42.29041717469923,7522.318593058286
413,6967.021006190305,16.66751436887633,367.7677115116316,7334.788717701937,42.29341503162693,7518.765073089514
414,6963.898436657351,16.66004410683577,367.3418579674172,7331.2402946247685,42.29637731208211,7515.229535932325
415,6960.798097198669,16.652627026791073,366.9117479044002,7327.709845103069,42.29930409440129,7511.711817913714
416,6957.719765530152,16.645262596962084,366.47744200533555,7324.197207535487,42.30219545629187,7508.211757770357
417,6954.663224916767,16.63795029884394,366.03899785714,7320.702222773907,42.30505147472216,7504.729196688949
418,6951.628264057403,16.630689626931584,365.59647009841694,7317.2247341558195,42.30787222580319,7501.263978338064
419,6948.614676948471,16.62348008839347,365.149910582394,7313.764587530865,42.310657784663306,7497.815948894151
420,6945.622262728311,16.61632120269931,364.69936855246715,7310.321631280778,42.31340822531712,7494.384957060907
421,6942.650825505998,16.60921250121052,364.24489082763847,7306.895716333636,42.316123620530185,7490.970854082942
422,6939.700174180701,16.602153526748086,363.7865219952438,7303.486696175944,42.31880404168068,7487.573493757255
423,6936.770122250545,16.595143833135275,363.32430460849616,7300.094426859041,42.32144955861954,7484.192732439036
424,6933.860487616828,16.588182984729254,362.85827938652153,7296.71876700335,42.32406023953024,7480.828429045307
425,6930.971092384543,16.581270555943885,362.3884854147212,7293.359577799264,42.326636150789405,7477.480445055198
426,6928.101762663335,16.57440613077353,361.914960343467,7290.016723006802,42.32917735682959,7474.14864450901
427,6925.25232836868,16.567589302317415,361.437740583315,7286.690068951994,42.33168392000516,7470.832894004016
428,6922.422623028332,16.560819672316583,360.9568614951042,7283.379484523436,42.33415590046221,7467.533062690447
429,6919.612483592107,16.554096850698823,360.4723575734922,7280.0848411656,42.33659335601363,7464.249022264259
430,6916.821750249748,16.547420455142937,359.984262622666,7276.806012872415,42.33899634201994,7460.980646960202
431,6914.050266254955,16.540790110657788,359.49260992314834,7273.542876178103,42.3413649112767,7457.727813542157
432,6911.297877759635,16.53420544918573,358.9974323887991,7270.2953101484345,42.3436991139091,7454.490401293939
433,6908.564433657019,16.52766610922732,358.49876271328384,7267.063196370304,42.34599899727426,7451.268292008446
434,6905.849785434249,16.521171735488632,357.99663350545103,7263.8464189397,42.34826460587159,7448.061369975241
435,6903.153787035593,16.51472197855405,357.49107741321313,7260.644864448806,42.35049598126169,7444.8695219672945
436,6900.476294737136,16.508316494586452,356.98212723568105,7257.458421972818,42.352693161993884,7441.692637227491
437,6897.817167029751,16.50195494504725,356.4698160234377,7254.286983053188,42.35485618354263,7438.530607451598
438,6895.176264514316,16.495636996445732,355.9541771669627,7251.130441681279,42.35698507825284,7435.383326771679
439,6892.55344980669,16.4893623201117,355.43524447334335,7247.988694280033,42.35907987529406,7432.250691737562
440,6889.948587451959,16.48313059199033,354.91305223150647,7244.861639683465,42.361140600623536,7429.132601296177
441,6887.361543847913,16.476941492459122,354.3876352663035,7241.7491791142165,42.36316727695797,7426.028956768983
442,6884.792187178842,16.470794706169478,353.8590289818626,7238.651216160704,42.36515992375356,7422.939661829032
443,6882.240387355065,16.464689921902067,353.3272693946915,7235.567656749756,42.367118557194495,7419.864622473552
444,6879.7060159626435,16.458626832446516,352.7923931570747,7232.498409119718,42.36904319018898,7416.80374699704
445,6877.18894621822,16.45260513449335,352.25443757135884,7229.443383789579,42.37093383237307,7413.756945960401
446,6874.689052931159,16.446624528543442,351.7134405957541,7226.402493526913,42.372790490121346,7410.724132158941
447,6872.20621247105,16.440684718830262,351.1694408423126,7223.375653313363,42.37461316656437,7407.705220587918
448,6869.740302739727,16.434785413252936,350.62247756775804,7220.362780307485,42.37640186161235,7404.700128405499
449,6867.291203148607,16.428926323322024,350.0725906578541,7217.36379380646,42.37815657198436,7401.708774894592
450,6864.85879459776,16.423107164109474,349.5198206060007,7214.37861520376,42.37987729124299,7398.731081420667
451,6862.442959460441,16.41732765421158,348.964208486738,7211.407167947179,42.38156400983355,7395.766971389955
452,6860.0435815671535,16.411587515710895,348.405795924831,7208.449377491985,42.383216715127524,7392.81637020279
453,6857.660546193611,16.405886474147394,347.8446250605836,7205.5051712541945,42.384835391469814,7389.8792052070885
454,6855.29374004907,16.4002242584906,347.2807385120128,7202.574478561083,42.38642002022904,7386.95540564908
455,6852.943051265115,16.394600601112717,346.7141793344814,7199.657230599597,42.387970579850695,7384.044902621948
456,6850.608369384796,16.38901523776267,346.1449909783593,7196.7533603631555,42.389487045912475,7381.147629012875
457,6848.289585351973,16.383467907540606,345.5732172452471,7193.86280259722,42.39096939118142,7378.263519448859
458,6845.986591499698,16.377958352870092,344.99890224325907,7190.985493742957,42.39241758567239,7375.392510240632
459,6843.699281537711,16.37248631946821,344.42209034182525,7188.121371879536,42.39383159670749,7372.534539325214
460,6841.427550538316,16.36705155631176,343.84282612642977,7185.2703766647455,42.39521138897598,7369.689546206791
461,6839.171294922419,16.361653815603873,343.26115435366705,7182.432449276086,42.39655692459446,7366.857471898072
462,6836.930412441463,16.35629285273077,342.67711990695136,7179.607532348415,42.39786816316673,7364.03825885819
463,6834.704802159944,16.35096842621996,342.09076775318067,7176.795569913124,42.399145061843285,7361.231850932143
464,6832.494364434555,16.345680297690322,341.50214290061314,7173.996507335168,42.40038757537994,7358.438193288071
465,6830.299000892316,16.340428231799798,340.91129035817863,7171.210291250495,42.401595656195454,7355.657232354945
466,6828.118614405506,16.33521199618542,340.31825509640976,7168.436869501917,42.40276925442785,7352.888915758678
467,6825.953109066309,16.330031361402654,339.72308201014386,7165.676191076453,42.40390831798926,7350.1331922597055
468,6823.802390157793,16.324886100855963,339.12581588311366,7162.928206040906,42.40501279261905,7347.390011688799
469,6821.6663641239265,16.3197759907271,338.52650135451364,7160.192865478441,42.40608262193513,7344.659324883858
470,6819.5449385375505,16.314700809898447,337.92518288760215,7157.470121425153,42.40711774748332,7341.941083626705
471,6817.438022067044,16.30966033987331,337.32190474037117,7154.759926807415,42.40811810878458,7339.235240580628
472,6815.345524440131,16.30465436468931,336.7167109382955,7152.0622353784265,42.40908364338006,7336.54174922713
473,6813.267356407763,16.29968267083197,336.10964524914726,7149.377001656911,42.41001428687398,7333.860563804812
474,6811.2034297054815,16.2947450471423,335.5007511598491,7146.70418086533,42.41090997297408,7331.191639247768
475,6809.1536570141425,16.28984128472283,334.8900718553164,7144.043728869459,42.4117706335298,7328.534931125314
476,6807.117951919743,16.28497117684149,334.2776501992305,7141.395602118973,42.41259619856811,7325.8903955827445
477,6805.09622887173,16.28013451883189,333.6635287166706,7138.759757588401,42.4133865963269,7323.257989282423
478,6803.088403141599,16.275331107994255,333.047749578521,7136.13615272012,42.41414175328608,7320.637669346914
479,6801.094390780057,16.27056074349296,332.43035458756606,7133.524745367624,42.41486159419625,7318.029393302378
480,6799.114108574403,16.265823226254554,331.8113851661765,7130.925493740579,42.41554604210508,7315.433119023736
481,6797.147474005837,16.261118358865637,331.190882345488,7128.338356351324,42.4161950183814,7312.848804681284
482,6795.194405205856,16.256445945468556,330.5688867559692,7125.763291961825,42.416808442736986,7310.276408687731
483,6793.254820914466,16.2518057916614,329.9454386192774,7123.2002595337435,42.41738623324619,7307.715889648364
484,6791.32864043699,16.247197704394715,329.32057774129737,7120.649218178288,42.41792830636335,7305.167206310968
485,6789.415783602459,16.242621491871912,328.6943435062611,7118.11012710872,42.418434576938154,7302.630317518401
486,6787.516170721841,16.23807696344938,328.0667748718494,7115.582945593691,42.41890495822885,7300.105182161987
487,6785.629722548072,16.233563929540843,327.43791036517877,7113.067632913251,42.41933936191353,7297.591759137575
488,6783.756360235684,16.229082201520775,326.80778807957694,7110.564148315261,42.41973769809945,7295.090007301994
489,6781.896005302162,16.224631591631965,326.1764456720625,7108.072450974225,42.420099875330486,7292.599885431912
490,6780.048579590131,16.220211912895053,325.54392036143844,7105.59249995157,42.4204258005927,7290.121352184148
491,6778.214005231751,16.21582297902333,324.9102489269229,7103.1242541586735,42.420715379318196,7287.654366058708
492,6776.392204611817,16.21146460433449,324.27546770724115,7100.667672319058,42.42096851538722,7285.198885360992
493,6774.583100334907,16.207136603672026,323.63961260010615,7098.222712935013,42.42118511112865,7282.754868168423
494,6772.786615193038,16.202838792327842,323.00271906202516,7095.789334255063,42.421365067318746,7280.3222722979
495,6771.002672134413,16.198570985967496,322.364822108371,7093.367494242784,42.421508283178554,7277.901055274611
496,6769.231194233737,16.19433300055918,321.7259563136604,7090.957150547398,42.42161465636959,7275.491174302605
497,6767.472104665203,16.1901246523091,321.0861558119904,7088.5582604771935,42.42168408298815,7273.092586238192
498,6765.725326675867,16.185945757597768,320.4454542975851,7086.170780973453,42.42171645755816,7270.70524756383
499,6763.9907835615895,16.181796132922464,319.80388502540916,7083.794668586998,42.42171167302273,7268.3291143646475
500,6762.268398644559,16.177675594843443,319.1614808118083,7081.429879456367,42.42166962073418,7265.964142306561
501,6760.55809525228,16.173583959933683,318.51827403514255,7079.0763692874225,42.42159019044293,7263.610286615849
502,6758.85979669916,16.169521044734832,317.874296636378,7076.734093335538,42.421473270285006,7261.267502061278
503,6757.173426269498,16.165486665716504,317.2295801196061,7074.403006389104,42.421318746768335,7258.935742937547
504,6755.498907202363,16.161480639240104,316.5841555524637,7072.083062754827,42.421126504757765,7256.614963050523
505,6753.836162678846,16.15750278152834,315.93805356642724,7069.774216245274,42.42089642745897,7254.30511570472
506,6752.185115810595,16.153552908637785,315.2913043569575,7067.4764201675525,42.420628396401064,7252.006153691897
507,6750.545689631632,16.14963083643931,314.6439376834712,7065.189627315103,42.42032229141818,7249.7180292827725
508,6748.9178070908765,16.145736380600184,313.99598286911925,7062.9137899599955,42.41997799062984,7247.440694219235
509,6747.301391047893,16.141869356573906,313.34746880035044,7060.648859848244,42.4195953704202,7245.174099709571
510,6745.696364269733,16.13802957959266,312.6984239262415,7058.394788195974,42.41917430541625,7242.9181964245345
511,6744.102649431369,16.134216864668346,312.04887625757567,7056.151525688945,42.41871466846487,7240.672934496767
512,6742.520169116541,16.130431026594596,311.3988533656502,7053.919022482191,42.418216330608836,7238.43826352034
513,6740.9488458222495,16.126671879957534,310.74838238079883,7051.697228203048,42.41767916106171,7236.214132553667
514,6739.388601965837,16.122939239152718,310.09748999060935,7049.486091956446,42.41710302718181,7234.000490124687
515,6737.839359891454,16.119232918400606,309.4462024378242,7047.285562329278,42.416487794444905,7231.797284235114
516,6736.301041883559,16.11555273177885,308.7945455179078,7045.095587401467,42.41583332641609,7229.604462371377
517,6734.773570177638,16.11189849324794,308.14254457626856,7042.916114753907,42.4151394847205,7227.421971512441
518,6733.25686697807,16.108270016693947,307.4902245051224,7040.747091483193,42.41440612901291,7225.249758144399
519,6731.750854474265,16.104667115967143,306.83760973998966,7038.588464214255,42.413633116946535,7223.087768272972
520,6730.255454862336,16.10108960493382,306.18472425581564,7036.440179118152,42.41282030414055,7220.935947441163
521,6728.770590366132,16.09753729752663,305.5315915627091,7034.302181928841,42.41196754414668,7218.794240745879
522,6727.296183264454,16.0940100078097,304.8782347012965,7032.174417965751,42.41107468841476,7216.662592860355
523,6725.832155916532,16.09050755003955,304.22467623769035,7030.056832154223,42.41014158625715,7214.540948054442
524,6724.378430792833,16.087029738738835,303.57093825807596,7027.949369050909,42.40916808481225,7212.429250219842
525,6722.934930506565,16.083576388771686,302.9170423629227,7025.851972869488,42.40815402900678,7210.327442895667
526,6721.5015778483385,16.080147315426647,302.2630096608328,7023.764587509171,42.4070992615171,7208.23546929677
527,6720.078295822563,16.076742334503738,301.60886076204133,7021.687156584604,42.40600362272945,7206.1532723434775
528,6718.665007685598,16.073361262405736,300.9546157715915,7019.619623457189,42.404866950698995,7204.08079469273
529,6717.261636986987,16.07000391623681,300.3002942822091,7017.561931269196,42.40368908110791,7202.017978772015
530,6715.8681076119665,16.066670113904227,299.64591536691205,7015.5140229788785,42.40246984722223,7199.964766814295
531,6714.484343825026,16.06335967422255,298.9914975713908,7013.475841396417,42.40120907984763,7197.921100893755
532,6713.110270317491,16.06007241702749,298.3370589062082,7011.447329223699,42.39990660728408,7195.886922965385
533,6711.745812253323,16.05680816328546,297.68261683886885,7009.428429092191,42.398562255279266,7193.862174902656
534,6710.390895319573,16.05356673521429,297.0281882858185,7007.419083605391,42.39717584698099,7191.846798539758
535,6709.045445775334,16.05034795640032,296.3737896044406,7005.419235379774,42.3957472028882,7189.840735712338
536,6707.709390503353,16.047151651921897,295.71943658512106,7003.428827088474,42.39427614080107,7187.843928300958
537,6706.382657061347,16.043977648472122,295.06514444346385,7001.447801504812,42.3927624757696,7185.856318274409
538,6705.065173734656,16.040825774484823,294.4109278127443,6999.4761015474005,42.391206020041345,7183.87784773458
539,6703.756869587765,16.037695860257813,293.7568007366916,6997.513670324457,42.38960658300768,7181.908458960541
540,6702.457674517084,16.03458773807915,293.10277666270275,6995.560451179787,42.38796397114891,7179.948094454285
541,6701.167519302509,16.0315012423505,292.44886843559044,6993.6163877381,42.38627798797837,7177.996696985805
542,6699.886335658223,16.02843620970867,291.7950882919752,6991.681423950198,42.384548433985046,7176.054209638033
543,6698.614056282844,16.02539247914556,291.1414478554349,6989.755504138279,42.38277510657521,7174.120575851882
544,6697.350614907222,16.02236989212254,290.487958132527,6987.838573039749,42.38095780001284,7172.195739469805
545,6696.095946342486,16.019368292685375,289.83462950980186,6985.930575852288,42.37909630535884,7170.279644780599
546,6694.8499865227095,16.01638752756629,289.1814717519239,6984.031458274633,42.37719041040932,7168.372236559913
547,6693.612672547827,16.013427446286666,288.52849400101854,6982.141166548846,42.375239899632476,7166.473460112247
548,6692.38394272297,16.010487901251125,287.87570477735915,6980.259647500328,42.3732445541048,7164.583261310684
549,6691.163736594047,16.007568747832646,287.22311198150396,6978.386848575551,42.371204151446015,7162.701586634341
550,6689.951994979069,16.004669844447534,286.57072289798873,6976.522717877058,42.369118465753246,7160.828383203085
551,6688.748659998159,16.001791052627176,285.9185442006733,6974.667204198833,42.366987267534256,7158.963598812607
552,6687.553675096348,15.998932237072603,285.2665819598291,6972.820257056177,42.364810323639865,7157.10718196401
553,6686.366985064069,15.996093265703514,284.6148416510488,6970.981826715118,42.36258739719575,7155.259081892919
554,6685.188536051113,15.993274009691659,283.9633281660414,6969.151864217155,42.360318247533506,7153.419248593926
555,6684.018275577815,15.990474343487596,283.3120458253687,6967.330321403184,42.35800263012126,7151.587632844212
556,6682.856152538012,15.98769414482778,282.66099839315814,6965.51715093117,42.355640296493874,7149.764186220918
557,6681.7021171999895,15.984933294736818,282.0101890938145,6963.712306293804,42.353230994182766,7147.9488611185
558,6680.5561211992,15.982191677510048,281.35962063073464,6961.915741829935,42.350774466645646,7146.141610759843
559,6679.4181175278045,15.979469180688527,280.7092952070101,6960.127412734814,42.34827045319614,7144.342389206217
560,6678.288060515879,15.976765695014064,280.05921454808447,6958.347275063963,42.3457186889335,7142.5511513608235
561,6677.165905810668,15.974081114379588,279.40937992631274,6956.575285736981,42.34311890467258,7140.767852972306
562,6676.0516103467435,15.97141533575776,278.7597921873497,6954.811402534093,42.340470826874096,7138.992450630995
563,6674.945132313786,15.968768259123891,278.11045177827515,6953.0555840920615,42.337774177575525,7137.224901764515
564,6673.846431117352,15.966139787362087,277.46135877734514,6951.307789894698,42.33502867432258,7135.465164628001
565,6672.755467335643,15.963529826161825,276.81251292523956,6949.567980260882,42.33223403010149,7133.713198291824
566,6671.672202672108,15.960938283904564,276.16391365765855,6947.836116329767,42.32938995327239,7131.968962626502
567,6670.596599901743,15.958365071535269,275.51556013910465,6946.112160040847,42.32649614750368,7130.232418282488
568,6669.528622816261,15.955810102431247,274.8674512976736,6944.396074113934,42.323552311707765,7128.503526669863
569,6668.46823616287,15.95327329225567,274.21958586066194,6942.687822023532,42.3205581399782,7126.7822499324375
570,6667.4154055821,15.950754558808852,273.5719623907913,6940.987367972892,42.317513321528395,7125.06855092154
571,6666.370097542434,15.948253821871853,272.92457932283855,6939.294676865273,42.31441754063199,7123.362393167022
572,6665.332279270912,15.945771003040461,272.2774350004553,6937.609714271368,42.31127047656515,7121.663740844427
573,6664.301918684848,15.943306025561837,271.63052771295787,6935.9324463978055,42.308071803550696,7119.972558743251
574,6663.278984320269,15.940858814163324,270.983855731865,6934.262840052134,42.3048211907044,7118.288812231698
575,6662.263445260296,15.938429294881091,270.33741734696383,6932.60086260726,42.30151830198333,7116.612467220887
576,6661.255271063684,15.936017394889195,269.6912109016875,6930.946481965371,42.29816279613651,7114.943490128565
577,6660.254431692089,15.933623042325573,269.0452348275946,6929.299666519684,42.294754326657824,7113.281847840646
578,6659.260897440167,15.931246166124803,268.39948767774774,6927.660385117915,42.29129254174134,7111.62750767449
579,6658.274638864981,15.928886695849238,267.7539681588016,6926.028607023783,42.28777708423894,7109.980437340222
580,6657.295626718423,15.926544561527328,267.10867516162136,6924.404301880044,42.28420759162047,7108.340604903593
581,6656.323831879881,15.924219693492539,266.46360779026804,6922.787439670149,42.28058369593627,7106.707978747472
582,6655.359225293842,15.921912022234073,265.818765389204,6921.177990683046,42.276905023782106,7105.082527536499
583,6654.401777907499,15.919621478247606,265.1741475685871,6919.575925476086,42.27317119626654,7103.464220179845
584,6653.45146061303,15.9173479918972,264.5297542275435,6917.981214840574,42.26938182898063,7101.8530257966395
585,6652.508244193378,15.915091493285594,263.8855855753263,6916.393829768705,42.2655365319699,7100.2489136827735
586,6651.572099269728,15.912851912128536,263.24164215028696,6914.813741420015,42.26163490970865,7098.651853277247
587,6650.642996255213,15.91062917764405,262.5979248366079,6913.24092109182,42.257676561076224,7097.061814132502
588,6649.7209053100505,15.908423218445098,261.9544348787632,6911.675340188814,42.25366107933544,7095.478765883923
589,6648.805796302377,15.906233962445878,261.31117389369376,6910.116970196071,42.2495880521129,7093.902678222762
590,6647.897638772351,15.904061336775959,260.6681438807049,6908.565782653055,42.24545706138112,7092.333520870063
591,6646.996401900486,15.90190526770451,260.0253472291072,6907.0217491295925,42.24126768344223,7090.771263552566
592,6646.102054480176,15.899765680574584,259.38278672364623,6905.484841203822,42.23701948891329,7089.215875980594
593,6645.214564893535,15.897642499745299,258.7404655477744,6903.95503044131,42.23271204271286,7087.667327827111
594,6644.333901093109,15.895535648548107,258.098387284841,6902.43228837795,42.2283449040488,7086.125588710562
595,6643.460030584323,15.893445049244793,257.4565559172833,6900.916586501607,42.22391762640705,7084.590628176477
596,6642.592920414812,15.891370623001944,256.8149758239181,6899.40789623873,42.21942975754129,7083.062415684035
597,6641.732537165943,15.889312289870675,256.17365177544,6897.906188941382,42.214880839463206,7081.540920593047
598,6640.878846947295,15.887269968773433,255.532588928245,6896.41143587554,42.21027040843323,7080.026112152224
599,6640.031815395492,15.885243577501178,254.89179281670008,6894.923608212192,42.20559799495166,7078.517959490232
600,6639.19140767506,15.883233032715454,254.25126934399034,6893.44267701905,42.200863123749755,7077.0164316073615
601,6638.357588483759,15.881238249961147,253.61102477167523,6891.968613255434,42.19606531378091,7075.521497370381
602,6637.530322058307,15.87925914368016,252.9710657080896,6890.501387766397,42.19120407821145,7074.033125506617
603,6636.709572184722,15.877295627236176,252.33139909572512,6889.040971280447,42.18627892441114,7072.551284601635
604,6635.895302209098,15.875347612940427,251.69203219772854,6887.587334406827,42.181289353943065,7071.075943096479
605,6635.087475052103,15.873415012086372,251.05297258365084,6886.140447635754,42.17623486255275,7069.607069287858
606,6634.286053223829,15.871497734985237,250.41422811457747,6884.700281338407,42.17111494015644,7068.144631328088
607,6633.490998840534,15.869595691006063,249.77580692776826,6883.266805768302,42.16592907082839,7066.688597226405
608,6632.702273643578,15.867708788621,249.13771742092945,6881.839991064508,42.16067673278683,7065.23893485213
609,6631.919839018823,15.86583693545173,248.4999682362337,6880.419807255057,42.1553573983789,7063.795611938005
610,6631.143656016288,15.863980038316479,247.86256824420065,6879.006224260489,42.14997053406391,7062.358596083667
611,6630.373685372128,15.862138003282604,247.2255265275403,6877.599211899669,42.14451560039532,7060.9278547613885
612,6629.6098875302005,15.860310735718183,246.5888523650577,6876.198739895258,42.138992052000994,7059.503355321463
613,6628.85222266414,15.858498140344832,245.95255521570692,6874.804777879846,42.13339933756178,7058.08506499824
614,6628.100650699915,15.856700121291661,245.31664470287637,6873.417295402791,42.12773689978839,7056.67295091687
615,6627.355131338256,15.854916582148938,244.681130598979,6872.0362619372345,42.12200417539634,7055.2669801002085
616,6626.615624076982,15.853147426021488,244.04602281041338,6870.661646887395,42.11620059507922,7053.86711947599
617,6625.882088234444,15.851392555584795,243.4113313629537,6869.2934195973985,42.110325583479764,7052.473335885536
618,6625.154482970001,15.849651873133972,242.77706638761796,6867.931549357619,42.10437855915923,7051.085596089962
619,6624.432767307344,15.84792528063958,242.14323810705906,6866.576005414403,42.0983589345646,7049.703866779759
620,6623.716900154743,15.846212679796036,241.50985682251178,6865.226756977255,42.09226611599398,7048.328114581828
621,6623.006840326407,15.844513972072743,240.8769329013272,6863.883773227734,42.086099503559794,7046.95830606822
622,6622.302546562574,15.84282905876214,240.24447676511403,6862.547023327688,42.079858491150176,7045.594407764192
623,6621.603977548788,15.841157841025808,239.61249887850465,6861.216476427293,42.07354246638826,7044.236386156082
624,6620.9110919356335,15.839500219941707,238.98100973855475,6859.892101674188,42.06715081058957,7042.884207700253
625,6620.223848355201,15.837856096543543,238.35001986478258,6858.5738682199835,42.0606828987174,7041.537838829404
626,6619.542205440618,15.836225371867508,237.71953978984615,6857.261745230464,42.05413809933639,7040.197245962578
627,6618.866121840052,15.83460794698577,237.08958005085574,6855.955701890908,42.04751577456415,7038.862395510262
628,6618.195556235086,15.833003723050444,236.46015118131146,6854.6557074163975,42.040815280021064,7037.533253884489
629,6617.530467352927,15.831412601322793,235.8312637036547,6853.361731056582,42.03403596477842,7036.209787503369
630,6616.870813982878,15.829834483212625,235.2029281224182,6852.073742105296,42.02717717130465,7034.891962800471
631,6616.216554987919,15.828269270306027,234.57515491795616,6850.791709905875,42.02023823541007,7033.579746229909
632,6615.567649317767,15.826716864396571,233.94795454073488,6849.515603858502,42.01321848618987,7032.273104273428
633,6614.924056020292,15.82517716751266,233.32133740616072,6848.245393426452,42.006117245965676,7030.972003446403
634,6614.285734252324,15.82365008194336,232.69531388992266,6846.981048142246,41.998933830225596,7029.676410303728
635,6613.652643289591,15.822135510262179,232.0698943238234,6845.722537613414,41.99166754756283,7028.386291445312
636,6613.0247425359785,15.82063335534923,231.4450889920734,6844.469831528052,41.98431769961298,7027.101613521369
637,6612.401991531886,15.81914352041121,230.82090812802141,6843.222899659907,41.97688358099012,7025.822343237214
638,6611.784349962247,15.81766590900059,230.1973619112943,6841.981711873541,41.9693644792216,7024.548447358155
639,6611.171777663012,15.816200425031129,229.5744604653184,6840.74623812833,41.96175967468186,7023.279892713196
640,6610.564234627998,15.814746972794254,228.95221385519653,6839.516448483195,41.954068440525035,7022.016646199479
641,6609.961681014403,15.813305456972257,228.3306320859131,6838.292313100316,41.94629004261683,7020.758674785699
642,6609.364077147799,15.811875782650239,227.70972510084033,6837.073802248639,41.93842373946533,7019.505945515313
643,6608.771383527074,15.810457855327929,227.08950278052143,6835.860886307596,41.93046878215108,7018.258425509954
644,6608.183560827736,15.809051580927598,226.46997494170427,6834.65353576944,41.92242441425644,7017.016081971456
645,6607.600569905624,15.807656865802928,225.85115133660142,6833.451721242225,41.914289871794345,7015.778882184531
646,6607.02237179988,15.806273616746124,225.23304165235425,6832.255413452234,41.90606438313646,7014.546793518878
647,6606.44892773549,15.804901740993994,224.61565551067682,6831.064583246167,41.897747168940846,7013.3197834310595
648,6605.880199124482,15.803541146230817,223.99900246766063,6829.879201592143,41.88933744207927,7012.097819465187
649,6605.316147568597,15.802191740594731,223.38309201371715,6828.6992395823145,41.880834407564194,7010.880869255218
650,6604.756734859636,15.800853432678554,222.7679335736412,6827.524668433277,41.872237262475565,7009.6689005250455
651,6604.201922980394,15.799526131532042,222.15353650677557,6826.355459487169,41.86354519588736,7008.461881089279
652,6603.651674105045,15.798209746662787,221.53991010726037,6825.191584212305,41.8547573887942,7007.25977885356
653,6603.10595059955,15.796904188037201,220.92706360435113,6824.033014203901,41.84587301403789,7006.062561814966
654,6602.564715021643,15.795609366080486,220.31500616279007,6822.879721184433,41.83689123623415,7004.870198062052
655,6602.027930118582,15.794325191671248,219.7037468832177,6821.7316770018,41.82781121169944,7003.682655772693
656,6601.4955588292705,15.79305157614658,219.09329480261056,6820.588853631881,41.8186320883782,7002.499903216326
657,6600.967564280719,15.791788431293586,218.4836588947346,6819.451223175453,41.809353005770376,7001.321908750555
658,6600.443909788319,15.790535669350044,217.87484807060113,6818.3187578589195,41.799973094859396,7000.148640821558
659,6599.924558853745,15.78929320299939,217.26687117891748,6817.1914300326625,41.790491478040835,6998.98006796214
660,6599.409475163821,15.788060945367993,216.65973700652154,6816.069212170343,41.78090726905158,6997.816158790718
661,6598.898622588219,15.786838810019663,216.0534542787915,6814.952076867011,41.771219572899845,6996.656882009125
662,6598.391965177754,15.785626710951565,215.4480316600243,6813.839996837778,41.761427485796,6995.502206400991
663,6597.889467162995,15.784424562590898,214.84347775377455,6812.73294491677,41.7515300950844,6994.352100830387
664,6597.391092950986,15.783232279787047,214.23980110314713,6811.630894054133,41.74152647917619,6993.2065342385495
665,6596.896807123496,15.782049777807407,213.63701019103885,6810.533817314535,41.73141570748335,6992.065475642087
666,6596.406574434546,15.78087697233145,213.0351134403226,6809.441687874869,41.72119684035397,6990.9288941304085
667,6595.920359808402,15.779713779445938,212.43411921396952,6808.354479022371,41.71086892900898,6989.79675886356
668,6595.438128336151,15.778560115636724,211.83403581510473,6807.272164151255,41.70043101548025,6988.669039068594
669,6594.959845273869,15.777415897784376,211.2348714869923,6806.194716760861,41.68988213255043,6987.545704037456
670,6594.48547603951,15.776281043156724,210.63663441294608,6805.122110452457,41.67922130369456,6986.426723123528
671,6594.014986210914,15.7751554694041,210.03933271616256,6804.054318927077,41.668447543023376,6985.312065739228
672,6593.54834152147,15.774039094548971,209.44297445947234,6802.991315980943,41.657559855228875,6984.201701351189
673,6593.085507860092,15.772931836985865,208.84756764500852,6801.9330755051005,41.64655723553177,6983.095599479664
674,6592.62645126587,15.771833615468589,208.25312021378724,6800.879571479657,41.63543866963144,6981.993729692554
675,6592.17113792664,15.770744349106794,207.65964004519932,6799.830777971839,41.624203133658085,6980.896061603252
676,6591.719534176121,15.76966395735914,207.06713495640986,6798.786669132531,41.61284959412771,6979.802564866986
677,6591.271606491751,15.768592360028114,206.47561270166335,6797.747219193415,41.601377007899615,6978.7132091777785
678,6590.827321490752,15.767529477250603,205.88508097149167,6796.7124024622435,41.58978432213686,6977.627964263539
679,6590.386645928879,15.766475229494926,205.29554739182385,6795.682193320703,41.57807047426979,6976.546799883777
680,6589.949546697449,15.765429537553704,204.70701952299282,6794.656566220441,41.566234391962794,6975.469685825479
681,6589.515990820582,15.764392322537278,204.11950485863957,6793.635495679222,41.55427499308436,6974.396591899139
682,6589.08594545323,15.763363505868972,203.53301082451043,6792.618956277741,41.54219118568083,6973.327487935452
683,6588.659377879368,15.762343009280784,202.94754477714562,6791.606922656513,41.52998186795384,6972.262343782112
684,6588.236255508493,15.761330754805007,202.36311400245654,6790.599369510949,41.51764592824175,6971.201129298801
685,6587.8165458750345,15.76032666477281,201.77972571418917,6789.596271589224,41.50518224500515,6970.143814354996
686,6587.400216636017,15.759330661808653,201.19738705227087,6788.597603688288,41.49258968681689,6969.090368825941
687,6586.987235568913,15.75834266882515,200.61610508103766,6787.603340649951,41.47986711235647,6968.040762588702
688,6586.577570570764,15.757362609020966,200.03588678733917,6786.613457358103,41.46701337040938,6966.994965519384
689,6586.171189656403,15.756390405876562,199.45673907851807,6785.627928734921,41.454027299871406,6965.952947489362
690,6585.7680609569525,15.755425983150603,198.878668780261,6784.646729737214,41.44090772975812,6964.914678361662
691,6585.368152719839,15.754469264879997,198.3016826343172,6783.669835354156,41.427653479219984,6963.880127988763
692,6584.9714333075235,15.75352017537685,197.7257872960823,6782.697220603606,41.41426335756303,6962.849266209006
693,6584.577871196433,15.752578639225916,197.15098933204231,6781.728860528476,41.400736164275656,6961.8220628430745
694,6584.187434977876,15.751644581286785,196.5772952170755,6780.764730194952,41.38707068906163,6960.79848769237
695,6583.800093357404,15.750717926692355,196.00471133160752,6779.804804689012,41.37326571187961,6959.778510535688
696,6583.415815155307,15.749798600850017,195.43324395861617,6778.849059113923,41.35932000298942,6958.7621011269275
697,6583.034569307534,15.748886529443862,194.86289928048177,6777.897468588016,41.34523232300547,6957.749229193089
698,6582.656324866672,15.747981638437013,194.29368337567863,6776.95000824235,41.33100142295757,6956.739864432216
699,6582.281051003506,15.747083854075374,193.72560221530463,6776.00665321881,41.31662604435933,6955.733976511773
700,6581.90871700807,15.74619310289012,193.15866165944345,6775.067378667513,41.30210491928468,6954.731535066402
701,6581.539292293748,15.745309311707532,192.59286745335623,6774.132159747104,41.28743677045259,6953.732509698573
702,6581.172746397793,15.744432407650223,192.02822522349848,6773.2009716212915,41.27262031132052,6952.736869975536
703,6580.809048986334,15.743562318149126,191.46474047335812,6772.273789459692,41.25765424618681,6951.744585430604
704,6580.448169857381,15.742698970950672,190.90241857911084,6771.350588436491,41.24253727030242,6950.755625562307
705,6580.090078944673,15.741842294126013,190.34126478508952,6770.431343729762,41.22726806999238,6949.76995983423
706,6579.7347463233145,15.740992216084484,189.78128419906392,6769.516030522378,41.211845322787255,6948.787557676503
707,6579.382142214561,15.740148665585075,189.2224817873281,6768.6046240018895,41.19626769756513,6947.808388486298
708,6579.032236992287,15.739311571751882,188.664862369593,6767.69709936188,41.180533854704315,6946.832421629843
709,6578.685001189087,15.738480864088725,188.10843061368158,6766.793431802769,41.16464244624743,6945.859626443946
710,6578.34040550417,15.737656472498015,187.5531910300255,6765.893596534195,41.14859211607698,6944.88997223913
711,6577.998420811371,15.73683832729993,186.99914796596255,6764.997568777334,41.132381500103136,6943.923428302783
712,6577.659018167038,15.736026359251287,186.4463055998347,6764.105323766873,41.116009226463916,6942.959963901991
713,6577.322168820554,15.735220499570703,185.89466793488754,6763.216836755441,41.09947391573833,6941.9995482889035
714,6576.987844224406,15.734420679962694,185.34423879297364,6762.33208301738,41.08277418117302,6941.0421507054825
715,6576.656016044048,15.733626832641262,184.79502180806156,6761.451037852109,41.06590862892264,6940.087740387922
716,6576.326656171448,15.732838890362316,184.24702041955683,6760.573676591005,41.04887585830473,6939.1362865746305
717,6575.9997367366195,15.732056786451244,183.7002378654391,6759.699974602058,41.031674462069375,6938.18775851206
718,6575.675230120942,15.731280454834788,183.1546771752237,6758.829907296165,41.01430302668422,6937.242125462241
719,6575.353108971908,15.730509830076334,182.61034116275607,6757.9634501346645,40.99676013263543,6936.299356711628
720,6575.033346218013,15.729744847411515,182.06723241885098,6757.100578636864,40.979044354745135,6935.359421580006
721,6574.715915084807,15.728985442786621,181.525353303789,6756.241268388597,40.96115426250575,6934.422289430497
722,6574.400789110583,15.728231552896132,180.98470593968494,6755.385495050268,40.94308842043196,6933.487929679147
723,6574.087942164696,15.727483115226546,180.4452922027468,6754.533234367443,40.92484538843083,6932.556311807117
724,6573.777348465508,15.726740068099302,179.90711371544467,6753.684462180952,40.90642372219071,6931.627405372482
725,6573.468982599186,15.726002350715756,179.3701718386117,6752.839154437798,40.8878219735895,6930.701180022913
726,6573.162819538501,15.725269903202156,178.83446766350312,6751.997287202004,40.86903869112298,6929.77760550839
727,6572.858834663787,15.724542666659778,178.30000200384077,6751.158836667628,40.85007242035384,6928.856651696167
728,6572.557003782469,15.723820583211648,177.76677538787413,6750.323779170343,40.83092170438212,6927.938288584405
729,6572.25730315065,15.723103596054186,177.23478805049103,6749.492091201141,40.81158508433767,6927.02248631801
730,6571.959709494584,15.722391649508573,176.7040399254154,6748.6637494199995,40.79206109989557,6926.109215204545
731,6571.664200030753,15.721684689068788,176.1745306375305,6747.8387306682835,40.77234828981499,6925.198445728979
732,6571.37075248868,15.720982661456173,175.64625949537066,6747.017011984051,40.752445192502535,6924.290148571437
733,6571.079345132353,15.720285514670701,175.119225483825,6746.198570616179,40.73235034660063,6923.384294623891
734,6570.78995678086,15.719593198040334,174.59342725710167,6745.383384037961,40.712062291602,6922.48085500643
735,6570.502566829171,15.718905662270744,174.0688631320013,6744.571429961172,40.69157956849093,6921.579801084107
736,6570.217155270058,15.718222859497747,173.54553108155102,6743.76268635161,40.67090072041225,6920.681104485403
737,6569.933702711759,15.717544743329567,173.02342872905254,6742.957131440811,40.650024293369,6919.784737116966
738,6569.652190398078,15.716871268894923,172.50255334259793,6742.154743740676,40.62894883694962,6918.890671181407
739,6569.37260022647,15.716202392886293,171.98290183010883,6741.355502056579,40.60767290508568,6917.998879193702
740,6569.094914763034,15.715538073595773,171.46447073495284,6740.559385497986,40.586195056841184,6917.109333995245
741,6568.819117258601,15.71487827095359,170.94725623219435,6739.766373490796,40.564513857234395,6916.222008769765
742,6568.545191661459,15.714222946558515,170.43125412553067,6738.97644578699,40.542627878093214,6915.336877056695
743,6568.273122628947,15.713572063705614,169.91645984496813,6738.189582473915,40.520535698945324,6914.4539127643275
744,6568.002895536498,15.71292558740789,169.402868445286,6737.405763981784,40.49823590794406,6913.57309018134
745,6567.7344964839585,15.712283484411383,168.89047460533584,6736.624971089294,40.47572710283111,6912.69438398661
746,6567.46791230045,15.711645723206818,168.37927262821796,6735.847184928668,40.453007891937375,6911.817769258596
747,6567.203130545715,15.71101227403281,167.8692564423733,6735.0723869880885,40.43007689522286,6910.943221482308
748,6566.940139508242,15.710383108871394,167.36041960362226,6734.3005591118645,40.406932745357054,6910.070716554168
749,6566.678928201257,15.709758201438413,166.85275529817616,6733.531683499433,40.38357408884066,6909.200230785889
750,6566.419486355151,15.709137527165433,166.34625634664098,6732.765742701792,40.35999958717017,6908.331740905982
751,6566.161804405674,15.70852106317147,165.84091520902237,6732.002719614697,40.33620791804621,6907.465224058197
752,6565.905873481266,15.707908788232695,165.3367239907363,6731.242597472003,40.31219777662683,6906.600657800329
753,6565.651685382918,15.707300682734253,164.83367444961718,6730.485359832535,40.287967876827004,6905.738020096733
754,6565.399232565332,15.706696728625195,164.33175800390933,6729.730990569241,40.26351695266527,6904.877289313335
755,6565.148508111334,15.706096909357258,163.83096574121484,6728.979473852549,40.23884375965864,6904.018444207064
756,6564.8995057030315,15.705501209815864,163.33128842836425,6728.230794131396,40.213947076266734,6903.161463913156
757,6564.652219592766,15.704909616250637,162.8327165221643,6727.484936114931,40.188825705386016,6902.30632793336
758,6564.406644566767,15.704322116188438,162.33524018096938,6726.741884747737,40.163478475894976,6901.45301611788
759,6564.16277591024,15.703738698349857,161.8388492770123,6726.001625187253,40.13790424425103,6900.601508649745
760,6563.920609364891,15.703159352547585,161.34353340942366,6725.264142774315,40.11210189613957,6899.751786022522
761,6563.680141089116,15.702584069591186,160.84928191785977,6724.529423006976,40.086070348175724,6898.90382902154
762,6563.441367612598,15.702012841178464,160.35608389665168,6723.797451509249,40.059808549659074,6898.057618700266
763,6563.204285790667,15.701445659786286,159.86392820938406,6723.068214000051,40.03331548438137,6897.21313635711
764,6562.968892756269,15.700882518555668,159.37280350380527,6722.341696260075,40.00659017248712,6896.370363510394
765,6562.735185872553,15.700323411178358,158.88269822696995,6721.6178840995235,39.97963167238676,6895.529281874406
766,6562.503162683201,15.699768331777992,158.3936006405099,6720.896763323711,39.9524390827216,6894.689873333549
767,6562.272820863727,15.699217274793606,157.90549883593232,6720.178319699659,39.925011544379814,6893.852119917711
768,6562.04415817267,15.698670234862847,157.41838074984335,6719.462538922513,39.89734824256209,6893.016003777658
769,6561.817172404234,15.698127206708694,156.9322341789998,6718.749406583234,39.86944840889538,6892.181507161929
770,6561.5918613418835,15.69758818502843,156.44704679509522,6718.0389081369785,39.841311323592876,6891.348612394608
771,6561.368222713767,15.697053164387002,155.96280615919457,6717.331028872962,39.81293631765767,6890.517301854773
772,6561.146254150188,15.696522139115283,155.47949973573844,6716.625753885926,39.78432277512748,6889.687557957731
773,6560.925953145228,15.695995103218248,154.99711490604932,6715.923068051277,39.755470135357115,6888.859363140081
774,6560.70731702027,15.695472050287728,154.51563898128188,6715.222956001552,39.72637789533495,6888.032699846259
775,6560.490342892104,15.694952973426087,154.03505921477313,6714.525402106878,39.69704561202924,6887.207550519205
776,6560.27502764497,15.694437865179353,153.5553628137614,6713.830390458731,39.6674729047595,6886.3838975944345
777,6560.061367907588,15.693926717482267,153.07653695045875,6713.137904858047,39.6376594575876,6885.561723498553
778,6559.849360034757,15.693419521614253,152.59856877247557,6712.4479288072325,39.607605021722954,6884.741010651727
779,6559.639000094867,15.692916268169538,152.12144541261412,6711.760445507481,39.577309417935176,6883.9217414754985
780,6559.430283862528,15.692416947039542,151.6451539980627,6711.075437860591,39.546772538967396,6883.103898405099
781,6559.223206818177,15.691921547411905,151.16968165904015,6710.392888477217,39.515994351942744,6882.287463908167
782,6559.017764152995,15.691430057782286,150.69501553695576,6709.712779689951,39.484974900755816,6881.472420508239
783,6558.813950779695,15.690942465980132,150.22114279216677,6709.035093571862,39.45371430844074,6880.658750813579
784,6558.611761352319,15.690458759216074,149.74805061143118,6708.359811963751,39.42221277950649,6879.846437554604
785,6558.411190289973,15.68997892413869,149.2757262151668,6707.68691650514,39.390470602230245,6879.035463624842
786,6558.212231807271,15.689502946907346,148.80415686464397,6707.016388671915,39.35848815089845,6878.225812128323
787,6558.014879954131,15.689030813287395,148.33332986924796,6706.348209823379,39.32626588798552,6877.417466436116
788,6557.81912865863,15.688562508752703,147.8632325939613,6705.682361252591,39.29380436625949,6876.61041024582
789,6557.624971777874,15.688098018607354,147.39385246722262,6705.018824245097,39.26110423080378,6875.804627649093
790,6557.432403153671,15.68763732811883,146.92517698932622,6704.357580142997,39.22816622094424,6875.000103204105
791,6557.241416675408,15.68718042266844,146.45719374153163,6703.698610416939,39.19499117207047,6874.196822015446
792,6557.052006345657,15.68672728790827,145.98989039605436,6703.041896741712,39.161580017340825,6873.394769817144
793,6556.864166351743,15.686277909932398,145.52325472710862,6702.387421078852,39.1279337892605,6872.593933062135
794,6556.677891140677,15.685832275456166,145.05727462316918,6701.735165763846,39.09405362112277,6871.794299015731
795,6556.4931754973595,15.685390372003253,144.5919381006156,6701.085113597976,39.059940748303916,6870.995855853098
796,6556.310014624034,15.684952188095775,144.12723331891019,6700.437247942944,39.02559650940318,6870.198592758848
797,6556.128404221058,15.684517713447507,143.66314859745185,6699.79155281851,38.991022347220095,6869.4025000289175
798,6555.948340568981,15.684086939160242,143.19967243423105,6699.148013003211,38.956219809562626,6868.607569174809
799,6555.769820607345,15.683659857912307,142.73679352639363,6698.506614133738,38.92119054988077,6867.81379302572
800,6555.592842013628,15.683236464147436,142.27450079279907,6697.867342806427,38.885936327722,6867.021165832018
801,6555.417403275062,15.68281675424656,141.81278339863562,6697.230186673697,38.85045900900643,6866.229683362875
802,6555.24350375953,15.68240072669744,141.35163078212503,6696.595134541654,38.814760566121215,6865.439343004282
803,6555.071143776297,15.681988382239943,140.8910326833215,6695.962176459618,38.778843077836115,6864.650143848205
804,6554.900324630552,15.681579723996535,140.43097917497462,6695.331303805527,38.74270872904362,6863.862086776867
805,6554.731048669541,15.681174757582635,139.97146069539215,6694.702509364934,38.70635981032959,6863.0751745398675
806,6554.563319315725,15.680773491185944,139.51246808320093,6694.075787398926,38.66979871738211,6862.289411819538
807,6554.3971410901795,15.68037593562244,139.05399261386543,6693.451133704045,38.63302795024887,6861.504805287627
808,6554.232519621858,15.679982104358512,138.5960260377846,6692.828545659642,38.596050112454805,6860.72136364882
809,6554.069461643428,15.679592013501026,138.13856061974798,6692.208022263177,38.55886790999442,6859.939097671652
810,6553.907974971663,15.679205681750389,137.68158917949202,6691.589564151155,38.52148415021431,6859.158020204587
811,6553.748068473628,15.678823130319685,137.22510513306187,6690.973173606691,38.48390174060372,6858.3781461783165
812,6553.589752015077,15.678444382811188,136.76910253464453,6690.358854549721,38.44612368751171,6857.599492590397
813,6553.433036395763,15.678069465061634,136.31357611850942,6689.746612514273,38.408153094811084,6856.822078476701
814,6553.277933266674,15.677698404944197,135.85852134066099,6689.1364546073355,38.36999316252969,6856.045924864339
815,6553.12445503313,15.677331232136675,135.4039344197837,6688.528389452914,38.331647185470246,6855.2710547097095
816,6552.972614744286,15.676967977857144,134.94981237703993,6687.922427121326,38.29311855183992,6854.49749282183
817,6552.822425966832,15.6766086745618,134.49615307426689,6687.318579041099,38.25441074191029,6853.7252657684085
818,6552.673902650089,15.676253355622222,134.04295525011304,6686.716857900202,38.21552732672808,6852.954401771469
819,6552.527058977521,15.675902054970146,133.59021855365276,6686.117277531173,38.17647196689529,6852.184930587168
820,6552.381909211946,15.675554806727142,133.13794357502607,6685.519852786972,38.137248411436445,6851.41688337672
821,6552.238467532155,15.675211644813768,132.68613187266544,6684.92459940482,38.0978604967685,6850.650292565762
822,6552.096747865789,15.674872602549735,132.23478599669397,6684.331533862483,38.05831214578693,6849.885191696657
823,6551.956763720943,15.674537712251059,131.78390950810956,6683.740673229053,38.018607367079255,6849.121615275848
824,6551.818528014608,15.674207004819637,131.33350699340724,6683.152035008015,37.97875025427437,6848.359598614109
825,6551.682052905596,15.673880509343531,130.88358407433535,6682.565636979931,37.93874498553363,6847.599177667002
826,6551.5473496313825,15.673558252706657,130.4341474125319,6681.981497043915,37.8985958231865,6846.840388874776
827,6551.414428348633,15.673240259207256,129.9852047088424,6681.3996330574755,37.85830711351075,6846.083269001248
828,6551.2832979851055,15.672926550203602,129.53676469717794,6680.820062682284,37.81788328665437,6845.32785497923
829,6551.153966098891,15.672617143777252,129.08883713283865,6680.242803231729,37.777328856693266,6844.574183758345
830,6551.02643874957,15.672312054424808,128.64143277528615,6679.667871524856,37.736648421816156,6843.822292159756
831,6550.900720381484,15.672011292778668,128.19456336541893,6679.095283746902,37.695846664625606,6843.072216738024
832,6550.776813720947,15.671714865361118,127.74824159746485,6678.525055318411,37.65492835254121,6842.323993651966
833,6550.654719687519,15.671422774372054,127.30248108566938,6677.957200773189,37.613898338289324,6841.5776585447475
834,6550.534437318956,15.671135017509465,126.85729632601789,6677.391733644974,37.57276156046111,6840.83324643298
835,6550.415963712992,15.670851587830125,126.41270265328518,6676.8286663662775,37.53152304411932,6840.090791608197
836,6550.299293981496,15.670572473639941,125.96871619375747,6676.268010175253,37.490187901432606,6839.350327546485
837,6550.184421222268,15.670297658426477,125.52535381401648,6675.709775036285,37.44876133231479,6838.611886831854
838,6550.071336502414,15.670027120819173,125.08263306621532,6675.15396956863,37.40724862504594,6837.875501087579
839,6549.960028857074,15.6697608345863,124.64057213030662,6674.60060098738,37.36565515685096,6837.141200919682
840,6549.8504853012255,15.66949876866322,124.19918975371003,6674.0496750549355,37.32398639441153,6836.409015870626
841,6549.742690852472,15.669240887206872,123.75850518892248,6673.501196041395,37.282247894286655,6835.678974381542
842,6549.6366285664035,15.66898714968039,123.3185381295857,6672.955166695989,37.24044530321763,6834.951103764985
843,6549.532279580924,15.668737510959149,122.87930864552797,6672.411588226452,37.198584358293324,6834.225430185028
844,6549.429623171238,15.66849192146229,122.44083711729306,6671.870460288531,37.15667088695248,6833.501978646775
845,6549.328636810733,15.668250327298404,122.00314417065918,6671.331780981392,37.11471080680051,6832.780772990974
846,6549.229296241445,15.668012670434079,121.56625061163246,6670.795546853077,37.0727101252193,6832.061835897781
847,6549.131575548079,15.667778888871002,121.13017736237842,6670.261752910457,37.03067493874997,6831.34518889402
848,6549.035447238016,15.667548916837358,120.69494539852644,6669.730392636542,36.988611432229526,6830.63085236674
849,6548.940882325123,15.667322684988333,120.26057568825078,6669.201458013374,36.94652587766444,6829.918845581214
850,6548.847850416354,15.667100120613288,119.82708913349575,6668.67493954985,36.90442463282537,6829.20918670264
851,6548.756319798965,15.666881147844414,119.39450651367596,6668.150826312641,36.8623141395494,6828.5018928196805
852,6548.666257531791,15.6666656878751,118.96284843214046,6667.629105963932,36.82020092173795,6827.796979973492
853,6548.577629533195,15.666453659170324,118.53213526564936,6667.1097647988445,36.778091583040435,6827.094463185071
854,6548.490400672257,15.666244977684826,118.10238711706894,6666.592787789326,36.7359928042159,6826.394356487665
855,6548.404534856229,15.666039557072317,117.67362377144929,6666.078158627678,36.69391134016683,6825.696672957403
856,6548.319995117674,15.665837308893957,117.24586465560662,6665.565859773281,36.65185401664158,6825.001424745672
857,6548.236743700538,15.665638142824253,116.81912880129258,6665.05587250183,36.6098277266038,6824.308623112556
858,6548.1547421416035,15.665441966845941,116.39343481199462,6664.548176953598,36.567839426269565,6823.6182784578705
859,6548.073951351778,15.665248687444446,115.96880083337385,6664.0427521851525,36.52589613081473,6822.9304003541965
860,6547.994331693146,15.665058209792214,115.54524452731451,6663.539576220461,36.484004909757246,6822.2449975779045
861,6547.915843053255,15.664870437926448,115.1227830495266,6663.038626102782,36.44217288202125,6821.562078139574
862,6547.838444916006,15.664685274918675,114.70143303061604,6662.539877946621,36.40040721069129,6820.881649313128
863,6547.762096429857,15.664502623037935,114.28121056051125,6662.043306990368,36.35871509746734,6820.203717664352
864,6547.686756472263,15.664322383904937,113.86213117611308,6661.548887648377,36.31710377683263,6819.528289077599
865,6547.6123837110445,15.664144458638862,113.44420985201751,6661.056593563062,36.27558050994824,6818.855368781336
866,6547.53893666233,15.663968747996005,113.0274609941438,6660.566397656474,36.2341525782896,6818.184961372033
867,6547.466373745728,15.663795152501741,112.61189843609006,6660.078272181818,36.19282727704203,6817.517070836951
868,6547.3946533358685,15.663623572573847,112.19753543802823,6659.592188773897,36.15161190827303,6816.8517005748845
869,6547.323733811918,15.663453908640951,111.78438468794519,6659.108118499863,36.11051377390083,6816.188853416332
870,6547.2535736029895,15.66328606125117,111.37245830503217,6658.626031908022,36.069540168479286,6815.528531640907
871,6547.184131232518,15.663119931178272,110.96176784502491,6658.145899077543,36.02869837182057,6814.8707369949625
872,6547.1153653582915,15.662955419517443,110.55232430729797,6657.667689665589,35.98799564147727,6814.215470706015
873,6547.047234812704,15.66279242778159,110.14413814351943,6657.191372956224,35.94743920510698,6813.562733498439
874,6546.979698637364,15.662630857984125,109.73721926767843,6656.7169179050425,35.90703625274201,6812.91252560447
875,6546.912716119534,15.662470612726157,109.33157706730401,6656.244293186838,35.866793928988116,6812.264846777936
876,6546.846246823456,15.662311595271426,108.92722041570245,6655.773467239158,35.82671932517577,6811.619696303673
877,6546.780250622531,15.66215370962328,108.52415768504792,6655.304408307578,35.78681947148802,6810.977073008551
878,6546.714687727938,15.661996860593154,108.12239676017396,6654.837084488112,35.74710132908868,6810.336975269648
879,6546.649518717139,15.661840953868753,107.72194505292019,6654.371463770059,35.70757178227473,6809.699401022954
880,6546.584704560197,15.661685896077026,107.32280951690268,6653.907514077099,35.66823763067661,6809.064347770543
881,6546.520206646338,15.661531594847698,106.92499666258584,6653.445203308924,35.62910558152944,6808.431812588577
882,6546.455986807133,15.661377958868739,106.52851257254484,6652.984499379678,35.59018224203818,6807.801792132544
883,6546.392007340864,15.661224897944651,106.1333629168195,6652.525370257684,35.55147411185908,6807.1742826442705
884,6546.328231034888,15.66107232304997,105.73955296826969,6652.067784003158,35.51298757571904,6806.549279957535
885,6546.264621187246,15.660920146380972,105.34708761785474,6651.6117088051005,35.474728896194115,6805.926779503545
886,6546.201141627764,15.660768281406133,104.95597138976656,6651.157113017531,35.43670420666741,6805.306776316534
887,6546.137756737835,15.66061664291348,104.5662084563584,6650.703965194193,35.39891950448583,6804.689265038706
888,6546.074431470048,15.660465147057531,104.17780265281705,6650.252234122865,35.36138064433454,6804.074239925721
889,6546.011131367277,15.660313711404969,103.79075749153625,6649.801888858813,35.324093331846555,6803.461694852345
890,6545.947822579854,15.660162254975727,103.405076176156,6649.35289875601,35.28706311746444,6802.85162331698
891,6545.884471884019,15.660010698287127,103.02076161523834,6648.9052334992575,35.250295390569775,6802.244018448236
892,6545.821046697782,15.659858963391821,102.63781643555724,6648.458863133339,35.2137953738949,6801.6388730097815
893,6545.7575150975335,15.659706973917544,102.2562429949848,6648.013758092518,35.17756811823064,6801.036179406821
894,6545.69384583301,15.659554655102895,101.87604339496158,6647.5698892279715,35.14161849744248,6800.4359296918465
895,6545.630008342204,15.659401933833024,101.49721949254123,6647.127227834745,35.105951203806185,6799.838115571302
896,6545.565972765686,15.65924873867389,101.11977291200544,6646.685745677692,35.07057074367333,6799.242728412671
897,6545.501709959591,15.659094999903328,100.74370505604605,6646.245415015636,35.03548143347544,6798.649759251254
898,6545.437191508041,15.658940649540767,100.36901711651498,6645.806208624556,35.00068739607448,6798.05919879748
899,6545.37238973561,15.658785621377058,99.9957100847441,6645.3680998203545,34.96619255746636,6797.471037445333
900,6545.30727771793,15.658629850999834,99.62378476143897,6644.93106247937,34.93200064384259,6796.885265280085
901,6545.241829291757,15.6584732758176,99.25324176615176,6644.495071057909,34.8981151790144,6796.301872086621
902,6545.176019065187,15.658315835084178,98.88408154633964,6644.060100611527,34.86453948220214,6795.720847359106
903,6545.109822425543,15.658157469917567,98.51630438601507,6643.626126811558,34.8312766661918,6795.142180309492
904,6545.0432155474855,15.657998123319343,98.14991041399648,6643.193125961482,34.79832963585911,6794.565859877469
905,6544.976175400036,15.657837740191473,97.78489961176653,6642.761075011802,34.765701087060854,6793.991874740516
906,6544.908679752863,15.657676267351345,97.42127182094656,6642.329951573809,34.73339350589152,6793.420213324437
907,6544.84070717996,15.657513653540574,97.05902675039525,6641.899733930355,34.70140916830265,6792.850863812471
908,6544.772237065967,15.657349849440111,96.69816398294047,6641.470401048907,34.669750140080964,6792.283814158259
909,6544.703249607561,15.657184807673591,96.33868298175229,6641.041932589313,34.63841827718035,6791.719052095047
910,6544.633725816995,15.657018482815777,95.98058309636608,6640.614308913361,34.60741522640187,6791.15656514821
911,6544.563647522589,15.656850831393754,95.6238635683644,6640.187511090953,34.57674242641497,6790.596340645859
912,6544.492997369825,15.656681811889534,95.2685235367257,6639.761520906551,34.54640110911199,6790.038365731188
913,6544.421758820608,15.656511384738298,94.91456204284944,6639.336320863458,34.51639230128752,6789.482627374059
914,6544.3499161509335,15.656339512322807,94.56197803526557,6638.911894186199,34.48671682663292,6788.929112382052
915,6544.277454449955,15.656166158971185,94.21077037403788,6638.488224823993,34.457375308036006,6788.377807413949
916,6544.204359615208,15.655991290945474,93.86093783486986,6638.065297450078,34.42836817017483,6787.828698990339
917,6544.130618349001,15.655814876433018,93.51247911292269,6637.643097461924,34.399695642393816,6787.281773506337
918,6544.056218152908,15.655636885533271,93.16539282635448,6637.221610979262,34.37135776185042,6786.737017243311
919,6543.981147321199,15.655457290242104,92.81967751959047,6636.80082484079,34.343354376919066,6786.194416380387
920,6543.905394935039,15.655276064437892,92.4753316663343,6636.380726601374,34.31568515083952,6785.653957007526
921,6543.828950852521,15.655093183857707,92.13235367233027,6635.961304524852,34.28834956559578,6785.115625135193
922,6543.751805701611,15.65490862608041,91.79074187788729,6635.542547579498,34.2613469260116,6784.579406707649
923,6543.6739508696055,15.654722370501448,91.45049456017468,6635.12444542978,34.234676364048184,6784.0452876133895
924,6543.595378493006,15.654534398308627,91.11160993530129,6634.706988428307,34.2083368432896,6783.5132536966175
925,6543.516081446168,15.654344692454947,90.77408616018883,6634.290167606357,34.182327163601066,6782.983290768021
926,6543.436053329262,15.654153237629814,90.4379213342506,6633.873974663513,34.15664596594527,6782.455384615375
927,6543.3552884554565,15.653960020228364,90.10311350088733,6633.458401956344,34.13129173734185,6781.929521013781
928,6543.273781837735,15.653765028319942,89.76966064881152,6633.043442486547,34.10626281595488,6781.405685735951
929,6543.191529175165,15.653568251615226,89.4375607132122,6632.629089888377,34.08155739629386,6780.883864562255
930,6543.108526837365,15.653369681429103,89.10681157677196,6632.2153384141375,34.057173534513,6780.364043289269
931,6543.024771850111,15.653169310646199,88.7774110705472,6631.802182920658,34.03310915379453,6779.846207739664
932,6542.9402618791255,15.652967133682118,88.44935697472445,6631.38961885385,34.009362049801396,6779.330343770486
933,6542.854995214475,15.652763146446112,88.12264701926341,6630.977642233738,33.98592989618536,6778.816437282145
934,6542.768970752438,15.652557346297698,87.79727888443844,6630.566249636876,33.96281025013644,6778.304474224969
935,6542.682187979883,15.652349732009288,87.47325020128982,6630.155438181172,33.94000055796045,6777.7944406083
936,6542.594646956407,15.652140303723462,87.15055855199537,6629.745205508402,33.9174981606712,6777.2863225073215
937,6542.506348295131,15.651929062907012,86.82920147017354,6629.335549765305,33.89530029958489,6776.780106068499
938,6542.417293146937,15.651716012313246,86.50917644112761,6628.926469588064,33.873404121904166,6776.275777518347
939,6542.327483180086,15.651501155933222,86.19048090204167,6628.517964082128,33.85180668628025,6775.773323167447
940,6542.236920562413,15.65128449895314,85.8731122421371,6628.1100328045495,33.83050496834166,6775.272729416835
941,6542.145607942755,15.651066047709941,85.55706780279911,6627.702675745554,33.80949586617878,6774.773982763432
942,6542.0535484317425,15.650845809645316,85.24234487768143,6627.295893309424,33.78877620577399,6774.277069804541
943,6541.960745582588,15.650623793259781,84.92894071279767,6626.889686295386,33.76834274636762,6773.781977242085
944,6541.867203372512,15.650400008068212,84.6168525066063,6626.484055879118,33.748192185750604,6773.288691887134
945,6541.772926183834,15.650174464554627,84.30607741009638,6626.079003593931,33.728321165475215,6772.797200663748
946,6541.677918783916,15.6499471741242,83.99661252688075,6625.674531310797,33.7087262759758,6772.3074906112915
947,6541.5821863076635,15.649718149061396,83.68845491330202,6625.270641220965,33.68940406159219,6771.819548888891
948,6541.485734237684,15.649487402482496,83.38160157855691,6624.8673358162405,33.67035102548883,6771.333362777117
949,6541.388568385986,15.649254948291834,83.07604948484368,6624.46461787083,33.651563634463336,6770.848919680745
950,6541.290694874667,15.649020801135567,82.7717955475367,6624.062490422203,33.63303832363876,6770.366207130031
951,6541.192120119456,15.648784976362336,82.46883663539191,6623.6609567548485,33.61477150103449,6769.885212784348
952,6541.092850808955,15.648547489973575,82.16716957078626,6623.260020379741,33.596759552010994,6769.405924430989
953,6540.992893888919,15.64830835858593,81.86679112999391,6622.859685018912,33.578998843584486,6768.928329988505
954,6540.892256543679,15.648067599386792,81.5676980435009,6622.45995458718,33.56148572860794,6768.452417506624
955,6540.790946178996,15.647825230093291,81.26988699636055,6622.0608331753565,33.54421654981535,6767.978175167053
956,6540.688970405121,15.647581268911772,80.97335462859053,6621.662325033712,33.52718764372684,6767.505591283923
957,6540.586337020693,15.647335734499265,80.67809753561242,6621.264434556305,33.51039534441242,6767.034654304499
958,6540.483053995174,15.647088645921468,80.38411226873427,6620.867166263908,33.49383598711293,6766.565352807849
959,6540.379129454732,15.646840022618976,80.09139533567635,6620.4705247904085,33.477505911717,6766.0976755063775
960,6540.274571665674,15.646589884367641,79.79994320113978,6620.074514866814,33.461401466093236,6765.631611244319
961,6540.169389019645,15.646338251243169,79.5097522874175,6619.679141307062,33.445519009277405,6765.167148997419
962,6540.063590019422,15.646085143587134,79.22081897504663,6619.284408994468,33.42985491451469,6764.704277872607
963,6539.9571832639085,15.645830581971072,78.93313960350154,6618.89032286741,33.41440557215738,6764.242987106294
964,6539.85017743572,15.645574587166795,78.64671047192618,6618.496887907646,33.39916739241886,6763.783266064668
965,6539.742581287355,15.64531718011329,78.36152783990369,6618.104109127259,33.3841368079849,6763.325104241993
966,6539.634403627562,15.64505838188412,78.07758792826264,6617.711991555825,33.369310276483795,6762.8684912585295
967,6539.525653311181,15.644798213663112,77.79488691991719,6617.320540231098,33.3546842828168,6762.413416861351
968,6539.4163392253795,15.644536696711434,77.51342096073978,6616.929760186119,33.34025534135107,6761.959870920996
969,6539.306470279089,15.644273852342318,77.23318616046409,6616.539656439553,33.32601999797703,6761.507843430753
970,6539.196055392779,15.644009701896602,76.95417859361626,6616.1502339863955,33.31197483203282,6761.0573245057385
971,6539.085103487236,15.643744266715874,76.67639430047223,6615.761497787708,33.298116458098065,6760.608304380435
972,6538.973623473785,15.643477568119103,76.3998292880389,6615.3734527618235,33.284441527660135,6760.160773407145
973,6538.861624245976,15.643209627382717,76.12447953105685,6614.986103777032,33.27094673065551,6759.714722055384
974,6538.749114669325,15.642940465716087,75.85034097302254,6614.5994556423475,33.257628796889506,6759.270140908817
975,6538.636103573876,15.642670104243724,75.57740952722759,6614.213513101104,33.24448449733747,6758.827020664522
976,6538.522599745847,15.642398563985282,75.3056810778127,6613.82828082366,33.23151064533081,6758.385352130849
977,6538.40861192034,15.642125865838135,75.03515148083467,6613.443763401175,33.21870409763126,6757.945126225871
978,6538.294148773521,15.641852030558661,74.76581656534339,6613.0599653388645,33.20606175539677,6757.50633397484
979,6538.179218917814,15.641577078750752,74.49767213446745,6612.6768910522815,33.19358056504279,6757.068966510217
980,6538.063830893601,15.641301030845936,74.23071396650585,6612.294544860108,33.181257519002216,6756.633015067768
981,6537.947993164845,15.64102390709293,73.96493781602396,6611.912930980869,33.16908965638802,6756.198470986156
982,6537.831714113581,15.640745727544452,73.7003394149516,6611.532053528533,33.15707406356186,6755.765325705027
983,6537.715002034878,15.640466512045164,73.43691447368167,6611.15191650856,33.14520787461264,6755.333570763125
984,6537.5978651320365,15.640186280220183,73.17465868216685,6610.772523814203,33.1334882717485,6754.903197796309
985,6537.480311512917,15.63990505146631,72.91356771101351,6610.3938792239305,33.12191248560598,6754.474198536316
986,6537.362349185751,15.639622844941988,72.65363721257044,6610.015986398321,33.1104777954801,6754.046564808659
987,6537.243986055968,15.639339679559733,72.39486282201098,6609.638848877979,33.09918152947882,6753.620288531212
988,6537.125229923406,15.639055573979439,72.13724015840727,6609.262470081813,33.08802106460558,6753.195361712847
989,6537.006088478946,15.63877054660035,71.88076482579504,6608.886853304742,33.076993826773474,6752.771776451206
990,6536.886569302494,15.638484615556205,71.6254324142275,6608.512001716721,33.06609729075461,6752.349524931504
991,6536.766679860781,15.638197798710001,71.3712385008173,6608.137918361598,33.05532898006793,6751.928599424894
992,6536.646427505725,15.63791011365006,71.118178650765,6607.76460615649,33.044686466809125,6751.50899228711
993,6536.5258194721155,15.637621577684486,70.86624841837359,6607.392067890489,33.03416737142585,6751.090695956191
994,6536.404862878198,15.63733220784258,70.61544334804738,6607.020306226245,33.02376936244146,6750.673702952866
995,6536.2835647222455,15.637042020866616,70.36575897527469,6606.64932369752,33.013490156130615,6750.258005876688
996,6536.161931883305,15.636751033213649,70.11719082759348,6606.279122710899,33.00332751614967,6749.84359740615
997,6536.039971121009,15.636459261055046,69.86973442553901,6605.909705546548,32.99327925312509,6749.430470297642
998,6535.917689073975,15.63616672027267,69.62338528357294,6605.5410743575485,32.98334322420267,6749.01861738283
999,6535.795092260228,15.635873426459876,69.37813891099312,6605.17323117122,32.973517332560476,6748.608031567858
1000,6535.672187077736,15.635579394922814,69.13399081282373,6604.80617789056,32.96379952688841,6748.198705832525
1001,6535.548979804504,15.63528464068063,68.89093649068484,6604.439916295189,32.95418780083686,6747.790633228829
1002,6535.425476598584,15.634989178465514,68.64897144364167,6604.074448042226,32.94468019243725,6747.383806879328
1003,6535.301683498782,15.63469302272436,68.40809116903228,6603.709774667815,32.935274783496865,6746.978219976026
1004,6535.177606426244,15.634396187622594,68.16829116327423,6603.345897589518,32.925969698970476,6746.573865780039
1005,6535.053251184121,15.634098687043352,67.92956692264939,6602.9828181067705,32.916763106310974,6746.1707376192235
1006,6534.928623459522,15.633800534592158,67.69191394406688,6602.620537403589,32.90765321480135,6745.768828887974
1007,6534.803728824403,15.63350174359905,67.45532772580427,6602.259056550208,32.89863827487012,6745.368133045893
1008,6534.678572736408,15.633202327120593,67.21980376822617,6601.898376504634,32.88971657739231,6744.968643616291
1009,6534.553160541226,15.632902297945517,66.98533757448135,6601.538498115708,32.88088645297783,6744.570354186161
1010,6534.427497472974,15.632601668595631,66.75192465117709,6601.179422124152,32.872146271249285,6744.173258404086
1011,6534.301588655979,15.632300451330092,66.5195605090318,6600.821149165011,32.8634944401109,6743.777349979493
1012,6534.175439107516,15.631998658151952,66.28824066350542,6600.463679771021,32.8549294050103,6743.382622682816
1013,6534.049053737413,15.631696300807207,66.05796063540798,6600.10701437282,32.84644964819472,6742.989070342467
1014,6533.922437352281,15.631393390794932,65.8287159514864,6599.751153303768,32.83805368796327,6742.596686846408
1015,6533.7955946547245,15.631089939365369,65.60050214498959,6599.396096799714,32.82974007791658,6742.205466138651
1016,6533.668530247593,15.630785957530126,65.37331475621227,6599.041845003805,32.82150740620537,6741.815402220798
1017,6533.541248633781,15.630481456061677,65.14714933301758,6598.688397966798,32.81335429477892,6741.426489149087
1018,6533.413754220071,15.630176445502562,64.92200143133891,6598.335755651409,32.80527939863508,6741.038721035472
1019,6533.286051317546,15.629870936166377,64.69786661566106,6597.983917933207,32.79728140507263,6740.652092045272
1020,6533.158144144158,15.629564938143918,64.47474045948111,6597.632884603639,32.78935903294715,6740.266596396958
1021,6533.030036827142,15.629258461308952,64.2526185457495,6597.282655372891,32.78151103193141,6739.882228361793
1022,6532.901733404192,15.628951515321033,64.03149646729139,6596.9332298714835,32.7737361817813,6739.498982262232
1023,6532.77323782623,15.628644109632129,63.81136982720888,6596.584607653439,32.76603329160788,6739.116852471933
1024,6532.644553958791,15.62833625348993,63.592234239264435,6596.236788198055,32.75840119915671,6738.735833414387
1025,6532.515685584247,15.628027955943175,63.37408532824581,6595.889770912493,32.75083877009485,6738.355919562406
1026,6532.386636404267,15.627719225847528,63.15691873031314,6595.54355513458,32.74334489730653,6737.977105437863
1027,6532.257410041228,15.627410071868965,62.940730093328234,6595.198140134556,32.73591850019773,6737.599385610416
1028,6532.128010040369,15.627100502488922,62.72551507716699,6594.853525117536,32.72855852401063,6737.2227546969825
1029,6531.998439872036,15.626790526009657,62.51126935401488,6594.509709226051,32.721263939148116,6736.847207361346
1030,6531.868702933341,15.626480150558233,62.29798860864642,6594.166691541988,32.714033740509,6736.472738313202
1031,6531.738802549775,15.626169384090371,62.085668538688665,6593.824471088464,32.70686694683421,6736.099342307192
1032,6531.608741978136,15.625858234397455,61.87430485486949,6593.483046833006,32.69976260006446,6735.727014143286
1033,6531.478524407621,15.625546709109141,61.6638932812511,6593.142417688872,32.69271976470956,6735.355748665359
1034,6531.348152961786,15.625234815698052,61.45442955544891,6592.802582517234,32.68573752722981,6734.985540760684
1035,6531.21763070054,15.624922561484546,61.245909428836775,6592.463540129377,32.678814995429555,6734.616385359495
1036,6531.086960621829,15.62460995364074,61.038328666738636,6592.125289288568,32.671951297863146,6734.2482774342725
1037,6530.956145663476,15.624296999194918,60.83168304860719,6591.787828712083,32.66514558325358,6733.881211999236
1038,6530.8251887054785,15.62398370503703,60.62596836819007,6591.451157073669,32.65839701992374,6733.515184110337
1039,6530.6940925699855,15.623670077918625,60.42118043368401,6591.115273003669,32.651704795240455,6733.1501888629655
1040,6530.562860025267,15.62335612446236,60.217315067877315,6590.780175093144,32.64506811507148,6732.786221393705
1041,6530.431493785848,15.623041851162316,60.01436810828133,6590.445861894129,32.638486203255326,6732.4232768782895
1042,6530.299996514277,15.622727264388223,59.81233540725104,6590.1123319215285,32.631958301083955,6732.061350531244
1043,6530.168370823457,15.622412370391045,59.61121283209562,6589.779583655552,32.62548366679842,6731.700437606126
1044,6530.036619277067,15.622097175303988,59.41099626517901,6589.447615542246,32.619061575097334,6731.34053339392
1045,6529.904744391532,15.621781685147207,59.2116816040112,6589.116425995544,32.6126913166581,6730.981633223007
1046,6529.772748638659,15.621465905834114,59.01326476133049,6588.78601339999,32.60637219767083,6730.623732459859
1047,6529.64063444446,15.621149843168565,58.81574166517716,6588.456376109638,32.60010353938488,6730.266826505962
1048,6529.508404193053,15.620833502854195,58.61910825895915,6588.1275124520125,32.59388467766786,6729.910910799867
1049,6529.376060226497,15.620516890494013,58.42336050150978,6587.799420728007,32.58771496257693,6729.555980815217
1050,6529.2436048468935,15.62020001159544,58.22849436713816,6587.472099214032,32.58159375794243,6729.202032061082
1051,6529.111040316944,15.619882871571637,58.03450584567264,6587.1455461626165,32.575520440963324,6728.849060080807
1052,6528.978368862043,15.619565475746514,57.84139094249754,6586.81975980454,32.56949440181469,6728.497060452434
1053,6528.845592670606,15.619247829355515,57.64914567858361,6586.494738349189,32.56351504326677,6728.1460287874
1054,6528.7127138953865,15.61892993754877,57.45776609051249,6586.170479985899,32.55758178031556,6727.795960730272
1055,6528.579734655489,15.618611805395908,57.26724823049567,6585.846982885985,32.55169403982458,6727.446851959222
1056,6528.446657036071,15.618293437885336,57.077588166387876,6585.524245202459,32.54585126017787,6727.0986981842325
1057,6528.313483090354,15.617974839929076,56.88878198169577,6585.202265072049,32.5400528909436,6726.751495147654
1058,6528.180214840727,15.617656016365375,56.700825775581706,6584.881040616308,32.53429839254851,6726.405238623895
1059,6528.046854278558,15.617336971958274,56.51371566286308,6584.560569941422,32.528587235962604,6726.059924417859
1060,6527.913403366471,15.617017711403042,56.32744777400765,6584.240851140479,32.52291890239411,6725.7155483658935
1061,6527.779864038719,15.616698239327079,56.1420182551248,6583.921882293844,32.517292882994276,6725.3721063348685
1062,6527.646238201718,15.616378560291192,55.95742326795333,6583.603661469671,32.5117086785719,6725.029594221459
1063,6527.512527735604,15.61605867879331,55.77365898984567,6583.28618672545,32.50616579931727,6724.68800795248
1064,6527.3787344941675,15.615738599268344,55.590721613749025,6582.969456107917,32.50066376453542,6724.347343483646
1065,6527.244860306786,15.61541832609279,55.40860734818356,6582.65346765497,32.49520210238817,6724.007596800358
1066,6527.110906978198,15.615097863584205,55.22731241721783,6582.338219395416,32.489780349645066,6723.668763916372
1067,6526.976876289562,15.614777216003736,55.04683306044164,6582.023709350004,32.484398051442696,6723.330840873779
1068,6526.842769998943,15.614456387557281,54.867165532936575,6581.70993553188,32.479054761052296,6722.993823742457
1069,6526.708589842699,15.614135382398802,54.688306105244365,6581.396895947943,32.473750039655386,6722.657708620444
1070,6526.574337535234,15.613814204629746,54.51025106333326,6581.084588598567,32.46848345612705,6722.32249163272
1071,6526.440014770411,15.613492858302418,54.332996708562476,6580.773011478974,32.46325458682695,6721.988168931671
1072,6526.305623221292,15.613171347419359,54.156539357645144,6580.462162578937,32.45806301539745,6721.654736695916
1073,6526.171164541485,15.612849675936568,53.98087534260951,6580.152039884095,32.45290833256894,6721.32219113077
1074,6526.036640365466,15.612527847764273,53.80600101075889,6579.842641376225,32.44779013597193,6720.990528467703
1075,6525.902052308611,15.612205866767011,53.631912724630375,6579.533965033242,32.44270802995583,6720.659744963549
1076,6525.767401968579,15.611883736766936,53.45860686195217,6579.226008830531,32.43766162541409,6720.329836901083
1077,6525.632690924978,15.61156146154301,53.286079815600246,6578.918770740578,32.43265053961551,6720.000800587905
1078,6525.497920740574,15.611239044833908,53.11432799355379,6578.612248734128,32.427674396041645,6719.672632356909
1079,6525.363092961023,15.610916490337374,52.94334781885004,6578.306440779873,32.422732824229804,6719.345328565272
1080,6525.228209115674,15.610593801712138,52.77313572953826,6578.001344845212,32.41782545962177,6719.018885594566
1081,6525.093270718455,15.610270982580035,52.603688178633234,6577.696958897088,32.41295194341777,6718.693299850955
1082,6524.95827926673,15.609948036523276,52.4350016340681,6577.393280900797,32.40811192243574,6718.368567763393
1083,6524.823236243919,15.609624967090717,52.267072578646804,6577.090308822566,32.403305048975454,6718.0446857856095
1084,6524.68814311747,15.60930177779299,52.09989750999617,6576.788040627466,32.39853098068757,6717.721650393457
1085,6524.553001341184,15.608978472108097,51.93347294051765,6576.486474281702,32.39378938044718,6717.3994580866465
1086,6524.417812354201,15.608655053478948,51.76779539733878,6576.1856077515395,32.38907991623188,6717.078105387148
1087,6524.282577582474,15.608331525316924,51.60286142226454,6575.885439004738,32.38440226100411,6716.757588840106
1088,6524.147298438,15.608007891,51.43866757172857,6575.5859660097285,32.37975609259759,6716.437905012528
1089,6524.011976319434,15.607684153874246,51.275210416744194,6575.287186736178,32.37514109360769,6716.119050493372
1090,6523.876612612745,15.60736031725537,51.112486542855635,6574.9890991556,32.37055695128559,6715.801021893692
1091,6523.7412086910745,15.607036384428408,50.950492550088995,6574.691701241163,32.36600335743616,6715.483815846011
1092,6523.605765915609,15.606712358649782,50.78922505290347,6574.394990968512,32.36148000831921,6715.1674290047
1093,6523.470285634587,15.606388243144943,50.628680680142644,6574.098966314729,32.35698660455417,6714.85185804454
1094,6523.334769184993,15.606064041112424,50.4688560749858,6573.803625259979,32.35252285102799,6714.53709966195
1095,6523.199217891584,15.605739755721494,50.30974789489949,6573.508965786484,32.348088456806074,6714.22315057359
1096,6523.06363306794,15.605415390114688,50.15135281158926,6573.214985879529,32.34368313504625,6713.91000751698
1097,6522.92801601608,15.60509094740689,49.9936675109516,6572.921683527032,32.33930660291545,6713.597667249714
1098,6522.7923680273825,15.604766430687517,49.83668869302611,6572.629056720409,32.33495858150924,6713.286126549974
1099,6522.65669038205,15.60444184301926,49.680413071947854,6572.337103453998,32.33063879577387,6712.975382215614
1100,6522.520984348888,15.604117187437533,49.524837375900134,6572.045821724789,32.32634697443079,6712.665431063563
1101,6522.385251187572,15.603792466955914,49.369958347067424,6571.755209534639,32.32208284990363,6712.35626993172
1102,6522.249492146048,15.603467684559924,49.21577274158864,6571.465264887637,32.31784615824739,6712.0478956760135
1103,6522.1137084626835,15.603142843212161,49.06227732951066,6571.175985792194,32.31363663907985,6711.740305172191
1104,6521.977901366008,15.602817945851694,48.909468894742325,6570.887370260751,32.30945403551509,6711.433495315241
1105,6521.842072073792,15.602492995391847,48.75734423500858,6570.599416308801,32.30529809409887,6711.127463018131
1106,6521.706221795092,15.6021679947251,48.605900161804946,6570.312121956897,32.30116856474616,6710.8222052135425
1107,6521.570351728414,15.601842946718692,48.4551335003525,6570.025485228766,32.29706520068031,6710.5177188517255
1108,6521.434463063026,15.601517854217764,48.30504108955306,6569.739504152579,32.292987758373954,6710.214000901506
1109,6521.298556979187,15.601192720045903,48.15561978194463,6569.454176761132,32.28893599749181,6709.911048350221
1110,6521.162634647411,15.600867547003377,48.00686644365734,6569.169501091069,32.284909680834794,6709.6088582027005
1111,6521.026697229296,15.600542337869129,47.858777954369664,6568.885475183665,32.280908574285874,6709.307427481809
1112,6520.890745877457,15.600217095400616,47.7113512072649,6568.602097084722,32.2769324467573,6709.006753228116
1113,6520.754781735377,15.599891822333438,47.56458310898804,6568.319364844365,32.27298107013927,6708.706832499471
1114,6520.618805938038,15.599566521382867,47.41847057960293,6568.037276517642,32.26905421924985,6708.407662371378
1115,6520.482819611642,15.599241195243163,47.27301055254987,6567.755830164192,32.26515167178638,6708.1092399364625
1116,6520.346823873488,15.59891584658729,47.12819997460323,6567.475023848091,32.26127320827783,6707.811562304099
1117,6520.210819832762,15.59859047806881,46.984035805829755,6567.194855638592,32.257418612038606,6707.514626600961
1118,6520.074808589912,15.598265092320364,46.84051501954684,6566.915323609459,32.25358766912328,6707.218429970145
1119,6519.938791237393,15.597939691955487,46.6976346022813,6566.636425839674,32.249780168282484,6706.922969571703
1120,6519.802768859111,15.597614279567251,46.555391553728285,6566.358160412839,32.245995900919915,6706.628242581841
1121,6519.666742531343,15.597288857730485,46.4137828867106,6566.080525418053,32.24223466105012,6706.334246193621
1122,6519.530713321603,15.59696342899905,46.2728056271382,6565.803518948741,32.23849624525748,6706.040977615611
1123,6519.394682289849,15.59663799590873,46.132456813967906,6565.527139103817,32.23478045265591,6705.74843407287
1124,6519.258650488165,15.59631256097647,45.99273349916353,6565.251383987328,32.23108708484957,6705.456612806423
1125,6519.122618960924,15.595987126700775,45.85363274765606,6564.97625170858,32.22741594589432,6705.165511073221
1126,6518.986588744154,15.595661695560176,45.71515163730411,6564.701740381458,32.22376684226009,6704.875126145289
1127,6518.850560866877,15.595336270016452,45.57728725885475,6564.4278481257315,32.22013958279388,6704.585455310885
1128,6518.714536350444,15.595010852513024,45.44003671590427,6564.154573066348,32.21653397868365,6704.296495873622
1129,6518.578516208443,15.594685445474743,45.30339712485939,6563.881913333303,32.2129498434229,6704.008245152192
1130,6518.44250144672,15.594360051307941,45.167365614898536,6563.609867061618,32.20938699277583,6703.720700480193
1131,6518.306493064709,15.594034672403609,45.03193932793327,6563.338432392642,32.20584524474336,6703.433859207275
1132,6518.1704920534585,15.593709311132676,44.89711541857001,6563.067607472029,32.2023244195296,6703.147718696982
1133,6518.034499397663,15.59338396985087,44.762891054071765,6562.797390451735,32.19882433950913,6702.862276328599
1134,6517.898516073948,15.593058650894612,44.62926341432013,6562.527779488268,32.1953448291947,6702.577529495265
1135,6517.762543052517,15.592733356584969,44.49622969177738,6562.258772744294,32.19188571520565,6702.293475605439
1136,6517.626581296249,15.592408089225477,44.36378709144869,6561.990368387698,32.18844682623684,6702.010112081828
1137,6517.490631761219,15.592082851103395,44.23193283084448,6561.722564592064,32.185027993028136,6701.727436361737
1138,6517.35469539604,15.591757644488135,44.10066413994288,6561.455359535983,32.18162904833436,6701.445445896237
1139,6517.218773142608,15.591432471633034,43.96997826115233,6561.188751403761,32.17824982689589,6701.164138150758
1140,6517.08286593692,15.59110733477732,43.83987244927422,6560.922738386194,32.174890165409636,6700.883510605726
1141,6516.946974706676,15.590782236140374,43.710343971465576,6560.657318678142,32.17154990250056,6700.603560754019
1142,6516.811100374059,15.59045717792837,43.58139010720204,6560.392490481261,32.16822887869359,6700.324286103578
1143,6516.67524385397,15.590132162330072,43.45300814824063,6560.1282520022105,32.164926936386145,6700.04568417549
1144,6516.539406055095,15.589807191519366,43.32519539858275,6559.864601453678,32.16164391982093,6699.767752504899
1145,6516.403587879193,15.58948226765357,43.19794917443729,6559.60153705363,32.15837967505929,6699.490488640137
1146,6516.267790221613,15.589157392874672,43.071266804183566,6559.339057025796,32.1551340499549,6699.2138901431
1147,6516.132013971541,15.588832569309906,42.94514562833449,6559.077159599875,32.15190689412797,6698.937954589332
1148,6515.996260011548,15.588507799070689,42.819582999499765,6558.815843011048,32.14869805893973,6698.662679567436
1149,6515.860529217529,15.588183084252462,42.69457628234899,6558.555105499878,32.145507397467426,6698.388062678861
1150,6515.724822459974,15.587858426937737,42.57012285357484,6558.294945313549,32.142334764479635,6698.114101539035
1151,6515.589140602132,15.587533829191702,42.44622010185634,6558.035360703988,32.13918001641197,6697.84079377538
1152,6515.453484501457,15.587209293065687,42.32286542782209,6557.776349929279,32.136043011343155,6697.568137028621
1153,6515.317855009531,15.586884820596964,42.20005624401335,6557.517911253544,32.132923608971495,6697.29612895257
1154,6515.182252971251,15.58656041380682,42.07778997484744,6557.260042946098,32.12982167059164,6697.024767213172
1155,6515.04667922629,15.586236074704042,41.95606405658083,6557.00274328287,32.12673705907178,6696.754049489832
1156,6514.911134606981,15.58591180527986,41.83487593727239,6556.746010544253,32.12366963883109,6696.483973473169
1157,6514.775619941296,15.585587607515063,41.71422307674656,6556.489843018043,32.120619275817596,6696.214536867849
1158,6514.640136049605,15.58526348337226,41.59410294655653,6556.234238996161,32.11758583748634,6695.945737389227
1159,6514.504683748035,15.58493943480391,41.474513029947325,6555.979196777982,32.114569192777864,6695.677572766565
1160,6514.369263845489,15.584615463745187,41.355450821818934,6555.724714667307,32.11156921209698,6695.410040739929
1161,6514.233877145835,15.584291572119223,41.23691382868944,6555.470790974525,32.10858576729199,6695.143139062245
1162,6514.09852444688,15.583967761834641,41.11889956865794,6555.217424015538,32.10561873163402,6694.876865498146
1163,6513.96320654109,15.583644034787296,41.00140557136764,6554.964612112457,32.10266797979684,6694.611217824573
1164,6513.827924214537,15.583320392857745,40.884429377968765,6554.712353592506,32.09973338783688,6694.346193829596
1165,6513.692678248373,15.582996837914768,40.767968541081444,6554.460646789455,32.096814833173596,6694.08179131376
1166,6513.5574694178995,15.582673371813156,40.65202062475856,6554.209490042658,32.09391219457006,6693.818008089038
1167,6513.422298492512,15.58234999639357,40.53658320444864,6553.958881696961,32.09102535211396,6693.554841978656
1168,6513.287166236476,15.582026713484392,40.42165386695846,6553.708820103435,32.088154187198754,6693.29229081775
1169,6513.152073408513,15.58170352490075,40.30723021041584,6553.459303618929,32.0852985825052,6693.030352452826
1170,6513.017020761841,15.581380432444597,40.19330984423224,6553.2103306060735,32.08245842198312,6692.7690247417
1171,6512.882009044137,15.581057437904633,40.079890389065355,6552.961899433202,32.079633590833424,6692.508305553328
1172,6512.747038997804,15.580734543056948,39.96696947678158,6552.714008474586,32.07682397549047,6692.248192767969
1173,6512.612111360126,15.580411749665373,39.85454475041851,6552.466656110544,32.074029463604624,6691.988684277224
1174,6512.4772268624165,15.580089059479466,39.7426138641473,6552.219840726564,32.07124994402511,6691.729777983073
1175,6512.342386231596,15.579766474238268,39.63117448323498,6551.9735607148305,32.068485306783145,6691.471471799337
1176,6512.207590188268,15.579443995665713,39.52022428400673,6551.727814472275,32.06573544307525,6691.213763649653
1177,6512.072839449345,15.579121625476903,39.40976095380806,6551.482600403154,32.063000245246926,6690.956651469978
1178,6511.938134724691,15.578799365370074,39.29978219096696,6551.2379169156575,32.060279606776504,6690.700133205135
1179,6511.803476720538,15.57847721703478,39.190285704755865,6550.993762425294,32.05757342225927,6690.4442068121225
1180,6511.668866136898,15.57815518214569,39.08126921535378,6550.750135352252,32.05488158739178,6690.188870257406
1181,6511.534303670151,15.577833262368781,38.97273045380808,6550.507034123959,32.05220399895656,6689.93412151942
1182,6511.399790009518,15.577511459352914,38.864667161996486,6550.264457171515,32.04954055480683,6689.679958584924
1183,6511.265325841301,15.577189774739955,38.757077092588716,6550.02240293389,32.04689115385168,6689.426379453144
1184,6511.1309118453355,15.576868210156306,38.64995800900836,6549.780869854344,32.044255696041326,6689.173382132124
1185,6510.996548697375,15.5765467672186,38.5433076853944,6549.539856382769,32.041634082352644,6688.920964641004
1186,6510.862237067626,15.576225447530206,38.43712390656292,6549.299360974189,32.03902621477495,6688.66912500846
1187,6510.727977621572,15.575904252683186,38.33140446796857,6549.05938208954,32.036431996295974,6688.417861273428
1188,6510.593771019961,15.575583184258281,38.22614717566607,6548.819918195628,32.03385133088808,6688.167171484991
1189,6510.459617918859,15.575262243825023,38.12134984627158,6548.5809677651305,32.03128412349464,6687.917053702332
1190,6510.325518968637,15.574941432939323,38.01701030692409,6548.342529275561,32.02873028001676,6687.667505993634
1191,6510.191474815916,15.574620753148125,37.913126395246685,6548.104601211163,32.0261897073,6687.4185264379175
1192,6510.057486101908,15.574300205985425,37.80969595930779,6547.867182061215,32.023662313121534,6687.170113123294
1193,6509.923553463282,15.573979792974358,37.70671685758231,6547.630270320864,32.02114800617738,6686.922264147735
1194,6509.789677531787,15.573659515626284,37.604186958912784,6547.393864490699,32.01864669606982,6686.674977618603
1195,6509.655858934627,15.573339375441691,37.50210414247046,6547.1579630770975,32.01615829329511,6686.428251652931
1196,6509.52209829445,15.573019373910167,37.40046629771625,6546.922564592166,32.01368270923134,6686.182084377322
1197,6509.388396228884,15.572699512509292,37.299271324361754,6546.687667553246,32.01121985612642,6685.936473927396
1198,6509.254753351315,15.572379792706496,37.19851713233018,6546.453270483646,32.00876964708638,6685.691418448471
1199,6509.121170270198,15.57206021595741,37.09820164171714,6546.219371911915,32.00633199606382,6685.446916094793
1200,6508.987647589556,15.571740783707073,36.99832278275155,6545.985970372308,32.003906817846456,6685.20296502994
1201,6508.854185908859,15.571421497389615,36.8988784957564,6545.7530644046155,32.00149402804597,6684.959563426615
1202,6508.720785822841,15.571102358427849,36.79986673110947,6545.520652553951,31.99909354308695,6684.716709466379
1203,6508.587447921857,15.570783368234109,36.70128544920403,6545.288733371061,31.996705280196117,6684.474401339915
1204,6508.454172792236,15.57046452821109,36.603132620409596,6545.057305412645,31.994329157391565,6684.232637247299
1205,6508.320961014608,15.570145839747866,36.50540622503246,6544.826367239641,31.991965093472313,6683.991415396245
1206,6508.187813166289,15.569827304225571,36.40810425327634,6544.595917419565,31.989613008007982,6683.750734004399
1207,6508.054729819789,15.56950892301385,36.31122470520297,6544.365954524992,31.98727282132861,6683.5105912977715
1208,6507.921711542918,15.569190697471097,36.21476559069261,6544.136477133611,31.984944454514647,6683.27098551075
1209,6507.788758899479,15.568872628946123,36.118724929404635,6543.907483828883,31.98262782938716,6683.0319148867175
1210,6507.655872448856,15.568554718777166,36.02310075073796,6543.678973199594,31.980322868498114,6682.793377677561
1211,6507.52305274553,15.56823696829074,35.9278910937916,6543.450943839322,31.978029495120857,6682.555372143097
1212,6507.390300340424,15.567919378804842,35.83309400732507,6543.223394347749,31.975747633240772,6682.317896552346
1213,6507.257615779334,15.5676019516252,35.7387075497189,6542.996323329053,31.97347720754604,6682.080949181878
1214,6507.124999604691,15.567284688049499,35.644729788935024,6542.769729393626,31.971218143418568,6681.844528317497
1215,6506.992452353794,15.566967589363143,35.55115880247723,6542.543611156271,31.96897036692509,6681.608632252395
1216,6506.859974560058,15.566650656842244,35.457992677351626,6542.317967237409,31.96673380480836,6681.373259288325
1217,6506.7275667525555,15.566333891752524,35.365229510026985,6542.092796262583,31.964508384478542,6681.138407735065
1218,6506.595229456114,15.566017295349555,35.27286740639521,6541.868096862509,31.962294034004678,6680.90407591043
1219,6506.462963191431,15.565700868879022,35.180904481731766,6541.643867673163,31.96009068210636,6680.670262140326
1220,6506.330768474818,15.56538461357612,35.08933886065605,6541.420107335474,31.957898258145487,6680.436964758407
1221,6506.198645818455,15.56506853066616,34.99816867709187,6541.196814495546,31.955716692118173,6680.20418210626
1222,6506.066595730565,15.564752621364986,34.90739207422788,6540.973987804792,31.95354591464675,6679.971912533506
1223,6505.934618714942,15.564436886877852,34.81700720447798,6540.75162591942,31.951385856971996,6679.740154397248
1224,6505.802715271639,15.564121328401049,34.727012229441826,6540.529727501081,31.94923645094535,6679.508906062693
1225,6505.670885895552,15.563805947118544,34.6374053198653,6540.308291215417,31.947097629021386,6679.27816590166
1226,6505.539131079129,15.563490744208442,34.548184655600984,6540.0873157347305,31.94496932425028,6679.04793229522
1227,6505.407451309097,15.563175720835162,34.45934842556869,6539.866799734666,31.942851470270508,6678.818203630342
1228,6505.275847069357,15.562860878156357,34.370894827716015,6539.646741897073,31.940744001301603,6678.588978302735
1229,6505.144318838805,15.562546217317715,34.282822068978895,6539.427140907784,31.938646852137,6678.360254714579
1230,6505.012867092779,15.562231739456408,34.195128365242205,6539.207995458021,31.93655995813709,6678.132031275918
1231,6504.881492302598,15.561917445699995,34.107811941300376,6538.989304243899,31.934483255222258,6677.904306404116
1232,6504.750194935212,15.561603337165579,34.0208710308181,6538.77106596603,31.93241667986614,6677.677078523448
1233,6504.618975454179,15.561289414962152,33.93430387629095,6538.55327933047,31.93036016908894,6677.450346066007
1234,6504.487834318494,15.560975680187784,33.84810872900619,6538.3359430475,31.928313660450826,6677.224107470462
1235,6504.356771983311,15.560662133931366,33.76228384900354,6538.119055832314,31.92627709204547,6676.998361182712
1236,6504.2257888999975,15.560348777272722,33.67682750503596,6537.902616405034,31.92425040249369,6676.773105655881
1237,6504.0948855158185,15.560035611281862,33.59173797453053,6537.686623490349,31.922233530937163,6676.548339349925
1238,6503.964062274374,15.559722637020032,33.50701354354942,6537.471075817923,31.920226417032225,6676.324060732013
1239,6503.833319614694,15.559409855537545,33.42265250675077,6537.255972121445,31.918229000943832,6676.100268275551
1240,6503.702657972689,15.559097267877247,33.33865316734979,6537.0413111400385,31.916241223339565,6675.876960461565
1241,6503.572077779909,15.558784875071552,33.25501383707976,6536.827091616989,31.914263025383697,6675.654135777408
1242,6503.441579464099,15.558472678143778,33.17173283615323,6536.613312300252,31.912294348731425,6675.431792717233
1243,6503.311163449293,15.558160678108358,33.08880849322317,6536.3999719425165,31.91033513552315,6675.209929782042
1244,6503.180830155515,15.55784887597013,33.006239145344225,6536.187069300859,31.90838532837884,6674.988545479307
1245,6503.050579998982,15.557537272724838,32.92402313793406,6535.974603136917,31.90644487039249,6674.767638323124
1246,6502.920413392119,15.557225869359137,32.84215882473471,6535.762572216854,31.90451370512664,6674.547206834155
1247,6502.790330743429,15.556914666850309,32.760644567774065,6535.550975311203,31.902591776607057,6674.327249539443
1248,6502.660332457778,15.556603666166934,32.67947873732737,6535.3398111951055,31.900679029317367,6674.107764972636
1249,6502.530418936276,15.556292868268603,32.59865971187881,6535.129078648155,31.89877540819389,6673.888751673799
1250,6502.400590576197,15.555982274105734,32.51818587808321,6534.91877645428,31.89688085862048,6673.670208189279
1251,6502.27084777048,15.555671884618373,32.43805563072777,6534.708903401208,31.894995326423476,6673.45213307115
1252,6502.141190909668,15.555361700740832,32.358267372693874,6534.499458282362,31.893118757866688,6673.234524879082
1253,6502.0116203789985,15.555051723394733,32.27881951491903,6534.290439893917,31.891251099646524,6673.01738217738
1254,6501.8821365615695,15.554741953496578,32.199710476358796,6534.081847037928,31.889392298887117,6672.800703538087
1255,6501.7527398350485,15.554432391949877,32.12093868394892,6533.873678518998,31.88754230313556,6672.584487537637
1256,6501.623430575178,15.554123039653534,32.04250257256746,6533.665933147745,31.885701060357242,6672.368732760299
1257,6501.494209152395,15.553813897493768,31.964400584997005,6533.458609737392,31.88386851893117,6672.153437794743
1258,6501.365075934918,15.553504966351479,31.88663117188709,6533.251707106806,31.88204462764542,6671.938601237063
1259,6501.236031285839,15.55319624709531,31.809192791716512,6533.045224077556,31.88022933569266,6671.7242216878185
1260,6501.10707556592,15.552887740588327,31.732083910755957,6532.839159476676,31.878422592665707,6671.510297754772
1261,6500.97820913161,15.552579447683279,31.65530300303052,6532.633512134641,31.876624348553154,6671.296828050848
1262,6500.849432335826,15.552271369224465,31.57884855028247,6532.428280886109,31.87483455373504,6671.083811194856
1263,6500.720745527773,15.551963506047304,31.502719041934036,6532.223464569707,31.87305315897868,6670.871245811264
1264,6500.592149053788,15.551655858980354,31.42691297505032,6532.019062028838,31.871280115434402,6670.659130530978
1265,6500.463643255276,15.551348428840374,31.351428854302306,6531.815072109578,31.86951537463147,6670.447463989225
1266,6500.335228471593,15.551041216439218,31.27626519192993,6531.611493663523,31.867758888473993,6670.236244828385
1267,6500.206905037182,15.55073422257699,31.201420507705357,6531.408325544888,31.86601060923695,6670.0254716950685
1268,6500.078673283821,15.55042744804742,31.126893328896248,6531.205566612718,31.864270489562188,6669.815143242314
1269,6499.9505335394315,15.550120893635004,31.052682190229184,6531.003215729661,31.862538482454582,6669.605258128338
1270,6499.822486128503,15.549814560116037,30.978785633853256,6530.801271762357,31.860814541278142,6669.3958150169165
1271,6499.69453137197,15.549508448258301,30.905202209303596,6530.5997335812735,31.859098619752274,6669.186812577196
1272,6499.566669587448,15.549202558821646,30.831930473465246,6530.398600060913,31.85739067194799,6668.978249483886
1273,6499.438901088539,15.548896892556312,30.758968990536935,6530.197870079076,31.85569065228427,6668.770124416513
1274,6499.311226185922,15.548591450205556,30.686316331995087,6529.997542517917,31.8539985155244,6668.562436060449
1275,6499.183645186831,15.548286232504381,30.61397107655791,6529.7976162633895,31.852314216772413,6668.35518310635
1276,6499.056158394735,15.54798124017879,30.541931810149585,6529.598090204884,31.850637711469503,6668.148364249776
1277,6498.928766109546,15.547676473946282,30.4701971258646,6529.3989632354105,31.848968955390614,6667.941978191359
1278,6498.801468628264,15.547371934517377,30.398765623932174,6529.200234252196,31.847307904640935,6667.736023637384
1279,6498.674266244375,15.547067622594199,30.327635911680822,6529.001902156056,31.845654515652544,6667.530499299144
1280,6498.547159247537,15.546763538869705,30.256806603503005,6528.80396585104,31.844008745181046,6667.325403892577
1281,6498.420147924388,15.546459684029637,30.18627632081996,6528.6064242452085,31.842370550302263,6667.120736139023
1282,6498.293232558064,15.54615605875135,30.11604369204658,6528.40927625011,31.840739888408997,6666.91649476469
1283,6498.166413428518,15.54585266370459,30.046107352556476,6528.212520781075,31.839116717207816,6666.712678500929
1284,6498.039690812114,15.545549499550512,29.976465944647114,6528.016156756761,31.837500994715853,6666.509286083775
1285,6497.91306498237,15.545246566943469,29.90711811750512,6527.820183099875,31.835892679257686,6666.306316254646
1286,6497.786536208623,15.544943866527806,29.83806252717166,6527.624598735795,31.834291729462286,6666.103767758956
1287,6497.660104757667,15.544641398941787,29.769297836507995,6527.4294025941745,31.83269810425992,6665.901639347705
1288,6497.533770892892,15.544339164815531,29.700822715161127,6527.234593608053,31.831111762879182,6665.699929776577
1289,6497.4075348738315,15.544037164769932,29.6326358395296,6527.0401707133615,31.82953266484399,6665.498637805433
1290,6497.281396957352,15.543735399419502,29.56473589272938,6526.846132850081,31.82796076997068,6665.297762199453
1291,6497.155357397107,15.54343386937107,29.49712156455993,6526.652478961667,31.82639603836511,6665.097301728555
1292,6497.029416443108,15.543132575222746,29.429791551470352,6526.459207994579,31.82483843041982,6664.897255166905
1293,6496.903574342296,15.542831517565302,29.362744556525673,6526.266318898822,31.823287906811174,6664.6976212934505
1294,6496.777831338234,15.542530696981421,29.295979289373353,6526.073810627608,31.82174442849662,6664.498398891568
1295,6496.652187671853,15.542230114047497,29.229494466209726,6525.881682138063,31.82020795671192,6664.29958674976
1296,6496.5266435801495,15.541929769330501,29.163288809746753,6525.689932389896,31.81867845296847,6664.101183660309
1297,6496.401199297585,15.541629663391351,29.097361049178865,6525.498560346764,31.817155879050567,6663.903188420634
1298,6496.275855054888,15.541329796782028,29.03170992014985,6525.307564975038,31.81564019701287,6663.705599832044
1299,6496.150611079871,15.541030170047538,28.966334164719967,6525.116945244591,31.81413136917766,6663.508416700514
1300,6496.025467597509,15.540730783726099,28.901232531333186,6524.926700128843,31.812629358132384,6663.311637836719
1301,6495.900424829159,15.540431638347272,28.836403774784493,6524.736828603944,31.811134126727026,6663.115262055207
1302,6495.7754829933565,15.540132734433866,28.771846656187403,6524.547329649544,31.80964563807167,6662.919288175156
1303,6495.650642305481,15.53983407250115,28.707559942941554,6524.3582022484225,31.808163855533973,6662.723715019995
1304,6495.52590297773,15.53953565305677,28.643542408700483,6524.16944538643,31.8066887427367,6662.528541417335
1305,6495.401265219084,15.539237476600679,28.57979283333947,6523.981058052424,31.805220263555377,6662.33376619889
1306,6495.2767292360995,15.538939543627032,28.516310002923607,6523.7930392390235,31.803758382115856,6662.139388201227
1307,6495.152295231484,15.538641854620774,28.453092709675893,6523.605387941159,31.802303062791957,6661.945406264304
1308,6495.027963405505,15.538344410061017,28.39013975194556,6523.418103157451,31.800854270203157,6661.751819232834
1309,6494.903733954961,15.538047210418569,28.327449934176514,6523.231183889138,31.799411969212272,6661.558625955212
1310,6494.779607073998,15.537750256157889,28.265022066875822,6523.044629140873,31.797976124923213,6661.36582528429
1311,6494.655582953601,15.537453547735888,28.20285496658248,6522.858437920184,31.796546702678718,6661.1734160768365
1312,6494.531661781815,15.537157085602429,28.140947455836198,6522.672609237651,31.795123668058153,6660.981397193704
1313,6494.407843743483,15.53686087019972,28.079298363146385,6522.487142106629,31.793706986875296,6660.7897674995365
1314,6494.284129020811,15.536564901963661,28.01790652296124,6522.302035543772,31.79229662517623,6660.598525863289
1315,6494.160517792896,15.536269181322718,27.956770775636983,6522.117288568533,31.79089254923715,6660.4076711577145
1316,6494.037010235811,15.535973708698112,27.89588996740724,6521.932900203218,31.78949472556228,6660.217202259414
1317,6493.913606523285,15.535678484505468,27.835262950352533,6521.748869473638,31.788103120881793,6660.027118049474
1318,6493.790306825016,15.535383509150757,27.774888582369943,6521.565195407386,31.786717702149726,6659.837417411738
1319,6493.667111308887,15.535088783035615,27.7147657271429,6521.381877036029,31.785338436541984,6659.648099234987
1320,6493.544020139533,15.534794306553907,27.65489325411106,6521.198913393644,31.783965291454315,6659.45916241147
1321,6493.421033478391,15.534500080091846,27.59527003844037,6521.016303516832,31.782598234500295,6659.270605836908
1322,6493.298151484762,15.53420610403053,27.535894960993286,6520.834046445755,31.781237233509408,6659.082428411521
1323,6493.175374314346,15.533912378742455,27.476766908299055,6520.652141222646,31.779882256525088,6658.89462903853
1324,6493.052702120263,15.533618904593931,27.417884772524204,6520.470586892788,31.77853327180282,6658.70720662513
1325,6492.930135053106,15.533325681945229,27.359247451443096,6520.289382504549,31.777190247808203,6658.520160082515
1326,6492.80767326042,15.533032711149332,27.300853848408714,6520.10852710883,31.775853153215134,6658.333488325316
1327,6492.685316886977,15.532739992552576,27.242702872323484,6519.9280197593,31.774521956903918,6658.147190271832
1328,6492.563066074432,15.532447526493856,27.184793437610296,6519.747859512042,31.773196627959486,6657.961264843666
1329,6492.440920962777,15.53215531330808,27.127124464183623,6519.568045426961,31.77187713566953,6657.775710967124
1330,6492.3188816878255,15.531863353320157,27.069694877420805,6519.388576565247,31.770563449522776,6657.590527570671
1331,6492.196948383803,15.531571646851203,27.01250360813345,6519.2094519919365,31.769255539207172,6657.405713587487
1332,6492.075121181335,15.53128019421372,26.955549592538954,6519.030670773874,31.767953374608208,6657.22126795342
1333,6491.9534002091705,15.530988995715719,26.898831772232228,6518.852231981403,31.766656925807112,6657.0371896086635
1334,6491.831785592595,15.530698051656927,26.842349094157434,6518.674134686753,31.76536616307922,6656.853477496147
1335,6491.710277454982,15.530407362332493,26.786100510579992,6518.496377965562,31.76408105689225,6656.670130563043
1336,6491.5888759161035,15.530116928028956,26.73008497905861,6518.3189608951625,31.762801577904664,6656.487147759048
1337,6491.467581094048,15.529826749028823,26.674301462417496,6518.141882556465,31.761527696964006,6656.3045280382585
1338,6491.346393103531,15.529536825606534,26.618748928718745,6517.96514203225,31.760259385105282,6656.122270357458
1339,6491.225312056931,15.529247158030936,26.563426351234742,6517.788738408166,31.758996613549357,6655.9403736771055
1340,6491.10433806393,15.528957746564426,26.508332708420834,6517.6126707723515,31.75773935370137,6655.758836960952
1341,6490.983471231843,15.52866859146374,26.453466983888013,6517.436938215731,31.75648757714915,6655.57765917633
1342,6490.862711665183,15.528379692978907,26.398828166375857,6517.261539831559,31.75524125566169,6655.396839293688
1343,6490.742059465793,15.528091051353572,26.34441524972544,6517.086474715518,31.754000361187572,6655.216376286684
1344,6490.621514733034,15.52780266682544,26.290227232852548,6516.911741965887,31.752764865853482,6655.03626913235
1345,6490.501077564086,15.527514539627,26.236263119720896,6516.737340683807,31.751534741962708,6654.856516811345
1346,6490.380748052821,15.527226669982825,26.182521919315537,6516.563269972136,31.750309961993647,6654.677118306809
1347,6490.2605262912675,15.526939058113081,26.12900264561641,6516.389528936884,31.749090498598328,6654.498072605787
1348,6490.140412368832,15.526651704231655,26.075704317571944,6516.216116686403,31.747876324600995,6654.3193786984175
1349,6490.0204063722,15.526364608545935,26.022625959072872,6516.043032331273,31.74666741299665,6654.141035577808
1350,6489.90050838542,15.526077771256986,25.969766598926167,6515.870274984346,31.745463736949617,6653.963042240077
1351,6489.780718490791,15.5257911925617,25.91712527082905,6515.69784376162,31.7442652697922,6653.785397685216
1352,6489.661036767039,15.525504872648419,25.864701013343165,6515.525737780383,31.743071985023224,6653.608100915234
1353,6489.541463291746,15.525218811702743,25.812492869868905,6515.353956161615,31.741883856306714,6653.43115093655
1354,6489.421998139233,15.524933009902472,25.760499888619783,6515.182498027853,31.740700857470515,6653.25454675785
1355,6489.302641381242,15.52464746741924,25.70872112259707,6515.011362503839,31.739522962504985,6653.078287390736
1356,6489.183393087891,15.524362184420792,25.657155629564386,6514.840548717455,31.73835014556161,6652.902371850648
1357,6489.064253326136,15.52407716106731,25.605802472022575,6514.6700557981585,31.737182380951758,6652.726799155299
1358,6488.945222161228,15.5237923975149,25.55466071718461,6514.499882878413,31.736019643145315,6652.551568326095
1359,6488.8262996553485,15.523507893912317,25.50372943695063,6514.330029092299,31.734861906769467,6652.376678386746
1360,6488.707485868802,15.523223650403832,25.453007707883167,6514.160493576685,31.733709146607392,6652.202128364427
1361,6488.588780859776,15.522939667128652,25.402494611182437,6513.9912754709585,31.732561337597012,6652.027917289505
1362,6488.470184683343,15.522655944218524,25.35218923266175,6513.822373916005,31.731418454829747,6651.854044194514
1363,6488.351697392929,15.522372481801266,25.3020906627231,6513.6537880556525,31.730280473549314,6651.680508115592
1364,6488.233319039274,15.522089279998262,25.252197996332825,6513.485517035607,31.729147369150475,6651.507308091412
1365,6488.115049671213,15.521806338926346,25.20251033299742,6513.31756000421,31.728019117177844,6651.334443163933
1366,6487.996889335234,15.521523658696733,25.153026776739452,6513.149916111974,31.726895693324735,6651.1619123779365
1367,6487.878838075043,15.521241239413978,25.103746436073603,6512.982584511116,31.725777073431917,6650.989714780545
1368,6487.760895932724,15.520959081178766,25.054668423982868,6512.815564356707,31.724663233486528,6650.817849422373
1369,6487.643062947986,15.520677184086091,25.0057918578948,6512.6488548058815,31.72355414962086,6650.646315356732
1370,6487.5253391582155,15.520395548225396,24.957115859657954,6512.482455017874,31.722449798111263,6650.475111639657
1371,6487.407724598359,15.520114173680284,24.90863955551843,6512.316364153878,31.72135015537699,6650.304237329768
1372,6487.290219301689,15.519833060530356,24.86036207609645,6512.150581377786,31.7202551979791,6650.133691488995
1373,6487.172823299032,15.519552208849358,24.812282556363215,6511.985105855395,31.719164902619347,6649.96347318179
1374,6487.055536618838,15.519271618705355,24.764400135617755,6511.819936754456,31.718079246139077,6649.793581475161
1375,6486.938359287556,15.518991290161617,24.716713957463927,6511.65507324502,31.716998205518173,6649.624015439023
1376,6486.821291329964,15.518711223277426,24.669223169787543,6511.490514499752,31.715921757873986,6649.454774146504
1377,6486.704332767942,15.518431418105125,24.62192692473362,6511.326259692676,31.714849880460235,6649.285856672678
1378,6486.587483621634,15.518151874692906,24.574824378683747,6511.162308000318,31.713782550666018,6649.117262095715
1379,6486.470743909347,15.517872593084563,24.527914692233523,6510.998658601581,31.712719746014727,6648.9489894967455
1380,6486.354113646648,15.51759357331734,24.48119703017018,6510.835310676818,31.71166144416306,6648.781037958927
1381,6486.2375928473675,15.517314815424324,24.4346705614503,6510.672263408818,31.71060762289998,6648.613406568433
1382,6486.121181523553,15.517036319434338,24.38833445917759,6510.509515982731,31.709558260145734,6648.446094414365
1383,6486.004879684939,15.516758085370666,24.342187900580843,6510.34706758552,31.70851333395084,6648.279100588205
1384,6485.8886873390165,15.516480113251236,24.296230066992017,6510.184917406009,31.707472822495113,6648.1124241838625
1385,6485.772604491498,15.516202403089707,24.25046014382431,6510.023064635322,31.70643670408669,6647.946064298099
1386,6485.656631146318,15.515924954895498,24.204877320550544,6509.861508466869,31.705404957161072,6647.78002003052
1387,6485.540767304536,15.515647768671139,24.15948079068147,6509.700248095217,31.704377560280143,6647.6142904824355
1388,6485.425012966405,15.515370844417237,24.11426975174431,6509.5392827181495,31.70335449213129,6647.44887475892
1389,6485.309368129451,15.515094182127873,24.06924340526135,6509.378611534713,31.702335731526375,6647.283771966852
1390,6485.193832789242,15.514817781792445,24.024400956728662,6509.218233745971,31.701321257400902,6647.1189812156645
1391,6485.078406939819,15.514541643396695,23.979741615594953,6509.058148555414,31.700311048813038,6646.954501617751
1392,6484.963090572765,15.514265766920492,23.935264595240472,6508.898355168006,31.699305084942743,6646.790332287506
1393,6484.847883678305,15.513990152340442,23.89096911295612,6508.738852791262,31.698303345090856,6646.6264723424065
1394,6484.732786244152,15.513714799627158,23.84685438992254,6508.579640634074,31.697305808678195,6646.462920901824
1395,6484.617798256813,15.513439708748358,23.802919651189455,6508.420717908003,31.696312455244705,6646.299677088317
1396,6484.502919699926,15.513164879664894,23.759164125654987,6508.262083825581,31.695323264448568,6646.136740025932
1397,6484.388150556454,15.512890312336015,23.715587046045172,6508.1037376025,31.694338216065354,6645.974108842384
1398,6484.273490806461,15.512616006714023,23.672187648893544,6507.945678455355,31.693357289987155,6645.811782666799
1399,6484.15894042875,15.512341962748206,23.628965174520854,6507.787905603271,31.692380466221742,6645.649760631335
1400,6484.044499400262,15.512068180383402,23.585918867014822,6507.630418267277,31.691407724891718,6645.488041870555
1401,6483.930167696079,15.511794659559996,23.5430479742101,6507.4732156702885,31.69043904623373,6645.326625521405
1402,6483.815945288936,15.511521400212764,23.500351747668276,6507.316297036604,31.689474410597597,6645.165510722703
1403,6483.701832150452,15.511248402273809,23.45782944265796,6507.15966159311,31.68851379844552,6645.004696616348
1404,6483.587828250474,15.510975665670989,23.415480318135057,6507.003308568609,31.687557190351285,6644.844182346637
1405,6483.473933556466,15.510703190326474,23.373303636723044,6506.847237193189,31.686604566999442,6644.683967059637
1406,6483.360148034493,15.510430976159075,23.33129866469344,6506.691446699187,31.685655909184554,6644.524049904139
1407,6483.246471649285,15.510159023084414,23.289464671946327,6506.535936321231,31.684711197810373,6644.364430031706
1408,6483.132904362806,15.509887331011496,23.247800931990948,6506.380705294797,31.683770413889082,6644.205106595215
1409,6483.019446136441,15.509615899847944,23.206306721926513,6506.225752858368,31.682833538540546,6644.046078751019
1410,6482.906096929053,15.509344729495343,23.16498132242298,6506.071078251476,31.68190055299152,6643.887345656989
1411,6482.792856698176,15.509073819852096,23.123824017702034,6505.916680715878,31.68097143857493,6643.728906473679
1412,6482.679725399515,15.508803170812236,23.08283409551807,6505.762559495032,31.68004617672907,6643.570760363804
1413,6482.566702986938,15.508532782265403,23.042010847139395,6505.608713834077,31.67912474899696,6643.412906492214
1414,6482.4537894133755,15.508262654098985,23.001353567329414,6505.455142980705,31.678207137025524,6643.255344026767
1415,6482.3409846290415,15.50799278619388,22.960861554328,6505.30184618337,31.677293322564893,6643.098072136527
1416,6482.228288583359,15.507723178429089,22.92053410983292,6505.148822693192,31.67638328746773,6642.941089993677
1417,6482.115701223856,15.507453830679083,22.880370538981353,6504.996071762837,31.67547701368843,6642.784396772382
1418,6482.003222495937,15.507184742813246,22.840370150331534,6504.843592646268,31.674574483282527,6642.627991648547
1419,6481.890852344518,15.506915914699803,22.800532255844477,6504.691384600363,31.673675678405896,6642.471873801428
1420,6481.778590711871,15.50664734620065,22.760856170865793,6504.539446882737,31.672780581314107,6642.316042411453
1421,6481.6664375392,15.50637903717512,22.721341214107632,6504.387778753307,31.671889174361752,6642.1604966617815
1422,6481.554392765897,15.506110987478223,22.681986707630642,6504.236379473528,31.67100144000174,6642.005235737536
1423,6481.4424563302655,15.505843196962358,22.642791976826153,6504.085248307091,31.67011736078464,6641.850258826505
1424,6481.330628168231,15.505575665474236,22.603756350398324,6503.9343845186295,31.669236919357992,6641.695565117837
1425,6481.218908215176,15.505308392859273,22.564879160346454,6503.7837873755225,31.668360098465687,6641.541153803848
1426,6481.107296404158,15.505041378957316,22.5261597419474,6503.633456146105,31.66748688094728,6641.387024078226
1427,6480.9957926672505,15.504774623605863,22.48759743373803,6503.483390100989,31.666617249737342,6641.233175137346
1428,6480.884396934418,15.504508126637363,22.4491915774978,6503.333588511916,31.665751187864842,6641.079606179128
1429,6480.773109134841,15.504241887882396,22.410941518231446,6503.1840506530725,31.66488867845247,6640.9263164043405
1430,6480.661929195889,15.503975907167197,22.372846604151743,6503.034775800041,31.66402970471605,6640.773305015556
1431,6480.550857043525,15.503710184314652,22.334906186662337,6502.885763230187,31.66317424996391,6640.62057121753
1432,6480.4398926020385,15.503444719143634,22.297119620340705,6502.737012222379,31.66232229759619,6640.468114216923
1433,6480.3290357947235,15.50317951147063,22.259486262921193,6502.588522057645,31.661473831104345,6640.315933222949
1434,6480.218286542811,15.502914561107204,22.222005475278124,6502.440292018089,31.660628834070444,6640.164027446295
1435,6480.107644766828,15.502649867863227,22.184676621409025,6502.292321388238,31.659787290166605,6640.012396100463
1436,6479.997110385359,15.502385431543921,22.14749906841793,6502.144609453777,31.658949183154384,6639.861038400499
1437,6479.886683315861,15.50212125195182,22.110472186498754,6501.997155502359,31.658114496884203,6639.709953563805
1438,6479.776363474417,15.501857328886166,22.073595348918804,6501.849958823335,31.657283215294722,6639.559140809867
1439,6479.666150775292,15.501593662141849,22.036867932002323,6501.703018707295,31.6564553224123,6639.408599359788
1440,6479.556045132054,15.501330251512092,22.000289315114152,6501.556334447168,31.655630802350395,6639.258328437392
1441,6479.44604645646,15.501067096785789,21.963858880643453,6501.409905337104,31.654809639308993,6639.108327268098
1442,6479.336154659246,15.500804197749392,21.927576013987597,6501.263730673233,31.653991817574035,6638.95859507968
1443,6479.226369649399,15.500541554185165,21.891440103536,6501.1178097529355,31.65317732151687,6638.809131101534
1444,6479.1166913348825,15.500279165872925,21.855450540654175,6500.972141875537,31.65236613559369,6638.659934565369
1445,6479.007119622527,15.500017032589778,21.819606719667824,6500.826726342195,31.651558244344976,6638.511004705096
1446,6478.89765441748,15.499755154108804,21.783908037846945,6500.681562455327,31.65075363239493,6638.362340756245
1447,6478.7882956236745,15.499493530200178,21.748353895390178,6500.536649519065,31.649952284450976,6638.213941956426
1448,6478.6790431439285,15.499232160631408,21.712943695409052,6500.391986839338,31.649154185303175,6638.065807545407
1449,6478.569896879789,15.49897104516696,21.67767684391248,6500.247573723701,31.648359319823715,6637.917936764934
1450,6478.46085673124,15.498710183567558,21.642552749791236,6500.103409481031,31.64756767296639,6637.770328858435
1451,6478.3519225977,15.498449575592582,21.607570824802522,6499.959493422502,31.64677922976604,6637.622983071985
1452,6478.243094376377,15.498189220996116,21.572730483554672,6499.815824859931,31.64599397533807,6637.475898652652
1453,6478.13437196419,15.497929119531555,21.538031143491885,6499.672403107682,31.64521189487789,6637.3290748504005
1454,6478.025755256292,15.497669270948066,21.503472224879086,6499.529227481171,31.644432973660447,6637.182510916594
1455,6477.917244146626,15.497409674991928,21.469053150786785,6499.386297297413,31.64365719703969,6637.036206104535
1456,6477.808838528623,15.49715033140819,21.434773347076135,6499.243611875699,31.642884550448066,6636.890159670148
1457,6477.700538293573,15.496891239936778,21.400632242383967,6499.101170535957,31.642115019396023,6636.7443708703295
1458,6477.592343332224,15.496632400316326,21.366629268107978,6498.958972600332,31.641348589471537,6636.598838964534
1459,6477.484253533905,15.49637381228207,21.332763858391914,6498.817017392297,31.640585246339572,6636.453563213874
1460,6477.3762687868175,15.49611547556655,21.299035450110935,6498.675304236928,31.63982497574164,6636.308542881405
1461,6477.268388978362,15.495857389900388,21.26544348285701,6498.533832461219,31.63906776349529,6636.163777232424
1462,6477.160613994236,15.495599555010134,21.231987398924332,6498.3926013931605,31.638313595493642,6636.019265533558
1463,6477.052943719502,15.495341970620817,21.198666643294924,6498.251610362797,31.6375624577049,6635.8750070538135
1464,6476.945378037828,15.495084636454134,21.165480663624248,6498.110858701452,31.636814336171877,6635.7310010638
1465,6476.837916831908,15.494827552229445,21.132428910226896,6497.970345742135,31.63606921701156,6635.587246836135
1466,6476.730559983271,15.494570717663327,21.099510836062375,6497.830070819333,31.635327086414584,6635.443743645236
1467,6476.623307372625,15.494314132470395,21.066725896720982,6497.690033269346,31.63458793064484,6635.30049076765
1468,6476.516158879211,15.494057796361748,21.034073550409715,6497.55023242962,31.63385173603897,6635.15748748139
1469,6476.409114381435,15.493801709046496,21.001553257938284,6497.410667639373,31.633118489005923,6635.014733066549
1470,6476.302173756508,15.49354587023088,20.969164482705203,6497.271338239213,31.63238817602653,6634.872226804929
1471,6476.195336880895,15.493290279619368,20.936906690683962,6497.132243571579,31.631660783653018,6634.72996798047
1472,6476.088603629789,15.49303493691337,20.904779350409214,6496.9933829801985,31.63093629850861,6634.587955878711
1473,6475.981973877708,15.492779841812698,20.872781932963132,6496.854755810671,31.630214707287042,6634.44618978737
1474,6475.875447497476,15.4925249940131,20.840913911961746,6496.716361409438,31.62949599675216,6634.30466899531
1475,6475.769024361333,15.492270393208932,20.80917476354143,6496.578199124875,31.628780153737473,6634.163392793633
1476,6475.662704340711,15.49201603909261,20.77756396634542,6496.440268307056,31.628067165145737,6634.022360475439
1477,6475.556487306029,15.491761931354137,20.746081001510408,6496.302568307539,31.6273570179485,6633.881571335615
1478,6475.450373126263,15.491508069680055,20.714725352653186,6496.165098478916,31.626649699185727,6633.741024670374
1479,6475.344361669966,15.4912544537559,20.683496505857477,6496.027858175824,31.62594519596533,6633.600719778273
1480,6475.238452804444,15.49100108326422,20.652393949660627,6495.890846754105,31.62524349546278,6633.4606559593685
1481,6475.132646395913,15.49074795788496,20.62141717504059,6495.754063570954,31.6245445849207,6633.320832515359
1482,6475.026942310213,15.49049507729716,20.590565675402846,6495.617507985616,31.623848451648435,6633.181248750287
1483,6474.921340411858,15.490242441176694,20.559838946567414,6495.481179358426,31.623155083021658,6633.04190396957
1484,6474.8158405645145,15.489990049197402,20.529236486755984,6495.345077051271,31.622464466481976,6632.902797480468
1485,6474.710442630875,15.489737901030802,20.498757796579046,6495.209200427455,31.621776589536488,6632.763928591939
1486,6474.6051464728735,15.489485996346588,20.46840237902316,6495.073548851897,31.621091439757464,6632.625296614841
1487,6474.499951951081,15.489234334811199,20.438169739438244,6494.938121690519,31.620409004781866,6632.4869008613205
1488,6474.3948589264455,15.488982916091976,20.408059385524936,6494.802918311971,31.619729272311005,6632.348740646524
1489,6474.289867257509,15.4887317398505,20.378070827322073,6494.667938084832,31.61905223011016,6632.210815285811
1490,6474.184976802752,15.48848080574821,20.348203577194155,6494.533180379946,31.618377866008153,6632.073124097082
1491,6474.080187420059,15.488230113445116,20.31845714981896,6494.398644569877,31.617706167897012,6631.93566640023
1492,6473.975498965853,15.487979662597734,20.288831062175163,6494.264330028028,31.61703712373155,6631.79844151626
1493,6473.870911296026,15.487729452861306,20.25932483353006,6494.130236129556,31.61637072152901,6631.661448768207
1494,6473.766424265642,15.487479483889096,20.229937985427334,6493.9963622510695,31.61570694936871,6631.524687480824
1495,6473.662037728913,15.487229755332327,20.20067004167494,6493.862707770588,31.615045795391627,6631.388156980542
1496,6473.557751539032,15.48698026683979,20.171520528332955,6493.729272067365,31.61438724780006,6631.251856595295
1497,6473.453565549045,15.486731018059917,20.14248897370159,6493.596054522747,31.613731294857253,6631.115785655376
1498,6473.349479610526,15.486482008637623,20.11357490830924,6493.463054518836,31.613077924887037,6630.979943492094
1499,6473.24549357439,15.486233238216244,20.084777864900545,6493.33027143929,31.612427126273474,6630.84432943858
1500,6473.141607291358,15.485984706438655,20.05609737842463,6493.197704669783,31.61177888746048,6630.708942830236
1501,6473.037820610356,15.485736412943435,20.02753298602327,6493.065353596379,31.611133196951492,6630.5737830031185
1502,6472.934133380739,15.485488357370189,19.999084227019225,6492.933217607758,31.6104900433091,6630.4388492961525
1503,6472.830545450217,15.485240539354587,19.970750642904594,6492.801296093122,31.609849415154713,6630.304141049045
1504,6472.727056665979,15.48499295853105,19.94253177732927,6492.669588443308,31.60921130116819,6630.16965760339
1505,6472.623666874777,15.48474561453296,19.91442717608935,6492.538094050867,31.60857569008752,6630.035398302747
1506,6472.520375922426,15.48449850699145,19.88643638711579,6492.406812309542,31.607942570708445,6629.901362492124
1507,6472.417183653961,15.484251635535792,19.858558960462936,6492.2757426144235,31.607311931884162,6629.767549518119
1508,6472.314089913863,15.484004999793932,19.830794448297237,6492.144884362161,31.606683762524952,6629.633958729145
1509,6472.211094545694,15.483758599391614,19.803142404885982,6492.01423695058,31.60605805159787,6629.500589475031
1510,6472.108197392812,15.483512433954097,19.775602386586076,6491.883799779398,31.605434788126388,6629.367441107748
1511,6472.005398297406,15.483266503103842,19.748173951832936,6491.7535722492385,31.60481396119007,6629.234512980415
1512,6471.902697101079,15.483020806461912,19.720856661129368,6491.623553762209,31.604195559924268,6629.10180444788
1513,6471.800093645121,15.482775343648614,19.693650077034597,6491.493743722155,31.603579573519767,6628.969314866966
1514,6471.697587769471,15.482530114281031,19.666553764153257,6491.364141533624,31.602965991222476,6628.837043595442
1515,6471.595179314289,15.482285117976769,19.639567289124525,6491.234746603414,31.60235480233311,6628.704989993564
1516,6471.49286811833,15.482040354350072,19.61269022061127,6491.105558338942,31.601745996206837,6628.5731534224415
1517,6471.390654020228,15.481795823014899,19.58592212928928,6490.976576149517,31.601139562253024,6628.441533245318
1518,6471.288536857908,15.481551523583512,19.55926258783653,6490.847799445744,31.600535489934877,6628.310128826961
1519,6471.186516468469,15.481307455666194,19.53271117092253,6490.719227639391,31.599933768769116,6628.178939533536
1520,6471.0845926885195,15.481063618872057,19.506267455197698,6490.590860143717,31.599334388325723,6628.047964732934
1521,6470.982765354021,15.480820012808662,19.47993101928284,6490.4626963733035,31.59873733822758,6627.917203794594
1522,6470.881034300573,15.480576637082711,19.453701443758654,6490.334735744332,31.598142608150177,6627.786656089785
1523,6470.779399362933,15.480333491298882,19.42757831115529,6490.206977674088,31.597550187821327,6627.656320991111
1524,6470.677860375085,15.480090575060013,19.401561205941977,6490.079421581027,31.596960067020838,6627.526197872568
1525,6470.576417171225,15.479847887969438,19.375649714516708,6489.952066885742,31.596372235580247,6627.3962861105165
1526,6470.475069584161,15.47960542962718,19.349843425195974,6489.824913009357,31.595786683382478,6627.266585082071
1527,6470.373817446591,15.479363199632992,19.324141928204583,6489.697959374796,31.595203400361584,6627.137094166368
1528,6470.272660590569,15.479121197585094,19.298544815665462,6489.571205406234,31.59462237650243,6627.00781274402
1529,6470.1715988473015,15.478879423079668,19.273051681589614,6489.4446505288915,31.59404360184042,6626.8787401968975
1530,6470.070632048096,15.478637875713147,19.247662121866046,6489.3182941699615,31.593467066461205,6626.749875909068
1531,6469.9697600233385,15.478396555079756,19.222375734251806,6489.19213575759,31.592892760500376,6626.621219265767
1532,6469.868982602943,15.47815546077259,19.197192118362054,6489.066174721305,31.592320674143192,6626.492769653828
1533,6469.768299616277,15.477914592383437,19.172110875660167,6488.940410491937,31.591750797624304,6626.3645264616025
1534,6469.6677108920085,15.477673949502412,19.147131609447936,6488.814842501456,31.591183121227466,6626.236489078796
1535,6469.5672162588935,15.477433531719841,19.122253924855816,6488.689470183749,31.590617635285255,6626.10865689724
1536,6469.466815544805,15.477193338623936,19.097477428833173,6488.564292973639,31.590054330178788,6625.981029309916
1537,6469.366508577201,15.476953369801915,19.07280173013867,6488.43931030734,31.589493196337447,6625.853605711408
1538,6469.266295183012,15.476713624839741,19.048226439330623,6488.314521622342,31.588934224238614,6625.72638549778
1539,6469.166175188677,15.476474103322193,19.023751168757485,6488.189926357434,31.58837740440741,6625.599368066606
1540,6469.066148420184,15.476234804832975,18.999375532548306,6488.065523952732,31.58782272741638,6625.472552816994
1541,6468.966214703309,15.475995728955283,18.97509914660333,6487.941313849912,31.587270183885266,6625.345939149813
1542,6468.866373863213,15.475756875270845,18.95092162858456,6487.817295491797,31.586719764480726,6625.219526467288
1543,6468.7666257244755,15.47551824335999,18.92684259790643,6487.693468322382,31.586171459916066,6625.093314173017
1544,6468.666970111322,15.475279832802206,18.902861675726527,6487.569831787049,31.585625260950984,6624.967301672186
1545,6468.5674068477765,15.4750416431765,18.87897848493633,6487.446385332712,31.585081158391297,6624.841488371714
1546,6468.467935757201,15.47480367406029,18.85519265015202,6487.323128407354,31.584539143088687,6624.715873679789
1547,6468.368556662443,15.474565925029767,18.831503797705356,6487.200060460148,31.583999205940458,6624.590457005989
1548,6468.269269386422,15.474328395661296,18.80791155563457,6487.077180942057,31.583461337889258,6624.465237761875
1549,6468.170073751173,15.474091085529121,18.784415553675334,6486.954489304848,31.582925529922818,6624.340215360012
1550,6468.070969578428,15.473853994206765,18.761015423251777,6486.83198500168,31.58239177307372,6624.215389214551
1551,6467.971956689647,15.473617121267099,18.737710797467543,6486.7096674871145,31.581860058419153,6624.090758741238
1552,6467.873034906106,15.473380466282551,18.714501311096885,6486.587536217203,31.58133037708062,6623.966323357504
1553,6467.774204048236,15.473144028823532,18.691386600575857,6486.465590648812,31.58080272022373,6623.842082481786
1554,6467.675463936554,15.472907808460654,18.668366303993484,6486.3438302405475,31.580277079057954,6623.71803553445
1555,6467.576814390835,15.472671804762763,18.645440061083058,6486.222254451918,31.579753444836342,6623.594181936956
1556,6467.478255230945,15.472436017298913,18.622607513213406,6486.100862744159,31.579231808855308,6623.470521112679
1557,6467.3797862757165,15.472200445635686,18.599868303380273,6485.979654579097,31.578712162454384,6623.347052485773
1558,6467.28140734453,15.47196508934098,18.5772220761977,6485.858629420727,31.578194497015975,6623.2237754827465
1559,6467.183118255583,15.471729947979865,18.554668477889482,6485.737786733473,31.57767880396513,6623.100689530721
1560,6467.084918827213,15.471495021117734,18.532207156280677,6485.617125983494,31.577165074769283,6622.97779405874
1561,6466.986808877605,15.471260308319629,18.50983776078912,6485.496646638394,31.576653300938045,6622.855088497475
1562,6466.888788223934,15.471025809148168,18.48755994241705,6485.376348166351,31.57614347402297,6622.732572278351
1563,6466.79085668377,15.470791523166913,18.465373353742706,6485.256230037512,31.57563558561726,6622.6102448349475
1564,6466.6930140740205,15.470557449937848,18.443277648912044,6485.136291722933,31.575129627355622,6622.488105601929
1565,6466.595260211402,15.470323589022493,18.421272483630446,6485.016532695033,31.574625590914003,6622.366154015509
1566,6466.497594912311,15.470089939981605,18.39935751515452,6484.896952427465,31.57412346800933,6622.244389513306
1567,6466.4000179928125,15.46985650237515,18.37753240228387,6484.777550395096,31.57362325039933,6622.122811534333
1568,6466.30252926878,15.46962327576263,18.355796805353013,6484.658326074133,31.573124929882276,6622.001419519121
1569,6466.205128555787,15.469390259702841,18.33415038622328,6484.53927894201,31.572628498296776,6621.880212909601
1570,6466.107815669098,15.469157453753823,18.31259280827474,6484.420408477373,31.57213394752155,6621.759191149092
1571,6466.010590423622,15.468924857472778,18.291123736398255,6484.301714160019,31.571641269475194,6621.638353682237
1572,6465.9134526342,15.468692470416748,18.269742836987472,6484.183195471188,31.57115045611598,6621.517699955292
1573,6465.816402115481,15.468460292142298,18.248449777930944,6484.064851893411,31.570661499441627,6621.397229415982
1574,6465.719438681654,15.468228322204913,18.22724422860425,6483.946682910258,31.57017439148908,6621.276941513235
1575,6465.622562146502,15.467996560159095,18.20612585986218,6483.828688006364,31.569689124334307,6621.156835697218
1576,6465.525772324055,15.46776500555994,18.185094344030958,6483.710866668086,31.56920569009209,6621.036911419987
1577,6465.429069027752,15.467533657961129,18.16414935490049,6483.593218382653,31.568724080915764,6620.917168134636
1578,6465.3324520710685,15.467302516916432,18.143290567716694,6483.475742638785,31.568244288997086,6620.797605295922
1579,6465.235921267039,15.467071581978562,18.122517659173838,6483.358438926213,31.567766306565943,6620.678222359775
1580,6465.139476428445,15.46684085269963,18.101830307406917,6483.241306735852,31.567290125890196,6620.559018783474
1581,6465.043117368029,15.46661032863165,18.08122819198412,6483.124345560013,31.56681573927546,6620.439994025862
1582,6464.94684389832,15.466380009326125,18.06071099389929,6483.00755489222,31.566343139064887,6620.321147547152
1583,6464.850655831581,15.466149894333926,18.040278395564428,6482.890934227145,31.565872317638963,6620.202478808875
1584,6464.754552980027,15.465919983205806,18.019930080802286,6482.77448306083,31.565403267415313,6620.083987274086
1585,6464.658535155337,15.465690275491236,17.999665734838956,6482.658200890176,31.564935980848503,6619.965672406867
1586,6464.562602169442,15.465460770740291,17.979485044296492,6482.542087213738,31.564470450429816,6619.847533673108
1587,6464.466753833434,15.465231468501038,17.959387697185626,6482.42614153062,31.564006668687085,6619.729570539409
1588,6464.37098995943,15.465002368323994,17.93937338289848,6482.310363342328,31.563544628184445,6619.61178247493
1589,6464.275310358217,15.464773469756501,17.919441792201333,6482.194752150419,31.56308432152219,6619.494168949041
1590,6464.179714840626,15.464544772345995,17.89959261722742,6482.079307457853,31.562625741336532,6619.376729432667
1591,6464.084203217841,15.464316275640767,17.87982555146978,6481.96402876931,31.562168880299453,6619.259463398613
1592,6463.988775300655,15.46408797918817,17.86014028977416,6481.848915590429,31.561713731118456,6619.142370320795
1593,6463.893430899503,15.463859882534697,17.840536528331935,6481.733967427835,31.561260286536413,6619.025449674268
1594,6463.798169824978,15.46363198522722,17.82101396467304,6481.61918378965,31.560808539331354,6618.908700935742
1595,6463.702991886994,15.46340428681099,17.80157229765903,6481.504564184653,31.560358482316296,6618.792123582729
1596,6463.60789689623,15.463176786833086,17.782211227476083,6481.390108123706,31.55991010833901,6618.675717094981
1597,6463.512884662407,15.462949484838294,17.7629304556281,6481.275815118035,31.559463410281886,6618.559480952761
1598,6463.417954995605,15.462722380372261,17.74372968492983,6481.1616846805355,31.559018381061737,6618.443414638154
1599,6463.323107705629,15.462495472979974,17.724608619500007,6481.047716325129,31.55857501362956,6618.327517634418
1600,6463.2283426021,15.462268762205982,17.705566964754578,6480.933909566855,31.55813330097042,6618.211789426076
1601,6463.13365949467,15.462042247594903,17.68660442739993,6480.82026392207,31.557693236103223,6618.096229499119
1602,6463.0390581925085,15.461815928690212,17.667720715426164,6480.706778907935,31.55725481208054,6617.980837340485
1603,6462.9445385056,15.46158980503732,17.64891553810038,6480.5934540437,31.55681802198846,6617.86561243935
1604,6462.850100242851,15.46136387617907,17.630188605960072,6480.480288848811,31.55638285894635,6617.750554285228
1605,6462.755743213444,15.461138141658957,17.611539630806504,6480.36728284425,31.555949316106734,6617.635662369315
1606,6462.66146722653,15.460912601020405,17.5929683256981,6480.254435552228,31.555517386655065,6617.520936184177
1607,6462.5672720913435,15.460687253807041,17.57447440494393,6480.141746496288,31.555087063809587,6617.40637522386
1608,6462.473157616555,15.460462099561136,17.556057584097232,6480.029215200652,31.554658340821142,6617.291978983224
1609,6462.37912361107,15.460237137825526,17.53771757994889,6479.916841191019,31.554231210972986,6617.177746958751
1610,6462.285169884062,15.46001236814369,17.519454110521046,6479.804623994583,31.55380566758064,6617.063678648559
1611,6462.191296243825,15.459787790056996,17.501266895060702,6479.692563138885,31.55338170399169,6616.949773551249
1612,6462.097502499123,15.45956340310795,17.483155654033332,6479.580658153156,31.55295931358564,6616.836031167253
1613,6462.003788458842,15.459339206839335,17.465120109116615,6479.468908567958,31.552538489773713,6616.722450998474
1614,6461.9101539313215,15.459115200792635,17.447159983194076,6479.3573139145155,31.552119225998716,6616.60903254761
1615,6461.816598725398,15.45889138451052,17.4292750003489,6479.245873725747,31.55170151573483,6616.495775319193
1616,6461.723122649207,15.458667757533988,17.411464885857676,6479.134587535064,31.551285352487483,6616.382678818385
1617,6461.629725511459,15.458444319405404,17.393729366184235,6479.0234548776425,31.55087072979316,6616.269742552243
1618,6461.536407120431,15.458221069666104,17.376068168973493,6478.912475289405,31.55045764121924,6616.156966028709
1619,6461.443167284464,15.457998007857569,17.35848102304534,6478.801648307509,31.550046080363824,6616.044348757092
1620,6461.350005812196,15.457775133522,17.340967658388564,6478.690973470585,31.5496360408556,6615.931890248306
1621,6461.256922511831,15.457552446200554,17.323527806154814,6478.580450317986,31.549227516353643,6615.8195900141245
1622,6461.163917191435,15.457329945434054,17.30616119865257,6478.470078390087,31.548820500547286,6615.707447567468
1623,6461.070989659831,15.457107630765146,17.288867569341193,6478.359857229172,31.548414987155923,6615.5954624233
1624,6460.9781397248435,15.456885501734074,17.27164665282495,6478.249786377668,31.54801096992889,6615.483634096859
1625,6460.885367194978,15.456663557882724,17.25449818484714,6478.139865379825,31.547608442645277,6615.371962105332
1626,6460.792671878639,15.456441798752726,17.237421902284204,6478.030093780923,31.547207399113766,6615.260445967068
1627,6460.70005358398,15.456220223885119,17.220417543139867,6477.9204711271195,31.546807833172515,6615.14908520142
1628,6460.607512119142,15.455998832820914,17.20348484653934,6477.810996965681,31.546409738688943,6615.037879328977
1629,6460.51504729288,15.455777625102584,17.18662355272356,6477.701670845603,31.546013109559627,6614.9268278721875
1630,6460.422658913027,15.455556600270398,17.169833403043405,6477.59249231607,31.54561793971012,6614.815930353809
1631,6460.330346788008,15.455335757866047,17.15311413995402,6477.4834609279615,31.545224223094785,6614.7051862984235
1632,6460.238110726674,15.455115097432234,17.136465507009127,6477.374576233683,31.54483195369668,6614.594595232264
1633,6460.1459505369085,15.45489461850935,17.119887248855353,6477.265837785764,31.544441125527392,6614.484156681809
1634,6460.053866027114,15.454674320639029,17.10337911122663,6477.157245138341,31.54405173262685,6614.373870175267
1635,6459.961857006024,15.454454203363694,17.08694084093863,6477.048797846963,31.543663769063244,6614.263735242388
1636,6459.86992328194,15.454234266224736,17.070572185883172,6476.940495467823,31.5432772289328,6614.153751413681
1637,6459.77806466334,15.454014508763972,17.054272895022727,6476.832337558363,31.542892106359705,6614.0439182210275
1638,6459.686280958759,15.453794930523348,17.038042718384915,6476.724323677144,31.5425083954959,6613.934235197551
1639,6459.594571977033,15.453575531045534,17.021881407057062,6476.61645338409,31.542126090520966,6613.824701877857
1640,6459.502937526589,15.453356309872223,17.005788713180742,6476.50872623977,31.541745185641965,6613.715317797312
1641,6459.41137741626,15.453137266546076,16.989764389946394,6476.401141806206,31.54136567509331,6613.606082492863
1642,6459.319891454574,15.452918400609027,16.973808191587956,6476.293699646161,31.54098755313661,6613.496995502305
1643,6459.228479450558,15.452699711604206,16.957919873377513,6476.186399323935,31.540610814060514,6613.388056365098
1644,6459.137141213182,15.452481199074597,16.942099191620006,6476.0792404048025,31.540235452180596,6613.279264621788
1645,6459.0458765511385,15.452262862562533,16.926345903647945,6475.972222454787,31.53986146183921,6613.170619813787
1646,6458.954685273415,15.45204470161104,16.910659767816153,6475.865345041231,31.5394888374053,6613.062121483944
1647,6458.863567189352,15.451826715764,16.89504054349656,6475.758607732848,31.539117573274353,6612.953769176591
1648,6458.772522108047,15.451608904564706,16.879487991073002,6475.65201009912,31.53874766386818,6612.845562436947
1649,6458.681549838414,15.451391267556014,16.86400187193606,6475.54555171035,31.538379103634796,6612.737500811161
1650,6458.590650190337,15.451173804283103,16.848581948477957,6475.439232138815,31.538011887048317,6612.629583847475
1651,6458.499822972672,15.450956514288688,16.833227984087397,6475.333050956759,31.537646008608775,6612.521811094207
1652,6458.409067995409,15.450739397118204,16.817939743144553,6475.227007738554,31.537281462842014,6612.414182101917
1653,6458.3183850675905,15.450522452314809,16.802716991015984,6475.121102058606,31.53691824429956,6612.306696421309
1654,6458.227773999351,15.450305679424284,16.78755949404962,6475.0153334934,31.536556347558445,6612.19935360528
1655,6458.13723460029,15.450089077991125,16.7724670195698,6474.909701619859,31.536195767221123,6612.092153207272
1656,6458.046766680172,15.449872647560221,16.75743933587227,6474.804206016044,31.5358364979153,6611.985094781976
1657,6457.956370049304,15.44965638767776,16.742476212219294,6474.698846261523,31.53547853429385,6611.878177885701
1658,6457.866044517294,15.449440297888263,16.727577418834727,6474.593621936128,31.535121871034615,6611.771402075129
1659,6457.775789894932,15.449224377739071,16.712742726899123,6474.488532621831,31.534766502840323,6611.664766909186
1660,6457.685605991823,15.449008626774695,16.6979719085449,6474.3835779003675,31.534412424438457,6611.558271946675
1661,6457.5954926190025,15.448793044543068,16.68326473685156,6474.278757355854,31.534059630581105,6611.4519167488825
1662,6457.505449586617,15.448577630589993,16.668620985840796,6474.174070572458,31.533708116044853,6611.345700877253
1663,6457.415476705653,15.448362384463286,16.65404043047182,6474.069517136125,31.533357875630628,6611.239623895118
1664,6457.325573786559,15.448147305709472,16.639522846636574,6473.965096633196,31.533008904163612,6611.133685366307
1665,6457.23574064057,15.447932393876961,16.62506801115501,6473.860808651725,31.53266119649308,6611.02788485647
1666,6457.145977078503,15.447717648513166,16.610675701770436,6473.756652780274,31.532314747492297,6610.922221931865
1667,6457.056282911524,15.447503069166325,16.596345697144816,6473.652628608669,31.53196955205839,6610.816696160123
1668,6456.966657950953,15.447288655385055,16.58207777685416,6473.548735727807,31.5316256051122,6610.711307110045
1669,6456.877102008381,15.447074406718615,16.567871721383916,6473.4449737297655,31.53128290159819,6610.606054351718
1670,6456.787614895302,15.446860322716033,16.553727312124362,6473.341342207426,31.530941436484326,6610.500937456133
1671,6456.698196423295,15.446646402926541,16.539644331366073,6473.23784075466,31.53060120476192,6610.395955995375
1672,6456.608846404528,15.446432646900785,16.525622562295382,6473.134468966823,31.53026220144553,6610.291109543111
1673,6456.5195646506345,15.44621905418812,16.511661788989866,6473.031226439624,31.529924421572858,6610.186397673467
1674,6456.430350974222,15.446005624340245,16.497761796413883,6472.928112770636,31.52958786020458,6610.081819962526
1675,6456.341205187247,15.44579235690729,16.483922370414096,6472.825127557661,31.52925251242429,6609.977375986707
1676,6456.252127102459,15.44557925144129,16.470143297715058,6472.722270400174,31.528918373338332,6609.873065324196
1677,6456.163116532388,15.445366307493751,16.45642436591479,6472.619540898303,31.528585438075698,6609.7688875539325
1678,6456.074173289807,15.445153524616762,16.442765363480415,6472.516938653287,31.528253701787932,6609.664842256065
1679,6455.985297187595,15.444940902362669,16.429166079743794,6472.414463267339,31.52792315964897,6609.560929011812
1680,6455.8964880388685,15.444728440284374,16.41562630489721,6472.312114343766,31.527593806855073,6609.457147403586
1681,6455.807745657203,15.444516137935892,16.402145829989028,6472.209891487192,31.52726563862467,6609.3534970152095
1682,6455.719069855866,15.444303994870493,16.388724446919454,6472.107794302786,31.52693865019826,6609.249977431148
1683,6455.630460448327,15.44409201064193,16.375361948436236,6472.005822396763,31.526612836838325,6609.146588237009
1684,6455.541917248613,15.443880184805293,16.362058128130457,6471.903975376743,31.52628819382916,6609.0433290199
1685,6455.453440070865,15.443668516915945,16.348812780432315,6471.802252851297,31.525964716476814,6608.940199367971
1686,6455.365028728846,15.44345700652834,16.335625700606926,6471.700654429453,31.525642400108953,6608.837198869926
1687,6455.276683037238,15.443245653199135,16.32249668475017,6471.599179721989,31.525321240074746,6608.734327116314
1688,6455.1884028104505,15.443034456484332,16.309425529784573,6471.497828340235,31.525001231744767,6608.631583698325
1689,6455.100187863123,15.442823415940486,16.296412033455134,6471.396599896579,31.524682370510874,6608.528968208301
1690,6455.012038010232,15.442612531124956,16.283455994325276,6471.2954940045565,31.524364651786108,6608.426480239826
1691,6454.92395306675,15.442401801595096,16.27055721177277,6471.194510278523,31.52404807100458,6608.324119387393
1692,6454.835932848416,15.442191226910085,16.257715485985674,6471.093648334401,31.523732623621356,6608.221885247154
1693,6454.747977170228,15.44198080662734,16.244930617958314,6470.992907788187,31.52341830511238,6608.119777415426
1694,6454.660085847888,15.441770540305951,16.232202409487282,6470.892288257375,31.523105110974324,6608.017795490114
1695,6454.572258697696,15.44156042750645,16.21953066316745,6470.791789360864,31.522793036724494,6607.915939070615
1696,6454.484495535362,15.441350467787947,16.206915182388034,6470.69141071775,31.52248207790077,6607.814207756618
1697,6454.396796177311,15.441140660711271,16.19435577132862,6470.59115194864,31.52217223006142,6607.712601149407
1698,6454.309160439989,15.440931005837294,16.181852234955272,6470.491012674944,31.521863488785065,6607.611118851159
1699,6454.221588140033,15.440721502727353,16.16940437901667,6470.39099251905,31.52155584967055,6607.509760465117
1700,6454.1340790945615,15.440512150943928,16.157012010040177,6470.291091104602,31.521249308336813,6607.408525595867
1701,6454.046633120295,15.440302950048553,16.14467493532804,6470.191308055623,31.520943860422836,6607.307413848463
1702,6453.959250035051,15.440093899605385,16.13239296295356,6470.091642998004,31.52063950158751,6607.20642482991
1703,6453.871929656139,15.439884999177368,16.120165901757257,6469.992095557896,31.52033622750953,6607.105558147563
1704,6453.784671801455,15.43967624832884,16.107993561343118,6469.892665362799,31.520034033887317,6607.004813410208
1705,6453.697476288813,15.439467646623955,16.095875752074818,6469.793352040888,31.51973291643888,6606.904190227397
1706,6453.6103429364375,15.43925919362784,16.083812285071986,6469.694155221509,31.51943287090176,6606.803688209932
1707,6453.5232715628945,15.439050888906445,16.071802972206477,6469.595074535101,31.519133893032908,6606.7033069697945
1708,6453.436261986546,15.438842732025229,16.059847626098698,6469.496109612644,31.518835978608575,6606.603046119591
1709,6453.3493140268465,15.438634722552264,16.047946060113883,6469.39726008696,31.518539123424244,6606.5029052738555
1710,6453.262427502343,15.438426860053452,16.036098088358475,6469.2985255907015,31.518243323294495,6606.402884047033
1711,6453.175602232388,15.438219144096623,16.024303525676483,6469.199905758064,31.51794857405295,6606.302982055195
1712,6453.088838036987,15.438011574251165,16.01256218764585,6469.101400224633,31.51765487155214,6606.203198915885
1713,6453.002134735658,15.437804150085306,16.000873890574862,6469.003008626232,31.517362211663414,6606.103534246968
1714,6452.915492148549,15.437596871168777,15.989238451498583,6468.9047306000475,31.517070590276887,6606.003987667752
1715,6452.82891009573,15.437389737071124,15.97765568817527,6468.806565783905,31.51678000330127,6605.9045587982655
1716,6452.742388398121,15.437182747363925,15.96612541908289,6468.708513817204,31.516490446663838,6605.805247260192
1717,6452.655926876062,15.436975901617373,15.954647463415519,6468.610574339477,31.516201916310308,6605.706052675428
1718,6452.56952535066,15.436769199403493,15.94322164107994,6468.51274699174,31.515914408204765,6605.60697466743
1719,6452.483183643224,15.436562640294794,15.9318477726921,6468.415031415916,31.515627918329525,6605.50801286065
1720,6452.3969015752955,15.436356223864344,15.920525679573668,6468.3174272548695,31.515342442685103,6605.4091668805495
1721,6452.310678968584,15.436149949685609,15.909255183748602,6468.219934152333,31.51505797729007,6605.310436353545
1722,6452.224515645123,15.435943817332829,15.898036107939735,6468.122551753062,31.514774518180992,6605.21182090715
1723,6452.138411426784,15.435737826379865,15.886868275565359,6468.0252797023495,31.514492061412334,6605.113320169493
1724,6452.052366136667,15.43553197640351,15.875751510735851,6467.928117647402,31.514210603056352,6605.014933770697
1725,6451.966379596981,15.435326266978423,15.864685638250311,6467.831065235231,31.513930139203026,6604.916661340764
1726,6451.880451631069,15.435120697681985,15.853670483593216,6467.734122114663,31.513650665959965,6604.818502511588
1727,6451.794582061922,15.434915268090721,15.842705872931106,6467.637287934853,31.51337217945229,6604.72045691547
1728,6451.708770713286,15.434709977782981,15.831791633109251,6467.540562346395,31.5130946758226,6604.622524186223
1729,6451.623017408888,15.434504826337053,15.820927591648385,6467.443945000537,31.512818151230828,6604.524703958391
1730,6451.5373219725125,15.43429981333137,15.810113576741438,6467.3474355492535,31.512542601854186,6604.426995867319
1731,6451.451684228654,15.434094938346062,15.799349417250266,6467.2510336459045,31.512268023887096,6604.329399549813
1732,6451.366104002,15.433890200961722,15.788634942702428,6467.154738944702,31.511994413541032,6604.231914643606
1733,6451.280581116827,15.43368560075796,15.777969983287981,6467.058551100115,31.511721767044506,6604.134540786759
1734,6451.1951153990885,15.433481137318394,15.767354369856264,6466.962469768945,31.511450080642966,6604.037277619742
1735,6451.109706673444,15.43327681022355,15.756787933912712,6466.866494607357,31.51117935059868,6603.940124782461
1736,6451.024354765797,15.433072619056931,15.746270507615733,6466.770625273413,31.51090957319068,6603.8430819167925
1737,6450.939059501839,15.432868563401529,15.735801923773526,6466.674861425613,31.510640744714674,6603.746148665122
1738,6450.85382070806,15.43266464284225,15.725382015840957,6466.579202723901,31.510372861482953,6603.649324671353
1739,6450.768638210579,15.43246085696311,15.715010617916468,6466.4836488284955,31.51010591982432,6603.552609579731
1740,6450.6835118362,15.43225720534976,15.704687564738967,6466.388199400939,31.50983991608399,6603.456003035904
1741,6450.598441412092,15.432053687588738,15.694412691684763,6466.292854103777,31.509574846623536,6603.359504686589
1742,6450.513426765585,15.43185030326695,15.684185834764508,6466.197612600349,31.509310707820767,6603.26311417937
1743,6450.428467723662,15.431647051970483,15.674006830620144,6466.102474554282,31.509047496069684,6603.166831162185
1744,6450.343564114641,15.431443933288614,15.663875516521895,6466.007439631163,31.50878520778037,6603.070655285008
1745,6450.258715766637,15.431240946810135,15.653791730365239,6465.912507497002,31.508523839378945,6602.9745861983
1746,6450.173922507712,15.431038092123712,15.643755310667942,6465.81767781838,31.508263387307444,6602.878623553167
1747,6450.089184166952,15.430835368820459,15.633766096567056,6465.722950263519,31.50800384802376,6602.782767002423
1748,6450.004500572925,15.430632776490253,15.623823927815987,6465.628324500742,31.507745218001567,6602.687016199048
1749,6449.919871555024,15.430430314724937,15.613928644781538,6465.533800199805,31.50748749373023,6602.591370797531
1750,6449.835296942764,15.43022798311666,15.604080088440979,6465.439377031205,31.507230671714737,6602.495830453165
1751,6449.750776565959,15.430025781258276,15.594278100379155,6465.345054666339,31.506974748475624,6602.400394822208
1752,6449.66631025486,15.429823708743685,15.584522522785582,6465.250832777646,31.506719720548876,6602.305063562034
1753,6449.581897839735,15.429621765166829,15.574813198451565,6465.156711038187,31.506465584485852,6602.2098363307
1754,6449.497539151224,15.429419950122547,15.565149970767356,6465.062689121992,31.506212336853267,6602.114712787304
1755,6449.413234020089,15.429218263205954,15.55553268371928,6464.968766703808,31.505959974233015,6602.019692591722
1756,6449.328982278126,15.429016704014655,15.54596118188693,6464.874943460013,31.505708493222176,6601.9247754055295
1757,6449.244783756567,15.428815272144897,15.536435310440337,6464.781219067007,31.5054578904329,6601.829960890391
1758,6449.160638287156,15.428613967194153,15.526954915137186,6464.687593202293,31.50520816249236,6601.735248709135
1759,6449.076545702375,15.428412788761664,15.517519842320013,6464.594065544696,31.50495930604263,6601.640638525982
1760,6448.992505834291,15.428211736445672,15.50812993891346,6464.500635773204,31.504711317740675,6601.546130005376
1761,6448.908518516084,15.428010809847091,15.498785052421502,6464.407303568505,31.50446419425821,6601.451722813528
1762,6448.824583580583,15.427810008565988,15.489485030924723,6464.3140686115075,31.50421793228169,6601.357416616933
1763,6448.740700860982,15.427609332203305,15.480229723077583,6464.220930584059,31.503972528512193,6601.263211083087
1764,6448.656870191138,15.427408780361574,15.471018978105713,6464.127889169244,31.503727979665353,6601.169105880788
1765,6448.573091404868,15.427208352643225,15.461852645803233,6464.034944050672,31.503484282471295,6601.075100679422
1766,6448.489364336532,15.427008048651992,15.452730576530058,6463.942094913063,31.50324143367458,6600.981195149547
1767,6448.405688820508,15.426807867991645,15.443652621209251,6463.849341441717,31.502999430034116,6600.887388962366
1768,6448.3220646920345,15.426607810268026,15.434618631324355,6463.756683323359,31.502758268323078,6600.793681790564
1769,6448.238491785702,15.426407875085411,15.425628458916773,6463.664120244618,31.502517945328826,6600.700073306798
1770,6448.154969937364,15.42620806205111,15.416681956583144,6463.571651893947,31.502278457852903,6600.606563185607
1771,6448.07149898311,15.42600837077299,15.407778977472734,6463.479277960583,31.502039802710883,6600.513151102376
1772,6447.988078758393,15.4258088008574,15.39891937528486,6463.386998133678,31.501801976732352,6600.419836732464
1773,6447.90470909978,15.42560935191335,15.390103004266285,6463.294812104046,31.50156497676081,6600.326619752956
1774,6447.821389844224,15.425410023550775,15.381329719208686,6463.202719563433,31.50132879965362,6600.2334998419265
1775,6447.73812082843,15.425210815379018,15.372599375446072,6463.110720203876,31.501093442281935,6600.140476677802
1776,6447.654901890002,15.425011727009576,15.363911828852288,6463.018813718854,31.50085890153065,6600.047549940513
1777,6447.571732866454,15.424812758053719,15.355266935838456,6462.926999802293,31.500625174298264,6599.95471931049
1778,6447.48861359564,15.424613908123542,15.346664553350491,6462.835278148991,31.500392257496905,6599.861984469103
1779,6447.405543916049,15.424415176832653,15.338104538866592,6462.743648454916,31.50016014805221,6599.769345098944
1780,6447.3225236659,15.424216563794019,15.329586750394789,6462.652110416295,31.499928842903255,6599.676800882924
1781,6447.23955268451,15.42401806862323,15.321111046470431,6462.560663730981,31.49969833900252,6599.584351505642
1782,6447.156630810805,15.42381969093494,15.312677286153768,6462.469308096959,31.499468633315782,6599.491996651883
1783,6447.073757884489,15.423621430345667,15.304285329027504,6462.378043213516,31.499239722822097,6599.399736007793
1784,6446.990933745179,15.42342328647172,15.29593503519437,6462.286868780374,31.49901160451369,6599.307569260009
1785,6446.90815823318,15.423225258931053,15.287626265274687,6462.1957844984545,31.498784275395938,6599.215496096427
1786,6446.825431189038,15.423027347342195,15.279358880404013,6462.104790069442,31.498557732487228,6599.123516205762
1787,6446.742752453392,15.422829551323906,15.271132742230701,6462.013885195623,31.498331972818992,6599.031629277385
1788,6446.660121867525,15.422631870496472,15.262947712913565,6461.923069580439,31.498106993435563,6598.939835001884
1789,6446.577539272743,15.422434304480246,15.254803655119504,6461.832342927863,31.497882791394154,6598.848133070427
1790,6446.495004510949,15.422236852897008,15.24670043202114,6461.7417049429705,31.49765936376479,6598.756523175347
1791,6446.412517423876,15.422039515368125,15.238637907294493,6461.65115533117,31.49743670763021,6598.665005009361
1792,6446.330077854335,15.421842291517548,15.230615945116682,6461.560693799452,31.49721482008585,6598.573578266825
1793,6446.247685644848,15.421645180968536,15.222634410163556,6461.470320055012,31.49699369823977,6598.482242642355
1794,6446.165340638637,15.42144818334602,15.21469316760745,6461.380033806244,31.49677333921257,6598.390997831819
1795,6446.08304267874,15.421251298274496,15.206792083114875,6461.289834761855,31.496553740137358,6598.299843531452
1796,6446.0007916093,15.4210545253811,15.198931022844231,6461.199722632145,31.496334898159652,6598.208779439139
1797,6445.9185872738835,15.420857864291587,15.19110985344357,6461.109697127327,31.496116810437364,6598.11780525273
1798,6445.836429517098,15.420661314634206,15.183328442048335,6461.019757959146,31.495899474140693,6598.0269206716575
1799,6445.754318183765,15.420464876037714,15.175586656279116,6460.9299048400435,31.495682886452116,6597.936125396111
1800,6445.672253118603,15.42026854813063,15.167884364239432,6460.840137482843,31.495467044566276,6597.845419126706
1801,6445.5902341669735,15.420072330542999,15.160221434513518,6460.750455601487,31.49525194568996,6597.754801565238
1802,6445.508261174598,15.419876222905737,15.152597736164115,6460.660858910763,31.495037587042013,6597.664272414396
1803,6445.426333987689,15.41968022485093,15.145013138730292,6460.571347126419,31.494823965853303,6597.573831377881
1804,6445.3444524522065,15.419484336010063,15.137467512225255,6460.481919964432,31.494611079366663,6597.483478159676
1805,6445.262616414748,15.419288556016143,15.129960727134183,6460.392577141882,31.494398924836794,6597.393212464922
1806,6445.180825722705,15.419092884504078,15.122492654412078,6460.303318377117,31.49418749953024,6597.303034000073
1807,6445.099080223083,15.418897321107853,15.115063165481619,6460.2141433885645,31.49397680072535,6597.2129424717195
1808,6445.017379763556,15.418701865463053,15.107672132231027,6460.125051895787,31.49376682571216,6597.122937587635
1809,6444.935724192134,15.418506517206064,15.100319427011936,6460.036043619146,31.493557571792394,6597.033019056443
1810,6444.8541133571935,15.418311275974148,15.093004922637313,6459.947118279831,31.493349036279376,6596.943186587646
1811,6444.772547107087,15.418116141404514,15.08572849237931,6459.858275599467,31.493141216497975,6596.8534398912325
1812,6444.691025290971,15.417921113136295,15.078490009967238,6459.769515300938,31.492934109784564,6596.763778678501
1813,6444.609547758192,15.417726190809072,15.071289349585427,6459.680837107778,31.492727713486953,6596.674202661446
1814,6444.528114358388,15.41753137406313,15.064126385871216,6459.5922407442595,31.492522024964327,6596.584711552854
1815,6444.446724941403,15.417336662539242,15.057000993912855,6459.503725935316,31.492317041587214,6596.49530506622
1816,6444.365379357632,15.417142055879504,15.049913049247493,6459.415292406879,31.4921127607374,6596.405982916087
1817,6444.2840774575725,15.41694755372625,15.042862427859129,6459.326939885432,31.491909179807898,6596.316744817596
1818,6444.202819092299,15.416753155723203,15.035849006176583,6459.2386680984755,31.491706296202878,6596.227590486958
1819,6444.121604113064,15.416558861514506,15.028872661071503,6459.150476774135,31.49150410733762,6596.138519641054
1820,6444.040432371621,15.416364670745505,15.021933269856367,6459.062365641477,31.49130261063847,6596.0495319977545
1821,6443.95930371979,15.4161705830617,15.01503071028246,6458.974334430072,31.491101803542755,6595.960627275484
1822,6443.878218010014,15.415976598110081,15.008164860537933,6458.886382870553,31.49090168349877,6595.871805193772
1823,6443.7971750948145,15.415782715537834,15.001335599245806,6458.7985106940605,31.49070224796569,6595.783065472711
1824,6443.716174827125,15.41558893499312,14.99454280546203,6458.710717632586,31.49050349441355,6595.694407833285
1825,6443.635217060491,15.415395256125578,14.987786358673517,6458.623003419165,31.490305420323146,6595.605831997571
1826,6443.554301648395,15.415201678584678,14.981066138796226,6458.535367787192,31.49010802318604,6595.517337688051
1827,6443.473428444879,15.415008202021241,14.974382026173206,6458.4478104710515,31.489911300504474,6595.428924628246
1828,6443.3925973042105,15.414814826086628,14.967733901572702,6458.360331205783,31.489715249791303,6595.340592542375
1829,6443.311808081165,15.414621550433408,14.961121646186232,6458.272929727351,31.489519868569985,6595.25234115563
1830,6443.231060630744,15.414428374714698,14.954545141626703,6458.185605772371,31.489325154374512,6595.1641701939
1831,6443.15035480823,15.414235298584282,14.94800426992651,6458.098359078156,31.489131104749326,6595.076079383815
1832,6443.069690469505,15.41404232169738,14.941498913535662,6458.011189383041,31.488937717249335,6594.988068453075
1833,6442.989067470262,15.413849443708761,14.93502895531991,6457.924096425581,31.48874498943981,6594.9001371296445
1834,6442.908485667094,15.413656664275345,14.928594278558885,6457.837079945653,31.48855291889634,6594.8122851428525
1835,6442.8279449166985,15.413463983054303,14.922194766944266,6457.750139683642,31.488361503204814,6594.724512222583
1836,6442.747445075978,15.413271399703298,14.915830304577934,6457.663275380556,31.488170739961333,6594.636818099388
1837,6442.666986002521,15.41307891388163,14.909500775970116,6457.576486778491,31.487980626772192,6594.54920250495
1838,6442.586567553969,15.41288652524873,14.903206066037612,6457.489773620006,31.487791161253803,6594.4616651714605
1839,6442.506189588341,15.412694233464931,14.89694606010193,6457.403135648443,31.487602341032666,6594.374205831935
1840,6442.425851964024,15.412502038191446,14.89072064388753,6457.316572607911,31.487414163745324,6594.286824220204
1841,6442.34555453977,15.41230993909036,14.88452970352,6457.23008424329,31.487226627038286,6594.199520070906
1842,6442.265297174816,15.412117935824918,14.8783731255243,6457.14367030034,31.48703972856802,6594.112293119611
1843,6442.185079728455,15.411926028058504,14.872250796822959,6457.057330525278,31.48685346600087,6594.025143102382
1844,6442.104902060699,15.411734215456217,14.866162604734336,6456.971064665433,31.48666783701301,6593.938069756439
1845,6442.024764031219,15.411542497682342,14.86010843697085,6456.88487246819,31.48648283929043,6593.851072819103
1846,6441.944665500694,15.411350874403574,14.854088181637222,6456.798753682331,31.486298470528872,6593.764152029132
1847,6441.8646063300375,15.411159345287171,14.84810172722877,6456.712708057266,31.486114728433748,6593.677307125953
1848,6441.7845863805,15.410967910001196,14.842148962629649,6456.626735343129,31.48593161072015,6593.590537849762
1849,6441.704605513018,15.410776568212961,14.836229777111152,6456.540835290129,31.485749115112764,6593.503843940869
1850,6441.624663590048,15.410585319593416,14.830344060329983,6456.455007650378,31.485567239345855,6593.417225141533
1851,6441.544760473374,15.4103941638119,14.824491702326569,6456.3692521757,31.485385981163166,6593.33068119376
1852,6441.464896025518,15.410203100539517,14.818672593523345,6456.283568619041,31.485205338317954,6593.244211840724
1853,6441.385070109608,15.410012129448823,14.812886624723095,6456.1979567343315,31.485025308572872,6593.157816826623
1854,6441.305282588637,15.409821250212051,14.807133687107257,6456.112416275744,31.484845889699965,6593.071495895939
1855,6441.225533326029,15.409630462502461,14.801413672234268,6456.026946998263,31.484667079480605,6592.985248794003
1856,6441.1458221858875,15.409439765994946,14.795726472037888,6455.9415486579255,31.484488875705463,6592.899075267244
1857,6441.066149032304,15.409249160364363,14.79007197882557,6455.8562210111295,31.484311276174445,6592.8129750624885
1858,6440.986513729898,15.409058645286839,14.784450085276797,6455.7709638151755,31.48413427869665,6592.7269479275055
1859,6440.906916143578,15.408868220439182,14.77886068444146,6455.68577682802,31.48395788109036,6592.640993610763
1860,6440.827356138583,15.408677885499003,14.773303669738231,6455.600659808321,31.48378208118296,6592.555111861468
1861,6440.747833580718,15.408487640145259,14.767778934952931,6455.515612515671,31.483606876810878,6592.4693024297985
1862,6440.66834833563,15.408297484056531,14.762286374236954,6455.430634709867,31.48343226581961,6592.383565066182
1863,6440.588900269704,15.408107416913168,14.756825882105629,6455.34572615181,31.483258246063606,6592.2978995221865
1864,6440.509489249584,15.407917438396133,14.75139735343664,6455.2608866030205,31.483084815406258,6592.212305550038
1865,6440.4301151421205,15.407727548186891,14.74600068346846,6455.176115825589,31.482911971719883,6592.12678290257
1866,6440.350777815013,15.40753774596893,14.740635767798727,6455.0914135828125,31.48273971288561,6592.041331333865
1867,6440.271477135524,15.407348031424698,14.73530250238273,6455.006779637907,31.482568036793417,6591.955950597959
1868,6440.192212971745,15.407158404238624,14.730000783531814,6454.922213755277,31.48239694134203,6591.8706404501145
1869,6440.112985192123,15.406968864095989,14.724730507911827,6454.837715700035,31.482226424438927,6591.785400646344
1870,6440.033793665274,15.406779410682473,14.719491572541585,6454.753285237815,31.48205648400025,6591.700230943216
1871,6439.954638260254,15.406590043684817,14.714283874791336,6454.668922135045,31.48188711795079,6591.615131098131
1872,6439.875518846316,15.406400762790229,14.70910731238121,6454.584626158697,31.481718324223955,6591.530100869071
1873,6439.796435293527,15.406211567687864,14.70396178337972,6454.500397076907,31.481550100761716,6591.44514001522
1874,6439.717387471623,15.406022458066083,14.698847186202231,6454.416234657825,31.48138244551455,6591.360248295813
1875,6439.638375251165,15.405833433615227,14.693763419609464,6454.332138670774,31.48121535644144,6591.2754254712945
1876,6439.5593985028045,15.405644494025848,14.688710382705985,6454.24810888551,31.481048831509796,6591.190671302577
1877,6439.480457097645,15.405455638989581,14.683687974938717,6454.164145072584,31.48088286869543,6591.105985551409
1878,6439.4015509072215,15.405266868199094,14.67869609609546,6454.080247003317,31.48071746598253,6591.021367980341
1879,6439.322679803491,15.405078181348065,14.673734646303402,6453.996414449794,31.48055262136358,6590.936818352726
1880,6439.243843658258,15.404889578129804,14.668803526027663,6453.912647184286,31.480388332839375,6590.852336432137
1881,6439.165042343888,15.404701058238967,14.663902636069814,6453.828944979958,31.48022459841895,6590.76792198308
1882,6439.086275733617,15.40451262137229,14.659031877566434,6453.745307611183,31.48006141611952,6590.683574771303
1883,6439.007543700408,15.404324267225856,14.654191151987666,6453.661734852396,31.479898783966494,6590.59929456265
1884,6438.928846117605,15.404135995496661,14.649380361135762,6453.57822647874,31.479736699993396,6590.515081123712
1885,6438.850182859276,15.403947805883435,14.644599407143644,6453.49478226642,31.479575162241844,6590.430934222172
1886,6438.771553799469,15.403759698084855,14.63984819247351,6453.4114019919425,31.479414168761487,6590.346853626055
1887,6438.692958812821,15.403571671801009,14.63512661991537,6453.328085432737,31.479253717610014,6590.26283910434
1888,6438.614397774245,15.403383726732644,14.630434592585663,6453.24483236683,31.479093806853072,6590.178890426641
1889,6438.535870558907,15.403195862581118,14.62577201392584,6453.1616425728325,31.478934434564245,6590.095007363187
1890,6438.457377042052,15.403008079047972,14.621138787700968,6453.078515829753,31.47877559882503,6590.011189684642
1891,6438.378917099996,15.402820375837312,14.616534817998323,6452.995451917995,31.478617297724764,6589.927437163097
1892,6438.300490609092,15.40263275265333,14.611960009226031,6452.912450618318,31.478459529360624,6589.843749571037
1893,6438.2220974452475,15.402445209199156,14.607414266111672,6452.829511711359,31.47830229183756,6589.760126680852
1894,6438.143737486096,15.402257745182048,14.602897493700905,6452.746634979797,31.4781455832683,6589.676568267014
1895,6438.0654106084485,15.402070360307293,14.598409597356103,6452.663820205805,31.477989401773257,6589.593074103518
1896,6437.987116690299,15.401883054283013,14.593950482755016,6452.581067173054,31.47783374548054,6589.509643965895
1897,6437.908855609269,15.401695826816434,14.589520055889384,6452.498375665159,31.477678612525892,6589.426277629646
1898,6437.830627243886,15.401508677616953,14.585118223063622,6452.415745466949,31.477524001052657,6589.342974871528
1899,6437.752431472545,15.40132160639365,14.580744890893452,6452.333176363439,31.47736990921176,6589.2597354685095
1900,6437.674268174482,15.401134612857613,14.576399966304606,6452.250668140787,31.477216335161657,6589.17655919874
1901,6437.596137228873,15.400947696719792,14.572083356531474,6452.168220585404,31.4770632770683,6589.093445840651
1902,6437.518038515494,15.400760857692568,14.567794969115786,6452.08583348461,31.476910733105115,6589.010395173617
1903,6437.439971914405,15.400574095489008,14.5635347119053,6452.00350662631,31.47675870145293,6588.92740697763
1904,6437.361937305575,15.40038740982195,14.559302493052508,6451.9212397986275,31.476607180299986,6588.844481032933
1905,6437.283934569917,15.4002008004065,14.555098221013328,6451.83903279093,31.47645616784189,6588.761617121042
1906,6437.2059635886,15.400014266958372,14.5509218045458,6451.756885393145,31.476305662281558,6588.67881502407
1907,6437.128024242807,15.399827809193319,14.546773152708807,6451.674797395516,31.4761556618292,6588.596074524473
1908,6437.050116414397,15.399641426828701,14.5426521748608,6451.5927685892575,31.476006164702287,6588.513395405713
1909,6436.972239985222,15.39945511958187,14.5385587806585,6451.51079876588,31.475857169125497,6588.430777451576
1910,6436.894394837952,15.399268887172134,14.53449288005565,6451.428887718008,31.47570867333072,6588.3482204469965
1911,6436.816580854985,15.399082729318145,14.530454383301754,6451.3470352382865,31.475560675556977,6588.265724176959
1912,6436.738797919753,15.398896645741036,14.52644320094079,6451.265241120694,31.475413174050413,6588.183288427813
1913,6436.661045915124,15.398710636160585,14.522459243810006,6451.183505158934,31.475266167064277,6588.100912985664
1914,6436.583324725373,15.398524700299935,14.518502423038623,6451.101827148412,31.475119652858844,6588.018597638347
1915,6436.505634234411,15.398338837881367,14.514572650046627,6451.020206884458,31.474973629701438,6587.93634217366
1916,6436.427974326743,15.398153048628572,14.510669836543538,6450.938644163287,31.47482809586635,6587.854146380306
1917,6436.3503448869415,15.39796733226541,14.506793894527178,6450.857138781469,31.474683049634837,6587.772010047381
1918,6436.272745800171,15.397781688517155,14.50294473628242,6450.775690536453,31.47453848929508,6587.689932964887
1919,6436.1951769518755,15.39759611710975,14.499122274380024,6450.694299226256,31.47439441314214,6587.607914923424
1920,6436.117638227797,15.39741061776985,14.49532642167539,6450.612964649473,31.474250819477952,6587.525955714202
1921,6436.040129514297,15.397225190225592,14.491557091307364,6450.531686605605,31.474107706611257,6587.444055129364
1922,6435.962650697604,15.397039834204794,14.487814196697038,6450.450464894301,31.473965072857613,6587.362212961232
1923,6435.8852016646215,15.396854549436894,14.484097651546561,6450.369299316168,31.473822916539312,6587.280429003114
1924,6435.807782302325,15.396669335651495,14.480407369837952,6450.288189672163,31.47368123598541,6587.1987030487
1925,6435.730392498297,15.396484192579658,14.476743265831916,6450.207135764129,31.47354002953164,6587.117034892592
1926,6435.653032140201,15.396299119952634,14.473105254066658,6450.126137394267,31.47339929552041,6587.035424329781
1927,6435.575701116387,15.396114117503318,14.469493249356747,6450.045194365744,31.473259032300767,6586.953871156252
1928,6435.498399315334,15.395929184964913,14.465907166791911,6449.964306482126,31.473119238228364,6586.872375168419
1929,6435.42112662559,15.395744322070788,14.462346921735898,6449.883473547326,31.472979911665423,6586.79093616307
1930,6435.343882936651,15.395559528556582,14.458812429825322,6449.802695366477,31.47284105098072,6586.709553938243
1931,6435.266668137613,15.395374804156969,14.45530360696851,6449.721971744581,31.472702654549547,6586.628228291872
1932,6435.189482118577,15.395190148609036,14.451820369344365,6449.641302487921,31.47256472075367,6586.5469590232
1933,6435.112324769588,15.395005561649732,14.44836263340121,6449.560687402989,31.47242724798133,6586.465745931708
1934,6435.035195981228,15.394821043017291,14.4449303158557,6449.480126297083,31.47229023462715,6586.384588817711
1935,6434.958095644295,15.394636592450468,14.44152333369164,6449.399618977986,31.4721536790922,6586.303487482038
1936,6434.881023649994,15.39445220968898,14.438141604158892,6449.319165254153,31.472017579783888,6586.222441726212
1937,6434.803979889739,15.39426789447306,14.434785044772273,6449.238764934511,31.47188193511595,6586.141451352265
1938,6434.726964255311,15.394083646543807,14.43145357331042,6449.158417828621,31.471746743508447,6586.060516162883
1939,6434.649976638683,15.393899465642782,14.428147107814684,6449.078123746498,31.471612003387705,6585.979635961235
1940,6434.573016932783,15.393715351513833,14.424865566588052,6448.9978824993705,31.471477713186292,6585.898810551731
1941,6434.496085030252,15.393531303900126,14.421608868194035,6448.9176938984465,31.47134387134302,6585.818039738789
1942,6434.419180824252,15.393347322546058,14.418376931455569,6448.837557755708,31.471210476302865,6585.737323327626
1943,6434.342304208283,15.39316340719685,14.415169675453956,6448.7574738837375,31.47107752651697,6585.656661124086
1944,6434.265455076049,15.392979557598203,14.411987019527759,6448.677442095577,31.470945020442624,6585.5760529345025
1945,6434.188633321732,15.392795773496966,14.408828883271749,6448.5974622050035,31.470812956543206,6585.495498565966
1946,6434.111838839909,15.392612054640932,14.405695186535807,6448.517534026445,31.470681333288184,6585.4149978262485
1947,6434.035071525647,15.39242840077906,14.402585849423904,6448.4376573750715,31.470550149153063,6585.334550523888
1948,6433.95833127371,15.392244811659594,14.399500792292983,6448.3578320660035,31.470419402619363,6585.2541564673975
1949,6433.881617979511,15.392061287032323,14.396439935751955,6448.278057915263,31.470289092174617,6585.173815466223
1950,6433.804931539292,15.391877826649024,14.393403200660625,6448.198334739953,31.470159216312318,6585.0935273309115
1951,6433.728271848668,15.391694430259971,14.39039050812866,6448.118662356796,31.470029773531884,6585.01329187166
1952,6433.651638804689,15.391511097618874,14.387401779514516,6448.039040584204,31.469900762338654,6584.933108900376
1953,6433.575032303745,15.391327828477857,14.384436936424446,6447.959469240169,31.46977218124384,6584.85297822858
1954,6433.498452242867,15.39114462259059,14.38149590071145,6447.879948143578,31.46964402876452,6584.772899668704
1955,6433.421898519922,15.390961479712733,14.378578594474243,6447.800477114397,31.469516303423607,6584.69287303429
1956,6433.345371032441,15.390778399599142,14.375684940056242,6447.721055972497,31.46938900374979,6584.612898138808
1957,6433.268869678697,15.390595382006452,14.372814860044551,6447.641684538742,31.469262128277567,6584.53297479675
1958,6433.192394357083,15.390412426691585,14.369968277268953,6447.562362634351,31.46913567554716,6584.453102822981
1959,6433.115944966194,15.390229533411947,14.367145114800886,6447.483090080995,31.469009644104524,6584.37328203285
1960,6433.039521405131,15.39004670192615,14.364345295952468,6447.403866701084,31.468884032501318,6584.293512242464
1961,6432.963123573629,15.389863931994327,14.361568744275475,6447.324692317904,31.468758839294843,6584.2137932688365
1962,6432.8867513711575,15.389681223375975,14.358815383560366,6447.245566754718,31.46863406304809,6584.134124928977
1963,6432.810404698013,15.389498575832567,14.35608513783528,6447.166489835849,31.468509702329623,6584.054507040983
1964,6432.734083454459,15.389315989125501,14.353377931365056,6447.087461385824,31.46838575571362,6583.9749394231785
1965,6432.65778754121,15.38913346301725,14.35069368865028,6447.008481229861,31.46826222177984,6583.895421894604
1966,6432.581516859267,15.388950997270975,14.348032334426264,6446.929549193694,31.46813909911355,6583.815954274837
1967,6432.505271310292,15.388768591651417,14.34539379366212,6446.850665103954,31.468016386305568,6583.736536384384
1968,6432.42905079547,15.388586245922177,14.34277799155977,6446.77182878703,31.467894081952167,6583.657168043522
1969,6432.352855217676,15.3884039598509,14.340184853552989,6446.693040071229,31.467772184655136,6583.577849074479
1970,6432.276684478239,15.38822173320153,14.337614305306456,6446.614298783546,31.467650693021653,6583.49857929819
1971,6432.200538480514,15.388039565742858,14.335066272714796,6446.535604753229,31.46752960566434,6583.419358537869
1972,6432.12441712743,15.387857457242657,14.332540681901635,6446.4569578093315,31.46740892120121,6583.340186616557
1973,6432.048320322101,15.38767540746914,14.330037459218666,6446.37835778132,31.46728863825563,6583.261063357732
1974,6431.972247968284,15.387493416192067,14.327556531244678,6446.299804499528,31.467168755456342,6583.181988585763
1975,6431.8961999699895,15.387311483181794,14.325097824784672,6446.221297794774,31.46704927143736,6583.102962125527
1976,6431.820176231402,15.387129608209095,14.32266126686889,6446.142837498271,31.466930184838027,6583.023983802316
1977,6431.744176657262,15.386947791046081,14.320246784751902,6446.064423442014,31.46681149430295,6582.945053442232
1978,6431.668201152326,15.386766031464894,14.317854305911691,6445.986055458238,31.466693198481963,6582.8661708716345
1979,6431.592249622047,15.386584329239348,14.315483758048728,6445.907733380096,31.46657529603015,6582.7873359178275
1980,6431.516321971798,15.386402684143057,14.313135069085082,6445.8294570408825,31.46645778560778,6582.708548408276
1981,6431.4404181075515,15.38622109595108,14.310808167163461,6445.751226274715,31.466340665880292,6582.629808171294
1982,6431.364537935702,15.386039564439479,14.308502980646372,6445.673040916348,31.46622393551829,6582.5511150358525
1983,6431.2886813626,15.385858089384211,14.306219438115166,6445.594900800716,31.466107593197492,6582.472468831124
1984,6431.212848294951,15.385676670562084,14.30395746836918,6445.51680576332,31.465991637598734,6582.393869386875
1985,6431.137038640046,15.385495307751306,14.301717000424821,6445.438755640471,31.465876067407937,6582.315316533695
1986,6431.061252305555,15.385314000730993,14.299497963514693,6445.36075026907,31.465760881316058,6582.236810102795
1987,6430.985489199169,15.38513274928031,14.297300287086712,6445.282789486256,31.46564607801912,6582.1583499256385
1988,6430.909749228898,15.384951553179183,14.295123900803215,6445.204873129702,31.465531656218133,6582.079935834251
1989,6430.834032303212,15.38477041220864,14.292968734540112,6445.127001037752,31.465417614619117,6582.001567661345
1990,6430.758338331001,15.38458932615072,14.290834718385984,6445.049173049387,31.465303951933052,6581.923245240296
1991,6430.682667221352,15.384408294787923,14.288721782641232,6444.971389003993,31.46519066687587,6581.844968404903
1992,6430.607018883249,15.38422731790251,14.286629857817207,6444.8936487410665,31.46507775816841,6581.766736989099
1993,6430.5313932269855,15.384046395279869,14.284558874635373,6444.8159521016205,31.46496522453645,6581.688550828354
1994,6430.455790162128,15.383865526703657,14.282508764026423,6444.738298926155,31.464853064710596,6581.610409757646
1995,6430.380209599119,15.383684711959614,14.280479457129445,6444.660689056248,31.46474127742635,6581.532313613053
1996,6430.304651448663,15.383503950834122,14.278470885291071,6444.583122333955,31.464629861424044,6581.454262231149
1997,6430.229115621805,15.383323243114367,14.276482980064628,6444.50559860187,31.46451881544882,6581.376255449072
1998,6430.153602029743,15.383142588587901,14.274515673209327,6444.428117702952,31.464408138250604,6581.298293104342
1999,6430.078110583835,15.382961987042668,14.272568896689386,6444.350679480524,31.4642978285841,6581.220375034865
2000,6430.002641196394,15.382781438268884,14.270642582673235,6444.273283779067,31.464187885208762,6581.142501079726
2001,6429.927193779273,15.382600942055676,14.268736663532662,6444.195930442806,31.46407830688878,6581.064671077772
2002,6429.851768245157,15.382420498194154,14.266851071842016,6444.118619316999,31.463969092393047,6580.986884868908
2003,6429.776364506886,15.382240106475804,14.264985740377371,6444.041350247264,31.46386024049513,6580.909142293418
2004,6429.7009824776205,15.382059766692873,14.263140602115707,6443.964123079736,31.463751749973273,6580.83144319212
2005,6429.625622070691,15.381879478638016,14.261315590234116,6443.8869376609255,31.463643619610366,6580.753787406231
2006,6429.5502832001075,15.38169924210552,14.259510638108981,6443.809793838216,31.463535848193914,6580.67617477786
2007,6429.474965779413,15.381519056888548,14.257725679315174,6443.732691458728,31.463428434516032,6580.5986051488735
2008,6429.39966972372,15.38133892278402,14.255960647625264,6443.655630371345,31.46332137737343,6580.521078362919
2009,6429.324394947109,15.381158839586385,14.254215477008703,6443.578610424118,31.46321467556735,6580.443594262836
2010,6429.249141364976,15.380978807093244,14.252490101631064,6443.501631466607,31.46310832790359,6580.366152692988
2011,6429.173908892197,15.38079882510095,14.250784455853221,6443.42469334805,31.46300233319249,6580.288753497437
2012,6429.098697444908,15.38061889340887,14.249098474230582,6443.347795919139,31.46289669024887,6580.211396521721
2013,6429.023506938685,15.380439011815037,14.2474320915123,6443.270939030198,31.46279139789202,6580.134081611028
2014,6428.948337289956,15.380259180119511,14.245785242640503,6443.194122532596,31.462686454945725,6580.05680861161
2015,6428.873188415204,15.380079398122497,14.244157862749514,6443.117346277953,31.462581860238195,6579.97957736999
2016,6428.798060230879,15.379899665624112,14.242549887165088,6443.040610118044,31.462477612602054,6579.902387732863
2017,6428.722952654674,15.379719982427451,14.240961251403643,6442.963913906078,31.462373710874346,6579.825239548381
2018,6428.6478656038125,15.37954034833448,14.239391891171486,6442.887257494984,31.46227015389649,6579.748132664434
2019,6428.572798996038,15.379360763148416,14.237841742364079,6442.810640738402,31.462166940514262,6579.671066929639
2020,6428.497752749481,15.3791812266734,14.23631074106526,6442.734063490547,31.462064069577803,6579.59404219321
2021,6428.42272678243,15.379001738713947,14.234798823546505,6442.657525605977,31.461961539941555,6579.517058304723
2022,6428.347721013551,15.37882229907548,14.233305926266171,6442.581026939817,31.461859350464287,6579.440115114337
2023,6428.272735362031,15.378642907564668,14.231831985868764,6442.5045673479,31.461757500009046,6579.363212472939
2024,6428.197769746447,15.378463563986715,14.230376939184188,6442.428146685631,31.46165598744315,6579.286350231008
2025,6428.122824087356,15.37828426815157,14.228940723227012,6442.3517648105835,31.461554811638166,6579.209528241209
2026,6428.047898303861,15.378105019865696,14.227523275195734,6442.2754215790565,31.4614539714699,6579.1327463549505
2027,6427.972992316544,15.3779258189391,14.226124532472053,6442.199116849016,31.461353465818355,6579.056004425325
2028,6427.898106045706,15.377746665181116,14.224744432620147,6442.122850478327,31.461253293567744,6578.979302305346
2029,6427.823239412104,15.377567558402163,14.223382913385944,6442.04662232549,31.461153453606446,6578.902639848678
2030,6427.748392336962,15.377388498413785,14.222039912696406,6441.970432249658,31.461053944827007,6578.826016909656
2031,6427.67356474127,15.377209485026961,14.220715368658812,6441.894280109928,31.46095476612611,6578.749433342577
2032,6427.598756547214,15.377030518055536,14.219409219560035,6441.818165766775,31.46085591640454,6578.6728890031345
2033,6427.523967676538,15.37685159731229,14.218121403865862,6441.742089080403,31.460757394567224,6578.596383746771
2034,6427.449198051314,15.376672722610799,14.216851860220265,6441.666049911534,31.46065919952315,6578.51991742946
2035,6427.3744475944795,15.376493893766698,14.215600527444703,6441.590048121924,31.46056133018537,6578.443489908231
2036,6427.299716228542,15.376315110594598,14.214367344537433,6441.514083573079,31.460463785471,6578.3671010398775
2037,6427.225003876636,15.376136372910613,14.213152250672806,6441.4381561273085,31.46036656430118,6578.290750682018
2038,6427.150310462632,15.375957680532611,14.211955185200571,6441.362265647832,31.460269665601068,6578.214438693197
2039,6427.075635909909,15.375779033277293,14.210776087645215,6441.286411997554,31.460173088299825,6578.138164931658
2040,6427.000980142816,15.375600430963674,14.209614897705238,6441.210595040521,31.460076831330582,6578.061929256809
2041,6426.926343085273,15.375421873409746,14.208471555252506,6441.134814640526,31.459980893630437,6577.985731527819
2042,6426.851724662102,15.37524336043565,14.207346000331565,6441.059070662433,31.459885274140444,6577.909571604944
2043,6426.777124798348,15.375064891862078,14.206238173158944,6440.983362971508,31.459789971805563,6577.833449348862
2044,6426.702543418956,15.374886467509464,14.205148014122527,6440.907691433079,31.4596949855747,6577.757364620329
2045,6426.627980449676,15.374708087200183,14.204075463780843,6440.832055913457,31.459600314400625,6577.6813172811
2046,6426.553435816046,15.374529750756091,14.203020462862423,6440.756456278908,31.459505957240005,6577.605307192903
2047,6426.478909444414,15.37435145800099,14.201982952265158,6440.680892396679,31.45941191305335,6577.529334218461
2048,6426.404401261129,15.374173208758682,14.20096287305559,6440.605364134185,31.45931818080504,6577.453398220687
2049,6426.32991119263,15.373995002853182,14.199960166468323,6440.529871359098,31.459224759463275,6577.3774990627635
2050,6426.255439166167,15.373816840110447,14.19897477390532,6440.454413940072,31.45913164800004,6577.301636608872
2051,6426.180985108794,15.373638720355967,14.198006636935283,6440.378991745729,31.459038845391166,6577.22581072318
2052,6426.106548948239,15.37346064341684,14.197055697293003,6440.303604645532,31.45894635061623,6577.150021270712
2053,6426.032130612173,15.373282609120032,14.196121896878715,6440.228252509052,31.458854162658568,6577.074268116617
2054,6425.9577300285,15.373104617293063,14.195205177757465,6440.152935206257,31.458762280505283,6576.998551126455
2055,6425.883347125877,15.372926667765256,14.194305482158482,6440.077652608035,31.458670703147213,6576.922870166725
2056,6425.808981833206,15.372748760366523,14.19342275247454,6440.002404585681,31.458579429578883,6576.847225104349
2057,6425.734634079046,15.372570894925948,14.192556931261329,6439.927191010308,31.45848845879854,6576.771615806081
2058,6425.66030379277,15.372393071274569,14.191707961236837,6439.8520117540065,31.458397789808114,6576.696042139672
2059,6425.585990903941,15.372215289243877,14.190875785280735,6439.776866689222,31.458307421613203,6576.6205039732395
2060,6425.511695342446,15.372037548666139,14.19006034643374,6439.7017556888795,31.45821735322305,6576.5450011754
2061,6425.437417038462,15.37185984937431,14.18926158789702,6439.626678626359,31.45812758365053,6576.469533615238
2062,6425.363155922042,15.371682191201058,14.188479453031587,6439.551635375074,31.45803811191217,6576.394101161892
2063,6425.28891192427,15.371504573981507,14.18771388535766,6439.476625809628,31.457948937028075,6576.3187036857
2064,6425.214684975968,15.371326997550163,14.186964828554103,6439.401649804522,31.45786005802195,6576.243341056917
2065,6425.140475008244,15.37114946174221,14.186232226457783,6439.326707234702,31.45777147392107,6576.168013146258
2066,6425.066281952801,15.37097196639426,14.185516023062998,6439.251797975864,31.457683183756295,6576.092719825204
2067,6424.992105741403,15.37079451134307,14.184816162520885,6439.176921903924,31.457595186562003,6576.017460965469
2068,6424.917946305846,15.37061709642547,14.184132589138802,6439.102078894985,31.45750748137611,6575.942236438971
2069,6424.84380357897,15.37043972148079,14.18346524737977,6439.02726882635,31.457420067240072,6575.867046118845
2070,6424.769677492972,15.370262386346823,14.18281408186187,6438.952491574833,31.45733294319881,6575.791889877748
2071,6424.69556798137,15.37008509086452,14.18217903735767,6438.877747018728,31.457246108300765,6575.716767589836
2072,6424.621474976829,15.369907834872796,14.181560058793634,6438.803035035622,31.457159561597834,6575.641679128573
2073,6424.54739841278,15.369730618212392,14.18095709124957,6438.728355504029,31.457073302145375,6575.566624368362
2074,6424.473338223451,15.369553440725959,14.180370079958045,6438.653708303409,31.456987329002185,6575.491603184569
2075,6424.3992943424955,15.369376302254773,14.179798970303796,6438.579093312799,31.456901641230502,6575.416615452152
2076,6424.325266704458,15.369199202642244,14.179243707823211,6438.504510412281,31.456816237895975,6575.341661047129
2077,6424.251255243822,15.369022141731632,14.178704238203718,6438.429959482026,31.456731118067644,6575.26673984562
2078,6424.177259895404,15.368845119366995,14.178180507283262,6438.355440402687,31.456646280817957,6575.191851724246
2079,6424.103280594335,15.368668135393147,14.177672461049722,6438.280953055385,31.456561725222716,6575.116996560104
2080,6424.029317276089,15.368491189655716,14.17718004564037,6438.206497321729,31.456477450361085,6575.0421742308
2081,6423.955369876325,15.368314282000776,14.17670320734133,6438.132073083666,31.456393455315578,6574.967384614289
2082,6423.881438331024,15.368137412275177,14.176241892587019,6438.057680223611,31.456309739172045,6574.892627589009
2083,6423.807522576406,15.36796058032633,14.175796047959604,6437.983318624366,31.456226301019644,6574.8179030338015
2084,6423.733622548899,15.36778378600215,14.175365620188462,6437.908988169087,31.456143139950854,6574.743210827874
2085,6423.659738185424,15.367607029151733,14.17495055614965,6437.834688741574,31.456060255061413,6574.668550851091
2086,6423.585869422869,15.367430309624089,14.174550802865353,6437.760420225734,31.455977645450368,6574.593922983444
2087,6423.512016198601,15.36725362726938,14.174166307503386,6437.686182506104,31.455895310220008,6574.519327105561
2088,6423.438178450389,15.36707698193873,14.173797017376625,6437.611975467766,31.4558132484759,6574.444763098636
2089,6423.364356115947,15.366900373483126,14.173442879942506,6437.53779899589,31.455731459326806,6574.3702308439615
2090,6423.2905491331885,15.36672380175404,14.173103842802512,6437.463652975991,31.455649941884765,6574.29573022319
2091,6423.216757440683,15.366547266604504,14.172779853701627,6437.389537294384,31.45556869526497,6574.221261118787
2092,6423.1429809773035,15.366370767888286,14.172470860527838,6437.3154518378315,31.45548771858585,6574.14682341368
2093,6423.06921968158,15.366194305458325,14.172176811311626,6437.241396492892,31.455407010969022,6574.072416990607
2094,6422.995473492965,15.366017879169773,14.171897654225429,6437.16737114719,31.455326571539246,6573.998041733386
2095,6422.921742350877,15.365841488877697,14.171633337583183,6437.093375688461,31.455246399424468,6573.923697525957
2096,6422.848026195039,15.365665134437892,14.171383809839774,6437.019410004878,31.45516649375576,6573.849384252716
2097,6422.774324965282,15.365488815706417,14.171149019590557,6436.9454739848725,31.455086853667346,6573.7751017983255
2098,6422.700638601922,15.365312532540484,14.170928915570853,6436.871567517493,31.455007478296558,6573.700850048082
2099,6422.626967045731,15.3651362847984,14.170723446655469,6436.797690492387,31.454928366783847,6573.626628887897
2100,6422.55331023725,15.364960072337919,14.170532561858185,6436.723842799109,31.45484951827276,6573.552438203596
2101,6422.4796681175585,15.364783895018082,14.170356210331285,6436.65002432789,31.454770931909906,6573.478277881698
2102,6422.406040627723,15.364607752697902,14.170194341365058,6436.576234969089,31.454692606845,6573.404147808864
2103,6422.332427709878,15.364431645238943,14.170046904387322,6436.502474614265,31.454614542230797,6573.330047872969
2104,6422.258829305244,15.364255572500584,14.169913848962942,6436.428743154207,31.4545367372231,6573.255977961127
2105,6422.185245356361,15.364079534345361,14.16979512479337,6436.355040481154,31.454459190980742,6573.18193796192
2106,6422.11167580546,15.363903530635072,14.16969068171613,6436.2813664871765,31.454381902665602,6573.107927763772
2107,6422.0381205949325,15.363727561231896,14.169600469704395,6436.207721064637,31.454304871442538,6573.0339472554115
2108,6421.964579667869,15.363551625999685,14.169524438866501,6436.134104106735,31.454228096479437,6572.959996326421
2109,6421.891052967267,15.363375724802074,14.16946253944548,6436.060515506712,31.45415157694716,6572.886074866433
2110,6421.817540436457,15.363199857503487,14.169414721818587,6435.986955158276,31.45407531201953,6572.812182765561
2111,6421.744042019317,15.363024023969658,14.169380936496875,6435.913422955814,31.453999300873363,6572.738319914613
2112,6421.670557659498,15.362848224065784,14.16936113412472,6435.839918793622,31.453923542688408,6572.664486204317
2113,6421.597087301327,15.362672457658675,14.16935526547935,6435.766442566806,31.453848036647358,6572.590681526222
2114,6421.523630889218,15.362496724615355,14.169363281470432,6435.6929941706885,31.45377278193584,6572.51690577211
2115,6421.450188367519,15.362321024802679,14.1693851331396,6435.619573500659,31.453697777742395,6572.443158833838
2116,6421.376759681521,15.362145358089764,14.169420771660024,6435.5461804531815,31.453623023258473,6572.369440604356
2117,6421.303344775998,15.361969724344492,14.169470148335972,6435.472814924334,31.45354851767842,6572.295750976235
2118,6421.229943596613,15.361794123436875,14.169533214602355,6435.399476811216,31.45347426019946,6572.222089843084
2119,6421.15655608923,15.361618555237394,14.169609922024314,6435.326166011255,31.453400250021694,6572.14845709885
2120,6421.08318219945,15.361443019615908,14.169700222296779,6435.252882421746,31.45332648634809,6572.07485263736
2121,6421.009821873617,15.361267516444059,14.169804067244037,6435.17962594086,31.45325296838446,6572.001276353332
2122,6420.93647505777,15.36109204559275,14.169921408819308,6435.106396466589,31.45317969533947,6571.927728141316
2123,6420.863141699245,15.360916606935993,14.170052199104326,6435.033193898349,31.453106666424578,6571.854207897296
2124,6420.789821744379,15.360741200345403,14.17019639030892,6434.960018134688,31.45303388085411,6571.780715516403
2125,6420.716515140664,15.36056582569537,14.170353934770596,6434.886869075435,31.452961337845153,6571.707250895061
2126,6420.643221835475,15.360390482859987,14.170524784954111,6434.813746620429,31.452889036617634,6571.633813929716
2127,6420.569941776327,15.360215171713701,14.170708893451083,6434.740650669778,31.45281697639423,6571.560404517093
2128,6420.496674911404,15.360039892132544,14.170906212979563,6434.667581124383,31.452745156400418,6571.487022554725
2129,6420.423421188432,15.359864643991465,14.171116696383649,6434.5945378848155,31.45267357586443,6571.413667939826
2130,6420.350180556285,15.359689427168146,14.17134029663307,6434.521520852918,31.45260223401724,6571.340340570893
2131,6420.276952963271,15.359514241538925,14.171576966822792,6434.448529930093,31.4525311300926,6571.267040345996
2132,6420.203738358511,15.359339086982084,14.171826660172611,6434.375565018684,31.452460263326955,6571.193767164156
2133,6420.130536691019,15.359163963375645,14.172089330026783,6434.302626021046,31.45238963295951,6571.12052092442
2134,6420.0573479102295,15.358988870598635,14.172364929853597,6434.229712840083,31.452319238232157,6571.047301526393
2135,6419.984171965753,15.35881380853051,14.172653413245031,6434.156825378998,31.452249078389503,6570.974108869993
2136,6419.911008807363,15.358638777051107,14.172954733916338,6434.083963541279,31.452179152678855,6570.900942855433
2137,6419.837858385378,15.358463776041575,14.173268845705664,6434.011127231084,31.452109460350176,6570.827803383608
2138,6419.76472064972,15.358288805382106,14.17359570257368,6433.938316352294,31.45204000065614,6570.754690355148
2139,6419.691595551602,15.358113864955987,14.173935258603203,6433.865530810205,31.451970772852064,6570.681603672112
2140,6419.618483041412,15.357938954644526,14.174287467998827,6433.792770509411,31.451901776195907,6570.608543235863
2141,6419.545383070164,15.357764074330534,14.17465228508652,6433.72003535525,31.451833009948295,6570.535508948525
2142,6419.4722955894895,15.3575892238983,14.175029664313312,6433.647325253803,31.451764473372467,6570.4625007129725
2143,6419.3992205507275,15.357414403231406,14.175419560246876,6433.5746401109745,31.451696165734305,6570.389518431919
2144,6419.326157905676,15.357239612214537,14.175821927575203,6433.501979833251,31.451628086302293,6570.316562008667
2145,6419.253107606279,15.357064850732725,14.176236721106225,6433.429344327385,31.451560234347525,6570.243631346796
2146,6419.1800696048285,15.356890118671839,14.176663895767465,6433.356733500596,31.451492609143685,6570.170726350371
2147,6419.107043854134,15.35671541591898,14.177103406605674,6433.28414726074,31.45142520996705,6570.097846924096
2148,6419.034030306357,15.356540742359705,14.177555208786487,6433.211585515143,31.45135803609648,6570.024992972163
2149,6418.961028914824,15.356366097882354,14.178019257594084,6433.139048172418,31.451291086813377,6569.952164400057
2150,6418.888039632628,15.356191482374708,14.178495508430835,6433.066535141058,31.451224361401735,6569.879361113156
2151,6418.815062413334,15.356016895725679,14.178983916816954,6432.994046330151,31.45115785914806,6569.806583017445
2152,6418.742097210309,15.355842337823706,14.179484438390155,6432.921581648699,31.451091579341444,6569.733830018835
2153,6418.6691439775495,15.355667808558731,14.17999702890533,6432.849141006455,31.451025521273458,6569.661102023995
2154,6418.596202669213,15.355493307821083,14.180521644234215,6432.776724313448,31.450959684238235,6569.5883989398835
2155,6418.523273239543,15.3553188355013,14.181058240365036,6432.704331479908,31.450894067532403,6569.515720673674
2156,6418.450355643495,15.355144391491613,14.181606773402212,6432.631962416897,31.45082867045508,6569.443067133377
2157,6418.377449835331,15.35496997568261,14.182167199565999,6432.559617034897,31.450763492307917,6569.370438226437
2158,6418.304555770503,15.35479558796771,14.182739475192188,6432.487295245694,31.450698532395023,6569.297833861613
2159,6418.231673403956,15.354621228239129,14.183323556731782,6432.414996960688,31.450633790022977,6569.2252539472875
2160,6418.158802691405,15.354446896390922,14.183919400750662,6432.342722092156,31.450569264500857,6569.152698392734
2161,6418.085943588451,15.35427259231687,14.184526963929308,6432.27047055238,31.450504955140165,6569.0801671072395
2162,6418.013096051107,15.35409831591174,14.18514620306242,6432.19824225417,31.45044086125489,6569.007660000629
2163,6417.940260035468,15.353924067070498,14.185777075058697,6432.126037110526,31.450376982161437,6568.935176982928
2164,6417.867435498003,15.353749845689002,14.186419536940466,6432.053855034944,31.450313317178654,6568.862717964671
2165,6417.7946223952495,15.353575651663276,14.187073545843392,6431.981695941093,31.450249865627818,6568.790282856574
2166,6417.721820684088,15.353401484890163,14.187739059016193,6431.909559743104,31.45018662683261,6568.7178715698265
2167,6417.649030321576,15.353227345266928,14.188416033820321,6431.837446355396,31.450123600119145,6568.645484015915
2168,6417.576251264909,15.35305323269117,14.189104427729687,6431.765355692639,31.450060784815918,6568.573120106588
2169,6417.503483471501,15.352879147061007,14.189804198330345,6431.693287669831,31.44999818025381,6568.500779753935
2170,6417.430726899527,15.35270508827638,14.190515303320216,6431.6212422028475,31.449935785766108,6568.42846287093
2171,6417.357981506622,15.35253105623594,14.191237700508808,6431.5492192071315,31.449873600688466,6568.356169370127
2172,6417.285247250829,15.352357050839304,14.191971347816901,6431.477218598647,31.4498116243589,6568.283899164608
2173,6417.212524090626,15.352183071987143,14.192716203276301,6431.405240293902,31.4497498561178,6568.211652168015
2174,6417.139811984887,15.35200911958107,14.193472225029534,6431.333284209917,31.44968829530788,6568.139428294507
2175,6417.067110891972,15.351835193521465,14.194239371329594,6431.261350263302,31.449626941274236,6568.067227457845
2176,6416.994420771377,15.351661293711429,14.195017600539629,6431.189438371916,31.449565793364265,6567.995049573051
2177,6416.921741581761,15.35148742005206,14.195806871132696,6431.117548452894,31.449504850927724,6567.922894554429
2178,6416.849073283124,15.351313572447665,14.196607141691512,6431.045680424816,31.449444113316652,6567.850762317744
2179,6416.776415835046,15.351139750801545,14.197418370908144,6430.973834205954,31.449383579885435,6567.778652778456
2180,6416.703769197383,15.350965955017662,14.198240517583777,6430.902009714967,31.449323249990748,6567.706565852427
2181,6416.631133330053,15.350792185000126,14.199073540628433,6430.830206870682,31.449263122991574,6567.634501455695
2182,6416.558508193594,15.350618440654532,14.199917399060723,6430.758425592655,31.449203198249158,6567.5624595050385
2183,6416.485893748427,15.35044472188619,14.20077205200759,6430.686665800435,31.44914347512707,6567.490439917237
2184,6416.413289955293,15.35027102860118,14.201637458704056,6430.614927413997,31.449083952991117,6567.418442609508
2185,6416.340696775401,15.3500973607067,14.202513578492969,6430.543210353894,31.449024631209397,6567.346467499655
2186,6416.268114169534,15.349923718108933,14.203400370824749,6430.471514540359,31.448965509152245,6567.274514505171
2187,6416.195542099302,15.349750100716033,14.204297795257153,6430.399839894559,31.448906586192273,6567.202583544495
2188,6416.122980526234,15.349576508435966,14.205205811455038,6430.328186337689,31.44884786170432,6567.130674536103
2189,6416.050429412303,15.349402941177757,14.206124379190094,6430.256553791493,31.448789335065467,6567.058787399028
2190,6415.9778887191205,15.349229398849571,14.207053458340628,6430.184942177461,31.448731005655034,6566.98692205206
2191,6415.905358409321,15.34905588136201,14.207993008891336,6430.113351418212,31.448672872854555,6566.91507841513
2192,6415.832838445027,15.348882388624466,14.208942990933034,6430.04178143596,31.448614936047775,6566.8432564077675
2193,6415.760328788663,15.348708920547042,14.209903364662468,6429.970232153326,31.448557194620662,6566.771455949925
2194,6415.68782940375,15.348535477042462,14.21087409038206,6429.898703494132,31.448499647961384,6566.699676962764
2195,6415.615340252649,15.34836205802069,14.211855128499693,6429.827195381148,31.44844229546029,6566.6279193664
2196,6415.542861299022,15.348188663394788,14.212846439528493,6429.75570773855,31.448385136509923,6566.556183082368
2197,6415.47039250605,15.348015293076676,14.213847984086597,6429.684240490137,31.448328170505018,6566.484468031834
2198,6415.397933837456,15.347841946979559,14.214859722896938,6429.612793560353,31.448271396842475,6566.412774136617
2199,6415.325485257261,15.34766862501737,14.215881616787039,6429.5413668740475,31.448214814921357,6566.341101318955
2200,6415.253046729244,15.347495327103454,14.216913626688788,6429.469960355932,31.448158424142907,6566.269449500954
2201,6415.180618217584,15.347322053152116,14.217955713638236,6429.398573931222,31.44810222391048,6566.197818605233
2202,6415.108199687038,15.347148803079039,14.21900783877539,6429.327207525814,31.448046213629635,6566.1262085551025
2203,6415.035791102078,15.346975576799231,14.220069963343999,6429.255861065422,31.447990392708018,6566.054619273702
2204,6414.9633924273985,15.346802374228226,14.221142048691355,6429.1845344760895,31.44793476055544,6565.9830506845055
2205,6414.891003628351,15.346629195283137,14.222224056268098,6429.113227684619,31.44787931658384,6565.911502711759
2206,6414.818624670236,15.346456039880948,14.223315947628008,6429.041940617864,31.44782406020726,6565.839975279766
2207,6414.746255518125,15.346282907938097,14.224417684427822,6428.9706732025525,31.44776899084186,6565.7684683127145
2208,6414.673896137645,15.346109799372357,14.225529228427018,6428.899425366072,31.44771410790592,6565.696981735463
2209,6414.601546494984,15.345936714102834,14.226650541487661,6428.8281970364715,31.447659410819814,6565.625515473537
2210,6414.529206555779,15.345763652047317,14.227781585574181,6428.756988141353,31.44760489900601,6565.554069452029
2211,6414.456876286481,15.345590613125554,14.2289223227532,6428.685798609235,31.447550571889053,6565.482643596952
2212,6414.384555653521,15.345417597257226,14.230072715193343,6428.614628368714,31.447496428895594,6565.41123783441
2213,6414.312244623182,15.34524460436168,14.231232725165068,6428.543477348347,31.447442469454344,6565.339852090473
2214,6414.2399431626745,15.345071634360465,14.23240231504047,6428.472345477715,31.447388692996082,6565.268486292248
2215,6414.167651238642,15.344898687173785,14.233581447293131,6428.401232685936,31.447335098953666,6565.197140366384
2216,6414.095368818464,15.344725762723597,14.234770084497914,6428.330138902961,31.44728168676199,6565.125814240376
2217,6414.023095869598,15.344552860932053,14.235968189330814,6428.259064058929,31.447228455858017,6565.054507841911
2218,6413.950832359429,15.344379981721122,14.237175724568766,6428.188008083998,31.44717540568074,6564.98322109871
2219,6413.878578255513,15.34420712501319,14.238392653089516,6428.1169709086025,31.447122535671205,6564.911953938772
2220,6413.806333525946,15.344034290731928,14.239618937871406,6428.045952463817,31.447069845272487,6564.840706290753
2221,6413.734098138955,15.343861478801328,14.240854541993244,6427.974952680948,31.44701733392968,6564.769478083543
2222,6413.661872062832,15.343688689145532,14.24209942863415,6427.903971491466,31.446965001089907,6564.698269246207
2223,6413.589655265769,15.343515921688441,14.243353561073363,6427.833008826842,31.44691284620231,6564.627079707822
2224,6413.517447716843,15.343343176356084,14.244616902690122,6427.762064619533,31.44686086871802,6564.555909398457
2225,6413.445249384599,15.343170453073204,14.245889416963486,6427.691138801562,31.44680906809021,6564.484758247755
2226,6413.373060238432,15.342997751766584,14.2471710674722,6427.620231305904,31.446757443774004,6564.4136261863205
2227,6413.300880247036,15.342825072361329,14.24846181789453,6427.54934206493,31.44670599522656,6564.342513144165
2228,6413.228709380276,15.34265241478535,14.249761632008134,6427.478471012284,31.44665472190698,6564.271419052579
2229,6413.156547607513,15.342479778965341,14.251070473689891,6427.407618081203,31.446603623276403,6564.200343842455
2230,6413.084394898605,15.342307164829197,14.252388306915801,6427.336783205521,31.446552698797888,6564.129287445292
2231,6413.012251223602,15.342134572305268,14.253715095760786,6427.265966319363,31.446501947936497,6564.058249792886
2232,6412.940116552398,15.341962001321527,14.255050804398607,6427.195167356796,31.446451370159224,6563.987230816989
2233,6412.867990855417,15.341789451807218,14.256395397101695,6427.124386252519,31.446400964935073,6563.916230449987
2234,6412.795874103097,15.34161692369162,14.257748838241026,6427.053622941338,31.44635073173495,6563.845248624385
2235,6412.723766266404,15.341444416905272,14.259111092285996,6426.98287735869,31.446300670031732,6563.774285273327
2236,6412.651667315623,15.341271931377088,14.260482123804275,6426.912149439428,31.446250779300243,6563.7033403293835
2237,6412.579577222212,15.341099467038784,14.2618618974617,6426.841439119674,31.44620105901723,6563.632413726399
2238,6412.507495957424,15.340927023821589,14.263250378022121,6426.770746335446,31.446151508661373,6563.561505398124
2239,6412.43542349221,15.340754601656005,14.264647530347315,6426.7000710225575,31.44610212771329,6563.49061527811
2240,6412.363359798405,15.340582200474653,14.266053319396834,6426.629413117802,31.446052915655496,6563.419743300903
2241,6412.2913048476685,15.340409820209732,14.267467710227898,6426.558772557896,31.446003871972454,6563.348889400976
2242,6412.219258611718,15.340237460793583,14.268890667995278,6426.488149279713,31.445954996150512,6563.278053512968
2243,6412.14722106314,15.340065122160622,14.27032215795117,6426.417543221091,31.44590628767793,6563.20723557249
2244,6412.075192173584,15.339892804243023,14.271762145445098,6426.346954319029,31.445857746044872,6563.136435514324
2245,6412.003171915701,15.339720506975363,14.2732105959238,6426.276382511625,31.44580937074339,6563.065653274359
2246,6411.931160262178,15.339548230292293,14.2746674749311,6426.20582773711,31.445761161267427,6562.994888788623
2247,6411.859157185398,15.339375974127746,14.276132748107822,6426.135289933505,31.445713117112813,6562.924141992946
2248,6411.7871626588185,15.339203738418226,14.277606381191683,6426.06476904001,31.445665237777263,6562.853412824341
2249,6411.715176655149,15.339031523098441,14.279088340017172,6425.994264995166,31.445617522760347,6562.782701219174
2250,6411.643199147784,15.338859328104746,14.280578590515482,6425.9237777383,31.44556997156353,6562.712007114601
2251,6411.571230109992,15.338687153373186,14.282077098714364,6425.853307208707,31.44552258369012,6562.641330447758
2252,6411.499269515618,15.338514998841191,14.283583830738063,6425.782853346356,31.445475358645297,6562.5706711564635
2253,6411.427317338133,15.338342864445295,14.285098752807222,6425.712416090941,31.44542829593609,6562.500029178263
2254,6411.355373551394,15.338170750122952,14.286621831238781,6425.641995382633,31.44538139507138,6562.4294044511935
2255,6411.283438129758,15.337998655812818,14.288153032445884,6425.571591162204,31.4453346555619,6562.358796913898
2256,6411.211511047639,15.337826581453681,14.289692322937784,6425.501203370577,31.4452880769202,6562.28820650518
2257,6411.139592278994,15.33765452698324,14.291239669319769,6425.430831948314,31.44524165866069,6562.217633163488
2258,6411.067681798546,15.33748249234102,14.292795038293061,6425.360476836839,31.445195400299603,6562.1470768281415
2259,6410.995779581228,15.337310477467053,14.294358396654745,6425.290137977882,31.445149301354995,6562.0765374387765
2260,6410.923885601591,15.337138482300457,14.29592971129768,6425.219815312888,31.44510336134674,6562.006014934746
2261,6410.851999834824,15.336966506781875,14.297508949210423,6425.149508784034,31.445057579796533,6561.935509256149
2262,6410.780122256386,15.336794550852597,14.299096077477135,6425.079218333863,31.445011956227887,6561.865020343454
2263,6410.708252841328,15.336622614452939,14.300691063277517,6425.008943904606,31.44496649016611,6561.794548136829
2264,6410.636391565475,15.33645069752506,14.302293873886754,6424.9386854393615,31.44492118113832,6561.724092577313
2265,6410.5645384041845,15.33627880001001,14.303904476675395,6424.86844288086,31.444876028673434,6561.653653605589
2266,6410.492693333286,15.336106921849968,14.305522839109308,6424.798216172396,31.444831032302158,6561.58323116291
2267,6410.420856329381,15.33593506298895,14.307148928749626,6424.728005258131,31.444786191556982,6561.512825191404
2268,6410.349027367893,15.335763223368165,14.308782713252644,6424.657810081146,31.444741505972203,6561.442435632125
2269,6410.277206425655,15.33559140293219,14.310424160369774,6424.587630586025,31.444696975083858,6561.372062427639
2270,6410.2053934788555,15.335419601624055,14.312073237947484,6424.517466716803,31.44465259842982,6561.3017055199725
2271,6410.133588504248,15.335247819388153,14.31372991392722,6424.447318418175,31.444608375549663,6561.231364851817
2272,6410.061791478474,15.3350760561686,14.315394156345347,6424.377185634819,31.444564305984777,6561.161040365853
2273,6409.990002378668,15.334904311910687,14.317065933333094,6424.307068312,31.4445203892783,6561.090732005361
2274,6409.918221181826,15.334732586559392,14.318745213116495,6424.236966394943,31.44447662497513,6561.020439713585
2275,6409.846447864999,15.334560880059808,14.320431964016336,6424.166879829016,31.444433012621914,6560.950163433921
2276,6409.774682405828,15.33438919235844,14.322126154448089,6424.096808560275,31.444389551767046,6560.879903110462
2277,6409.702924781612,15.334217523400985,14.323827752921867,6424.026752534533,31.44434624196067,6560.809658687062
2278,6409.631174970185,15.334045873134414,14.325536728042367,6423.956711698228,31.444303082754683,6560.739430108211
2279,6409.559432949433,15.333874241505821,14.327253048508819,6423.886685997943,31.444260073702697,6560.669217318549
2280,6409.487698697355,15.333702628462571,14.328976683114945,6423.81667538047,31.44421721436007,6560.599020262936
2281,6409.415972191791,15.333531033951655,14.330707600748909,6423.74667979254,31.444174504283882,6560.5288388861745
2282,6409.344253411191,15.33335945792151,14.332445770393258,6423.676699181584,31.444131943032943,6560.458673133777
2283,6409.272542334024,15.333187900320633,14.3341911611249,6423.6067334951495,31.44408953016778,6560.388522951379
2284,6409.200838938672,15.333016361097302,14.335943742115038,6423.536782680787,31.444047265250635,6560.318388284627
2285,6409.129143204138,15.332844840201288,14.337703482629149,6423.466846686767,31.44400514784547,6560.248269079895
2286,6409.057455109258,15.332673337581957,14.339470352026929,6423.396925461285,31.44396317751794,6560.178165283488
2287,6408.985774632756,15.332501853188411,14.341244319762254,6423.327018952518,31.443921353835414,6560.108076841702
2288,6408.914101753768,15.332330386970735,14.343025355383167,6423.257127109151,31.44387967636696,6560.038003701347
2289,6408.842436451772,15.332158938879838,14.344813428531811,6423.187249880304,31.443838144683344,6559.967945809676
2290,6408.77077870619,15.331987508866483,14.34660850894441,6423.117387215134,31.443796758357024,6559.897903113987
2291,6408.699128496549,15.331816096881695,14.348410566451221,6423.047539063,31.44375551696212,6559.827875561785
2292,6408.627485802219,15.331644702876122,14.350219570976545,6422.977705373195,31.443714420074485,6559.757863100519
2293,6408.555850603661,15.331473326803017,14.352035492538635,6422.9078860962,31.443673467271616,6559.687865678831
2294,6408.484222880604,15.331301968613884,14.353858301249714,6422.838081181853,31.443632658132685,6559.61788324473
2295,6408.412602613039,15.331130628260858,14.355687967315928,6422.768290580355,31.443591992238563,6559.5479157465925
2296,6408.340989781115,15.330959305696448,14.357524461037316,6422.698514242153,31.443551469171773,6559.47796313305
2297,6408.269384365561,15.330788000874547,14.359367752807808,6422.6287521183685,31.443511088516484,6559.408025353415
2298,6408.197786346703,15.330616713748093,14.361217813115164,6422.559004159818,31.443470849858567,6559.338102356703
2299,6408.126195705329,15.330445444271122,14.363074612540988,6422.48927031787,31.443430752785517,6559.268194092488
2300,6408.054612421836,15.330274192396738,14.364938121760671,6422.419550543597,31.443390796886483,6559.198300510054
2301,6407.9830364778445,15.330102958080968,14.366808311543418,6422.349844789388,31.443350981752282,6559.128421560011
2302,6407.911467854049,15.32993174127763,14.368685152752178,6422.280153006801,31.443311306975378,6559.058557192144
2303,6407.8399065314525,15.329760541941274,14.37056861634366,6422.210475147796,31.44327177214985,6558.988707356648
2304,6407.768352491877,15.329589360028413,14.3724586733683,6422.1408111652445,31.44323237687143,6558.918872004635
2305,6407.696805716228,15.329418195493368,14.374355294970258,6422.071161011198,31.4431931207375,6558.849051086406
2306,6407.625266186586,15.329247048293267,14.37625845238738,6422.001524638973,31.443154003347054,6558.779244553532
2307,6407.553733884449,15.329075918383849,14.378168116951215,6421.9319020014,31.443115024300702,6558.709452357108
2308,6407.482208791886,15.328904805722214,14.380084260086987,6421.862293051972,31.443076183200713,6558.639674448896
2309,6407.410690890469,15.328733710264279,14.382006853313577,6421.792697743782,31.443037479650947,6558.569910780264
2310,6407.339180162598,15.328562631967937,14.383935868243524,6421.723116030841,31.442998913256893,6558.500161303508
2311,6407.267676590467,15.328391570790592,14.385871276583021,6421.65354786705,31.442960483625647,6558.4304259708215
2312,6407.196180156793,15.328220526690894,14.387813050131887,6421.583993206925,31.442922190365916,6558.360704735017
2313,6407.12469084331,15.328049499625145,14.389761160783564,6421.514452004094,31.442884033088006,6558.290997548027
2314,6407.05320863338,15.32787848955354,14.391715580525137,6421.444924213904,31.44284601140384,6558.221304363511
2315,6406.981733509319,15.327707496433778,14.393676281437296,6421.375409790757,31.44280812492692,6558.151625134189
2316,6406.910265454133,15.327536520225198,14.395643235694351,6421.305908689827,31.442770373272367,6558.081959813562
2317,6406.838804450885,15.327365560887284,14.397616415564231,6421.2364208664485,31.44273275605687,6558.012308355296
2318,6406.767350482869,15.32719461838007,14.399595793408464,6421.1669462762775,31.442695272898717,6557.942670713387
2319,6406.695903532707,15.32702369266198,14.401581341682178,6421.097484874389,31.442657923417784,6557.873046841256
2320,6406.624463584461,15.326852783694884,14.403573032934124,6421.028036617396,31.442620707235506,6557.80343669387
2321,6406.553030621233,15.326681891438357,14.405570839806652,6420.9586014610395,31.44258362397494,6557.733840225331
2322,6406.4816046267715,15.326511015853521,14.407574735035718,6420.889179361807,31.442546673260658,6557.664257390491
2323,6406.410185584942,15.326340156901775,14.409584691450899,6420.819770276393,31.44250985471886,6557.59468814442
2324,6406.338773479076,15.326169314543243,14.411600681975361,6420.750374161051,31.44247316797727,6557.525132441752
2325,6406.267368293893,15.325998488741371,14.41362267962592,6420.680990973519,31.442436612665205,6557.455590238613
2326,6406.195970012962,15.325827679456847,14.415650657512977,6420.611620670475,31.442400188413522,6557.386061490073
2327,6406.124578620568,15.325656886652077,14.417684588840585,6420.542263209409,31.442363894854644,6557.316546152027
2328,6406.053194101194,15.325486110289939,14.419724446906407,6420.4729185481,31.442327731622548,6557.247044180658
2329,6405.981816439276,15.325315350333197,14.421770205101774,6420.403586644378,31.44229169835276,6557.177555532213
2330,6405.9104456191235,15.325144606744315,14.423821836911628,6420.334267456035,31.44225579468236,6557.108080162903
2331,6405.839081625776,15.324973879487503,14.425879315914587,6420.26496094169,31.442220020249955,6557.038618029777
2332,6405.767724443742,15.324803168525698,14.427942615782928,6420.195667059525,31.4421843746957,6556.969169089451
2333,6405.696374058208,15.324632473823463,14.430011710282592,6420.126385768491,31.442148857661305,6556.899733299318
2334,6405.625030454021,15.324461795344547,14.432086573273214,6420.057117027294,31.442113468789977,6556.83031061653
2335,6405.553693616188,15.324291133053082,14.434167178708108,6419.987860794896,31.4420782077265,6556.760900998506
2336,6405.482363530125,15.324120486914175,14.436253500634297,6419.918617030759,31.44204307411714,6556.691504403169
2337,6405.411040181269,15.323949856892987,14.43834551319253,6419.8493856944615,31.442008067609716,6556.622120788564
2338,6405.339723555074,15.323779242954721,14.440443190617263,6419.780166745691,31.441973187853556,6556.552750112854
2339,6405.268413637006,15.323608645064608,14.44254650723671,6419.710960144243,31.441938434499498,6556.483392334316
2340,6405.19711041291,15.32343806318878,14.444655437472832,6419.641765850382,31.441903807199928,6556.414047411702
2341,6405.125813868309,15.323267497292605,14.446769955841354,6419.572583824151,31.441869305608705,6556.344715303549
2342,6405.054523989424,15.32309694734312,14.448890036951799,6419.503414026375,31.441834929381205,6556.275395969184
2343,6404.983240762067,15.32292641330638,14.451015655507465,6419.434256417574,31.44180067817432,6556.206089367633
2344,6404.911964172601,15.322755895149763,14.453146786305469,6419.365110958906,31.441766551646452,6556.1367954585685
2345,6404.840694207171,15.322585392840121,14.455283404236788,6419.295977611408,31.44173254945747,6556.067514201548
2346,6404.769430851949,15.322414906344378,14.457425484286206,6419.226856336236,31.44169867126876,6555.998245556255
2347,6404.698174093466,15.322244435630301,14.45957300153239,6419.157747094999,31.4416649167432,6555.928989482832
2348,6404.626923918704,15.322073980666756,14.461725931147878,6419.088649849852,31.441631285545146,6555.859745941973
2349,6404.555680313565,15.321903541420012,14.463884248399111,6419.019564561964,31.441597777340455,6555.790514893395
2350,6404.484443265548,15.321733117860163,14.46604792864645,6418.950491194195,31.441564391796447,6555.7212962985095
2351,6404.413212761238,15.321562709955115,14.468216947344176,6418.881429708583,31.44153112858194,6555.652090117914
2352,6404.341988787356,15.321392317673102,14.470391280040534,6418.812380067397,31.441497987367217,6555.582896312444
2353,6404.270771331635,15.321221940984772,14.47257090237774,6418.743342234013,31.441464967824043,6555.513714844047
2354,6404.199560380513,15.321051579857686,14.47475579009199,6418.6743161706045,31.441432069625648,6555.444545673476
2355,6404.128355921779,15.320881234262629,14.476945919013504,6418.605301840793,31.441399292446732,6555.375388762936
2356,6404.05715794278,15.32071090416933,14.479141265066517,6418.536299207846,31.441366635963448,6555.306244074287
2357,6403.985966430649,15.320540589547006,14.48134180426933,6418.467308234918,31.44133409985343,6555.23711156928
2358,6403.9147813734435,15.320370290367089,14.483547512734308,6418.398328886178,31.441301683795757,6555.16799121069
2359,6403.843602758508,15.3202000065993,14.485758366667906,6418.329361125176,31.44126938747096,6555.098882960674
2360,6403.772430574013,15.320029738215343,14.487974342370691,6418.260404916384,31.441237210561024,6555.029786782325
2361,6403.701264807542,15.319859485185509,14.490195416237379,6418.191460223779,31.4412051527494,6554.960702638239
2362,6403.630105447009,15.319689247480882,14.492421564756814,6418.122527011766,31.441173213720962,6554.891630491452
2363,6403.558952480872,15.319519025073857,14.494652764512047,6418.0536052453845,31.441141393162034,6554.82257030564
2364,6403.487805896881,15.319348817935122,14.496888992180292,6417.984694889061,31.44110969076038,6554.7535220438685
2365,6403.416665683747,15.319178626037672,14.499130224533005,6417.9157959082795,31.44107810620521,6554.684485670272
2366,6403.345531829318,15.319008449352436,14.501376438435882,6417.846908267754,31.441046639187153,6554.615461148218
2367,6403.2744043227685,15.318838287853513,14.503627610848874,6417.778031933617,31.441015289398283,6554.546448442499
2368,6403.203283152145,15.318668141512308,14.505883718826205,6417.709166870971,31.440984056532088,6554.477447516885
2369,6403.132168306339,15.318498010302246,14.508144739516432,6417.640313045856,31.44095294028349,6554.408458336089
2370,6403.06105977406,15.318327894196315,14.510410650162422,6417.571470424222,31.44092194034883,6554.339480864739
2371,6402.989957544018,15.318157793167506,14.512681428101395,6417.502638972119,31.440891056425862,6554.270515067571
2372,6402.918861605365,15.31798770718987,14.514957050764941,6417.43381865613,31.440860288213777,6554.20156090986
2373,6402.847771946848,15.317817636236478,14.517237495679051,6417.3650094425275,31.44082963541315,6554.132618356574
2374,6402.7766885580695,15.317647580282463,14.519522740464126,6417.296211298533,31.44079909772599,6554.063687373641
2375,6402.705611427844,15.317477539301063,14.521812762835003,6417.227424190679,31.440768674855697,6553.994767926301
2376,6402.63454054575,15.317307513267343,14.524107540600982,6417.158648086351,31.440738366507073,6553.925859980656
2377,6402.563475901017,15.317137502155544,14.526407051665846,6417.089882952683,31.44070817238635,6553.856963502564
2378,6402.492417483198,15.316967505940664,14.52871127402787,6417.021128757226,31.440678092201125,6553.7880784583
2379,6402.421365281977,15.316797524598032,14.531020185779884,6416.952385467757,31.440648125660392,6553.71920481438
2380,6402.350319286752,15.316627558102278,14.53333376510922,6416.883653051861,31.440618272474573,6553.650342537126
2381,6402.279279487594,15.316457606429651,14.535651990297813,6416.814931477892,31.44058853235544,6553.581491593638
2382,6402.208245874099,15.31628766955526,14.537974839722168,6416.746220713821,31.440558905016168,6553.512651950641
2383,6402.137218436503,15.316117747455749,14.540302291853402,6416.677520728356,31.44052939017131,6553.4438235756015
2384,6402.066197164487,15.315947840106428,14.542634325257266,6416.608831489744,31.44049998753681,6553.375006435529
2385,6401.995182048524,15.315777947484507,14.544970918594176,6416.540152967118,31.44047069682999,6553.3062004983285
2386,6401.9241730784215,15.315608069565602,14.54731205061919,6416.471485129041,31.44044151776951,6553.237405731338
2387,6401.853170244751,15.315438206327155,14.54965770018208,6416.402827944933,31.44041245007547,6553.168622102761
2388,6401.782173537893,15.315268357746156,14.552007846227317,6416.334181384121,31.440383493469277,6553.099849580712
2389,6401.711182948022,15.315098523799096,14.554362467794114,6416.265545415816,31.440354647673736,6553.031088133196
2390,6401.64019846607,15.31492870446428,14.556721544016426,6416.196920010086,31.440325912413,6552.962337729083
2391,6401.569220082398,15.314758899718655,14.55908505412298,6416.128305136521,31.440297287412605,6552.8935983367655
2392,6401.498247787757,15.314589109540087,14.561452977437296,6416.059700765194,31.440268772399413,6552.824869925132
2393,6401.4272815727545,15.31441933390611,14.5638252933777,6415.991106866132,31.44024036710168,6552.756152463025
2394,6401.356321428859,15.314249572796314,14.566201981457338,6415.922523410316,31.44021207124897,6552.687445920249
2395,6401.285367346384,15.314079826187522,14.568583021284208,6415.853950367668,31.440183884572225,6552.6187502655575
2396,6401.2144193166605,15.313910094058997,14.570968392561161,6415.785387709222,31.440155806803716,6552.5500654688185
2397,6401.14347733083,15.313740376389546,14.573358075085936,6415.716835405916,31.44012783767708,6552.481391499811
2398,6401.072541379655,15.31357067315707,14.575752048751148,6415.648293428407,31.44009997692728,6552.41272832804
2399,6401.001611454988,15.313400984342076,14.57815029354435,6415.579761748532,31.440072224290603,6552.344075924197
2400,6400.9306875481925,15.313231309923905,14.580552789547996,6415.511240337741,31.4400445795047,6552.275434258586
2401,6400.859769650113,15.313061649880654,14.582959516939503,6415.442729167053,31.440017042308533,6552.206803301095
2402,6400.78885775288,15.312892004193493,14.585370455991235,6415.3742282088715,31.43998961244239,6552.138183022996
2403,6400.7179518478615,15.312722372841774,14.587785587070542,6415.305737434932,31.43996228964791,6552.0695733949005
2404,6400.647051926607,15.31255275580528,14.590204890639725,6415.237256817247,31.439935073668025,6552.000974387703
2405,6400.576157980825,15.312383153064175,14.592628347256134,6415.168786328081,31.439907964247,6551.9323859725555
2406,6400.505270002643,15.312213564599624,14.595055937572099,6415.100325940215,31.439880961130427,6551.863808121132
2407,6400.434387983638,15.312043990391478,14.597487642334986,6415.031875625973,31.439854064065194,6551.795240804657
2408,6400.363511915957,15.31187443042095,14.599923442387201,6414.963435358344,31.439827272799526,6551.7266839950225
2409,6400.29264179195,15.311704884669737,14.602363318666205,6414.895005110616,31.439800587082928,6551.658137664426
2410,6400.221777603345,15.31153535311805,14.604807252204509,6414.826584855549,31.439774006666227,6551.589601784547
2411,6400.150919342307,15.311365835747146,14.607255224129698,6414.7581745664365,31.439747531301556,6551.521076327598
2412,6400.080067001276,15.311196332538938,14.60970721566445,6414.68977421694,31.439721160742337,6551.452561266169
2413,6400.009220572639,15.311026843475211,14.612163208126512,6414.621383780765,31.439694894743305,6551.384056572899
2414,6399.938380048783,15.310857368537759,14.614623182928748,6414.553003231712,31.439668733060465,6551.315562220525
2415,6399.867545422003,15.310687907708141,14.61708712157913,6414.484632543582,31.439642675451147,6551.247078181795
2416,6399.796716685363,15.310518460969769,14.61955500568074,6414.416271691044,31.439616721673943,6551.178604430326
2417,6399.7258938310215,15.310349028303879,14.62202681693178,6414.347920647953,31.439590871488754,6551.110140938929
2418,6399.655076852014,15.310179609693813,14.624502537125586,6414.279579389139,31.43956512465673,6551.041687681396
2419,6399.584265740885,15.310010205121735,14.626982148150624,6414.211247889036,31.439539480940333,6550.973244631126
2420,6399.513460490669,15.309840814570979,14.629465631990515,6414.142926122659,31.439513940103296,6550.904811762109
2421,6399.442661094186,15.309671438024369,14.631952970724004,6414.074614064911,31.439488501910624,6550.836389048222
2422,6399.371867544435,15.309502075465156,14.634444146524997,6414.0063116909605,31.439463166128597,6550.76797646362
2423,6399.301079834597,15.309332726877026,14.636939141662534,6413.93801897626,31.439437932524747,6550.699573982743
2424,6399.230297957947,15.309163392243892,14.639437938500828,6413.869735896448,31.4394128008679,6550.631181580224
2425,6399.1595219074625,15.308994071548954,14.641940519499222,6413.801462426962,31.43938777092813,6550.562799230499
2426,6399.0887516762505,15.30882476477572,14.644446867212238,6413.733198543463,31.43936284247677,6550.494426908237
2427,6399.017987257934,15.308655471908933,14.646956964289537,6413.664944222223,31.43933801528641,6550.426064588719
2428,6398.947228645963,15.308486192932927,14.649470793475942,6413.596699439439,31.439313289130915,6550.357712247159
2429,6398.876475833775,15.308316927831997,14.651988337611419,6413.528464171386,31.439288663785376,6550.289369858852
2430,6398.805728814816,15.308147676590469,14.654509579631096,6413.460238394447,31.439264139026157,6550.22103739921
2431,6398.734987582666,15.307978439192981,14.657034502565246,6413.3920220852315,31.43923971463084,6550.152714843875
2432,6398.664252131322,15.307809215625173,14.659563089539262,6413.323815220861,31.439215390378276,6550.084402169007
2433,6398.593522454215,15.30764000587133,14.662095323773713,6413.255617777989,31.439191166048552,6550.0160993503005
2434,6398.522798545323,15.30747080991704,14.664631188584272,6413.187429733907,31.439167041422984,6549.947806364097
2435,6398.452080398426,15.30730162774743,14.667170667381743,6413.1192510658075,31.439143016284135,6549.879523186643
2436,6398.381368007504,15.307132459348095,14.669713743672057,6413.051081751176,31.43911909041578,6549.811249794485
2437,6398.31066136672,15.306963304705071,14.672260401056253,6412.982921767776,31.439095263602965,6549.742986164449
2438,6398.239960469844,15.306794163803454,14.674810623230481,6412.914771093075,31.43907153563191,6549.6747322730735
2439,6398.169265311278,15.306625036629852,14.67736439398597,6412.846629705264,31.439047906290106,6549.6064880976255
2440,6398.098575885123,15.30645592317015,14.679921697209032,6412.778497582332,31.439024375366223,6549.538253615176
2441,6398.027892185936,15.30628682341133,14.682482516881056,6412.710374702818,31.43900094265019,6549.470028803346
2442,6397.957214207454,15.306117737338406,14.685046837078481,6412.6422610445325,31.438977607933133,6549.401813639041
2443,6397.886541944472,15.305948664938928,14.687614641972807,6412.574156586445,31.438954371007366,6549.333608100326
2444,6397.815875391398,15.305779606199517,14.69018591583055,6412.506061307228,31.438931231666466,6549.2654121649775
2445,6397.745214542866,15.305610561107335,14.692760643013257,6412.43797518588,31.438908189705167,6549.197225811097
2446,6397.674559393132,15.305441529648641,14.695338807977452,6412.369898201109,31.438885244919447,6549.129049016508
2447,6397.603909937065,15.30527251181116,14.697920395274668,6412.30183033234,31.438862397106455,6549.060881759753
2448,6397.53326616939,15.305103507582274,14.700505389551378,6412.233771558941,31.43883964606455,6548.992724019322
2449,6397.462628084774,15.30493451694922,14.703093775549013,6412.165721860323,31.438816991593292,6548.9245757737535
2450,6397.391995677875,15.304765539899222,14.705685538103934,6412.097681215979,31.43879443349343,6548.856437001676
2451,6397.321368944192,15.304596576421512,14.708280662147395,6412.029649606339,31.4387719715669,6548.788307682656
2452,6397.250747877998,15.304427626502388,14.710879132705546,6411.9616270107035,31.438749605616835,6548.720187795137
2453,6397.180132474618,15.304258690130666,14.7134809348994,6411.8936134095175,31.43872733544753,6548.652077318714
2454,6397.109522729172,15.30408976729467,14.716086053944785,6411.825608783117,31.438705160864494,6548.583976232878
2455,6397.038918636412,15.303920857981847,14.718694475152368,6411.757613111564,31.438683081674387,6548.515884516847
2456,6396.968320191836,15.303751962181426,14.721306183927584,6411.6896263757635,31.43866109768506,6548.447802150694
2457,6396.897727390746,15.303583079882166,14.72392116577064,6411.621648556516,31.43863920870553,6548.379729114386
2458,6396.8271402282035,15.303414211072257,14.726539406276471,6411.5536796344795,31.438617414545988,6548.311665387754
2459,6396.756558699695,15.303245355740899,14.729160891134716,6411.48571959083,31.438595715017794,6548.243610951157
2460,6396.685982800667,15.303076513877194,14.731785606129687,6411.417768406797,31.43857410993347,6548.175565785008
2461,6396.615412526497,15.302907685470087,14.734413537140343,6411.349826063637,31.43855259910669,6548.1075298697515
2462,6396.544847872515,15.302738870508408,14.737044670140246,6411.281892542655,31.438531182352314,6548.039503185888
2463,6396.474288834917,15.302570068983057,14.73967899119755,6411.213967826115,31.438509859486327,6547.97148571488
2464,6396.403735408572,15.302401280881751,14.742316486474946,6411.146051895047,31.438488630325892,6547.903477436965
2465,6396.3331875897475,15.302232506195567,14.744957142229644,6411.078144731977,31.4384674946893,6547.8354783338755
2466,6396.262645373993,15.302063744913859,14.747600944813309,6411.010246318807,31.438446452396,6547.767488386729
2467,6396.192108757141,15.301894997026652,14.750247880672049,6410.942356637813,31.438425503266608,6547.699507577023
2468,6396.121577734985,15.301726262523887,14.752897936346383,6410.874475671331,31.438404647122834,6547.631535886316
2469,6396.051052303646,15.301557541396283,14.755551098471178,6410.806603402118,31.438383883787573,6547.563573296594
2470,6395.980532458539,15.301388833632867,14.75820735377563,6410.738739812315,31.438363213084827,6547.495619789233
2471,6395.9100181963195,15.301220139225645,14.760866689083203,6410.670884885402,31.438342634839746,6547.427675346955
2472,6395.839509512784,15.301051458164556,14.763529091311607,6410.603038604096,31.438322148878598,6547.3597399517175
2473,6395.769006404203,15.300882790440676,14.766194547472725,6410.5352009516755,31.4383017550288,6547.291813586051
2474,6395.698508866581,15.300714136044451,14.76886304467261,6410.467371911253,31.43828145311887,6547.223896232321
2475,6395.6280168962385,15.300545494967078,14.771534570111402,6410.39955146635,31.438261242978463,6547.155987873307
2476,6395.55753048947,15.30037686719969,14.774209111083296,6410.331739600553,31.43824112443834,6547.08808849186
2477,6395.487049642719,15.300208252733778,14.776886654976504,6410.263936297696,31.43822109733039,6547.0201980710835
2478,6395.416574351907,15.300039651559587,14.779567189273191,6410.196141541181,31.438201161487616,6546.952316593652
2479,6395.346104614284,15.299871063670535,14.782250701549422,6410.128355315834,31.438181316744128,6546.884444043671
2480,6395.275640425614,15.299702489056493,14.784937179475115,6410.06057760509,31.43816156293513,6546.816580403857
2481,6395.2051817828105,15.299533927710073,14.787626610814007,6409.992808393625,31.438141899896955,6546.748725658176
2482,6395.13472868257,15.299365379623374,14.790318983423585,6409.925047665994,31.438122327467035,6546.680879790475
2483,6395.064281121294,15.299196844787785,14.793014285255019,6409.8572954065485,31.438102845483876,6546.613042784404
2484,6394.993839095787,15.299028323195662,14.79571250435313,6409.78955160014,31.4380834537871,6546.545214624114
2485,6394.923402602696,15.298859814838986,14.798413628856313,6409.721816231552,31.43806415221743,6546.477395293698
2486,6394.852971639042,15.298691319710628,14.801117646996495,6409.6540892860385,31.438044940616656,6546.409584777721
2487,6394.782546201616,15.29852283780291,14.803824547099065,6409.586370748715,31.438025818827676,6546.341783060616
2488,6394.712126287382,15.298354369108567,14.806534317582818,6409.518660604965,31.43800678669446,6546.273990127085
2489,6394.641711892833,15.298185913619218,14.809246946959888,6409.450958839793,31.437987844062068,6546.206205961464
2490,6394.571303015643,15.29801747132929,14.811962423835698,6409.383265439479,31.437968990776646,6546.1384305493575
2491,6394.50089965256,15.297849042231006,14.814680736908894,6409.315580389469,31.437950226685384,6546.07066387555
2492,6394.430501800655,15.297680626317357,14.81740187497126,6409.247903675627,31.437931551636588,6546.002905925246
2493,6394.360109457104,15.297512223581588,14.82012582690768,6409.180235284011,31.437912965479597,6545.935156683848
2494,6394.289722619068,15.297343834016909,14.822852581696038,6409.112575200764,31.437894468064847,6545.867416136846
2495,6394.2193412839115,15.297175457617014,14.825582128407202,6409.044923412319,31.437876059243823,6545.7996842700295
2496,6394.148965448767,15.29700709437504,14.828314456204888,6408.9772799049715,31.437857738869077,6545.731961069052
2497,6394.078595111356,15.296838744285541,14.831049554345634,6408.909644665701,31.437839506794216,6545.664246520256
2498,6394.00823026873,15.296670407341459,14.83378741217872,6408.842017680909,31.437821362873905,6545.59654060941
2499,6393.937870918381,15.296502083536797,14.836528019146096,6408.774398937528,31.437803306963858,6545.528843322821
2500,6393.867517057792,15.29633377286553,14.839271364782288,6408.706788422574,31.437785338920854,6545.4611546468805
2501,6393.797168684571,15.29616547532194,14.842017438714363,6408.639186123286,31.4377674586027,6545.393474568208
2502,6393.726825796098,15.295997190899755,14.844766230661815,6408.571592026759,31.437749665868257,6545.325803073286
2503,6393.656488390527,15.29582891959456,14.847517730436497,6408.504006120963,31.43773196057743,6545.2581401494745
2504,6393.586156465009,15.295660661399541,14.850271927942547,6408.436428392951,31.43771434259118,6545.190485783222
2505,6393.51583001758,15.29549241631,14.853028813176321,6408.368858830756,31.437696811771453,6545.122839961961
2506,6393.445509045854,15.295324184320226,14.855788376226275,6408.30129742208,31.437679367981268,6545.055202672798
2507,6393.375193547699,15.295155965425119,14.858550607272932,6408.233744154973,31.437662011084672,6544.98757390319
2508,6393.30488352079,15.294987759619115,14.861315496588755,6408.166199017379,31.437644740946737,6544.919953640497
2509,6393.234578963415,15.294819566898122,14.864083034538085,6408.098661997953,31.43762755743355,6544.852341872789
2510,6393.164279873217,15.2946513872565,14.866853211577041,6408.031133084794,31.43761046041223,6544.7847385875875
2511,6393.09398624839,15.294483220689928,14.86962601825346,6407.963612266643,31.437593449750906,6544.717143773059
2512,6393.023698086974,15.294315067193718,14.872401445206783,6407.89609953218,31.43757652531872,6544.649557417317
2513,6392.953415387108,15.294146926763418,14.875179483167972,6407.828594870276,31.437559686985843,6544.5819795086645
2514,6392.883138146481,15.293978799393495,14.877960122959433,6407.7610982694405,31.437542934623444,6544.514410035053
2515,6392.812866363747,15.293810685080734,14.880743355494898,6407.693609719242,31.43752626810371,6544.4468489854935
2516,6392.742600037052,15.293642583820699,14.883529171779362,6407.626129208832,31.43750968729981,6544.379296348587
2517,6392.672339164445,15.293474495608718,14.886317562908966,6407.558656727353,31.43749319208594,6544.311752112927
2518,6392.602083744647,15.293306420441738,14.88910852007093,6407.491192264718,31.43747678233728,6544.244216267885
2519,6392.531833775897,15.293138358315543,14.89190203454342,6407.423735810441,31.437460457930015,6544.176688802437
2520,6392.4615892561105,15.292970309225145,14.894698097695475,6407.356287353806,31.437444218741305,6544.109169705331
2521,6392.39135018428,15.292802273168133,14.897496700986911,6407.288846885267,31.43742806464932,6544.041658966492
2522,6392.321116558728,15.292634250140498,14.900297835968201,6407.221414394697,31.43741199553321,6543.9741565752665
2523,6392.250888378064,15.292466240138909,14.903101494280408,6407.153989872344,31.437396011273112,6543.906662521382
2524,6392.180665640644,15.292298243159436,14.905907667655034,6407.086573308299,31.43738011175013,6543.839176794412
2525,6392.1104483454055,15.292130259199535,14.908716347913977,6407.01916469332,31.43736429684636,6543.771699384602
2526,6392.040236490876,15.291962288255684,14.911527526969389,6406.951764017846,31.437348566444882,6543.704230281881
2527,6391.970030075649,15.291794330324521,14.914341196823568,6406.884371272473,31.437332920429725,6543.636769476342
2528,6391.899829098557,15.291626385403248,14.917157349568868,6406.816986448126,31.437317358685902,6543.56931695841
2529,6391.829633558478,15.291458453489183,14.919975977387598,6406.749609535866,31.437301881099394,6543.501872718648
2530,6391.759443454186,15.291290534579392,14.922797072551884,6406.682240526738,31.43728648755714,6543.4344367476115
2531,6391.689258784576,15.291122628671234,14.925620627423582,6406.614879412,31.437271177947057,6543.367009036069
2532,6391.619079548594,15.290954735762186,14.928446634454167,6406.547526183048,31.43725595215799,6543.299589574935
2533,6391.548905744942,15.290786855849143,14.931275086184622,6406.480180831127,31.43724081007976,6543.232178354973
2534,6391.478737373172,15.290618988931035,14.934105975245313,6406.4128433484175,31.437225751603144,6543.164775367891
2535,6391.408574431851,15.290451135004428,14.936939294355891,6406.345513726207,31.437210776619857,6543.097380604504
2536,6391.338416920244,15.290283294067569,14.939775036325177,6406.278191956569,31.437195885022568,6543.029994056416
2537,6391.268264837433,15.29011546611826,14.942613194051013,6406.210878031484,31.437181076704885,6542.96261571515
2538,6391.198118182742,15.289947651154886,14.945453760520195,6406.143571943263,31.43716635156136,6542.895245572555
2539,6391.127976955266,15.289779849175277,14.948296728808323,6406.076273684074,31.43715170948748,6542.827883620344
2540,6391.057841154345,15.289612060177857,14.951142092079683,6406.008983246425,31.437137150379677,6542.760529850576
2541,6390.987710779072,15.289444284160458,14.953989843587134,6405.941700622659,31.437122674135303,6542.693184255148
2542,6390.917585829049,15.289276521122128,14.956839976671993,6405.874425805721,31.43710828065265,6542.6258468265605
2543,6390.847466303592,15.289108771061226,14.959692484763904,6405.807158788356,31.437093969830926,6542.5585175571205
2544,6390.777352201868,15.28894103397576,14.962547361380711,6405.739899563248,31.43707974157027,6542.491196439079
2545,6390.707243523689,15.288773309865284,14.965404600128348,6405.672648123817,31.43706559577175,6542.423883465424
2546,6390.637140268551,15.28860559872859,14.968264194700696,6405.605404463252,31.43705153233733,6542.356578628919
2547,6390.567042435661,15.288437900563784,14.971126138879455,6405.538168574541,31.437037551169908,6542.28928192213
2548,6390.496950024999,15.288270215370812,14.973990426534051,6405.470940451533,31.437023652173288,6542.221993338487
2549,6390.426863035762,15.288102543147756,14.976857051621463,6405.403720087384,31.43700983525218,6542.154712870731
2550,6390.356781468309,15.287934883895476,14.979726008186113,6405.336507476495,31.43699610031222,6542.087440512853
2551,6390.286705321581,15.287767237611439,14.982597290359752,6405.269302611941,31.436982447259922,6542.020176257522
2552,6390.216634595761,15.28759960429608,14.985470892361295,6405.2021054881225,31.43696887600271,6541.9529200987345
2553,6390.146569290662,15.287431983948952,14.988346808496715,6405.1349160991585,31.43695538644891,6541.885672030211
2554,6390.076509405917,15.28726437656918,14.991225033158903,6405.067734439076,31.436941978507747,6541.818432045585
2555,6390.006454941313,15.287096782156251,14.994105560827515,6405.000560502141,31.436928652089332,6541.7512001387295
2556,6389.93640589726,15.286929200711148,14.996988386068853,6404.933394283328,31.43691540710465,6541.6839763042335
2557,6389.866362272977,15.286761632232004,14.999873503535744,6404.866235776513,31.43690224346561,6541.616760535589
2558,6389.796324069037,15.286594076720185,15.002760907967359,6404.799084977004,31.436889161084984,6541.549552827723
2559,6389.726291285417,15.286426534175638,15.00565059418912,6404.731941879606,31.436876159876405,6541.482353175068
2560,6389.656263921995,15.286259004598074,15.008542557112541,6404.664806479107,31.436863239754427,6541.415161572038
2561,6389.58624197873,15.286091487987392,15.011436791735077,6404.597678770465,31.436850400634437,6541.347978013225
2562,6389.516225456272,15.285923984345148,15.01433329313999,6404.530558749412,31.43683764243273,6541.280802493995
2563,6389.446214354386,15.28575649367078,15.017232056496228,6404.463446410882,31.436824965066446,6541.213635008921
2564,6389.376208673365,15.285589015964987,15.02013307705825,6404.396341750423,31.436812368453612,6541.146475553196
2565,6389.306208413732,15.285421551229023,15.023036350165901,6404.329244763898,31.436799852513094,6541.07932412233
2566,6389.236213575629,15.285254099463229,15.025941871244262,6404.262155446873,31.43678741716464,6541.012180711539
2567,6389.166224159237,15.28508666066803,15.028849635803494,6404.19507379504,31.436775062328856,6540.945045316171
2568,6389.096240165152,15.284919234844862,15.031759639438715,6404.127999804591,31.436762787927183,6540.8779179320745
2569,6389.02626159385,15.284751821994856,15.034671877829833,6404.06093347168,31.43675059388194,6540.810798555067
2570,6388.956288445482,15.284584422118378,15.037586346741396,6403.993874792223,31.43673848011628,6540.7436871807295
2571,6388.886320720877,15.284417035217409,15.040503042022454,6403.926823762899,31.43672644655421,6540.67658380541
2572,6388.816358420482,15.28424966129302,15.043421959606402,6403.8597803800885,31.436714493120572,6540.609488425163
2573,6388.74640154488,15.284082300346604,15.046343095510819,6403.792744640391,31.436702619741073,6540.542401036265
2574,6388.676450094656,15.28391495237956,15.049266445837333,6403.725716540493,31.43669082634223,6540.475321635081
2575,6388.60650407037,15.28374761739323,15.052192006771463,6403.658696077141,31.43667911285141,6540.4082502180445
2576,6388.536563473006,15.283580295389967,15.055119774582462,6403.591683247589,31.436667479196817,6540.341186782095
2577,6388.466628303161,15.283412986371198,15.058049745623162,6403.524678048784,31.43665592530747,6540.274131323871
2578,6388.396698561172,15.283245690337733,15.060981916329816,6403.457680477502,31.43664445111323,6540.207083839845
2579,6388.326774248601,15.283078407293305,15.063916283221964,6403.390690531824,31.436633056544782,6540.1400443277935
2580,6388.256855365888,15.282911137238967,15.066852842902234,6403.323708208791,31.436621741533617,6540.073012784462
2581,6388.18694191416,15.282743880177417,15.069791592056212,6403.256733506217,31.43661050601207,6540.00598920737
2582,6388.117033893958,15.282576636109948,15.072732527452274,6403.18976642141,31.436599349913273,6539.938973593533
2583,6388.04713130663,15.282409405039784,15.075675645941448,6403.122806952571,31.436588273171175,6539.871965940866
2584,6387.977234152896,15.28224218696865,15.078620944457203,6403.055855097353,31.43657727572054,6539.804966246737
2585,6387.9073424342105,15.282074981900026,15.081568420015369,6402.988910854226,31.436566357496936,6539.737974509338
2586,6387.837456151144,15.281907789835271,15.08451806971387,6402.921974220858,31.436555518436744,6539.670990726057
2587,6387.767575305075,15.281740610777693,15.087469890732653,6402.855045195808,31.43654475847714,6539.604014895183
2588,6387.697699897289,15.281573444730356,15.090423880333475,6402.788123777622,31.436534077556097,6539.537047014991
2589,6387.627829928801,15.281406291695696,15.09338003585976,6402.72120996466,31.436523475612393,6539.470087083574
2590,6387.557965400786,15.281239151676521,15.096338354736421,6402.654303755523,31.436512952585584,6539.40313509927
2591,6387.48810631479,15.28107202467653,15.099298834469696,6402.587405149259,31.436502508416048,6539.336191060869
2592,6387.418252671969,15.28090491069849,15.10226147264699,6402.520514144616,31.436492143044923,6539.269254966861
2593,6387.348404473711,15.28073780974572,15.10522626693671,6402.453630740647,31.43648185641414,6539.202326816048
2594,6387.278561721367,15.280570721821451,15.10819321508807,6402.386754936455,31.43647164846643,6539.135406607284
2595,6387.208724416279,15.280403646928898,15.111162314930946,6402.31988673121,31.43646151914527,6539.068494339493
2596,6387.138892559882,15.280236585071489,15.114133564375717,6402.253026124258,31.436451468394942,6539.001590011776
2597,6387.069066154091,15.280069536253807,15.117106961413068,6402.186173115504,31.436441496160505,6538.934693623803
2598,6386.999245200201,15.279902500478949,15.120082504113832,6402.119327704315,31.436431602387763,6538.867805174702
2599,6386.929429699577,15.279735477750183,15.123060190628827,6402.052489890206,31.436421787023328,6538.8009246637575
2600,6386.85961965409,15.279568468071986,15.126040019188657,6401.985659673279,31.43641205001454,6538.734052090842
2601,6386.7898150654,15.279401471448326,15.12902198810358,6401.918837053504,31.436402391309525,6538.6671874557005
2602,6386.720015935176,15.279234487883196,15.132006095763275,6401.852022030939,31.43639281085717,6538.600330758168
2603,6386.650222265167,15.279067517380783,15.13499234063675,6401.785214605804,31.43638330860711,6538.5334819982445
2604,6386.580434057025,15.278900559945036,15.137980721272093,6401.718414778297,31.43637388450974,6538.466641175914
2605,6386.510651312627,15.278733615580446,15.14097123629633,6401.651622548923,31.436364538516226,6538.399808291469
2606,6386.440874033926,15.278566684291688,15.143963884415253,6401.584837918341,31.436355270578453,6538.332983345357
2607,6386.371102222644,15.278399766082881,15.14695866441323,6401.518060887058,31.43634608064907,6538.266166337881
2608,6386.301335880729,15.278232860958683,15.149955575153019,6401.451291455883,31.436336968681474,6538.199357269647
2609,6386.231575010337,15.27806596892425,15.152954615575624,6401.384529625912,31.4363279346298,6538.132556141552
2610,6386.161819613358,15.277899089984109,15.1559557847001,6401.317775398058,31.436318978448917,6538.065762954311
2611,6386.092069691551,15.277732224142467,15.158959081623333,6401.251028773174,31.436310100094445,6537.998977708585
2612,6386.0223252475225,15.277565371405556,15.161964505519943,6401.184289753042,31.43630129952272,6537.932200405966
2613,6385.952586282979,15.277398531777461,15.164972055642032,6401.117558338621,31.436292576690832,6537.865431047227
2614,6385.882852800384,15.277231705264077,15.167981731319045,6401.050834531703,31.436283931556577,6537.798669633974
2615,6385.813124801616,15.277064891869895,15.17099353195756,6400.984118333574,31.43627536407849,6537.731916167315
2616,6385.743402288948,15.276898091600355,15.174007457041135,6400.917409745989,31.436266874215832,6537.665170648828
2617,6385.6736852650465,15.276731304461833,15.177023506130114,6400.850708771177,31.436258461928574,6537.598433080566
2618,6385.603973731642,15.276564530458474,15.180041678861436,6400.784015410503,31.436250127177413,6537.531703463725
2619,6385.5342676916525,15.276397769597255,15.183061974948462,6400.717329666601,31.43624186992376,6537.464981800769
2620,6385.464567146932,15.276231021882612,15.186084394180783,6400.650651541112,31.436233690129736,6537.398268093177
2621,6385.394872100286,15.276064287321258,15.189108936424049,6400.583981036711,31.436225587758184,6537.331562343459
2622,6385.325182553917,15.275897565918463,15.19213560161976,6400.517318155537,31.43621756277264,6537.264864553598
2623,6385.255498510529,15.275730857680692,15.195164389785115,6400.4506629003145,31.436209615137344,6537.198174726162
2624,6385.185819972577,15.27556416261382,15.198195301012802,6400.384015273589,31.43620174481726,6537.131492863545
2625,6385.116146942413,15.275397480723477,15.201228335470827,6400.317375277884,31.436193951778023,6537.064818968118
2626,6385.0464794230475,15.27523081201686,15.2042634934023,6400.25074291645,31.436186235985986,6536.998153042989
2627,6384.976817416966,15.275064156499917,15.20730077512528,6400.184118192091,31.436178597408194,6536.9314950908165
2628,6384.907160926713,15.27489751417874,15.210340181032581,6400.117501107746,31.436171036012368,6536.8648451144
2629,6384.837509955218,15.274730885060329,15.213381711591571,6400.05089166681,31.436163551766942,6536.798203116996
2630,6384.767864505095,15.274564269150945,15.216425367343987,6399.984289872438,31.436156144641018,6536.7315691016265
2631,6384.698224579237,15.274397666457505,15.219471148905754,6399.9176957281425,31.436148814604397,6536.664943071672
2632,6384.628590180656,15.274231076987215,15.222519056966807,6399.851109237623,31.436141561627547,6536.598325030703
2633,6384.558961311652,15.274064500745578,15.225569092290865,6399.784530403943,31.436134385681626,6536.531714981658
2634,6384.489337975755,15.27389793774104,15.22862125571528,6399.717959231471,31.43612728673847,6536.465112928783
2635,6384.419720175683,15.273731387980103,15.231675548150847,6399.651395723834,31.436120264770565,6536.398518875586
2636,6384.35010791446,15.273564851469999,15.23473197058157,6399.584839885041,31.436113319751104,6536.331932825959
2637,6384.280501195079,15.273398328217892,15.237790524064517,6399.518291719143,31.43610645165393,6536.265354783838
2638,6384.210900020671,15.27323181823127,15.240851209729598,6399.451751230401,31.436099660453554,6536.198784753374
2639,6384.141304394059,15.273065321516889,15.2439140287794,6399.385218422839,31.43609294612515,6536.1322227384835
2640,6384.071714318889,15.272898838083465,15.246978982488983,6399.318693301378,31.436086308644548,6536.065668743981
2641,6384.002129797864,15.272732367937474,15.25004607220567,6399.25217587007,31.436079747988245,6535.999122773818
2642,6383.932550834845,15.272565911088146,15.253115299348895,6399.1856661341935,31.436073264133405,6535.932584833174
2643,6383.862977432333,15.272399467541465,15.256186665409967,6399.119164097742,31.436066857057817,6535.866054925944
2644,6383.79340959419,15.272233037306675,15.259260171951915,6399.052669766142,31.43606052673995,6535.79953305746
2645,6383.723847323472,15.272066620391081,15.262335820609271,6398.986183144081,31.436054273158895,6535.7330192323225
2646,6383.654290623528,15.271900216802699,15.26541361308789,6398.919704236616,31.436048096294417,6535.666513455497
2647,6383.584739497917,15.271733826550042,15.268493551164749,6398.8532330490825,31.436041996126896,6535.600015732234
2648,6383.515193950258,15.271567449641767,15.27157563668774,6398.786769586946,31.436035972637377,6535.5335260679185
2649,6383.445653983702,15.271401086085412,15.274659871575508,6398.720313855278,31.436030025807533,6535.46704446754
2650,6383.376119601962,15.271234735889863,15.277746257817238,6398.653865859779,31.436024155619673,6535.400570936725
2651,6383.306590808557,15.271068399063534,15.28083479747244,6398.58742560603,31.436018362056735,6535.334105480976
2652,6383.2370676072815,15.270902075615506,15.283925492670802,6398.520993099953,31.43601264510231,6535.267648106148
2653,6383.167550001408,15.270735765553608,15.28701834561195,6398.45456834702,31.43600700474059,6535.201198817641
2654,6383.0980379949,15.27056946888732,15.290113358565286,6398.388151353465,31.4360014409564,6535.134757621626
2655,6383.028531591348,15.270403185625234,15.293210533869763,6398.3217421252175,31.43599595373521,6535.068324523965
2656,6382.959030794697,15.270236915776788,15.296309873933714,6398.255340668631,31.43599054306308,6535.001899530956
2657,6382.889535608723,15.270070659351013,15.299411381234634,6398.188946989958,31.435985208926716,6534.935482648789
2658,6382.820046037121,15.269904416356749,15.302515058319013,6398.12256109544,31.435979951313428,6534.869073883653
2659,6382.750562083771,15.26973818680328,15.305620907802107,6398.056182991573,31.435974770211132,6534.802673241991
2660,6382.681083752697,15.269571970700232,15.308728932367774,6397.989812685065,31.435969665608376,6534.736280730462
2661,6382.611611047945,15.269405768057284,15.31183913476825,6397.923450182713,31.4359646374943,6534.669896355814
2662,6382.542143973215,15.26923957888329,15.314951517823962,6397.857095491039,31.435959685858663,6534.603520124524
2663,6382.4726825330345,15.269073403189077,15.318066084423341,6397.790748617458,31.435954810691822,6534.537152043968
2664,6382.403226730881,15.26890724098297,15.321182837522622,6397.724409568404,31.435950011984726,6534.470792120537
2665,6382.333776571246,15.268741092275707,15.324301780145628,6397.658078351392,31.435945289728945,6534.404440361713
2666,6382.264332058276,15.268574957077215,15.327422915383595,6397.59175497366,31.43594064391663,6534.338096774697
2667,6382.194893196104,15.268408835397379,15.33054624639497,6397.525439442499,31.43593607454054,6534.27176136675
2668,6382.125459988909,15.268242727246193,15.333671776405192,6397.459131765314,31.43593158159402,6534.205434145248
2669,6382.056032440938,15.268076632633823,15.336799508706553,6397.3928319496445,31.435927165070993,6534.139115117703
2670,6381.986610556658,15.267910551570951,15.339929446657932,6397.326540003316,31.435922824966,6534.072804291918
2671,6381.917194340185,15.267744484067428,15.34306159368462,6397.26025593387,31.43591856127413,6534.006501675412
2672,6381.847783796438,15.26757843013502,15.346195953278151,6397.193979749716,31.43591437399109,6533.940207276577
2673,6381.778378929128,15.267412389782603,15.349332528996072,6397.127711458124,31.435910263113136,6533.873921102667
2674,6381.708979743353,15.267246363022375,15.352471324461742,6397.061451067814,31.435906228637137,6533.807643162386
2675,6381.639586243131,15.26708034986395,15.355612343364175,6396.9951985864955,31.435902270560504,6533.741373463434
2676,6381.570198433256,15.266914350318794,15.358755589457813,6396.928954022714,31.43589838888125,6533.675112014347
2677,6381.500816318219,15.266748364397653,15.361901066562316,6396.862717384782,31.435894583597943,6533.6088588234325
2678,6381.431439902854,15.266582392112092,15.365048778562368,6396.796488681417,31.43589085470972,6533.542613899404
2679,6381.362069191684,15.266416433472928,15.36819872940752,6396.730267921092,31.4358872022163,6533.476377250732
2680,6381.292704189287,15.266250488491117,15.371350923111951,6396.664055112399,31.435883626117946,6533.410148886012
2681,6381.223344900692,15.266084557178688,15.374505363754288,6396.597850264446,31.435880126415505,6533.343928814353
2682,6381.153991330442,15.265918639546513,15.377662055477376,6396.5316533859195,31.435876703110367,6533.27771704445
2683,6381.084643483484,15.265752735606421,15.380821002488148,6396.465464485972,31.435873356204482,6533.211513585462
2684,6381.015301364615,15.265586845369892,15.383982209057352,6396.399283573673,31.435870085700373,6533.145318446469
2685,6380.945964978914,15.265420968849076,15.387145679519394,6396.333110658434,31.435866891601087,6533.079131636899
2686,6380.87663433104,15.26525510605512,15.390311418272134,6396.266945749312,31.43586377391025,6533.012953165821
2687,6380.807309426245,15.265089257000588,15.393479429776683,6396.200788856022,31.435860732632015,6532.946783042971
2688,6380.737990269312,15.264923421696919,15.396649718557217,6396.134639987869,31.435857767771108,6532.8806212776735
2689,6380.668676865687,15.264757600157147,15.399822289200792,6396.068499154888,31.43585487933277,6532.814467879985
2690,6380.599369220097,15.264591792392578,15.402997146357091,6396.002366366454,31.4358520673228,6532.748322859308
2691,6380.53006733776,15.264425998415692,15.406174294738282,6395.9362416324975,31.435849331747526,6532.682186225599
2692,6380.460771223976,15.264260218239176,15.409353739118792,6395.870124963095,31.43584667261384,6532.616057988965
2693,6380.391480883922,15.26409445187541,15.41253548433513,6395.804016368257,31.43584408992914,6532.549938159449
2694,6380.322196322873,15.263928699337018,15.415719535285676,6395.737915858159,31.43584158370137,6532.48382674726
2695,6380.252917546179,15.263762960636791,15.418905896930488,6395.671823443109,31.435839153939007,6532.417723762744
2696,6380.183644559196,15.26359723578755,15.422094574291101,6395.605739133487,31.435836800651057,6532.351629216319
2697,6380.114377366945,15.263431524801303,15.425285572450322,6395.539662939395,31.43583452384705,6532.28554311813
2698,6380.04511597535,15.263265827692225,15.428478896552063,6395.473594871903,31.435832323537035,6532.219465479288
2699,6379.975860389711,15.263100144472991,15.431674551801118,6395.407534941512,31.43583019973159,6532.153396310344
2700,6379.906610615716,15.262934475157216,15.434872543462975,6395.341483159179,31.43582815244182,6532.087335622301
2701,6379.837366658169,15.262768819756385,15.438072876863611,6395.275439535033,31.43582618167934,6532.021283425338
2702,6379.768128523696,15.262603178286353,15.441275557389318,6395.209404081085,31.43582428745627,6531.95523973152
2703,6379.698896217129,15.262437550758682,15.44448059048648,6395.143376807616,31.435822469785272,6531.889204551182
2704,6379.629669744722,15.26227193718833,15.44768798166141,6395.0773577263835,31.435820728679502,6531.823177896139
2705,6379.560449111746,15.262106337587909,15.450897736480114,6395.011346848226,31.435819064152614,6531.757159777289
2706,6379.491234324043,15.261940751971395,15.454109860568119,6394.945344184611,31.435817476218798,6531.691150206163
2707,6379.422025387579,15.26177518035306,15.457324359610281,6394.87934974719,31.435815964892726,6531.625149194473
2708,6379.352822308178,15.261609622746835,15.460541239350585,6394.813363547528,31.435814530189596,6531.559156753852
2709,6379.283625091401,15.26144407916603,15.463760505591937,6394.747385596993,31.43581317212507,6531.493172895737
2710,6379.214433743406,15.261278549625372,15.466982164195988,6394.681415907601,31.435811890715357,6531.4271976322125
2711,6379.145248270321,15.261113034139523,15.470206221082918,6394.615454491403,31.43581068597713,6531.3612309754035
2712,6379.076068677721,15.26094753272182,15.473432682231271,6394.549501359952,31.435809557927563,6531.295272936937
2713,6379.006894972189,15.260782045388012,15.47666155367773,6394.483556525866,31.43580850658433,6531.229323529508
2714,6378.937727159166,15.260616572151115,15.479892841516952,6394.417620000682,31.435807531965583,6531.163382764733
2715,6378.868565245224,15.260451113026852,15.483126551901345,6394.351691797126,31.435806634089992,6531.097450655417
2716,6378.799409236417,15.260285668029706,15.4863626910409,6394.285771927458,31.435805812976678,6531.031527213907
2717,6378.730259138923,15.260120237174458,15.489601265202978,6394.219860404127,31.435805068645276,6530.965612452734
2718,6378.661114958855,15.25995482047573,15.492842280712122,6394.153957239568,31.43580440111588,6530.899706384422
2719,6378.591976702945,15.25978941794963,15.496085743949878,6394.0880624468955,31.435803810409073,6530.833809022175
2720,6378.522844376976,15.25962402960999,15.499331661354583,6394.02217603833,31.435803296545934,6530.767920378305
2721,6378.453717987537,15.259458655472576,15.502580039421176,6393.956298026958,31.43580285954799,6530.7020404659925
2722,6378.384597540871,15.259293295552323,15.505830884701018,6393.890428425572,31.43580249943727,6530.6361692981245
2723,6378.315483043783,15.25912794986551,15.509084203801688,6393.824567247585,31.43580221623626,6530.570306888213
2724,6378.246374502678,15.258962618427459,15.512340003386797,6393.758714506065,31.435802009967915,6530.504453249426
2725,6378.177271923962,15.258797301253496,15.515598290175795,6393.692870214138,31.435801880655667,6530.438608394989
2726,6378.1081753139515,15.258631998358736,15.518859070943776,6393.6270343848955,31.435801828323413,6530.372772338103
2727,6378.039084679851,15.258466709760409,15.522122352521288,6393.561207032372,31.435801852995514,6530.306945092902
2728,6377.970000027838,15.258301435473296,15.525388141794155,6393.495388169632,31.435801954696796,6530.241126672563
2729,6377.900921364861,15.25813617551402,15.528656445703247,6393.429577810563,31.43580213345254,6530.1753170910815
2730,6377.831848697666,15.257970929898722,15.531927271244353,6393.36377596891,31.43580238928849,6530.109516362315
2731,6377.762782032756,15.257805698642958,15.535200625467931,6393.297982658224,31.435802722230846,6530.043724499928
2732,6377.693721377306,15.257640481763891,15.53847651547895,6393.232197892785,31.435803132306276,6529.9779415183175
2733,6377.624666737862,15.257475279277182,15.5417549484367,6393.166421686298,31.435803619541876,6529.9121674313055
2734,6377.5556181216025,15.257310091200006,15.545035931554597,6393.100654053157,31.435804183965217,6529.846402253405
2735,6377.486575535399,15.257144917548802,15.548319472099994,6393.0348950074995,31.435804825604308,6529.780645998878
2736,6377.417538986117,15.256979758339991,15.551605577393982,6392.969144563511,31.435805544487604,6529.714898682032
2737,6377.348508480911,15.256814613590695,15.554894254811218,6392.903402735722,31.435806340644014,6529.649160317524
2738,6377.2794840268925,15.256649483317926,15.558185511779728,6392.837669538672,31.435807214102883,6529.58343092002
2739,6377.2104656308475,15.256484367537913,15.561479355780726,6392.771944986628,31.435808164894006,6529.517710503917
2740,6377.14145330048,15.256319266269092,15.56477579434841,6392.706229094829,31.43580919304761,6529.451999084586
2741,6377.072447042542,15.256154179527613,15.568074835069812,6392.640521877612,31.435810298594365,6529.386296676497
2742,6377.003446864425,15.25598910733116,15.571376485584567,6392.57482335001,31.435811481565377,6529.320603294819
2743,6376.934452773485,15.255824049697331,15.574680753584744,6392.50913352707,31.43581274199218,6529.254918954736
2744,6376.865464776805,15.255659006643075,15.577987646814677,6392.44345242362,31.43581407990676,6529.189243671215
2745,6376.796482882213,15.255493978187113,15.58129717307076,6392.377780055284,31.4358154953415,6529.12357746002
2746,6376.727507096617,15.255328964345974,15.584609340201268,6392.3121164368185,31.435816988329254,6529.057920336051
2747,6376.658537427767,15.2551639651382,15.587924156106151,6392.2464615838735,31.435818558903268,6528.992272315103
2748,6376.589573883126,15.254998980581641,15.591241628736888,6392.180815511862,31.43582020709723,6528.926633412735
2749,6376.520616470179,15.254834010694209,15.594561766096273,6392.115178236276,31.435821932945252,6528.861003644588
2750,6376.451665196336,15.254669055493627,15.597884576238261,6392.049549772574,31.435823736481865,6528.79538302627
2751,6376.38272006943,15.254504114998637,15.601210067267735,6391.983930136698,31.43582561774201,6528.729771573876
2752,6376.31378109708,15.254339189227464,15.604538247340365,6391.9183193444205,31.435827576761064,6528.664169303331
2753,6376.244848287202,15.254174278199049,15.607869124662423,6391.852717411864,31.435829613574814,6528.598576230915
2754,6376.175921647147,15.254009381930974,15.61120270749056,6391.787124354638,31.43583172821945,6528.532992372392
2755,6376.107001184936,15.253844500442431,15.614539004131666,6391.721540189068,31.435833920731604,6528.46741774425
2756,6376.038086908306,15.253679633751927,15.617878022942682,6391.6559649312485,31.435836191148276,6528.401852362744
2757,6375.96917882516,15.253514781878375,15.62121977233039,6391.590398597491,31.435838539506914,6528.336296244346
2758,6375.900276943554,15.253349944841037,15.624564260751267,6391.524841204305,31.435840965845358,6528.270749405732
2759,6375.831381271384,15.253185122658813,15.627911496711297,6391.459292768095,31.435843470201853,6528.205211863473
2760,6375.76249181655,15.253020315350598,15.631261488765745,6391.393753305316,31.435846052615048,6528.139683634191
2761,6375.6936085869875,15.252855522935377,15.634614245519057,6391.328222832506,31.435848713124,6528.074164734596
2762,6375.624731591099,15.25269074543325,15.637969775624601,6391.262701366723,31.43585145176817,6528.008655181915
2763,6375.555860836785,15.252525982863121,15.641328087784544,6391.197188924569,31.4358542685874,6527.943154992924
2764,6375.486996332307,15.252361235244754,15.644689190749652,6391.131685523057,31.43585716362194,6527.877664184813
2765,6375.4181380858245,15.252196502597666,15.64805309331911,6391.066191179144,31.435860136912446,6527.812182774713
2766,6375.349286105644,15.252031784941732,15.651419804340325,6391.000705909984,31.43586318849995,6527.746710779959
2767,6375.2804404002745,15.251867082297307,15.654789332708791,6390.935229732983,31.435866318425894,6527.681248218136
2768,6375.211600977456,15.25170239468291,15.65816168736787,6390.8697626648245,31.435869526732098,6527.6157951061095
2769,6375.142767846262,15.251537722120245,15.661536877308635,6390.804304723571,31.435872813460772,6527.550351462125
2770,6375.073941014753,15.251373064628595,15.664914911569689,6390.738855926323,31.435876178654517,6527.48491730347
2771,6375.005120491318,15.251208422228034,15.668295799237004,6390.673416290555,31.43587962235631,6527.419492647805
2772,6374.936306284825,15.251043794939774,15.671679549443722,6390.607985834269,31.435883144609537,6527.354077513321
2773,6374.867498403613,15.250879182783764,15.675066171369973,6390.542564574984,31.435886745457935,6527.288671917726
2774,6374.798696856173,15.250714585780317,15.67845567424274,6390.477152530415,31.435890424945644,6527.223275878929
2775,6374.7299016514025,15.250550003950723,15.681848067335626,6390.411749718738,31.435894183117174,6527.157889415298
2776,6374.661112797743,15.250385437315174,15.685243359968727,6390.346356157712,31.435898020017405,6527.0925125447875
2777,6374.592330304218,15.250220885895258,15.68864156150844,6390.280971865726,31.435901935691618,6527.027145285985
2778,6374.523554179251,15.250056349711127,15.692042681367278,6390.2155968606185,31.435905930185427,6526.9617876569255
2779,6374.454784431748,15.249891828784085,15.69544672900372,6390.150231160751,31.43591000354487,6526.896439676171
2780,6374.386021070852,15.249727323136009,15.698853713922032,6390.084874784774,31.435914155816313,6526.831101362575
2781,6374.317264105195,15.249562832787548,15.702263645672048,6390.019527750867,31.43591838704652,6526.7657727345195
2782,6374.248513543847,15.2493983577604,15.705676533849102,6389.954190077697,31.43592269728259,6526.700453810876
2783,6374.179769395778,15.249233898076023,15.709092388093746,6389.888861783872,31.43592708657202,6526.63514461046
2784,6374.11103166967,15.249069453755192,15.712511218091635,6389.823542887762,31.435931554962657,6526.56984515185
2785,6374.042300375074,15.24890502482075,15.715933033573343,6389.758233408647,31.435936102502723,6526.504555454534
2786,6373.973575521123,15.248740611294552,15.719357844314189,6389.692933365437,31.435940729240784,6526.439275537635
2787,6373.904857116615,15.248576213197643,15.722785660134065,6389.627642776749,31.435945435225776,6526.374005419981
2788,6373.836145170776,15.248411830552095,15.726216490897277,6389.562361661673,31.435950220506996,6526.3087451208785
2789,6373.767439693321,15.24824746338115,15.729650346512383,6389.497090039833,31.435955085134083,6526.243494660166
2790,6373.698740692996,15.248083111705732,15.733087236931997,6389.431827929928,31.43596002915705,6526.178254056761
2791,6373.630048179399,15.2479187755488,15.736527172152627,6389.366575351552,31.43596505262626,6526.113023330476
2792,6373.56136216191,15.2477544549328,15.739970162214508,6389.301332324125,31.43597015559241,6526.047802500952
2793,6373.492682649941,15.247590149880242,15.743416217201435,6389.236098867143,31.435975338106577,6525.982591587906
2794,6373.424009652816,15.247425860413435,15.746865347240611,6389.170875000056,31.43598060022017,6525.917390611014
2795,6373.355343180128,15.24726158655533,15.750317562502458,6389.105660742631,31.43598594198494,6525.852199590266
2796,6373.286683241359,15.24709732832861,15.753772873200443,6389.04045611456,31.43599136345299,6525.78701854558
2797,6373.218029846366,15.246933085756858,15.757231289590948,6388.975261135957,31.435996864676788,6525.7218474973015
2798,6373.149383004566,15.246768858862596,15.760692821973048,6388.910075826539,31.436002445709107,6525.656686465373
2799,6373.080742725715,15.246604647669175,15.764157480688407,6388.8449002064035,31.43600810660309,6525.5915354701265
2800,6373.0121090193825,15.24644045219948,15.76762527612108,6388.779734295504,31.436013847412227,6525.5263945317465
2801,6372.94348189548,15.246276272477225,15.771096218697338,6388.714578114177,31.4360196681903,6525.461263670805
2802,6372.87486136378,15.24611210852579,15.774570318885502,6388.649431682666,31.436025568991486,6525.396142907779
2803,6372.806247434024,15.245947960368479,15.778047587195804,6388.58429502122,31.436031549870265,6525.331032263156
2804,6372.737640116344,15.24578382802953,15.78152803418022,6388.519168150524,31.43603761088145,6525.265931757858
2805,6372.669039420578,15.245619711532484,15.785011670432283,6388.45405109101,31.43604375208021,6525.200841412559
2806,6372.6004453566,15.245455610900958,15.78849850658693,6388.388943863187,31.436049973522024,6525.135761248008
2807,6372.5318579344175,15.245291526158894,15.79198855332036,6388.323846487738,31.436056275262708,6525.07069128513
2808,6372.46327716436,15.245127457331005,15.79548182134982,6388.25875898571,31.436062657358402,6525.005631545219
2809,6372.394703056338,15.244963404441,15.798978321433486,6388.193681377771,31.436069119865593,6524.940582049187
2810,6372.326135620249,15.244799367512558,15.802478064370291,6388.128613684619,31.43607566284106,6524.8755428179775
2811,6372.257574866952,15.244635346571656,15.805981060999763,6388.063555927952,31.436082286341936,6524.810513873539
2812,6372.18902080643,15.244471341642177,15.809487322201852,6387.998508128631,31.436088990425674,6524.745495236983
2813,6372.1204734484645,15.244307352747523,15.812996858896788,6387.933470307361,31.436095775150026,6524.680486929264
2814,6372.051932803879,15.244143379913586,15.81650968204489,6387.868442485924,31.436102640573086,6524.615488972417
2815,6371.983398883158,15.243979423165449,15.820025802646462,6387.803424685804,31.43610958675326,6524.550501388181
2816,6371.914871696361,15.243815482527179,15.82354523174156,6387.738416928102,31.436116613749277,6524.485524197911
2817,6371.846351254026,15.243651558023984,15.827067980409879,6387.673419234436,31.436123721620174,6524.420557423484
2818,6371.777837566918,15.24348764968162,15.830594059770586,6387.608431626688,31.436130910425295,6524.355601087038
2819,6371.709330645247,15.243323757524514,15.834123480982159,6387.543454126229,31.436138180224326,6524.290655210205
2820,6371.6408304997585,15.24315988157837,15.837656255242221,6387.478486755001,31.43614553107723,6524.2257198151865
2821,6371.572337141106,15.242996021868674,15.841192393787388,6387.413529534893,31.43615296304431,6524.160794924136
2822,6371.503850579977,15.242832178420997,15.844731907893117,6387.34858248787,31.436160476186156,6524.09588055928
2823,6371.435370826794,15.242668351260273,15.84827480887353,6387.283645635667,31.436168070563685,6524.030976742619
2824,6371.36689789285,15.242504540413517,15.851821108081282,6387.218719000931,31.4361757462381,6523.966083497066
2825,6371.298431788706,15.242340745905995,15.855370816907389,6387.153802605613,31.436183503270925,6523.901200844842
2826,6371.22997252502,15.242176967763205,15.858923946781065,6387.088896471801,31.436191341723998,6523.8363288083
2827,6371.161520112838,15.242013206011574,15.86248050916957,6387.024000622007,31.436199261659418,6523.771467410226
2828,6371.093074563114,15.241849460677306,15.866040515578073,6386.959115078692,31.436207263139632,6523.706616673349
2829,6371.02463588696,15.241685731786985,15.869603977549465,6386.8942398645095,31.43621534622737,6523.641776620599
2830,6370.956204095201,15.24152201936651,15.873170906664216,6386.829375001866,31.436223510985634,6523.576947274653
2831,6370.88777919896,15.241358323442487,15.876741314540228,6386.7645205135,31.436231757477767,6523.512128658529
2832,6370.819361209284,15.241194644041348,15.880315212832661,6386.699676422117,31.436240085767388,6523.447320795205
2833,6370.750950137559,15.241030981190333,15.883892613233815,6386.634842750793,31.436248495918406,6523.382523708038
2834,6370.682545994569,15.240867334915238,15.887473527472928,6386.5700195220425,31.436256987995023,6523.31773741982
2835,6370.614148792064,15.240703705244172,15.891057967316065,6386.50520675938,31.436265562061752,6523.252961954348
2836,6370.545758540951,15.240540092203233,15.894645944565934,6386.440404485517,31.436274218183375,6523.188197334615
2837,6370.477375252583,15.240376495819577,15.898237471061737,6386.375612723645,31.436282956424968,6523.123443584093
2838,6370.408998938601,15.240212916121056,15.901832558679045,6386.310831497281,31.436291776851906,6523.058700726587
2839,6370.340629610219,15.240049353134497,15.905431219329602,6386.246060829549,31.436300679529843,6522.993968785504
2840,6370.27226727882,15.23988580688713,15.909033464961212,6386.181300743781,31.436309664524714,6522.929247784464
2841,6370.20391195609,15.239722277406916,15.912639307557555,6386.116551263648,31.43631873190276,6522.864537747425
2842,6370.135563653549,15.239558764721409,15.91624875913807,6386.0518124126875,31.43632788173047,6522.799838698215
2843,6370.067222382635,15.239395268857978,15.919861831757757,6385.987084214393,31.43633711407464,6522.735150660617
2844,6369.998888155243,15.239231789845078,15.923478537507057,6385.92236669275,31.436346429002356,6522.67047365891
2845,6369.930560982771,15.239068327709978,15.927098888511704,6385.8576598712825,31.436355826580957,6522.60580771691
2846,6369.862240877163,15.23890488248125,15.930722896932565,6385.792963774095,31.436365306878074,6522.541152859015
2847,6369.793927849982,15.23874145418656,15.934350574965466,6385.728278424947,31.436374869961618,6522.47650910928
2848,6369.725621913045,15.238578042854174,15.937981934841085,6385.663603847886,31.436384515899775,6522.41187649205
2849,6369.65732307838,15.23841464851287,15.94161698882478,6385.598940067204,31.436394244760987,6522.347255031915
2850,6369.589031357816,15.238251271190947,15.945255749216422,6385.5342871070325,31.436404056614002,6522.282644753303
2851,6369.5207467631935,15.23808791091673,15.94889822835029,6385.469644991544,31.43641395152781,6522.21804568069
2852,6369.452469306473,15.237924567718835,15.952544438594858,6385.405013745068,31.436423929571703,6522.1534578387045
2853,6369.384199000014,15.237761241626828,15.956194392352716,6385.340393392366,31.436433990815207,6522.088881252413
2854,6369.315935855503,15.237597932668667,15.959848102060366,6385.275783957563,31.43644413532814,6522.024315946241
2855,6369.247679884868,15.237434640872891,15.96350558018811,6385.211185465057,31.436454363180587,6521.959761944892
2856,6369.179431101,15.237271366270335,15.967166839239882,6385.14659794024,31.436464674442895,6521.895219274067
2857,6369.111189515622,15.237108108889048,15.970831891753098,6385.082021407375,31.43647506918567,6521.830687958332
2858,6369.042955140663,15.236944868757568,15.974500750298525,6385.017455890962,31.43648554747979,6521.766168022499
2859,6368.974727989066,15.236781645906857,15.978173427480103,6384.952901416546,31.436496109396394,6521.701659492421
2860,6368.906508072765,15.236618440365467,15.981849935934827,6384.8883580086995,31.43650675500688,6521.637162392979
2861,6368.838295404228,15.236455252163225,15.985530288332583,6384.823825692561,31.436517484382914,6521.572676749626
2862,6368.7700899957545,15.236292081329555,15.989214497376022,6384.759304493131,31.436528297596404,6521.508202587675
2863,6368.701891860169,15.236128927895141,15.992902575800393,6384.694794435969,31.436539194719533,6521.443739932999
2864,6368.633701009476,15.235965791888699,15.99659453637339,6384.63029554585,31.436550175824742,6521.379288810687
2865,6368.565517456452,15.235802673340794,16.000290391895014,6384.565807848347,31.436561240984712,6521.31484924663
2866,6368.497341213715,15.235639572281615,16.00399015519744,6384.501331368912,31.436572390272396,6521.250421266597
2867,6368.429172293712,15.235476488740938,16.007693839144856,6384.436866132857,31.43658362376099,6521.186004896217
2868,6368.36101070933,15.235313422749593,16.011401456633312,6384.372412165963,31.436594941523936,6521.121600161592
2869,6368.292856473432,15.235150374338355,16.015113020590594,6384.3079694940225,31.43660634363494,6521.057207088835
2870,6368.224709598255,15.234987343536496,16.018828543976053,6384.243538142231,31.436617830167968,6520.992825703462
2871,6368.156570096862,15.234824330375268,16.022548039780478,6384.1791181366425,31.4366294011972,6520.92845603185
2872,6368.088437982387,15.234661334886095,16.026271521025954,6384.114709503413,31.436641056797097,6520.86409810048
2873,6368.020313267288,15.234498357098774,16.029999000765685,6384.050312268054,31.436652797042356,6520.799751935188
2874,6367.952195964683,15.234335397044696,16.03373049208389,6383.985926456767,31.43666462200791,6520.735417562501
2875,6367.884086087546,15.234172454754896,16.037466008095617,6383.921552095641,31.436676531768946,6520.671095008836
2876,6367.815983648798,15.23400953026028,16.04120556194665,6383.857189210744,31.43668852640091,6520.606784300588
2877,6367.747888661699,15.233846623592582,16.04494916681333,6383.792837828512,31.43670060597945,6520.5424854645225
2878,6367.679801139063,15.233683734782447,16.048696835902398,6383.728497974966,31.43671277058049,6520.478198526991
2879,6367.611721094281,15.233520863861918,16.05244858245087,6383.664169676732,31.43672502028017,6520.4139235149505
2880,6367.543648540466,15.233358010862359,16.0562044197259,6383.599852960192,31.436737355154904,6520.349660455116
2881,6367.475583490812,15.23319517581534,16.059964361024626,6383.535547851837,31.43674977528131,6520.285409374311
2882,6367.407525958664,15.233032358752785,16.063728419674018,6383.471254378338,31.436762280736254,6520.221170299541
2883,6367.33947595718,15.232869559706172,16.067496609030737,6383.406972566211,31.436774871596835,6520.156943257657
2884,6367.271433499947,15.232706778708009,16.071268942481,6383.342702442428,31.436787547940398,6520.0927282759685
2885,6367.203398600293,15.232544015790175,16.075045433440437,6383.278444033734,31.43680030984451,6520.028525381557
2886,6367.135371271511,15.232381270984476,16.078826095353943,6383.214197366865,31.436813157386965,6519.964334601498
2887,6367.06735152726,15.232218544323588,16.08261094169553,6383.149962468956,31.436826090645816,6519.900155963265
2888,6366.999339380876,15.232055835839416,16.086399985968185,6383.085739366845,31.436839109699314,6519.835989494037
2889,6366.931334846266,15.231893145565229,16.090193241703727,6383.021528087969,31.436852214625958,6519.7718352215925
2890,6366.86333793668,15.231730473532728,16.093990722462674,6382.957328659143,31.43686540550447,6519.707693173087
2891,6366.7953486660335,15.2315678197752,16.09779244183408,6382.893141107867,31.4368786824138,6519.643563376368
2892,6366.727367047864,15.231405184325034,16.101598413435404,6382.8289654613,31.436892045433115,6519.579445858934
2893,6366.659393096217,15.23124256721583,16.10540865091235,6382.764801747129,31.436905494641838,6519.515340648822
2894,6366.591426824335,15.231079968479271,16.109223167938772,6382.700649992274,31.436919030119576,6519.451247773293
2895,6366.523468246671,15.23091738814993,16.113041978216494,6382.636510224887,31.43693265194618,6519.387167260853
2896,6366.45551737643,15.230754826259401,16.116865095475145,6382.572382471905,31.436946360201734,6519.323099138783
2897,6366.387574228094,15.23059228284233,16.12069253347206,6382.508266761566,31.43696015496651,6519.259043435671
2898,6366.319638815599,15.230429757932056,16.12452430599211,6382.444163121591,31.436974036321025,6519.195000179588
2899,6366.251711152486,15.23026725156097,16.128360426847586,6382.380071579333,31.436988004346023,6519.130969398238
2900,6366.183791252827,15.230104763762744,16.13220090987801,6382.315992162705,31.437002059122435,6519.066951119888
2901,6366.115879131385,15.229942294572691,16.136045768950034,6382.251924900334,31.437016200731435,6519.002945373516
2902,6366.047974801813,15.229779844023478,16.139895017957283,6382.187869819771,31.437030429254392,6518.938952187027
2903,6365.980078278107,15.229617412148581,16.143748670820226,6382.123826948927,31.43704474477292,6518.874971588689
2904,6365.912189574816,15.229454998982813,16.14760674148599,6382.059796316302,31.437059147368814,6518.811003607356
2905,6365.844308705979,15.229292604559758,16.15146924392828,6381.995777949907,31.4370736371241,6518.747048271397
2906,6365.776435686132,15.22913022891419,16.155336192147164,6381.931771878279,31.437088214121015,6518.683105609705
2907,6365.708570529363,15.228967872079815,16.159207600168997,6381.867778129532,31.437102878442012,6518.619175650754
2908,6365.640713250112,15.228805534091176,16.163083482046247,6381.803796732158,31.43711763016973,6518.5552584233965
2909,6365.572863862962,15.228643214983162,16.166963851857346,6381.739827714819,31.43713246938703,6518.491353956652
2910,6365.50502238204,15.22848091478957,16.17084872370656,6381.675871105746,31.43714739617701,6518.427462279116
2911,6365.437188822214,15.228318633545966,16.17473811172384,6381.611926933938,31.437162410622925,6518.363583420148
2912,6365.369363197801,15.228156371286605,16.178632030064687,6381.547995227866,31.437177512808265,6518.299717408581
2913,6365.301545523589,15.227994128046864,16.18253049291,6381.484076016499,31.43719270281672,6518.235864273752
2914,6365.233735814065,15.2278319038614,16.186433514465925,6381.42016932853,31.437207980732182,6518.172024044716
2915,6365.165934083952,15.227669698765437,16.190341108963747,6381.356275192916,31.437223346638753,6518.108196750794
2916,6365.098140347821,15.22750751279383,16.19425329065969,6381.2923936384805,31.437238800620726,6518.044382421181
2917,6365.030354620892,15.227345345982995,16.198170073834845,6381.228524694727,31.4372543427626,6517.980581085744
2918,6364.962576917265,15.227183198366664,16.202091472794955,6381.16466839006,31.43726997314908,6517.916792773259
2919,6364.894807252533,15.227021069982136,16.206017501870317,6381.100824754403,31.437285691865046,6517.853017514016
2920,6364.827045641003,15.226858960863643,16.209948175415622,6381.0369938164185,31.43730149899561,6517.789255337049
2921,6364.759292097807,15.226696871047384,16.213883507809822,6380.973175605616,31.437317394626064,6517.72550627224
2922,6364.691546638027,15.226534800569443,16.217823513455983,6380.909370151483,31.437333378841892,6517.661770349445
2923,6364.623809276567,15.22637274946547,16.221768206781118,6380.845577483348,31.43734945172878,6517.598047598369
2924,6364.5560800283365,15.22621071777114,16.22571760223608,6380.781797630572,31.437365613372613,6517.534338048743
2925,6364.48835890872,15.226048705523255,16.229671714295407,6380.718030623016,31.43738186385945,6517.470641730804
2926,6364.420645932578,15.225886712757363,16.23363055745715,6380.654276490035,31.437398203275563,6517.4069586742835
2927,6364.352941115301,15.22572473951029,16.23759414624278,6380.590535261544,31.437414631707416,6517.343288909471
2928,6364.28524447219,15.225562785818637,16.241562495196987,6380.5268069673875,31.437431149241636,6517.279632466589
2929,6364.21755601826,15.225400851718327,16.245535618887573,6380.463091637148,31.437447755965078,6517.215989375596
2930,6364.1498757688205,15.225238937245981,16.249513531905315,6380.3993893007255,31.437464451964743,6517.152359666772
2931,6364.082203739168,15.225077042438201,16.25349624886377,6380.335699988032,31.437481237327866,6517.088743370407
2932,6364.01453994528,15.224915167333206,16.257483784399195,6380.27202372968,31.437498112141835,6517.025140517497
2933,6363.946884401738,15.22475331196588,16.261476153170353,6380.208360554909,31.437515076494233,6516.961551137659
2934,6363.879237124426,15.224591476374226,16.26547336985838,6380.1447104942845,31.43753213047283,6516.897975261842
2935,6363.811598129012,15.224429660595723,16.269475449166674,6380.081073578179,31.437549274165583,6516.834412920799
2936,6363.743967430832,15.22426786466706,16.27348240582068,6380.017449836652,31.437566507660616,6516.770864144976
2937,6363.676345045557,15.224106088625735,16.277494254567813,6379.953839300125,31.437583831046258,6516.707328965176
2938,6363.608730988682,15.223944332508808,16.281511010177283,6379.890241998859,31.437601244411006,6516.643807412047
2939,6363.541125275978,15.223782596354013,16.285532687439964,6379.826657963417,31.437618747843533,6516.580299516537
2940,6363.4735279233155,15.22362088019932,16.289559301168183,6379.763087224484,31.4376363414327,6516.516805309716
2941,6363.405938946207,15.223459184081836,16.29359086619567,6379.699529812403,31.43765402526755,6516.453324822317
2942,6363.3383583606965,15.223297508039943,16.29762739737736,6379.635985758074,31.437671799437283,6516.389858085626
2943,6363.270786182515,15.223135852111279,16.30166890958923,6379.572455092104,31.437689664031296,6516.3264051306405
2944,6363.203222427293,15.222974216333238,16.3057154177282,6379.508937845022,31.437707619139168,6516.262965988278
2945,6363.135667111249,15.222812600744614,16.309766936711952,6379.445434047961,31.437725664850618,6516.1995406900605
2946,6363.068120250362,15.222651005383641,16.313823481478792,6379.381943731841,31.437743801255575,6516.136129267303
2947,6363.0005818605105,15.222489430288302,16.3178850669875,6379.318466927498,31.43776202844412,6516.07273175123
2948,6362.933051957987,15.222327875497577,16.321951708217192,6379.255003666204,31.437780346506514,6516.0093481735075
2949,6362.865530558571,15.222166341049212,16.326023420167154,6379.191553978738,31.437798755533194,6515.945978565307
2950,6362.798017678416,15.222004826981856,16.33010021785671,6379.128117896273,31.437817255614746,6515.882622958196
2951,6362.730513333986,15.221843333334895,16.334182116325074,6379.064695450311,31.437835846841963,6515.819281384073
2952,6362.663017541235,15.221681860146495,16.338269130631183,6379.001286671866,31.43785452930576,6515.755953874346
2953,6362.595530316567,15.221520407455904,16.342361275853573,6378.937891592421,31.437873303097245,6515.692640460894
2954,6362.528051676086,15.22135897530164,16.346458567090206,6378.874510243176,31.437892168307712,6515.629341175314
2955,6362.460581636227,15.221197563723031,16.35056101945833,6378.811142655685,31.437911125028577,6515.56605604956
2956,6362.393120213302,15.221036172759096,16.354668648094332,6378.747788861396,31.437930173351454,6515.502785115475
2957,6362.325667423949,15.22087480244964,16.3587814681536,6378.684448892102,31.43794931336811,6515.439528405253
2958,6362.2582232844525,15.220713452833618,16.36289949481035,6378.621122779263,31.437968545170477,6515.376285950754
2959,6362.190787811249,15.220552123950355,16.367022743257476,6378.557810554506,31.43798786885064,6515.313057784007
2960,6362.123361021248,15.220390815840306,16.371151228706434,6378.494512249954,31.43800728450086,6515.249843937532
2961,6362.055942930667,15.220229528542266,16.375284966387035,6378.431227897054,31.43802679221355,6515.186644443183
2962,6361.9885335559575,15.220068262095593,16.379423971547347,6378.367957527505,31.438046392081283,6515.123459333058
2963,6361.921132914242,15.219907016541248,16.383568259453504,6378.304701173695,31.438066084196798,6515.060288639951
2964,6361.853741022,15.21974579191866,16.387717845389588,6378.241458867389,31.43808586865297,6514.99713239603
2965,6361.786357896059,15.219584588268082,16.39187274465745,6378.178230640716,31.43810574554287,6514.933990633827
2966,6361.718983553012,15.219423405629215,16.396032972576563,6378.1150165255885,31.438125714959686,6514.870863385663
2967,6361.651618009782,15.219262244042541,16.400198544483878,6378.051816554266,31.438145776996784,6514.807750684202
2968,6361.584261283368,15.219101103548727,16.404369475733652,6377.988630759101,31.43816593174767,6514.744652562204
2969,6361.5169133905765,15.218939984187982,16.408545781697335,6377.925459172274,31.438186179306022,6514.681569052255
2970,6361.449574348424,15.218778886001015,16.412727477763365,6377.862301826187,31.438206519765657,6514.618500187167
2971,6361.382244173603,15.218617809027759,16.416914579337046,6377.79915875294,31.43822695322054,6514.555445999449
2972,6361.314922883327,15.218456753309395,16.42110710184039,6377.736029985168,31.4382474797648,6514.492406522145
2973,6361.247610494739,15.218295718886935,16.425305060711942,6377.672915555451,31.438268099492714,6514.429381788244
2974,6361.180307024944,15.218134705801303,16.42950847140665,6377.609815496351,31.438288812498694,6514.366371830721
2975,6361.113012491196,15.21797371409377,16.433717349395714,6377.546729840592,31.43830961887732,6514.303376682708
2976,6361.04572691033,15.217812743804616,16.4379317101664,6377.4836586204965,31.438330518723312,6514.240396376943
2977,6360.978450299728,15.217651794975426,16.442151569221902,6377.42060186895,31.438351512131526,6514.177430946722
2978,6360.911182676709,15.21749086764763,16.4463769420812,6377.35755961879,31.43837259919698,6514.114480425297
2979,6360.843924058614,15.217329961862713,16.45060784427886,6377.294531902893,31.43839378001483,6514.051544845957
2980,6360.776674462781,15.217169077662154,16.454844291364925,6377.231518754145,31.43841505468037,6513.988624242005
2981,6360.709433906506,15.217008215087334,16.459086298904715,6377.1685202054105,31.438436423289055,6513.9257186467175
2982,6360.642202407246,15.216847374180015,16.4633338824787,6377.105536289725,31.438457885936458,6513.862828093548
2983,6360.574979982582,15.216686554982253,16.467587057682337,6377.042567040264,31.438479442718325,6513.799952616088
2984,6360.507766649927,15.216525757535711,16.471845840125894,6376.979612490053,31.438501093730515,6513.737092247781
2985,6360.44056242674,15.216364981882153,16.476110245434313,6376.916672672174,31.438522839069044,6513.674247022124
2986,6360.373367330658,15.216204228063775,16.48038028924702,6376.853747619904,31.438544678830045,6513.611416972815
2987,6360.306181379394,15.216043496122952,16.4846559872178,6376.790837366611,31.43856661310982,6513.548602133639
2988,6360.23900459059,15.215882786101892,16.4889373550146,6376.727941945605,31.43858864200479,6513.485802538326
2989,6360.17183698195,15.215722098042942,16.493224408319403,6376.665061390269,31.43861076561152,6513.423018220679
2990,6360.104678571197,15.21556143198851,16.497517162828053,6376.602195734025,31.43863298402671,6513.360249214542
2991,6360.037529376047,15.215400787980974,16.50181563425008,6376.539345010297,31.43865529734719,6513.2974955537575
2992,6359.970389414465,15.215240166063314,16.506119838308557,6376.476509252773,31.438677705669924,6513.2347572724375
2993,6359.9032587044,15.215079566278469,16.510429790739924,6376.41368849514,31.43870020909202,6513.172034404691
2994,6359.836137263401,15.214918988668423,16.514745507293842,6376.350882770695,31.438722807710704,6513.109326984236
2995,6359.76902510964,15.214758433276652,16.51906700373301,6376.288092113373,31.438745501623348,6513.046635045434
2996,6359.701922261214,15.214597900146446,16.523394295833004,6376.225316557047,31.43876829092745,6512.983958622582
2997,6359.634828735675,15.214437389319796,16.527727399382147,6376.1625561350575,31.43879117572063,6512.921297749443
2998,6359.5677445516085,15.214276900841169,16.532066330181273,6376.099810881789,31.43881415610065,6512.858652460827
2999,6359.500669726924,15.214116434753405,16.536411104043648,6376.037080830967,31.438837232165397,6512.796022790887
