epoch,nll_total,nll_per_row,penalty,loss_base,bce_sum,loss_total
0,32251.102162564686,77.15574680039398,1.2000000000000004,32252.302162564687,420.3986253824746,34081.03618297845
1,30685.38256610127,73.41000613899826,1.2465362179243489,30686.629102319195,416.08036129182545,32496.578673938635
2,29315.290681875187,70.13227435855308,1.2946967062102153,29316.585378581396,411.7844931686858,31107.847923865178
3,28127.621535742554,67.29096061182429,1.3444306775935937,28128.965966420146,407.512546402138,29901.645543269446
4,27107.423729742826,64.85029600416944,1.3956715575930772,27108.819401300418,403.26600025218056,28863.026502397403
5,26238.33664839995,62.771140307176914,1.4483390492405928,26239.78498744919,399.0462523516067,27975.63618517868
6,25503.385889617304,61.01288490339068,1.5023417980882754,25504.888231415393,394.85460892246874,27222.50578022813
7,24885.541193275858,59.534787543722146,1.557580021186653,24887.098773297046,390.6923047122679,26586.61029879541
8,24367.987838317502,58.296621622769145,1.6139482134291354,24369.60178653093,386.5605308093112,26051.140095551433
9,23934.554595640435,57.25969998957042,1.6713385828471505,23936.225934223283,382.4604513286709,25599.928897503
10,23570.251084353666,56.38816048888437,1.7296465079874022,23571.980730861655,378.3932065810009,25217.991179489007
11,23261.58901695593,55.649734490325194,1.788776907000891,23263.377793862932,374.35990356648654,24891.84337437715
12,22996.690714774773,55.01600649467649,1.8486479175319972,22998.539362692307,370.36159765549405,24609.612312493708
13,22765.338102803937,54.4625313464209,1.9091924563086238,22767.247295260244,366.39927488465264,24361.084141008483
14,22558.960766071592,53.96880566045835,1.9703593265739394,22560.931125398165,362.473841688672,24137.692336743887
15,22370.557395202544,53.51807989282905,2.032114213325059,22372.58950941587,358.5861227483896,23932.439143371364
16,22194.569775571552,53.09705687935778,2.0944405401978403,22196.66421611175,354.7368642979052,23739.769575807637
17,22026.72672463009,52.69551847997629,2.157340192261441,22028.884064822352,350.9267397318222,23555.415382655778
18,21863.871540814755,52.30591277706879,2.2208341160840215,21866.09237493084,347.15635534365384,23376.222520675732
19,21703.78506792421,51.922930784507685,2.2849627876274785,21706.07003071184,343.4262553742856,23199.974241589982
20,21545.01447803446,51.54309683740301,2.3497865271802247,21547.364264561642,339.7369264179487,23025.21989447972
21,21386.714671676124,51.16438916668929,2.4153856461752037,21389.130057322298,336.0888014177782,22851.116343489633
22,21228.505971837018,50.78589945415555,2.4818604227328747,21230.98783225975,332.48226328483673,22677.28567754879
23,21070.349552839216,50.40753481540482,2.549330905765938,21072.898883744983,328.9176479788631,22503.69065245304
24,20912.440859145157,50.02976282092143,2.6179365298061272,20915.058795674962,325.39524688935944,22330.528119643677
25,20755.120521195946,49.65339837606685,2.687835489544267,20757.80835668549,321.91530851322693,22158.139948718028
26,20598.801426972626,49.279429251130686,2.759203810900587,20601.560630783526,318.4780395762316,21986.940102940134
27,20443.90999664305,48.908875590055146,2.832234111458222,20446.74223075451,315.083605791964,21817.355915949553
28,20290.840254729625,48.542680035238334,2.9071341509817823,20293.747388880605,311.7321325241105,21649.782165360484
29,20139.92081937173,48.18162875447783,2.9841253249379314,20142.90494469667,308.4237059794931,21484.548065707466
30,19991.395717018306,47.826305543105995,3.0634411686195424,19994.459158186924,305.15837619956335,21321.898094655025
31,19845.41872268068,47.47707828392507,3.1453257763799387,19848.564048457058,301.93616339578915,21161.98635922874
32,19702.05835561027,47.13411089858916,3.230031955233329,19705.288387565502,298.7570680612927,21004.881633632125
33,19561.308902348566,46.79738971853724,3.3178190385872575,19564.626721387154,295.62108271969004,20850.578431217808
34,19423.10374722298,46.46675537613153,3.408950514968377,19426.512697737948,292.5282013056442,20699.0103734175
35,19287.32977500739,46.14193726078323,3.5036917498519315,19290.83346675724,289.47842331566454,20550.064608180382
36,19153.84280283315,45.82259043739988,3.6023079912664544,19157.445110824417,286.4717529216388,20403.597236033547
37,19022.48336628974,45.50833341217641,3.705062690704427,19026.188428980444,283.50819520091414,20259.44907810442
38,18893.09141906364,45.19878329919531,3.8122160884442167,18896.903635152084,280.5877515729379,20117.460354494364
39,18765.518570453052,44.893585096777635,3.924024011169779,18769.44259446422,277.7104155718669,19977.482902201842
40,18639.637058186978,44.592433153557366,4.0407368505088925,18643.677795037485,274.8761692814712,19839.389131411885
41,18515.345188108186,44.295084182077,4.162598702831282,18519.507786811017,272.08498037739486,19703.077451452686
42,18392.569262551864,44.00136187213364,4.28984666155742,18396.859109213423,269.33679962822924,19568.47418759622
43,18271.26219024397,43.711153565176964,4.422710281391672,18275.684900525364,266.6315587330614,19435.532181014183
44,18151.399245863537,43.42440010972138,4.561411275772803,18155.96065713931,263.96916842343825,19304.226539781266
45,18032.971855915923,43.14108099501417,4.706163533859026,18037.67801944978,261.3495167965363,19174.548417514714
46,17915.98058989874,42.861197583489805,4.857173525272635,17920.837763424013,258.77246786855903,19046.497998652245
47,17800.428503755917,42.58475718601894,5.0146411087497285,17805.443144864665,256.23786034795216,18920.077837378256
48,17686.31565429304,42.311759938500096,5.178760708294359,17691.494415001336,253.74550663264753,18795.28736885335
49,17573.635191744575,42.04218945393439,5.349722791207036,17578.984914535784,251.29519203768973,18672.118999899732
50,17462.3711054203,41.77600742923517,5.527715576961899,17467.898820997263,248.88667426053388,18550.555854030586
51,17352.49748263719,41.51315187233778,5.712926912779963,17358.21040954997,246.51968309110876,18430.571030996292
52,17243.979018006947,41.253538320590785,5.905546260691475,17249.88456426764,244.19392037219757,18312.1281178867
53,17136.772448712843,40.99706327443264,6.105766747426554,17142.87821546027,241.90906021280858,18195.182627385988
54,17030.82857479713,40.74360903061515,6.313787232220207,17037.14236202935,239.6647494532898,18079.68402215116
55,16926.094542410163,40.49304914452192,6.529814349695357,16932.624356759858,237.46060837650052,17965.578003197636
56,16822.516114067006,40.24525386140432,6.7540644865933475,16829.2701785536,235.29623165489548,17852.808786252397
57,16720.03971357133,40.000095008543845,6.986765653043272,16727.026479224372,233.1711895192812,17741.321153633246
58,16618.614104170847,39.7574500099781,7.228159211672849,16625.84226338252,231.085029131436,17631.062140104266
59,16518.191627463777,39.51720485039181,7.478501431251865,16525.670128895028,229.037276139668,17521.982280102584
60,16418.72899040266,39.2792559579011,7.738064835656453,16426.467055238314,227.02743639352036,17414.036403550126
61,16320.187634006752,39.043511086140555,8.007139323617208,16328.19477333037,225.05499779094745,17307.18401372099
62,16222.533748243437,38.80988934986468,8.286033039831631,16230.819781283268,223.11943222826034,17201.3893114762
63,16125.738013534265,38.578320606541304,8.575072983473397,16134.313086517737,221.22019762005522,17096.620946164978
64,16029.77515269081,38.348744384427775,8.874605345841019,16038.649758036652,219.35673995362092,16992.851576834903
65,15934.623371096553,38.12110854329319,9.184995574795366,15943.808366671348,217.52849534064183,16890.05732140314
66,15840.263751199815,37.89536782583688,9.506628169661631,15849.770379369476,215.7348920291251,16788.21715969617
67,15746.679653149267,37.671482423802075,9.839906216289492,15756.519559365557,213.9753523409413,16687.31234204865
68,15653.856159118855,37.4494166486097,10.185250677779965,15664.041409796635,212.24929450527793,16587.325840894595
69,15561.779586020342,37.22913776559891,10.543099461745244,15572.322685482088,210.556134365171,16488.24186997058
70,15470.43708049183,37.01061502510007,10.913906289597303,15481.350986781428,208.89528694212493,16390.045484979673
71,15379.816301322579,36.793818902685594,11.298139397027164,15391.114440719606,207.26616785149076,16292.722270873592
72,15289.905187653836,36.5787205446264,11.696280097391341,15301.601467751227,205.66819456772058,16196.25811412081
73,15200.691806227687,36.36529140245858,12.108821241125288,15212.800627468812,204.10078754330846,16100.639053282204
74,15112.164267524271,36.15350303235471,12.536265604617306,15124.70053312889,202.56337118809756,16005.851197797114
75,15024.310698758161,35.943327030521914,12.979124241329153,15037.28982299949,201.0553747170672,15911.880703018733
76,14937.119261231343,35.73473507471613,13.437914826496405,14950.557176057839,199.57623287526343,15818.713789065234
77,14850.578200176717,35.527699043484965,13.913160024623954,14864.49136020134,198.12538654872057,15726.336791688274
78,14764.675916583214,35.32219118799812,14.405385906318093,14779.081302489532,196.70228327038058,15634.736234715689
79,14679.401052177194,35.11818433535214,14.915120437834023,14694.316172615028,195.30637763025172,15543.898915306623
80,14594.742580389786,34.91565210619566,15.442892063104697,14610.185472452891,193.9371315992962,15453.811994909829
81,14510.689897556334,34.714569132909894,15.989228393981294,14526.679125950315,192.59401477666268,15364.463090228797
82,14427.232909684757,34.51491126718842,16.554655019994563,14443.787564704751,191.27650456975113,15275.840359583168
83,14344.362110940465,34.31665576780016,17.139694444205904,14361.50180538467,189.98408631618082,15187.932580860057
84,14262.068650649622,34.11978146088426,17.744865146762983,14279.813515796384,188.71625335606205,15100.729217895254
85,14180.344386236044,33.92426886659341,18.37068077275784,14198.715067008801,187.47250706216306,15014.22047272921
86,14099.181920218942,33.730100287605126,19.01764943609654,14118.199569655038,186.2523568347525,14928.397321886212
87,14018.574620236472,33.53725985702505,19.68627312654879,14038.26089336302,185.05532006719457,14843.251535655316
88,13938.516622046234,33.34573354556515,20.377047203180943,13958.893669249415,183.88092208786162,14758.775680331613
89,13859.002816505084,33.15550913039494,21.09045995419767,13880.093276459282,182.72869608359738,14674.96310442293
90,13780.028822548564,32.96657613049896,21.826992200990173,13801.855814749553,181.5981830097832,14591.80791084211
91,13701.590949069701,32.778925715477754,22.58711692300952,13724.178065992712,180.4889314919282,14509.3049179826
92,13623.686149205101,32.59255059618445,23.371298879967895,13647.057448085068,179.4004977235332,14427.449613182438
93,13546.311970814893,32.407444906255726,24.179994208755083,13570.491965023648,178.3324453646727,14346.238102359974
94,13469.466506838762,32.22360408334632,25.013649974218154,13494.48015681298,177.2843454452506,14265.667059499821
95,13393.148348740924,32.041024757753405,25.872703655428108,13419.021052396352,176.255776276196,14185.733679197805
96,13317.356545500857,31.85970465430827,26.757582552082575,13344.114128052941,175.24632337101946,14106.435634716876
97,13242.090569645175,31.67964251111286,27.66870309912005,13269.759272744295,174.2555793792181,14027.771043043895
98,13167.3502908126,31.500838016298083,28.606470081327036,13195.956760893927,173.28314403209637,13949.738437433545
99,13093.135956416343,31.323291761761585,29.571275743608,13122.707232159952,172.3286241007629,13872.33674699827
100,13019.448178242936,31.1470052111075,30.563498796567146,13050.011677039503,171.39163336545033,13795.565282179212
101,12946.287923382966,30.97198067794968,31.58350332100732,12977.871426703974,170.47179259493004,13719.42372449192
102,12873.6565077298,30.79822131035837,32.63163757873584,12906.288145308536,169.5687295346462,13643.912118784247
103,12801.555590379112,30.62573107746199,33.708232740480504,12835.263823119592,168.682078902223,13569.030866344263
104,12729.987167504665,30.45451475479585,34.81360154453135,12764.800769049196,167.81148238910825,13494.780717441816
105,12658.953564589823,30.28457790571728,35.94803690169877,12694.901601491521,166.9565886672,13421.162762193842
106,12588.457426149287,30.115926856816476,37.11181046312457,12625.569236612411,166.11705339927,13348.178418899235
107,12518.501702241894,29.948568665650466,38.30517116729412,12556.806873409188,165.29253925179455,13275.829419154496
108,12449.08963113395,29.78251107926782,39.528343781300094,12488.617974915249,164.4827159084279,13204.11778911691
109,12380.22471748741,29.617762482027295,40.78152744917617,12421.006244936587,163.68726008186084,13133.045826292682
110,12311.910705453074,29.45433183122745,42.0648942572769,12353.975599710351,162.90585552129252,13062.616071227974
111,12244.151546128167,29.292228579253987,43.378587823668056,12287.530133951836,162.13819301231283,12992.831273555395
112,12176.951359021688,29.1314625813916,44.72272191581054,12221.674080937499,161.38397036575444,12923.694352028531
113,12110.314387468638,28.97204398915942,46.097379098962996,12156.4117665676,160.6428923921028,12855.208348473247
114,12044.244948302894,28.81398312991123,47.502609417094845,12091.74755771999,159.91467085837536,12787.376375953922
115,11978.747376522128,28.65729037445485,48.93842910895234,12027.68580563108,159.19902442500182,12720.201561879838
116,11913.825966053655,28.501975995343674,50.404819364333655,11964.230785417989,158.49567856108354,12653.686987158702
117,11849.484908055507,28.348050019271547,51.90172512950206,11901.38663318501,157.80436543742724,12587.835622837818
118,11785.728228396953,28.19552207750467,53.42905397574077,11839.157282372693,157.1248237978308,12522.650265893257
119,11722.55972608516,28.044401258576936,54.98667505096386,11777.546401136124,156.45679881015894,12458.133475960316
120,11659.982914429062,27.89469596753364,56.57441814061549,11716.557332569677,155.80004189971635,12394.287514833442
121,11598.000966697293,27.74641379592654,58.192072870365045,11656.193039567657,155.15431056821564,12331.114290539395
122,11536.616667944541,27.59956140656589,59.839388088889464,11596.45605603343,154.5193682022306,12268.615307713133
123,11475.832374584586,27.45414443680523,61.51607147387562,11537.348446058462,153.89498387536713,12206.791625916308
124,11415.649983164618,27.3101674238388,63.22178940780737,11478.871772572425,153.28093214848653,12145.643827418342
125,11356.07090964375,27.167633755128588,64.95616717160735,11421.027076815357,152.6769928721793,12085.171995809336
126,11297.096080278023,27.02654564659814,66.71878950319275,11363.814869781216,152.0829509953396,12025.375706610943
127,11238.725934922437,26.886904150532146,68.50920156381589,11307.235136486253,151.49859638316576,11966.254030753025
128,11180.960443156988,26.748709194155474,70.32691034700802,11251.287353503996,150.92372364726435,11907.805551369596
129,11123.799133091585,26.61195964854446,72.17138655244007,11195.970519644025,150.35813198980026,11850.028393799656
130,11067.24113200973,26.4766534258606,74.04206692976632,11141.283198939496,149.80162506287945,11792.920267963022
131,11011.285217218861,26.342787601002062,75.93835707578471,11087.223574294647,149.25401084361062,11736.478521464353
132,10955.929874652236,26.210358551799608,77.85963464309569,11033.789509295331,148.7151015246197,11680.700200927427
133,10901.173362066515,26.079362110206972,79.80525289188395,10980.978614958398,148.1847134192202,11625.582118332006
134,10847.013773234135,25.949793715871138,81.77454449135928,10928.788317725495,147.66266688000084,11571.120918653498
135,10793.44909946173,25.821648563305573,83.76682545714154,10877.215924918872,147.1487862292957,11517.313145016307
136,10740.477285174402,25.69492173486699,85.78139909863123,10826.258684273032,146.64289969984696,11464.155297967367
137,10688.09627509693,25.56960831362902,87.8175598483659,10775.913834945297,146.14483938393883,11411.64388626543
138,10636.304051666086,25.445703472885373,89.87459685407109,10726.178648520157,145.6544411893414,11359.775467693793
139,10585.0986624574,25.323202541764115,91.95179723220484,10677.050459689604,145.1715448005116,11308.54667957183
140,10534.47823841887,25.20210104884897,94.04844890625407,10628.526687325124,144.69599364361108,11257.954259674832
141,10484.441004380828,25.082394747322553,96.1638429799294,10580.604847360757,144.2276348539848,11207.99505897559
142,10434.985283580341,24.96407962579029,98.29727562080575,10533.282559201147,143.76631924477294,11158.666047915909
143,10386.109497798825,24.84715190860963,100.44804945080834,10486.557547249633,143.31190127531275,11109.964317797243
144,10337.812164288842,24.7316080485379,102.61547445458051,10440.427638743422,142.86423901793353,11061.887078471433
145,10290.091890074393,24.617444713096635,104.79886842502611,10394.89075849942,142.4231941217042,11014.431652928834
146,10242.947363617968,24.504658764636286,106.99755696832689,10349.944920586295,141.98863177169358,10967.595468793163
147,10196.377343398952,24.393247233011845,109.21087309048087,10305.588216489432,141.56042064239224,10921.376046283838
148,10150.380642706334,24.283207279201754,111.43815638625561,10261.818799092589,141.13843284414818,10875.770981964633
149,10104.956109982852,24.174536148284332,113.6787518516416,10218.634861834493,140.7225438617906,10830.777927633282
150,10060.102604338694,24.06723111085812,115.93200834416024,10176.034612682854,140.31263248504231,10786.394563992788
151,10015.818966321613,23.961289393113905,118.19727672265603,10134.016243044269,139.9085807308109,10742.618569223296
152,9972.10398460014,23.856708097129523,120.4739077094496,10092.57789230959,139.51027375794698,10699.44758315666
153,9928.956359753407,23.7534841142426,122.7612495319709,10051.717609285379,139.11759977551168,10656.879168308855
154,9886.374666793483,23.65161403539111,125.05864541648367,10011.433312209967,138.73044994594562,10614.91076947483
155,9844.357318254268,23.551094062809252,127.36543102106445,9971.722749275332,138.34871828474675,10573.53967381398
156,9802.902529673585,23.45191992744877,129.6809319063812,9932.583461579967,137.97230155833316,10532.762973358716
157,9762.008289050582,23.354086815910485,132.00446114916113,9894.012750199743,137.60109918168533,10492.577531640074
158,9721.672331453246,23.257589309696762,134.33531720331885,9856.007648656565,137.2350131171708,10452.979955716259
159,9681.892119444188,23.162421338383226,136.6727821071244,9818.564901551312,136.87394777567624,10413.966574375503
160,9642.664829471723,23.06857614706154,139.01612012190378,9781.680949593627,136.51780992085918,10375.533422749364
161,9603.987343898116,22.97604627726822,141.36457686961705,9745.351920767733,136.16650857701683,10337.676233077756
162,9565.85624798072,22.884823559762488,143.71737901474262,9709.573626995463,135.81995494078691,10300.390430987885
163,9528.267830869867,22.79489911691356,146.07373451193953,9674.341565381807,135.47806229666767,10263.671136372312
164,9491.218089585289,22.70626337221361,148.43283341672486,9639.650923002013,135.14074593618201,10227.513167824405
165,9454.70273495073,22.61890606447543,150.79384923355258,9605.496584184282,134.80792308042106,10191.911049584114
166,9418.717198571234,22.532816264524484,153.15594075564664,9571.87313932688,134.47951280568049,10156.85902003159
167,9383.256640142276,22.44798239268487,155.51825433486152,9538.774894477137,134.15543597194483,10122.351040955098
168,9348.315954607657,22.364392235903484,157.87992650849242,9506.19588111615,133.83561515406842,10088.380807036347
169,9313.8897789584,22.28203296401531,160.2400869037188,9474.12986586212,133.51997457563618,10054.941755266138
170,9279.972498715182,22.20089114525163,162.59786133918652,9442.57036005437,133.20844004564393,10022.027074252921
171,9246.558254374082,22.120952761660483,164.95237504663973,9411.510629420722,132.9009388983049,9989.629713628348
172,9213.640948275211,22.042203225538785,167.3027559426078,9380.94370421782,132.59739993643967,9957.742393941333
173,9181.214252455084,21.964627398217903,169.6481378896826,9350.862390344766,132.2977533790227,9926.357617543516
174,9149.271618056577,21.888209612575544,171.98766389737256,9321.25928195395,132.00193081351438,9895.467680992737
175,9117.806286781957,21.812933700435305,174.32048922231346,9292.12677600427,131.70986515358547,9865.064689422366
176,9086.81130467541,21.73878302553926,176.64578433533057,9263.45708901074,131.42149060272666,9835.140573132601
177,9056.279538271101,21.665740522179668,178.96273772756933,9235.242275998671,131.13674262402913,9805.687106413197
178,9026.203692855368,21.59378873888844,181.27055852955564,9207.474251384923,130.85555791614587,9776.695928320158
179,8996.576332372953,21.522909886059697,183.56847891658757,9180.144811289541,130.57787439513754,9748.15856490839
180,8967.389900425635,21.45308588618573,185.85575627333606,9153.245656698971,130.30363118162535,9720.06645233904
181,8938.636741923736,21.38429842565487,188.131675092637,9126.768417016372,130.03276859248535,9692.410960393683
182,8910.309125278158,21.316529007842483,190.39554859073263,9100.70467386889,129.76522813626096,9665.183416261625
183,8882.39926548459,21.24975900833634,192.64672003497225,9075.045985519562,129.50095251154892,9638.3751289448
184,8854.899348901385,21.18396973421384,194.88456379933652,9049.783912700721,129.2398856077815,9611.97741509457
185,8827.801560797714,21.119142489946686,197.10848618463842,9024.910046982353,128.98197250798006,9585.981627392066
186,8801.098116652127,21.055258652277814,199.31792605848642,9000.416042710613,128.7271594930788,9560.379186505505
187,8774.78129768709,20.992299755232274,201.51235537928014,8976.29365306637,128.47539404721596,9535.16161717176
188,8748.84349029541,20.93024758443878,203.69127966458962,8952.53476996,128.22662486296574,9510.320588113902
189,8723.27722805709,20.86908427764854,205.85423844659636,8929.131466503686,127.98080184492014,9485.847954529088
190,8698.075234238155,20.80879242640707,208.0008057289929,8906.076039967147,127.73787610953279,9461.735801043615
191,8673.230462164902,20.749355172643305,210.13059042662135,8883.361052591523,127.49779997890852,9437.976482499775
192,8648.736130762629,20.690756293690498,212.24323673728037,8860.97936749991,127.2605269664389,9414.562659803918
193,8624.585752715588,20.632980269654517,214.3384243690107,8838.924177084598,127.02601175285932,9391.487328209536
194,8600.77315303947,20.57601232784562,216.4158685280562,8817.189021567527,126.79421015232916,9368.743835730158
195,8577.292476295414,20.519838460036876,218.47531956381403,8795.767795859227,126.56507906927897,9346.32588981059
196,8554.138181275273,20.46444540974946,220.51656216921265,8774.654743444486,126.33857644777802,9324.22755099232
197,8531.305022880504,20.40982062890073,222.53941405090342,8753.844436931407,126.11466121587495,9302.443213220464
198,8508.78802211093,20.35595220600701,224.54372401572635,8733.331746126656,125.89329322766116,9280.967571666983
199,8486.582426430017,20.30282877136368,226.5293694672962,8713.111795897314,125.67443320574124,9259.795580342288
200,8464.683663953858,20.250439387449422,228.49625336353864,8693.179917317397,125.45804268644194,9238.922403003418
201,8443.087295591806,20.19877343443016,230.44430074271207,8673.531596334518,125.24408396957246,9218.343361602158
202,8421.788969243215,20.147820500581854,232.37345497083976,8654.162424214055,125.03252007396017,9198.053886535781
203,8400.78437946257,20.097570285795623,234.2836738891159,8635.068053351686,124.82331469940411,9178.049472294093
204,8380.06923484911,20.048012523562466,236.17492604240084,8616.24416089151,124.6164321951593,9158.325640940453
205,8359.639234101656,19.999136923688173,238.04718715144816,8597.686421253104,124.41183753462619,9138.877914528728
206,8339.490050479744,19.950933135119005,239.9004369578969,8579.39048743764,124.20949629557099,9119.701796323374
207,8319.617323497976,19.903390726071713,241.7346565296632,8561.351980027639,124.00937464496049,9100.792759733216
208,8300.016656125357,19.85649917733339,243.54982607196,8543.566482197317,123.81143932734105,9082.14624327125
209,8280.683615537855,19.810247884061855,245.3459232507993,8526.029538788654,123.61565765563088,9063.757649590649
210,8261.613735517234,19.764626161524482,247.12292200450116,8508.736657521735,123.42199750320566,9045.622346660679
211,8242.802518830144,19.719623250789816,248.8807917957232,8491.683310625867,123.2304272962346,9027.735669364487
212,8224.245438265663,19.675228321209723,250.61949724192493,8474.864935507589,123.04091600535891,9010.092920130899
213,8205.937935421194,19.631430467514818,252.33899805541054,8458.276933476605,122.85343313598072,8992.68936761812
214,8187.875416759671,19.588218700381987,254.03924922434788,8441.914665984019,122.66794871663738,8975.520242901392
215,8170.053246892038,19.545581930363728,255.72020137267475,8425.773448264714,122.48443328517163,8958.58073305521
216,8152.466739495168,19.50350894616069,257.381801249057,8409.848540744226,122.30285787265078,8941.865972490257
217,8135.111146729711,19.461988389305528,259.0239923128315,8394.135139042543,122.12319398524687,8925.371032878367
218,8117.981648526038,19.42100872853119,260.646715408159,8378.628363934196,121.94541358455147,8909.090913026996
219,8101.073343641205,19.38055823837609,262.2499095463896,8363.323253187595,121.7694890670708,8893.020530629352
220,8084.381244940629,19.34062498789624,263.8335128502707,8348.2147577909,121.59539324392226,8877.154718401962
221,8067.900281821107,19.301196846461977,265.3974637500178,8333.297745571124,121.42309932201982,8861.48822762191
222,8051.625312944857,19.262261514222146,266.9417025557848,8318.567015500641,121.25258088826381,8846.015742364589
223,8035.551152233946,19.223806584291736,268.4661735556128,8304.017325789559,121.0838118983792,8830.731907547508
224,8019.672610134303,19.185819641469624,269.97082779073367,8289.643437925037,120.91676667199641,8815.63137294822
225,8003.984550317067,19.148288397887722,271.4556266274356,8275.440176944503,120.75141989523797,8800.708853488788
226,7988.4819592539225,19.111200859459146,272.9205461651007,8261.402505419022,120.58774663139829,8785.959203265606
227,7973.160022903312,19.074545509338066,274.36558239108246,8247.525605294395,120.42572233926867,8771.377497470214
228,7958.014201880432,19.038311487752228,275.79075682847247,8233.804958708904,120.26532289740308,8756.959113312609
229,7943.040295007506,19.002488744037095,277.19612225533444,8220.23641726284,120.1065246313837,8742.69979940936
230,7928.234481886635,18.967068138484773,278.5817679501486,8206.816249836784,119.94930434029527,8728.595723717068
231,7913.593338324765,18.93204147924585,279.9478238830501,8193.541162207815,119.79363931844262,8714.64349324304
232,7899.11382330762,18.897401491166555,281.2944633501413,8180.408286657761,119.6395073689953,8700.84014371289
233,7884.7932413873095,18.863141725806962,282.62190372866934,8167.415145115979,119.48688680758282,8687.183102728965
234,7870.629188270603,18.829256431269386,283.9304052713066,8154.55959354191,119.33575645553532,8673.670134123488
235,7856.619489126115,18.79574040460793,285.2202680988291,8141.839757224944,119.18609562404143,8660.299273189525
236,7842.762138552173,18.762588848210942,286.4918277387819,8129.253966290955,119.03788409160262,8647.068762089426
237,7829.055248902153,18.729797246177398,287.7454496626057,8116.800698564759,118.89110207765447,8633.976992602556
238,7815.497010691886,18.697361269597813,288.981523291728,8104.478533983614,118.74573021512252,8621.022460419397
239,7802.08566596643,18.66527671283835,290.20045589177346,8092.286121858203,118.60174952416784,8608.203732288333
240,7788.819493335925,18.633539457741445,291.40266668051925,8080.222160016444,118.45914138865885,8595.51942505711
241,7775.69680205755,18.60214545946782,292.5885813666418,8068.285383424191,118.31788753617761,8582.968194206564
242,7762.715932046325,18.57109074652231,293.7586272337744,8056.474559280099,118.17797002174567,8570.548728874694
243,7749.875256814321,18.540371427785455,294.9132288011922,8044.788485615513,118.03937121500178,8558.259750400772
244,7737.173186875135,18.509983700658218,296.05280403459034,8033.225990909726,117.90207379028746,8546.100011897475
245,7724.608171907305,18.479923856237573,297.1777610483326,8021.785932955638,117.76606071897373,8534.068297083173
246,7712.178700750175,18.45018827930664,298.288495230815,8010.46719598099,117.63131526336075,8522.163417376609
247,7699.883299013694,18.420773442616493,299.3853867315213,7999.268685745215,117.4978209715569,8510.384206971488
248,7687.720524609539,18.39167589619507,300.46879826541436,7988.189322874953,117.365561672862,8498.729516151903
249,7675.688961840386,18.362892253206663,301.53907321120425,7977.22803505159,117.23452147330906,8487.198203460484
250,7663.787214812444,18.33441917419245,302.59653399962417,7966.383748812068,117.10468475114156,8475.789127479533
251,7652.013900910759,18.306253351461145,303.64148080259827,7955.655381713357,116.97603615210349,8464.501138975007
252,7640.367644932137,18.27839149505296,304.6741905423671,7945.041835474504,116.84856058449577,8453.33307401706
253,7628.847074286288,18.250830321259063,305.69491624104637,7934.541990527335,116.72224321400202,8442.283748508244
254,7617.45081547188,18.2235665441911,306.7038867266962,7924.154702198576,116.597069458316,8431.35195434225
255,7606.177491866114,18.196596870493096,307.7013067033693,7913.8787985694835,116.4730249816165,8420.536457239516
256,7595.025722723514,18.169917996946207,308.68735718158564,7903.7130799051,116.35009568893712,8409.835996151976
257,7583.994123213082,18.143526610557615,309.66219625393114,7893.656319467013,116.2282677204777,8399.249284051091
258,7573.081305259311,18.117419390572515,310.6259601893295,7883.707265448641,116.10752744589672,8388.775009838291
259,7562.285878965547,18.0915930118793,311.57876480995265,7873.8646437755,115.98786145862037,8378.411841120498
260,7551.6064544001,18.066044149282536,312.5207071072691,7864.127161507369,115.86925657019877,8368.158427587734
261,7541.0416435673615,18.04076948221857,313.45186704861936,7854.493510615981,115.75169980473682,8358.013404766587
262,7530.590062417324,18.015765699562976,314.37230952295056,7844.962371940274,115.63517839342471,8347.975397951672
263,7520.250332788366,17.991029504278387,315.28208637376537,7835.532419162131,115.51967976919131,8338.043026158113
264,7510.021084211719,17.966557617731386,316.18123846867405,7826.202322680393,115.40519156150225,8328.214905972927
265,7499.900955537145,17.942346783581687,317.06979775785857,7816.970753295003,115.29170159132246,8318.489655217256
266,7489.888596357484,17.918393771190154,317.94778927794704,7807.836385635431,115.17919786626052,8308.865896353664
267,7479.982668234731,17.894695378551987,318.8152330629129,7798.797901297644,115.067668575911,8299.342259602856
268,7470.18184573377,17.871248434769786,319.6721459293682,7789.853991663139,114.957102087405,8289.91738574335
269,7460.48481728347,17.848049802113565,320.5185431097363,7781.003360393206,114.84748694117843,8280.589928587333
270,7450.89028588225,17.825096377708732,321.3544397130294,7772.244725595279,114.7388118469618,8271.358557129563
271,7441.396969675322,17.80238509491704,322.1798519991096,7763.576821674432,114.63106567999213,8262.221957382397
272,7432.003602417365,17.779912924443458,322.99479845820883,7754.998400875574,114.524237477444,8253.178833902455
273,7422.708933846448,17.75767687523074,323.7993006929868,7746.508234539435,114.41831643507203,8244.227911031998
274,7413.511729981341,17.73567399517067,324.59338410539215,7738.105114086733,114.31329190405597,8235.367933869376
275,7404.410773360462,17.713901371675746,325.37707839500683,7729.787851755469,114.20915338803432,8226.597668993418
276,7395.404863228131,17.692356132124715,326.15041787931176,7721.555281107443,114.10589054031314,8217.915904957805
277,7386.492815684028,17.671035444220163,326.91344164941364,7713.406257333441,114.0034931612317,8209.3214525848
278,7377.67346379694,17.649936516260624,327.66619357719526,7705.339657374136,113.90195119567025,8200.8131450753
279,7368.945657689936,17.629056597344345,328.40872219161145,7697.354379881547,113.80125473067926,8192.389837960001
280,7360.308264600246,17.60839297751255,329.14108044298064,7689.4493450432265,113.7013939932157,8184.050408913715
281,7351.760168912582,17.587942987829145,329.86332537466126,7681.623494287243,113.60235934796675,8175.793757450899
282,7343.300272172079,17.56770400041167,330.57551772149895,7673.875789893577,113.50414129524749,8167.618804527904
283,7334.927493069015,17.547673428394774,331.277721453951,7666.205214522966,113.40673046895644,8159.524492062927
284,7326.640767403139,17.52784872584483,331.9700032859065,7658.610770689045,113.31011763457714,8151.509782399456
285,7318.439048018581,17.50822738760426,332.652432162982,7651.091480181563,113.21429368721445,8143.573657720946
286,7310.321304716539,17.48880694908263,333.32507874656426,7643.646383463103,113.11924964965608,8135.715119439107
287,7302.286524138937,17.46958498597832,333.98801490715846,7636.274539046096,113.02497667045262,8127.933187562565
288,7294.333709627188,17.450559113940642,334.6413132387471,7628.975022865935,112.93146602200997,8120.226900061678
289,7286.461881054952,17.431726988169743,335.2850466039331,7621.746927658885,112.83870909869052,8112.595312238189
290,7278.6700746358565,17.413086302956593,335.91928771769824,7614.589362353555,112.74669741492089,8105.037496108461
291,7270.957342709458,17.394634791170954,336.5441087756908,7607.501451485149,112.65542260330531,8097.552539809527
292,7263.3227535055685,17.37637022369753,337.1595811311296,7600.482334636698,112.56487641274481,8090.139547032139
293,7255.765390891181,17.358290408830577,337.7657750226898,7593.531165913871,112.47505070656358,8082.797636487422
294,7248.284354104193,17.340393191636824,338.36275935417757,7586.647113458371,112.38593746064504,8075.5259414121765
295,7240.878757472676,17.322676453283915,338.9506015254084,7579.829358998084,112.29752876157967,8068.323609110956
296,7233.547730129056,17.30513811035659,339.5293673124948,7573.077097441551,112.20981680482801,8061.189800542553
297,7226.290415719268,17.287776114160927,340.09912079475924,7566.389536514027,112.12279389290242,8054.123689948153
298,7219.105972108954,17.27058845002142,340.65992432467,7559.765896433624,112.03645243357067,8047.124464519657
299,7211.9935710937225,17.253573136587853,341.211838536604,7553.205409630326,111.95078493808496,8040.191324110996
300,7204.952398112835,17.236728225150323,341.7549223898196,7546.7073205026545,111.86578401943932,8033.323480987216
301,7197.98165196839,17.22005179896744,342.2892332407814,7540.270885209171,111.7814423906587,8026.520159608536
302,7191.080544553982,17.20354197261718,342.814826939898,7533.89537149388,111.6977528631217,8019.78059644846
303,7184.248300593741,17.187196891372587,343.33175794779294,7527.580058541534,111.61470834491999,8013.104039841935
304,7177.484157389239,17.171014730596266,343.84007946640276,7521.324236855642,111.53230183925498,8006.489749856401
305,7170.787364579658,17.154993695166645,344.3398435804738,7515.127208160132,111.45052644287404,7999.936998186634
306,7164.157183910595,17.13913201892487,344.8311014053789,7508.988285315974,111.36937534454667,7993.445068064752
307,7157.592889015863,17.123427964152782,345.31390323757876,7502.906792253441,111.28884182358051,7987.013254186017
308,7151.093765206788,17.10787982106887,345.7882987044959,7496.882063911284,111.20891924837844,7980.64086264173
309,7144.65910927186,17.092485907348948,346.25433691102586,7490.913446182886,111.12960107503437,7974.3272108592855
310,7138.288229283719,17.0772445676644,346.7120665803709,7485.000295864091,111.05088084596892,7968.071627544055
311,7131.980444413593,17.062154173238262,347.16153618732926,7479.141980600923,110.9727521886023,7961.873452621343
312,7125.735084751803,17.047213121415798,347.602794082596,7473.337878834399,110.89520881406406,7955.732037175578
313,7119.551491132553,17.032419835245342,348.0358886070296,7467.5873797395825,110.81824451593738,7949.64674338391
314,7113.42901496117,17.017772763065,348.4608681951876,7461.889883156357,110.74185316903655,7943.616944441666
315,7107.367018046825,17.003270378102453,348.8777814677522,7456.244799514578,110.66602872821582,7937.642024482317
316,7101.364872434253,16.988911178072374,349.28667731273197,7450.6515497469845,110.59076522720726,7931.721378485336
317,7095.42196023541,16.974693684773708,349.6876049555533,7445.109565190963,110.51605677748606,7925.854412173027
318,7089.537673464414,16.96061644369477,350.0806140183322,7439.618287482746,110.4418975671613,7920.040541899898
319,7083.711413867599,16.946678023606697,350.4657545687585,7434.1771684363575,110.36828185988995,7914.279194526879
320,7077.942592754971,16.93287701616022,350.8430771591276,7428.785669914098,110.29520399381252,7908.569807287183
321,7072.230630828169,16.91921203547409,351.21263285611883,7423.443263684288,110.22265838050876,7902.9118276395
322,7066.574958006519,16.905681717718945,351.57447326196467,7418.1494312684845,110.15063950397162,7897.304713110761
323,7060.975013250689,16.89228472069543,351.92865052766535,7412.903663778354,110.0791419195977,7891.747931128604
324,7055.430244384144,16.879019723407044,352.2752173589012,7407.705461743046,110.00816025319367,7886.240958844438
325,7049.9401079108575,16.86588542562406,352.6142270152742,7402.554334926132,109.93768919999651,7880.783282946117
326,7044.504068831697,16.85288054744425,352.9457333034828,7397.449802135179,109.8677235237071,7875.374399463305
327,7039.121600458511,16.84000382884811,353.2697905649919,7392.391391023503,109.79825805553665,7870.013813565088
328,7033.792184224389,16.827254029244948,353.5864536587255,7387.378637883114,109.7292876932641,7864.701039348813
329,7028.515309494603,16.81462992702058,353.89577793926344,7382.411087433866,109.66080740030489,7859.435599625192
330,7023.290473375238,16.802130319079517,354.19781923098725,7377.4882926062255,109.59281220479012,7854.217025697062
331,7018.117180519566,16.78975402038174,354.4926337985827,7372.609814318149,109.52529719865599,7849.044857132302
332,7012.994942937303,16.77749986348637,354.7802783142761,7367.775221251579,109.45825753674313,7843.918641536411
333,7007.923279799943,16.765366698085987,355.0608098221556,7362.9840896220985,109.39168843590546,7838.837934318287
334,7002.901717249494,16.75335339054903,355.33428569990645,7358.2360029494,109.32558517412892,7833.802298456861
335,6997.929788208428,16.74145882346514,355.60076361827873,7353.530551826707,109.25994308965963,7828.811304266726
336,6993.007032187429,16.729681895185237,355.86030149859187,7348.867333686021,109.19475758014144,7823.864529159637
337,6988.132995100812,16.71802151937993,356.11295746857775,7344.245952569389,109.13002410176384,7818.961557412062
338,6983.307229079434,16.706476624591946,356.3587898168635,7339.666018896298,109.06573816841848,7814.101979928918
339,6978.52929228819,16.6950461537995,356.5978569463937,7335.127149234584,109.00189535086653,7809.285394010853
340,6973.798748748039,16.683729063990523,356.8302173270962,7330.6289660751345,108.93849127591575,7804.511403125368
341,6969.115168158234,16.672524325737403,357.0559294481015,7326.171097606336,108.87552162560706,7799.779616677726
342,6964.478125725407,16.661430922788057,357.2750517698239,7321.753177495231,108.81298213641233,7795.089649788625
343,6959.887201994016,16.650447851660328,357.4876426762185,7317.374844670235,108.75086859844137,7790.441123073455
344,6955.341982682499,16.63957412125,357.6937604275282,7313.035743110027,108.68917685466039,7785.8336624278
345,6950.842058522647,16.628808752446524,357.89346311382866,7308.735521636476,108.62790280012044,7781.266898817
346,6946.387025102833,16.618150777757972,358.08680860967786,7304.473833712511,108.56704238119659,7776.740468070716
347,6941.97648271692,16.60759924094957,358.27385453016404,7300.250337247084,108.50659159483754,7772.254010684627
348,6937.61003621567,16.597153196688208,358.45465818863465,7296.064694404305,108.44654648782661,7767.80717162635
349,6933.287294863603,16.586811710200006,358.62927655637077,7291.9165714199735,108.38690315605292,7763.399600148804
350,6929.007872199714,16.576573856937117,358.7977662244542,7287.805638424168,108.32765774379371,7759.030949609671
351,6924.77138590158,16.566438722252585,358.9601833680456,7283.731569269626,108.26880644300704,7754.7008772967065
352,6920.577457654394,16.556405401087066,359.1165837132719,7279.694041367666,108.21034549263595,7750.409044260632
353,6916.425713024006,16.546472997665084,359.26702250688675,7275.692735530893,108.15227117792257,7746.155115154856
354,6912.315781333265,16.536640625199198,359.41155448883944,7271.727335822104,108.09457982973373,7741.9387580814455
355,6908.247295542329,16.52690740560366,359.5502338678558,7267.797529410185,108.0372678238965,7737.759644444135
356,6904.219892132487,16.517272469216476,359.6831143000995,7263.903006432586,107.98033158054501,7733.617448807957
357,6900.233210994588,16.50773495453251,359.81024887095003,7260.043459865538,107.9237675634774,7729.511848766665
358,6896.286895319501,16.49829400794139,359.93169007990264,7256.218585399403,107.86757227952295,7725.442524815328
359,6892.380591492957,16.488948783475973,360.0474898285581,7252.4280813215155,107.81174227792033,7721.409160230469
360,6888.513948994689,16.479698442571024,360.1576994116476,7248.671648406336,107.75627414970556,7717.411440957556
361,6884.686620299003,16.470542153825367,360.26236951100157,7244.948989810005,107.70116452710982,7713.449055502932
362,6880.898260779501,16.461479092773924,360.3615501923532,7241.259810971854,107.64641008296812,7709.521694832765
363,6877.148528618129,16.452508441670165,360.4552909048374,7237.603819522966,107.59200753013718,7705.629052279062
364,6873.437084716334,16.443629389273525,360.5436404830297,7233.980725199363,107.53795362092333,7701.77082345038
365,6869.763592610598,16.434841130647364,360.62664715135276,7230.39023976195,107.48424514651998,7697.946706149312
366,6866.127718389402,16.42614286696029,360.70435853066016,7226.832076920062,107.43087893645468,7694.156400293639
367,6862.529130615733,16.417533805300796,360.7768216468034,7223.305952262536,107.37785185804529,7690.399607845034
368,6858.967500251803,16.40901315849714,360.84408294097364,7219.811583192777,107.32516081586581,7686.676032741793
369,6855.442500587115,16.400580144945252,360.9061882816118,7216.348688868728,107.2728027512205,7682.985380836537
370,6851.95380717016,16.39223398844536,360.9631829776747,7212.916990147834,107.22077464162764,7679.327359838915
371,6848.501097743301,16.383973918046173,361.01511179305,7209.516209536351,107.16907350031141,7675.7016792627055
372,6845.084052181518,16.375799167898368,361.0620189619158,7206.146071143434,107.11769637570254,7672.108050377739
373,6841.702352433443,16.367708977113498,361.10394820484646,7202.806300638289,107.0666403509475,7668.546186164911
374,6838.355682466974,16.35970258963391,361.1409427454764,7199.49662521245,107.01590254342504,7665.0158012763495
375,6835.043728218181,16.351779254110482,361.1730453275422,7196.216773545723,106.96548010427185,7661.5166119993055
376,6831.766177542429,16.343938223785717,361.2002982321371,7192.966475774567,106.91537021791503,7658.048336222497
377,6828.522720170482,16.336178756388712,361.2227432950212,7189.745463465503,106.8655701016126,7654.610693407518
378,6825.313047665879,16.328500114033204,361.24042192384843,7186.553469589728,106.8160770050014,7651.203404561484
379,6822.136853388247,16.320901563129777,361.2533751151817,7183.390228503428,106.7668882096519,7647.826192215414
380,6818.99383245777,16.313382374300886,361.2616434711832,7180.255475928953,106.71800102863031,7644.478780403495
381,6815.883681723204,16.305941822304316,361.265267215882,7177.148948939086,106.66941280606744,7641.160894645479
382,6812.8060997333605,16.29857918596498,361.2642862109327,7174.070385944293,106.62112091673401,7637.872261932086
383,6809.760786712494,16.291293748116015,361.25873997079384,7171.019526683288,106.57312276562232,7634.612610713745
384,6806.747444535615,16.284084795539748,361.24866767726826,7167.9961122128825,106.52541578753468,7631.381670888658
385,6803.7657767112,16.276951618926315,361.23410819335913,7164.999884904559,106.47799744667725,7628.179173797605
386,6800.815488361934,16.269893512827593,361.2151000764053,7162.030588438339,106.43086523626005,7625.00485221607
387,6797.896286212487,16.26290977562796,361.19168159047365,7159.0879678029605,106.38401667810253,7621.858440352707
388,6795.007878575256,16.25599970951018,361.1638907179928,7156.171769293249,106.33744932224486,7618.739673845014
389,6792.149975343067,16.24916262043796,361.1317651706229,7153.28174051369,106.29116074656444,7615.648289761246
390,6789.322287981497,16.24239781813755,361.09534239936306,7150.41763038086,106.24514855639757,7612.584026601189
391,6786.524529522941,16.23570461608359,361.05465960390643,7147.579189126847,106.19941038416617,7609.54662429797
392,6783.756414565463,16.229082331496322,361.0097537412556,7144.766168306719,106.15394388900953,7606.535824223911
393,6781.017659270703,16.22253028533661,360.9606615336206,7141.978320804324,106.10874675642074,7603.5513691947535
394,6778.307981365113,16.216047802308882,360.9074194756235,7139.215400840736,106.06381669788769,7600.593003476548
395,6775.62710014289,16.20963421086816,360.8500638408355,7136.477163983726,106.01915145053874,7597.66047279357
396,6772.974736469809,16.203288843229206,360.78863068767976,7133.763367157489,105.97474877679262,7594.753524336536
397,6770.350612788925,16.197011035380203,360.7231558647305,7131.073768653656,105.930606464013,7591.871906772112
398,6767.754453127255,16.190800127098697,360.65367501544483,7128.4081281427,105.88672232416656,7589.015370252824
399,6765.185983104594,16.184655461972714,360.5802235823626,7125.766206686956,105.84309419348605,7586.18366642862
400,6762.64492994183,16.178576387420645,360.5028368108078,7123.147766752638,105.79971993213694,7583.376548457433
401,6760.131022471505,16.17256225471652,360.4215497521341,7120.55257222364,105.7565974238878,7580.593771017551
402,6757.643991148514,16.166612419015586,360.3363972665436,7117.980388415058,105.7137245757853,7577.835090319724
403,6755.183568061623,16.160726239381873,360.24741402552166,7115.430982087145,105.67109931783224,7575.100264119716
404,6752.749486946172,16.15490307881859,360.1546345139198,7112.904121460091,105.62871960267032,7572.389051731707
405,6750.341483196238,16.14914230429722,360.0580930317215,7110.39957622796,105.58658340526571,7569.701214040866
406,6747.959293878224,16.14344328679001,359.9578236955274,7107.917117573752,105.54468872259912,7567.036513517058
407,6745.602657742478,16.137805401297793,359.8538604397901,7105.456518182268,105.50303357335932,7564.394714226381
408,6743.271315239069,16.132228026887724,359.7462370178307,7103.0175522569,105.46161599764017,7561.775581846635
409,6740.965008529871,16.12671054672218,359.63498700266894,7100.59999553254,105.42043405664184,7559.178883678932
410,6738.683481502008,16.12125234809093,359.5201437876934,7098.203625289701,105.37948583237497,7556.604388660533
411,6736.426479781275,16.11585282244324,359.4017405872013,7095.828220368476,105.33876942736924,7554.051867377532
412,6734.193750745711,16.11051136542036,359.27981043683144,7093.473561182543,105.29828296438524,7551.521092077618
413,6731.985043537728,16.105227376884518,359.1543861939178,7091.1394297316465,105.25802458613009,7549.011836681312
414,6729.800109076155,16.10000026094774,359.02550053778214,7088.825609613938,105.21799245497665,7546.523876793086
415,6727.63870006908,16.094829426002583,358.8931859699903,7086.531886039071,105.17818475268663,7544.056989713257
416,6725.500571024088,16.08971428474662,358.7574748145895,7084.258045838677,105.13859968013738,7541.610954447275
417,6723.385478259732,16.084654254209884,358.61839921834417,7082.003877478076,105.09923545705229,7539.185551716253
418,6721.29317991483,16.079648755777104,358.4759911509865,7079.769171065816,105.06009032173517,7536.780563965364
419,6719.223435958305,16.074697215211255,358.33028240549595,7077.553718363802,105.02116253080834,7534.395775372818
420,6717.176008197257,16.069799062672864,358.18130459841825,7075.357312795675,104.9824503589544,7532.030971857127
421,6715.150660284358,16.0649537327377,358.0290891702367,7073.179749454595,104.9439520986621,7529.685941083775
422,6713.147157725092,16.060160664414095,357.87366738580266,7071.020825110895,104.90566605997574,7527.36047247179
423,6711.165267882711,16.05541930115481,357.7150703348325,7068.880338217544,104.86759057024912,7525.054357198127
424,6709.204759983606,16.050729090869872,357.55332893247544,7066.758088916082,104.82972397390267,7522.767388202558
425,6707.26540512088,16.04608948593512,357.38847391995904,7064.6538790408395,104.79206463218492,7520.499360190844
426,6705.34697625728,16.041499943199234,357.22053586530853,7062.567512122589,104.75461092293793,7518.250069637368
427,6703.4492482261885,16.036959923986096,357.0495451641455,7060.498793390334,104.71736124036683,7516.01931478593
428,6701.571997733439,16.032468894099136,356.87553204056155,7058.447529774001,104.68031399481293,7513.806895651437
429,6699.71500335639,16.028026323819116,356.6985265480655,7056.413529904456,104.64346761253161,7511.612614018968
430,6697.878045541911,16.023631687899307,356.518558570599,7054.3966041125095,104.60682053547342,7509.436273441819
431,6696.0609066053985,16.019284465563153,356.33565782361666,7052.396564429015,104.57037122107005,7507.277679240669
432,6694.263370725904,16.014984140492594,356.149853855223,7050.413224581127,104.53411814202363,7505.13663849893
433,6692.485223943129,16.010730200820884,355.9611760473586,7048.446399990488,104.49805978610078,7503.012960060027
434,6690.726254150324,16.006522139115607,355.769653617028,7046.495907767352,104.46219465593012,7500.906454520648
435,6688.986251090279,16.002359452369088,355.57531561755917,7044.561566707838,104.42652126880435,7498.816934227137
436,6687.265006345739,15.99824164197545,355.3781909398845,7042.6431972856235,104.39103815648595,7496.744213266337
437,6685.562313333527,15.994168213716572,355.17830831383424,7040.740621647361,104.35574386501722,7494.688107460186
438,6683.87796729386,15.990138677736507,354.97569630942905,7038.853663603289,104.32063695453414,7492.648434355512
439,6682.211765282562,15.986152548522876,354.77038333816324,7036.982148620725,104.28571599908415,7490.625013216741
440,6680.563506158851,15.982209344877633,354.5623976542652,7035.125903813117,104.25097958644808,7488.617665014166
441,6678.9329905763225,15.978308589895509,354.3517673559255,7033.284757932248,104.21642631796578,7486.626212415399
442,6677.3200209701445,15.97444981093336,354.1385203864796,7031.458541356624,104.18205480836545,7484.650479773013
443,6675.7244015457145,15.970632539583049,353.92268453553686,7029.6470860812515,104.14786368559749,7482.6902931136
444,6674.145938265773,15.966856311640605,353.7042874400431,7027.850225705816,104.11385159067054,7480.745480125233
445,6672.584438837279,15.96312066707483,353.4833565852679,7026.067795422547,104.08001717749312,7478.815870144642
446,6671.0397126993485,15.959425149998442,353.25991930570626,7024.299632005055,104.04635911271728,7476.901294145376
447,6669.5115710082155,15.955769308632094,353.03400278588805,7022.545573794104,104.01287607558653,7475.001584722905
448,6667.999826624378,15.952152695273632,352.8056340610852,7020.805460685464,103.97956675778687,7473.116576081837
449,6666.504294098796,15.948574866265062,352.57484001790976,7019.079134116706,103.94642986330136,7471.246104022067
450,6665.024789658498,15.945035381958128,352.34164739479866,7017.366437053297,103.91346410826796,7469.390005924262
451,6663.56113119256,15.941533806680766,352.10608278237686,7015.667213974937,103.8806682208401,7467.5481207355915
452,6662.113138238118,15.938069708703631,351.86817262369885,7013.981310861817,103.84804094105094,7465.720288955389
453,6660.680631967119,15.934642660208418,351.6279432143603,7012.308575181479,103.81558102068013,7463.906352621438
454,6659.263435171325,15.931252237251973,351.3854207024832,7010.648855873808,103.7832872231235,7462.106155294396
455,6657.861372249461,15.927898019735553,351.1406310885684,7009.00200333803,103.75115832326559,7460.319542044235
456,6656.474269193681,15.924579591372442,350.89360022521987,7007.3678694189,103.71919310735493,7458.546359435894
457,6655.101953575586,15.921296539654511,350.64435381673945,7005.746307392325,103.68739037288145,7456.78645551436
458,6653.744254534533,15.918048455824241,350.39291741859347,7004.137171953126,103.65574892845677,7455.039679791913
459,6652.401002764153,15.914834934842473,350.1393164367571,7002.540319200911,103.62426759369671,7453.305883233492
460,6651.07203049963,15.911655575357967,349.8835761269384,7000.955606626569,103.59294519910577,7451.584918242679
461,6649.7571715070335,15.908509979681899,349.6257215936865,6999.38289310072,103.56178058596404,7449.876638649664
462,6648.4562610706,15.905397753757416,349.36577778939153,6997.822038859991,103.53077260621595,7448.18089969703
463,6647.169135982427,15.902318507134993,349.1037695131814,6996.272905495609,103.499920122361,7446.49755802788
464,6645.8956345305905,15.899271852943997,348.83972140972287,6994.735355940314,103.4692220073464,7444.826471672271
465,6644.635596489552,15.896257407869742,348.5736579679343,6993.209254457486,103.43867714446108,7443.167500035892
466,6643.388863110287,15.893274792129874,348.30560351961986,6991.694466629907,103.40828442723188,7441.520503888365
467,6642.155277110244,15.890323629450345,348.03558223803185,6990.190859348276,103.37804275932066,7439.88534535132
468,6640.934682664106,15.887403547043315,347.76361813637163,6988.698300800477,103.34795105442356,7438.26188788722
469,6639.726925395567,15.884514175587482,347.4897350662382,6987.216660461806,103.31800823617075,7436.6499962891485
470,6638.531852368466,15.881655149206857,347.21395671603426,6985.7458090845,103.28821323802853,7435.049536669924
471,6637.349312078819,15.87882610545172,346.9363066093389,6984.285618688158,103.25856500320154,7433.460376452085
472,6636.179154447374,15.876026685280799,346.6568081032577,6982.835962550631,103.22906248453708,7431.882384358367
473,6635.021230812371,15.87325653304395,346.37548438675856,6981.396715199129,103.19970464442983,7430.315430402399
474,6633.875393921986,15.870515296464081,346.09235847900504,6979.967752400991,103.17049045472794,7428.759385879058
475,6632.741497928515,15.867802626623241,345.80745322769474,6978.54895115621,103.14141889663993,7427.2141233565935
476,6631.61939838088,15.865118177944689,345.5207913074128,6977.140189688293,103.1124889606425,7425.679516667087
477,6630.508952219227,15.862461608179968,345.2323952180103,6975.741347437237,103.0836996463895,7424.155440899031
478,6629.410017769591,15.859832578396151,344.94228728301465,6974.3523050526055,103.05504996262107,7422.641772390007
479,6628.322454736462,15.857230752958042,344.65048964808227,6972.972944384544,103.02653892707403,7421.138388717315
480,6627.246124198601,15.854655799518184,344.3570242794989,6971.6031484781,102.99816556639317,7419.64516869191
481,6626.1808886038825,15.852107389004503,344.0619129627382,6970.242801566621,102.96992891604253,7418.161992351406
482,6625.126611762907,15.849585195605039,343.7651773010819,6968.891789063989,102.9418280202182,7416.688740951938
483,6624.083158844983,15.847088896758333,343.4668387143116,6967.549997559295,102.91386193176089,7415.225296962454
484,6623.050396372646,15.8446181731403,343.16691843747464,6966.217314810121,102.88602971207013,7413.771544057626
485,6622.028192216714,15.842172708652427,342.8654375197322,6964.893629736446,102.85833043101803,7412.327367111375
486,6621.016415591532,15.839752190410364,342.5624168232923,6963.578832414824,102.83076316686439,7410.892652190684
487,6620.014937050205,15.837356308732547,342.2578770224335,6962.2728140726385,102.80332700617208,7409.467286549487
488,6619.023628479157,15.83498475712717,341.9518386026215,6960.975467081778,102.77602104372299,7408.051158621974
489,6618.042363094153,15.832637232282663,341.6443218597219,6959.686684953875,102.74884438243461,7406.644158017465
490,6617.071015434687,15.830313434054275,341.3353468993136,6958.406362334001,102.72179613327714,7405.2461755137565
491,6616.109461359234,15.828013065452714,341.02493363610137,6957.134394995335,102.69487541519112,7403.857103051417
492,6615.157578040032,15.825735832631654,340.7131017934314,6955.870679833463,102.66808135500585,7402.476833727739
493,6614.2152439584825,15.823481444876752,340.3998709029108,6954.6151148613935,102.64141308735775,7401.105261791399
494,6613.282338899229,15.821249614591457,340.08526030412906,6953.367599203359,102.61486975461004,7399.7422826359125
495,6612.358743945283,15.819040057285367,339.7692891444848,6952.128033089768,102.58845050677266,7398.387792794229
496,6611.444341472432,15.816852491560843,339.45197637911434,6950.896317851546,102.5621545014225,7397.041689932734
497,6610.5390151436495,15.81468663909964,339.13334077092225,6949.672355914572,102.53598090362463,7395.703872845339
498,6609.642649903348,15.812542224649157,338.81340089071387,6948.456050794061,102.5099288858538,7394.3742414475255
499,6608.755131971238,15.810418976007748,338.49217511742495,6947.247307088664,102.48399762791689,7393.052696770102
500,6607.876348836987,15.80831662401193,338.16968163845,6946.046030475437,102.45818631687541,7391.739140953845
501,6607.006189253349,15.806234902519973,337.84593845006395,6944.852127703412,102.43249414696928,7390.433477242728
502,6606.144543230224,15.804173548397666,337.52096335793635,6943.6655065881605,102.40692031954066,7389.135609978162
503,6605.291302027103,15.802132301500246,337.19477397773466,6942.486076004837,102.38146404295873,7387.845444591707
504,6604.4463581486425,15.800110904661825,336.8673877358141,6941.313745884457,102.35612453254498,7386.562887601027
505,6603.609605334996,15.798109103672239,336.53882186998885,6940.148427204985,102.3309010104992,7385.287846600656
506,6602.780938557356,15.796126647266403,336.2090934303849,6938.9900319877415,102.3057927058263,7384.020230258086
507,6601.9602540081405,15.794163287100815,335.8782192803662,6937.838473288507,102.28079885426328,7382.759948304552
508,6601.147449096178,15.792218777742054,335.5462160975351,6936.693665193713,102.2559186982075,7381.506911530915
509,6600.342422437409,15.79029287664452,335.2131003747999,6935.555522812209,102.23115148664536,7380.261031779117
510,6599.545073847681,15.788385344133209,334.8788884215082,6934.423962269189,102.20649647508138,7379.022221935793
511,6598.755304335333,15.786495943385964,334.5435963646396,6933.298900699972,102.18195292546875,7377.790395925761
512,6597.973016092381,15.784624440412395,334.20724015005715,6932.180256242438,102.15752010613961,7376.565468704145
513,6597.198112487358,15.782770604036742,333.8698355438106,6931.067948031169,102.13319729173702,7375.347356250225
514,6596.430498055489,15.780934205874376,333.5313981334889,6929.961896188977,102.10898376314682,7374.135975558666
515,6595.670078491814,15.779115020315345,333.1919433296202,6928.862021821434,102.08487880743078,7372.931244633757
516,6594.91676064179,15.77731282450189,332.85148636711085,6927.7682470089,102.06088171776034,7371.733082481158
517,6594.170452492643,15.775527398307757,332.51004230672487,6926.680494799368,102.03699179335078,7370.541409100444
518,6593.431063164728,15.77375852431753,332.1676260365968,6925.598689201324,102.01320833939666,7369.3561454777
519,6592.698502902025,15.772005987803889,331.82425227377615,6924.522755175802,101.98953066700746,7368.177213577284
520,6591.972683063642,15.770269576707276,331.47993556579934,6923.4526186294415,101.96595809314445,7367.00453633462
521,6591.253516115101,15.768549081615074,331.1346902922862,6922.388206407387,101.942489940558,7365.838037648814
522,6590.540915617212,15.766844295734957,330.7885306665579,6921.329446283769,101.91912553772548,7364.677642372875
523,6589.834796219299,15.765155014878706,330.4414707372729,6920.276266956572,101.89586421879055,7363.52327630831
524,6589.135073646968,15.763481037432937,330.09352439007773,6919.228598037045,101.87270532350246,7362.374866194281
525,6588.441664695662,15.76182216434369,329.74470534927156,6918.186370044934,101.84964819715643,7361.232339702565
526,6587.754487218239,15.760178199086695,329.3950271794793,6917.149514397718,101.82669219053476,7360.095625426544
527,6587.073460116886,15.758548947648054,329.04450328733304,6916.117963404219,101.8038366598488,7358.964652874562
528,6586.398503333325,15.756934218500776,328.6931469231573,6915.091650256482,101.78108096668117,7357.839352461546
529,6585.729537838506,15.755333822580159,328.34097118265845,6914.070509021165,101.75842447792942,7356.719655500158
530,6585.0664856235235,15.753747573262018,327.987989008613,6913.054474632137,101.73586656574962,7355.605494193147
531,6584.409269689043,15.752175286337422,327.63421319255605,6912.043482881599,101.71340660750147,7354.49680162423
532,6583.7578140360765,15.750616779990613,327.279656376465,6911.037470412542,101.69104398569341,7353.393511750308
533,6583.112043655755,15.749071874774533,326.9243310544392,6910.036374710194,101.66877808792893,7352.2955593926845
534,6582.471884519473,15.747540393587256,326.5682495743726,6909.040134093845,101.64660830685334,7351.202880228657
535,6581.837263569377,15.746022161649227,326.21142413961775,6908.048687708994,101.62453404010117,7350.1154107834345
536,6581.208108707667,15.744517006477672,325.8538668106417,6907.061975518309,101.60255469024455,7349.033088420872
537,6580.5843487875145,15.743024757864868,325.4955895066692,6906.079938294184,101.5806696647422,7347.955851335812
538,6579.965913602708,15.741545247853367,325.1366040073154,6905.102517610023,101.55887837588848,7346.883638545138
539,6579.352733877598,15.740078310711958,324.77692195420536,6904.129655831804,101.53718024076414,7345.816389879127
540,6578.744741257806,15.738623782913411,324.4165548525792,6903.161296110385,101.51557468118713,7344.754045973548
541,6578.141868299759,15.737181503109472,324.055514072883,6902.197382372642,101.49406112366361,7343.696548260579
542,6577.544048461126,15.735751312107958,323.69381085234363,6901.23785931347,101.47263899934077,7342.643838960602
543,6576.951216090864,15.734333052848958,323.33145629652836,6900.282672387393,101.45130774395922,7341.595861073616
544,6576.363306420039,15.732926570382869,322.968461380887,6899.331767800926,101.43006679780663,7340.552558371385
545,6575.780255550491,15.731531711843282,322.60483695227754,6898.385092502769,101.40891560567141,7339.51387538744
546,6575.202000447377,15.730148326429132,322.2405937304735,6897.442594177851,101.38785361679777,7338.479757410922
547,6574.628478927134,15.728776265375918,321.87574230965396,6896.504221236788,101.36688028484065,7337.450150475845
548,6574.059629650393,15.727415381938739,321.5102931598751,6895.569922810268,101.34599506782163,7336.425001355292
549,6573.495392109389,15.726065531362176,321.1442566285235,6894.6396487379125,101.3251974280854,7335.404257550084
550,6572.935706621207,15.724726570864132,320.77764294175097,6893.713349562958,101.30448683225646,7334.387867283273
551,6572.380514316646,15.723398359609202,320.4104622058901,6892.790976522537,101.28386275119708,7333.375779490244
552,6571.829757131148,15.722080758686957,320.04272440885217,6891.87248154,101.26332465996485,7332.3679438108475
553,6571.283377796188,15.720773631091358,319.6744394215059,6890.957817217693,101.24287203777183,7331.364310582001
554,6570.741319828311,15.719476841694524,319.3056169990369,6890.046936827348,101.22250436794324,7330.364830827901
555,6570.203527521362,15.71819025722814,318.93626678228975,6889.139794303652,101.20222113787747,7329.369456253418
556,6569.6699459373685,15.716913746261648,318.566398299091,6888.236344236459,101.18202183900614,7328.378139236136
557,6569.140520895677,15.71564717917626,318.19602096555343,6887.33654186123,101.1619059667548,7327.3908328166135
558,6568.6151989657765,15.71439042814779,317.82514408736347,6886.44034305314,101.14187302050412,7326.407490692333
559,6568.093927457538,15.713143367123296,317.4537768610495,6885.547704318587,101.12192250355179,7325.428067209037
560,6567.576654411886,15.71190587179877,317.0819283752332,6884.6585827871195,101.10205392307437,7324.452517352493
561,6567.063328593214,15.71067781960099,316.7096076118629,6883.772936205077,101.0822667900902,7323.480796741969
562,6566.55389947882,15.70945908966225,316.3368234474308,6882.890722926251,101.06256061942251,7322.512861620739
563,6566.048317251497,15.708249562802624,315.963584654172,6882.011901905669,101.04293492966302,7321.548668849703
564,6565.5465327907605,15.707049121508996,315.5898999012479,6881.136432692008,101.02338924313571,7320.588175899648
565,6565.048497663947,15.70585764991375,315.2157777559136,6880.2642754198605,101.00392308586169,7319.631340843359
566,6564.554164117393,15.704675033773668,314.84122668466824,6879.395390802061,100.98453598752386,7318.67812234779
567,6564.06348506901,15.703501160452177,314.46625505439084,6878.529740123401,100.96522748143244,7317.728479667632
568,6563.5764140989395,15.702335918896985,314.0908711334604,6877.6672852324,100.9459971044906,7316.782372636934
569,6563.0929054419985,15.701179199622006,313.7150830928611,6876.80798853486,100.92684439716069,7315.839761662509
570,6562.6129139789355,15.70003089468645,313.33889900727337,6875.951812986209,100.90776890343096,7314.900607716134
571,6562.136395228805,15.698890897676566,312.9623268561501,6875.098722084955,100.88877017078224,7313.964872327857
572,6561.663305340351,15.697759103685051,312.58537452477975,6874.248679865131,100.86984775015573,7313.032517578308
573,6561.193601084815,15.696635409293815,312.20804980533484,6873.4016508901495,100.8510011959205,7312.103506092404
574,6560.727239847445,15.695519712553697,311.8303603979089,6872.5576002453545,100.8322300658417,7311.177801031766
575,6560.264179619777,15.694411912965974,311.4523139115392,6871.716493531316,100.81353392104927,7310.25536608788
576,6559.804378991893,15.693311911463859,311.07391786521737,6870.87829685711,100.79491232600643,7309.336165475238
577,6559.347797145134,15.692219610395057,310.6951796888886,6870.042976834023,100.7763648484794,7308.420163924908
578,6558.894393843933,15.691134913502234,310.31610672443765,6869.210500568371,100.75789105950673,7307.507326677225
579,6558.444129428835,15.690057725906305,309.9367062266653,6868.380835655501,100.73949053336943,7306.597619475658
580,6557.99696480856,15.688987954087464,309.55698536425155,6867.553950172812,100.7211628475611,7305.691008559703
581,6557.552861453109,15.68792550586868,309.17695122070944,6866.729812673818,100.70290758275863,7304.7874606588175
582,6557.111781386507,15.68687029039834,308.79661079532775,6865.908392181835,100.68472432279329,7303.886942985985
583,6556.673687178892,15.68582221813132,308.4159710041039,6865.089658182996,100.66661265462191,7302.989423230601
584,6556.238541940298,15.68478120081411,308.03503868066616,6864.273580620964,100.6485721682986,7302.094869553062
585,6555.806309312769,15.683747151465955,307.6538205771869,6863.460129889956,100.63060245694658,7301.203250577673
586,6555.376953464207,15.682719984364132,307.27232336528596,6862.649276829493,100.61270311673047,7300.314535387271
587,6554.950439080712,15.681699615025627,306.89055363692523,6861.840992717638,100.59487374682894,7299.428693516344
588,6554.526731360322,15.680685960192157,306.50851790529407,6861.035249265616,100.57711394940738,7298.545694945537
589,6554.105796006055,15.679678937813529,306.1262226056862,6860.232018611741,100.55942332959117,7297.665510095463
590,6553.687599218634,15.678678467030226,305.7436740963685,6859.431273315003,100.54180149543922,7296.788109820163
591,6553.272107691019,15.677684468160333,305.3608786594408,6858.63298635046,100.52424805791748,7295.913465402401
592,6552.859288600802,15.676696862681345,304.97784250168866,6857.83713110249,100.50676263087313,7295.041548546788
593,6552.449109604433,15.675715573216348,304.5945717554276,6857.043681359861,100.48934483100872,7294.172331374749
594,6552.041538830327,15.67474052351753,304.2110724793403,6856.252611309667,100.47199427785688,7293.305786418345
595,6551.6365448728475,15.673771638451788,303.8273506593064,6855.463895532153,100.45471059375517,7292.441886614988
596,6551.234096785809,15.67280884398519,303.4434122092242,6854.677508995033,100.43749340382098,7291.580605301655
597,6550.834164076461,15.671852067168567,303.05926297182685,6853.893427048288,100.4203423359271,7290.721916209571
598,6550.436716699288,15.670901236122699,302.6749087194903,6853.111625418778,100.40325702067726,7289.8657934587245
599,6550.04172504963,15.669956280023039,302.2903551550352,6852.3320802046655,100.38623709138193,7289.012211552177
600,6549.649159958493,15.669017129087305,301.9056079125215,6851.5547678710145,100.36928218403466,7288.161145371565
601,6549.25899268568,15.668083714559042,301.52067255803837,6850.779665243718,100.35239193728825,7287.312570170922
602,6548.871194914313,15.667155968694528,301.13555459048484,6850.006749504797,100.33556599243138,7286.466461571874
603,6548.485738745033,15.666233824748883,300.7502594423469,6849.23599818738,100.31880399336572,7285.622795558521
604,6548.102596690507,15.665317216962936,300.3647924804671,6848.4673891709745,100.30210558658254,7284.781548472609
605,6547.721741669132,15.664406080548163,299.9791590068083,6847.70090067594,100.28547042114063,7283.942697007902
606,6547.343147000196,15.66350035167511,299.5933642592116,6846.936511259408,100.26889814864344,7283.106218206007
607,6546.966786397288,15.662599967457627,299.2074134121487,6846.174199809437,100.25238842321701,7282.272089450431
608,6546.592633964208,15.661704865943083,298.8213115774669,6845.413945541675,100.23594090148796,7281.440288463148
609,6546.220664187811,15.660814986095241,298.4350638051312,6844.655727992942,100.21955524256173,7280.610793298086
610,6545.85085193424,15.659930267785263,298.0486750839576,6843.899527018198,100.20323110800113,7279.783582338003
611,6545.483172442584,15.659050651776516,297.6621503423433,6843.145322784927,100.18696816180488,7278.958634288778
612,6545.117601319947,15.658176079712792,297.27549444898943,6842.393095768937,100.17076607038652,7278.135928175118
613,6544.754114536634,15.65730649410678,296.8887122136195,6841.642826750253,100.15462450255355,7277.315443336362
614,6544.392688420425,15.656441838326375,296.5018083876919,6840.894496808117,100.13854312948688,7276.497159421385
615,6544.033299651283,15.655582056582018,296.1147876651065,6840.14808731639,100.12252162471995,7275.681056383922
616,6543.67592525725,15.654727093916867,295.72765468290686,6839.403579940157,100.10655966411886,7274.867114479074
617,6543.320542609135,15.653876896194104,295.3404140219757,6838.660956631111,100.09065692586213,7274.055314258611
618,6542.967129414775,15.653031410083193,294.9530702077261,6837.920199622501,100.07481309042073,7273.245636565831
619,6542.615663715451,15.652190583051318,294.56562771078666,6837.181291426237,100.05902784053862,7272.43806253258
620,6542.266123880387,15.651354363350208,294.17809094768126,6836.444214828068,100.04330086121286,7271.632573574344
621,6541.918488601654,15.650522700003956,293.79046428150394,6835.7089528831575,100.02763183967497,7270.829151385744
622,6541.572736890769,15.649695542800883,293.4027520225877,6834.9754889133565,100.01202046537111,7270.027777937721
623,6541.228848072443,15.648872842278571,293.0149584291688,6834.243806501611,99.99646642994365,7269.228435471866
624,6540.8868017808045,15.648054549714843,292.6270877080446,6833.513889488849,99.98096942721226,7268.431106497222
625,6540.546577955334,15.647240617118024,292.2391440152272,6832.785721970561,99.96552915315553,7267.6357737867875
626,6540.208156835821,15.646430997214882,291.85113145659045,6832.059288292411,99.9501453058922,7266.842420373042
627,6539.871518957261,15.645625643438423,291.46305408851293,6831.334573045774,99.93481758566348,7266.051029543411
628,6539.536645147166,15.64482450992145,291.0749159185143,6830.611561065681,99.9195456948147,7265.261584838125
629,6539.203516519581,15.644027551482251,290.686720905887,6829.8902374254685,99.90432933777771,7264.474070044802
630,6538.872114471866,15.643234723616903,290.2984729623224,6829.170587434188,99.88916822105311,7263.688469195768
631,6538.542420680233,15.642445982488596,289.91017595253135,6828.452596632764,99.87406205319266,7262.904766564152
632,6538.214417094841,15.64166128491589,289.5218336948592,6827.7362507897005,99.85901054478235,7262.122946659504
633,6537.8880859368255,15.640880588365611,289.13344996189613,6827.021535898722,99.84401340842484,7261.34299422537
634,6537.563409693391,15.640103850941127,288.7450284810812,6826.308438174472,99.82907035872287,7260.564894234916
635,6537.240371114298,15.639331031373919,288.356572935301,6825.596944049599,99.81418111226193,7259.788631887938
636,6536.918953207565,15.638562089013314,287.9680869634837,6824.887040171049,99.79934538759443,7259.014192607085
637,6536.599139235201,15.63779698381627,287.57957416118666,6824.178713396387,99.78456290522242,7258.241562034104
638,6536.280912710538,15.637035676341,287.1910380811788,6823.471950791717,99.7698333875818,7257.470726027698
639,6535.964257392968,15.636278127734373,286.80248223401827,6822.766739626986,99.75515655902582,7256.701670658748
640,6535.649157284803,15.635524299724409,286.4139100886235,6822.063067373426,99.7405321458096,7255.934382207697
641,6535.335596627607,15.634774154611499,286.02532507283945,6821.360921700446,99.72595987607372,7255.168847161367
642,6535.023559898589,15.634027655259782,285.63673057399865,6820.660290472588,99.71143947982864,7254.405052209842
643,6534.713031806384,15.633284765087042,285.2481299394758,6819.9611617458595,99.69697068893976,7253.642984242748
644,6534.403997288132,15.632545448057732,284.8595264772379,6819.263523765369,99.68255323711111,7252.882630346803
645,6534.096441505393,15.63180966867319,284.47092345638856,6818.567364961782,99.6681868598711,7252.123977802221
646,6533.790349840555,15.63107739196305,284.0823241077067,6817.872673948262,99.6538712945565,7251.367014079582
647,6533.485707894108,15.630348583478726,283.6937316241798,6817.179439518288,99.63960628029827,7250.611726837586
648,6533.182501480661,15.629623209283878,283.30514916153226,6816.487650642193,99.62539155800647,7249.858103919521
649,6532.880716625379,15.628901235945882,282.9165798387478,6815.797296464127,99.6112268703555,7249.106133350173
650,6532.5803395608655,15.628182630528386,282.5280267385866,6815.108366299452,99.59711196176991,7248.355803333152
651,6532.281356724172,15.627467360584143,282.13949290809745,6814.420849632269,99.58304657840964,7247.607102248351
652,6531.983754752968,15.626755394145857,281.75098135912384,6813.734736112092,99.56903046815631,7246.860018648572
653,6531.687520482907,15.626046699719872,281.3624950688055,6813.050015551712,99.55506338059868,7246.114541257316
654,6531.392640943815,15.62534124627707,280.97403698007383,6812.366677923889,99.54114506701904,7245.370658965422
655,6531.099103357139,15.624639003246743,280.585610002143,6811.684713359282,99.52727528037924,7244.628360828931
656,6530.806895132646,15.623939940508722,280.19721701099536,6811.004112143642,99.51345377530698,7243.887636066227
657,6530.516003865003,15.623244028385175,279.8088608498611,6810.324864714864,99.49968030808253,7243.148474055023
658,6530.226417331378,15.622551237634875,279.42054432969394,6809.646961661072,99.48595463662498,7242.410864330391
659,6529.93812348855,15.621861539446293,279.0322702296404,6808.970393718191,99.47227652047918,7241.674796582276
660,6529.651110468902,15.621174905427994,278.64404129750534,6808.295151766407,99.45864572080266,7240.940260651899
661,6529.365366578788,15.620491307604755,278.2558602502112,6807.621226828999,99.4450620003524,7240.207246530532
662,6529.0808802952,15.61981071840957,277.86772977425295,6806.948610069453,99.43152512347201,7239.475744356556
663,6528.797640262615,15.619133110676112,277.4796525261481,6806.277292788763,99.41803485607906,7238.745744412707
664,6528.515635290657,15.618458457633151,277.0916311328812,6805.607266423538,99.4045909656524,7238.017237124126
665,6528.234854351699,15.617786732898802,276.7036681923446,6804.938522544044,99.39119322121942,7237.290213056348
666,6527.955286577178,15.617117910471718,276.31576627377297,6804.2710528509515,99.37784139334406,7236.564662911998
667,6527.676921255845,15.6164519647269,275.92792791817453,6803.604849174019,99.36453525411412,7235.840577529416
668,6527.39974783052,15.615788870407943,275.5401556387562,6802.939903469276,99.35127457712933,7235.1179478797885
669,6527.123755896046,15.615128602622118,275.1524519213452,6802.276207817391,99.33805913748918,7234.396765065469
670,6526.848935196491,15.61447113683371,274.76481922480554,6801.613754421296,99.32488871178103,7233.677020317544
671,6526.57527562281,15.613816448858397,274.37725998145004,6800.95253560426,99.31176307806837,7232.958704993858
672,6526.302767210022,15.61316451485651,273.98977659744793,6800.29254380747,99.29868201587894,7232.241810576543
673,6526.031400134909,15.612515311327533,273.60237145322793,6799.633771588136,99.2856453061932,7231.5263286700765
674,6525.761164713986,15.611868815105229,273.21504690387707,6798.976211617863,99.2726527314329,7230.812250999596
675,6525.49205140105,15.611225003351795,272.82780527953537,6798.319856680586,99.25970407544955,7230.0995694087915
676,6525.22405078392,15.610583853550047,272.4406488857858,6797.664699669705,99.24679912351334,7229.388275856989
677,6524.957153583821,15.609945343501964,272.05358000404067,6797.010733587862,99.2339376623018,7228.678362418875
678,6524.691350651747,15.609309451319968,271.6666008919233,6796.35795154367,99.22111947988873,7227.969821281186
679,6524.426632966757,15.608676155422863,271.27971378364623,6795.706346750403,99.2083443657335,7227.262644741344
680,6524.162991634167,15.608045434531501,270.8929208903849,6795.055912524552,99.19561211066973,7226.556825205965
681,6523.900417882267,15.607417267660926,270.5062244006478,6794.406642282915,99.18292250689493,7225.852355187908
682,6523.638903061561,15.606791634118567,270.11962648064247,6793.758529542203,99.17027534795957,7225.1492273058275
683,6523.378438642012,15.606168513497636,269.73312927463775,6793.11156791665,99.15767042875683,7224.447434281742
684,6523.119016211014,15.605547885672284,269.3467349053226,6792.465751116337,99.14510754551165,7223.746968939313
685,6522.860627470957,15.604929730791763,268.9604454741606,6791.8210729451175,99.1325864957709,7223.047824201721
686,6522.603264238447,15.604314029278582,268.57426306174136,6791.177527300189,99.12010707839259,7222.349993091197
687,6522.346918441103,15.603700761820821,268.18818972812795,6790.5351081692315,99.10766909353607,7221.653468726114
688,6522.091582116403,15.603089909369384,267.8022275132013,6789.893809629604,99.09527234265181,7220.95824432014
689,6521.8372474094085,15.602481453132556,267.41637843700045,6789.253625846409,99.0829166284713,7220.264313180259
690,6521.583906570995,15.601875374571758,267.03064450005996,6788.614551071055,99.07060175499711,7219.571668705292
691,6521.3315519562575,15.601271655397746,266.6450276837438,6787.976579640002,99.0583275274935,7218.880304384598
692,6521.080176022351,15.600670277565433,266.2595299505757,6787.339705972927,99.04609375247594,7218.190213796197
693,6520.829771326904,15.600071223270104,265.8741532445664,6786.70392457147,99.03390023770216,7217.501390605475
694,6520.580330526407,15.599474474943557,265.4888994915378,6786.069230017945,99.02174679216215,7216.813828563851
695,6520.331846374262,15.59888001524943,265.1037705994437,6785.435616973706,99.00963322606884,7216.1275215071055
696,6520.084311719107,15.598287827079204,264.71876845868746,6784.803080177795,98.99755935084868,7215.442463353987
697,6519.83771950341,15.597697893548828,264.3338949424369,6784.171614445847,98.98552497913235,7214.758648105073
698,6519.592062761708,15.597110197994516,263.94915190693564,6783.541214668643,98.9735299247454,7214.076069841286
699,6519.347334618926,15.596524723968722,263.56454119181143,6782.911875810737,98.96157400269928,7213.394722722479
700,6519.103528289119,15.595941455237126,263.18006462038227,6782.283592909501,98.94965702918215,7212.714600986443
701,6518.860637073013,15.595360375772758,262.7957239999586,6781.656361072972,98.9377788215499,7212.035698946714
702,6518.61865435812,15.594781469756267,262.41152112214337,6781.030175480263,98.92593919831711,7211.358010992943
703,6518.377573615328,15.594204721567772,262.02745776312855,6780.405031378457,98.91413797914848,7210.681531587753
704,6518.137388399138,15.593630115787413,261.6435356839893,6779.7809240831275,98.90237498484986,7210.006255267224
705,6517.898092345399,15.59305763718995,261.25975663097506,6779.157848976374,98.89065003735949,7209.332176638888
706,6517.659679169412,15.59248727074022,260.87612233579796,6778.53580150521,98.87896295973967,7208.659290380077
707,6517.422142665587,15.591919001592313,260.4926345159183,6777.914777181505,98.86731357616779,7207.987591237835
708,6517.185476705986,15.59135281508609,260.10929487482747,6777.294771580813,98.8557017119283,7207.317074027701
709,6516.949675237587,15.590788696740638,259.7261051023278,6776.675780339915,98.84412719340403,7206.647733631223
710,6516.714732283021,15.59022663225603,259.34306687480984,6776.05779915783,98.83258984806774,7205.979564996925
711,6516.480641937243,15.589666607505364,258.96018185552686,6775.440823792769,98.82108950447423,7205.312563137232
712,6516.247398368496,15.589108608537071,258.577451694867,6774.824850063363,98.80962599225184,7204.646723129658
713,6516.014995814268,15.588552621565235,258.19487803062196,6774.20987384489,98.7981991420944,7203.982040113001
714,6515.783428583198,15.587998632974157,257.81246248825346,6773.595891071451,98.78680878575321,7203.318509289477
715,6515.552691051242,15.587446629309191,257.43020668115696,6772.982897732399,98.77545475602894,7202.656125921125
716,6515.322777662061,15.586896597277658,257.0481122109227,6772.370889872984,98.76413688676381,7201.994885330407
717,6515.093682924971,15.58634852374395,256.6661806675937,6771.759863592565,98.7528550128336,7201.3347828983915
718,6514.865401414516,15.585802395728507,256.28441362992106,6771.149815044437,98.74160897014004,7200.675814064546
719,6514.637927769026,15.585258200404368,255.9028126656171,6770.540740434642,98.73039859560282,7200.017974325515
720,6514.41125668955,15.584715925094617,255.52137933160515,6769.932636021155,98.71922372715204,7199.361259234267
721,6514.185382938264,15.584175557268575,255.14011517426664,6769.325498112531,98.70808420372065,7198.705664398716
722,6513.960301338067,15.58363708454083,254.7590217296856,6768.719323067753,98.69697986523676,7198.051185481533
723,6513.736006772205,15.583100494670346,254.37810052389034,6768.114107296095,98.68591055261624,7197.397818199976
724,6513.512494181309,15.582565775553372,253.99735307309214,6767.509847254401,98.67487610775518,7196.745558323137
725,6513.289758563882,15.582032915224598,253.61678088392125,6766.906539447803,98.66387637352275,7196.094401672627
726,6513.067794975185,15.58150190185451,253.23638545366023,6766.304180428846,98.65291119375351,7195.444344121674
727,6512.846598525911,15.580972723746198,252.85616827047363,6765.702766796385,98.64198041324053,7194.795381593981
728,6512.626164381224,15.580445369333072,252.47613081363568,6765.10229519486,98.63108387772783,7194.147510062976
729,6512.406487759827,15.579919827176619,252.09627455375468,6764.502762313581,98.62022143390368,7193.500725551062
730,6512.187563933729,15.579396085965858,251.71660095299416,6763.904164886722,98.609392929393,7192.855024129582
731,6511.969388226384,15.57887413451288,251.3371114652914,6763.306499691675,98.5985982127506,7192.210401917139
732,6511.751956012507,15.578353961752411,250.95780753657272,6762.70976354908,98.5878371334544,7191.566855079606
733,6511.535262716618,15.57783555673832,250.5786906049659,6762.113953321584,98.57710954189804,7190.92437982884
734,6511.319303812758,15.577318908642962,250.19976210100913,6761.519065913768,98.56641528938435,7190.282972422589
735,6511.104074823612,15.576804006755053,249.82102344785733,6760.925098271469,98.55575422811854,7189.642629163785
736,6510.889571319056,15.57629084047621,249.44247606148474,6760.332047380541,98.54512621120114,7189.003346399266
737,6510.6757889163355,15.575779399321377,249.06412135088473,6759.73991026722,98.53453109262165,7188.365120520124
738,6510.462723278668,15.575269672915473,248.6859607182663,6759.148683996934,98.52396872725173,7187.727947960479
739,6510.250370114109,15.574761650990691,248.30799555924716,6758.558365673356,98.51343897083854,7187.091825196504
740,6510.038725176046,15.57425532338767,247.93022726304358,6757.96895243909,98.50294167999834,7186.456748747082
741,6509.827784261519,15.57375068005148,247.5526572126567,6757.380441474175,98.49247671220976,7185.822715172288
742,6509.617543210098,15.573247711028943,247.17528678505568,6756.792829995154,98.48204392580763,7185.189721072416
743,6509.407997904373,15.572746406469792,246.79811735135752,6756.20611525573,98.47164317997641,7184.557763088627
744,6509.199144268462,15.572246756623114,246.42115027700285,6755.620294545465,98.46127433474386,7183.926837901601
745,6508.990978267793,15.571748751836825,246.04438692192912,6755.035365189722,98.45093725097476,7183.296942231463
746,6508.783495907635,15.571252382554151,245.66782864073906,6754.451324548374,98.44063179036475,7182.668072836461
747,6508.576693233342,15.570757639314214,245.2914767828667,6753.868170016209,98.43035781543394,7182.040226513346
748,6508.370566329708,15.570264512750498,244.91533269273904,6753.285899022447,98.42011518952096,7181.4134000968625
749,6508.165111319043,15.569772993586227,244.53939770993443,6752.704509028978,98.4099037767767,7180.787590457956
750,6507.960324362259,15.569283072636983,244.16367316933696,6752.123997531596,98.39972344215833,7180.162794504984
751,6507.756201657586,15.568794740807622,243.7881604012874,6751.544362058873,98.38957405142342,7179.539009182565
752,6507.552739439447,15.568307989089586,243.41286073173055,6750.965600171177,98.37945547112369,7178.916231470565
753,6507.349933978619,15.56782280856129,243.037775482358,6750.387709460977,98.36936756859929,7178.294458384384
754,6507.147781581518,15.567339190386406,242.66290597074814,6749.810687552266,98.35931021197305,7177.673686974349
755,6506.9462785891355,15.566857125811328,242.2882535105016,6749.234532099637,98.34928327014444,7177.053914324766
756,6506.745421377173,15.566376606165488,241.91381941137294,6748.659240788546,98.33928661278378,7176.4351375541555
757,6506.545206355528,15.565897622860113,241.53960497939892,6748.084811334927,98.32932011032673,7175.817353814848
758,6506.345629966983,15.565420167385128,241.16561151702206,6747.511241484005,98.31938363396854,7175.200560291768
759,6506.146688687303,15.564944231309338,240.79184032321115,6746.938529010515,98.30947705565838,7174.584754202629
760,6505.948379025099,15.56446980628014,240.41829269357706,6746.366671718676,98.29960024809353,7173.969932797883
761,6505.750697520036,15.563996884019225,240.04496992048504,6745.79566744052,98.2897530847143,7173.356093359028
762,6505.553640744199,15.563525456325834,239.67187329316303,6745.225514037362,98.27993543969826,7172.743233200049
763,6505.357205299894,15.563055515071518,239.29900409780566,6744.6562093977,98.27014718795468,7172.131349665303
764,6505.16138782021,15.562587052201458,238.9263636176745,6744.087751437884,98.26038820511926,7171.5204401301535
765,6504.966184968274,15.562120059732713,238.5539531331946,6743.520138101469,98.25065836754894,7170.910502000306
766,6504.771593437119,15.561654529753874,238.18177392204626,6742.953367359165,98.24095755231622,7170.301532711741
767,6504.577609948496,15.561190454422238,237.80982725925378,6742.38743720775,98.23128563720405,7169.693529729588
768,6504.384231253396,15.560727825965062,237.43811441726908,6741.8223456706655,98.22164250070064,7169.086490548713
769,6504.191454130789,15.560266636676529,237.06663666605252,6741.258090796841,98.21202802199421,7168.480412692516
770,6503.9992753881215,15.559806878918952,236.69539527314896,6740.694670661271,98.20244208096778,7167.8752937134805
771,6503.80769186016,15.55934854512,236.3243915037597,6740.13208336392,98.19288455819427,7167.271131192065
772,6503.616700408507,15.55889162777155,235.95362662081158,6739.570327029319,98.18335533493112,7166.667922736269
773,6503.426297923012,15.558436119433042,235.5831018850207,6739.009399808032,98.17385429311548,7166.065665983084
774,6503.236481318349,15.557982012723324,235.21281855495323,6738.449299873303,98.16438131535918,7165.464358595115
775,6503.047247536551,15.557529300326678,234.84277788708204,6737.890025423633,98.1549362849438,7164.8639982631385
776,6502.858593544818,15.557077974987603,234.47298113583926,6737.3315746806575,98.14551908581565,7164.264582703956
777,6502.670516336052,15.556628029512087,234.1034295536653,6736.773945889718,98.13612960258111,7163.666109660945
778,6502.483012928448,15.556179456766623,233.73412439105402,6736.217137319502,98.12676772050159,7163.0685769036845
779,6502.296080365105,15.555732249677284,233.36506689659387,6735.661147261699,98.11743332548892,7162.471982227576
780,6502.109715713031,15.555286401227347,232.9962583170058,6735.105974030036,98.10812630410051,7161.876323452873
781,6501.923916064419,15.554841904460334,232.62769989717702,6734.551615961596,98.09884654353475,7161.281598425972
782,6501.738678534395,15.55439875247463,232.25939288019134,6733.998071414587,98.08959393162613,7160.68780501716
783,6501.554000262522,15.553956938427087,231.89133850735575,6733.445338769878,98.08036835684081,7160.094941122135
784,6501.369878411394,15.553516455529651,231.52353801822403,6732.893416429618,98.07116970827204,7159.503004660602
785,6501.1863101666195,15.55307729704933,231.15599265061627,6732.342302817236,98.06199787563554,7158.91199357625
786,6501.003292736966,15.55263945630853,230.78870364063482,6731.7919963776,98.05285274926494,7158.321905836903
787,6500.820823353452,15.5522029266829,230.42167222267784,6731.24249557613,98.04373422010741,7157.732739433597
788,6500.638899269524,15.551767701601731,230.0548996294486,6730.693798898972,98.03464217971921,7157.14449238075
789,6500.4575177606475,15.551333774547004,229.68838709196183,6730.145904852609,98.02557652026125,7156.557162715746
790,6500.276676123909,15.550901139052414,229.32213583954734,6729.598811963457,98.01653713449477,7155.970748498509
791,6500.096371678613,15.550469788704815,228.95614709984983,6729.052518778462,98.00752391577701,7155.3852478120925
792,6499.916601765014,15.550039717141182,228.5904220988263,6728.50702386384,97.99853675805693,7154.800658761387
793,6499.737363744394,15.54961091804879,228.22496206074024,6727.962325805134,97.98957555587089,7154.216979473173
794,6499.558654998977,15.549183385165016,227.8597682081528,6727.418423207129,97.98064020433857,7153.634208096002
795,6499.3804729319645,15.548757112277427,227.49484176191163,6726.875314693876,97.97173059915879,7153.052342800217
796,6499.202814966931,15.548332093222324,227.1301839411366,6726.332998908068,97.96284663660515,7152.4713817773
797,6499.025678547392,15.547908321883714,226.7657959632033,6725.791474510595,97.95398821352222,7151.891323239417
798,6498.84906113756,15.54748579219512,226.40167904372333,6725.250740181284,97.9451552273213,7151.312165420131
799,6498.672960221046,15.547064498136475,226.03783439652307,6724.710794617569,97.93634757597646,7150.733906573067
800,6498.497373301738,15.546644433736216,225.6742632336193,6724.171636535357,97.92756515802039,7150.156544972746
801,6498.32229790233,15.546225593067776,225.31096676519326,6723.633264667524,97.91880787254061,7149.580078913075
802,6498.147731565135,15.545807970251518,224.9479461995615,6723.095677764696,97.91007561917563,7149.00450670811
803,6497.973671851972,15.545391559454478,224.585202743146,6722.558874595117,97.90136829811068,7148.429826691899
804,6497.8001163432555,15.54497635488817,224.2227376004412,6722.022853943697,97.89268581007424,7147.85603721752
805,6497.627062638372,15.544562350809503,223.8605519739795,6721.4876146123515,97.88402805633399,7147.283136657405
806,6497.454508355447,15.544149541520207,223.49864706429508,6720.953155419742,97.87539493869309,7146.711123403057
807,6497.282451130801,15.543737921365553,223.13702406988583,6720.419475200687,97.86678635948641,7146.139995864452
808,6497.110888619334,15.543327484735249,222.77568418717382,6719.886572806508,97.85820222157673,7145.569752470367
809,6496.939818493809,15.542918226061744,222.414628610464,6719.354447104273,97.84964242835117,7145.0003916676005
810,6496.76923844566,15.542510139822154,222.05385853190165,6718.823096977562,97.84110688371746,7144.431911921733
811,6496.599146183331,15.542103220534285,221.6933751414283,6718.292521324759,97.83259549210032,7143.864311715395
812,6496.429539433549,15.541697462759686,221.3331796267369,6717.762719060285,97.8241081584378,7143.297589549489
813,6496.260415940245,15.541292861101066,220.9732731732248,6717.23368911347,97.81564478817774,7142.731743942043
814,6496.091773465176,15.54088941020377,220.61365696394694,6716.705430429122,97.80720528727434,7142.166773428766
815,6495.923609786534,15.540487104752474,220.25433217956697,6716.177941966102,97.79878956218451,7141.602676561604
816,6495.755922700816,15.540085939475636,219.89529999830793,6715.6512226991235,97.79039751986443,7141.039451910534
817,6495.588710020382,15.539685909139669,219.5365615959023,6715.125271616284,97.78202906776617,7140.477098061067
818,6495.421969574768,15.539287008552076,219.17811814554085,6714.600087720309,97.77368411383412,7139.915613615487
819,6495.255699210415,15.5388892325608,218.81997081782114,6714.075670028235,97.76536256650185,7139.354997192519
820,6495.0898967901885,15.538492576053082,218.46212078069533,6713.552017570883,97.75706433468845,7138.795247426779
821,6494.924560192841,15.538097033954166,218.10456919941765,6713.029129392259,97.74878932779546,7138.2363629681695
822,6494.759687314039,15.537702601229759,217.74731723649091,6712.50700455053,97.74053745570349,7137.67834248284
823,6494.595276065313,15.537309272883522,217.3903660516138,6711.985642116926,97.73230862876875,7137.12118465207
824,6494.431324374024,15.536917043956995,217.0337168016265,6711.465041175651,97.72410275782013,7136.564888172169
825,6494.267830183414,15.536525909529699,216.67737064045684,6710.94520082387,97.71591975415586,7136.0094517544485
826,6494.104791452,15.536135864717705,216.32132871906657,6710.426120171067,97.70775952954017,7135.454874124566
827,6493.942206154801,15.535746904676557,215.96559218539682,6709.907798340198,97.69962199620045,7134.90115402367
828,6493.780072281219,15.535359024596218,215.610162184314,6709.390234465533,97.69150706682362,7134.348290206215
829,6493.61838783643,15.534972219704377,215.2550398575557,6708.873427693986,97.68341465455366,7133.796281441294
830,6493.457150840363,15.534586485264027,214.9002263436762,6708.357377184039,97.67534467298807,7133.245126511538
831,6493.296359328236,15.534201816574727,214.54572277799303,6707.842082106229,97.66729703617486,7132.6948242135895
832,6493.136011349476,15.533818208970038,214.19153029253266,6707.327541642008,97.65927165860975,7132.145373356961
833,6492.976104968878,15.53343565782028,213.83765001597715,6706.813754984855,97.65126845523297,7131.596772765119
834,6492.816638265103,15.533054158528955,213.4840830736107,6706.300721338714,97.64328734142634,7131.049021273918
835,6492.65760933171,15.53267370653519,213.1308305872665,6705.788439918976,97.63532823301028,7130.502117732571
836,6492.4990162755685,15.532294297309972,212.77789367527413,6705.276909950842,97.62739104624116,7129.956061001992
837,6492.340857218416,15.531915926359847,212.42527345240688,6704.766130670823,97.6194756978078,7129.410849956287
838,6492.183130295664,15.531538589224077,212.07297102983011,6704.2561013254945,97.61158210482924,7128.866483481502
839,6492.025833656173,15.531162281474097,211.72098751504922,6703.746821171222,97.6037101848516,7128.322960475327
840,6491.86896546239,15.530786998713852,211.36932401185868,6703.2382894742495,97.59585985584509,7127.780279847176
841,6491.712523890052,15.530412736579072,211.01798162029104,6702.7305055103425,97.58803103620161,7127.238440517819
842,6491.556507128546,15.53003949073815,210.6669614365668,6702.223468565113,97.58022364473155,7126.697441419695
843,6491.400913379664,15.52966725688915,210.31626455304433,6701.717177932709,97.57243760066126,7126.157281495585
844,6491.245740858815,15.529296030762715,209.9658920581706,6701.211632916986,97.56467282363036,7125.617959699778
845,6491.09098779355,15.52892580811854,209.61584503643212,6700.706832829982,97.55692923368878,7125.079474996528
846,6490.9366524237885,15.528556584745905,209.26612456830645,6700.202776992095,97.54920675129443,7124.541826360226
847,6490.782733002603,15.528188356465558,208.91673173021428,6699.699464732817,97.5415052973101,7124.005012776116
848,6490.629227794485,15.527821119125562,208.56766759447157,6699.196895388956,97.53382479300127,7123.469033238512
849,6490.47613507611,15.527454868603135,208.2189332292429,6698.695068305353,97.52616516003303,7122.933886751496
850,6490.323453136579,15.527089600805212,207.87052969849447,6698.193982835073,97.5185263204678,7122.399572329108
851,6490.171180275475,15.526725311663817,207.52245806194793,6697.693638337423,97.51090819676268,7121.866088993341
852,6490.019314805024,15.526361997141205,207.17471937503464,6697.194034180058,97.50331071176669,7121.333435776243
853,6489.867855047647,15.525999653224035,206.82731468885024,6696.6951697364975,97.49573378871845,7120.801611717423
854,6489.716799338008,15.525638275928248,206.48024505010963,6696.197044388117,97.48817735124368,7120.270615866028
855,6489.5661460206065,15.525277861293317,206.13351150110236,6695.699657521709,97.48064132335239,7119.740447278292
856,6489.415893451393,15.524918405386106,205.78711507964846,6695.203008531041,97.47312562943677,7119.211105019091
857,6489.266039996189,15.524559904297103,205.44105681905424,6694.707096815243,97.46563019426826,7118.68258816031
858,6489.116584031695,15.524202354142812,205.09533774806894,6694.211921779764,97.45815494299572,7118.154895781796
859,6488.967523944577,15.52384575106358,204.74995889084127,6693.717482835418,97.4506998011424,7117.6280269703875
860,6488.818858131467,15.523490091223605,204.4049212668763,6693.223779398343,97.44326469460387,7117.10198081987
861,6488.670584998723,15.523135370810342,204.06022589099285,6692.730810889716,97.43584954964551,7116.576756430673
862,6488.522702962144,15.522781586033837,203.71587377328072,6692.238576735424,97.42845429290017,7116.05235290954
863,6488.375210446995,15.522428733126782,203.37186591905828,6691.747076366053,97.42107885136569,7115.528769369494
864,6488.228105887646,15.52207680834365,203.02820332883047,6691.256309216476,97.41372315240271,7115.006004929428
865,6488.081387727661,15.521725807960912,202.68488699824678,6690.766274725908,97.40638712373223,7114.484058714143
866,6487.935054418698,15.521375728274398,202.34191791805924,6690.276972336757,97.39907069343334,7113.962929853193
867,6487.789104422027,15.521026565602934,201.9992970740806,6689.788401496107,97.39177378994087,7113.44261748235
868,6487.643536206596,15.520678316283723,201.6570254471432,6689.300561653739,97.3844963420433,7112.923120741628
869,6487.498348249463,15.520330976673355,201.31510401305675,6688.81345226252,97.37723827888007,7112.404438775648
870,6487.353539036298,15.519984543149038,200.9735337425674,6688.327072778865,97.36999952993985,7111.886570734103
871,6487.209107059845,15.519639012104893,200.63231560131626,6687.841422661161,97.36278002505782,7111.369515770162
872,6487.065050821095,15.519294379954772,200.29145054979807,6687.356501370893,97.35557969441373,7110.853273041593
873,6486.921368827621,15.518950643128282,199.95093954331992,6686.872308370941,97.34839846852972,7110.337841709045
874,6486.778059595385,15.518607798075083,199.6107835319603,6686.388843127344,97.34123627826784,7109.823220937809
875,6486.635121646377,15.518265841259275,199.27098346052793,6685.906105106905,97.33409305482809,7109.309409895407
876,6486.492553509731,15.517924769162036,198.9315402685206,6685.4240937782515,97.32696872974631,7108.796407752648
877,6486.350353721493,15.517584578281083,198.59245489008435,6684.942808611577,97.31986323489164,7108.284213683355
878,6486.208520823603,15.517245265128237,198.25372825397272,6684.4622490775755,97.31277650246484,7107.772826863297
879,6486.067053365136,15.516906826232384,197.91536128350594,6683.982414648643,97.30570846499594,7107.262246471375
880,6485.925949900345,15.516569258134796,197.5773548965301,6683.5033047968745,97.29865905534203,7106.752471687612
881,6485.78520899,15.516232557392344,197.23971000537702,6683.0249189953765,97.29162820668519,7106.243501694457
882,6485.644829200868,15.51589672057624,196.90242751682374,6682.547256717692,97.28461585253052,7105.7353356762
883,6485.504809104318,15.515561744268703,196.56550833205242,6682.070317436371,97.27762192670397,7105.227972817533
884,6485.365147278262,15.515227625067613,196.22895334661058,6681.594100624873,97.27064636335012,7104.721412305446
885,6485.225842304824,15.51489435958092,195.89276345037163,6681.118605755196,97.26368909693035,7104.215653326843
886,6485.086892771985,15.514561944430586,195.55693952749536,6680.64383229948,97.25675006222059,7103.71069507014
887,6484.948297272607,15.514230376250257,195.22148245638925,6680.169779728996,97.24982919430946,7103.206536724242
888,6484.810054403439,15.513899651682868,194.88639310967017,6679.696447513109,97.24292642859584,7102.7031774775005
889,6484.67216276699,15.513569767385144,194.55167235412608,6679.223835121116,97.23604170078747,7102.200616519542
890,6484.534620969469,15.513240720022653,194.21732105067912,6678.751942020148,97.22917494689824,7101.698853039155
891,6484.397427621578,15.512912506271716,193.88334005434848,6678.280767675926,97.22232610324671,7101.197886225049
892,6484.260581338443,15.512585122819242,193.54973021421472,6677.810311552658,97.21549510645383,7100.697715265733
893,6484.1240807386475,15.512258566360401,193.21649237338414,6677.340573112032,97.20868189344087,7100.1983393485
894,6483.9879244452795,15.511932833601147,192.88362736895448,6676.871551814234,97.20188640142788,7099.699757660445
895,6483.852111084626,15.511607921255086,192.55113603198174,6676.403247116607,97.19510856793113,7099.201969387108
896,6483.716639286884,15.511283826045178,192.2190191874475,6675.935658474332,97.18834833076147,7098.704973713144
897,6483.5815076859635,15.510960544703263,191.8872776542276,6675.468785340191,97.18160562802245,7098.2087698220885
898,6483.446714918409,15.510638073967487,191.55591224506225,6675.0026271634715,97.174880398108,7097.713356895241
899,6483.312259624967,15.510316410586045,191.22492376652727,6674.537183391494,97.16817257970082,7097.218734113193
900,6483.178140448597,15.509995551312434,190.89431301900686,6674.072453467605,97.16148211177037,7096.724900653806
901,6483.0443560359645,15.509675492909006,190.5640807966678,6673.608436832632,97.15480893357078,7096.231855693664
902,6482.910905036446,15.509356232144608,190.2342278874357,6673.145132923882,97.14815298463904,7095.739598407062
903,6482.77778610184,15.509037765793876,189.90475507297245,6672.682541174813,97.14151420479313,7095.248127965663
904,6482.644997887253,15.508720090639361,189.575663128656,6672.220661015909,97.13489253412999,7094.757443539374
905,6482.512539049839,15.508403203468514,189.2469528235623,6671.759491873401,97.12828791302377,7094.267544295055
906,6482.380408249755,15.50808710107597,188.9186249204489,6671.299033170204,97.12170028212364,7093.778429397442
907,6482.248604149107,15.507771780261022,188.5906801757411,6670.839284324848,97.11512958235227,7093.290098008081
908,6482.1171254131095,15.507457237830405,188.26311933952087,6670.3802447526305,97.10857575490363,7092.802549286461
909,6481.985970707994,15.507143470593288,187.93594315551758,6669.921913863512,97.1020387412413,7092.315782387911
910,6481.8551387031275,15.506830475366334,187.60915236110202,6669.46429106423,97.0955184830966,7091.8297964656995
911,6481.724628069973,15.506518248971227,187.282747687283,6669.007375757255,97.08901492246648,7091.344590669984
912,6481.594437481038,15.506206788232149,186.95672985870692,6668.551167339745,97.08252800161205,7090.860164146758
913,6481.4645656117455,15.505896089980252,186.63109959366025,6668.095665205406,97.07605766305636,7090.376516039701
914,6481.335011139066,15.505586151050398,186.30585760407538,6667.640868743142,97.06960384958275,7089.893645488827
915,6481.205772741414,15.505276968280894,185.98100459554004,6667.186777336954,97.0631665042331,7089.411551630368
916,6481.076849099338,15.504968538515163,185.6565412673096,6666.733390366648,97.05674557030567,7088.930233597477
917,6480.948238894743,15.504660858599863,185.33246831232333,6666.280707207066,97.05034099135352,7088.449690519454
918,6480.819940811154,15.504353925385535,185.00878641722443,6665.828727228379,97.0439527111827,7087.9699215220235
919,6480.691953533404,15.504047735725846,184.68549626238377,6665.3774497957875,97.03758067385043,7087.4909257270365
920,6480.564275748435,15.50374228647951,184.3625985219272,6664.926874270362,97.03122482366302,7087.012702253296
921,6480.436906143408,15.50343757450576,184.04009386376774,6664.477000007176,97.02488510517456,7086.535250214685
922,6480.309843407656,15.503133596669034,183.71798294964123,6664.027826357297,97.01856146318465,7086.05856872215
923,6480.183086231309,15.502830349835667,183.3962664351465,6663.579352666456,97.01225384273691,7085.582656882361
924,6480.056633305768,15.502527830875042,183.07494496978978,6663.131578275557,97.0059621891171,7085.107513798217
925,6479.930483323419,15.502226036658897,182.754019197034,6662.684502520453,96.99968644785142,7084.633138568606
926,6479.804634977593,15.501924964061228,182.43348975435197,6662.238124731945,96.99342656470465,7084.159530288411
927,6479.679086962549,15.501624609958252,182.1133572732846,6661.7924442358335,96.98718248567843,7083.686688048535
928,6479.553837973504,15.50132497122848,181.79362237950363,6661.3474603530085,96.98095415700965,7083.214610936
929,6479.428886706002,15.501026044751201,181.47428569287933,6660.903172398882,96.97474152516835,7082.743298033364
930,6479.304231856767,15.500727827408532,181.15534782755276,6660.45957968432,96.96854453685654,7082.272748419646
931,6479.1798721225805,15.500430316082728,180.83680939201292,6660.016681514593,96.96236313900607,7081.802961169269
932,6479.055806201333,15.500133507658692,180.51867098917887,6659.574477190512,96.95619727877687,7081.333935353191
933,6478.932032790427,15.49983739902016,180.20093321648685,6659.132966006914,96.9500469035557,7080.865670037381
934,6478.808550588135,15.499541987052956,179.88359666598166,6658.692147254117,96.94391196095398,7080.398164284267
935,6478.6853582930235,15.499247268643597,179.56666192441412,6658.252020217437,96.93779239880638,7079.931417152245
936,6478.562454603132,15.49895324067735,179.25012957334232,6657.812584176475,96.93168816516913,7079.46542769496
937,6478.439838216951,15.498659900040552,178.93400018923842,6657.37383840619,96.9255992083182,7079.000194962374
938,6478.317507832213,15.498367243617734,178.61827434360004,6656.935782175813,96.91952547674796,7078.535717999666
939,6478.195462147052,15.498075268294384,178.30295260306653,6656.498414750119,96.91346691916924,7078.071995848505
940,6478.073699858781,15.497783970954021,177.98803552954013,6656.061735388321,96.90742348450792,7077.60902754593
941,6477.952219663844,15.497493348478095,177.67352368031155,6655.625743344155,96.90139512190302,7077.146812124433
942,6477.831020258733,15.497203397748164,177.35941760819037,6655.190437866923,96.89538178070565,7076.685348612993
943,6477.710100338102,15.496914115641392,177.04571786163967,6654.755818199742,96.889383410477,7076.2246360353165
944,6477.589458595947,15.496625499033366,176.73242498491555,6654.321883580862,96.88339996098668,7075.764673411154
945,6477.469093725481,15.496337544797802,176.41953951821029,6653.888633243691,96.8774313822116,7075.305459756311
946,6477.349004417932,15.496050249803664,176.10706199780037,6653.456066415732,96.87147762433403,7074.846994081585
947,6477.229189363094,15.495763610916493,175.79499295619746,6653.024182319291,96.86553863774047,7074.3892753934615
948,6477.109647248887,15.495477624997337,175.48333292230433,6652.592980171192,96.85961437301967,7073.932302693827
949,6476.990376761461,15.495192288903018,175.17208242157352,6652.162459183035,96.85370478096152,7073.476074980217
950,6476.871376584586,15.494907599484655,174.86124197616985,6651.732618560756,96.84780981255537,7073.020591245372
951,6476.752645399794,15.494623553588024,174.5508121051359,6651.3034575049305,96.84192941898868,7072.565850477531
952,6476.634181885657,15.494340148051812,174.24079332456097,6650.8749752102185,96.83606355164554,7072.111851659876
953,6476.515984718142,15.494057379708474,173.93118614775182,6650.447170865894,96.8302121621052,7071.6585937710515
954,6476.398052569869,15.493775245382462,173.62199108540693,6650.020043655276,96.82437520214073,7071.206075784588
955,6476.280384110221,15.493493741890482,173.31320864579232,6649.593592756014,96.81855262371758,7070.754296669185
956,6476.162978004815,15.493212866040228,173.00483933491938,6649.167817339735,96.8127443789922,7070.303255388351
957,6476.045832915455,15.492932614630275,172.69688365672476,6648.74271657218,96.80695042031087,7069.852950900532
958,6475.928947499431,15.4926529844484,172.38934211325068,6648.318289612682,96.80117070020802,7069.403382158586
959,6475.812320409811,15.492373972272276,172.08221520482724,6647.894535614639,96.79540517140526,7068.954548110251
960,6475.695950294801,15.492095574867946,171.7755034302548,6647.471453725056,96.78965378680981,7068.506447697679
961,6475.579835797571,15.491817788989405,171.4692072869866,6647.0490430845575,96.78391649951354,7068.059079857441
962,6475.4639755554035,15.491540611376564,171.16332727131186,6646.627302826715,96.77819326279146,7067.612443519858
963,6475.348368200304,15.491264038756709,170.85786387853767,6646.206232078842,96.77248403010047,7067.166537609779
964,6475.23301235805,15.490988067842224,170.5528176031708,6645.785829961221,96.76678875507831,7066.721361045811
965,6475.117906647739,15.490712695329519,170.24818893909804,6645.366095586837,96.76110739154251,7066.276912740047
966,6475.003049681976,15.490437917899465,169.9439783797648,6644.947028061742,96.75543989348876,7065.833191598417
967,6474.888440066243,15.490163732215892,169.64018641835182,6644.5286264845945,96.74978621509014,7065.390196520237
968,6474.77407639828,15.489890134924115,169.33681354794948,6644.11088994623,96.74414631069598,7064.947926397757
969,6474.659957267936,15.489617122650564,169.03386026172953,6643.6938175296655,96.7385201348306,7064.506380116179
970,6474.546081257111,15.489344692002657,168.73132705311298,6643.277408310224,96.73290764219233,7064.065556553761
971,6474.432446938823,15.489072839566562,168.42921441593472,6642.861661354757,96.72730878765245,7063.625454581045
972,6474.319052877134,15.48880156190702,168.12752284460416,6642.446575721738,96.72172352625427,7063.186073060943
973,6474.2058976268145,15.488530855566541,167.8262528342607,6642.032150461076,96.71615181321184,7062.747410848547
974,6474.092979732678,15.488260717063824,167.5254048809249,6641.618384613603,96.71059360390929,7062.309466790608
975,6473.980297729357,15.487991142893197,167.2249794816437,6641.205277211,96.70504885389968,7061.872239725463
976,6473.8678501413915,15.48772212952486,166.92497713463007,6640.792827276022,96.69951751890417,7061.435728483255
977,6473.755635481423,15.487453673400534,166.6253983393963,6640.3810338208195,96.69399955481104,7060.999931884247
978,6473.64365225151,15.487185770936625,166.32624359688035,6639.96989584839,96.68849491767483,7060.564848740275
979,6473.531898941583,15.486918418520533,166.02751340956524,6639.559412351148,96.68300356371545,7060.13047785331
980,6473.420374029425,15.486651612510586,165.7292082815909,6639.149582311016,96.6775254493174,7059.696818015547
981,6473.309075980258,15.486385349235068,165.43132871885774,6638.740404699116,96.67206053102902,7059.263868009092
982,6473.1980032464135,15.486119624991419,165.13387522912217,6638.331878475536,96.66660876556148,7058.831626605728
983,6473.087154267129,15.485854436045765,164.83684832208294,6637.924002589212,96.66117010978813,7058.400092566791
984,6472.9765274667625,15.485589778628619,164.54024850945837,6637.516775976221,96.65574452074395,7057.969264641457
985,6472.86612125703,15.485325648940263,164.24407630505428,6637.110197562084,96.65033195562447,7057.53914156905
986,6472.7559340341695,15.485062043143946,163.9483322248214,6636.704266258991,96.64493237178534,7057.109722076258
987,6472.645964179854,15.48479895736807,163.65301678690318,6636.298980966757,96.63954572674164,7056.6810048780835
988,6472.536210060229,15.484536387703896,163.35813051167207,6635.894340571901,96.63417197816706,7056.252988676928
989,6472.4266700261,15.484274330205979,163.0636739217557,6635.490343947855,96.62881108389338,7055.825672162791
990,6472.317342412269,15.484012780890595,162.7696475420511,6635.0869899543195,96.62346300190987,7055.399054012627
991,6472.20822553714,15.483751735734783,162.47605189972768,6634.684277436867,96.61812769036274,7054.973132889945
992,6472.0993177021755,15.48349119067506,162.18288752421796,6634.282205226394,96.61280510755451,7054.5479074442555
993,6471.99061719252,15.4832311416089,161.89015494719698,6633.880772139717,96.60749521194343,7054.123376311671
994,6471.882122275505,15.48297158439116,161.59785470254832,6633.479976978053,96.60219796214304,7053.699538113375
995,6471.773831201014,15.482712514834962,161.30598732631825,6633.0798185273325,96.59691331692167,7053.276391455942
996,6471.665742201095,15.482453928710754,161.01455335665685,6632.680295557751,96.5916412352019,7052.853934930879
997,6471.557853489888,15.482195821746142,160.72355333374628,6632.281406823634,96.58638167606016,7052.432167114495
998,6471.450163262939,15.481938189624255,160.4329877997158,6631.883151062655,96.58113459872618,7052.011086567114
999,6471.342669696964,15.481681027983166,160.1428572985438,6631.485526995508,96.57589996258258,7051.590691832742
1000,6471.235370950465,15.481424332417381,159.8531623759462,6631.088533326411,96.57067772716456,7051.170981439577
1001,6471.128265162193,15.481168098474146,159.5639035792518,6630.692168741445,96.5654678521596,7050.75195389834
1002,6471.021350452416,15.480912321656499,159.2750814572638,6630.29643190968,96.56027029740665,7050.333607703399
1003,6470.914624921101,15.480656997418901,158.98669656010827,6629.901321481209,96.55508502289621,7049.915941330808
1004,6470.80808665,15.480402121172249,158.6987494390686,6629.506836089069,96.54991198876981,7049.498953240218
1005,6470.701733700174,15.48014768827793,158.4112406464069,6629.112974346581,96.5447511553197,7049.082641872222
1006,6470.595564113362,15.479893694051107,158.12417073517187,6628.719734848534,96.53960248298833,7048.667005649533
1007,6470.489575911661,15.479640133759954,157.8375402589933,6628.327116170654,96.5344659323685,7048.252042976457
1008,6470.383767097077,15.479387002624586,157.5513497718631,6627.93511686894,96.52934146420262,7047.837752238222
1009,6470.278135651794,15.47913429581769,157.26559982790363,6627.543735479698,96.52422903938267,7047.424131801013
1010,6470.172679538377,15.478882008465018,156.98029098112278,6627.1529705195,96.51912861894971,7047.011180011931
1011,6470.067396699353,15.478630135644384,156.69542378515618,6626.762820484509,96.51404016409401,7046.598895198317
1012,6469.962285057436,15.47837867238621,156.41099879299705,6626.373283850433,96.50896363615433,7046.187275667704
1013,6469.857342515865,15.478127613674317,156.12701655671347,6625.984359072579,96.503898996618,7045.776319707867
1014,6469.752566958332,15.47787695444577,155.84347762715353,6625.596044585485,96.49884620712052,7045.36602558646
1015,6469.647956248875,15.47762668959061,155.56038255363885,6625.208338802514,96.49380522944546,7044.956391550601
1016,6469.5435082321155,15.47737681395243,155.27773188364608,6624.821240115762,96.48877602552409,7044.547415826792
1017,6469.43922073417,15.47712732233055,154.99552616247766,6624.434746896647,96.48375855743524,7044.13909662149
1018,6469.335091561824,15.476878209478048,154.71376593292126,6624.048857494745,96.47875278740514,7043.731432119957
1019,6469.231118503571,15.476629470104237,154.43245173489888,6623.66357023847,96.47375867780715,7043.324420486932
1020,6469.127299329424,15.47638109887422,154.15158410510568,6623.27888343453,96.46877619116148,7042.918059866082
1021,6469.023631791413,15.47613309041008,153.8711635766392,6622.894795368053,96.46380529013513,7042.512348380141
1022,6468.9201136238835,15.475885439291588,153.59119067861886,6622.511304302502,96.45884593754161,7042.107284130808
1023,6468.816742544345,15.475638140058242,153.31166593579712,6622.128408480143,96.45389809634081,7041.702865199225
1024,6468.713516252915,15.475391187207931,153.03258986816158,6621.746106121076,96.44896172963871,7041.299089645005
1025,6468.6104324340085,15.475144575200977,152.7539629905294,6621.364395424538,96.4440368006872,7040.895955507527
1026,6468.507488755336,15.474898298457743,152.47578581213435,6620.983274567471,96.43912327288402,7040.493460804517
1027,6468.40468286995,15.474652351363517,152.1980588362065,6620.602741706157,96.4342211097723,7040.091603533666
1028,6468.30201241551,15.47440672826677,151.92078255954573,6620.222794975056,96.4293302750406,7039.690381671482
1029,6468.199475015576,15.47416142348224,151.64395747208917,6619.843432487665,96.42445073252267,7039.289793174139
1030,6468.097068280492,15.473916431293043,151.36758405647328,6619.464652336965,96.41958244619704,7038.889835977921
1031,6467.994789806917,15.473671745949561,151.09166278759096,6619.086452594508,96.41472538018718,7038.490507998322
1032,6467.892637179798,15.473427361674158,150.81619413214483,6618.708831311943,96.4098794987608,7038.091807131553
1033,6467.790607972351,15.473183272661126,150.54117854819594,6618.331786520546,96.40504476633011,7037.693731254082
1034,6467.688699746402,15.472939473077515,150.2666164847104,6617.955316231112,96.40022114745128,7037.296278222525
1035,6467.586910054522,15.472695957068236,149.9925083811027,6617.5794184356255,96.39540860682442,7036.899445875311
1036,6467.485236439714,15.472452718755296,149.71885466677762,6617.204091106491,96.3906071092932,7036.503232031917
1037,6467.383676436176,15.472209752239655,149.44565576067046,6616.829332196847,96.38581661984442,7036.10763449317
1038,6467.2822275715125,15.471967051606489,149.17291207078702,6616.455139642299,96.38103710360848,7035.712651042996
1039,6467.180887365575,15.471724610922427,148.90062399374304,6616.081511359318,96.37626852585814,7035.318279446801
1040,6467.0796533334105,15.471482424242609,148.62879191430474,6615.708445247716,96.37151085200904,7034.924517453955
1041,6466.978522985436,15.47124048561109,148.35741620493025,6615.335939190366,96.366764047619,7034.531362797508
1042,6466.877493827897,15.470998789061953,148.08649722531294,6614.96399105321,96.36202807838794,7034.138813194197
1043,6466.776563364797,15.470757328623916,147.8160353219275,6614.592598686724,96.3573029101575,7033.746866345909
1044,6466.675729098655,15.470516098322141,147.54603082757905,6614.221759926234,96.35258850891071,7033.355519939995
1045,6466.574988531212,15.470275092179932,147.27648406095574,6613.851472592168,96.34788484077183,7032.964771649526
1046,6466.474339165606,15.470034304223937,147.00739532618687,6613.481734491793,96.34319187200578,7032.574619135018
1047,6466.37377850639,15.469793728484188,146.73876491240486,6613.112543418795,96.33850956901804,7032.185060044024
1048,6466.2733040610365,15.469553358997695,146.47059309331414,6612.743897154351,96.3338378983542,7031.796092012191
1049,6466.172913341957,15.469313189813294,146.20288012676588,6612.375793468723,96.3291768266997,7031.407712664866
1050,6466.072603866815,15.469073214992381,145.93562625434055,6612.008230121156,96.32452632087927,7031.019919616981
1051,6465.9723731602835,15.468833428613118,145.66883170093757,6611.641204861221,96.31988634785668,7030.632710474398
1052,6465.872218755264,15.46859382477336,145.40249667437425,6611.2747154296385,96.31525687473452,7030.246082834734
1053,6465.7721381939455,15.46835439759317,145.13662136499363,6610.908759558939,96.31063786875352,7029.860034288016
1054,6465.672129029471,15.46811514121883,144.87120594528218,6610.543334974753,96.30602929729214,7029.474562417973
1055,6465.572188827817,15.467876049827312,144.60625056949857,6610.178439397316,96.3014311278665,7029.089664803535
1056,6465.472315168158,15.467637117627174,144.3417553733134,6609.814070541472,96.29684332812951,7028.705339018835
1057,6465.372505644686,15.467398338862884,144.077720473461,6609.450226118147,96.29226586587077,7028.321582634685
1058,6465.272757868455,15.46715970781927,143.8141459674043,6609.08690383586,96.2876987090159,7027.938393220079
1059,6465.17306946894,15.466921218825217,143.55103193301278,6608.724101401953,96.28314182562619,7027.555768343426
1060,6465.073438094288,15.466682866254276,143.2883784282549,6608.3618165225425,96.27859518389805,7027.173705572499
1061,6464.973861414352,15.466444644531942,143.02618549090528,6608.000046905257,96.27405875216256,7026.792202477163
1062,6464.874337121622,15.466206548137853,142.76445313826738,6607.63879025989,96.26953249888494,7026.411256630039
1063,6464.774862932062,15.465968571607805,142.50318136691297,6607.278044298975,96.26501639266412,7026.030865607064
1064,6464.675436588046,15.46573070954078,142.2423701524379,6606.917806740484,96.260510402232,7025.651026990193
1065,6464.576055858632,15.465492956599597,141.98201944923656,6606.558075307868,96.25601449645329,7025.27173836744
1066,6464.476718541919,15.465255307516552,141.7221291902939,6606.198847732213,96.25152864432448,7024.892997335024
1067,6464.377422465825,15.465017757095275,141.46269928699752,6605.840121752822,96.24705281497378,7024.514801497958
1068,6464.278165490722,15.464780300217038,141.20372962896906,6605.481895119691,96.24258697766021,7024.137148472513
1069,6464.178945510084,15.464542931842306,140.9452200839167,6605.124165594001,96.23813110177302,7023.760035886714
1070,6464.0797604526415,15.46430564701589,140.6871704975087,6604.76693095015,96.23368515683138,7023.3834613823665
1071,6463.980608283229,15.464068440868969,140.42958069326946,6604.410188976499,96.22924911248356,7023.007422615802
1072,6463.881487005018,15.463831308624446,140.17245047249784,6604.053937477516,96.22482293850622,7022.631917260018
1073,6463.78239466114,15.463594245600813,139.91577961420955,6603.69817427535,96.22040660480423,7022.256943006248
1074,6463.683329335114,15.46335724721319,139.65956787510336,6603.342897210217,96.21600008140948,7021.882497564348
1075,6463.584289153508,15.463120308979683,139.40381498955236,6602.98810414306,96.21160333848063,7021.508578665451
1076,6463.485272287442,15.46288342652498,139.14852066962086,6602.633792957063,96.20721634630229,7021.135184063478
1077,6463.386276952467,15.462646595580065,138.89368460510735,6602.279961557574,96.20283907528459,7020.762311535062
1078,6463.2873014123215,15.4624098119912,138.63930646361413,6601.926607875936,96.19847149596212,7020.389958883371
1079,6463.1883439785515,15.462173071719024,138.38538589064518,6601.5737298691965,96.1941135789937,7020.018123937819
1080,6463.089403012646,15.461936370843649,138.1319225097312,6601.221325522377,96.18976529516132,7019.646804556329
1081,6462.9904769268,15.461699705566506,137.87891592258384,6600.869392849383,96.18542661536978,7019.275998626242
1082,6462.891564186156,15.461463072215684,137.62636570927904,6600.5179298954345,96.18109751064577,7018.905704066743
1083,6462.792663309278,15.461226467247078,137.37427142846994,6600.166934737748,96.17677795213731,7018.535918829546
1084,6462.693772869121,15.4609898872467,137.12263261763002,6599.816405486751,96.17246791111288,7018.166640900092
1085,6462.594891495654,15.460753328936972,136.8714487933272,6599.466340288982,96.16816735896099,7017.797868300462
1086,6462.49601787487,15.46051678917433,136.6207194515285,6599.116737326398,96.16387626718915,7017.42959908867
1087,6462.397150751036,15.460280264954632,136.37044406793626,6598.767594818973,96.15959460742334,7017.061831361264
1088,6462.298288928225,15.460043753416805,136.1206220983564,6598.418911026582,96.15532235140732,7016.694563255203
1089,6462.199431269243,15.459807251840294,135.87125297909802,6598.070684248341,96.15105947100177,7016.327792947199
1090,6462.100576698905,15.459570757652882,135.62233612740556,6597.72291282631,96.14680593818356,7015.961518657408
1091,6462.001724202577,15.459334268427218,135.37387094192337,6597.3755951445,96.14256172504525,7015.595738648447
1092,6461.902872828588,15.459097781886575,135.12585680319205,6597.02872963178,96.13832680379403,7015.230451228284
1093,6461.804021687503,15.458861295903118,134.8782930741779,6596.6823147616815,96.13410114675116,7014.865654750049
1094,6461.705169953703,15.458624808501682,134.6311791008341,6596.336349054537,96.12988472635128,7014.501347614165
1095,6461.606316864698,15.458388317858129,134.38451421269423,6595.990831077392,96.12567751514149,7014.1375282682575
1096,6461.507461722359,15.458151822302295,134.13829772349789,6595.645759445857,96.12147948578087,7013.774195209004
1097,6461.40860389315,15.457915320318541,133.89252893184755,6595.301132824998,96.1172906110394,7013.411346983019
1098,6461.309742807602,15.457678810544502,133.647207121897,6594.9569499294985,96.11311086379752,7013.048982187018
1099,6461.210877960669,15.457442291771935,133.4023315640704,6594.613209524739,96.10894021704532,7012.687099468886
1100,6461.112008912227,15.457205762947911,133.15790151581155,6594.269910428038,96.10477864388163,7012.325697528923
1101,6461.013135285638,15.456969223171383,132.9139162223623,6593.927051508,96.1006261175135,7011.964775119183
1102,6460.914256768729,15.456732671695523,132.67037491757043,6593.584631686299,96.0964826112553,7011.60433104526
1103,6460.81537311307,15.456496107926004,132.42727682472477,6593.242649937794,96.09234809852813,7011.244364166391
1104,6460.716484132874,15.45625953141836,132.18462115741733,6592.9011052902915,96.0882225528591,7010.884873395228
1105,6460.617589705333,15.456022941878786,131.94240712043157,6592.559996825764,96.08410594788035,7010.525857699044
1106,6460.518689768939,15.455786339160142,131.70063391065514,6592.219323679594,96.07999825732858,7010.167316098973
1107,6460.419784323099,15.455549723261,131.45930071801584,6591.879085041114,96.07589945504435,7009.809247670557
1108,6460.320873428012,15.455313094325389,131.21840672644007,6591.539280154452,96.07180951497119,7009.451651544577
1109,6460.221957201883,15.455076452636083,130.9779511148314,6591.199908316715,96.06772841115499,7009.094526905239
1110,6460.123035821495,15.454839798616018,130.73793305806856,6590.860968879564,96.06365611774339,7008.737872991748
1111,6460.024109519345,15.454603132821399,130.4983517280204,6590.522461247366,96.05959260898483,7008.38168909645
1112,6459.925178583811,15.454366455942132,130.2592062945768,6590.184384878388,96.05553785922815,7008.0259745660305
1113,6459.826243356512,15.454129768795484,130.02049592669283,6589.846739283205,96.05149184292176,7007.670728799915
1114,6459.7273042312645,15.453893072323599,129.78221979344548,6589.50952402471,96.04745453461287,7007.315951250276
1115,6459.628361651825,15.453656367588097,129.54437706509938,6589.172738716924,96.04342590894717,7006.961641420844
1116,6459.5294161112815,15.453419655768617,129.3069669141807,6588.836383025462,96.03940594066768,7006.607798867366
1117,6459.430468148468,15.45318293815423,129.06998851655672,6588.500456665025,96.03539460461465,7006.254423195099
1118,6459.331518347377,15.45294621614205,128.83344105251834,6588.164959399895,96.03139187572432,7005.9015140592965
1119,6459.23256733392,15.452709491229474,128.5973237078639,6587.829891041784,96.02739772902889,7005.54907116306
1120,6459.133615775237,15.452472765012528,128.3616356749818,6587.495251450218,96.02341213965545,7005.197094257719
1121,6459.034664375513,15.452236039175869,128.1263761539293,6587.161040529442,96.01943508282545,7004.845583139733
1122,6458.9357138755,15.451999315491628,127.89154435350528,6586.827258229006,96.01546653385441,7004.494537651272
1123,6458.836765048414,15.451762595809603,127.65713949231471,6586.493904540729,96.01150646815084,7004.143957677185
1124,6458.737818698984,15.451525882054984,127.42316079982206,6586.160979498805,96.00755486121605,7003.793843145095
1125,6458.638875659763,15.451289176219527,127.1896075173912,6585.828483177153,96.00361168864345,7003.4441940227525
1126,6458.539936788313,15.451052480354816,126.9564788993099,6585.496415687623,95.99967692611781,7003.095010316236
1127,6458.441002966507,15.450815796570591,126.72377421379562,6585.164777180303,95.99575054941488,7002.746292070257
1128,6458.342075095168,15.450579127021934,126.49149274398077,6584.833567839149,95.99183253440106,7002.398039363793
1129,6458.243154092941,15.450342473906558,126.25963378887505,6584.502787881816,95.98792285703236,7002.050252309908
1130,6458.144240893182,15.450105839457372,126.02819666430202,6584.172437557484,95.98402149335432,7001.702931053575
1131,6458.0453364410205,15.449869225935455,125.79718070380842,6583.842517144829,95.98012841950124,7001.35607576966
1132,6457.946441690152,15.449632635622374,125.56658525954316,6583.513026949695,95.97624361169579,7001.009686660572
1133,6457.847557600457,15.44939607081449,125.33640970310431,6583.183967303561,95.97236704624848,7000.663763954742
1134,6457.748685135458,15.449159533816886,125.10665342635204,6582.85533856181,95.9684986995574,7000.318307904884
1135,6457.649825258357,15.448923026933869,124.87731584218525,6582.527141100542,95.96463854810719,6999.973318784809
1136,6457.55097892997,15.448686552464045,124.64839638528011,6582.19937531525,95.96078656846926,6999.6287968880915
1137,6457.452147105967,15.4484501126937,124.41989451278872,6581.872041618756,95.95694273730092,6999.284742526015
1138,6457.353330732628,15.44821370988667,124.19180970499632,6581.5451404376245,95.95310703134507,6998.941156023975
1139,6457.254530746404,15.447977346283263,123.96414146593534,6581.21867221234,95.94927942742973,6998.598037721659
1140,6457.15574806851,15.447741024087344,123.73688932395481,6580.892637392464,95.94545990246762,6998.255387968198
1141,6457.056983604512,15.447504745465341,123.51005283224396,6580.567036436756,95.94164843345582,6997.913207122288
1142,6456.958238239301,15.447268512534214,123.28363156930894,6580.24186980861,95.93784499747537,6997.571495547628
1143,6456.859512836265,15.447032327359485,123.05762513940138,6579.917137975666,95.93404957169076,6997.230253612521
1144,6456.760808233901,15.446796191947131,122.83203317289801,6579.592841406799,95.93026213334977,6996.889481686871
1145,6456.662125243028,15.446560108236909,122.60685532663058,6579.268980569658,95.92648265978274,6996.549180139713
1146,6456.563464644158,15.44632407809607,122.38209128416582,6578.945555928323,95.92271112840263,6996.209349336875
1147,6456.464827185869,15.446088103315475,122.15774075603441,6578.622567941903,95.91894751670445,6995.869989639567
1148,6456.366213581428,15.445852185601503,121.93380347990917,6578.300017061338,95.91519180226483,6995.5311014011895
1149,6456.267624507168,15.445616326572171,121.71027922073223,6577.9779037279,95.9114439627419,6995.1926849658275
1150,6456.169060599463,15.445380527749911,121.48716777079095,6577.656228370253,95.90770397587475,6994.854740665309
1151,6456.070522453219,15.445144790557942,121.26446894974325,6577.334991402962,95.90397181948326,6994.5172688177145
1152,6455.972010619583,15.444909116314792,121.0421826045922,6577.014193224175,95.90024747146771,6994.18026972506
1153,6455.873525603822,15.444673506229238,120.82030860961054,6576.693834213433,95.89653090980855,6993.8437436711
1154,6455.7750678635075,15.44443796139595,120.5988468662157,6576.373914729723,95.8928221125659,6993.507690919385
1155,6455.676637806163,15.444202482789864,120.37779730279631,6576.054435108959,95.88912105787952,6993.172111710735
1156,6455.578235788295,15.443967071263865,120.1571598744904,6575.735395662786,95.88542772396833,6992.837006262048
1157,6455.479862113166,15.44373172754346,119.9369345629172,6575.416796676083,95.88174208913026,6992.5023747638
1158,6455.381517029196,15.443496452222957,119.71712137586273,6575.098638405059,95.87806413174172,6992.1682173781355
1159,6455.2832007293355,15.44326124576396,119.4977203469211,6574.780921076256,95.87439383025772,6991.834534237877
1160,6455.184913347955,15.443026108487931,119.27873153509253,6574.463644883048,95.8707311632111,6991.501325443016
1161,6455.086654961327,15.442791040577339,119.06015502433962,6574.1468099856675,95.86707610921287,6991.168591060743
1162,6454.9884255849065,15.442556042069155,118.84199092310317,6573.83041650801,95.86342864695133,6990.836331122248
1163,6454.8902251735835,15.442321112855463,118.62423936377942,6573.514464537363,95.85978875519223,6990.504545622449
1164,6454.7920536197935,15.442086252678932,118.4069005021604,6573.198954121954,95.85615641277829,6990.173234517539
1165,6454.693910752015,15.441851461129222,118.18997451683869,6572.883885268853,95.85253159862916,6989.84239772289
1166,6454.59579633564,15.441616737645074,117.97346160857892,6572.569257944219,95.84891429174093,6989.512035113292
1167,6454.497710070626,15.441382081508676,117.75736199965762,6572.255072070284,95.84530447118607,6989.182146519943
1168,6454.399651591458,15.441147491845593,117.54167593317305,6571.941327524631,95.84170211611301,6988.852731729722
1169,6454.301620466138,15.44091296762234,117.32640367232754,6571.628024138466,95.8381072057461,6988.523790483461
1170,6454.203616196599,15.440678507647366,117.11154549968344,6571.315161696282,95.83451971938507,6988.195322475607
1171,6454.105638216698,15.440444110566263,116.89710171639555,6571.002739933094,95.83093963640519,6987.867327351456
1172,6454.007685893841,15.440209774865648,116.68307264142115,6570.690758535262,95.82736693625672,6987.539804707979
1173,6453.9097585264735,15.439975498867161,116.4694586107101,6570.379217137183,95.82380159846466,6987.212754090505
1174,6453.811855345463,15.439741280730773,116.25625997637695,6570.06811532184,95.8202436026288,6986.886174993276
1175,6453.71397551396,15.439507118454449,116.04347710585643,6569.757452619816,95.81669292842315,6986.560066858457
1176,6453.616118125825,15.439273009870394,115.83111038104504,6569.44722850687,95.81314955559587,6986.234429073712
1177,6453.518282206864,15.439038952648,115.61916019743006,6569.137442404293,95.8096134639691,6985.9092609725585
1178,6453.420466715316,15.438804944295015,115.40762696320797,6568.828093678524,95.80608463343842,6985.584561833981
1179,6453.322670540675,15.438570982154726,115.19651109839404,6568.519181639069,95.802563043973,6985.260330880351
1180,6453.224892503849,15.438337063406339,114.98581303392487,6568.210705537775,95.7990486756151,6984.9365672767
1181,6453.127131358926,15.4381031850692,114.7755332107559,6567.902664569682,95.79554150847989,6984.61327013157
1182,6453.029385791876,15.437869343999703,114.56567207895444,6567.595057870831,95.79204152275528,6984.290438494816
1183,6452.931654421802,15.437635536894263,114.35623009679162,6567.287884518593,95.78854869870156,6983.968071357945
1184,6452.833935800508,15.437401760288296,114.14720772983286,6566.981143530341,95.78506301665118,6983.646167652773
1185,6452.736228413663,15.437168010559004,113.93860545002958,6566.674833863693,95.78158445700869,6983.324726251681
1186,6452.6385306809625,15.436934283925748,113.730423734813,6566.368954415775,95.77811300025026,6983.003745966864
1187,6452.540840956848,15.43670057645179,113.52266306619146,6566.06350402304,95.77464862692352,6982.683225550158
1188,6452.443157530397,15.436466884044012,113.31532392985235,6565.75848146025,95.77119131764728,6982.363163692015
1189,6452.345478626989,15.43623320245691,113.10840681427007,6565.4538854412585,95.76774105311132,6982.043559022292
1190,6452.247802407987,15.435999527291836,112.90191220982067,6565.149714617808,95.7642978140762,6981.724410109039
1191,6452.150126971958,15.4357658539999,112.69584060790447,6564.845967579863,95.76086158137292,6981.405715458835
1192,6452.052450354889,15.435532177882509,112.49019250007748,6564.542642854966,95.7574323359026,6981.087473516142
1193,6451.954770532055,15.435298494095825,112.28496837719223,6564.239738909247,95.75401005863647,6980.769682664315
1194,6451.857085417269,15.43506479764897,112.08016872854898,6563.937254145819,95.75059473061525,6980.452341223995
1195,6451.759392864842,15.434831083408714,111.8757940410579,6563.6351869059,95.74718633294917,6980.135447454229
1196,6451.661690670197,15.434597346100949,111.67184479841242,6563.333535468609,95.74378484681769,6979.818999552265
1197,6451.563976570413,15.434363580311992,111.46832148027507,6563.032298050688,95.74039025346903,6979.502995653278
1198,6451.466248245858,15.434129780492484,111.26522456147484,6562.7314728073325,95.73700253422012,6979.18743383119
1199,6451.368503320311,15.433895940957681,111.06255451121802,6562.431057831529,95.73362167045629,6978.872312098014
1200,6451.270739362988,15.433662055892317,110.86031179231107,6562.131051155299,95.7302476436308,6978.557628405093
1201,6451.172953888726,15.433428119351019,110.65849686039718,6561.831450749123,95.72688043526483,6978.243380642525
1202,6451.075144359681,15.433194125262395,110.45711016320526,6561.532254522886,95.72352002694703,6977.929566640106
1203,6450.977308186045,15.432960067430729,110.2561521398124,6561.233460325857,95.72016640033327,6977.6161841673065
1204,6450.879442728134,15.43272593954099,110.05562321991911,6560.935065948052,95.71681953714639,6977.303230934639
1205,6450.781545296079,15.432491735158083,109.85552382313742,6560.637069119216,95.71347941917594,6976.990704592631
1206,6450.683613153496,15.432257447735635,109.6558543582914,6560.339467511787,95.7101460282777,6976.678602734795
1207,6450.585643515859,15.432023070612104,109.45661522273036,6560.04225873859,95.70681934637358,6976.366922895315
1208,6450.487633555325,15.43178859702231,109.25780680165363,6559.745440356979,95.70349935545136,6976.055662553193
1209,6450.389580399113,15.431554020093571,109.05942946744703,6559.44900986656,95.7001860375641,6975.744819129964
1210,6450.291481133478,15.43131933285521,108.86148357903059,6559.152964712508,95.69687937482999,6975.434389993018
1211,6450.193332803672,15.43108452823845,108.66396948121667,6558.857302284889,95.69357934943226,6975.124372454919
1212,6450.0951324172565,15.430849599084345,108.46688750407829,6558.5620199213345,95.69028594361832,6974.814763776074
1213,6449.996876944502,15.430614538144741,108.27023796232673,6558.267114906829,95.6869991397001,6974.505561164525
1214,6449.898563321155,15.430379338088887,108.07402115469822,6557.972584475853,95.68371892005312,6974.196761778085
1215,6449.800188450234,15.430143991507736,107.87823736334846,6557.678425813582,95.68044526711648,6973.888362725539
1216,6449.701749203992,15.429908490918642,107.68288685325484,6557.384636057247,95.67717816339245,6973.580361068004
1217,6449.6032424268615,15.429672828772397,107.48796987162524,6557.091212298486,95.67391759144618,6973.272753821278
1218,6449.5046649366195,15.429436997456028,107.29348664731293,6556.798151583933,95.67066353390507,6972.96553795642
1219,6449.406013527943,15.4292009893013,107.09943739023666,6556.50545091818,95.66741597345877,6972.658710402726
1220,6449.307284974614,15.428964796589986,106.90582229080522,6556.213107265419,95.66417489285867,6972.352268049354
1221,6449.208476032227,15.428728411560352,106.71264151934572,6555.921117551573,95.66094027491737,6972.046207747463
1222,6449.109583441183,15.428491826414312,106.51989522553492,6555.629478666718,95.6577121025085,6971.740526312629
1223,6449.01060392972,15.428255033324689,106.32758353783274,6555.338187467552,95.65449035856625,6971.435220527315
1224,6448.911534217073,15.428018024442757,106.1357065629173,6555.04724077999,95.65127502608489,6971.130287143459
1225,6448.812371017123,15.427780791906994,105.94426438512095,6554.756635402244,95.64806608811853,6970.825722885559
1226,6448.713111041724,15.427543327851014,105.7532570658662,6554.46636810759,95.64486352778052,6970.521524453435
1227,6448.613751004661,15.427305624413064,105.56268464310162,6554.176435647762,95.6416673282431,6970.217688525619
1228,6448.5142876255695,15.427067673745382,105.37254713073668,6553.886834756307,95.63847747273698,6969.9142117627125
1229,6448.414717633856,15.426829468023579,105.1828445180752,6553.597562151931,95.63529394455081,6969.611090810727
1230,6448.315037773625,15.426590999458432,104.99357676924708,6553.3086145428715,95.63211672703082,6969.3083223054555
1231,6448.215244807841,15.42635226030584,104.80474382263807,6553.019988630479,95.62894580358015,6969.0059028760525
1232,6448.115335523584,15.426113242879387,104.61634559031711,6552.731681113901,95.62578115765871,6968.7038291497165
1233,6448.015306736505,15.425873939561018,104.42838195746168,6552.4436886939675,95.62262277278226,6968.40209775557
1234,6447.915155296801,15.425634342815313,104.24085278178062,6552.156008078581,95.61947063252217,6968.100705330053
1235,6447.814878094834,15.425394445202953,104.05375789293527,6551.868635987769,95.61632472050488,6967.7996485219655
1236,6447.714472066009,15.425154239392366,103.86709709195848,6551.581569157967,95.61318502041118,6967.498923996756
1237,6447.61393419847,15.424913718178157,103.68087015067304,6551.294804349143,95.61005151597585,6967.198528443638
1238,6447.513261537737,15.424672874492193,103.4950768111093,6551.008338348846,95.606924190987,6966.89845857964
1239,6447.412451194872,15.424431701423138,103.3097167849234,6550.722167979796,95.60380302928547,6966.598711157188
1240,6447.311500352353,15.424190192230508,103.12478975281721,6550.43629010517,95.60068801476433,6966.299282969395
1241,6447.210406271581,15.423948340362633,102.94029536396131,6550.150701635542,95.59757913136808,6966.000170856993
1242,6447.109166300492,15.423706139474861,102.75623323542237,6549.865399535915,95.59447636309216,6965.701371715365
1243,6447.007777881268,15.42346358344801,102.5726029515971,6549.580380832866,95.5913796939823,6965.4028825016885
1244,6446.9062385577345,15.423220666406063,102.38940406365492,6549.29564262139,95.58828910813384,6965.104700241772
1245,6446.804545984319,15.422977382737605,102.20663608899123,6549.01118207331,95.58520458969092,6964.806822038466
1246,6446.7026979340535,15.422733727114961,102.02429851069483,6548.726996444749,95.58212612284606,6964.509245079129
1247,6446.600692307702,15.422489694516033,101.84239077703168,6548.443083084734,95.57905369183919,6964.211966644235
1248,6446.498527141821,15.42224528024359,101.66091230094871,6548.159439442769,95.57598728095692,6963.914984114932
1249,6446.396200618954,15.42200047994965,101.47986245960143,6547.8760630785555,95.57292687453203,6963.61829498277
1250,6446.293711076252,15.421755289656106,101.29924059390866,6547.592951670161,95.56987245694242,6963.32189685786
1251,6446.191057014792,15.421509705777014,101.11904600813943,6547.310103022932,95.56682401261061,6963.025787477788
1252,6446.088237109272,15.421263725141799,100.93927796953602,6547.027515078808,95.56378152600263,6962.72996471692
1253,6445.985250218728,15.42101734502088,100.75993570797829,6546.745185926706,95.56074498162747,6962.434426596785
1254,6445.88209539421,15.420770563144044,100.58101841569426,6546.463113809905,95.55771436403614,6962.139171293462
1255,6445.778771890631,15.420523377728783,100.40252524702271,6546.181297137654,95.55468965782077,6961.844197149174
1256,6445.675279175142,15.42027578750034,100.22445531823311,6545.899734493375,95.55167084761393,6961.549502680496
1257,6445.571616937584,15.420027791716707,100.0468077074093,6545.618424644993,95.54865791808753,6961.255086588673
1258,6445.467785099627,15.419779390190495,99.86958145440252,6545.337366554029,95.54565085395211,6960.960947768721
1259,6445.36378382499,15.419530583313373,99.69277556086095,6545.056559385851,95.54264963995593,6960.667085319659
1260,6445.2596135278845,15.419281372076279,99.51638899034128,6544.776002518226,95.53965426088399,6960.373498553072
1261,6445.155274882821,15.419031758092872,99.34042066850975,6544.495695551331,95.5366647015571,6960.080187003105
1262,6445.050768832913,15.418781743619409,99.16486948343866,6544.215638316351,95.53368094683113,6959.787150435066
1263,6444.9460965983035,15.418531331574888,98.9897342860057,6543.935830884309,95.53070298159581,6959.494388854251
1264,6444.841259684712,15.418280525561512,98.81501389040167,6543.656273575114,95.52773079077416,6959.201902514981
1265,6444.736259889842,15.418029329880005,98.64070707475406,6543.376966964595,95.52476435932124,6958.909691927643
1266,6444.631099311726,15.417777749549584,98.46681258187178,6543.0979118935975,95.52180367222337,6958.617757867769
1267,6444.525780353762,15.417525790320004,98.29332912011782,6542.8191094738795,95.51884871449714,6958.326101381942
1268,6444.420305731313,15.417273458687353,98.12025536441456,6542.540561095728,95.5158994711886,6958.034723795398
1269,6444.314678475692,15.417020761903569,97.94758995738758,6542.262268433079,95.51295592737226,6957.743626717149
1270,6444.208901939146,15.416767707988388,97.77533151065178,6541.984233449798,95.51001806815017,6957.452812046251
1271,6444.102979797885,15.416514305736568,97.60347860624489,6541.70645840413,95.50708587865105,6957.162281976262
1272,6443.996916053829,15.41626056472208,97.43202979821012,6541.42894585204,95.5041593440295,6956.872038998568
1273,6443.890715036718,15.416006495303153,97.2609836143318,6541.15169865105,95.50123844946496,6956.582085906222
1274,6443.784381403295,15.415752108620323,97.09033855802481,6540.87471996132,95.49832318016115,6956.292425795021
1275,6443.67792013792,15.415497416597896,96.92009311037836,6540.598013248299,95.49541352134493,6956.003062066149
1276,6443.571336549033,15.415242431935486,96.75024573235447,6540.321582281387,95.49250945826586,6955.713998424843
1277,6443.464636267556,15.4149871681042,96.58079486713851,6540.045431134694,95.48961097619518,6955.425238881143
1278,6443.357825241101,15.414731639332777,96.41173894264017,6539.769564183741,95.48671806042536,6955.136787746591
1279,6443.250909729516,15.414475860596928,96.24307637414027,6539.493986103656,95.48383069626914,6954.848649632428
1280,6443.143896297706,15.414219847602169,96.07480556707841,6539.218701864785,95.48094886905912,6954.560829445192
1281,6443.036791806834,15.41396361676276,95.90692491997544,6538.94371672681,95.47807256414708,6954.27333238085
1282,6442.929603406394,15.41370718518276,95.73943282748215,6538.669036233876,95.47520176690361,6953.986163919906
1283,6442.82233852263,15.413450570628301,95.57232768354612,6538.394666206176,95.47233646271744,6953.699329818997
1284,6442.715004846417,15.413193791498607,95.40560788468575,6538.120612731103,95.46947663699494,6953.412836102031
1285,6442.607610321976,15.412936866798985,95.23927183335998,6537.846882155336,95.46662227516015,6953.126689052283
1286,6442.500163130442,15.412679816101535,95.07331794142105,6537.573481071863,95.46377336265404,6952.840895199408
1287,6442.3926716762635,15.412422659512591,94.90774463363661,6537.3004163099,95.46092988493461,6952.555461309366
1288,6442.285144570347,15.41216541763241,94.74255035126518,6537.027694921612,95.45809182747652,6952.270394371135
1289,6442.1775906122975,15.411908111512673,94.57773355567078,6536.755324167968,95.45525917577109,6951.985701582572
1290,6442.070018773222,15.411650762615363,94.41329273195761,6536.48331150518,95.45243191532609,6951.701390336848
1291,6441.962438175274,15.411393392763813,94.24922639260949,6536.211664567883,95.44961003166611,6951.417468205631
1292,6441.854858073442,15.411136024099145,94.08553308111414,6535.940391154556,95.44679351033243,6951.133942924502
1293,6441.747287833111,15.410878679026581,93.92221137555492,6535.669499208666,95.44398233688322,6950.850822374108
1294,6441.6397369113265,15.410621380170637,93.75925989215034,6535.398996803477,95.441176496894,6950.568114564965
1295,6441.53221483325,15.41036415031878,93.59667728872293,6535.128892121973,95.43837597595764,6950.285827617388
1296,6441.424731171837,15.410107012372816,93.43446226807798,6534.8591934399155,95.43558075968527,6950.003969744546
1297,6441.317295524527,15.409849989293127,93.27261358127423,6534.589909105802,95.43279083370624,6949.722549232424
1298,6441.209917492761,15.409593104049668,93.1111300307672,6534.321047523528,95.43000618366912,6949.441574422489
1299,6441.102606658251,15.409336379565193,92.95001047340858,6534.05261713166,95.42722679524205,6949.161053690963
1300,6440.995372561686,15.40907983866432,92.78925382328356,6533.78462638497,95.42445265411371,6948.880995430364
1301,6440.888224681523,15.408823504022783,92.62885905437123,6533.517083735894,95.4216837459939,6948.601408030967
1302,6440.781172411749,15.408567398114233,92.46882520301197,6533.249997614761,95.41892005661441,6948.322299861034
1303,6440.6742250410025,15.408311543160293,92.30915137016902,6532.983376411172,95.41616157173,6948.043679248197
1304,6440.567391732824,15.408055961083312,92.1498367234711,6532.717228456295,95.41340827711937,6947.765554461764
1305,6440.460681505685,15.407800673458576,91.9908804990255,6532.4515620047105,95.4106601585863,6947.4879336945605
1306,6440.354103213412,15.407545701467493,91.83228200299219,6532.186385216404,95.40791720196034,6947.210825044932
1307,6440.247665528012,15.407291065856487,91.67404061291091,6531.921706140923,95.4051793930984,6946.934236500901
1308,6440.141376921793,15.407036786894242,91.51615577877519,6531.6575327005685,95.40244671788552,6946.65817592337
1309,6440.035245651591,15.40678288433395,91.35862702384924,6531.39387267544,95.39971916223661,6946.38265103117
1310,6439.929279743089,15.406529377375811,91.2014539452246,6531.130733688314,95.39699671209705,6946.107669385936
1311,6439.823486977299,15.406276284634686,91.04463621411585,6530.868123191414,95.39427935344442,6945.8332383788975
1312,6439.717874876942,15.406023624107517,90.88817357589618,6530.606048452838,95.39156707228958,6945.559365217297
1313,6439.61245069539,15.405771413146866,90.73206584987523,6530.344516545266,95.38885985467822,6945.286056913116
1314,6439.507221405489,15.405519668434184,90.57631292882357,6530.083534334312,95.3861576866918,6945.013320271421
1315,6439.4021936907475,15.405268405958726,90.42091477824911,6529.823108468997,95.38346055444919,6944.741161880851
1316,6439.297373936237,15.405017640995782,90.26587143543284,6529.56324537167,95.38076844410796,6944.4695881035395
1317,6439.192768223401,15.40476738809426,90.11118300823244,6529.303951231634,95.37808134186551,6944.198605068748
1318,6439.088382322042,15.404517661057517,89.95684967366341,6529.045231995706,95.37539923396082,6943.9282186634355
1319,6438.984221688153,15.404268472938167,89.80287167626885,6528.787093364423,95.37272210667507,6943.658434528459
1320,6438.880291458952,15.404019836026201,89.64924932628949,6528.529540785242,95.37004994633361,6943.389258051793
1321,6438.77659645143,15.403771761845526,89.49598299764725,6528.272579449077,95.3673827393068,6943.120694365061
1322,6438.673141161014,15.403524261150752,89.34307312575538,6528.01621428677,95.36472047201131,6942.852748340019
1323,6438.569929761657,15.403277343927408,89.19052020516988,6527.760449966827,95.36206313091148,6942.585424586292
1324,6438.466966107184,15.403031019395177,89.03832478709639,6527.505290894281,95.35941070252011,6942.318727450243
1325,6438.364253732914,15.402785296011757,88.88648747676771,6527.250741209682,95.35676317340004,6942.052661013972
1326,6438.261795859,15.40254018148086,88.73500893070728,6526.996804789707,95.3541205301648,6941.787229095924
1327,6438.159595393429,15.4022956827594,88.58388985389338,6526.7434852473225,95.3514827594799,6941.52243525106
1328,6438.0576549374,15.402051806070334,88.43313099683985,6526.49078593424,95.34884984806351,6941.258282773317
1329,6437.955976791475,15.401808556917405,88.2827331526078,6526.238709944083,95.34622178268769,6940.994774698775
1330,6437.854562959372,15.40156594009419,88.13269715376333,6525.987260113136,95.34359855017907,6940.731913806414
1331,6437.753415157036,15.40132395970583,87.9830238692958,6525.736439026332,95.34098013741945,6940.4697026241065
1332,6437.652534818827,15.401082619183796,87.83371420151019,6525.486249020337,95.33836653134692,6940.208143431696
1333,6437.551923104842,15.40084192130345,87.68476908290705,6525.236692187749,95.33575771895622,6939.947238265208
1334,6437.451580910947,15.400601868208007,87.53618947306315,6524.98777038401,95.33315368729944,6939.686988923762
1335,6437.3515088753265,15.400362461424226,87.38797635552467,6524.739485230852,95.33055442348657,6939.427396973018
1336,6437.2517073889485,15.400123701887436,87.2401307347244,6524.491838123673,95.32795991468599,6939.168463752557
1337,6437.152176604514,15.399885589962953,87.09265363293368,6524.244830237448,95.32537014812486,6938.910190381791
1338,6437.052916445571,15.399648125467873,86.94554608725903,6523.99846253283,95.32278511108927,6938.652577766068
1339,6436.9539266164375,15.399411307694827,86.79880914669272,6523.75273576313,95.32020479092499,6938.395626603653
1340,6436.855206612565,15.399175135436758,86.65244386922545,6523.507650481791,95.31762917503723,6938.139337393202
1341,6436.756755729202,15.39893960700766,86.5064513190286,6523.2632070482305,95.31505825089098,6937.883710439606
1342,6436.6585730729275,15.398704720270162,86.36083256371337,6523.019405636641,95.3124920060113,6937.62874586279
1343,6436.560657570379,15.398470472656408,86.21558867167217,6522.776246242051,95.30993042798292,6937.374443603776
1344,6436.463007978337,15.398236861192194,86.07072070950764,6522.533728687845,95.3073735044507,6937.120803432205
1345,6436.365622894131,15.398003882521845,85.92622973955412,6522.291852633685,95.30482122311935,6936.8678249542545
1346,6436.268500765496,15.39777153293181,85.78211681749481,6522.050617582991,95.3022735717533,6936.6155076201185
1347,6436.171639898705,15.397539808370107,85.6383829900783,6521.810022888783,95.29973053817652,6936.363850729851
1348,6436.075038470049,15.3973087044738,85.49502929293621,6521.570067762985,95.29719211027239,6936.11285344267
1349,6435.97869453322,15.39707821658665,85.35205674850428,6521.330751281724,95.29465827598341,6935.862514782251
1350,6435.882606029979,15.396848339784638,85.20946636404808,6521.092072394027,95.29212902331102,6935.61283364543
1351,6435.786770797997,15.39661906889473,85.0672591297938,6520.85402992779,95.28960434031501,6935.363808808161
1352,6435.691186579512,15.396390398515578,84.92543601716456,6520.616622596676,95.28708421511338,6935.115438932419
1353,6435.595851029925,15.396162323038098,84.78399797712159,6520.379849007047,95.28456863588175,6934.867722573133
1354,6435.50076172598,15.395934836665024,84.64294593861032,6520.14370766459,95.28205759085314,6934.620658184801
1355,6435.40591617295,15.39570793342811,84.5022808071094,6519.908196980059,95.27955106831726,6934.374244127239
1356,6435.311311813201,15.395481607208616,84.36200346328204,6519.673315276484,95.27704905662024,6934.128478672782
1357,6435.216946032305,15.395255851751925,84.22211476172718,6519.439060794032,95.27455154416396,6933.883360011146
1358,6435.12281616623,15.39503066068476,84.08261552982924,6519.205431696059,95.27205851940549,6933.638886255473
1359,6435.028919508214,15.394806027531613,83.9435065667036,6518.972426074918,95.26956997085661,6933.395055448144
1360,6434.935253315655,15.394581945731233,83.80478864223551,6518.740041957891,95.26708588708328,6933.151865566703
1361,6434.841814814777,15.394358408647792,83.66646249620996,6518.508277310986,95.26460625670498,6932.909314527653
1362,6434.748601207031,15.3941354095862,83.52852883752948,6518.277130044561,95.26213106839391,6932.667400192075
1363,6434.655609674766,15.393912941805661,83.39098834351717,6518.0465980182835,95.25966031087476,6932.426120370588
1364,6434.5628373866175,15.393690998532577,83.25384165930144,6517.816679045919,95.2571939729238,6932.185472828138
1365,6434.470281500893,15.393469572968645,83.11708939728014,6517.5873708981735,95.25473204336836,6931.945455286826
1366,6434.377939171709,15.393248658305524,82.98073213666004,6517.358671308369,95.25227451108609,6931.706065431593
1367,6434.285807552733,15.393028247733811,82.84477042306911,6517.130577975802,95.24982136500445,6931.467300913571
1368,6434.193883800899,15.392808334451912,82.70920476823792,6516.903088569137,95.24737259409994,6931.229159353472
1369,6434.102165080667,15.392588911676237,82.57403564974736,6516.676200730414,95.24492818739763,6930.991638345594
1370,6434.010648567119,15.39236997264861,82.4392635108388,6516.449912077957,95.24248813397023,6930.754735460728
1371,6433.919331449583,15.392151510644936,82.30488876028424,6516.224220209868,95.24005242293775,6930.518448249647
1372,6433.828210934284,15.39193351898154,82.17091177231265,6515.999122706597,95.23762104346667,6930.282774245677
1373,6433.737284247004,15.39171599102154,82.03733288658965,6515.774617133594,95.23519398476934,6930.04771096734
1374,6433.64654863664,15.391498920183349,81.90415240824747,6515.550701044887,95.2327712361035,6929.8132559219375
1375,6433.556001376428,15.391282299943608,81.77137060796187,6515.32737198439,95.23035278677129,6929.579406606845
1376,6433.465639766109,15.391066123842366,81.63898772207361,6515.104627488183,95.22793862611923,6929.346160511802
1377,6433.375461135306,15.390850385491163,81.5070039527508,6514.882465088057,95.22552874353691,6929.113515122443
1378,6433.285462843195,15.390635078572236,81.37541946819019,6514.660882311386,95.22312312845698,6928.881467920173
1379,6433.195642281603,15.39042019684594,81.24423440285409,6514.439876684457,95.22072177035426,6928.650016385498
1380,6433.105996876542,15.390205734154407,81.11344885774037,6514.219445734282,95.21832465874529,6928.419157999824
1381,6433.01652408771,15.38999168442036,80.98306290068321,6513.999586988393,95.21593178318763,6928.188890245259
1382,6432.927221411794,15.389778041655008,80.85307656668199,6513.780297978476,95.21354313327944,6927.959210608241
1383,6432.838086381939,15.389564799956792,80.72348985825602,6513.561576240196,95.21115869865888,6927.7301165793615
1384,6432.749116569432,15.389351953515387,80.59430274582274,6513.343419315254,95.2087784690036,6927.50160565542
1385,6432.660309583756,15.389139496611858,80.4655151680974,6513.1258247518535,95.20640243403017,6927.273675339885
1386,6432.57166307353,15.388927423620885,80.33712703251209,6512.908790106042,95.20403058349376,6927.04632314424
1387,6432.48317472711,15.388715729012224,80.2091382156521,6512.692312942762,95.20166290718737,6926.819546589028
1388,6432.394842272451,15.38850440735036,80.08154856370778,6512.476390836158,95.19929939494145,6926.593343204154
1389,6432.306663477852,15.388293453296297,79.95435789294014,6512.261021370792,95.1969400366236,6926.367710530105
1390,6432.218636152025,15.388082861607716,79.8275659901585,6512.046202142184,95.194584822138,6926.142646118484
1391,6432.130758144065,15.387872627138911,79.7011726132086,6511.831930757274,95.19223374142484,6925.918147532472
1392,6432.0430273437,15.387662744841387,79.57517749146972,6511.618204835169,95.18988678446017,6925.694212347571
1393,6431.955441680997,15.38745320976315,79.44958032635927,6511.405022007356,95.1875439412551,6925.470838151816
1394,6431.867999126116,15.387244017048124,79.32438079184377,6511.192379917959,95.18520520185584,6925.248022546032
1395,6431.780697689437,15.387035161936453,79.1995785349548,6510.980276224392,95.18287055634308,6925.025763144484
1396,6431.693535421424,15.386826639764172,79.07517317630878,6510.768708597732,95.18053999483149,6924.804057575249
1397,6431.6065104120835,15.386618445961922,78.95116431062962,6510.557674722713,95.17821350746966,6924.582903480206
1398,6431.519620790339,15.386410576053443,78.82755150727317,6510.347172297612,95.17589108443947,6924.362298514923
1399,6431.432864724484,15.386203025656659,78.70433431075263,6510.137199035236,95.17357271595593,6924.142240349644
1400,6431.346240421028,15.385995790480928,78.58151224126401,6509.927752662292,95.17125839226682,6923.922726668652
1401,6431.259746124246,15.385788866325948,78.45908479521076,6509.718830919456,95.16894810365216,6923.703755170343
1402,6431.173380116624,15.385582249082832,78.33705144572717,6509.510431562351,95.16664184042429,6923.485323568197
1403,6431.087140716883,15.385375934729385,78.21541164319954,6509.302552360083,95.16433959292726,6923.267429589317
1404,6431.001026280569,15.385169919331505,78.09416481578486,6509.095191096354,95.16204135153667,6923.050070975539
1405,6430.915035199667,15.384964199042265,77.97331036992604,6508.888345569593,95.15974710665935,6922.833245483562
1406,6430.829165900785,15.384758770097571,77.85284769086373,6508.682013591649,95.1574568487331,6922.616950883637
1407,6430.743416845557,15.384553628817121,77.73277614314384,6508.476192988701,95.15517056822647,6922.401184960486
1408,6430.657786530017,15.38434877160291,77.61309507112072,6508.270881601137,95.15288825563846,6922.185945513164
1409,6430.572273483403,15.38414419493637,77.49380379945521,6508.066077282858,95.1506099014984,6921.971230354376
1410,6430.486876268525,15.383939895379246,77.37490163360789,6507.861777902132,95.14833549636555,6921.757037311322
1411,6430.401593479839,15.383735869568993,77.2563878603266,6507.657981340166,95.14606503082885,6921.5433642242715
1412,6430.316423743599,15.383532114219138,77.13826174812853,6507.454685491728,95.14379849550704,6921.330208947184
1413,6430.231365717899,15.383328626119376,77.02052254777625,6507.251888265676,95.141535881048,6921.117569348235
1414,6430.14641809038,15.383125402130096,76.90316949274786,6507.049587583128,95.13927717812892,6920.905443307989
1415,6430.061579578967,15.382922439184131,76.78620179970082,6506.847781378668,95.1370223774559,6920.693828720601
1416,6429.976848930511,15.38271973428352,76.66961866892954,6506.64646759944,95.13477146976383,6920.482723492913
1417,6429.892224920356,15.38251728449846,76.5534192848165,6506.445644205172,95.13252444581607,6920.272125544472
1418,6429.807706352176,15.382315086966928,76.43760281627698,6506.245309168453,95.13028129640466,6920.062032807813
1419,6429.723292056568,15.382113138891311,76.32216841719705,6506.045460473765,95.12804201234962,6919.852443227486
1420,6429.63898089089,15.381911437538013,76.20711522686508,6505.846096117755,95.12580658449932,6919.643354760327
1421,6429.554771738334,15.38170998023525,76.0924423703965,6505.647214108731,95.12357500372977,6919.4347653749555
1422,6429.470663507867,15.381508764372889,75.97814895915197,6505.44881246702,95.12134726094504,6919.2266730521305
1423,6429.386655132825,15.381307787399102,75.8642340911488,6505.250889223974,95.11912334707665,6919.019075783757
1424,6429.3027455714355,15.381107046821615,75.7506968514657,6505.053442422901,95.11690325308363,6918.811971573815
1425,6429.218933804912,15.380906540203139,75.63753631264086,6504.856470117553,95.11468696995242,6918.605358436846
1426,6429.1352188379315,15.380706265162516,75.52475153506333,6504.659970372994,95.11247448869658,6918.399234398825
1427,6429.051599697883,15.380506219372926,75.4123415673578,6504.4639412652405,95.11026580035686,6918.193597496793
1428,6428.968075432898,15.380306400557172,75.30030544676272,6504.268380879661,95.10806089600078,6917.988445777264
1429,6428.884645114055,15.380106806492956,75.18864219950191,6504.073287313558,95.10585976672286,6917.783777298802
1430,6428.801307832198,15.37990743500526,75.07735084114954,6503.878658673348,95.10366240364414,6917.5795901291995
1431,6428.71806269903,15.379708283968972,74.96643037698865,6503.684493076019,95.10146879791249,6917.375882346938
1432,6428.634908845349,15.379509351304662,74.85587980236323,6503.490788647712,95.099278940702,6917.172652039766
1433,6428.551845422247,15.379310634981453,74.74569810302393,6503.297543525271,95.09709282321319,6916.969897306249
1434,6428.468871598538,15.379112133010855,74.63588425546725,6503.104755854005,95.0949104366728,6916.767616253532
1435,6428.385986561911,15.378913843449547,74.52643722726872,6502.912423789179,95.09273177233374,6916.565806998831
1436,6428.303189517657,15.37871576439631,74.41735597740953,6502.720545495067,95.09055682147493,6916.3644676684835
1437,6428.220479688231,15.378517893990983,74.30863945659718,6502.529119144828,95.08838557540125,6916.163596397823
1438,6428.137856313067,15.378320230414035,74.20028660758,6502.3381429206465,95.0862180254432,6915.963191331324
1439,6428.055318647928,15.378122771884996,74.09229636545545,6502.147615013384,95.08405416295727,6915.763250622248
1440,6427.972865964568,15.377925516661646,73.98466765797254,6501.957533622541,95.08189397932537,6915.563772432606
1441,6427.890497550309,15.377728463039018,73.87739940582846,6501.7678969561375,95.07973746595485,6915.364754933041
1442,6427.8082127071675,15.37753160934729,73.77049052295895,6501.578703230127,95.07758461427888,6915.16619630224
1443,6427.726010752563,15.377334953953499,73.66393991682324,6501.389950669386,95.07543541575541,6914.968094727922
1444,6427.643891017195,15.377138495256446,73.55774648868311,6501.201637505877,95.07328986186803,6914.770448405004
1445,6427.561852846168,15.376942231689398,73.45190913387619,6501.013761980044,95.07114794412536,6914.57325553699
1446,6427.479895598406,15.376746161718675,73.34642674208376,6500.82632234049,95.06900965406096,6914.376514335655
1447,6427.398018645338,15.376550283840523,73.2412981975931,6500.639316842931,95.06687498323345,6914.180223019996
1448,6427.316221371193,15.376354596581802,73.13652237955408,6500.452743750747,95.06474392322637,6913.984379816781
1449,6427.234503172958,15.376159098499901,73.03209816223072,6500.266601335189,95.06261646564785,6913.7889829607575
1450,6427.152863459082,15.375963788179623,72.92802441524708,6500.080887874329,95.06049260213102,6913.594030693599
1451,6427.071301650347,15.375768664235279,72.82430000382818,6499.895601654175,95.05837232433328,6913.399521265025
1452,6426.98981717835,15.375573725307056,72.72092378903551,6499.710740967385,95.0562556239368,6913.20545293151
1453,6426.90840948593,15.375378970062034,72.61789462799747,6499.526304113928,95.05414249264808,6913.011823956947
1454,6426.827078026859,15.375184397193443,72.51521137413489,6499.342289400995,95.05203292219807,6912.818632612556
1455,6426.745822264909,15.374990005418443,72.41287287738143,6499.1586951422905,95.0499269043419,6912.625877176178
1456,6426.664641674187,15.374795793478915,72.31087798439907,6498.975519658586,95.04782443085887,6912.433555932822
1457,6426.583535738504,15.374601760139962,72.2092255387888,6498.792761277293,95.04572549355251,6912.241667174246
1458,6426.502503951778,15.374407904190855,72.10791438129662,6498.610418333074,95.04363008425028,6912.050209199563
1459,6426.421545815961,15.374214224440097,72.00694335001464,6498.428489165975,95.04153819480368,6911.859180313371
1460,6426.340660843531,15.374020719721365,71.90631128057771,6498.246972124109,95.03944981708798,6911.668578828441
1461,6426.2598485544195,15.373827388886172,71.80601700635542,6498.065865560775,95.03736494300225,6911.478403062834
1462,6426.179108477929,15.373634230808442,71.70605935863962,6497.885167836568,95.03528356446942,6911.28865134201
1463,6426.098440151067,15.373441244380542,71.6064371668275,6497.704877317894,95.03320567343587,6911.09932199734
1464,6426.017843119032,15.37324842851443,71.50714925860031,6497.524992377632,95.03113126187162,6910.910413366773
1465,6425.937316934964,15.373055782141062,71.40819446009779,6497.345511395061,95.02906032177007,6910.721923794761
1466,6425.856861159384,15.372863304209051,71.30957159608842,6497.166432755472,95.02699284514819,6910.533851631866
1467,6425.77647536013,15.37267099368452,71.2112794901354,6496.9877548502645,95.02492882404614,6910.346195234865
1468,6425.696159112452,15.372478849551321,71.1133169647587,6496.80947607721,95.02286825052738,6910.158952967005
1469,6425.615911997853,15.37228687080826,71.0156828415929,6496.631594839446,95.02081111667852,6909.972123196997
1470,6425.535733605107,15.372095056471549,70.91837594154131,6496.454109546648,95.01875741460927,6909.785704300199
1471,6425.455623529649,15.371903405573322,70.82139508492601,6496.277018614574,95.01670713645234,6909.599694658142
1472,6425.375581372688,15.371711917159542,70.724739091634,6496.100320464322,95.01466027436335,6909.414092657803
1473,6425.295606741993,15.37152059029185,70.6284067812599,6495.924013523253,95.01261682052092,6909.228896692519
1474,6425.215699251246,15.371329424046044,70.53239697324464,6495.748096224491,95.01057676712624,6909.04410516149
1475,6425.135858519983,15.371138417511922,70.43670848701079,6495.572567006994,95.0085401064035,6908.859716469849
1476,6425.056084172971,15.370947569791797,70.34134014209403,6495.397424315065,95.0065068305993,6908.675729028172
1477,6424.976375841051,15.370756880002514,70.24629075827139,6495.222666599322,95.00447693198292,6908.492141253448
1478,6424.896733160078,15.370566347272913,70.15155915568596,6495.048292315764,95.00245040284604,6908.308951568144
1479,6424.817155770999,15.370375970744018,70.05714415496819,6494.8742999259675,95.00042723550293,6908.126158400405
1480,6424.737643320057,15.370185749569515,69.9630445773539,6494.700687897411,94.99840742228997,6907.943760184372
1481,6424.658195457838,15.369995682913487,69.86925924479914,6494.5274547026365,94.99639095556611,6907.761755359349
1482,6424.57881184036,15.369805769953015,69.77578698009177,6494.354598820451,94.99437782771233,6907.580142371
1483,6424.499492127949,15.369616009875477,69.68262660695996,6494.18211873491,94.99236803113173,6907.398919670332
1484,6424.420235985295,15.369426401878696,69.58977695017765,6494.010012935473,94.99036155824943,6907.218085713858
1485,6424.341043081347,15.369236945170687,69.49723683566704,6493.838279917014,94.98835840151274,6907.037638963595
1486,6424.261913089671,15.369047638970505,69.40500509059805,6493.666918180269,94.98635855339069,6906.857577887518
1487,6424.182845687819,15.368858482506745,69.31308054348519,6493.495926231304,94.98436200637431,6906.677900959033
1488,6424.103840556949,15.368669475016624,69.22146202428111,6493.32530258123,94.98236875297624,6906.498606656676
1489,6424.02489738276,15.36848061574823,69.13014836446814,6493.1550457472285,94.98037878573093,6906.319693465158
1490,6423.946015854108,15.368291903957196,69.03913839714637,6492.985154251254,94.97839209719456,6906.141159874051
1491,6423.867195663822,15.368103338908664,68.94843095711978,6492.815626620942,94.97640867994457,6905.9630043787
1492,6423.788436508592,15.367914919877014,68.85802488097929,6492.646461389571,94.9744285265803,6905.785225480196
1493,6423.709738088113,15.367726646143812,68.76791900718372,6492.477657095297,94.97245162972224,6905.607821684589
1494,6423.631100105464,15.367538516998717,68.67811217613797,6492.3092122816015,94.97047798201221,6905.430791503355
1495,6423.5525222673405,15.36735053174005,68.58860323026906,6492.141125497609,94.96850757611352,6905.254133453703
1496,6423.47400428372,15.367162689673972,68.49939101409971,6491.9733952978195,94.96654040471057,6905.077846058311
1497,6423.3955458671735,15.366974990112855,68.41047437431969,6491.806020241494,94.96457646050894,6904.901927844708
1498,6423.31714673368,15.366787432377224,68.3218521598549,6491.638998893534,94.96261573623522,6904.726377346157
1499,6423.238806602436,15.366600015795301,68.23352322193442,6491.472329824371,94.96065822463723,6904.551193101543
1500,6423.160525194669,15.366412739700166,68.14548641415526,6491.3060116088245,94.95870391848348,6904.376373654228
1501,6423.082302235332,15.366225603433808,68.05774059254526,6491.140042827877,94.95675281056347,6904.201917553828
1502,6423.00413745168,15.366038606343734,67.97028461562375,6490.974422067304,94.95480489368755,6904.027823354844
1503,6422.926030573624,15.36585174778379,67.88311734446052,6490.809147918085,94.95286016068678,6903.8540896170725
1504,6422.847981333844,15.365665027114458,67.79623764273259,6490.644218976576,94.95091860441288,6903.680714905771
1505,6422.769989467326,15.365478443701736,67.70964437677948,6490.479633844106,94.94898021773815,6903.507697791267
1506,6422.692054711823,15.365291996918238,67.62333641565625,6490.315391127479,94.9470449935556,6903.335036849447
1507,6422.614176807221,15.365105686141677,67.53731263118524,6490.151489438406,94.94511292477846,6903.162730661193
1508,6422.536355495955,15.364919510755874,67.4515718980057,6489.9879273939605,94.9431840043406,6902.990777812842
1509,6422.458590522626,15.364733470149822,67.366113093622,6489.8247036162475,94.9412582251961,6902.81917689585
1510,6422.380881634011,15.364547563717728,67.28093509845004,6489.6618167324605,94.93933558031941,6902.64792650685
1511,6422.303228579479,15.364361790859997,67.19603679586234,6489.499265375342,94.93741606270515,6902.4770252481085
1512,6422.225631110035,15.364176150980944,67.11141707223126,6489.337048182266,94.93549966536806,6902.306471726617
1513,6422.14808897878,15.363990643489904,67.02707481697094,6489.17516379575,94.93358638134296,6902.136264554592
1514,6422.0706019415575,15.36380526780277,66.9430089225778,6489.013610864135,94.93167620368483,6901.966402350165
1515,6421.993169755199,15.363620023337797,66.85921828466947,6488.852388039869,94.92976912546843,6901.796883735657
1516,6421.915792179419,15.363434909520143,66.77570180202245,6488.691493981441,94.92786513978848,6901.627707339521
1517,6421.838468975016,15.363249925777552,66.69245837660844,6488.530927351625,94.92596423975961,6901.458871794579
1518,6421.761199905134,15.363065071543383,66.60948691362927,6488.370686818764,94.92406641851602,6901.290375739309
1519,6421.683984734693,15.362880346255245,66.52678632155069,6488.210771056243,94.9221716692118,6901.122217817315
1520,6421.606823230141,15.362695749354405,66.44435551213482,6488.0511787422765,94.92027998502053,6900.954396677116
1521,6421.529715159908,15.362511280286862,66.36219340047147,6487.891908560379,94.91839135913548,6900.786910972619
1522,6421.452660294057,15.362326938502529,66.28029890500821,6487.732959199065,94.91650578476936,6900.619759362811
1523,6421.375658404519,15.362142723455786,66.19867094757942,6487.574329352098,94.91462325515432,6900.452940512019
1524,6421.298709264543,15.36195863460417,66.11730845343415,6487.4160177179765,94.9127437635419,6900.286453089384
1525,6421.2218126487605,15.361774671408519,66.03621035126287,6487.258023000023,94.91086730320298,6900.120295768956
1526,6421.144968334225,15.361590833335468,65.95537557322338,6487.100343907448,94.9089938674277,6899.954467230758
1527,6421.068176098366,15.36140711985255,65.8748030549654,6486.942979153331,94.90712344952534,6899.788966158766
1528,6420.991435721515,15.361223530434247,65.79449173565445,6486.785927457169,94.9052560428244,6899.623791243455
1529,6420.914746983715,15.361040064554343,65.7144405579946,6486.62918754171,94.90339164067233,6899.458941178635
1530,6420.838109668326,15.36085672169456,65.63464846825036,6486.472758136577,94.90153023643572,6899.2944146650725
1531,6420.761523558822,15.360673501336894,65.55511441626766,6486.316637975089,94.89967182349994,6899.130210407314
1532,6420.684988440507,15.360490402967722,65.47583735549384,6486.1608257960015,94.8978163952694,6898.966327115423
1533,6420.60850410017,15.360307426076961,65.39681624299695,6486.005320343167,94.89596394516724,6898.802763504645
1534,6420.532070325398,15.360124570156456,65.31805003948415,6485.850120364882,94.89411446663544,6898.639518294746
1535,6420.4556869057615,15.359941834702779,65.23953770931924,6485.69522461508,94.89226795313456,6898.476590211216
1536,6420.379353631702,15.359759219214597,65.16127822053939,6485.540631852241,94.89042439814398,6898.313977984168
1537,6420.303070295245,15.359576723194365,65.08327054487131,6485.386340840116,94.88858379516138,6898.151680349068
1538,6420.226836688991,15.359394346145912,65.00551365774629,6485.232350346738,94.88674613770323,6897.989696045747
1539,6420.150652607856,15.359212087578602,64.92800653831495,6485.07865914617,94.88491141930429,6897.828023820144
1540,6420.074517846935,15.359029947002238,64.85074816946089,6484.925266016396,94.88307963351778,6897.666662422198
1541,6419.9984322028595,15.358847923930286,64.77373753781391,6484.772169740673,94.88125077391527,6897.505610607204
1542,6419.922395473499,15.358666017879184,64.69697363376254,6484.619369107261,94.8794248340865,6897.344867135537
1543,6419.846407457948,15.358484228368296,64.62045545146567,6484.466862909414,94.87760180763959,6897.184430772646
1544,6419.770467956043,15.358302554918764,64.54418198886387,6484.314649944907,94.8757816882007,6897.02430028858
1545,6419.694576769058,15.358120997055162,64.46815224768989,6484.162729016747,94.87396446941406,6896.864474458698
1546,6419.6187336993535,15.357939554304673,64.39236523347861,6484.011098932832,94.87215014494204,6896.70495206333
1547,6419.542938549874,15.35775822619587,64.31681995557645,6483.85975850545,94.87033870846494,6896.545731887273
1548,6419.467191125417,15.357577012261764,64.24151542715008,6483.7087065525675,94.86853015368087,6896.386812721079
1549,6419.3914912310465,15.357395912035997,64.16645066519472,6483.557941896242,94.86672447430604,6896.228193359473
1550,6419.315838673376,15.357214925055922,64.09162469054182,6483.4074633639175,94.86492166407416,6896.06987260264
1551,6419.240233259463,15.357034050859959,64.01703652786615,6483.257269787329,94.86312171673688,6895.911849255135
1552,6419.164674797916,15.356853288990228,63.94268520569261,6483.107360003608,94.86132462606352,6895.754122126984
1553,6419.089163098085,15.356672638990634,63.868569756402174,6482.957732854487,94.85953038584101,6895.596690032896
1554,6419.0136979703475,15.35649210040753,63.7946892162377,6482.808387186586,94.85773898987374,6895.439551792537
1555,6418.9382792254155,15.356311672788076,63.721042625309046,6482.659321850724,94.85595043198376,6895.282706229854
1556,6418.862906676104,15.35613135568446,63.6476290275978,6482.510535703702,94.85416470601041,6895.126152174847
1557,6418.787580135104,15.355951148648574,63.574447470961516,6482.362027606066,94.85238180581058,6894.969888461342
1558,6418.712299416234,15.355771051235008,63.501497007137566,6482.213796423372,94.85060172525836,6894.813913928246
1559,6418.6370643345745,15.355591063001373,63.428776691746464,6482.065841026321,94.84882445824513,6894.658227419688
1560,6418.56187470586,15.355411183506842,63.35628558429492,6481.918160290154,94.84704999867965,6894.502827784411
1561,6418.4867303464625,15.355231412312111,63.284022748178344,6481.770753094641,94.84527834048762,6894.347713875762
1562,6418.4116310738755,15.355051748980562,63.21198725068296,6481.623618324558,94.84350947761197,6894.192884552171
1563,6418.336576706426,15.354872193077574,63.14017816298765,6481.4767548694135,94.84174340401266,6894.038338676869
1564,6418.26156706293,15.35469274416969,63.06859456016531,6481.330161623096,94.83998011366657,6893.884075117545
1565,6418.186601963533,15.354513401826633,62.9972355211838,6481.183837484717,94.83821960056756,6893.730092747185
1566,6418.111681228929,15.354334165619449,62.92610012890668,6481.037781357836,94.83646185872641,6893.576390443296
1567,6418.036804680264,15.354155035120248,62.85518747009341,6480.8919921503575,94.83470688217065,6893.422967087799
1568,6417.961972140029,15.353976009904375,62.784496635399385,6480.746468775428,94.83295466494462,6893.2698215679375
1569,6417.887183430942,15.353797089547708,62.714026719375454,6480.6012101503175,94.83120520110934,6893.116952775143
1570,6417.812438377199,15.353618273629664,62.643776820467245,6480.456215197666,94.82945848474246,6892.964359606296
1571,6417.737736802851,15.353439561729308,62.573746041014104,6480.311482843865,94.82771450993829,6892.812040962096
1572,6417.663078533522,15.353260953429478,62.503933487247714,6480.16701202077,94.8259732708076,6892.659995748783
1573,6417.588463395118,15.35308244831368,62.43433826929046,6480.022801664409,94.82423476147765,6892.508222876836
1574,6417.513891214238,15.352904045967078,62.36495950115339,6479.878850715391,94.82249897609222,6892.3567212613925
1575,6417.439361818132,15.352725745976393,62.29579630073404,6479.735158118866,94.8207659088114,6892.205489822196
1576,6417.364875035184,15.352547547931062,62.22684778981376,6479.591722824998,94.81903555381152,6892.054527484078
1577,6417.2904306943165,15.35236945142181,62.15811309405499,6479.448543788371,94.81730790528533,6891.903833176362
1578,6417.216028624625,15.352191456039774,62.08959134299809,6479.305619967623,94.8155829574417,6891.7534058324945
1579,6417.141668656335,15.352013561378792,62.02128167005792,6479.162950326393,94.8138607045056,6891.603244390993
1580,6417.067350620352,15.351835767034334,61.95318321252028,6479.020533832872,94.81214114071818,6891.453347794996
1581,6416.993074348297,15.351658072603582,61.88529511153796,6478.878369459835,94.81042426033667,6891.303714992299
1582,6416.918839672152,15.351480477684575,61.81761651212658,6478.736456184279,94.80871005763414,6891.154344934987
1583,6416.844646424576,15.351302981876977,61.750146563160236,6478.594792987737,94.8069985268997,6891.00523657975
1584,6416.7704944393245,15.351125584783073,61.68288441736682,6478.453378856691,94.8052896624384,6890.856388888298
1585,6416.696383549905,15.350948286004556,61.61582923132318,6478.312212781228,94.80358345857104,6890.707800826011
1586,6416.622313591442,15.350771085146992,61.548980165449976,6478.171293756893,94.80187990963407,6890.559471363801
1587,6416.548284398977,15.350593981815734,61.482336384006366,6478.030620782983,94.80017900997994,6890.411399476396
1588,6416.4742958084225,15.350416975618236,61.41589705508453,6477.890192863507,94.79848075397653,6890.263584143305
1589,6416.400347656098,15.350240066162915,61.3496613506038,6477.750009006702,94.79678513600743,6890.116024348335
1590,6416.32643977926,15.35006325306043,61.28362844630479,6477.610068225565,94.79509215047186,6889.968719080117
1591,6416.25257201549,15.349886535922225,61.217797521743066,6477.470369537233,94.79340179178439,6889.821667331495
1592,6416.178744202849,15.349709914360883,61.15216776028304,6477.330911963132,94.79171405437513,6889.674868099664
1593,6416.10495618038,15.34953338799134,61.08673834909112,6477.1916945294715,94.79002893268965,6889.528320386671
1594,6416.031207787183,15.349356956428668,61.02150847912911,6477.052716266312,94.78834642118878,6889.382023198483
1595,6415.957498863359,15.349180619290333,60.95647734514719,6476.913976208507,94.7866665143487,6889.235975545924
1596,6415.883829249031,15.349004376193854,60.89164414567678,6476.775473394708,94.78498920666075,6889.090176443682
1597,6415.810198785704,15.348828226760059,60.82700808302328,6476.637206868728,94.78331449263162,6888.944624911675
1598,6415.736607314551,15.348652170608974,60.76256836325857,6476.49917567781,94.78164236678299,6888.7993199733155
1599,6415.66305467753,15.348476207362513,60.69832419621328,6476.361378873744,94.7799728236518,6888.654260656629
1600,6415.589540717301,15.348300336644261,60.63427479546902,6476.22381551277,94.77830585778986,6888.509445994156
1601,6415.516065277263,15.348124558079576,60.570419378350365,6476.086484655613,94.77664146376397,6888.364875022987
1602,6415.442628200703,15.347948871293548,60.50675716591671,6475.94938536662,94.77497963615613,6888.220546783899
1603,6415.369229331918,15.34777327591368,60.443287382954,6475.812516714872,94.77332036956287,6888.076460322471
1604,6415.295868515512,15.34759777156821,60.38000925796618,6475.675877773478,94.77166365859571,6887.932614688369
1605,6415.222545596563,15.347422357886513,60.31692202316666,6475.539467619729,94.77000949788113,6887.789008935512
1606,6415.149260420785,15.347247034499485,60.254024914469525,6475.403285335255,94.76835788206,6887.645642122216
1607,6415.076012833955,15.34707180103817,60.191317171480634,6475.267330005436,94.7667088057882,6887.502513310615
1608,6415.002802683196,15.346896657136833,60.12879803748858,6475.131600720684,94.76506226373598,6887.359621567935
1609,6414.929629815144,15.346721602428573,60.06646675945554,6474.9960965745995,94.76341825058842,6887.216965964659
1610,6414.856494077536,15.346546636549128,60.00432258800792,6474.860816665544,94.761776761045,6887.07454557609
1611,6414.783395318154,15.34637175913434,59.94236477742696,6474.725760095581,94.76013778981957,6886.932359481296
1612,6414.710333385705,15.34619696982226,59.88059258563914,6474.590925971344,94.75850133164067,6886.790406763981
1613,6414.637308128943,15.34602226825106,59.81900527420653,6474.45631340315,94.75686738125108,6886.648686511592
1614,6414.564319397322,15.345847654060579,59.75760210831694,6474.321921505639,94.75523593340796,6886.507197815963
1615,6414.491367040524,15.345673126891207,59.696382356773974,6474.187749397298,94.75360698288266,6886.365939772837
1616,6414.418450908809,15.34549868638471,59.63534529198708,6474.053796200797,94.75198052446092,6886.224911482202
1617,6414.345570853037,15.3453243321843,59.57449018996128,6473.920061042999,94.7503565529426,6886.084112048299
1618,6414.272726724061,15.34515006393316,59.513816330287,6473.786543054348,94.74873506314168,6885.943540579015
1619,6414.199918373657,15.344975881276692,59.45332299612967,6473.653241369787,94.74711604988627,6885.803196186792
1620,6414.127145653614,15.344801783860321,59.39300947421924,6473.520155127833,94.7454995080185,6885.663077987714
1621,6414.0544084167,15.344627771331819,59.33287505483962,6473.38728347154,94.74388543239456,6885.523185102456
1622,6413.981706515018,15.344453843337364,59.272919031818,6473.254625546836,94.7422738178845,6885.383516654633
1623,6413.909039802371,15.344279999527203,59.21314070251407,6473.122180504885,94.74066465937236,6885.244071773155
1624,6413.836408132156,15.344106239550612,59.15353936780919,6472.989947499966,94.73905795175597,6885.104849590104
1625,6413.763811358425,15.343932563058434,59.09411433209543,6472.8579256905205,94.73745368994702,6884.96584924179
1626,6413.691249335539,15.343758969702247,59.034864903264534,6472.726114238804,94.7358518688709,6884.827069868393
1627,6413.618721918145,15.343585459134317,58.97579039269676,6472.594512310841,94.73425248346672,6884.688510613922
1628,6413.546228961889,15.343412031009304,58.916890115249686,6472.463119077139,94.73265552868739,6884.550170626929
1629,6413.473770321928,15.343238684980689,58.85816338924697,6472.331933711175,94.73106099949925,6884.412049058997
1630,6413.401345854472,15.343065420704479,58.7996095364669,6472.200955390939,94.72946889088229,6884.274145066277
1631,6413.328955415828,15.34289223783691,58.741227882131,6472.070183297959,94.72787919783016,6884.13645780852
1632,6413.256598862451,15.342719136034573,58.683017754892504,6471.939616617344,94.72629191534975,6883.998986449115
1633,6413.184276051788,15.342546114956432,58.624978486824766,6471.8092545386135,94.72470703846155,6883.861730155921
1634,6413.111986841027,15.34237317426083,58.567109413409575,6471.679096254436,94.72312456219942,6883.724688100004
1635,6413.039731088074,15.342200313607833,58.509409873525456,6471.5491409616,94.7215444816105,6883.587859456606
1636,6412.967508651367,15.342027532658774,58.45187920943586,6471.419387860803,94.71996679175524,6883.451243404938
1637,6412.89531938899,15.341854831074139,58.39451676677727,6471.289836155767,94.71839148770749,6883.314839127295
1638,6412.823163160008,15.341682208516767,58.337321894547394,6471.1604850545555,94.7168185645541,6883.178645810366
1639,6412.751039823746,15.341509664650111,58.280293945093035,6471.031333768839,94.71524801739515,6883.042662644509
1640,6412.6789492398175,15.34133719913832,58.22343227409817,6470.902381513915,94.71367984134397,6882.906888823762
1641,6412.60689126795,15.341164811645815,58.1667362405718,6470.773627508522,94.7121140315268,6882.771323545663
1642,6412.534865768413,15.340992501838308,58.110205206835836,6470.645070975248,94.71055058308289,6882.635966011659
1643,6412.462872602075,15.340820269382954,58.05383853851285,6470.516711140587,94.7089894911647,6882.500815427154
1644,6412.390911629641,15.340648113946509,57.9976356045139,6470.388547234154,94.70743075093736,6882.365871000732
1645,6412.31898271253,15.34047603519744,57.94159577702619,6470.260578489556,94.70587435757913,6882.2311319450255
1646,6412.247085712207,15.340304032804323,57.885718431500706,6470.132804143708,94.70432030628089,6882.09659747603
1647,6412.175220490752,15.340132106437204,57.830002946639915,6470.005223437392,94.70276859224649,6881.9622668136635
1648,6412.103386910229,15.3399602557661,57.77444870438522,6469.877835614615,94.70121921069257,6881.828139181128
1649,6412.031584833279,15.33978848046239,57.719055089904586,6469.750639923184,94.69967215684835,6881.694213805475
1650,6411.959814122642,15.339616780197707,57.66382149157998,6469.623635614222,94.69812742595585,6881.560489917129
1651,6411.888074641602,15.33944515464498,57.60874730099485,6469.496821942596,94.69658501326967,6881.4269667503195
1652,6411.816366253874,15.339273603478167,57.55383191292148,6469.3701981667955,94.695044914057,6881.293643542944
1653,6411.744688822949,15.33910212637069,57.49907472530853,6469.243763548257,94.69350712359757,6881.160519535907
1654,6411.673042213233,15.338930722998166,57.444475139268185,6469.117517352502,94.69197163718374,6881.0275939742505
1655,6411.601426288864,15.33875939303556,57.39003255906361,6468.991458847928,94.69043845012018,6880.89486610595
1656,6411.529840914807,15.338588136159826,57.3357463920962,6468.865587306904,94.68890755772398,6880.762335183003
1657,6411.458285956056,15.33841695204798,57.281616048892815,6468.739902004949,94.68737895532482,6880.630000460612
1658,6411.386761277514,15.338245840376828,57.22764094309306,6468.614402220607,94.68585263826444,6880.497861197057
1659,6411.315266745242,15.338074800825938,57.17382049143647,6468.489087236679,94.68432860189705,6880.3659166549305
1660,6411.243802225284,15.337903833074842,57.1201541137497,6468.363956339033,94.68280684158908,6880.2341660999455
1661,6411.1723675830635,15.337732936801588,57.06664123293366,6468.239008815997,94.6812873527192,6880.1026088003255
1662,6411.100962685738,15.337562111688367,57.01328127495076,6468.114243960688,94.67977013067815,6879.971244029139
1663,6411.029587399975,15.337391357416207,56.960073668811866,6467.9896610687865,94.67825517086894,6879.840071062066
1664,6410.958241592465,15.337220673666184,56.907017846563555,6467.865259439029,94.67674246870658,6879.709089177903
1665,6410.88692513085,15.33705006012165,56.85411324327511,6467.741038374124,94.67523201961814,6879.578297659464
1666,6410.815637882423,15.336879516465128,56.801359297025655,6467.616997179449,94.6737238190427,6879.447695792284
1667,6410.744379715283,15.33670904238106,56.748755448891174,6467.4931351641735,94.67221786243142,6879.31728286575
1668,6410.673150497533,15.336538637553907,56.69630114293155,6467.369451640465,94.67071414524723,6879.187058172291
1669,6410.601950097453,15.336368301668546,56.643995826177644,6467.245945923631,94.66921266296495,6879.057021007528
1670,6410.530778383974,15.336198034411423,56.591838948618246,6467.122617332592,94.6677134110714,6878.927170670753
1671,6410.459635225952,15.336027835468785,56.53982996318714,6466.999465189139,94.66621638506506,6878.797506464172
1672,6410.388520492201,15.335857704526797,56.487968325750124,6466.876488817951,94.66472158045633,6878.668027692936
1673,6410.317434052612,15.335687641274191,56.43625349509199,6466.753687547704,94.66322899276712,6878.538733666242
1674,6410.246375776858,15.335517645399182,56.38468493290343,6466.631060709762,94.66173861753123,6878.409623696023
1675,6410.175345534964,15.335347716590825,56.333262103768185,6466.508607638732,94.66025045029406,6878.280697097512
1676,6410.104343197004,15.335177854538287,56.2819844751499,6466.386327672154,94.65876448661254,6878.151953188919
1677,6410.033368633265,15.335008058931257,56.230851517379136,6466.264220150644,94.65728072205525,6878.023391291585
1678,6409.962421715079,15.33483832946191,56.17986270364038,6466.142284418719,94.65579915220226,6877.895010730799
1679,6409.89150231311,15.334668665820837,56.12901750995899,6466.02051982307,94.65431977264531,6877.766810834077
1680,6409.820610298561,15.334499067699907,56.0783154151882,6465.89892571375,94.65284257898725,6877.638790932345
1681,6409.749745543084,15.334329534792067,56.02775590099607,6465.77750144408,94.6513675668427,6877.510950359846
1682,6409.678907918443,15.334160066790533,55.977338451852475,6465.656246370295,94.64989473183745,6877.383288453788
1683,6409.608097296271,15.333990663388208,55.92706255501614,6465.535159851287,94.6484240696087,6877.2558045540845
1684,6409.5373135493355,15.333821324280708,55.87692770052151,6465.414241249857,94.64695557580491,6877.128498004608
1685,6409.466556549879,15.33365204916239,55.82693338116593,6465.293489931045,94.6454892460859,6877.001368151518
1686,6409.395826170638,15.3334828377288,55.77707909249642,6465.172905263134,94.64402507612266,6876.874414344268
1687,6409.32512228443,15.33331368967567,55.72736433279688,6465.052486617227,94.64256306159734,6876.747635935176
1688,6409.254444764484,15.333144604699722,55.677788603075044,6464.932233367559,94.6411031982033,6876.621032279743
1689,6409.183793484477,15.332975582498749,55.628351407049394,6464.812144891526,94.63964548164502,6876.494602736682
1690,6409.113168317698,15.332806622769613,55.579052251136346,6464.692220568834,94.63818990763805,6876.36834666706
1691,6409.042569138373,15.33263772521142,55.52989064443723,6464.57245978281,94.63673647190896,6876.242263435614
1692,6408.971995820465,15.332468889522644,55.48086609872538,6464.452861919191,94.63528517019532,6876.11635240954
1693,6408.90144823845,15.33230011540299,55.4319781284331,6464.333426366883,94.63383599824573,6875.990612959252
1694,6408.830926266832,15.332131402552228,55.38322625063887,6464.21415251747,94.63238895181965,6875.865044457885
1695,6408.76042978045,15.331962750670932,55.33460998505434,6464.095039765504,94.63094402668752,6875.739646281595
1696,6408.689958654226,15.33179415945987,55.286128854011515,6463.9760875082375,94.62950121863062,6875.614417809281
1697,6408.619512763617,15.331625628621094,55.23778238244983,6463.857295146067,94.62806052344102,6875.489358423036
1698,6408.54909198395,15.33145715785634,55.18957009790328,6463.738662081853,94.62662193692158,6875.364467507462
1699,6408.478696191164,15.331288746868813,55.14149153048764,6463.620187721652,94.62518545488592,6875.239744450406
1700,6408.40832526106,15.331120395361387,55.093546212887574,6463.501871473947,94.62375107315846,6875.115188642187
1701,6408.33797906988,15.33095210303799,55.04573368034379,6463.383712750224,94.62231878757419,6874.990799476172
1702,6408.267657493836,15.33078386960248,54.99805347064033,6463.265710964476,94.62088859397886,6874.866576348284
1703,6408.1973604095365,15.330615694759656,54.95050512409175,6463.147865533629,94.61946048822868,6874.742518657424
1704,6408.127087693813,15.330447578214864,54.903088183530386,6463.030175877344,94.61803446619062,6874.618625805273
1705,6408.056839223828,15.33027951967423,54.8558021942936,6462.912641418122,94.6166105237421,6874.4948971964
1706,6407.986614876867,15.330111518844179,54.80864670421106,6462.795261581078,94.61518865677102,6874.371332238032
1707,6407.916414530206,15.329943575431114,54.76162126359206,6462.678035793798,94.61376886117579,6874.247930339912
1708,6407.846238061608,15.329775689142604,54.71472542521287,6462.5609634868215,94.61235113286533,6874.124690914786
1709,6407.776085348758,15.329607859686023,54.66795874430402,6462.444044093062,94.6109354677589,6874.001613377814
1710,6407.705956270191,15.329440086770791,54.62132077853775,6462.327277048728,94.60952186178609,6873.878697147497
1711,6407.635850703877,15.329272370104968,54.574811088015345,6462.210661791892,94.60811031088693,6873.75594164425
1712,6407.5657685281885,15.32910470939758,54.528429235254606,6462.094197763443,94.60670081101165,6873.6333462913435
1713,6407.49570962231,15.328937104359593,54.48217478517726,6461.977884407487,94.60529335812083,6873.510910515312
1714,6407.425673864851,15.3287695547006,54.43604730509642,6461.8617211699475,94.6038879481853,6873.388633744554
1715,6407.355661135136,15.328602060131905,54.390046364704155,6461.74570749984,94.60248457718602,6873.266515410599
1716,6407.285671312428,15.32843462036466,54.34417153605891,6461.629842848487,94.60108324111418,6873.144554947334
1717,6407.215704276302,15.32826723511077,54.29842239357309,6461.514126669875,94.59968393597109,6873.022751791349
1718,6407.145759906373,15.328099904082233,54.25279851400069,6461.398558420374,94.5982866577682,6872.901105381666
1719,6407.075838082706,15.32793262699212,54.20729947642482,6461.28313755913,94.596891402527,6872.779615160123
1720,6407.005938685574,15.327765403554004,54.16192486224537,6461.167863547819,94.595498166279,6872.658280571133
1721,6406.936061595261,15.327598233481485,54.11667425516663,6461.052735850428,94.59410694506573,6872.5371010614635
1722,6406.866206692197,15.32743111648851,54.07154724118507,6460.937753933382,94.59271773493867,6872.416076080365
1723,6406.79637385743,15.327264052290502,54.02654340857695,6460.822917266007,94.59133053195941,6872.29520508003
1724,6406.726562971624,15.327097040601972,53.98166234788608,6460.70822531951,94.58994533219922,6872.174487514577
1725,6406.65677391622,15.326930081139283,53.93690365191165,6460.593677568132,94.58856213173941,6872.053922841198
1726,6406.58700657258,15.326763173618613,53.89226691569596,6460.479273488277,94.58718092667104,6871.933510519296
1727,6406.5172608220255,15.326596317756042,53.84775173651231,6460.365012558538,94.58580171309511,6871.813250010502
1728,6406.447536546316,15.326429513268698,53.80335771385283,6460.250894260169,94.58442448712218,6871.693140779151
1729,6406.377833627781,15.326262759875075,53.75908444941638,6460.136918077197,94.58304924487283,6871.5731822923935
1730,6406.308151948368,15.326096057292746,53.714931547096484,6460.023083495464,94.5816759824772,6871.453374019239
1731,6406.238491390305,15.325929405239965,53.67089861296928,6459.909390003275,94.5803046960751,6871.333715431201
1732,6406.168851836364,15.325762803436279,53.62698525528147,6459.795837091646,94.57893538181618,6871.214206002546
1733,6406.0992331690895,15.325596251600693,53.58319108443844,6459.682424253528,94.57756803585946,6871.094845209516
1734,6406.029635271667,15.325429749453749,53.539515712992205,6459.569150984659,94.5762026543738,6870.9756325311855
1735,6405.960058027035,15.325263296715395,53.495958755629545,6459.456016782665,94.57483923353746,6870.856567448553
1736,6405.890501318627,15.325096893106762,53.452519829160124,6459.343021147787,94.57347776953834,6870.737649445279
1737,6405.8209650299295,15.324930538349113,53.409198552504606,6459.230163582434,94.57211825857377,6870.61887800723
1738,6405.7514490445,15.324764232163876,53.3659945466829,6459.117443591183,94.57076069685056,6870.500252622483
1739,6405.681953246459,15.324597974273825,53.322907434802346,6459.004860681262,94.56940508058507,6870.381772781807
1740,6405.612477519933,15.324431764401755,53.27993684204591,6458.892414361979,94.56805140600295,6870.263437978092
1741,6405.543021749024,15.324265602270392,53.23708239566059,6458.780104144685,94.56669966933934,6870.14524770631
1742,6405.473585818425,15.324099487603887,53.19434372494563,6458.6679295433705,94.56534986683862,6870.027201464119
1743,6405.404169612493,15.323933420125583,53.151720461240934,6458.555890073734,94.56400199475456,6869.909298750917
1744,6405.334773016501,15.323767399561007,53.10921223791543,6458.443985254416,94.56265604935028,6869.79153906909
1745,6405.265395915079,15.32360142563416,53.06681869035551,6458.332214605435,94.56131202689804,6869.673921922442
1746,6405.196038193775,15.323435498071232,53.024539455953466,6458.2205776497285,94.55996992367943,6869.5564468177345
1747,6405.126699737773,15.323269616597544,52.982374174096016,6458.109073911869,94.55862973598529,6869.439113263405
1748,6405.057380433129,15.3231037809405,52.940322486152816,6457.997702919281,94.55729146011551,6869.321920770783
1749,6404.988080165111,15.322937990825624,52.898384035465014,6457.886464200576,94.55595509237921,6869.204868852425
1750,6404.91879881991,15.322772245980646,52.85655846733387,6457.775357287244,94.55462062909459,6869.087957023806
1751,6404.849536283897,15.322606546133724,52.814845429009445,6457.664381712906,94.55328806658908,6868.971184802568
1752,6404.7802924431235,15.322440891012256,52.773244569679164,6457.553537012803,94.55195740119896,6868.854551708018
1753,6404.711067184448,15.32227528034557,52.731755540456604,6457.442822724905,94.55062862926967,6868.738057262229
1754,6404.641860394343,15.322109713862064,52.69037799437025,6457.332238388713,94.54930174715571,6868.6217009888405
1755,6404.572671960071,15.321944191292035,52.649111586352234,6457.221783546423,94.54797675122043,6868.505482414232
1756,6404.503501768379,15.321778712364543,52.60795597322719,6457.111457741606,94.54665363783619,6868.389401066193
1757,6404.43434970678,15.32161327681048,52.56691081370107,6457.001260520481,94.54533240338426,6868.273456475203
1758,6404.365215662619,15.321447884360333,52.525975768350136,6456.891191430969,94.54401304425485,6868.157648173477
1759,6404.296099523759,15.321282534745835,52.485150499609745,6456.781250023369,94.54269555684702,6868.0419756956535
1760,6404.227001177649,15.321117227697725,52.44443467176347,6456.671435849413,94.54137993756864,6867.926438577836
1761,6404.157920512869,15.320951962949447,52.403827950932,6456.561748463801,94.54006618283643,6867.8110363591395
1762,6404.088857417315,15.32078674023281,52.36333000506222,6456.452187422377,94.53875428907583,6867.695768579857
1763,6404.019811779655,15.320621559281472,52.3229405039163,6456.342752283572,94.5374442527211,6867.580634782908
1764,6403.950783488195,15.320456419828218,52.28265911906084,6456.233442607256,94.5361360702152,6867.465634512691
1765,6403.881772431836,15.320291321607263,52.24248552385595,6456.124257955692,94.53482973800986,6867.350767316035
1766,6403.812778499525,15.32012626435293,52.20241939344454,6456.01519789297,94.53352525256531,6867.236032741629
1767,6403.743801580385,15.319961247799963,52.16246040474151,6455.906261985126,94.53222261035071,6867.121430340151
1768,6403.674841563714,15.319796271683526,52.122608236423005,6455.797449800137,94.53092180784358,6867.006959664256
1769,6403.605898339081,15.319631335739428,52.08286256891576,6455.688760907997,94.52962284153017,6866.8926202686525
1770,6403.536971796317,15.319466439704106,52.04322308438641,6455.580194880703,94.5283257079053,6866.778411710091
1771,6403.46806182486,15.319301583313063,52.00368946673094,6455.471751291591,94.52703040347222,6866.664333546695
1772,6403.399168315416,15.319136766304824,51.96426140156404,6455.36342971698,94.52573692474283,6866.550385339611
1773,6403.330291157599,15.31897198841531,51.92493857620862,6455.255229733808,94.52444526823743,6866.436566650641
1774,6403.2614302423335,15.318807249383573,51.88572067968529,6455.147150922019,94.5231554304849,6866.3228770446285
1775,6403.192585459663,15.318642548946562,51.84660740270192,6455.039192862365,94.52186740802239,6866.209316087262
1776,6403.123756700834,15.3184778868441,51.807598437643215,6454.931355138477,94.52058119739563,6866.095883347148
1777,6403.0549438570215,15.31831326281584,51.7686934785603,6454.823637335582,94.51929679515865,6865.9825783945225
1778,6402.986146818847,15.318148676600114,51.72989222116044,6454.716039040008,94.51801419787373,6865.869400800759
1779,6402.917365477586,15.317984127936809,51.691194362796715,6454.608559840382,94.51673340211173,6865.756350139569
1780,6402.848599725466,15.3178196165681,51.65259960245769,6454.501199327923,94.51545440445169,6865.643425987288
1781,6402.779849453447,15.317655142233127,51.61410764075729,6454.393957094205,94.51417720148089,6865.530627920647
1782,6402.711114553809,15.317490704674185,51.575718179924564,6454.286832733734,94.51290178979497,6865.417955519341
1783,6402.642394918614,15.317326303633047,51.53743092379358,6454.179825842407,94.51162816599766,6865.3054083644965
1784,6402.573690439563,15.317161938850628,51.499245577793204,6454.0729360173555,94.51035632670116,6865.192986038505
1785,6402.505001009809,15.316997610071315,51.461161848937195,6453.966162858746,94.50908626852548,6865.080688126833
1786,6402.436326521735,15.316833317037645,51.423179445814036,6453.859505967549,94.50781798809912,6864.9685142157805
1787,6402.367666867987,15.316669059492792,51.38529807857707,6453.752964946564,94.50655148205851,6864.856463893519
1788,6402.299021941625,15.316504837180922,51.347517458934405,6453.64653940056,94.50528674704837,6864.7445367502205
1789,6402.230391635678,15.316340649846119,51.30983730013915,6453.540228935817,94.50402377972131,6864.632732377605
1790,6402.161775843609,15.316176497233513,51.27225731697944,6453.434033160588,94.50276257673814,6864.521050369399
1791,6402.093174458954,15.316012379088408,51.234777225768646,6453.327951684723,94.50150313476765,6864.4094903209625
1792,6402.024587375091,15.31584829515572,51.19739674433558,6453.221984119426,94.5002454504866,6864.298051829043
1793,6401.956014486434,15.315684245182855,51.16011559201473,6453.116130078448,94.49898952057985,6864.186734492971
1794,6401.887455686698,15.315520228915545,51.122933489636566,6453.010389176334,94.49773534174017,6864.075537912903
1795,6401.818910870155,15.31535624610085,51.085850159517854,6452.904761029673,94.49648291066822,6863.96446169108
1796,6401.750379930994,15.315192296485632,51.04886532545201,6452.799245256447,94.4952322240726,6863.853505431162
1797,6401.681862764154,15.31502837981855,51.011978712699545,6452.693841476854,94.4939832786698,6863.742668739067
1798,6401.6133592645365,15.314864495848173,50.97519004797843,6452.588549312515,94.49273607118431,6863.631951222167
1799,6401.544869326486,15.314700644321737,50.93849905945468,6452.483368385941,94.49149059834828,6863.521352488756
1800,6401.476392845866,15.31453682499011,50.90190547673278,6452.378298322599,94.49024685690165,6863.410872150122
1801,6401.407929717372,15.314373037601369,50.86540903084634,6452.2733387482185,94.48900484359243,6863.3005098178455
1802,6401.339479836764,15.314209281906136,50.82900945424864,6452.168489291013,94.48776455517614,6863.19026510603
1803,6401.271043099869,15.314045557655188,50.79270648080329,6452.063749580672,94.48652598841613,6863.0801376302825
1804,6401.202619402396,15.313881864599033,50.7564998457749,6451.95911924817,94.48528914008354,6862.970127007534
1805,6401.134208640333,15.313718202488834,50.72038928581982,6451.854597926153,94.4840540069572,6862.860232856417
1806,6401.065810709994,15.313554571076542,50.6843745389769,6451.750185248971,94.48282058582345,6862.750454797303
1807,6400.997425507793,15.313390970114337,50.64845534465826,6451.645880852451,94.48158887347654,6862.6407924520745
1808,6400.92905293004,15.313227399354162,50.612631443640154,6451.54168437368,94.48035886671823,6862.5312454439045
1809,6400.860692873928,15.313063858550068,50.5769025780539,6451.437595451982,94.47913056235787,6862.421813398239
1810,6400.792345236126,15.312900347454846,50.54126849137666,6451.333613727502,94.47790395721248,6862.312495941376
1811,6400.7240099137125,15.312736865822279,50.505728928422606,6451.229738842135,94.47667904810656,6862.203292701398
1812,6400.655686804286,15.312573413407383,50.470283635333715,6451.12597043962,94.47545583187224,6862.094203308264
1813,6400.587375805156,15.312409989964488,50.43493235957092,6451.022308164726,94.47423430534907,6861.985227392995
1814,6400.519076813975,15.312246595248743,50.39967484990519,6450.918751663879,94.47301446538427,6861.876364588301
1815,6400.450789728466,15.312083229015467,50.36451085640857,6450.815300584874,94.47179630883235,6861.767614528295
1816,6400.3825144467955,15.311919891021041,50.32944013044548,6450.711954577241,94.47057983255543,6861.6589768488575
1817,6400.314250867286,15.311756581022216,50.294462424663706,6450.60871329195,94.46936503342295,6861.55045118734
1818,6400.24599888794,15.311593298774977,50.259577492985876,6450.505576380926,94.46815190831184,6861.4420371820825
1819,6400.177758407828,15.311430044037866,50.22478509060055,6450.402543498429,94.46694045410636,6861.333734473791
1820,6400.109529325193,15.311266816567446,50.19008497395361,6450.299614299146,94.46573066769821,6861.225542703633
1821,6400.041311539451,15.31110361612309,50.15547690073962,6450.196788440191,94.46452254598637,6861.117461515232
1822,6399.9731049495285,15.310940442462988,50.12096062989322,6450.094065579422,94.4633160858772,6861.009490552988
1823,6399.904909454592,15.310777295345913,50.086535921580534,6449.991445376172,94.46211128428433,6860.901629462809
1824,6399.836724954237,15.310614174531668,50.052202537190674,6449.888927491428,94.46090813812874,6860.793877892288
1825,6399.768551348057,15.31045107978004,50.01796023932725,6449.786511587385,94.45970664433855,6860.686235490257
1826,6399.700388535832,15.310288010851272,49.983808791799916,6449.684197327631,94.45850679984922,6860.578701906976
1827,6399.632236417749,15.310124967506576,49.949747959615976,6449.581984377364,94.45730860160337,6860.471276794339
1828,6399.564094893877,15.309961949506883,49.915777508972006,6449.479872402849,94.45611204655093,6860.363959805345
1829,6399.495963864727,15.309798956614179,49.88189720724552,6449.377861071973,94.45491713164887,6860.256750594645
1830,6399.427843230632,15.309635988590028,49.848106822986715,6449.2759500536185,94.45372385386136,6860.1496488179155
1831,6399.359732892283,15.30947304519685,49.81440612591017,6449.174139018193,94.45253221015977,6860.042654132389
1832,6399.291632751294,15.309310126199268,49.78079488688674,6449.072427638181,94.45134219752256,6859.935766197404
1833,6399.223542707732,15.30914723135821,49.74727287793524,6448.970815585667,94.45015381293516,6859.828984671934
1834,6399.155462663848,15.308984360439828,49.71383987221442,6448.869302536063,94.4489670533902,6859.72230921831
1835,6399.087392520392,15.30882151320668,49.68049564401486,6448.767888164407,94.44778191588748,6859.6157394985175
1836,6399.019332179363,15.308658689424314,49.64723996875091,6448.666572148114,94.44659839743358,6859.50927517695
1837,6398.951281542641,15.308495888857992,49.61407262295269,6448.565354165593,94.4454164950422,6859.402915919027
1838,6398.883240511923,15.308333111272542,49.58099338425808,6448.464233896181,94.44423620573407,6859.296661391125
1839,6398.815208989805,15.30817035643494,49.54800203140486,6448.36321102121,94.44305752653693,6859.190511261646
1840,6398.747186878176,15.308007624110468,49.515098344222736,6448.2622852223985,94.44188045448524,6859.084465199409
1841,6398.679174080131,15.3078449140673,49.48228210362554,6448.161456183757,94.44070498662072,6858.978522875557
1842,6398.611170497954,15.30768222607166,49.449553091603434,6448.060723589558,94.4395311199918,6858.872683961522
1843,6398.543176034929,15.307519559892174,49.41691109121508,6447.960087126145,94.43835885165385,6858.7669481308385
1844,6398.475190593956,15.307356915296545,49.38435588657994,6447.859546480536,94.43718817866909,6858.661315057746
1845,6398.407214078317,15.30719429205339,49.35188726287058,6447.7591013411875,94.43601909810661,6858.555784417951
1846,6398.339246391322,15.307031689931394,49.31950500630499,6447.658751397627,94.43485160704236,6858.450355888262
1847,6398.2712874371955,15.306869108701425,49.28720890413905,6447.558496341335,94.43368570255907,6858.345029147466
1848,6398.203337119104,15.306706548131826,49.25499874465879,6447.458335863763,94.43252138174628,6858.2398038743595
1849,6398.135395341428,15.306544007993848,49.22287431717308,6447.358269658601,94.43135864170029,6858.134679749997
1850,6398.067462008503,15.30638148805862,49.19083541200591,6447.258297420509,94.43019747952421,6858.029656456439
1851,6397.999537024258,15.30621898809631,49.15888182048906,6447.158418844747,94.4290378923278,6857.924733676373
1852,6397.931620293348,15.306056507878823,49.12701333495467,6447.058633628302,94.42787987722764,6857.819911094242
1853,6397.8637117209,15.305894047179187,49.095229748727846,6446.9589414696275,94.42672343134682,6857.715188395986
1854,6397.795811211515,15.305731605769173,49.063530856119286,6446.859342067634,94.42556855181539,6857.610565268031
1855,6397.72791867052,15.305569183422296,49.03191645241802,6446.759835122938,94.4244152357698,6857.506041398537
1856,6397.660034003003,15.30540677991149,49.00038633388415,6446.660420336887,94.42326348035337,6857.401616476424
1857,6397.592157114516,15.305244395010805,48.9689402977416,6446.561097412258,94.42211328271581,6857.297290192072
1858,6397.52428791067,15.305082028494425,48.937578142170935,6446.461866052841,94.42096464001358,6857.1930622369
1859,6397.456426297224,15.304919680136901,48.90629966630226,6446.362725963527,94.41981754940976,6857.088932303459
1860,6397.388572180653,15.30475734971448,48.87510467020807,6446.263676850861,94.4186720080739,6856.984900085982
1861,6397.320725466628,15.304595037001501,48.84399295489615,6446.1647184215235,94.41752801318205,6856.880965278865
1862,6397.252886062035,15.304432741775203,48.81296432230269,6446.065850384338,94.41638556191693,6856.777127578676
1863,6397.185053872934,15.304270463810846,48.78201857528513,6445.967072448219,94.4152446514677,6856.673386682104
1864,6397.117228806356,15.30410820288602,48.75115551761528,6445.868384323971,94.41410527903005,6856.569742287752
1865,6397.049410769477,15.303945958778652,48.720374953972474,6445.769785723449,94.41296744180609,6856.466194095306
1866,6396.981599668903,15.303783731265318,48.68967668993658,6445.671276358839,94.41183113700438,6856.362741804808
1867,6396.913795412396,15.30362152012535,48.659060531981275,6445.572855944378,94.41069636184005,6856.259385118382
1868,6396.845997907141,15.303459325136702,48.62852628746716,6445.474524194608,94.40956311353442,6856.156123738483
1869,6396.778207061001,15.30329714607895,48.59807376463507,6445.376280825636,94.40843138931544,6856.052957369158
1870,6396.710422781995,15.303134982732045,48.56770277259935,6445.278125554594,94.40730118641727,6855.9498857155095
1871,6396.642644977852,15.302972834875243,48.53741312134115,6445.180058099193,94.4061725020806,6855.846908483243
1872,6396.574873556814,15.30281070228903,48.50720462170184,6445.082078178516,94.40504533355232,6855.744025379468
1873,6396.507108427514,15.302648584754818,48.47707708537634,6444.984185512891,94.40391967808571,6855.641236112563
1874,6396.439349498542,15.302486482053927,48.44703032490664,6444.886379823448,94.40279553294039,6855.538540391739
1875,6396.3715966785,15.302324393967703,48.41706415367523,6444.788660832175,94.40167289538225,6855.435937927088
1876,6396.303849876436,15.302162320278555,48.387178385898615,6444.691028262335,94.40055176268338,6855.333428430007
1877,6396.236109001638,15.30200026076947,48.3573728366209,6444.593481838259,94.3994321321223,6855.231011612991
1878,6396.168373963281,15.30183821522316,48.32764732170734,6444.496021284988,94.39831400098362,6855.128687189267
1879,6396.100644671018,15.301676183423488,48.298001657838086,6444.398646328857,94.3971973665583,6855.026454873385
1880,6396.03292103445,15.301514165154186,48.26843566250168,6444.301356696951,94.39608222614339,6854.924314380675
1881,6395.96520296382,15.301352160200526,48.23894915398892,6444.204152117809,94.39496857704216,6854.8222654279425
1882,6395.897490368642,15.301190168346034,48.209541951386534,6444.107032320028,94.39385641656412,6854.720307732082
1883,6395.829783159561,15.30102818937694,48.180213874570995,6444.009997034132,94.39274574202489,6854.6184410119395
1884,6395.762081246781,15.300866223078424,48.15096474420236,6443.913045990984,94.39163655074614,6854.51666498673
1885,6395.694384541355,15.300704269237691,48.121794381718104,6443.8161789230735,94.39052884005592,6854.414979377317
1886,6395.626692953758,15.300542327640569,48.09270260932705,6443.719395563085,94.38942260728813,6854.313383904788
1887,6395.559006395183,15.300380398074601,48.06368925000328,6443.6226956451865,94.3883178497828,6854.211878291741
1888,6395.491324776718,15.300218480327077,48.03475412748014,6443.526078904199,94.38721456488611,6854.110462261453
1889,6395.423648009793,15.300056574186108,48.00589706624427,6443.429545076037,94.38611274995034,6854.009135538321
1890,6395.355976006048,15.299894679440307,47.977117891529645,6443.333093897578,94.38501240233357,6853.907897847729
1891,6395.288308677114,15.299732795878263,47.94841642931168,6443.236725106426,94.38391351940021,6853.806748915817
1892,6395.2206459348,15.299570923288995,47.919792506301334,6443.140438441102,94.38281609852052,6853.705688469666
1893,6395.152987691596,15.299409061463148,47.891245949939346,6443.044233641535,94.38172013707066,6853.604716237793
1894,6395.085333859846,15.29924721019102,47.86277658839036,6442.948110448237,94.38062563243291,6853.50383194932
1895,6395.017684351687,15.29908536926241,47.83438425053724,6442.852068602225,94.37953258199545,6853.403035333905
1896,6394.950039079977,15.298923538468843,47.80606876597535,6442.756107845952,94.3784409831524,6853.302326122665
1897,6394.882397957612,15.298761717601943,47.777829965006816,6442.660227922619,94.37735083330381,6853.20170404749
1898,6394.814760897744,15.298599906453934,47.749667678634964,6442.564428576379,94.37626212985568,6853.101168841251
1899,6394.747127813603,15.298438104817231,47.72158173855871,6442.468709552161,94.3751748702197,6853.000720237617
1900,6394.679498618422,15.298276312484264,47.693571977166975,6442.3730705955895,94.37408905181374,6852.900357970979
1901,6394.611873226096,15.298114529249032,47.665638227533094,6442.277511453629,94.37300467206127,6852.800081777095
1902,6394.54425155034,15.29795275490512,47.637780323409515,6442.18203187375,94.37192172839181,6852.699891392254
1903,6394.476633505034,15.297790989246494,47.609998099222146,6442.086631604257,94.37084021824052,6852.599786553603
1904,6394.409019004607,15.297629232068438,47.58229139006508,6441.991310394672,94.3697601390485,6852.499766999533
1905,6394.341407963281,15.297467483165745,47.554660031695164,6441.896067994976,94.36868148826254,6852.399832468918
1906,6394.273800295631,15.297305742334046,47.52710386052668,6441.800904156158,94.36760426333524,6852.2999827016665
1907,6394.206195916591,15.297144009369836,47.49962271362601,6441.705818630217,94.36652846172508,6852.200217438722
1908,6394.13859474098,15.29698228406933,47.47221642870643,6441.610811169687,94.3654540808962,6852.100536421585
1909,6394.070996683784,15.296820566229147,47.44488484412288,6441.5158815279065,94.36438111831838,6852.000939392591
1910,6394.003401660624,15.296658855647426,47.41762779886672,6441.4210294594905,94.36330957146723,6851.901426095373
1911,6393.935809586677,15.296497152121237,47.39044513256064,6441.326254719238,94.36223943782406,6851.801996273773
1912,6393.86822037807,15.296335455449928,47.363336685453525,6441.231557063524,94.36117071487578,6851.702649673233
1913,6393.800633950313,15.29617376543137,47.33630229841538,6441.1369362487285,94.3601034001151,6851.603386039229
1914,6393.733050219625,15.29601208186513,47.30934181293229,6441.042392032557,94.35903749104025,6851.504205118582
1915,6393.665469102221,15.29585040455077,47.282455071101396,6440.9479241733225,94.35797298515521,6851.405106658747
1916,6393.5978905146985,15.295688733288753,47.25564191562603,6440.853532430325,94.35690987996949,6851.306090408192
1917,6393.530314373694,15.29552706787965,47.228902189810626,6440.759216563504,94.35584817299825,6851.2071561160465
1918,6393.462740595811,15.29536540812395,47.20223573755598,6440.664976333367,94.35478786176228,6851.1083035320335
1919,6393.39516909824,15.295203753823541,47.17564240335432,6440.570811501595,94.3537289437879,6851.009532407073
1920,6393.327599798276,15.295042104780565,47.149122032284495,6440.476721830561,94.35267141660697,6850.910842492801
1921,6393.260032613389,15.29488046079758,47.122674470007205,6440.382707083396,94.3516152777569,6850.812233541638
1922,6393.192467460942,15.294718821676895,47.09629956276028,6440.288767023702,94.3505605247808,6850.713705306499
1923,6393.124904258906,15.294557187222264,47.06999715735387,6440.19490141626,94.34950715522706,6850.615257541498
1924,6393.057342924956,15.294395557236736,47.04376710116592,6440.101110026122,94.34845516664966,6850.5168900010485
1925,6392.989783377664,15.294233931525511,47.01760924213743,6440.007392619801,94.34740455660813,6850.4186024410465
1926,6392.922225535258,15.294072309892961,46.99152342876788,6439.913748964026,94.34635532266745,6850.320394617629
1927,6392.854669316053,15.293910692143669,46.96550951011071,6439.820178826164,94.34530746239793,6850.222266287595
1928,6392.7871146391935,15.293749078084195,46.93956733576876,6439.726681974962,94.34426097337558,6850.124217209146
1929,6392.719561423306,15.29358746751987,46.91369675588973,6439.633258179196,94.34321585318155,6850.026247140536
1930,6392.652009587471,15.293425860257107,46.88789762116181,6439.539907208633,94.34217209940263,6849.928355841034
1931,6392.584459051341,15.293264256103686,46.86216978280921,6439.44662883415,94.3411297096309,6849.830543071044
1932,6392.516909734218,15.29310265486655,46.83651309258779,6439.353422826805,94.34008868146387,6849.732808591173
1933,6392.449361555743,15.292941056353452,46.81092740278071,6439.260288958524,94.33904901250438,6849.6351521629185
1934,6392.381814435948,15.292779460373083,46.7854125661941,6439.167227002143,94.33801070036063,6849.537573548711
1935,6392.3142682946645,15.292617866733647,46.75996843615282,6439.074236730818,94.33697374264622,6849.440072511328
1936,6392.246723052585,15.292456275245419,46.73459486649618,6438.981317919081,94.33593813698005,6849.342648814944
1937,6392.17917862984,15.292294685717321,46.70929171157377,6438.888470341413,94.33490388098622,6849.245302223703
1938,6392.111634946982,15.292133097959287,46.68405882624127,6438.795693773223,94.33387097229442,6849.148032502704
1939,6392.044091925108,15.291971511782554,46.658896065856254,6438.702987990964,94.3328394085393,6849.05083941811
1940,6391.976549485417,15.291809926998607,46.63380328627422,6438.610352771691,94.33180918736092,6848.953722736711
1941,6391.909007548698,15.291648343417938,46.6087803438444,6438.517787892542,94.3307803064047,6848.856682225402
1942,6391.841466036953,15.291486760853953,46.58382709540578,6438.425293132358,94.32975276332107,6848.759717652804
1943,6391.773924871015,15.29132517911726,46.55894339828312,6438.332868269298,94.32872655576594,6848.66282878688
1944,6391.706383973462,15.291163598022637,46.53412911028291,6438.240513083745,94.32770168140033,6848.566015397837
1945,6391.638843265879,15.291002017382485,46.50938408968955,6438.148227355568,94.32667813789033,6848.469277255392
1946,6391.571302670634,15.290840437011086,46.48470819526138,6438.056010865896,94.32565592290743,6848.372614130543
1947,6391.503762109942,15.29067885672235,46.46010128622686,6437.963863396169,94.32463503412819,6848.276025794627
1948,6391.4362215067085,15.290517276331839,46.43556322228071,6437.871784728989,94.32361546923431,6848.179512020159
1949,6391.368680783349,15.290355695653945,46.41109386358012,6437.77977464693,94.32259722591273,6848.0830725796495
1950,6391.301139862922,15.2901941145046,46.386693070741025,6437.687832933663,94.32158030185545,6847.986707246734
1951,6391.233598668765,15.290032532700394,46.36236070483435,6437.595959373599,94.32056469475957,6847.890415795803
1952,6391.166057124132,15.289870950057733,46.33809662738231,6437.504153751514,94.31955040232738,6847.7941980016385
1953,6391.098515152597,15.289709366393774,46.31390070035483,6437.412415852952,94.31853742226616,6847.69805363981
1954,6391.030972677792,15.289547781525819,46.289772786165784,6437.320745463958,94.31752575228836,6847.601982486412
1955,6390.963429623975,15.289386195272666,46.26571274766954,6437.229142371644,94.31651539011145,6847.505984318629
1956,6390.895885914761,15.28922460745158,46.241720448157295,6437.137606362918,94.31550633345793,6847.41005891346
1957,6390.8283414752495,15.289063017883372,46.217795751353634,6437.046137226604,94.31449858005544,6847.314206049845
1958,6390.7607962289585,15.288901426385069,46.193938521412974,6436.954734750371,94.31349212763652,6847.21842550559
1959,6390.693250101512,15.288739832778736,46.17014862291617,6436.8633987244275,94.31248697393876,6847.122717061061
1960,6390.6257030173365,15.28857823688358,46.14642592086699,6436.772128938203,94.31148311670488,6847.02708049587
1961,6390.558154901646,15.288416638520685,46.12277028068885,6436.680925182335,94.31048055368234,6846.931515590853
1962,6390.4906056797445,15.28825503751135,46.09918156822134,6436.589787247965,94.30947928262373,6846.836022127379
1963,6390.423055277384,15.288093433677952,46.075659649716954,6436.498714927101,94.30847930128661,6846.7405998876975
1964,6390.355503619706,15.287931826841401,46.05220439183779,6436.407708011544,94.30748060743345,6846.645248653879
1965,6390.287950633162,15.287770216825747,46.02881566165223,6436.316766294814,94.30648319883164,6846.5499682097325
1966,6390.2203962436515,15.287608603453712,46.00549332663182,6436.2258895702835,94.30548707325356,6846.454758338937
1967,6390.152840377036,15.287446986547934,45.98223725464791,6436.135077631684,94.30449222847633,6846.359618825556
1968,6390.085282960392,15.287285365933952,45.95904731396863,6436.044330274361,94.3034986622822,6846.264549455288
1969,6390.017723920096,15.287123741435636,45.935923373255704,6435.953647293351,94.30250637245807,6846.169550013544
1970,6389.950163182948,15.286962112877866,45.91286530156129,6435.863028484509,94.30151535679593,6846.074620286572
1971,6389.8826006764375,15.286800480087171,45.889872968325,6435.772473644763,94.30052561309245,6845.979760061715
1972,6389.815036327143,15.286638842887903,45.866946243370776,6435.681982570514,94.29953713914921,6845.884969125813
1973,6389.747470063123,15.28647720110795,45.84408499690389,6435.591555060027,94.29854993277263,6845.790247267588
1974,6389.679901811776,15.286315554573628,45.821289099508,6435.5011909112845,94.29756399177393,6845.695594275501
1975,6389.612331500875,15.286153903112142,45.798558422142186,6435.410889923018,94.29657931396915,6845.601009938783
1976,6389.544759058628,15.285992246551743,45.775892836137984,6435.320651894766,94.29559589717915,6845.506494047496
1977,6389.47718441304,15.285830584720191,45.753292213196545,6435.230476626237,94.29461373922948,6845.412046391885
1978,6389.409607492655,15.285668917446543,45.73075642538575,6435.140363918041,94.29363283795055,6845.317666763126
1979,6389.3420282260895,15.285507244560023,45.708285345137384,6435.050313571227,94.2926531911775,6845.223354952849
1980,6389.27444654259,15.285345565891365,45.68587884524437,6434.960325387835,94.29167479675017,6845.129110753698
1981,6389.206862370524,15.285183881269194,45.66353679885789,6434.870399169382,94.29069765251322,6845.034933957814
1982,6389.13927563956,15.285022190525263,45.641259079484826,6434.780534719044,94.28972175631586,6844.940824359018
1983,6389.071686278824,15.28486049349001,45.619045560984844,6434.690731839809,94.28874710601227,6844.846781750963
1984,6389.00409421784,15.284698789994833,45.59689611756785,6434.600990335408,94.28777369946106,6844.752805928063
1985,6388.936499386924,15.284537079873024,45.57481062379132,6434.5113100107155,94.28680153452564,6844.658896685902
1986,6388.868901715695,15.284375362956208,45.552788954557606,6434.421690670252,94.28583060907417,6844.565053819725
1987,6388.801301134415,15.284213639077548,45.530830985111415,6434.332132119526,94.28486092097936,6844.471277125786
1988,6388.733697573678,15.284051908071,45.508936591037205,6434.242634164715,94.28389246811845,6844.37756640103
1989,6388.666090963755,15.283890169769748,45.48710564825665,6434.153196612012,94.28292524837362,6844.2839214424375
1990,6388.598481235615,15.283728424008647,45.46533803302617,6434.063819268641,94.28195925963144,6844.190342048038
1991,6388.530868320347,15.28356667062284,45.44363362193437,6433.974501942281,94.2809944997831,6844.096828016337
1992,6388.463252148871,15.28340490944706,45.42199229189962,6433.88524444077,94.2800309667245,6844.003379146022
1993,6388.395632652875,15.283243140317882,45.400413920167715,6433.796046573043,94.27906865835604,6843.9099952368915
1994,6388.328009763635,15.283081363070897,45.378898384309366,6433.706908147945,94.27810757258273,6843.81667608868
1995,6388.260383413289,15.282919577543753,45.35744556221786,6433.617828975506,94.27714770731407,6843.723421502323
1996,6388.192753533622,15.282757783573258,45.33605533210675,6433.528808865729,94.27618906046415,6843.630231278748
1997,6388.125120056654,15.28259598099678,45.3147275725075,6433.439847629162,94.27523162995175,6843.537105219451
1998,6388.057482914988,15.282434169653081,45.29346216226724,6433.350945077255,94.27427541369991,6843.44404312685
1999,6387.989842041094,15.282272349380607,45.27225898054645,6433.26210102164,94.27332040963636,6843.351044803558
2000,6387.922197367902,15.282110520018906,45.25111790681676,6433.173315274719,94.27236661569324,6843.258110052985
2001,6387.854548828166,15.281948681407096,45.230038820858745,6433.084587649025,94.27141402980726,6843.165238678686
2002,6387.786896355188,15.281786833385619,45.20902160275975,6432.995917957948,94.2704626499196,6843.072430485098
2003,6387.719239881939,15.281624975794113,45.18806613291169,6432.90730601485,94.26951247397581,6842.979685276645
2004,6387.65157934267,15.281463108475286,45.167172292009,6432.818751634679,94.26856349992597,6842.8870028593565
2005,6387.583914670634,15.28130123126946,45.146339961046415,6432.7302546316805,94.26761572572471,6842.794383038583
2006,6387.516245799965,15.281139344019055,45.12556902131705,6432.641814821282,94.26666914933085,6842.701825620871
2007,6387.448572664909,15.280977446566768,45.104859354410195,6432.553432019319,94.26572376870783,6842.609330413198
2008,6387.380895199574,15.280815538754963,45.08421084220942,6432.465106041784,94.26477958182348,6842.516897222716
2009,6387.313213338517,15.280653620427074,45.063623366890454,6432.376836705407,94.26383658664987,6842.424525857334
2010,6387.24552701676,15.280491691427656,45.04309681091932,6432.28862382768,94.2628947811636,6842.332216125741
2011,6387.177836168956,15.280329751600373,45.02263105705029,6432.200467226006,94.26195416334568,6842.23996783656
2012,6387.1101407304095,15.280167800790453,45.002225988324,6432.112366718734,94.26101473118143,6842.147780799373
2013,6387.042440636259,15.280005838842724,44.98188148806558,6432.0243221243245,94.2600764826604,6842.055654823897
2014,6386.974735822429,15.279843865603896,44.96159743988276,6431.936333262312,94.25913941577667,6841.96358972094
2015,6386.907026224286,15.279681880919345,44.94137372766396,6431.848399951949,94.25820352852857,6841.871585301049
2016,6386.839311777965,15.27951988463628,44.921210235576574,6431.760522013542,94.25726881891879,6841.779641375839
2017,6386.771592419484,15.279357876601635,44.90110684806504,6431.6726992675485,94.25633528495426,6841.6877577570995
2018,6386.703868085379,15.279195856663588,44.881063449849165,6431.584931535229,94.25540292464619,6841.59593425744
2019,6386.636138711787,15.279033824669346,44.86107992592228,6431.497218637709,94.25447173601025,6841.5041706893535
2020,6386.568404235719,15.278871780468227,44.841156161549605,6431.409560397268,94.25354171706616,6841.412466866506
2021,6386.500664594096,15.27870972390932,44.821292042266435,6431.321956636362,94.25261286583809,6841.320822602758
2022,6386.432919724143,15.278547654842448,44.80148745387648,6431.23440717802,94.25168518035431,6841.229237712561
2023,6386.365169562738,15.278385573116598,44.7817422824503,6431.146911845188,94.25075865864744,6841.137712010304
2024,6386.29741404794,15.27822347858359,44.762056414323524,6431.059470462264,94.24983329875431,6841.046245311844
2025,6386.229653116987,15.27806137109327,44.74242973609532,6430.972082853082,94.2489090987159,6840.954837432496
2026,6386.161886708093,15.27789925049783,44.72286213462672,6430.88474884272,94.24798605657757,6840.863488188832
2027,6386.094114759131,15.27773711664864,44.703353497039146,6430.79746825617,94.24706417038863,6840.77219739736
2028,6386.026337208695,15.277574969398792,44.68390371071276,6430.710240919408,94.24614343820282,6840.68096487559
2029,6385.95855399523,15.27741280860103,44.664512663285045,6430.623066658515,94.24522385807792,6840.589790441154
2030,6385.89076505729,15.27725063410835,44.64518024264916,6430.535945299939,94.24430542807586,6840.4986739120695
2031,6385.822970333847,15.277088445774753,44.62590633695258,6430.448876670799,94.24338814626287,6840.407615107042
2032,6385.755169763957,15.276926243454444,44.6066908345955,6430.361860598553,94.24247201070919,6840.316613845138
2033,6385.6873632872475,15.276764027002985,44.5875336242295,6430.274896911477,94.24155701948916,6840.225669946255
2034,6385.619550842483,15.276601796273882,44.56843459475607,6430.187985437238,94.24064317068147,6840.134783229702
2035,6385.551732370047,15.276439551124515,44.54939363532518,6430.101126005372,94.23973046236866,6840.043953516675
2036,6385.4839078095265,15.27627729141035,44.53041063533401,6430.014318444861,94.23881889263757,6839.953180627834
2037,6385.4160771009665,15.276115016987958,44.51148548442542,6429.927562585392,94.23790845957893,6839.86246438456
2038,6385.348240184943,15.275952727715175,44.49261807248672,6429.84085825743,94.2369991612878,6839.771804609032
2039,6385.280397001634,15.275790423448885,44.473808289648375,6429.754205291282,94.23609099586315,6839.681201123287
2040,6385.212547491672,15.275628104047062,44.45505602628252,6429.667603517954,94.23518396140801,6839.59065375008
2041,6385.144691596228,15.275465769368965,44.43636117300191,6429.58105276923,94.23427805602952,6839.500162312958
2042,6385.07682925617,15.275303419273133,44.41772362065851,6429.4945528768285,94.23337327783884,6839.409726635427
2043,6385.008960412663,15.275141053618812,44.399143260342264,6429.408103673006,94.2324696249512,6839.319346541543
2044,6384.941085007598,15.274978672266982,44.3806199833799,6429.321704990978,94.23156709548576,6839.229021856341
2045,6384.873202982227,15.274816275077098,44.36215368133374,6429.23535666356,94.2306656875657,6839.138752404471
2046,6384.805314278423,15.274653861910103,44.34374424600043,6429.149058524424,94.22976539931838,6839.048538011459
2047,6384.73741883864,15.274491432628325,44.32539156940989,6429.06281040805,94.22886622887488,6838.958378503656
2048,6384.669516604517,15.274328987092147,44.30709554382402,6428.976612148342,94.22796817437045,6838.868273706853
2049,6384.601607519044,15.274166525165176,44.28885606173569,6428.890463580779,94.22707123394423,6838.778223448437
2050,6384.533691524795,15.274004046710036,44.27067301586759,6428.804364540663,94.2261754057393,6838.688227555629
2051,6384.465768564218,15.273841551589038,44.252546299171044,6428.7183148633885,94.22528068790284,6838.598285855765
2052,6384.397838580577,15.273679039666451,44.23447580482508,6428.6323143854015,94.2243870785857,6838.50839817725
2053,6384.329901517474,15.273516510807355,44.216461426235234,6428.54636294371,94.22349457594296,6838.418564349062
2054,6384.261957317831,15.273353964875193,44.1985030570326,6428.460460374863,94.22260317813334,6838.328784199743
2055,6384.19400592529,15.273191401735144,44.18060059107275,6428.374606516363,94.22171288331977,6838.239057558804
2056,6384.126047283985,15.273028821253552,44.16275392243474,6428.2888012064195,94.22082368966872,6838.149384256479
2057,6384.058081337845,15.27286622329628,44.14496294542008,6428.203044283265,94.21993559535093,6838.0597641230415
2058,6383.990108030786,15.272703607729154,44.12722755455182,6428.117335585338,94.21904859854068,6837.97019698899
2059,6383.922127307767,15.272540974420496,44.109547644573546,6428.031674952341,94.21816269741632,6837.880682686102
2060,6383.854139112671,15.272378323236055,44.09192311044842,6427.946062223119,94.21727789016006,6837.791221045315
2061,6383.78614339108,15.272215654045647,44.07435384735828,6427.860497238438,94.21639417495781,6837.701811899505
2062,6383.718140087418,15.272052966716311,44.056839750702736,6427.774979838121,94.2155115499995,6837.612455080619
2063,6383.650129146987,15.271890261117193,44.03938071609823,6427.689509863085,94.21463001347885,6837.523150421718
2064,6383.582110515526,15.271727537118485,44.02197663937719,6427.604087154904,94.21374956359321,6837.433897756534
2065,6383.514084138011,15.271564794588542,44.00462741658714,6427.518711554598,94.21287019854397,6837.344696918264
2066,6383.446049960739,15.271402033398898,43.98733294398988,6427.433382904729,94.21199191653632,6837.255547741662
2067,6383.378007929644,15.2712392534202,43.970093118060596,6427.348101047704,94.21111471577908,6837.166450061343
2068,6383.309957990443,15.271076454522591,43.95290783548708,6427.26286582593,94.21023859448495,6837.077403711939
2069,6383.24190009001,15.270913636578971,43.935776993168915,6427.177677083178,94.20936355087036,6836.988408529464
2070,6383.173834174637,15.270750799460854,43.91870048821666,6427.092534662854,94.20848958315563,6836.899464349581
2071,6383.105760190928,15.270587943040498,43.901678217951115,6427.007438408879,94.20761668956465,6836.810571008486
2072,6383.037678086205,15.270425067191878,43.88471007990251,6426.922388166107,94.20674486832512,6836.721728343322
2073,6382.969587807319,15.270262171787845,43.8677959718098,6426.837383779129,94.20587411766856,6836.632936190987
2074,6382.901489301756,15.270099256702764,43.850935791619875,6426.752425093376,94.20500443583012,6836.5441943892365
2075,6382.8333825168065,15.269936321810542,43.834129437486865,6426.667511954293,94.20413582104871,6836.455502775855
2076,6382.765267400559,15.269773366986984,43.817376807771424,6426.582644208331,94.20326827156694,6836.366861189646
2077,6382.697143900659,15.26961039210684,43.80067780104007,6426.4978217017,94.20240178563107,6836.278269469195
2078,6382.6290119651685,15.269447397045857,43.78403231606438,6426.413044281233,94.20153636149112,6836.18972745372
2079,6382.5608715425315,15.269284381680697,43.767440251820524,6426.328311794352,94.20067199740069,6836.101234983045
2080,6382.492722581296,15.26912134588827,43.75090150748843,6426.243624088785,94.1998086916172,6836.012791897319
2081,6382.424565029976,15.268958289545397,43.73441598245122,6426.158981012428,94.19894644240165,6835.924398036875
2082,6382.356398837334,15.268795212529508,43.71798357629451,6426.074382413629,94.19808524801857,6835.8360532425095
2083,6382.288223952807,15.268632114719635,43.701604188805874,6425.989828141613,94.19722510673637,6835.747757355915
2084,6382.2200403254155,15.268468995993818,43.68527771997421,6425.905318045389,94.19636601682689,6835.659510218587
2085,6382.1518479044535,15.26830585623075,43.669004069989086,6425.820851974442,94.19550797656564,6835.571311672503
2086,6382.083646639923,15.268142695310821,43.65278313924026,6425.736429779164,94.19465098423188,6835.483161560573
2087,6382.015436481412,15.267979513113424,43.636614828317015,6425.652051309728,94.19379503810828,6835.3950597255
2088,6381.9472173791855,15.267816309519583,43.620499038007594,6425.567716417193,94.19294013648124,6835.307006010887
2089,6381.878989283031,15.267653084409165,43.60443566929875,6425.48342495233,94.19208627764073,6835.219000260067
2090,6381.810752143938,15.267489837664924,43.58842462337512,6425.399176767313,94.19123345988014,6835.131042317792
2091,6381.742505911932,15.267326569167302,43.57246580161868,6425.314971713551,94.19038168149672,6835.043132028062
2092,6381.674250538221,15.267163278799572,43.55655910560833,6425.230809643829,94.189530940791,6834.95526923627
2093,6381.605985973414,15.266999966443574,43.540704437119274,6425.146690410534,94.18868123606718,6834.867453787426
2094,6381.537712169104,15.266836631983503,43.52490169812263,6425.062613867227,94.18783256563312,6834.779685527731
2095,6381.469429076258,15.266673275302052,43.50915079078483,6424.978579867043,94.18698492779993,6834.691964302972
2096,6381.4011366466575,15.26650989628387,43.49345161746722,6424.894588264125,94.18613832088252,6834.604289959963
2097,6381.332834832243,15.266346494813979,43.47780408072559,6424.810638912969,94.18529274319917,6834.516662345885
2098,6381.264523584369,15.266183070776004,43.462208083309704,6424.726731667679,94.18444819307165,6834.42908130754
2099,6381.196202855512,15.266019624056248,43.44666352816286,6424.642866383675,94.18360466882532,6834.3415466930655
2100,6381.127872598269,15.265856154541314,43.431170318421444,6424.5590429166905,94.18276216878901,6834.254058350923
2101,6381.059532764559,15.26569266211617,43.41572835741451,6424.475261121973,94.18192069129495,6834.166616129106
2102,6380.991183307482,15.265529146668618,43.40033754866333,6424.391520856146,94.18108023467894,6834.079219876999
2103,6380.922824179688,15.265365608085379,43.38499779588112,6424.307821975569,94.18024079728016,6833.991869443737
2104,6380.8544553343245,15.265202046254364,43.36970900297244,6424.224164337297,94.1794023774413,6833.9045646791665
2105,6380.786076724584,15.265038461063599,43.35447107403296,6424.140547798616,94.17856497350849,6833.817305433378
2106,6380.717688304152,15.264874852402277,43.33928391334901,6424.056972217501,94.1777285838312,6833.730091557167
2107,6380.649290026236,15.264711220158459,43.324147425397186,6423.973437451633,94.17689320676254,6833.64292290105
2108,6380.580881845136,15.264547564222813,43.30906151484406,6423.88994335998,94.17605884065883,6833.555799316846
2109,6380.512463714505,15.264383884484463,43.29402608654579,6423.806489801052,94.17522548387993,6833.468720655929
2110,6380.44403558866,15.264220180834116,43.2790410455477,6423.723076634207,94.17439313478901,6833.381686770539
2111,6380.375597422005,15.264056453162691,43.26410629708408,6423.639703719089,94.17356179175269,6833.294697513214
2112,6380.3071491692735,15.263892701361899,43.24922174657775,6423.556370915851,94.17273145314095,6833.207752737015
2113,6380.238690784758,15.263728925322386,43.23438729963974,6423.4730780843975,94.17190211732719,6833.120852294771
2114,6380.170222223615,15.263565124936878,43.21960286206906,6423.389825085685,94.17107378268817,6833.033996040378
2115,6380.101743441175,15.263401300098504,43.20486833985224,6423.306611781028,94.17024644760392,6832.947183828104
2116,6380.033254392593,15.263237450699984,43.190183639163216,6423.223438031757,94.16942011045793,6832.860415512248
2117,6379.964755033331,15.263073576634763,43.175548666362886,6423.140303699694,94.168594769637,6832.773690947615
2118,6379.896245318991,15.262909677796628,43.16096332799887,6423.057208646989,94.16777042353131,6832.68700998935
2119,6379.827725205836,15.262745754080948,43.146427530805255,6422.974152736641,94.16694707053419,6832.600372493465
2120,6379.759194649555,15.26258180538171,43.13194118170226,6422.891135831257,94.16612470904249,6832.5137783155915
2121,6379.690653606545,15.262417831594606,43.117504187796015,6422.808157794341,94.16530333745631,6832.427227312276
2122,6379.622102033098,15.262253832615066,43.10311645637837,6422.725218489476,94.164482954179,6832.3407193401545
2123,6379.553539885932,15.26208980833955,43.08877789492648,6422.642317780858,94.16366355761728,6832.254254256493
2124,6379.484967121908,15.261925758664852,43.074488411102664,6422.559455533011,94.16284514618107,6832.167831918899
2125,6379.416383697702,15.261761683487325,43.060247912754164,6422.476631610456,94.16202771828368,6832.08145218499
2126,6379.347789570942,15.261597582705603,43.04605630791285,6422.393845878855,94.1612112723415,6831.99511491354
2127,6379.279184698591,15.261433456216725,43.03191350479503,6422.311098203386,94.16039580677443,6831.908819962855
2128,6379.210569038212,15.261269303919168,43.01781941180125,6422.228388450014,94.15958132000549,6831.822567192037
2129,6379.141942547688,15.261105125712172,43.00377393751603,6422.145716485204,94.15876781046084,6831.7363564607085
2130,6379.073305185189,15.260940921495669,42.98977699070768,6422.063082175897,94.15795527657014,6831.650187628977
2131,6379.004656908066,15.260776691167623,42.97582848032809,6421.980485388394,94.15714371676593,6831.564060556326
2132,6378.935997675217,15.260612434629705,42.96192831551248,6421.897925990729,94.15633312948437,6831.477975103986
2133,6378.86732744473,15.26044815178165,42.948076405579286,6421.815403850309,94.15552351316447,6831.391931132574
2134,6378.798646175429,15.26028384252495,42.934272660029926,6421.732918835459,94.15471486624875,6831.305928503641
2135,6378.729953825899,15.260119506760525,42.92051698854859,6421.650470814448,94.15390718718268,6831.219967078693
2136,6378.661250355375,15.25995514439085,42.906809301002085,6421.568059656377,94.15310047441507,6831.134046720083
2137,6378.592535722908,15.259790755317962,42.8931495074397,6421.485685230347,94.1522947263978,6831.048167290178
2138,6378.523809887972,15.259626339444909,42.87953751809293,6421.403347406064,94.15148994158604,6830.962328651964
2139,6378.45507281006,15.259461896674786,42.86597324337541,6421.321046053436,94.15068611843806,6830.876530668641
2140,6378.386324448751,15.259297426910887,42.85245659388266,6421.2387810426335,94.14988325541532,6830.79077320369
2141,6378.317564763816,15.259132930056976,42.83898748039203,6421.156552244209,94.14908135098233,6830.705056120982
2142,6378.24879371596,15.258968406019044,42.825565813862454,6421.074359529823,94.1482804036069,6830.619379285513
2143,6378.180011264747,15.258803854700352,42.81219150543436,6420.992202770181,94.14748041175984,6830.533742561337
2144,6378.111217371036,15.258639276007264,42.79886446642948,6420.910081837465,94.14668137391516,6830.448145813996
2145,6378.042411995299,15.258474669845212,42.785584608350746,6420.82799660365,94.14588328855002,6830.362588908843
2146,6377.973595098319,15.25831003612038,42.77235184288209,6420.745946941201,94.14508615414454,6830.277071711729
2147,6377.904766641104,15.258145374739485,42.759166081888395,6420.663932722992,94.14428996918207,6830.191594088934
2148,6377.835926585009,15.257980685610068,42.74602723741529,6420.581953822424,94.14349473214901,6830.106155907272
2149,6377.767074890806,15.257815968638292,42.7329352216891,6420.500010112495,94.14270044153496,6830.020757033172
2150,6377.698211520501,15.257651223733255,42.71988994711657,6420.418101467618,94.14190709583241,6829.935397334489
2151,6377.6293364358025,15.257486450803356,42.70689132628492,6420.336227762087,94.14111469353708,6829.850076678974
2152,6377.560449598426,15.257321649757001,42.693939271961625,6420.254388870388,94.14032323314763,6829.76479493458
2153,6377.4915509702205,15.257156820502919,42.68103369709435,6420.172584667315,94.13953271316583,6829.679551969587
2154,6377.422640513697,15.256991962951428,42.66817451481078,6420.090815028508,94.13874313209661,6829.594347653128
2155,6377.353718191374,15.256827077012858,42.655361638418526,6420.009079829793,94.13795448844773,6829.509181854541
2156,6377.284783965512,15.25666216259692,42.64259498140512,6419.927378946917,94.13716678073013,6829.424054443093
2157,6377.215837798769,15.25649721961428,42.629874457437715,6419.845712256207,94.13638000745782,6829.338965288648
2158,6377.146879654659,15.256332247977653,42.61719998036318,6419.7640796350215,94.13559416714763,6829.2539142621135
2159,6377.0779094957725,15.256167247597542,42.60457146420788,6419.68248095998,94.13480925831963,6829.168901233671
2160,6377.008927285753,15.25600221838697,42.591988823177616,6419.6009161089305,94.13402527949668,6829.083926074741
2161,6376.939932987642,15.255837160257517,42.57945197165754,6419.5193849593,94.13324222920485,6828.998988656341
2162,6376.870926565416,15.255672073123005,42.566960824212046,6419.4378873896285,94.13246010597311,6828.914088850612
2163,6376.801907982901,15.255506956896893,42.55451529558467,6419.356423278486,94.13167890833327,6828.829226529735
2164,6376.732877203799,15.255341811492341,42.542115300698065,6419.274992504497,94.13089863482038,6828.744401565966
2165,6376.663834192498,15.255176636824158,42.52976075465384,6419.193594947152,94.13011928397226,6828.659613832431
2166,6376.59477891325,15.255011432806818,42.51745157273252,6419.112230485982,94.12934085432977,6828.574863202316
2167,6376.525711330736,15.254846199355828,42.505187670393454,6419.03089900113,94.12856334443674,6828.49014954943
2168,6376.456631409473,15.254680936386299,42.492968963274706,6418.949600372747,94.12778675283981,6828.4054727476005
2169,6376.387539114296,15.254515643814104,42.48079536719304,6418.868334481489,94.12701107808878,6828.320832671176
2170,6376.318434410405,15.254350321555993,42.468666798143786,6418.787101208549,94.12623631873629,6828.236229195052
2171,6376.249317262867,15.25418496952839,42.456583172300796,6418.705900435169,94.12546247333779,6828.151662194188
2172,6376.180187637269,15.254019587648969,42.44454440601636,6418.624732043286,94.12468954045174,6828.0671315442505
2173,6376.111045498749,15.253854175834329,42.43255041582114,6418.543595914571,94.12391751863956,6827.982637120653
2174,6376.04189081365,15.253688734003948,42.4206011184241,6418.462491932074,94.12314640646551,6827.898178800199
2175,6375.972723547335,15.253523262074964,42.40869643071244,6418.381419978047,94.12237620249671,6827.813756458908
2176,6375.9035436663125,15.253357759967255,42.3968362697515,6418.300379936064,94.12160690530334,6827.729369974133
2177,6375.83435113642,15.253192227599092,42.38502055278473,6418.219371689205,94.12083851345825,6827.6450192227485
2178,6375.765145924226,15.253026664890493,42.373249197233605,6418.138395121459,94.12007102553723,6827.560704082546
2179,6375.695927996396,15.252861071761712,42.36152212069757,6418.057450117093,94.11930444011902,6827.476424431611
2180,6375.626697319917,15.252695448133773,42.34983924095394,6417.976536560871,94.11853875578515,6827.392180148537
2181,6375.557453861222,15.252529793926367,42.338200475957876,6417.89565433718,94.11777397112006,6827.3079711115515
2182,6375.488197587689,15.252364109061457,42.32660574384234,6417.814803331531,94.11701008471094,6827.223797200024
2183,6375.4189284667245,15.252198393461063,42.31505496291801,6417.733983429643,94.11624709514786,6827.139658293536
2184,6375.349646465504,15.25203264704666,42.30354805167313,6417.653194517176,94.11548500102377,6827.05555427163
2185,6375.28035155189,15.251866869741363,42.29208492877366,6417.572436480664,94.11472380093446,6826.971485014728
2186,6375.21104369345,15.251701061467584,42.280665513063,6417.4917092065125,94.11396349347842,6826.887450403144
2187,6375.141722858368,15.251535222149204,42.26928972356208,6417.41101258193,94.11320407725705,6826.803450317998
2188,6375.072389014645,15.251369351709677,42.2579574794692,6417.330346494114,94.11244555087453,6826.719484640418
2189,6375.003042130471,15.251203450072897,42.24666870016001,6417.249710830631,94.11168791293785,6826.63555325191
2190,6374.9336821748375,15.251037517164683,42.2354233051875,6417.169105480025,94.1109311620568,6826.5516560349715
2191,6374.864309115597,15.250871552908128,42.2242212142819,6417.088530329879,94.1101752968439,6826.46779287115
2192,6374.794922922091,15.250705557229884,42.2130623473506,6417.007985269442,94.10942031591452,6826.38396364367
2193,6374.725523563346,15.250539530055852,42.201946624478104,6416.927470187824,94.10866621788671,6826.300168235631
2194,6374.656111008137,15.250373471311331,42.190873965925995,6416.846984974062,94.10791300138142,6826.216406530071
2195,6374.586685225957,15.250207380923342,42.179844292132856,6416.76652951809,94.10716066502223,6826.132678410936
2196,6374.517246186395,15.250041258819127,42.16885752371428,6416.686103710109,94.10640920743558,6826.048983762454
2197,6374.447793858949,15.249875104925716,42.157913581462665,6416.605707440412,94.10565862725048,6825.965322468951
2198,6374.378328213703,15.249708919171537,42.14701238634731,6416.52534060005,94.10490892309886,6825.881694415531
2199,6374.3088492202205,15.249542701483781,42.13615385951429,6416.445003079735,94.10416009361539,6825.798099486962
2200,6374.239356848933,15.249376451791706,42.12533792228639,6416.36469477122,94.10341213743726,6825.714537569072
2201,6374.1698510701135,15.249210170024195,42.11456449616304,6416.284415566277,94.10266505320462,6825.631008547717
2202,6374.1003318543235,15.249043856110822,42.103833502820294,6416.204165357144,94.1019188395601,6825.54751230923
2203,6374.030799172195,15.248877509981327,42.093144864110776,6416.123944036305,94.10117349514924,6825.464048740204
2204,6373.961252994412,15.248711131565578,42.08249850206357,6416.043751496475,94.10042901862016,6825.380617727473
2205,6373.891693292053,15.248544720794385,42.07189433888418,6415.963587630937,94.09968540862373,6825.2972191584495
2206,6373.822120036334,15.248378277598885,42.06133229695454,6415.883452333289,94.09894266381346,6825.213852920878
2207,6373.7525331984225,15.248211801910102,42.050812298832845,6415.803345497256,94.0982007828456,6825.130518902633
2208,6373.682932749916,15.248045293660088,42.04033426725352,6415.72326701717,94.09745976437894,6825.047216992218
2209,6373.613318662419,15.247878752780908,42.029898125127204,6415.643216787546,94.0967196070751,6824.963947078323
2210,6373.543690907821,15.247712179205314,42.0195037955407,6415.563194703362,94.09598030959823,6824.880709050114
2211,6373.47404945809,15.247545572866244,42.00915120175683,6415.483200659847,94.09524187061518,6824.797502797023
2212,6373.404394285219,15.247378933696695,41.99884026721438,6415.403234552433,94.09450428879559,6824.714328208694
2213,6373.334725361825,15.24721226163116,41.98857091552818,6415.323296277353,94.09376756281148,6824.631185175583
2214,6373.265042660025,15.24704555660293,41.97834307048882,6415.243385730514,94.0930316913376,6824.548073587833
2215,6373.1953461526755,15.24687881854707,41.968156656062746,6415.1635028087385,94.09229667305144,6824.464993336513
2216,6373.125635812654,15.246712047398693,41.95801159639213,6415.083647409046,94.09156250663298,6824.381944312899
2217,6373.0559116126715,15.246545243092516,41.94790781579484,6415.003819428466,94.09082919076488,6824.2989264082935
2218,6372.986173526128,15.2463784055649,41.93784523876431,6414.924018764893,94.0900967241324,6824.215939514869
2219,6372.916421526161,15.24621153475158,41.92782378996956,6414.844245316131,94.08936510542333,6824.132983524722
2220,6372.846655586175,15.246044630588935,41.91784339425503,6414.76449898043,94.08863433332817,6824.050058330407
2221,6372.776875679919,15.24587769301416,41.90790397664057,6414.684779656559,94.08790440653996,6823.967163825007
2222,6372.707081781212,15.245710721964622,41.89800546232134,6414.6050872435335,94.08717532375424,6823.884299901864
2223,6372.6372738638,15.245543717377512,41.888147776667765,6414.525421640468,94.08644708366936,6823.80146645443
2224,6372.56745190196,15.245376679191292,41.87833084522546,6414.445782747186,94.0857196849859,6823.718663376874
2225,6372.4976158700065,15.245209607344513,41.86855459371512,6414.366170463722,94.08499312640731,6823.635890563593
2226,6372.427765742231,15.245042501775671,41.85881894803245,6414.286584690263,94.0842674066395,6823.553147909145
2227,6372.357901493258,15.244875362424063,41.849123834248154,6414.207025327507,94.0835425243908,6823.470435308607
2228,6372.28802309793,15.244708189229497,41.839469178607736,6414.127492276538,94.08281847837226,6823.387752657457
2229,6372.218130531206,15.244540982132072,41.82985490753151,6414.047985438738,94.0820952672974,6823.305099851481
2230,6372.148223767874,15.244373741071469,41.82028094761455,6413.968504715488,94.08137288988229,6823.222476786476
2231,6372.078302783311,15.244206465988784,41.81074722562648,6413.889050008937,94.0806513448455,6823.139883359016
2232,6372.008367553441,15.244039156826412,41.80125366851151,6413.8096212219525,94.07993063090814,6823.057319466403
2233,6371.938418052863,15.243871813523596,41.7918002033883,6413.730218256252,94.07921074679383,6822.974785004805
2234,6371.8684542582305,15.243704436024474,41.78238675754989,6413.65084101578,94.07849169122876,6822.892279872625
2235,6371.798476144691,15.243537024269596,41.773013258463614,6413.571489403155,94.07777346294154,6822.809803966951
2236,6371.7284836887075,15.24336957820265,41.763679633771005,6413.4921633224785,94.07705606066324,6822.727357186363
2237,6371.658476866414,15.243202097766542,41.75438581128767,6413.412862677702,94.07633948312755,6822.644939429307
2238,6371.588455654086,15.243034582904512,41.74513171900326,6413.333587373089,94.07562372907054,6822.562550594546
2239,6371.51842002842,15.242867033560813,41.73591728508136,6413.254337313501,94.07490879723088,6822.480190581456
2240,6371.448369965936,15.242699449679272,41.72674243785933,6413.1751124037955,94.07419468634956,6822.397859289416
2241,6371.378305443666,15.242531831204943,41.717607105848344,6413.095912549515,94.07348139517016,6822.315556618505
2242,6371.308226438243,15.242364178081921,41.708511217733175,6413.016737655976,94.07276892243866,6822.233282468584
2243,6371.23813292723,15.242196490256532,41.69945470237215,6412.937587629603,94.07205726690341,6822.151036740633
2244,6371.168024887807,15.24202876767418,41.69043748879703,6412.858462376605,94.0713464273155,6822.068819335427
2245,6371.097902297239,15.241861010280475,41.68145950621294,6412.779361803452,94.07063640242819,6821.986630154015
2246,6371.02776513356,15.24169321802287,41.672520683998215,6412.700285817558,94.06992719099719,6821.9044690983965
2247,6370.957613374199,15.241525390847366,41.66362095170434,6412.621234325904,94.06921879178081,6821.82233607015
2248,6370.88744699735,15.241357528701794,41.65476023905583,6412.542207236405,94.06851120353963,6821.740230971803
2249,6370.817265981106,15.241189631533747,41.645938475950146,6412.463204457056,94.06780442503677,6821.6581537059665
2250,6370.747070303575,15.24102169929085,41.637155592457525,6412.384225896033,94.06709845503761,6821.576104175447
2251,6370.676859943258,15.24085373192167,41.628411518820926,6412.305271462079,94.06639329231015,6821.494082283628
2252,6370.606634878781,15.240685729375073,41.61970618545595,6412.226341064237,94.06568893562466,6821.4120879342045
2253,6370.536395089015,15.240517691600514,41.61103952295059,6412.147434611966,94.06498538375375,6821.330121031295
2254,6370.466140552524,15.240349618546707,41.60241146206531,6412.068552014589,94.06428263547255,6821.248181478894
2255,6370.395871248694,15.240181510164339,41.59382193373276,6411.989693182427,94.06358068955852,6821.1662691820065
2256,6370.325587156502,15.240013366403113,41.58527086905777,6411.91085802556,94.06287954479154,6821.084384045403
2257,6370.255288255447,15.239845187213989,41.576758199317176,6411.832046454764,94.06217919995379,6821.0025259745635
2258,6370.184974525289,15.239676972548539,41.568283855959685,6411.753258381249,94.06147965382984,6820.920694875409
2259,6370.114645945148,15.239508722356815,41.55984777060582,6411.674493715755,94.06078090520671,6820.838890653404
2260,6370.044302495122,15.2393404365912,41.55144987504774,6411.59575237017,94.06008295287363,6820.757113215171
2261,6369.973944155255,15.239172115203958,41.54309010124913,6411.517034256503,94.05938579562238,6820.67536246746
2262,6369.903570905818,15.23900375814789,41.5347683813451,6411.438339287163,94.05868943224687,6820.593638317437
2263,6369.833182726837,15.238835365375207,41.526484647642036,6411.359667374479,94.05799386154342,6820.511940672192
2264,6369.762779598914,15.238666936839506,41.51823883261744,6411.281018431531,94.0572990823109,6820.430269439584
2265,6369.6923615027645,15.238498472494651,41.510030868919905,6411.202392371684,94.0566050933501,6820.348624527757
2266,6369.62192841907,15.238329972294427,41.50186068936882,6411.123789108439,94.05591189346451,6820.267005845009
2267,6369.551480328597,15.238161436192815,41.493728226954374,6411.045208555552,94.0552194814598,6820.1854132999015
2268,6369.481017212681,15.23799286414517,41.4856334148374,6410.966650627518,94.05452785614386,6820.103846801744
2269,6369.410539052396,15.237824256106212,41.47757618634916,6410.888115238746,94.05383701632701,6820.022306259768
2270,6369.340045829205,15.237655612031592,41.469556474991265,6410.809602304196,94.05314696082183,6819.940791583771
2271,6369.269537524731,15.237486931877347,41.46157421443554,6410.731111739166,94.0524576884432,6819.859302683894
2272,6369.199014120323,15.23731821559886,41.453629338523854,6410.652643458847,94.05176919800834,6819.777839470183
2273,6369.128475598213,15.23714946315362,41.445721781268,6410.574197379481,94.05108148833666,6819.696401853746
2274,6369.0579219401225,15.2369806744979,41.437851476849545,6410.495773416972,94.0503945582499,6819.614989745359
2275,6368.987353128521,15.236811849589763,41.43001835961972,6410.417371488141,94.04970840657205,6819.53360305673
2276,6368.916769145401,15.236642988386128,41.42222236409918,6410.3389915095,94.04902303212947,6819.452241699263
2277,6368.84616997351,15.236474090845718,41.414463424977924,6410.260633398488,94.04833843375079,6819.370905585303
2278,6368.775555595295,15.236305156926544,41.406741477115155,6410.182297072411,94.04765461026656,6819.28959462707
2279,6368.704925993747,15.236136186587911,41.39905645553909,6410.1039824492855,94.04697156051004,6819.208308737504
2280,6368.6342811511595,15.235967179787464,41.3914082954468,6410.0256894466065,94.04628928331645,6819.1270478290335
2281,6368.563621051369,15.23579813648653,41.38379693220412,6409.947417983573,94.04560777752343,6819.0458118158
2282,6368.492945677252,15.235629056644143,41.37622230134541,6409.869167978597,94.04492704197072,6818.96460061117
2283,6368.422255012282,15.235459940220771,41.36868433857346,6409.790939350855,94.04424707550032,6818.883414129282
2284,6368.351549039911,15.23529078717682,41.36118297975929,6409.7127320196705,94.04356787695656,6818.802252284431
2285,6368.280827743794,15.235121597473192,41.35371816094202,6409.634545904736,94.04288944518589,6818.721114991295
2286,6368.2100911076905,15.23495237107103,41.346289818328685,6409.556380926019,94.04221177903699,6818.640002164831
2287,6368.139339115839,15.234783107932628,41.338897888294085,6409.478237004133,94.04153487736073,6818.5589137206525
2288,6368.068571752322,15.234613808019908,41.33154230738061,6409.400114059703,94.04085873901023,6818.477849574398
2289,6367.997789001287,15.234444471294944,41.32422301229809,6409.322012013585,94.04018336284086,6818.396809641942
2290,6367.926990847351,15.234275097720934,41.31693993992361,6409.243930787275,94.0395087477101,6818.3157938398135
2291,6367.856177274842,15.234105687260387,41.30969302730135,6409.165870302143,94.03883489247762,6818.234802084421
2292,6367.785348268821,15.233936239877561,41.302482211642385,6409.087830480463,94.03816179600531,6818.153834293086
2293,6367.7145038140025,15.23376675553589,41.29530743032462,6409.0098112443275,94.03748945715728,6818.072890382961
2294,6367.643643895485,15.233597234199726,41.28816862089246,6408.931812516377,94.03681787479968,6817.991970271756
2295,6367.572768498423,15.233427675833548,41.281065721056756,6408.85383421948,94.03614704780102,6817.911073877414
2296,6367.501877608214,15.233258080402427,41.273998668694546,6408.775876276909,94.03547697503186,6817.830201118298
2297,6367.430971210241,15.23308844787139,41.266967401848966,6408.69793861209,94.03480765536483,6817.7493519129275
2298,6367.360049290307,15.232918778206477,41.25997185872899,6408.620021149036,94.0341390876749,6817.668526180421
2299,6367.289111834314,15.232749071373958,41.253011977709306,6408.542123812023,94.03347127083914,6817.587723840174
2300,6367.218158827764,15.232579327339147,41.2460876973301,6408.464246525094,94.0328042037367,6817.506944811348
2301,6367.147190256946,15.232409546069247,41.23919895629687,6408.386389213242,94.03213788524893,6817.426189014075
2302,6367.076206108515,15.232239727532333,41.23234569348027,6408.308551801995,94.03147231425923,6817.345456369023
2303,6367.005206368324,15.232069871694556,41.225527847915956,6408.23073421624,94.0308074896532,6817.2647467962315
2304,6366.934191023193,15.231899978524385,41.21874535880431,6408.152936381997,94.03014341031866,6817.184060216883
2305,6366.863160059582,15.23173004798943,41.2119981655103,6408.075158225092,94.02948007514526,6817.103396551975
2306,6366.792113464575,15.231560080058792,41.20528620756332,6407.997399672138,94.02881748302508,6817.022755723297
2307,6366.72105122507,15.231390074701125,41.19860942465698,6407.919660649727,94.02815563285222,6816.942137652634
2308,6366.649973328045,15.231220031885275,41.19196775664886,6407.841941084694,94.02749452352268,6816.861542262017
2309,6366.578879761172,15.23104995158175,41.18536114356044,6407.764240904733,94.02683415393486,6816.78096947435
2310,6366.50777051161,15.230879833759833,41.17878952557675,6407.686560037187,94.02617452298907,6816.700419212189
2311,6366.436645566948,15.230709678389827,41.17225284304631,6407.608898409994,94.02551562958773,6816.619891398701
2312,6366.365504914989,15.230539485442558,41.16575103648089,6407.5312559514705,94.02485747263543,6816.539385957434
2313,6366.294348543409,15.230369254888538,41.15928404655531,6407.453632589964,94.02420005103872,6816.458902811983
2314,6366.223176440598,15.230198986699994,41.152851814107194,6407.3760282547055,94.02354336370642,6816.378441886828
2315,6366.1519885945,15.230028680848086,41.14645428013682,6407.298442874637,94.02288740954913,6816.298003106175
2316,6366.080784993493,15.229858337305007,41.140091385807,6407.2208763793,94.02223218747973,6816.217586394836
2317,6366.009565625797,15.229687956042577,41.13376307244272,6407.14332869824,94.02157769641319,6816.137191677637
2318,6365.93833048043,15.229517537034521,41.12746928153102,6407.065799761961,94.02092393526631,6816.056818880369
2319,6365.867079545867,15.229347080253271,41.12120995472084,6406.9882895005885,94.02027090295826,6815.976467928457
2320,6365.795812811145,15.229176585672596,41.11498503382272,6406.910797844967,94.01961859840989,6815.89613874805
2321,6365.724530265147,15.229006053265902,41.10879446080868,6406.833324725956,94.0189670205444,6815.815831265324
2322,6365.653231897306,15.22883548300791,41.1026381778119,6406.755870075118,94.01831616828692,6815.735545407166
2323,6365.581917696885,15.228664874872932,41.09651612712668,6406.678433824012,94.0176660405645,6815.655281100468
2324,6365.510587653341,15.228494228835743,41.09042825120806,6406.601015904549,94.01701663630647,6815.575038272482
2325,6365.439241756132,15.22832354487113,41.08437449267174,6406.523616248804,94.0163679544439,6815.494816850634
2326,6365.367879995482,15.2281528229557,41.07835479429383,6406.446234789776,94.01571999391007,6815.414616763285
2327,6365.296502360838,15.227982063064205,41.07236909901061,6406.368871459848,94.0150727536402,6815.334437938183
2328,6365.225108842665,15.22781126517384,41.06641734991833,6406.291526192583,94.0144262325716,6815.254280304269
2329,6365.15369943081,15.22764042926031,41.060499490273074,6406.214198921083,94.01378042964336,6815.174143790032
2330,6365.082274115996,15.227469555301427,41.05461546349041,6406.136889579487,94.0131353437969,6815.094028325003
2331,6365.010832888536,15.22729864327401,41.04876521314529,6406.059598101681,94.01249097397539,6815.013933838474
2332,6364.939375738824,15.227127693155083,41.04294868297177,6405.982324421796,94.01184731912403,6814.9338602599855
2333,6364.867902658134,15.226956704923765,41.03716581686286,6405.905068474997,94.01120437819007,6814.853807520124
2334,6364.796413637243,15.226785678557997,41.031416558870255,6405.827830196114,94.01056215012272,6814.773775549147
2335,6364.724908667247,15.226614614036476,41.02570085320415,6405.750609520452,94.00992063387311,6814.693764277799
2336,6364.653387739249,15.226443511337918,41.02001864423297,6405.673406383482,94.00927982839443,6814.613773636997
2337,6364.581850844582,15.226272370441583,41.01436987648324,6405.596220721065,94.00863973264177,6814.533803558057
2338,6364.510297974993,15.226101191327734,41.00875449463926,6405.519052469632,94.00800034557221,6814.453853972871
2339,6364.438729121838,15.22592997397569,41.00317244354295,6405.441901565381,94.00736166614482,6814.373924813111
2340,6364.367144277387,15.225758718366954,40.99762366819371,6405.364767945581,94.00672369332057,6814.294016011525
2341,6364.295543433075,15.225587424481041,40.99210811374802,6405.287651546823,94.00608642606232,6814.214127500194
2342,6364.223926581121,15.225416092299334,40.98662572551932,6405.21055230664,94.00544986333507,6814.134259212147
2343,6364.152293714025,15.225244721803888,40.98117644897786,6405.133470163003,94.00481400410551,6814.054411080862
2344,6364.080644824058,15.225073312976216,40.9757602297503,6405.056405053809,94.00417884734256,6813.974583039749
2345,6364.008979903439,15.2249018657977,40.97037701361966,6404.979356917058,94.00354439201675,6813.894775022331
2346,6363.937298944964,15.22473038025111,40.965026746525,6404.902325691489,94.00291063710083,6813.814986962878
2347,6363.865601941756,15.22455885631999,40.95970937456119,6404.825311316317,94.00227758156919,6813.735218796143
2348,6363.793888886183,15.224387293986084,40.95442484397877,6404.7483137301615,94.00164522439842,6813.655470456295
2349,6363.722159771776,15.224215693233914,40.949173101183604,6404.67133287296,94.00101356456678,6813.575741878825
2350,6363.650414591705,15.224044054047141,40.9439540927368,6404.594368684442,94.00038260105461,6813.49603299903
2351,6363.578653339256,15.223872376409702,40.93876776535437,6404.51742110461,93.99975233284408,6813.416343752481
2352,6363.506876007891,15.22370066030596,40.93361406590705,6404.440490073798,93.99912275891926,6813.336674075097
2353,6363.435082591272,15.223528905720745,40.92849294142007,6404.363575532691,93.99849387826615,6813.257023903149
2354,6363.363273083263,15.223357112639386,40.923404339072896,6404.286677422336,93.99786568987255,6813.177393173281
2355,6363.291447477752,15.223185281047252,40.918348206199084,6404.209795683951,93.99723819272828,6813.097781822318
2356,6363.21960576853,15.223013410929497,40.91332449028595,6404.132930258816,93.99661138582493,6813.018189787154
2357,6363.1477479503665,15.222841502273605,40.90833313897443,6404.056081089341,93.99598526815608,6812.938617005821
2358,6363.075874017329,15.22266955506538,40.90337410005876,6403.979248117387,93.99535983871704,6812.859063415806
2359,6363.003983963767,15.222497569291308,40.898447321486344,6403.9024312852525,93.9947350965051,6812.7795289550495
2360,6362.932077784553,15.222325544939123,40.89355275135746,6403.825630535911,93.99411104051939,6812.70001356217
2361,6362.860155474258,15.222153481995832,40.88869033792511,6403.748845812183,93.99348766976087,6812.620517175643
2362,6362.788217027962,15.22198138044967,40.88386002959464,6403.672077057557,93.99286498323241,6812.541039734618
2363,6362.7162624405455,15.221809240288387,40.87906177492368,6403.595324215469,93.99224297993865,6812.461581178202
2364,6362.644291707256,15.221637061500614,40.87429552262179,6403.518587229878,93.99162165888623,6812.382141446033
2365,6362.572304823338,15.221464844074971,40.86956122155033,6403.441866044888,93.99100101908344,6812.302720477901
2366,6362.500301784532,15.221292588001273,40.86485882072215,6403.3651606052545,93.99038105954054,6812.223318214255
2367,6362.42828258621,15.221120293268445,40.86018826930142,6403.288470855511,93.98976177926957,6812.143934595334
2368,6362.356247224111,15.220947959866294,40.85554951660332,6403.211796740714,93.98914317728443,6812.064569561901
2369,6362.284195694122,15.220775587784981,40.85094251209391,6403.135138206216,93.98852525260088,6811.98522305503
2370,6362.212127992276,15.220603177015013,40.846367205389825,6403.058495197665,93.98790800423632,6811.905895016093
2371,6362.140044114815,15.220430727547406,40.84182354625807,6402.981867661073,93.9872914312103,6811.826585386838
2372,6362.06794405792,15.220258239373013,40.837311484615796,6402.905255542535,93.98667553254384,6811.747294109101
2373,6361.995827818107,15.220085712483508,40.83283097053004,6402.828658788637,93.98606030726006,6811.668021125218
2374,6361.923695391861,15.21991314687048,40.82838195421752,6402.752077346078,93.98544575438365,6811.5887663776475
2375,6361.851546775855,15.219740542525969,40.82396438604442,6402.6755111618995,93.9848318729412,6811.509529809194
2376,6361.779381966936,15.219567899442431,40.819578216526146,6402.598960183462,93.98421866196111,6811.430311362992
2377,6361.707200962277,15.219395217613103,40.81522339632704,6402.522424358604,93.98360612047355,6811.351110982664
2378,6361.635003758782,15.219222497030579,40.81089987626022,6402.445903635042,93.98299424751055,6811.271928611713
2379,6361.562790353581,15.219049737687993,40.80660760728734,6402.369397960868,93.98238304210584,6811.192764194028
2380,6361.490560744613,15.218876939580413,40.80234654051835,6402.292907285131,93.98177250329495,6811.113617674464
2381,6361.418314928762,15.218704102700388,40.79811662721121,6402.216431555973,93.98116263011525,6811.034488996975
2382,6361.346052903898,15.218531227042819,40.79391781877177,6402.13997072267,93.98055342160569,6810.955378106655
2383,6361.273774667936,15.218358312602717,40.78975006675342,6402.063524734689,93.97994487680728,6810.8762849488
2384,6361.201480218643,15.218185359374745,40.785613322856975,6401.9870935415,93.97933699476255,6810.7972094687175
2385,6361.129169554251,15.218012367354667,40.78150753893033,6401.910677093181,93.97872977451593,6810.7181516123255
2386,6361.056842672519,15.217839336537129,40.777432666968316,6401.834275339488,93.9781232151136,6810.639111325232
2387,6360.984499572395,15.217666266919606,40.77338865911243,6401.757888231507,93.97751731560335,6810.560088554382
2388,6360.91214025204,15.217493158497705,40.7693754676506,6401.681515719691,93.9769120750349,6810.481083246093
2389,6360.839764710069,15.217320011268107,40.76539304501702,6401.605157755086,93.97630749245958,6810.4020953472855
2390,6360.767372945078,15.21714682522746,40.76144134379183,6401.528814288869,93.97570356693058,6810.323124805017
2391,6360.694964955936,15.216973600373052,40.75752031670092,6401.452485272636,93.97510029750278,6810.244171566774
2392,6360.6225407420525,15.216800336703475,40.753629916615736,6401.376170658668,93.97449768323271,6810.165235580731
2393,6360.55010030195,15.216627034215191,40.74977009655301,6401.299870398503,93.97389572317879,6810.086316794331
2394,6360.4776436352795,15.216453692907367,40.745940809674536,6401.223584444954,93.973294416401,6810.0074151562985
2395,6360.405170741487,15.216280312778679,40.74214200928693,6401.147312750774,93.97269376196112,6809.928530615305
2396,6360.332681619698,15.216106893827028,40.738373648841446,6401.07105526854,93.97209375892275,6809.849663119853
2397,6360.260176270158,15.215933436053009,40.73463568193365,6400.994811952091,93.97149440635096,6809.770812619718
2398,6360.187654692053,15.215759939454673,40.73092806230335,6400.918582754356,93.97089570331275,6809.691979063767
2399,6360.1151168859,15.215586404033253,40.72725074383421,6400.842367629733,93.97029764887677,6809.613162402347
2400,6360.042562851146,15.21541282978743,40.72360368055364,6400.766166531699,93.96970024211322,6809.534362584892
2401,6359.969992588489,15.215239216718873,40.71998682663249,6400.689979415121,93.96910348209425,6809.455579562231
2402,6359.897406097942,15.215065564827611,40.716400136384856,6400.613806234326,93.96850736789352,6809.376813284663
2403,6359.824803379892,15.214891874114574,40.71284356426784,6400.53764694416,93.96791189858646,6809.2980637030105
2404,6359.752184435116,15.214718144581617,40.70931706488136,6400.461501499997,93.96731707325016,6809.219330768636
2405,6359.679549264406,15.214544376230636,40.70582059296786,6400.385369857374,93.96672289096341,6809.140614433065
2406,6359.6068978684,15.214370569063158,40.70235410341213,6400.309251971812,93.96612935080663,6809.061914647821
2407,6359.534230248205,15.21419672308183,40.698917551241095,6400.233147799446,93.96553645186198,6808.983231365045
2408,6359.461546404807,15.214022838289013,40.69551089162353,6400.157057296431,93.96494419321328,6808.904564536909
2409,6359.388846339358,15.213848914687459,40.69213407986989,6400.080980419228,93.964352573946,6808.825914115892
2410,6359.316130053492,15.213674952281082,40.688787071432024,6400.004917124924,93.96376159314723,6808.747280055114
2411,6359.243397548444,15.213500951072831,40.685469821903,6399.928867370347,93.9631712499058,6808.6686623074365
2412,6359.170648826064,15.21332691106714,40.68218228701693,6399.852831113081,93.96258154331215,6808.590060826489
2413,6359.097883887702,15.213152832267228,40.67892442264863,6399.77680831035,93.9619924724584,6808.511475565544
2414,6359.02510273571,15.212978714678732,40.67569618481347,6399.700798920523,93.96140403643831,6808.43290647903
2415,6358.952305371736,15.212804558305589,40.67249752966713,6399.624802901403,93.96081623434725,6808.354353520814
2416,6358.879491797994,15.212630363153096,40.66932841350541,6399.548820211499,93.96022906528225,6808.275816645477
2417,6358.806662016903,15.212456129227041,40.66618879276396,6399.472850809667,93.95964252834203,6808.197295807955
2418,6358.733816030439,15.212281856532151,40.6630786240181,6399.396894654457,93.95905662262693,6808.118790962884
2419,6358.6609538417615,15.212107545075984,40.659997863982554,6399.320951705744,93.95847134723878,6808.0403020662325
2420,6358.588075452882,15.211933194863354,40.65694646951126,6399.245021922393,93.95788670128123,6807.961829072966
2421,6358.515180866838,15.211758805901527,40.653924397597116,6399.169105264435,93.95730268385944,6807.883371939223
2422,6358.4422700865725,15.211584378197543,40.65093160537185,6399.093201691944,93.95671929408023,6807.804930621193
2423,6358.369343115045,15.21140991175848,40.6479680501057,6399.017311165151,93.95613653105202,6807.726505075228
2424,6358.296399955319,15.211235406591673,40.645033689207224,6398.941433644527,93.95555439388488,6807.648095257926
2425,6358.223440610748,15.21106086270514,40.642128480223114,6398.865569090971,93.95497288169042,6807.569701126325
2426,6358.150465084616,15.210886280106738,40.63925238083796,6398.7897174654545,93.95439199358191,6807.491322637536
2427,6358.077473380659,15.210711658805405,40.63640534887397,6398.7138787295335,93.95381172867417,6807.4129597492665
2428,6358.004465502136,15.210536998808937,40.63358734229087,6398.638052844427,93.95323208608369,6807.334612418891
2429,6357.931441453191,15.210362300127251,40.6307983191856,6398.562239772376,93.95265306492853,6807.256280604815
2430,6357.8584012376705,15.210187562769546,40.62803823779212,6398.486439475462,93.95207466432825,6807.17796426529
2431,6357.785344859405,15.210012786744988,40.62530705648118,6398.410651915886,93.9514968834041,6807.099663358694
2432,6357.71227232252,15.209837972063445,40.622604733760156,6398.334877056281,93.95091972127891,6807.021377843844
2433,6357.639183631511,15.209663118735671,40.619931228272804,6398.259114859783,93.95034317707704,6806.943107680068
2434,6357.566078790532,15.209488226771606,40.61728649879902,6398.183365289331,93.94976724992449,6806.864852826502
2435,6357.492957804197,15.209313296182291,40.61467050425467,6398.107628308452,93.94919193894873,6806.786613242879
2436,6357.419820677316,15.209138326979225,40.61208320369132,6398.031903881008,93.94861724327885,6806.70838888927
2437,6357.3466674142965,15.208963319172957,40.60952455629607,6397.956191970593,93.94804316204564,6806.630179725491
2438,6357.273498020019,15.208788272775166,40.60699452139134,6397.880492541411,93.94746969438123,6806.551985711969
2439,6357.200312500021,15.208613187799093,40.604493058434656,6397.804805558456,93.9468968394194,6806.4738068099305
2440,6357.127110858764,15.208438064255418,40.60202012701835,6397.729130985783,93.9463245962955,6806.395642979668
2441,6357.053893101709,15.208262902157198,40.599575686869535,6397.653468788579,93.94575296414646,6806.3174941826155
2442,6356.98065923443,15.208087701517776,40.59715969784972,6397.57781893228,93.94518194211071,6806.239360380461
2443,6356.907409262054,15.20791246234941,40.594772119954705,6397.5021813820085,93.94461152932823,6806.161241534586
2444,6356.834143190493,15.20773718466625,40.592412913314284,6397.426556103807,93.94404172494052,6806.083137607298
2445,6356.760861025306,15.207561868481594,40.590082038192136,6397.350943063499,93.94347252809071,6806.0050485606935
2446,6356.687562772568,15.20738651380997,40.58777945498548,6397.275342227553,93.94290393792335,6805.92697435752
2447,6356.614248437776,15.207211120664535,40.58550512422506,6397.199753562001,93.94233595358456,6805.848914960094
2448,6356.540918027431,15.20703568906084,40.58325900657475,6397.124177034006,93.94176857422207,6805.770870331871
2449,6356.46757154761,15.20686021901342,40.58104106283147,6397.0486126104415,93.94120179898493,6805.692840436026
2450,6356.394209004481,15.206684710537036,40.57885125392487,6396.973060258406,93.94063562702402,6805.614825235961
2451,6356.320830404766,15.206509163647764,40.57668954091728,6396.897519945683,93.9400700574914,6805.5368246957705
2452,6356.247435754726,15.206333578360589,40.57455588500331,6396.821991639729,93.93950508954092,6805.458838779232
2453,6356.174025061365,15.20615795469226,40.57245024750979,6396.746475308874,93.93894072232774,6805.380867451
2454,6356.100598331135,15.205982292658218,40.57037258989553,6396.670970921031,93.93837695500866,6805.302910675318
2455,6356.027155571146,15.205806592275469,40.56832287375103,6396.595478444897,93.93781378674197,6805.224968417224
2456,6355.9536967883705,15.205630853560695,40.56630106079847,6396.519997849169,93.93725121668729,6805.147040641759
2457,6355.88022198995,15.205455076530981,40.5643071128913,6396.444529102841,93.93668924400602,6805.0691273142675
2458,6355.8067311832565,15.205279261203962,40.56234099201414,6396.369072175271,93.93612786786086,6804.991228400466
2459,6355.733224375705,15.20510340759738,40.56040266028258,6396.293627035987,93.93556708741602,6804.913343866247
2460,6355.659701574337,15.20492751572808,40.55849207994289,6396.21819365428,93.9350069018372,6804.835473677272
2461,6355.586162787311,15.204751585615577,40.556609213371935,6396.142772000683,93.93444731029173,6804.757617800452
2462,6355.512608021976,15.204575617277454,40.554754023076924,6396.067362045053,93.93388831194821,6804.679776202028
2463,6355.439037286359,15.204399610732917,40.552926471695166,6395.991963758054,93.93332990597679,6804.601948849053
2464,6355.365450588364,15.204223566000872,40.551126521993965,6395.916577110358,93.93277209154913,6804.524135708597
2465,6355.291847936148,15.204047483100831,40.549354136870306,6395.841202073018,93.93221486783835,6804.446336748115
2466,6355.21822933789,15.203871362052368,40.547609279350745,6395.765838617241,93.93165823401904,6804.368551935224
2467,6355.144594801726,15.203695202874943,40.54589191259118,6395.690486714318,93.93110218926721,6804.29078123763
2468,6355.070944336148,15.203519005588872,40.544201999876634,6395.615146336025,93.93054673276043,6804.213024623533
2469,6354.9972779495765,15.203342770214299,40.54253950462108,6395.539817454198,93.92999186367757,6804.1352820611955
2470,6354.923595651092,15.203166496772948,40.5409043903672,6395.464500041459,93.92943758119908,6804.057553519675
2471,6354.849897448885,15.202990185284413,40.53929662078622,6395.389194069671,93.92888388450686,6803.979838967276
2472,6354.776183352302,15.202813835771057,40.537716159677714,6395.31389951198,93.92833077278424,6803.902138373591
2473,6354.702453369808,15.202637448253128,40.536162970969414,6395.238616340777,93.92777824521588,6803.824451707466
2474,6354.628707510893,15.202461022753333,40.534637018717035,6395.16334452961,93.92722630098807,6803.746778938908
2475,6354.554945784596,15.202284559293293,40.53313826710398,6395.0880840517,93.92667493928847,6803.669120037605
2476,6354.481168200476,15.202108057895874,40.53166668044121,6395.012834880917,93.92612415930608,6803.591474973899
2477,6354.407374767438,15.201931518582388,40.530222223167115,6394.937596990605,93.92557396023145,6803.513843717612
2478,6354.333565495473,15.201754941376729,40.52880485984716,6394.862370355319,93.92502434125643,6803.436226239784
2479,6354.259740394082,15.20157832630163,40.52741455517384,6394.787154949256,93.92447530157455,6803.358622511105
2480,6354.185899472979,15.201401673380333,40.526051273966374,6394.711950746945,93.92392684038049,6803.2810325026
2481,6354.112042742434,15.201224982637402,40.52471498117057,6394.636757723604,93.92337895687048,6803.203456185991
2482,6354.038170211619,15.201048254094783,40.52340564185861,6394.561575853478,93.92283165024213,6803.125893532031
2483,6353.964281891234,15.200871487778073,40.522123221228874,6394.486405112463,93.92228491969448,6803.048344513134
2484,6353.8903777912965,15.200694683711236,40.52086768460575,6394.411245475902,93.921738764428,6802.970809101164
2485,6353.816457922028,15.200517841918728,40.51963899743939,6394.336096919467,93.92119318364449,6802.893287268321
2486,6353.742522294188,15.200340962426289,40.51843712530556,6394.260959419494,93.92064817654722,6802.815778987474
2487,6353.66857091773,15.200164045257727,40.51726203390545,6394.185832951635,93.92010374234084,6802.738284230818
2488,6353.5946038038455,15.199987090439821,40.516113689065456,6394.110717492911,93.9195598802315,6802.660802971918
2489,6353.520620962932,15.199810097997446,40.51499205673696,6394.03561301967,93.91901658942655,6802.583335183675
2490,6353.446622405885,15.199633067956663,40.513897102996225,6393.960519508882,93.91847386913486,6802.505880839618
2491,6353.372608143774,15.199456000343957,40.5128287940441,6393.885436937819,93.91793171856668,6802.428439913584
2492,6353.298578187481,15.199278895185362,40.51178709620594,6393.810365283687,93.91739013693358,6802.3510123793485
2493,6353.224532548301,15.199101752507897,40.510771975931306,6393.735304524233,93.91684912344859,6802.273598211234
2494,6353.150471237428,15.198924572338345,40.50978339979387,6393.660254637222,93.91630867732614,6802.196197383591
2495,6353.076394266293,15.198747354704052,40.50882133449109,6393.585215600784,93.91576879778188,6802.118809871135
2496,6353.00230164668,15.198570099633207,40.50788574684414,6393.510187393525,93.91522948403295,6802.041435649068
2497,6352.928193389509,15.198392807151935,40.50697660379768,6393.435169993307,93.91469073529798,6801.964074691853
2498,6352.854069506905,15.198215477289246,40.50609387241968,6393.360163379325,93.91415255079667,6801.886726975291
2499,6352.7799300107035,15.198038110073453,40.50523751990113,6393.285167530605,93.9136149297504,6801.809392475019
2500,6352.7057749125415,15.197860705532396,40.504407513556,6393.210182426097,93.91307787138167,6801.732071166607
2501,6352.631604224746,15.197683263695565,40.50360382082098,6393.135208045567,93.91254137491444,6801.654763026445
2502,6352.557417959275,15.197505784591566,40.50282640925523,6393.06024436853,93.91200543957407,6801.577468030678
2503,6352.483216128076,15.197328268248985,40.50207524654028,6392.985291374616,93.91147006458712,6801.50018615557
2504,6352.4089987440075,15.197150714698582,40.501350300479785,6392.910349044488,93.9109352491817,6801.422917378428
2505,6352.334765818958,15.196973123968798,40.50065153899938,6392.835417357957,93.91040099258717,6801.345661675711
2506,6352.260517365801,15.196795496090434,40.499978930146426,6392.760496295948,93.9098672940341,6801.268419024996
2507,6352.1862533971025,15.196617831093548,40.49933244208985,6392.685585839193,93.9093341527547,6801.191189403676
2508,6352.1119739255055,15.196440129008387,40.49871204311995,6392.610685968625,93.90880156798224,6801.113972789348
2509,6352.037678963969,15.196262389865954,40.49811770164828,6392.5357966656165,93.9082695389515,6801.036769160056
2510,6351.963368525166,15.196084613696568,40.49754938620726,6392.460917911373,93.90773806489847,6800.959578493681
2511,6351.889042622377,15.195906800532002,40.49700706545024,6392.386049687827,93.90720714506054,6800.88240076884
2512,6351.814701268604,15.195728950403359,40.49649070815111,6392.311191976755,93.90667677867643,6800.805235963998
2513,6351.740344477236,15.19555106334267,40.49600028320416,6392.23634476044,93.90614696498616,6800.72808405813
2514,6351.665972261667,15.195373139381978,40.49553575962398,6392.1615080212905,93.90561770323112,6800.650945030346
2515,6351.591584634823,15.19519517855221,40.49509710654519,6392.086681741369,93.90508899265387,6800.573818859413
2516,6351.5171816107995,15.19501718088708,40.49468429322214,6392.011865904022,93.90456083249845,6800.49670552539
2517,6351.44276320284,15.194839146418278,40.49429728902897,6391.9370604918695,93.90403322201021,6800.419605007613
2518,6351.368329425096,15.194661075179654,40.49393606345924,6391.862265488555,93.90350616043568,6800.34251728645
2519,6351.293880291117,15.194482967203628,40.493600586125744,6391.787480877242,93.90297964702276,6800.265442341791
2520,6351.219415814654,15.194304822523096,40.4932908267604,6391.712706641414,93.90245368102072,6800.188380153854
2521,6351.144936010253,15.194126641172854,40.49300675521401,6391.637942765467,93.90192826168001,6800.111330703776
2522,6351.070440891483,15.193948423185365,40.49274834145601,6391.563189232938,93.90140338825248,6800.034293971837
2523,6350.995930473145,15.19377016859604,40.4925155555744,6391.488446028719,93.90087905999123,6799.957269939681
2524,6350.921404768918,15.193591877437603,40.49230836777543,6391.413713136694,93.9003552761506,6799.880258587949
2525,6350.846863793733,15.193413549745772,40.49212674838353,6391.338990542116,93.8998320359864,6799.803259898657
2526,6350.772307562011,15.19323518555505,40.491970667841024,6391.264278229852,93.89930933875547,6799.726273853438
2527,6350.697736088281,15.193056784900193,40.491840096707925,6391.189576184989,93.89878718371615,6799.649300434155
2528,6350.623149387114,15.19287834781606,40.49173500566184,6391.114884392776,93.898265570128,6799.572339622832
2529,6350.548547473436,15.192699874338363,40.491655365497664,6391.0402028389335,93.89774449725175,6799.495391401979
2530,6350.473930362336,15.192521364503197,40.49160114712748,6390.965531509464,93.89722396434954,6799.418455754385
2531,6350.399298068608,15.192342818345953,40.49157232158031,6390.890870390188,93.89670397068477,6799.341532662666
2532,6350.324650607448,15.192164235902986,40.49156886000192,6390.8162194674505,93.89618451552204,6799.264622109971
2533,6350.249987993899,15.191985617210284,40.49159073365465,6390.741578727553,93.89566559812724,6799.1877240794065
2534,6350.1753102434,15.191806962304785,40.49163791391719,6390.666948157317,93.89514721776757,6799.110838554606
2535,6350.100617371007,15.191628271222504,40.4917103722844,6390.592327743291,93.89462937371144,6799.033965518936
2536,6350.025909392807,15.19144954400193,40.49180808036717,6390.517717473174,93.89411206522853,6798.957104956919
2537,6349.951186323945,15.191270780679295,40.49193100989213,6390.443117333837,93.89359529158983,6798.880256852253
2538,6349.876448179922,15.19109198129168,40.49207913270146,6390.368527312623,93.89307905206749,6798.803421189116
2539,6349.801694976651,15.190913145877154,40.49225242075286,6390.293947397404,93.89256334593497,6798.726597952221
2540,6349.726926730484,15.190734274474842,40.49245084611904,6390.219377576603,93.89204817246706,6798.649787126835
2541,6349.652143456513,15.190555367120844,40.49267438098782,6390.1448178375,93.89153353093957,6798.572988697088
2542,6349.577345171342,15.190376423854886,40.49292299766179,6390.070268169004,93.89101942062976,6798.496202648743
2543,6349.502531890874,15.19019744471501,40.49319666855809,6389.995728559432,93.8905058408161,6798.419428966982
2544,6349.427703631229,15.190018429739782,40.493495366208336,6389.921198997437,93.88999279077817,6798.342667637322
2545,6349.352860409208,15.189839378969397,40.49381906325826,6389.846679472466,93.88948026979696,6798.265918646083
2546,6349.27800224049,15.189660292441365,40.494167732467645,6389.772169972958,93.88896827715453,6798.189181978581
2547,6349.203129142248,15.189481170196766,40.49454134671005,6389.6976704889585,93.8884568121343,6798.112457621743
2548,6349.128241130451,15.189302012273806,40.494939878972644,6389.623181009423,93.88794587402086,6798.035745561414
2549,6349.053338222131,15.189122818713232,40.495363302356004,6389.548701524487,93.88743546209997,6797.959045784622
2550,6348.97842043415,15.188943589555384,40.49581159007387,6389.474232024224,93.88692557565872,6797.88235827834
2551,6348.9034877829345,15.188764324839557,40.49628471545297,6389.399772498387,93.88641621398541,6797.805683029224
2552,6348.828540285962,15.188585024607564,40.49678265193286,6389.325322937895,93.88590737636943,6797.729020025102
2553,6348.7535779598165,15.188405688899083,40.49730537306566,6389.250883332882,93.88539906210153,6797.652369253024
2554,6348.678600821813,15.188226317755534,40.49785285251586,6389.176453674329,93.88489127047356,6797.57573070089
2555,6348.603608889134,15.188046911218024,40.49842506406012,6389.102033953194,93.88438400077871,6797.4991043565815
2556,6348.52860217915,15.18786746932811,40.49902198158711,6389.027624160737,93.88387725231127,6797.4224902082915
2557,6348.453580708925,15.187687992126614,40.49964357909725,6388.953224288022,93.8833710243667,6797.345888244017
2558,6348.378544496547,15.187508479656811,40.50028983070253,6388.87883432725,93.88286531624179,6797.269298452902
2559,6348.303493558897,15.187328931959083,40.500960710626295,6388.804454269523,93.88236012723445,6797.192720822994
2560,6348.2284279141295,15.187149349076865,40.50165619320303,6388.730084107333,93.88185545664383,6797.116155343733
2561,6348.153347579724,15.186969731051972,40.50237625287819,6388.655723832602,93.88135130377015,6797.0396020040025
2562,6348.078252573507,15.18679007792705,40.50312086420797,6388.581373437714,93.88084766791499,6796.963060793145
2563,6348.003142913446,15.186610389745086,40.50389000185908,6388.507032915305,93.88034454838107,6796.886531700763
2564,6347.928018617719,15.186430666549567,40.504683640608484,6388.4327022583275,93.87984194447222,6796.810014716782
2565,6347.852879704148,15.18625090838313,40.50550175534332,6388.358381459491,93.87933985549347,6796.733509830888
2566,6347.777726191091,15.18607111528969,40.50634432106062,6388.284070512151,93.87883828075115,6796.657017033418
2567,6347.7025580965255,15.185891287312263,40.507211312867085,6388.209769409393,93.87833721955263,6796.580536314446
2568,6347.627375439167,15.185711424495615,40.5081027059789,6388.1354781451455,93.87783667120652,6796.504067664894
2569,6347.552178237207,15.18553152688327,40.509018475721504,6388.061196712929,93.87733663502259,6796.427611075277
2570,6347.476966509245,15.185351594519727,40.50995859752939,6387.986925106775,93.87683711031181,6796.351166536631
2571,6347.401740273799,15.18517162744928,40.510923046945884,6387.912663320745,93.87633809638625,6796.274734040026
2572,6347.326499549637,15.184991625716837,40.511911799622915,6387.83841134926,93.87583959255922,6796.198313576893
2573,6347.2512443555825,15.184811589367422,40.51292483132083,6387.764169186903,93.87534159814514,6796.121905138834
2574,6347.175974710377,15.184631518445878,40.513962117908136,6387.689936828285,93.87484411245967,6796.045508717484
2575,6347.100690632766,15.184451412997047,40.51502363536137,6387.615714268127,93.87434713481952,6795.969124304592
2576,6347.025392142283,15.184271273067662,40.51610935976477,6387.541501502047,93.87385066454264,6795.892751892808
2577,6346.950079257632,15.184091098702469,40.51721926731014,6387.467298524942,93.87335470094816,6795.816391474066
2578,6346.874751998018,15.183910889947411,40.51835333429658,6387.393105332315,93.87285924335615,6795.740043040914
2579,6346.7994103830715,15.183730646849453,40.519511537130306,6387.318921920202,93.87236429108808,6795.663706586435
2580,6346.72405443161,15.183550369453613,40.5206938523244,6387.244748283934,93.87186984346656,6795.587382103014
2581,6346.648684163537,15.183370057807505,40.52190025649863,6387.170584420036,93.87137589981506,6795.511069584231
2582,6346.57329959817,15.183189711957343,40.523130726379165,6387.096430324549,93.87088245945858,6795.434769023194
2583,6346.497900755081,15.183009331949954,40.52438523879839,6387.022285993879,93.87038952172294,6795.358480413374
2584,6346.422487653978,15.182828917832484,40.525663770694685,6386.948151424673,93.86989708593535,6795.282203748491
2585,6346.3470603146725,15.182648469652326,40.52696629911221,6386.874026613785,93.86940515142389,6795.205939022479
2586,6346.271618756912,15.182467987456727,40.52829280120065,6386.799911558112,93.86891371751801,6795.129686229316
2587,6346.196163000763,15.18228747129369,40.52964325421498,6386.725806254977,93.86842278354814,6795.053445363412
2588,6346.120693066032,15.182106921210602,40.53101763551532,6386.651710701547,93.86793234884597,6794.977216419027
2589,6346.045208973121,15.18192633725627,40.532415922566614,6386.577624895687,93.86744241274414,6794.900999391124
2590,6345.969710742009,15.18174571947849,40.53383809293848,6386.503548834948,93.86695297457658,6794.824794274356
2591,6345.894198392718,15.181565067925163,40.535284124304894,6386.429482517023,93.86646403367826,6794.748601063523
2592,6345.818671946236,15.181384382646497,40.53675399444403,6386.355425940679,93.86597558938524,6794.6724197545045
2593,6345.74313142244,15.181203663690047,40.53824768123797,6386.281379103678,93.86548764103478,6794.596250342179
2594,6345.667576841752,15.18102291110467,40.539765162672545,6386.207342004424,93.86500018796517,6794.520092822073
2595,6345.592008225106,15.180842124940444,40.54130641683706,6386.133314641943,93.86451322951591,6794.443947190337
2596,6345.516425592952,15.180661305246296,40.54287142192406,6386.059297014876,93.8640267650275,6794.367813442746
2597,6345.440828966137,15.180480452072098,40.54446015622914,6385.985289122366,93.86354079384162,6794.291691575578
2598,6345.365218365359,15.180299565467367,40.54607259815066,6385.91129096351,93.86305531530104,6794.215581585069
2599,6345.289593811513,15.18011864548209,40.54770872618949,6385.837302537703,93.86257032874957,6794.139483467764
2600,6345.213955325685,15.17993769216671,40.54936851894888,6385.763323844633,93.86208583353226,6794.063397220499
2601,6345.138302928739,15.179756705571146,40.55105195513409,6385.689354883873,93.86160182899508,6793.987322840002
2602,6345.062636641963,15.179575685746322,40.55275901355225,6385.615395655515,93.86111831448525,6793.911260323526
2603,6344.986956486532,15.1793946327429,40.55448967311207,6385.541446159644,93.86063528935102,6793.835209668321
2604,6344.911262483663,15.179213546611635,40.55624391282361,6385.467506396487,93.86015275294172,6793.759170871784
2605,6344.835554654699,15.179032427403586,40.55802171179807,6385.393576366497,93.8596707046077,6793.68314393154
2606,6344.759833021161,15.178851275170242,40.55982304924753,6385.319656070409,93.8591891437006,6793.607128845507
2607,6344.684097604659,15.178670089963298,40.561647904484666,6385.2457455091435,93.85870806957297,6793.531125611786
2608,6344.608348426412,15.17848887183352,40.5634962569226,6385.171844683335,93.85822748157844,6793.455134228201
2609,6344.532585508337,15.178307620833342,40.56536808607458,6385.097953594412,93.85774737907185,6793.379154693374
2610,6344.456808872255,15.178126337014964,40.56726337155375,6385.024072243809,93.85726776140899,6793.3031870059385
2611,6344.381018539801,15.177945020430146,40.56918209307291,6384.950200632874,93.85678862794681,6793.227231164443
2612,6344.3052145331285,15.177763671131887,40.57112423044428,6384.876338763573,93.85630997804324,6793.151287168061
2613,6344.229396874109,15.17758228917251,40.57308976357927,6384.802486637688,93.8558318110574,6793.075355015788
2614,6344.153565584408,15.177400874603848,40.575078672488196,6384.728644256897,93.85535412634937,6792.999434706517
2615,6344.077720686688,15.177219427480114,40.57709093727999,6384.654811623968,93.85487692328037,6792.923526240238
2616,6344.0018622030475,15.177037947854181,40.57912653816209,6384.58098874121,93.85440020121268,6792.8476296164845
2617,6343.925990155321,15.17685643577828,40.58118545544002,6384.507175610762,93.85392395950952,6792.771744834628
2618,6343.850104566391,15.176674891307155,40.5832676695173,6384.433372235908,93.85344819753536,6792.695871895186
2619,6343.774205458421,15.17649331449383,40.58537316089507,6384.359578619316,93.85297291465564,6792.6200107980685
2620,6343.698292854198,15.17631170539282,40.58750191017193,6384.285794764371,93.85249811023677,6792.5441615439
2621,6343.6223667758095,15.176130064056961,40.58965389804359,6384.212020673853,93.85202378364632,6792.468324132714
2622,6343.546427246353,15.175948390541516,40.591829105302665,6384.138256351656,93.85154993425294,6792.392498565657
2623,6343.470474288347,15.175766684900351,40.594027512838444,6384.0645018011855,93.85107656142624,6792.316684843389
2624,6343.394507924549,15.175584947187915,40.596249101636616,6383.990757026185,93.85060366453696,6792.24088296692
2625,6343.318528177929,15.17540317745916,40.59849385277899,6383.917022030708,93.85013124295672,6792.165092937569
2626,6343.242535071477,15.175221375769082,40.60076174744328,6383.84329681892,93.84965929605838,6792.089314756774
2627,6343.166528628129,15.175039542172556,40.6030527669028,6383.769581395031,93.84918782321569,6792.013548426019
2628,6343.090508871141,15.174857676725217,40.60536689252625,6383.695875763667,93.84871682380363,6791.937793947212
2629,6343.01447582326,15.174675779481483,40.6077041057774,6383.622179929037,93.84824629719799,6791.862051321848
2630,6342.938429508102,15.174493850497852,40.610064388214866,6383.548493896316,93.84777624277571,6791.786320552391
2631,6342.862369948988,15.174311889830115,40.61244772149185,6383.47481767048,93.84730665991472,6791.710601641109
2632,6342.7862971692475,15.174129897534085,40.61485408735588,6383.401151256603,93.84683754799414,6791.634894590377
2633,6342.710211192438,15.173947873666119,40.617283467648505,6383.327494660086,93.84636890639388,6791.559199402899
2634,6342.634112041753,15.173765818281705,40.61973584430511,6383.253847886058,93.84590073449493,6791.483516081111
2635,6342.55799974105,15.173583731437917,40.622211199354595,6383.180210940404,93.84543303167948,6791.40784462821
2636,6342.4818743139695,15.173401613191315,40.62470951491909,6383.106583828889,93.84496579733054,6791.332185047277
2637,6342.405735784292,15.173219463598786,40.62723077321372,6383.0329665575055,93.84449903083225,6791.2565373416255
2638,6342.329584175937,15.173037282717553,40.6297749565464,6382.959359132484,93.8440327315697,6791.180901514812
2639,6342.253419512586,15.172855070604273,40.63234204731741,6382.885761559904,93.84356689892901,6791.105277570245
2640,6342.177241818341,15.172672827316605,40.634932028019236,6382.812173846361,93.8431015322974,6791.029665511855
2641,6342.101051117102,15.172490552911727,40.63754488123632,6382.738595998338,93.84263663106302,6790.9540653434615
2642,6342.024847433213,15.172308247447878,40.64018058964474,6382.665028022858,93.84217219461499,6790.878477069433
2643,6341.948630790799,15.172125910982773,40.64283913601195,6382.591469926811,93.84170822234347,6790.802900694005
2644,6341.872401213905,15.171943543573935,40.64552050319654,6382.517921717101,93.8412447136397,6790.727336221434
2645,6341.796158727058,15.171761145280044,40.64822467414786,6382.444383401206,93.84078166789587,6790.651783656554
2646,6341.719903354672,15.171578716159503,40.650951631905876,6382.370854986578,93.84031908450514,6790.576243004175
2647,6341.643635121223,15.171396256270869,40.65370135960081,6382.297336480824,93.8398569628617,6790.500714269272
2648,6341.567354050996,15.17121376567224,40.65647384045288,6382.223827891449,93.83939530236073,6790.425197456719
2649,6341.491060168872,15.171031244423137,40.65926905777207,6382.150329226643,93.83893410239844,6790.3496925720765
2650,6341.414753499464,15.17084869258245,40.66208699495779,6382.076840494421,93.83847336237199,6790.274199620739
2651,6341.338434067497,15.170666110209321,40.664927635498636,6382.003361702995,93.83801308167946,6790.198718608301
2652,6341.262101897788,15.17048349736313,40.66779096297214,6381.92989286076,93.83755325972007,6790.123249540543
2653,6341.185757015234,15.17030085410343,40.67067696104448,6381.856433976279,93.837093895894,6790.047792423417
2654,6341.109399444923,15.170118180490245,40.67358561347011,6381.782985058393,93.83663498960227,6789.972347263163
2655,6341.033029211634,15.169935476582857,40.676516904091585,6381.709546115726,93.83617654024702,6789.896914065801
2656,6340.956646340503,15.169752742441394,40.67947081683927,6381.636117157342,93.83571854723135,6789.821492837798
2657,6340.880250857031,15.169569978126868,40.68244733573097,6381.562698192762,93.83526100995935,6789.746083586085
2658,6340.803842786201,15.169387183699046,40.68544644487176,6381.489289231073,93.83480392783603,6789.670686317159
2659,6340.727422153082,15.1692043592179,40.68846812845364,6381.415890281536,93.83434730026744,6789.5953010377
2660,6340.650988983566,15.169021504745373,40.69151237075525,6381.342501354321,93.83389112666043,6789.519927755294
2661,6340.574543302851,15.16883862034175,40.69457915614166,6381.2691224589935,93.83343540642316,6789.444566476935
2662,6340.498085136511,15.168655706068208,40.697668469063984,6381.195753605575,93.83298013896446,6789.369217210071
2663,6340.421614509872,15.168472761985338,40.700780294059136,6381.122394803931,93.83252532369414,6789.293879962
2664,6340.3451314490385,15.168289788155594,40.703914615749575,6381.049046064788,93.83207096002322,6789.218554740889
2665,6340.268635979631,15.168106784640266,40.70707141884299,6380.975707398474,93.83161704736341,6789.143241554504
2666,6340.19212812698,15.167923751499952,40.71025068813202,6380.902378815112,93.83116358512758,6789.067940410417
2667,6340.11560791747,15.167740688797775,40.71345240849393,6380.829060325964,93.83071057272947,6788.992651317337
2668,6340.039075376797,15.167557596595207,40.7166765648904,6380.755751941688,93.83025800958367,6788.917374283376
2669,6339.9625305310965,15.167374474954777,40.71992314236719,6380.682453673464,93.82980589510593,6788.842109317175
2670,6339.885973406303,15.167191323938523,40.723192126053824,6380.609165532356,93.8293542287129,6788.766856427257
2671,6339.809404028581,15.167008143609046,40.72648350116339,6380.535887529745,93.82890300982206,6788.691615622471
2672,6339.73282242421,15.166824934029211,40.72979725299214,6380.462619677202,93.82845223785193,6788.616386911858
2673,6339.656228619389,15.166641695261697,40.73313336691928,6380.389361986308,93.82800191222202,6788.541170304474
2674,6339.579622640491,15.166458427369596,40.73649182840663,6380.3161144688975,93.82755203235277,6788.465965809632
2675,6339.503004513921,15.166275130416079,40.73987262299841,6380.24287713692,93.82710259766537,6788.390773436764
2676,6339.4263742661715,15.166091804464525,40.74327573632081,6380.169650002492,93.8266536075823,6788.315593195475
2677,6339.349731923861,15.165908449578616,40.74670115408182,6380.096433077943,93.82620506152666,6788.240425095584
2678,6339.273077513353,15.16572506582142,40.7501488620709,6380.023226375424,93.82575695892275,6788.165269146738
2679,6339.196411061488,15.165541653257149,40.753618846158695,6379.950029907647,93.8253092991956,6788.090125359148
2680,6339.119732594998,15.165358211949755,40.75711109229669,6379.876843687294,93.82486208177123,6788.014993742999
2681,6339.043042140733,15.165174741963476,40.76062558651703,6379.803667727249,93.82441530607669,6787.939874308683
2682,6338.966339725719,15.164991243362964,40.764162314932065,6379.730502040651,93.82396897153988,6787.86476706685
2683,6338.889625376583,15.164807716211921,40.76772126373419,6379.657346640318,93.82352307758953,6787.789672027832
2684,6338.8128991204285,15.164624160575189,40.77130241919548,6379.584201539624,93.82307762365554,6787.7145892025255
2685,6338.736160984501,15.164440576517945,40.77490576766741,6379.5110667521685,93.82263260916856,6787.639518602052
2686,6338.6594109956795,15.164256964104496,40.77853129558059,6379.43794229126,93.8221880335602,6787.564460237247
2687,6338.582649181462,15.164073323400627,40.78217898944445,6379.364828170907,93.82174389626297,6787.48941411965
2688,6338.505875569173,15.163889654471706,40.785848835846906,6379.29172440502,93.82130019671044,6787.4143802607105
2689,6338.429090185656,15.163705957381952,40.78954082145412,6379.21863100711,93.8208569343368,6787.339358671476
2690,6338.352293059079,15.163522232198753,40.79325493301013,6379.145547992089,93.82041410857751,6787.264349364401
2691,6338.275484216203,15.163338478986132,40.79699115733664,6379.072475373539,93.81997171886871,6787.189352350619
2692,6338.198663685056,15.16315469781114,40.80074948133267,6378.999413166389,93.81952976464757,6787.114367642605
2693,6338.121831493089,15.162970888739448,40.80452989197427,6378.9263613850635,93.81908824535199,6787.039395252345
2694,6338.04498766793,15.162787051837155,40.808332376314155,6378.853320044244,93.81864716042105,6786.964435192076
2695,6337.968132237234,15.162603187170417,40.812156921481524,6378.780289158716,93.81820650929458,6786.889487474147
2696,6337.8912652291765,15.162419294806643,40.81600351468167,6378.707268743859,93.81776629141332,6786.814552111507
2697,6337.814386671345,15.16223537481183,40.81987214319579,6378.634258814541,93.81732650621886,6786.739629116592
2698,6337.737496591751,15.162051427252992,40.82376279438053,6378.5612593861315,93.8168871531538,6786.66471850235
2699,6337.66059501852,15.161867452197416,40.82767545566783,6378.4882704741885,93.8164482316617,6786.589820281917
2700,6337.583681979388,15.161683449711454,40.83161011456454,6378.415292093952,93.81600974118679,6786.514934468115
2701,6337.506757502924,15.161499419863455,40.8355667586521,6378.342324261576,93.81557168117439,6786.440061074685
2702,6337.4298216171155,15.161315362720373,40.83954537558631,6378.269366992702,93.81513405107069,6786.365200114859
2703,6337.352874350201,15.161131278349764,40.843545953096964,6378.1964203032985,93.81469685032269,6786.2903516022025
2704,6337.27591573049,15.160947166819353,40.84756847898763,6378.123484209477,93.81426007837828,6786.215515550422
2705,6337.198945786705,15.160763028197858,40.85161294113527,6378.05055872784,93.81382373468637,6786.140691973726
2706,6337.121964546838,15.160578862552244,40.855679327489966,6377.977643874328,93.81338781869665,6786.065880885659
2707,6337.044972039823,15.16039466995173,40.85976762607462,6377.904739665897,93.81295232985968,6785.991082300787
2708,6336.967968293984,15.160210450464076,40.86387782498467,6377.831846118968,93.81251726762702,6785.916296233146
2709,6336.890953338318,15.160026204158655,40.868009912387784,6377.758963250705,93.81208263145102,6785.841522697517
2710,6336.813927201141,15.159841931103209,40.872163876523516,6377.686091077665,93.81164842078488,6785.766761708079
2711,6336.736889911575,15.159657631367406,40.876339705703,6377.613229617278,93.81121463508282,6785.692013279889
2712,6336.6598414982445,15.159473305019723,40.88053738830874,6377.540378886553,93.81078127379979,6785.617277427582
2713,6336.582781990378,15.15928895213009,40.88475691279424,6377.467538903172,93.81034833639168,6785.542554166475
2714,6336.505711416582,15.159104572766942,40.88899826768365,6377.394709684266,93.80991582231525,6785.467843511337
2715,6336.4286298061825,15.158920167000437,40.89326144157156,6377.321891247754,93.80948373102818,6785.393145477727
2716,6336.351537188115,15.158735734899796,40.897546423122684,6377.249083611237,93.80905206198892,6785.318460080889
2717,6336.2744335916095,15.15855127653495,40.90185320107146,6377.176286792681,93.80862081465682,6785.243787336438
2718,6336.197319046236,15.158366791976642,40.906181764221905,6377.103500810458,93.80818998849224,6785.169127260399
2719,6336.120193580686,15.158182281293506,40.91053210144722,6377.030725682133,93.80775958295612,6785.094479867992
2720,6336.043057225112,15.157997744557683,40.91490420168944,6376.957961426801,93.80732959751062,6785.0198451759725
2721,6335.965910008231,15.157813181837874,40.91929805395921,6376.88520806219,93.80690003161845,6784.94522319973
2722,6335.888751959864,15.157628593205416,40.92371364733546,6376.8124656072,93.8064708847433,6784.870613955833
2723,6335.811583109777,15.157443978731523,40.928150970965135,6376.739734080742,93.8060421563498,6784.796017460863
2724,6335.7344034870985,15.157259338485881,40.93261001406276,6376.667013501161,93.80561384590328,6784.7214337308405
2725,6335.657213121903,15.157074672540437,40.93709076591034,6376.594303887813,93.80518595287006,6784.646862782798
2726,6335.580012044046,15.156889980966618,40.9415932158569,6376.5216052599035,93.8047584767173,6784.572304633623
2727,6335.502800282875,15.15670526383463,40.94611735331828,6376.448917636193,93.80433141691289,6784.497759299764
2728,6335.425577868877,15.156520521217407,40.95066316777672,6376.3762410366535,93.8039047729257,6784.42322679888
2729,6335.348344831502,15.156335753185411,40.95523064878071,6376.303575480282,93.80347854422541,6784.348707147663
2730,6335.27110120083,15.1561509598106,40.959819785944575,6376.230920986775,93.80305273028253,6784.274200363504
2731,6335.193847007364,15.155966141165942,40.964430568948146,6376.158277576312,93.80262733056843,6784.199706464285
2732,6335.116582280875,15.155781297322669,40.969062987536596,6376.085645268412,93.80220234455535,6784.125225467228
2733,6335.039307051636,15.155596428353196,40.97371703152003,6376.013024083156,93.80177777171633,6784.050757390122
2734,6334.96202135008,15.155411534330335,40.978392690773205,6375.940414040853,93.80135361152524,6783.976302250988
2735,6334.8847252062715,15.155226615326008,40.983089955235215,6375.867815161507,93.80092986345684,6783.9018600675445
2736,6334.807418650688,15.15504167141313,40.98780881490926,6375.795227465597,93.8005065269868,6783.827430857989
2737,6334.7301017139525,15.154856702664958,40.99254925986222,6375.722650973815,93.80008360159137,6783.753014640737
2738,6334.652774426486,15.154671709154272,40.99731128022451,6375.65008570671,93.79966108674789,6783.678611434064
2739,6334.5754368187845,15.15448669095403,41.002094866189644,6375.577531684974,93.7992389819344,6783.604221256389
2740,6334.498088921711,15.154301648138066,41.006900008014036,6375.504988929725,93.79881728662988,6783.529844126565
2741,6334.420730765809,15.154116580779448,41.011726696016595,6375.432457461826,93.79839600031401,6783.455480063192
2742,6334.343362381897,15.153931488951908,41.01657492057854,6375.359937302476,93.79797512246739,6783.381129085209
2743,6334.265983800912,15.153746372729454,41.021444672143005,6375.287428473055,93.79755465257142,6783.30679121174
2744,6334.188595053407,15.153561232185185,41.02633594121479,6375.214930994622,93.79713459010824,6783.232466461593
2745,6334.1111961706865,15.153376067393987,41.03124871836001,6375.142444889047,93.79671493456104,6783.158154854387
2746,6334.033787183933,15.153190878430461,41.03618299420586,6375.069970178139,93.79629568541364,6783.0838564096875
2747,6333.956368123936,15.153005665368267,41.04113875944036,6374.997506883376,93.79587684215068,6783.009571146732
2748,6333.878939021852,15.152820428281942,41.046116004811886,6374.925055026663,93.79545840425769,6782.935299085184
2749,6333.801499909023,15.152635167246466,41.051114721129025,6374.852614630152,93.79504037122098,6782.861040244963
2750,6333.72405081661,15.152449882336386,41.05613489926025,6374.78018571587,93.79462274252775,6782.7867946458655
2751,6333.646591776214,15.152264573627306,41.06117653013355,6374.707768306348,93.79420551766592,6782.712562308195
2752,6333.569122818852,15.152079241193425,41.066239604736204,6374.635362423588,93.79378869612421,6782.638343251729
2753,6333.491643976161,15.151893885110432,41.0713241141145,6374.562968090276,93.79337227739232,6782.564137496933
2754,6333.414155280028,15.151708505454613,41.07643004937334,6374.490585329401,93.79295626096054,6782.48994506458
2755,6333.336656761503,15.151523102300246,41.08155740167607,6374.418214163179,93.79254064632008,6782.415765974672
2756,6333.259148452395,15.151337675723433,41.08670616224403,6374.3458546146385,93.792125432963,6782.341600248027
2757,6333.1816303846435,15.151152225800583,41.09187632235645,6374.273506707,93.79171062038208,6782.267447905662
2758,6333.104102589834,15.150966752607259,41.097067873350014,6374.201170463184,93.79129620807088,6782.1933089682925
2759,6333.026565099685,15.150781256219343,41.10228080661854,6374.1288459063035,93.79088219552386,6782.119183456833
2760,6332.949017946607,15.15059573671437,41.10751511361286,6374.056533060219,93.79046858223627,6782.045071392947
2761,6332.871461162047,15.150410194167577,41.11277078584035,6373.984231947888,93.79005536770407,6781.9709727974005
2762,6332.793894778064,15.150224628655655,41.11804781486473,6373.911942592928,93.78964255142407,6781.896887691623
2763,6332.716318827041,15.150039040256077,41.12334619230581,6373.839665019346,93.78923013289389,6781.822816097435
2764,6332.638733341137,15.149853429045782,41.12866590983902,6373.767399250975,93.78881811161196,6781.748758036488
2765,6332.561138352122,15.14966779510077,41.13400695919531,6373.695145311317,93.78840648707745,6781.674713530104
2766,6332.4835338927805,15.149482138499476,41.13936933216075,6373.622903224941,93.78799525879037,6781.60068260068
2767,6332.40591999531,15.149296459318924,41.14475302057627,6373.550673015886,93.7875844262515,6781.52666527008
2768,6332.3282966917395,15.149110757635741,41.15015801633743,6373.478454708077,93.78717398896231,6781.4526615600635
2769,6332.250664014982,15.148925033528666,41.155584311394065,6373.406248326376,93.78676394642528,6781.378671493326
2770,6332.173021997638,15.148739287075689,41.161031897749936,6373.334053895388,93.78635429814352,6781.304695092313
2771,6332.095370671737,15.148553518353438,41.16650076746255,6373.2618714392,93.78594504362081,6781.230732378951
2772,6332.017710070344,15.148367727441014,41.171990912642855,6373.189700982987,93.78553618236207,6781.156783376262
2773,6331.940040226113,15.148181914416538,41.17750232545488,6373.117542551568,93.78512771387261,6781.082848106913
2774,6331.862361171714,15.147996079358167,41.183034998115495,6373.0453961698295,93.7847196376588,6781.008926593645
2775,6331.784672939963,15.147810222344408,41.18858892289417,6372.973261862857,93.7843119532276,6780.935018859397
2776,6331.706975564075,15.147624343454725,41.19416409211259,6372.901139656187,93.78390466008688,6780.8611249275655
2777,6331.629269076735,15.147438442767308,41.19976049814447,6372.829029574879,93.78349775774527,6780.787244821071
2778,6331.551553510773,15.147252520360702,41.205378133415174,6372.756931644189,93.78309124571204,6780.713378563036
2779,6331.473828899461,15.1470665763145,41.21101699040157,6372.684845889863,93.78268512349743,6780.639526177077
2780,6331.396095276031,15.146880610708207,41.21667706163158,6372.612772337662,93.78227939061225,6780.565687686825
2781,6331.318352673568,15.146694623620977,41.22235833968402,6372.540711013253,93.78187404656828,6780.491863115825
2782,6331.240601125351,15.146508615132419,41.228060817188265,6372.468661942539,93.78146909087789,6780.418052487858
2783,6331.162840664645,15.146322585322118,41.233784486823915,6372.396625151469,93.78106452305431,6780.344255826755
2784,6331.085071324942,15.146136534270196,41.23952934132062,6372.324600666263,93.78066034261158,6780.270473156624
2785,6331.007293139758,15.145950462056838,41.245295373457765,6372.252588513215,93.78025654906436,6780.196704501645
2786,6330.92950614237,15.14576436876165,41.2510825760642,6372.180588718435,93.77985314192819,6780.122949885822
2787,6330.851710366325,15.145578254464892,41.256890942017876,6372.108601308343,93.77945012071928,6780.049209333472
2788,6330.773905845347,15.145392119247242,41.26272046424567,6372.036626309593,93.7790474849548,6779.975482869147
2789,6330.696092613282,15.145205963189671,41.26857113572307,6371.964663749006,93.77864523415235,6779.901770517568
2790,6330.618270703506,15.145019786372023,41.27444294947387,6371.89271365298,93.77824336783064,6779.828072303043
2791,6330.540440150092,15.144833588875818,41.28033589856996,6371.820776048662,93.77784188550879,6779.754388250625
2792,6330.462600986653,15.144647370781467,41.28624997613092,6371.748850962785,93.77744078670698,6779.68071838496
2793,6330.384753247624,15.14446113217135,41.29218517532394,6371.676938422947,93.77704007094599,6779.607062731562
2794,6330.306896966474,15.144274873125536,41.29814148936339,6371.605038455837,93.7766397377473,6779.533421315037
2795,6330.2290321775035,15.144088593726085,41.304118911510585,6371.533151089014,93.77623978663328,6779.459794160868
2796,6330.151158914556,15.14390229405396,41.310117435073565,6371.461276349629,93.77584021712698,6779.386181294131
2797,6330.073277212197,15.14371597419186,41.31613705340672,6371.3894142656045,93.7754410287521,6779.312582740676
2798,6329.99538710438,15.143529634221004,41.32217775991065,6371.317564864291,93.77504222103329,6779.238998525786
2799,6329.917488625457,15.14334327422358,41.328239548031796,6371.245728173489,93.77464379349573,6779.1654286751955
2800,6329.839581809407,15.143156894280878,41.334322411262164,6371.173904220669,93.77424574566557,6779.091873214315
2801,6329.761666691409,15.142970494477055,41.34042634313911,6371.1020930345485,93.77384807706949,6779.0183321698005
2802,6329.68374330525,15.142784074892942,41.34655133724502,6371.0302946424945,93.77345078723496,6778.944805566966
2803,6329.605811685897,15.142597635612193,41.352697387207144,6370.958509073103,93.77305387569031,6778.871293432356
2804,6329.527871867662,15.142411176716895,41.35886448669717,6370.886736354359,93.77265734196448,6778.797795791904
2805,6329.44992388514,15.142224698289809,41.365052629431105,6370.814976514572,93.77226118558718,6778.724312671876
2806,6329.371967773319,15.142038200414639,41.37126180916894,6370.743229582487,93.77186540608892,6778.650844098975
2807,6329.294003566611,15.14185168317371,41.37749201971438,6370.671495586325,93.7714700030008,6778.577390099379
2808,6329.216031300319,15.14166514665148,41.383743254914584,6370.599774555233,93.77107497585479,6778.503950700201
2809,6329.13805100873,15.141478590929976,41.39001550865993,6370.5280665173905,93.77068032418353,6778.430525927589
2810,6329.060062727061,15.141292016093448,41.396308774883764,6370.456371501945,93.77028604752033,6778.357115808658
2811,6328.982066490456,15.141105422225973,41.40262304756209,6370.384689538018,93.7698921453994,6778.283720370506
2812,6328.9040623336205,15.140918809410575,41.40895832071331,6370.313020654334,93.76949861735545,6778.21033963983
2813,6328.826050292248,15.14073217773265,41.41531458839802,6370.241364880646,93.76910546292413,6778.136973644366
2814,6328.748030400745,15.14054552727451,41.421691844718666,6370.169722245463,93.76871268164166,6778.063622410605
2815,6328.670002695046,15.140358858122118,41.4280900838194,6370.098092778865,93.76832027304502,6777.990285966611
2816,6328.591967209785,15.140172170358339,41.43450929988569,6370.026476509671,93.76792823667199,6777.916964339194
2817,6328.513923980854,15.13998546406903,41.44094948714418,6369.954873467998,93.76753657206095,6777.843657556464
2818,6328.43587304333,15.13979873933811,41.4474106398624,6369.883283683192,93.76714527875109,6777.770365645759
2819,6328.357814433197,15.139611996251666,41.45389275234845,6369.811707185545,93.76675435628229,6777.697088635373
2820,6328.279748185177,15.139425234892768,41.46039581895078,6369.740144004128,93.76636380419505,6777.623826552376
2821,6328.201674335363,15.139238455347758,41.46691983405801,6369.668594169421,93.76597362203077,6777.550579425255
2822,6328.12359291942,15.13905165770196,41.47346479209858,6369.597057711519,93.76558380933145,6777.477347282111
2823,6328.045503972742,15.138864842040054,41.48003068754058,6369.525534660283,93.7651943656398,6777.404130150816
2824,6327.96740753145,15.138678008448444,41.48661751489143,6369.4540250463415,93.76480529049923,6777.330928060013
2825,6327.8893036311365,15.138491157012288,41.493225268697614,6369.382528899834,93.76441658345388,6777.257741037858
2826,6327.8111923075285,15.138304287817054,41.49985394354454,6369.311046251073,93.76402824404863,6777.184569112685
2827,6327.733073596783,15.138117400949241,41.50650353405622,6369.239577130838,93.76364027182902,6777.111412313295
2828,6327.654947535051,15.137930496495338,41.513174034895,6369.168121569946,93.76325266634136,6777.038270668531
2829,6327.576814158087,15.137743574540877,41.51986544076135,6369.096679598848,93.76286542713252,6776.965144206874
2830,6327.498673502043,15.137556635172352,41.526577746393684,6369.025251248437,93.76247855375031,6776.89203295725
2831,6327.4205256030655,15.137369678476233,41.533310946567966,6368.953836549634,93.76209204574295,6776.818936948615
2832,6327.342370497539,15.137182704539567,41.5400650360976,6368.882435533637,93.76170590265951,6776.7458562102065
2833,6327.264208221466,15.136995713448483,41.546840009833105,6368.8110482312995,93.76132012404992,6776.672790770916
2834,6327.186038811497,15.136808705290663,41.55363586266194,6368.73967467416,93.76093470946445,6776.59974066033
2835,6327.107862303875,15.13662168015281,41.56045258950819,6368.668314893383,93.76054965845442,6776.52670590766
2836,6327.029678735,15.13643463812201,41.56729018533238,6368.596968920332,93.76016497057157,6776.453686542318
2837,6326.951488141269,15.136247579285332,41.57414864513125,6368.5256367864,93.75978064536848,6776.380682593754
2838,6326.873290559479,15.13606050373081,41.58102796393745,6368.454318523416,93.75939668239845,6776.307694091849
2839,6326.795086026053,15.13587341154558,41.58792813681943,6368.383014162872,93.75901308121527,6776.234721066159
2840,6326.716874577691,15.135686302817442,41.59484915888103,6368.311723736571,93.75862984137368,6776.161763546546
2841,6326.63865625136,15.135499177634832,41.60179102526136,6368.240447276621,93.75824696242901,6776.088821563188
2842,6326.560431083587,15.135312036085136,41.60875373113459,6368.169184814722,93.75786444393711,6776.015895145849
2843,6326.48219911134,15.135124878256795,41.61573727170961,6368.09793638305,93.75748228545481,6775.942984324779
2844,6326.403960371418,15.134937704237842,41.622741642229926,6368.026702013648,93.75710048653933,6775.870089130094
2845,6326.325714900828,15.134750514116813,41.629766837973314,6367.955481738801,93.75671904674888,6775.797209592159
2846,6326.2474627366155,15.134563307982333,41.63681285425169,6367.884275590867,93.756337965642,6775.72434574141
2847,6326.1692039158,15.134376085922966,41.64387968641077,6367.81308360221,93.75595724277835,6775.651497608296
2848,6326.090938475744,15.134188848028096,41.65096732982998,6367.741905805574,93.75557687771777,6775.578665223647
2849,6326.012666453061,15.134001594385312,41.6580757799221,6367.670742232983,93.75519687002114,6775.505848617575
2850,6325.934387885563,15.13381432508508,41.6652050321331,6367.599592917696,93.7548172192499,6775.433047821433
2851,6325.856102810032,15.133627040215387,41.67235508194197,6367.528457891974,93.75443792496618,6775.360262865576
2852,6325.777811264488,15.133439739867196,41.679525924860414,6367.457337189348,93.75405898673274,6775.287493781636
2853,6325.699513285621,15.13325242412828,41.68671755643259,6367.386230842054,93.75368040411311,6775.214740599946
2854,6325.6212089112705,15.133065093089163,41.69392997223501,6367.315138883506,93.75330217667133,6775.142003352026
2855,6325.5428981786445,15.132877746838862,41.70116316787628,6367.2440613465205,93.75292430397229,6775.0692820688
2856,6325.464581125821,15.13269038546847,41.708417138996836,6367.172998264818,93.75254678558146,6774.996576782097
2857,6325.386257790171,15.132503009067394,41.71569188126881,6367.10194967144,93.75216962106492,6774.923887523072
2858,6325.307928209288,15.132315617725569,41.72298739039572,6367.030915599684,93.75179280998957,6774.851214323138
2859,6325.2295924208565,15.13212821153315,41.73030366211228,6366.959896082969,93.75141635192284,6774.778557213834
2860,6325.151250462763,15.131940790580773,41.73764069218422,6366.888891154947,93.75104024643292,6774.70591622693
2861,6325.072902372916,15.13175335495913,41.744998476408085,6366.817900849324,93.75066449308858,6774.63329139426
2862,6324.99454818909,15.131565904758588,41.75237701061092,6366.746925199701,93.75028909145928,6774.5606827475485
2863,6324.916187949235,15.13137844006994,41.759776290650166,6366.675964239885,93.7499140411152,6774.488090318736
2864,6324.8378216914025,15.131190960984217,41.76719631241347,6366.6050180038155,93.74953934162707,6774.415514139893
2865,6324.759449453604,15.131003467592354,41.774637071818326,6366.534086525423,93.7491649925664,6774.342954243087
2866,6324.6810712740225,15.1308159599857,41.782098564812046,6366.463169838835,93.74879099350527,6774.2704106605825
2867,6324.602687190774,15.13062843825544,41.78958078737148,6366.392267978145,93.74841734401647,6774.1978834246165
2868,6324.524297242063,15.130440902492973,41.797083735502724,6366.321380977565,93.74804404367337,6774.125372567544
2869,6324.445901466117,15.130253352789753,41.804607405241015,6366.250508871358,93.74767109205008,6774.052878121775
2870,6324.367499901486,15.130065789238003,41.81215179265054,6366.179651694136,93.74729848872131,6773.980400120074
2871,6324.289092586159,15.129878211928611,41.819716893824214,6366.108809479983,93.74692623326246,6773.907938594675
2872,6324.210679558783,15.129690620954028,41.82730270488341,6366.037982263667,93.74655432524949,6773.835493578502
2873,6324.1322608580085,15.12950301640672,41.834909221977874,6365.967170079986,93.74618276425915,6773.763065104514
2874,6324.053836522235,15.129315398378552,41.842536441285446,6365.89637296352,93.74581154986876,6773.690653205449
2875,6323.975406589981,15.129127766961677,41.850184359011934,6365.825590948993,93.74544068165625,6773.618257914197
2876,6323.896971099972,15.128940122248736,41.857852971390784,6365.754824071362,93.74507015920028,6773.545879263884
2877,6323.818530090728,15.128752464331885,41.86554227468306,6365.684072365411,93.74469998208008,6773.47351728746
2878,6323.740083601073,15.128564793304003,41.873252265177065,6365.61333586625,93.74433014987552,6773.401172018209
2879,6323.661631670046,15.128377109258482,41.88098293918834,6365.542614609234,93.74396066216724,6773.328843489661
2880,6323.58317433646,15.128189412288181,41.88873429305936,6365.471908629519,93.74359151853632,6773.256531735152
2881,6323.504711638808,15.128001702485186,41.8965063231593,6365.401217961967,93.74322271856465,6773.1842367877225
2882,6323.42624361643,15.127813979943612,41.90429902588398,6365.330542642314,93.74285426183474,6773.111958681295
2883,6323.3477703081,15.12762624475622,41.91211239765561,6365.259882705755,93.74248614792964,6773.03969744925
2884,6323.269291753079,15.127438497016936,41.91994643492261,6365.189238188002,93.74211837643303,6772.967453125485
2885,6323.190807990135,15.127250736818505,41.92780113415934,6365.118609124294,93.74175094692939,6772.895225743438
2886,6323.112319058924,15.1270629642558,41.93567649186606,6365.04799555079,93.74138385900366,6772.823015337456
2887,6323.033824998609,15.126875179422509,41.943572504568714,6364.977397503178,93.74101711224148,6772.750821941428
2888,6322.955325847993,15.126687382411466,41.951489168818654,6364.906815016811,93.74065070622923,6772.678645588909
2889,6322.876821646767,15.126499573317624,41.95942648119256,6364.836248127959,93.74028464055364,6772.606486314367
2890,6322.7983124340835,15.126311752234649,41.96738443829222,6364.765696872376,93.73991891480235,6772.534344151766
2891,6322.71979824956,15.12612391925732,41.97536303674433,6364.695161286304,93.7395535285635,6772.462219135556
2892,6322.641279132417,15.125936074479467,41.9833622732004,6364.624641405618,93.73918848142588,6772.39011129982
2893,6322.562755122357,15.125748217996069,41.99138214433649,6364.554137266693,93.73882377297895,6772.318020679151
2894,6322.484226259093,15.125560349902136,41.99942264685308,6364.483648905946,93.73845940281267,6772.245947308182
2895,6322.405692581881,15.125372470291582,42.007483777474874,6364.413176359356,93.73809537051773,6772.173891221108
2896,6322.327154130613,15.12518457925984,42.01556553295073,6364.342719663564,93.73773167568544,6772.101852452795
2897,6322.248610944923,15.124996676901729,42.023667910053256,6364.272278854976,93.73736831790762,6772.029831037875
2898,6322.170063064484,15.124808763312162,42.03179090557887,6364.201853970062,93.73700529677691,6771.957827011041
2899,6322.091510529361,15.124620838586987,42.039934516347586,6364.1314450457085,93.73664261188648,6771.885840407414
2900,6322.012953379193,15.124432902821036,42.04809873920282,6364.061052118396,93.73628026282992,6771.8138712617065
2901,6321.934391654045,15.124244956110156,42.05628357101119,6363.990675225056,93.73591824920172,6771.741919609084
2902,6321.855825393697,15.124056998549515,42.064489008662385,6363.9203144023595,93.73555657059694,6771.669985484456
2903,6321.777254638646,15.123869030235994,42.07271504906899,6363.849969687715,93.73519522661101,6771.598068923473
2904,6321.69867942811,15.123681051263421,42.0809616891664,6363.779641117277,93.73483421684041,6771.526169960533
2905,6321.620099802921,15.123493061729475,42.089228925912565,6363.7093287288335,93.73447354088175,6771.454288631669
2906,6321.541515802968,15.123305061729589,42.097516756287874,6363.6390325592565,93.73411319833258,6771.382424972003
2907,6321.46292746844,15.123117051359905,42.10582517729499,6363.568752645735,93.73375318879097,6771.310579016976
2908,6321.384334839597,15.122929030716739,42.11415418595869,6363.4984890255555,93.73339351185555,6771.2387508021275
2909,6321.305737956678,15.12274099989636,42.12250377932573,6363.428241736004,93.73303416712567,6771.166940363
2910,6321.227136860207,15.12255295899571,42.130873954464775,6363.358010814672,93.73267515420112,6771.0951477354465
2911,6321.148531590541,15.122364908111342,42.139264708466015,6363.287796299007,93.7323164726824,6771.023372955176
2912,6321.069922187813,15.122176847339265,42.14767603844127,6363.217598226254,93.73195812217068,6770.951616057697
2913,6320.99130869289,15.121988776777249,42.156107941523686,6363.147416634413,93.7316001022676,6770.879877079277
2914,6320.912691146397,15.121800696522481,42.16456041486764,6363.077251561265,93.73124241257551,6770.8081560559685
2915,6320.834069588264,15.121612606670489,42.173033455648564,6363.007103043913,93.73088505269723,6770.736453023146
2916,6320.755444059903,15.121424507320343,42.18152706106292,6362.9369711209665,93.73052802223634,6770.664768017695
2917,6320.676814601205,15.121236398567476,42.19004122832792,6362.866855829532,93.73017132079691,6770.593101074999
2918,6320.598181253622,15.121048280511058,42.19857595468138,6362.7967572083035,93.72981494798371,6770.521452232033
2919,6320.519544057459,15.12086015324751,42.20713123738175,6362.726675294841,93.7294589034019,6770.449821524639
2920,6320.440903053648,15.120672016874757,42.215707073707726,6362.656610127356,93.72910318665751,6770.378208989316
2921,6320.362258283224,15.120483871490967,42.224303460958296,6362.586561744182,93.72874779735699,6770.306614662685
2922,6320.283609786927,15.120295717193605,42.23292039645264,6362.5165301833795,93.72839273510738,6770.235038581097
2923,6320.204957605627,15.120107554080448,42.24155787752981,6362.446515483157,93.7280379995164,6770.163480781053
2924,6320.126301780447,15.119919382249872,42.25021590154881,6362.376517681995,93.72768359019234,6770.091941299332
2925,6320.04764235227,15.119731201799688,42.25889446588827,6362.306536818158,93.72732950674401,6770.020420172495
2926,6319.968979362267,15.119543012828391,42.26759356794641,6362.236572930214,93.72697574878094,6769.948917437411
2927,6319.890312851753,15.119354815434816,42.27631320514098,6362.1666260568945,93.72662231591306,6769.877433131116
2928,6319.811642861627,15.11916660971681,42.285053374908976,6362.0966962365355,93.72626920775105,6769.805967290253
2929,6319.732969433096,15.118978395772956,42.293814074706695,6362.026783507802,93.72591642390614,6769.734519951794
2930,6319.654292607696,15.118790173702623,42.30259530200948,6361.956887909706,93.72556396399017,6769.663091153063
2931,6319.575612426235,15.118601943603434,42.311397054311655,6361.887009480547,93.72521182761542,6769.591680930675
2932,6319.496928930819,15.118413705576122,42.320219329126346,6361.8171482599455,93.724860014395,6769.520289322563
2933,6319.418242162146,15.118225459718053,42.32906212398546,6361.747304286132,93.72450852394232,6769.448916365282
2934,6319.339552161789,15.118037206128681,42.3379254364395,6361.6774775982285,93.72415735587154,6769.37756209627
2935,6319.260858971365,15.117848944907573,42.34680926405748,6361.607668235423,93.7238065097974,6769.306226553042
2936,6319.18216263246,15.11766067615421,42.35571360442683,6361.537876236886,93.72345598533522,6769.234909773095
2937,6319.103463186388,15.117472399967435,42.36463845515317,6361.468101641541,93.72310578210084,6769.16361179368
2938,6319.024760674756,15.117284116446784,42.37358381386035,6361.398344488616,93.72275589971075,6769.092332652358
2939,6318.946055139579,15.117095825692772,42.382549678190244,6361.328604817769,93.72240633778189,6769.02107238712
2940,6318.867346622055,15.11690752780396,42.391536045802695,6361.258882667858,93.7220570959319,6768.949831035162
2941,6318.788635164195,15.116719222880848,42.400542914375336,6361.18917807857,93.72170817377904,6768.878608634509
2942,6318.709920807673,15.116530911023142,42.40957028160361,6361.119491089277,93.72135957094189,6768.807405222875
2943,6318.6312035943465,15.116342592330973,42.4186181452006,6361.049821739547,93.72101128703993,6768.736220838171
2944,6318.55248356591,15.11615426690409,42.427686502896876,6360.980170068807,93.72066332169294,6768.665055518171
2945,6318.473760764471,15.115965934843231,42.4367753524405,6360.910536116911,93.72031567452144,6768.593909301079
2946,6318.3950352318825,15.115777596248522,42.44588469159684,6360.840919923479,93.71996834514641,6768.522782224866
2947,6318.316307010129,15.115589251220404,42.4550145181485,6360.771321528277,93.71962133318951,6768.451674327652
2948,6318.237576140994,15.115400899858837,42.464164829895296,6360.70174097089,93.71927463827285,6768.380585647376
2949,6318.158842666806,15.115212542265086,42.47333562465404,6360.63217829146,93.71892826001924,6768.309516222544
2950,6318.080106629523,15.115024178539528,42.48252690025858,6360.562633529781,93.71858219805188,6768.238466091307
2951,6318.001368071064,15.114835808782448,42.49173865455958,6360.493106725623,93.71823645199467,6768.1674352918
2952,6317.922627034197,15.114647433096165,42.50097088542455,6360.423597919622,93.71789102147207,6768.096423863026
2953,6317.843883560456,15.114459051580038,42.51022359073762,6360.354107151194,93.717545906109,6768.025431842768
2954,6317.765137692289,15.114270664335619,42.51949676839959,6360.284634460688,93.71720110553107,6767.9544592697475
2955,6317.686389472149,15.114082271464472,42.52879041632784,6360.215179888477,93.71685661936436,6767.883506182712
2956,6317.607638942327,15.113893873067768,42.53810453245617,6360.145743474784,93.71651244723552,6767.812572620258
2957,6317.528886145076,15.113705469246595,42.54743911473474,6360.076325259811,93.7161685887718,6767.741658620968
2958,6317.450131122644,15.11351706010202,42.55679416113008,6360.006925283774,93.71582504360096,6767.670764223438
2959,6317.371373917605,15.113328645735896,42.566169669624855,6359.93754358723,93.71548181135138,6767.599889466608
2960,6317.292614572645,15.113140226250348,42.57556563821797,6359.868180210863,93.71513889165192,6767.5290343895485
2961,6317.213853129733,15.112951801745773,42.58498206492439,6359.798835194658,93.71479628413202,6767.458199030632
2962,6317.135089631887,15.11276337232509,42.59441894777508,6359.729508579662,93.71445398842167,6767.387383429296
2963,6317.0563241214795,15.112574938089663,42.603876284816934,6359.660200406296,93.71411200415146,6767.316587624355
2964,6316.977556641135,15.112386499141472,42.6133540741127,6359.590910715248,93.71377033095247,6767.245811654891
2965,6316.898787233584,15.112198055582736,42.622852313741014,6359.521639547324,93.71342896845633,6767.175055560109
2966,6316.820015941177,15.112009607514779,42.63237100179617,6359.452386942973,93.71308791629528,6767.104319378857
2967,6316.7412428069765,15.111821155040614,42.64191013638822,6359.383152943365,93.71274717410208,6767.033603150709
2968,6316.662467873703,15.111632698262447,42.651469715642776,6359.313937589345,93.71240674151005,6766.962906914914
2969,6316.583691183821,15.11144423728187,42.66104973770104,6359.244740921523,93.71206661815299,6766.892230710489
2970,6316.504912780585,15.111255772202357,42.670650200719706,6359.175562981305,93.71172680366527,6766.821574577249
2971,6316.426132706523,15.111067303125655,42.680271102870925,6359.106403809395,93.71138729768185,6766.750938554311
2972,6316.347351004583,15.110878830154505,42.68991244234225,6359.037263446926,93.7110480998382,6766.680322681222
2973,6316.268567717889,15.110690353392078,42.69957421733663,6358.9681419352255,93.71070920977037,6766.609726997726
2974,6316.189782889031,15.110501872940267,42.70925642607226,6358.899039315103,93.71037062711494,6766.539151543054
2975,6316.110996561214,15.110313388902426,42.71895906678254,6358.829955627996,93.7100323515089,6766.46859635706
2976,6316.032208777512,15.110124901381608,42.728682137716135,6358.760890915229,93.70969438259,6766.3980614794955
2977,6315.953419580651,15.109936410480026,42.73842563713682,6358.691845217788,93.70935671999642,6766.327546949772
2978,6315.8746290141,15.109747916301675,42.748189563323535,6358.6228185774235,93.70901936336682,6766.257052808069
2979,6315.79583712077,15.10955941894921,42.757973914570265,6358.55381103534,93.70868231234047,6766.186579094021
2980,6315.717043943742,15.109370918525698,42.76777868918603,6358.484822632929,93.70834556655721,6766.116125847452
2981,6315.638249526338,15.10918241513478,42.777603885494855,6358.415853411832,93.70800912565731,6766.045693108442
2982,6315.559453911442,15.108993908879047,42.78744950183574,6358.346903413278,93.70767298928165,6765.975280916653
2983,6315.4806571426025,15.108805399862685,42.79731553656265,6358.277972679165,93.7073371570716,6765.904889312426
2984,6315.401859263024,15.108616888189053,42.80720198804432,6358.209061251068,93.70700162866913,6765.834518335779
2985,6315.323060316031,15.108428373961797,42.817108854664426,6358.140169170695,93.70666640371668,6765.7641680268625
2986,6315.244260344832,15.108239857284286,42.82703613482145,6358.071296479653,93.7063314818572,6765.693838425732
2987,6315.1654593928415,15.108051338260386,42.836983826928694,6358.002443219771,93.70599686273422,6765.623529572665
2988,6315.086657503176,15.107862816993244,42.84695192941426,6357.93360943259,93.70566254599181,6765.553241507654
2989,6315.007854719657,15.107674293587696,42.85694044072094,6357.864795160378,93.70532853127452,6765.482974271422
2990,6314.929051085473,15.107485768147063,42.866949359306346,6357.796000444779,93.70499481822748,6765.412727904069
2991,6314.850246644065,15.107297240775274,42.87697868364277,6357.727225327708,93.70466140649626,6765.342502445967
2992,6314.771441439145,15.1071087115769,42.88702841221715,6357.658469851362,93.70432829572702,6765.272297937774
2993,6314.692635513819,15.10692018065507,42.897098543531186,6357.58973405735,93.70399548556644,6765.202114419564
2994,6314.613828911964,15.106731648114748,42.90718907610113,6357.521017988066,93.70366297566174,6765.131951932194
2995,6314.53502167708,15.10654311406,42.91730000845803,6357.452321685539,93.70333076566057,6765.061810516162
2996,6314.456213852894,15.10635457859544,42.92743133914744,6357.383645192041,93.70299885521123,6764.9916902122095
2997,6314.377405482595,15.106166041824391,42.937583066729616,6357.314988549325,93.70266724396247,6764.921591060562
2998,6314.298596610025,15.105977503851735,42.94775518977942,6357.246351799805,93.70233593156351,6764.851513102106
2999,6314.219787279098,15.105788964782532,42.95794770688633,6357.177734985985,93.70200491766414,6764.781456377824
