epoch,nll_total,nll_per_row,penalty,loss_base,bce_sum,loss_total
0,32262.525768018753,77.18307600004486,1.2000000000000004,32263.725768018754,31.813738185798194,32402.115529126975
1,30738.47375087368,73.53701854276,1.2465362179232857,30739.720287091604,31.69295026465445,30877.58462074285
2,29409.41075646215,70.35744200110562,1.294654627125067,29410.70541108928,31.578609813221796,29548.072363776795
3,28261.852201841375,67.61208660727601,1.3442626833591043,28263.196464524735,31.470778572645358,28400.094351315744
4,27280.256917594845,65.2637725301312,1.3952410883496151,27281.652158683195,31.369524376722293,27418.10958972194
5,26447.670367732222,63.27193867878522,1.447446172097797,26449.11781390432,31.274921190184113,26585.16372108162
6,25746.667812933094,61.59489907400262,1.5007136325255523,25748.16852656562,31.18705218535615,25883.832203571917
7,25159.680657903693,60.190623583501655,1.5548637542123815,25161.235521657905,31.106011816748847,25296.546673060762
8,24669.316451404404,59.01750347225934,1.609708497210771,24670.926159901614,31.031905917429324,24805.914950642433
9,24258.928256278603,58.035713531766994,1.6650598038500393,24260.593316082453,30.964850163650482,24395.290414294333
10,23913.172880034046,57.208547559890064,1.7207379689788653,23914.893618003025,30.9049673762785,24049.330226089838
11,23618.382133668034,56.50330653987568,1.7765792344263454,23620.15871290246,30.852384083385253,23754.366583665185
12,23362.740963470475,55.89172479299157,1.832442261460523,23364.573405731935,30.807226699880136,23498.584841876414
13,23136.322822501355,55.35005459928554,1.8882134436466753,23138.211035945,30.769617587397008,23272.05887245018
14,22931.02522340093,54.85891201770558,1.94381118821641,22932.969034589147,30.739671165498088,23066.686604159062
15,22740.433271252798,54.40295040969569,1.999189311974544,22742.43246056477,30.717490173127217,22876.053542817874
16,22559.63226227659,53.970412110709546,2.054339510376866,22561.68660178697,30.7031621331994,22695.245357066386
17,22384.993586936835,53.552616236690994,2.109292694425581,22387.10287963126,30.696756050285977,22520.633768450003
18,22213.958619535817,53.14344167353066,2.1641191133306155,22216.12273864915,30.69831936395164,22349.660427882336
19,22044.836658191914,52.738843679884965,2.218927416455539,22047.05558560837,30.70787518103019,22180.63484264585
20,21876.623220722933,52.33641918833238,2.273862894613358,21878.897083617547,30.72541981408004,22012.552659808796
21,21708.839748577433,51.93502332195558,2.329105096762766,21711.168853674197,30.750920657913248,21844.93535853612
22,21541.39396790455,51.53443532991519,2.3848649596954075,21543.778832864245,30.784314440454907,21677.690600680224
23,21374.459755859567,51.135071186266906,2.4413815630303075,21376.901137422596,30.825505887832858,21510.99208803467
24,21208.375431621298,50.7377402670366,2.4989186237070147,21210.874350245005,30.874366845835603,21345.17784602439
25,21043.559606203326,50.343444033979246,2.557760854804983,21046.11736705813,30.930735899425763,21180.66606822063
26,20880.44391751529,49.95321511367295,2.61821031809701,20883.06212783339,30.994418527167905,21017.88784842657
27,20719.422043231214,49.567995318734965,2.6805828903812334,20722.102626121596,31.06518781661412,20857.236193123867
28,20560.81427376432,49.18855089417302,2.7452049396249265,20563.559478703944,31.142785748783844,20699.030596711153
29,20404.846643217283,48.815422591428906,2.812410273394913,20407.65905349068,31.226925034569437,20543.496177391055
30,20251.643203190884,48.448907184667185,2.882537386953628,20254.52574057784,31.317291454102087,20390.755958403184
31,20101.229557528157,48.089065927100854,2.9559270093123224,20104.18548453747,31.413546614737342,20240.834412311575
32,19953.54534190334,47.73575440646732,3.03291992707609,19956.578261830415,31.515331010117144,20093.669951724423
33,19808.46301162746,47.38866749193172,3.1138550590262515,19811.576866686486,31.622267240131194,19949.133729181056
34,19665.810155953142,47.04739271759125,3.1990677570812984,19669.009223710225,31.73396324817339,19807.05196383978
35,19525.392621878273,46.7114656025796,3.2888883181595174,19528.68151019643,31.850015452342433,19667.229077414122
36,19387.01600960722,46.38042107561536,3.3836407031123263,19390.399650310334,31.970011687572164,19529.46920115127
37,19250.503572906626,46.05383629881968,3.4836414706156322,19253.98721437724,32.09353392456254,19393.594086949088
38,19115.709175497923,45.73136166387063,3.5891989437844445,19119.298374441707,32.22016077456539,19259.456073811067
39,18982.52465563837,45.41273841061811,3.7006126338623755,18986.225268272236,32.34946981656661,19126.9454619743
40,18850.881656298276,45.097803005498264,3.8181729475112447,18854.699829245787,32.48103979320431,18995.992352346224
41,18720.74860205628,44.78647990922555,3.9421612015279788,18724.690763257808,32.61445271841798,18866.563632582925
42,18592.123969288557,44.47876547676688,4.072849961890827,18596.19681925045,32.74929593006565,18738.656256546237
43,18465.027254385615,44.17470635020482,4.210503714536042,18469.237758100153,32.88516410980564,18612.288221977808
44,18339.4890853595,43.874375802295454,4.355379865084376,18343.84446522458,33.021661282875165,18487.488691805087
45,18215.541772328106,43.57785112997155,4.50773005516525,18220.04950238327,33.15840280233137,18364.28855457341
46,18093.211304872806,43.28519450926509,4.667801774412087,18097.87910664722,33.29501731524585,18242.71243196854
47,17972.51144352591,42.99643886010983,4.835840239415073,17977.347283765324,33.43114870165016,18122.772780617503
48,17853.44018133342,42.71157938118043,5.012090503627688,17858.452271837046,33.56645797048206,18004.466364008644
49,17735.978521081055,42.43057062459582,5.196799755400838,17741.175320836457,33.70062509053011,17887.773039980264
50,17620.091259134246,42.153328371134556,5.390219755242443,17625.481478889487,33.833350728813954,17772.656554559828
51,17505.72930427849,41.87973517769974,5.59260935851805,17511.32191363701,33.96435786445089,17659.06687034737
52,17392.83298928072,41.60964829971464,5.804237066551461,17398.63722634727,34.09339324329922,17546.94348695562
53,17281.33584143748,41.342908711572925,6.025383547741111,17287.361224985223,34.22022863788591,17436.219219560026
54,17171.16834597171,41.07935010998017,6.256344070971808,17177.42469004268,34.34466187851735,17326.82396921423
55,17062.2613401679,40.8188070338945,6.497430796184693,17068.758770964087,34.466517625055715,17218.68812263308
56,16954.54879512082,40.5611215194278,6.748974871249427,16961.29776999207,34.58564785445003,17111.74533815893
57,16847.96985840967,40.306147986626,7.011328289958096,16854.981186699628,34.70193204639298,17005.93459110144
58,16742.470132356746,40.05375629750418,7.284865472693909,16749.75499782944,34.8152770579444,16901.2014530315
59,16638.00224147886,39.80383311358578,7.5699845387843645,16645.57222601764,34.925616687043046,16797.498658606277
60,16534.525796610364,39.55628181007264,7.867108247417454,16542.39290485778,35.03291093391379,16694.786067420308
61,16432.006892841866,39.31102127474131,8.176684592009346,16440.183577433876,35.137144977895446,16593.03015808772
62,16330.41728726853,39.067983940833805,8.499187040836082,16338.916474309366,35.23832789467725,16492.203200651213
63,16229.733395232228,38.82711338572303,8.83511442440261,16238.56850965663,35.3364911449719,16392.28224613726
64,16129.935225457706,38.58836178339164,9.184990477287071,16139.120215934992,35.431686870044594,16293.248053819687
65,16031.005350027304,38.35168744025671,9.549363048975255,16040.554713076279,35.52398603217994,16195.084052316262
66,15932.927978655654,38.11705258051592,9.928803004426722,15942.85678166008,35.613476439153935,16097.775404170401
67,15835.688181335478,37.88442148644851,10.323902840745415,15846.012084176224,35.70026069125141,16001.308218183167
68,15739.271281207377,37.653759045950665,10.73527505131871,15750.006556258695,35.78445408757657,15905.668931539652
69,15643.662421564664,37.425029716661875,11.163550273083446,15654.825971837749,35.86618252564074,15810.843865824285
70,15548.84629758386,37.198196884171914,11.609375256094513,15560.455672839953,35.945580424787394,15716.818947687778
71,15454.807034368985,36.97322257026073,12.07341069720513,15466.88044506619,36.02278870022486,15623.579575912168
72,15361.528187655556,36.75006743458267,12.55632898128967,15374.084516636845,36.09795281053534,15531.110611362674
73,15268.99284122196,36.52869100770804,13.058811873913756,15282.051653095874,36.17122089771569,15439.396464000936
74,15177.183774986555,36.30905209326927,13.581548208558708,15190.765323195114,36.24274203521268,15348.421251048288
75,15086.083679200876,36.09110928038487,14.125231609348518,15100.208910810225,36.312664596120044,15258.169001803346
76,14995.675392579222,35.87482151334742,14.690558286676115,15010.365950865898,36.38113475072605,15168.623887031557
77,14905.942145215058,35.6601486727633,15.278224938225025,14921.220370153284,36.448295099923314,15079.77045383795
78,14816.867790432456,35.44705213022119,15.888926781763628,14832.756717214219,36.51428344858004,14991.593850215542
79,14728.437013132856,35.23549524672932,16.523355738968615,14744.960368871825,36.579231720779866,14904.080026857218
80,14640.635505574914,35.02544379324142,17.182198781710657,14657.817704356625,36.64326501683115,14817.21590717984
81,14553.45010476069,34.8168662793318,17.866136444066463,14571.316241204757,36.70650081010231,14730.989519728702
82,14466.868888635434,34.60973418333836,18.57584149520481,14485.444730130639,36.76904828005545,14645.39009014888
83,14380.88123101743,34.40402208377376,19.311977760634797,14400.193208778066,36.83100777633818,14560.408092605137
84,14295.477817527692,34.19970769743467,20.075199072487347,14315.553016600179,36.892470407477234,14476.035262872705
85,14210.65062670108,33.996771834213106,20.866148323862134,14231.516775024942,36.95351774663006,14392.264577222782
86,14126.392881881857,33.79519828201401,21.685456598077792,14148.078338479934,37.01422164602075,14309.090202640124
87,14042.698980419405,33.594973637367,22.533742341091532,14065.232722760496,37.074644151139644,14226.507424817954
88,13959.564407071273,33.396087098256636,23.41161054449089,13982.976017615763,37.134837505534705,14144.512560764839
89,13876.985638427841,33.19853023547331,24.319651907292844,13901.305290335134,37.19484423706544,14063.102862766369
90,13794.960044647554,33.00229675753003,25.258441947216483,13820.218486594771,37.25469731681067,13982.276419922897
91,13713.485793901344,32.80738228206063,26.228540035947585,13739.71433393729,37.3144203823858,13902.032062600669
92,13632.561763793306,32.61378412390743,27.23048833795065,13659.792252131258,37.3740280181858,13822.369274010365
93,13552.187462741083,32.421501107036086,28.264810638326423,13580.45227337941,37.433526085965916,13743.28811185336
94,13472.362962978947,32.23053340425585,29.332011051753597,13501.6949740307,37.49291210013326,13664.78914166628
95,13393.088845609305,32.04088240576389,30.432572611377292,13423.521418220682,37.552175643074705,13586.873382268057
96,13314.366157036764,31.85255061492049,31.566955743303833,13345.933112780067,37.61129881671836,13509.542262632793
97,13236.196375268499,31.665541567627987,32.73559663883631,13268.931971907336,37.670256727252216,13432.797588670883
98,13158.581383972534,31.479859770269222,33.938905542473336,13192.520289515007,37.72901800045675,13356.641517816994
99,13081.52345187158,31.29551065041048,35.1772649787582,13116.700716850339,37.787545325418094,13281.076539015907
100,13005.025215013899,31.112500514387317,36.45102794511584,13041.476242959014,37.84579602447137,13206.105455665464
101,12929.08965963274,30.930836506298423,37.76051610069939,12966.85017573344,37.90372264709536,13131.731369248304
102,12853.720103682925,30.750526563834747,39.10601798288845,12892.826121665814,37.96127358518031,13057.957661761347
103,12778.920175613728,30.57157936749696,40.48778728339088,12819.40796289712,38.018393706667865,12984.787975521125
104,12704.693789479894,30.39400428105238,41.90604121491354,12746.599830694808,38.075025004071975,12912.22618946252
105,12631.045116040263,30.217811282392972,43.360958997157525,12674.406075037421,38.13110725388006,12840.276391591799
106,12557.978549984558,30.043010885130524,44.852680487594824,12602.831230472153,38.186578682343736,12768.942847740349
107,12485.498673858023,29.869614052291922,46.38130497828001,12531.879978836303,38.24137663272323,12698.229967188649
108,12413.610219576436,29.69763210424985,47.94689017506917,12461.557109751506,38.295438228664636,12628.142266046198
109,12342.318028634874,29.52707662352841,49.549451370299224,12391.867480005174,38.34870102807879,12558.684329477317
110,12271.627012219058,29.357959359375737,51.18896081446472,12322.815973033523,38.40110366167381,12489.860773961804
111,12201.542112420633,29.190292134977593,52.86534728692424,12254.407459707558,38.452586450203526,12421.676210765943
112,12132.068265657512,29.0240867599462,54.5784958603395,12186.646761517852,38.50309199457743,12354.135211694263
113,12063.210369213122,28.859354950270628,56.328247848511964,12119.538617061635,38.55256573328793,12287.242278001437
114,11994.973251547937,28.696108257291716,58.114400922609235,12053.087652470547,38.60095646219269,12221.001813081086
115,11927.361646735062,28.53435800654321,59.93670937653107,11987.298356111593,38.648216812557706,12155.418099246219
116,11860.380173041038,28.37411524650966,61.794884518447326,11922.175057559485,38.694303684386256,12090.495278586566
117,11794.033315344974,28.21539070656692,63.68859516250791,11857.721910507482,38.739178633327505,12026.237337562456
118,11728.325410803856,28.05819476268865,65.617468192639,11793.942878996495,38.78280821070777,11962.648094713073
119,11663.26063696482,27.902537409006747,67.58108916955103,11730.841726134371,38.825164257239905,11899.731190653365
120,11598.84300139983,27.748428233013946,69.57900295299919,11668.42200435283,38.866224151514736,11837.490079411918
121,11535.07633196338,27.59587639225689,71.61071431432836,11606.68704627771,38.90597101427356,11775.9280201898
122,11471.96426689242,27.444890590651724,73.67568851964053,11545.639955412062,38.944393868617055,11715.048068740545
123,11409.510244205472,27.295479053123138,75.77335187152201,11485.283596076993,38.98148775477319,11654.853067810256
124,11347.71749017255,27.147649498020456,77.90309220682272,11425.620582379373,39.01725379603896,11595.345636392143
125,11286.589006943823,27.001409107521106,80.06425935878917,11366.653266302612,39.05169921037949,11536.528157867762
126,11226.127559736382,26.85676449697699,82.25616560292629,11308.383725339309,39.08483726035503,11478.402767421852
127,11166.335664195603,26.713721684678475,84.47808611612575,11250.813750311729,39.116687133003104,11420.971339340293
128,11107.21557466296,26.572286063786986,86.72925948665828,11193.944834149617,39.14727374140683,11364.235474924737
129,11048.769274071063,26.432462378160437,89.0088883175498,11137.778162388613,39.17662744116195,11308.196491757668
130,10990.99846603943,26.29425470344361,91.31613996693144,11082.314606006361,39.204783657845546,11252.855414917989
131,10933.904569519636,26.157666434257504,93.65014746589488,11027.55471698553,39.2317824257076,11198.212970537359
132,10877.48871603077,26.022700277585574,96.01001064742778,10973.498726678197,39.257667842771895,11144.269581794255
133,10821.751749226198,25.889358251737317,98.39479750988662,10920.146546736085,39.282487452813825,11091.025367155826
134,10766.694226273947,25.75764168965059,100.8035458263499,10867.497772100296,39.3062915696687,11038.480140428355
135,10712.316420362933,25.6275512448874,103.23526499852298,10815.551685361455,39.32913256341099,10986.633412012294
136,10658.618323603572,25.49908689857314,105.68893814211665,10764.30726174569,39.35106413063189,10935.484390713938
137,10605.599649666916,25.372247965710326,108.16352438107089,10713.763174047986,39.37214057201007,10885.03198553623
138,10553.259835694449,25.247033099747487,110.6579613214656,10663.917797015914,39.39241609953716,10835.274807048901
139,10501.598043238693,25.12344029482941,113.17116767269346,10614.769210911387,39.41194419329709,10786.21116815223
140,10450.613158263059,25.00146688579679,115.70204598309081,10566.31520424615,39.43077702398873,10737.8390843005
141,10400.30379041758,24.88110954645354,118.24948545889681,10518.553275876477,39.44896495295027,10690.15627342181
142,10350.668271956201,24.76236428697656,120.81236483804766,10471.48063679425,39.4665561168561,10643.160155902573
143,10301.704656694463,24.64522645142216,123.38955529285872,10425.094211987322,39.48359610002797,10596.847855022443
144,10253.410719391946,24.529690716248677,125.97992333727998,10379.390642729226,39.50012769381864,10551.216198197337
145,10205.783955836836,24.415751090518746,128.58233371468626,10334.366289551523,39.516190740013926,10506.261719270584
146,10158.821583799569,24.303400918180785,131.19565224100654,10290.017236040576,39.53182205370722,10461.980661974203
147,10112.520544883868,24.192632882497293,133.8187485756437,10246.339293459512,39.547055420523094,10418.368984538787
148,10066.877507167163,24.083439012361634,136.45049888950194,10203.328006056665,39.5619216631722,10375.422365291464
149,10021.888868410182,23.975810689976512,139.08978839602673,10160.978656806208,39.576448772788325,10333.136208967837
150,9977.550759497832,23.869738659085723,141.73551370797367,10119.286273205806,39.59066210097256,10291.505653345037
151,9933.859047694277,23.76521303276143,144.386584980147,10078.245632674425,39.604584608600135,10250.525575721835
152,9890.809339228106,23.66222329958877,147.04192779707174,10037.851267025178,39.618237166950536,10210.190598701412
153,9848.396980696732,23.560758327025678,149.70048476499133,9998.097465461724,39.63163890543857,10170.495094700382
154,9806.617058794694,23.46080636075286,152.36121677026233,9958.978275564958,39.64480759815082,10131.433188616913
155,9765.464397955358,23.36235501903196,155.0231038717299,9920.487501827089,39.657760078704094,10092.998758169451
156,9724.933555640773,23.265391281437257,157.6851458035704,9882.618701444344,39.67051266997087,10055.185431558717
157,9685.018815256415,23.1699014719053,160.34636207783882,9845.365177334254,39.683081612389884,10017.986582348149
158,9645.714176976806,23.075871236786618,163.00579169277628,9808.719968669582,39.6954834723298,9981.395321774216
159,9607.013347157124,22.983285519514652,165.6624924736457,9772.67583963077,39.7077355106356,9945.404489102035
160,9568.909727422719,22.892128534504113,168.3155400967503,9737.225267519469,39.719855991223625,9910.00664108129
161,9531.396404947964,22.80238374389465,170.964026872955,9702.360431820918,39.73186441036693,9875.194042006015
162,9494.46614576929,22.714033841553324,173.60706039235117,9668.07320616164,39.7437816289481,9840.958656247563
163,9458.11139317147,22.627060749214042,176.2437621538818,9634.355155325351,39.75562989223334,9807.292145356567
164,9422.324273148553,22.541445629541993,178.87326631949477,9601.197539468048,39.76743272451577,9774.185871819693
165,9387.096608602695,22.45716892010214,181.49471873834017,9568.591327341035,39.7792146893448,9741.630911239685
166,9352.41994330776,22.374210390688418,184.10727637977465,9536.527219687534,39.791001010220526,9709.618074081993
167,9318.285575734899,22.29254922424617,186.71010729291487,9504.995683027813,39.80281705181338,9678.137937203202
168,9284.684601772344,22.212164119072593,189.30239117579904,9473.986992948143,39.81468766794457,9647.180884303702
169,9251.60796438843,22.13303340762782,191.88332059238115,9443.491284980812,39.82663642921872,9616.737153447913
170,9219.046507622503,22.05513518569977,194.45210282691636,9413.498610449418,39.83868474929865,9586.796889108868
171,9186.99103216629,21.9784474453739,197.00796232073458,9383.998994487025,39.850850933120725,9557.3501960461
172,9155.432350248351,21.90294820633577,199.5501436030529,9354.982493851405,39.863149172126114,9528.387192750153
173,9124.3613383541,21.828615641995455,202.07791460874603,9326.439252962846,39.875588511361244,9499.898062987268
174,9093.768987120504,21.75542819885288,204.59057026957987,9298.359557390084,39.8881718132584,9471.873104777758
175,9063.646448091482,21.683364708352826,207.08743626386408,9270.733884355346,39.90089474632056,9444.302776501841
176,9033.985076656003,21.612404489607663,209.56787280359563,9243.5529494596,39.91374483661941,9417.177739498893
177,9004.776469534445,21.54252743907762,212.03127832221426,9216.80774785666,39.92670063627213,9390.488895624443
178,8976.012494071765,21.473714100650156,214.477092902057,9190.489586973823,39.93973108224833,9364.227417181603
179,8947.68530601314,21.405945708165405,216.9048012587482,9164.590107271888,39.95279513369039,9338.384766103442
180,8919.787352829975,21.339204193373146,219.3139350944477,9139.101287924423,39.96584177789947,9312.952699658284
181,8892.311361132923,21.27347215582039,221.70407465436023,9114.015435787283,39.97881047818695,9287.923261367396
182,8865.250308810379,21.20873279619708,224.0748493729757,9089.325158183354,39.99163210044838,9263.288757820304
183,8838.597384630186,21.14496981968944,226.42593756867797,9065.023322198864,40.004230305554756,9239.041724028028
184,8812.34593944736,21.082167319252054,228.75706522066707,9041.103004668026,40.016523341922635,9215.17488120539
185,8786.489433609358,21.020309649783155,231.06800392345656,9017.557437532814,40.02842612810807,9191.681091190085
186,8761.02138468111,20.959381303064855,233.35856815101266,8994.379952832121,40.03985248730152,9168.553311151883
187,8735.935318645037,20.899366791016835,235.62861197422086,8971.563930619259,40.05071738774732,9145.78455125596
188,8711.224726691777,20.840250542324824,237.87802536972944,8949.102752061506,40.06093905433853,9123.367836947878
189,8686.883029033852,20.78201681587046,240.1067302478495,8926.989759281701,40.07044084287348,9101.2961769482
190,8662.90354699564,20.724649633960862,242.3146763242986,8905.218223319938,40.07915280446184,9079.562538019347
191,8639.279484972849,20.668132739169494,244.50183697322004,8883.78132194607,40.08701290826693,9058.15982809703
192,8616.003924489414,20.612449580118216,246.66820522848406,8862.672129717897,40.09396793174813,9037.080890221001
193,8593.069833159247,20.55758333291686,248.81379014036995,8841.883623299616,40.09997406480006,9016.318510481497
194,8570.47009139825,20.503516965067586,250.93861373100015,8821.40870512925,40.104997303415104,8995.865443399105
195,8548.19753874235,20.450233346273563,253.04270880347727,8801.240247545828,40.1090137248166,8975.71445724878
196,8526.24503926459,20.39771540493921,255.12611782310185,8781.371157087691,40.112009734215356,8955.858399431529
197,8504.60556192018,20.345946320383206,257.18889298596,8761.79445490614,40.11398234957113,8936.290278126773
198,8483.27226741605,20.294909730660407,259.2310974182271,8742.503364834278,40.11493954526381,8917.003351856176
199,8462.238589768154,20.244589927675012,261.2528072326271,8723.491397000782,40.11490061565832,8897.991214678896
200,8441.498299693576,20.194972008836306,263.25411395887267,8704.752413652448,40.11389646018562,8879.247863254255
201,8421.045539445911,20.146041960396918,265.2351267304519,8686.280666176363,40.111969652133254,8860.767734163142
202,8400.874824400496,20.097786661245205,267.1959736074898,8668.070798007986,40.10917415016217,8842.545705561191
203,8380.981013891897,20.05019381313851,269.13680156126316,8650.117815453159,40.10557454978665,8824.577064744732
204,8361.359260080386,20.003251818374128,271.0577749042074,8632.417034984594,40.10124484190558,8806.857450046882
205,8342.004946956193,19.95694963386649,272.95907224440714,8614.964019200599,40.09626672589767,8789.382779458254
206,8322.913631315601,19.91127662994163,274.84088229305183,8597.754513608654,40.090727592562544,8772.1491786363
207,8304.080994443244,19.866222474744603,276.70339900002125,8580.784393443266,40.08471833111393,8755.152918183612
208,8285.502808848405,19.821777054661258,278.5468165206121,8564.049625369018,40.07833111989082,8738.390365740543
209,8267.174920237627,19.777930431190494,280.37132444605436,8547.546244683681,40.07165733817386,8721.857954104737
210,8249.09324197229,19.734672827684903,282.1771036024728,8531.270345574763,40.06478569784603,8705.552163360393
211,8231.25375780802,19.69199463590435,283.964322580118,8515.218080388137,40.05780065060236,8689.469513218257
212,8213.652528625658,19.649886432118798,285.73313503001265,8499.38566365567,40.05078108823349,8673.606561389486
213,8196.285699630345,19.60833899433097,287.483677677155,8483.7693773075,40.04379932540535,8657.959904373014
214,8179.149505700039,19.567343315071863,289.21606895290006,8468.36557465294,40.03692033778482,8642.526178122303
215,8162.2402737779485,19.52689060712428,290.9304081388021,8453.17068191675,40.03020122203936,8627.302057232622
216,8145.554422195147,19.486972301902266,292.62677492915986,8438.181197124306,40.02369084537396,8612.284252301682
217,8129.088457444104,19.44758004173231,294.30522934731977,8423.393686791424,40.017429657653466,8597.469505802215
218,8112.838969226375,19.408705668005684,295.9658119805633,8408.804781206938,40.0114496459478,8582.85458716681
219,8096.802624616729,19.370341207217056,297.60854452241483,8394.411169139144,40.00577441748614,8568.43628785521
220,8080.976162035167,19.332478856543464,299.23343062547934,8380.209592660647,40.000419401382274,8554.21141705666
221,8065.356385496083,19.295110970086323,300.8404570716797,8366.196842567762,39.995392161757586,8540.176798471408
222,8049.940159374839,19.25823004635129,302.42959526156136,8352.3697546364,39.990692815259635,8526.32926838278
223,8034.72440375152,19.2218287171089,304.0008030129183,8338.725206764439,39.98631454496477,8512.665675035036
224,8019.706090272972,19.18589973749515,305.55402664441993,8325.260116917392,39.982244200855845,8499.182879191116
225,8004.882238417726,19.150435977075897,307.0892033049552,8311.97144172268,39.97846297501242,8485.877755663985
226,7990.249912033434,19.11543041156324,308.6062634961514,8298.856175529585,39.97494713774124,8472.747195578759
227,7975.806216042742,19.08087611493479,310.10513372536826,8285.91134976811,39.971668819367046,8459.788109132356
228,7961.548293248846,19.046766251791496,311.585739220116,8273.134032468963,39.96859682142802,8446.997428642175
229,7947.473321217354,19.013094069897978,313.04800663247613,8260.52132784983,39.96569744061497,8434.372111716506
230,7933.578509239485,18.979852892917428,314.49186666347777,8248.070375902964,39.9629352889357,8421.909144409834
231,7919.861095425998,18.947036113459326,315.91725654205203,8235.77835196805,39.960274094218484,8409.605544277902
232,7906.318343982339,18.91463718656062,317.32412230051284,8223.642466282852,39.95767746612144,8397.45836326048
233,7892.947542734086,18.882649623765754,318.7124207978436,8211.659963531929,39.95510961421236,8385.464690353752
234,7879.746000969799,18.851066987966025,320.0821214527356,8199.828122422534,39.95253600635613,8373.621654050183
235,7866.711047658627,18.81988288913547,321.43320765969406,8188.144255318321,39.94992395752568,8361.926424533558
236,7853.840030087365,18.789090981070252,322.76567787304134,8176.605707960407,39.94724314117768,8350.37621562453
237,7841.130312952612,18.758684959216776,324.07954635481104,8165.209859307423,39.94446601744485,8338.968286483308
238,7828.579277923531,18.72865855962567,325.37484359291636,8153.954121516447,39.94156817453993,8327.699943075695
239,7816.184323676513,18.69900555903472,326.6516164052743,8142.835940081787,39.93852858188694,8316.568539412996
240,7803.942866390899,18.669719776054784,327.9099277534997,8131.852794144399,39.93532975554399,8305.571478581016
241,7791.852340677272,18.640795073390603,329.1498562961923,8121.002196973464,39.93195783841104,8294.706213570553
242,7779.910200904417,18.61222536101535,330.37149571661075,8110.2816966210285,39.92840259948289,8283.970247928779
243,7768.113922876745,18.5840046001836,331.57495386264804,8099.688876739393,39.92465735797408,8273.36113624658
244,7756.461005805577,18.55612680814731,332.7603517385228,8089.2213575441,39.920718839478795,8262.876484495833
245,7744.948974517912,18.52858606343998,333.92782238759116,8078.8767969055025,39.91658697241038,8252.513950235487
246,7733.5753818314715,18.501376511558544,335.07750970431266,8068.652891535784,39.91226463377809,8242.27124269272
247,7722.337811035975,18.474492370899462,336.2095672108648,8058.54737824684,39.9077573538962,8232.146122736289
248,7711.2338784024205,18.447927938761772,337.32415683043075,8048.558035232852,39.903072989884755,8222.13640273885
249,7700.261235664505,18.421677597283505,338.4214476850011,8038.682683349506,39.89822137782262,8212.239946343034
250,7689.417572397151,18.39573581913194,339.50161494090617,8028.919187338057,39.89321397316889,8202.454668121341
251,7678.70061823998,18.37009717282292,340.5648387204443,8019.265456960425,39.888063488602356,8192.778533135845
252,7668.108144908681,18.344756327532732,341.6113030931323,8009.719448001813,39.882783537768375,8183.209556391106
253,7657.637967949002,18.319708057294264,342.6411951554561,8000.279163104458,39.87738829260075,8173.745802177272
254,7647.287948196107,18.294947244488295,343.6547042037166,7990.942652399824,39.871892160936795,8164.385383299898
255,7637.055992911759,18.270468882564018,344.65202100076124,7981.70801391252,39.8663094901022,8155.126460194465
256,7626.94005658292,18.24626807794957,345.6333371341631,7972.5733937170835,39.86065430104337,8145.967239926622
257,7616.938141370842,18.222340051126416,346.5988444607974,7963.536985831639,39.854940056461885,8136.9059750772485
258,7607.048297219044,18.198680136887663,347.54873463079434,7954.5970318498385,39.84917946529083,8127.940962523853
259,7597.268621626212,18.175283783794765,348.48319868248694,7945.751820308698,39.84338432477273,8119.07054212146
260,7587.59725910905,18.152146552892464,349.40242669920553,7936.999685808256,39.837565400380726,8110.293095299912
261,7578.0324003822625,18.129264115747038,350.3066075185083,7928.33900790077,39.831732342887484,8101.607043592331
262,7568.572281287123,18.10663225188307,351.1959284846308,7919.768209771753,39.82589364104806,8093.010847110312
263,7559.215181510795,18.084246845719605,352.0705752354906,7911.285756746286,39.82005660763606,8084.503002989503
264,7549.959423133919,18.0621038830955,352.9307315164118,7902.89015465033,39.81422739596506,8076.082043822778
265,7540.803369052492,18.040199447494,353.77657901377245,7894.5799480662645,39.80841104354438,8067.746536105683
266,7531.745421312764,18.018529716059245,354.60829720291827,7886.353718515682,39.802611539160544,8059.49507871103
267,7522.784019400118,17.997090955502674,355.4260632058984,7878.210082606017,39.796831909440584,8051.326301412083
268,7513.9176385229985,17.975879517997605,356.23005165576785,7870.147690178766,39.79107432083548,8043.238863474401
269,7505.144787921276,17.954891837132237,357.02043456534426,7862.16522248662,39.7853401929535,8035.231452325968
270,7496.464009230531,17.934124423996487,357.79738119935223,7854.261390429883,39.779630319264484,8027.302782318684
271,7487.873874927743,17.913573863463498,358.5610579498142,7846.434932877557,39.77394499137499,8019.451593590038
272,7479.372986876411,17.89323681070912,359.311628215328,7838.684615091739,39.76828412332947,8011.676651028222
273,7470.9599749879435,17.873109988009436,360.04925228551076,7831.009227273455,39.762647372709985,8003.976743344743
274,7462.63349600635,17.853190181833373,360.7740872323603,7823.40758323871,39.75703425567387,7996.350682250891
275,7454.392232424978,17.833474240251142,361.4862868106188,7815.878519235597,39.7514442534717,7988.797301738199
276,7446.234891532533,17.813959070651993,362.1860013694004,7808.420892901933,39.74587690841332,7981.315457453531
277,7438.1602045906,17.794641637776554,362.87337777739197,7801.0335823679925,39.74033190768722,7973.904026166432
278,7430.166926133722,17.775518962042398,363.5485593638609,7793.715485497582,39.73480915387428,7966.561905316936
279,7422.253833386266,17.75658811814896,364.211685877521,7786.4655192637865,39.72930882142255,7959.288012636975
280,7414.419725786619,17.73784623393928,364.8628934650392,7779.282619251659,39.72383139875547,7952.081285836245
281,7406.66342460531,17.719290489486387,365.50231467061445,7772.165739275924,39.718377716063515,7944.940682340801
282,7398.983772649606,17.700918116386617,366.1300784576696,7765.113851107276,39.71294895917267,7937.865179079677
283,7391.379634037562,17.68272639721905,366.74631025325226,7758.125944290814,39.70754667018757,7930.85377230613
284,7383.849894032781,17.664712665150194,367.3511320152891,7751.20102604807,39.70217273586792,7923.905477449096
285,7376.393458926441,17.64687430365177,367.94466232236914,7744.33812124881,39.6968293649124,7917.019328986179
286,7369.009255955062,17.629208746303977,368.5270164852816,7737.536272440344,39.6915190554942,7910.194380331744
287,7361.696233243397,17.611713476658846,369.0983066791007,7730.794539922497,39.68624455451392,7903.429703734633
288,7354.453359763825,17.59438602814312,369.65864209421056,7724.112001858035,39.6810088101155,7896.7243901820375
289,7347.279625300601,17.57722398397273,370.20812910431033,7717.487754404911,39.675814919044676,7890.077549302756
290,7340.1740404155735,17.56022497707075,370.74687144913185,7710.920911864705,39.67066607042629,7883.48830927106
291,7333.135636404237,17.54338668996229,371.2749704293563,7704.410606833593,39.66556548749675,7876.955816704204
292,7326.163465241354,17.526706854644388,371.79252511102425,7697.955990352379,39.66051636875626,7870.479236556468
293,7319.256599505958,17.5101832524066,372.29963253660657,7691.556232042564,39.65552182990809,7864.0577520026645
294,7312.414132288892,17.49381371360979,372.79638793983673,7685.2105202287285,39.650584847830956,7857.690564316793
295,7305.635177075762,17.47759611740613,373.2828849613972,7678.918062037159,39.64570820769448,7851.37689274063
296,7298.918867604665,17.46152839139872,373.75921586260165,7672.678083467266,39.64089445417717,7845.115974342937
297,7292.264357699212,17.445608511242135,374.2254717343147,7666.489829433527,39.63614584758956,7838.907063870542
298,7285.670821076342,17.429834500182636,374.68174269850266,7660.352563774844,39.6314643255444,7832.749433590962
299,7279.1374511265785,17.414204428532486,375.1281180999944,7654.265569226573,39.626851470655126,7826.642373123922
300,7272.6634606721955,17.39871641309138,375.5646866862595,7648.228147358455,39.62230848458784,7820.585189266412
301,7266.248081700413,17.383368616508164,375.9915367732607,7642.239618473674,39.61783616864256,7814.57720580727
302,7259.890565074991,17.36815924659089,376.4087563957167,7636.299321470708,39.61343491089934,7808.61776333312
303,7253.590180228844,17.353086555571394,376.81643344039685,7630.40661366924,39.6091046798368,7802.70621902653
304,7247.3462148367025,17.338148839322255,377.21465576137297,7624.560870598076,39.60484502421487,7796.841946453411
305,7241.157974471993,17.32334443653587,377.6035112764523,7618.761485748445,39.60065507891278,7791.024335341715
306,7235.024782250529,17.308671727872078,377.9830880443167,7613.007870294846,39.596533576326216,7785.252791351865
307,7228.945978459854,17.294129135071422,378.35347432218816,7607.299452782042,39.59247886285699,7779.5267358354695
308,7222.920920179774,17.279715120047307,378.7147586041195,7601.635678783893,39.58848891997156,7773.84560558577
309,7216.948980893391,17.265428183955482,379.06702964027744,7596.016010533669,39.584561389263186,7768.208852576964
310,7211.029550091755,17.251266866248216,379.41037643783375,7590.439926529589,39.58069360092519,7762.615943693613
311,7205.162032873516,17.237229743716547,379.7448882443084,7584.906921117825,39.57688260502726,7757.066360449693
312,7199.34584953993,17.223315429521364,380.0706545144138,7579.416504054344,39.573125204985615,7751.559598696032
313,7193.580435190455,17.20952257222597,380.38776486163204,7573.968200052087,39.56941799262527,7746.095168320007
314,7187.865239314351,17.195849854819024,380.6963089959147,7568.561548310266,39.56575738425204,7740.672592931762
315,7182.199725384073,17.1822959937418,380.99637664902565,7563.196102033098,39.56213965717871,7735.2914095418255
316,7176.583370451766,17.168859737922887,381.2880574891544,7557.8714279409205,39.55856098618411,7729.951168230821
317,7171.015664745552,17.155539867812326,381.5714410265108,7552.587105772063,39.55501747942433,7724.651431807559
318,7165.496111271306,17.142335194428963,381.8466165116663,7547.342727782972,39.55150521336044,7719.39177546109
319,7160.024225416593,17.129244558412903,382.1136728284424,7542.137898245036,39.54802026631569,7714.171786403509
320,7154.599534561383,17.11626682909422,382.37269838315524,7536.972232944538,39.54455875032585,7708.991063508455
321,7149.221577691901,17.103400903569142,382.6237809920143,7531.845358683915,39.541116840998775,7703.84921694226
322,7143.889905022181,17.090645705794692,382.86700776843935,7526.75691279062,39.537690805151186,7698.745867793027
323,7138.604077619162,17.078000185691774,383.10246501201,7521.706542631172,39.53427702604212,7693.680647694455
324,7133.363667035213,17.06546331826606,383.3302381006888,7516.693905135902,39.53087202607247,7688.653198449318
325,7128.168254948334,17.053034102747212,383.55041138787374,7511.718666336208,39.527472486867076,7683.66317165408
326,7123.017432804407,17.04071156173303,383.763068105735,7506.780500910142,39.52407526670022,7678.7102283202885
327,7117.910801470876,17.028494740360948,383.96829027617275,7501.879091747049,39.520677415266206,7673.794038503456
328,7112.84797089265,17.01638270548481,384.1661586306079,7497.014129523258,39.51727618583318,7668.914280931633
329,7107.828559755795,17.004374544870323,384.3567525396775,7492.185312295473,39.513869044851084,7664.070642640575
330,7102.852195156441,16.99246936640297,384.5401499537611,7487.392345110202,39.51045367911237,7659.262818614341
331,7097.918512276467,16.980666297312123,384.71642735511125,7482.634939631578,39.50702800058771,7654.4905114341345
332,7093.027154063236,16.96896448340487,384.8856597221976,7477.912813785433,39.503590149077766,7649.753430933922
333,7088.1777709143025,16.957363088311727,385.047920506716,7473.225691421018,39.50013849283688,7645.051293864859
334,7083.370020368848,16.94586129274844,385.2032816235436,7468.573301992391,39.49667162733464,7640.3838235712965
335,7078.603566802081,16.934458293784882,385.3518134537551,7463.955380255837,39.49318837232794,7635.750749675463
336,7073.878081124612,16.92315330412587,385.49358486065194,7459.371665985264,39.48968776741935,7631.151807773538
337,7069.193240485908,16.911945551401693,385.62866321858877,7454.821903704496,39.48616906627676,7626.5867391428
338,7064.548727983089,16.900834277471503,385.7571144542234,7450.305842437312,39.48263172968713,7622.0552904614515
339,7059.944232371501,16.889818737730863,385.8790030996664,7445.823235471167,39.47907541761112,7617.557213537775
340,7055.379447781415,16.87889820043401,385.9943923568546,7441.37384013827,39.475499980398624,7613.092265053004
341,7050.854073437371,16.868071946022418,386.1033441723398,7436.95741760971,39.471905449316466,7608.660206314237
342,7046.36781338302,16.857339266466553,386.2059193215548,7432.5737327045745,39.468292026529674,7604.260803019979
343,7041.92037620761,16.846699464611508,386.30217750150507,7428.222553709115,39.464660074667336,7599.893825033918
344,7037.511474780067,16.83615185354083,386.39217743073266,7423.9036522108,39.46101010609334,7595.559046172306
345,7033.140825985496,16.825695755946164,386.4759769553112,7419.616802940807,39.457342771991165,7591.256243998969
346,7028.808150467016,16.815330503509607,386.5536331595595,7415.361783626576,39.45365885136138,7586.985199629998
347,7024.5131723727445,16.80505543629843,386.6252024801085,7411.138374852853,39.449959240019965,7582.74569754694
348,7020.255619109561,16.794869902175982,386.69074082191634,7406.946359931478,39.44624493967576,7578.537525419068
349,7016.0352211003365,16.7847732562209,386.7503036748096,7402.785524775146,39.44251704715626,7574.3604739302755
350,7011.851711550193,16.774764860167924,386.80394622912814,7398.655657779321,39.43877674384203,7570.214336615034
351,7007.704826218316,16.764844081862,386.8517234890701,7394.556549707386,39.43502528536272,7566.098909698713
352,7003.594303196761,16.755010294729093,386.89369038236964,7390.4879935791305,39.431263991600005,7562.01399194259
353,6999.5198826971155,16.745262877265827,386.92990186499844,7386.449784562114,39.4274942370367,7557.959384493223
354,6995.481306846281,16.73560121255091,386.96041301965465,7382.441719865936,39.423717441485365,7553.934890736397
355,6991.478319489554,16.726024687774053,386.9852791468936,7378.463598636448,39.41993506122452,7549.940316152775
356,6987.510666003931,16.716532693789308,387.0045558478631,7374.515221851794,39.41614858056576,7545.975468177256
357,6983.578093119173,16.707124624687015,387.01829909772596,7370.596392216899,39.412359503871,7542.040156058738
358,6979.680348751013,16.69779987739477,387.02656530898776,7366.7069140600015,39.40856934803497,7538.134190723954
359,6975.817181842258,16.68855785129727,387.0294113840904,7362.846593226348,39.404779635444484,7534.257384640531
360,6971.9883422160065,16.67939794788518,387.0268947567871,7359.015236972794,39.4009918874226,7530.409551683082
361,6968.1935804389195,16.67031957042804,387.0190734219713,7355.212653860891,39.397207618162696,7526.590506999899
362,6964.432647695252,16.66132212367285,387.0060059537951,7351.438653649047,39.39342832915415,7522.800066880868
363,6960.705295672702,16.65240501357106,386.98775151207474,7347.693047184777,39.38965550409847,7519.038048627605
364,6957.011276459323,16.643567647031873,386.9643698371405,7343.975646296463,39.38589060431204,7515.30427042522
365,6953.350342452337,16.634809431704156,386.93592123344445,7340.286263685782,39.382135064608335,7511.598551216828
366,6949.722246276688,16.62612977578155,386.9024665423832,7336.624712819071,39.378390289650376,7507.92071057905
367,6946.126740718275,16.617528087842764,386.8640671049363,7332.990807823211,39.374657650761115,7504.270568604022
368,6942.563578664398,16.609003776709088,386.82078471483464,7329.384363379233,39.37093848317706,7500.647945781053
369,6939.032513059654,16.600556251338883,386.7726815630929,7325.805194622747,39.367234083728526,7497.052662886966
370,6935.533296870133,16.592184920741946,386.71982017482344,7322.2531170449565,39.36354570892703,7493.484540878789
371,6932.065683058161,16.583889193919045,386.66226333932764,7318.727946397488,39.35987457343895,7489.943400791948
372,6928.629424570634,16.575668479834054,386.60007403451516,7315.229498605149,39.35622184892271,7486.429063647963
373,6925.224274332953,16.567522187399412,386.53331534673384,7311.757589679687,39.35258866320505,7482.941350364629
374,6921.849985256205,16.559449725493316,386.46205038711145,7308.312035643316,39.348976099771065,7479.48008167732
375,6918.50631025238,16.551450502996126,386.38634220550443,7304.892652457885,39.34538519754158,7476.045078067191
376,6915.193002257345,16.543523928845325,386.30625370312555,7301.499255960471,39.34181695091085,7472.636159696933
377,6911.909814262714,16.535669412111755,386.2218475448831,7298.131661807596,39.33827231001733,7469.253146356172
378,6908.65649935557,16.527886362094666,386.13318607240325,7294.789685427973,39.334752181220324,7465.895857416282
379,6905.432810764716,16.520174188432335,386.04033121864353,7291.47314198336,39.33125742775546,7462.564111794096
380,6902.238501912965,16.51253230122719,385.943344424912,7288.181846337877,39.327788870542655,7459.257727924737
381,6899.073326475662,16.504960111185795,385.84228656102255,7284.915613036685,39.32434728912124,7455.976523744362
382,6895.937038444603,16.497457029771777,385.73721784920843,7281.674256293812,39.320933422687716,7452.720316682503
383,6892.829392195858,16.490022469368082,385.6281977923129,7278.457589988171,39.31754797121313,7449.488923662948
384,6889.750142562646,16.482655843451305,385.51528510666793,7275.265427669314,39.3141915966187,7446.2821611146055
385,6886.699044910724,16.475356566772067,385.3985376599576,7272.097582570682,39.3108649239896,7443.099844990036
386,6883.675855218438,16.468124055546504,385.2780124142589,7268.953867632697,39.30756854280896,7439.941790793916
387,6880.680330157944,16.460957727650584,385.15376537434736,7265.834095532291,39.3043030081958,7436.807813617943
388,6877.712227180618,16.453857002824446,385.025851541254,7262.738078721873,39.30106884213235,7433.697728185149
389,6874.771304603561,16.446821302879332,384.89432487097366,7259.665629474534,39.29786653466847,7430.611348900342
390,6871.857321698066,16.439850051909247,384.7592382381363,7256.616559936202,39.29469654509234,7427.5484899073535
391,6868.970038780605,16.432942676508624,384.62064340438445,7253.590682184989,39.29155930305853,7424.508965153294
392,6866.109217304997,16.426098605992816,384.4785909911368,7250.587808296134,39.288455209666324,7421.492588458183
393,6863.274619956138,16.41931727262234,384.3331304563644,7247.607750412502,39.2853846384827,7418.499173589902
394,6860.46601074596,16.41259811183244,384.1843100749716,7244.650320820932,39.28234793650556,7415.528534344731
395,6857.683155109248,16.405940562462316,384.03217692233954,7241.715332031587,39.27934542506478,7412.580484630619
396,6854.925820003803,16.399344066994743,383.87677686058083,7238.802596864384,39.27637740065889,7409.6548385572505
397,6852.1937740082085,16.392808071789972,383.7181545270431,7235.911928535252,39.27344413572709,7406.751410525664
398,6849.486787424798,16.386332027332053,383.55635332460963,7233.043140749408,39.27054587935647,7403.870015324608
399,6846.804632382147,16.379915388474036,383.39141541335823,7230.196047795505,39.26768285792544,7401.010468227481
400,6844.147082938944,16.37355761468647,383.22338170316556,7227.370464642109,39.26485527568461,7398.172585091337
401,6841.513915190553,16.36725817031233,383.05229184688176,7224.566207037435,39.26206331527691,7395.35618245889
402,6838.9049073751785,16.361016524821,382.8781842337341,7221.783091608912,39.25930713819915,7392.561077660079
403,6836.319839982575,16.35483215306836,382.70109598267607,7219.020935965251,39.25658688520703,7389.787088915901
404,6833.758495862312,16.348704535555772,382.52106293544466,7216.279558797756,39.25390267666607,7387.034035441254
405,6831.2206603342,16.34263315869426,382.33811964915077,7213.558779983351,39.25125461285075,7384.301737549252
406,6828.706121296948,16.33661751506447,382.1522993882874,7210.858420685236,39.24864277419408,7381.59001675298
407,6826.21466933877,16.33065710368127,381.96363411610866,7208.178303454879,39.246067221489916,7378.89869586836
408,6823.746097845253,16.3247514302518,381.77215448538897,7205.518252330642,39.24352799604999,7376.227599113459
409,6821.300203107221,16.318900007433545,381.5778898286487,7202.87809293587,39.241025119817756,7373.576552207077
410,6818.87678442624,16.3131023550867,381.3808681479864,7200.257652574227,39.238558595440914,7370.945382464395
411,6816.475644216657,16.30735800051832,381.18111610472647,7197.656760321383,39.236128406304395,7368.333918888808
412,6814.096588104709,16.301666478719397,380.978659009148,7195.075247113857,39.23373451652576,7365.741992260744
413,6811.739425022486,16.29602733258968,380.7735208106163,7192.512945833102,39.2313768709146,7363.169435221581
414,6809.403967297692,16.290440113152375,380.56572408848626,7189.969691386179,39.22905539489807,7360.616082353986
415,6807.090030734796,16.284904379748316,380.355290044197,7187.445320778993,39.22676999441432,7358.081770254696
416,6804.7974346896335,16.279419700214433,380.1422384950061,7184.93967318464,39.22452055577605,7355.566337602266
417,6802.526002136112,16.27398565104333,379.92658786984896,7182.452590005961,39.22230694550659,7353.069625218915
418,6800.275559721564,16.2686018175157,379.70835520782816,7179.983914929392,39.22012901015107,7350.591476123549
419,6798.045937812802,16.26326779381053,379.48755615984896,7177.533493972651,39.217986576065634,7348.131735578536
420,6795.836970528915,16.257983183083528,379.26420499392236,7175.101175522837,39.21587944918787,7345.6902511268045
421,6793.648495762397,16.252747597517697,379.0383146046534,7172.68681036705,39.21380741479221,7343.266872621396
422,6791.48035518581,16.24756065833926,378.8098965274123,7170.2902517132225,39.21177023723417,7340.861452245191
423,6789.332394243967,16.242421995798964,378.57896095766506,7167.911355201632,39.20976765968774,7338.473844521274
424,6787.204462130883,16.237331249116945,378.34551677590133,7165.549978906784,39.2077994038808,7336.103906313666
425,6785.096411751536,16.232288066391234,378.1095715785579,7163.205983330094,39.20586516983327,7333.751496818868
426,6783.00809966474,16.2272921044611,377.8711317152741,7160.879231380014,39.20396463560366,7331.41647754489
427,6780.939386013624,16.222343028740728,377.6302023327635,7158.569588346388,39.202097457049305,7329.098712284552
428,6778.890134434062,16.21744051300015,377.38678742550866,7156.27692185957,39.20026326760606,7326.798067073657
429,6776.860211951063,16.212584239117376,377.1408898934123,7154.001101844476,39.19846167809341,7324.514410144182
430,6774.849488855341,16.207773896783113,376.8925116064571,7151.742000461799,39.19669227655057,7322.247611864794
431,6772.857838565635,16.203009183171375,376.6416534763374,7149.499492041972,39.19495462810978,7319.99754467425
432,6770.885137473586,16.198289802568386,376.38831553494003,7147.273453008526,39.19324827491195,7317.764083004393
433,6768.931264776888,16.193615465973416,376.1324970194557,7145.063761796344,39.19157273607056,7315.547103198251
434,6766.996102294939,16.18898589065775,375.87419646381704,7142.870298758757,39.189927507688424,7313.346483417201
435,6765.079534274701,16.184400799700242,375.6134117960655,7140.692946070766,39.188312062932376,7311.162103544522
436,6763.181447183806,16.17985992149236,375.3501404411645,7138.531587624971,39.1867258521698,7308.993845081909
437,6761.301729494348,16.17536298922093,375.08437942869466,7136.386108923043,39.18516830317067,7306.841591041835
438,6759.440271458178,16.170909740330572,374.81612550479036,7134.256396962969,39.183638821377954,7304.705225835964
439,6757.596964875029,16.16649991596897,374.545375247609,7132.1423401226375,39.18213679024882,7302.5846351602195
440,6755.771702856417,16.16213326042205,374.2721251855642,7130.043828041981,39.18066157166786,7300.479705878736
441,6753.964379586988,16.157809520543033,373.996371917503,7127.960751504491,39.17921250643327,7298.390325907476
442,6752.1748900820985,16.153528445172483,373.7181122339706,7125.893002316069,39.1777889148156,7296.316384095517
443,6750.403129948783,16.149289784566466,373.43734323867227,7123.840473187455,39.1763900971886,7294.2577701102255
444,6748.648995148698,16.145093289829422,373.1540624692316,7121.80305761793,39.17501533472995,7292.214374324005
445,6746.912381762469,16.140938712350405,372.86826801633265,7119.7806497788015,39.173663890189786,7290.186087701127
446,6745.193185764153,16.136825803263523,372.579958640346,7117.773144404499,39.1723350087236,7288.172801692447
447,6743.4913027992125,16.132754312916777,372.28913388455254,7115.780436683765,39.171027918785725,7286.174408130483
448,6741.806627975054,16.128723990370943,371.99579418411247,7113.802422159166,39.16974183307876,7284.190799133058
449,6740.139055659487,16.124734582917434,371.6999409699619,7111.838996629449,39.16847594955394,7282.221867010008
450,6738.488479291398,16.120785835625355,371.40157676687625,7109.890056058274,39.16722945245684,7280.267504176461
451,6736.854791205815,16.116877490923002,371.1007052849894,7107.955496490804,39.16600151341247,7278.327603074148
452,6735.237882471045,16.113009288208243,370.79733150413415,7106.035213975179,39.164791292543484,7276.402056097743
453,6733.637642740559,16.10918096349416,370.4914617504315,7104.129104490991,39.163597939615016,7274.490755528316
454,6732.053960121677,16.105392249094923,370.18310376464353,7102.23706388632,39.16242059519955,7272.593593475438
455,6730.486721058062,16.101642873344648,369.87226676188135,7100.358987819944,39.16125839185511,7270.710461824513
456,6728.935810229453,16.097932560357542,369.55896148234524,7098.4947717117975,39.16011045531033,7268.841252192397
457,6727.401110467631,16.094261029826868,369.24320023286276,7096.644310700493,39.15897590564974,7266.98585589007
458,6725.8825026872555,16.090627996859464,368.9249969190729,7094.807499606329,39.1578538584932,7265.1441638907745
459,6724.379865835415,16.08703317185506,368.6043670681926,7092.984232903608,39.15674342616329,7263.316066807419
460,6722.893076853448,16.083476260414947,368.28132784238505,7091.174404695834,39.15564371883525,7261.501454872767
461,6721.4220106583125,16.0799569632974,367.9558980428263,7089.377908701139,39.15455384566394,7259.700217929777
462,6719.966540133913,16.076474976396923,367.6280981046476,7087.594638238561,39.153472915883135,7257.912245422653
463,6718.526536142381,16.073029990771246,367.2979500829962,7085.824486225377,39.152400039872674,7256.137426398823
464,6717.101867543999,16.069621692688994,366.9654776305292,7084.067345174528,39.1513343301896,7254.375649510853
465,6715.692401232782,16.06624976371479,366.6307059667098,7082.3231071994915,39.15027490255969,7252.626803025626
466,6714.298002183785,16.062913880822453,366.2936618393312,7080.591664023116,39.14922087682662,7250.890774837312
467,6712.918533510641,16.059613716532635,365.9543734787411,7078.8729069893825,39.148171377856116,7249.167452483057
468,6711.553856534252,16.056348939077157,365.6128705452755,7077.166727079528,39.14712553639317,7247.456723162838
469,6710.203830859972,16.053119212583667,365.2691840704482,7075.4730149304205,39.14608248987072,7245.758473761358
470,6708.868314465315,16.049924197285442,364.9233463924663,7073.791660857782,39.145041383168746,7244.072590874565
471,6707.547163791958,16.046763549741527,364.5753910866598,7072.122554878618,39.1440013693229,7242.398960835172
472,6706.2402338462525,16.04363692307716,364.2253528914291,7070.465586737681,39.142961610182574,7240.7374697419755
473,6704.947378305987,16.040543967239202,363.8732676303199,7068.820645936306,39.14192127701818,7239.088003491335
474,6703.668449630011,16.0374843292584,363.5191721308338,7067.187621760845,39.14087955107798,7237.450447808034
475,6702.403299173129,16.034457653524232,363.16310414057966,7065.566403313709,39.13983562409522,7235.824688278523
476,6701.151777303225,16.03146358206513,362.8051022413621,7063.956879544587,39.138788698746154,7234.210610384132
477,6699.913733521038,16.02850175483502,362.4452057617844,7062.358939282823,39.137737989060085,7232.608099535234
478,6698.689016581435,16.02557181000343,362.08345468893015,7060.772471270365,39.1366827207827,7231.01704110577
479,6697.477474614443,16.022673384245078,361.719889579661,7059.197364194104,39.13562213169396,7229.437320466973
480,6696.278955248358,16.01980611303435,361.35455147204357,7057.633506720402,39.13455547188199,7227.868823023088
481,6695.093305730118,16.016969630933296,360.9874817973907,7056.080787527509,39.133482003974684,7226.311434244799
482,6693.920373044994,16.014163571877976,360.61872229337257,7054.539095338367,39.13240100333053,7224.765039702855
483,6692.760004036652,16.011387569465676,360.2483149186165,7053.008318955269,39.13131175819051,7223.2295251033975
484,6691.612045521892,16.008641257229407,359.8763017691875,7051.488347291079,39.13021356979266,7221.704776319677
485,6690.4763444052405,16.005924268912057,359.5027249972999,7049.9790694025405,39.12910575245135,7220.190679425704
486,6689.352747788769,16.003236238729112,359.1276267325796,7048.4803745213485,39.12798763360269,7218.68712072752
487,6688.241103080686,16.000576801628437,358.75104900616134,7046.992152086847,39.12685855381842,7217.193986795957
488,6687.1412580981705,15.997945593536294,358.37303367786603,7045.514291776037,39.12571786678953,7215.711164496572
489,6686.053061167339,15.995342251596506,357.9936223666737,7044.046683534013,39.12456493928193,7214.238541019889
490,6684.976361219458,15.992766414400618,357.612856384671,7042.589217604129,39.12339915106569,7212.7760039112645
491,6683.9110078820095,15.990217722205765,357.230776674618,7041.1417845566275,39.12221989481977,7211.3234410990935
492,6682.856851565777,15.987695817143008,356.8474237512505,7039.704275317028,39.12102657601404,7209.880740922689
493,6681.813743547484,15.985200343415032,356.46283764640094,7038.276581193884,39.1198186127703,7208.447792159435
494,6680.7815360479535,15.982730947483143,356.0770578579937,7036.858593905948,39.118595435704236,7207.024484051261
495,6679.760082304835,15.980287278241232,355.6901233029418,7035.450205607777,39.11735648774979,7205.6107063294885
496,6678.749236641861,15.977868987181486,355.30207227394794,7034.0513089158085,39.11610122396794,7204.206349240069
497,6677.748854532188,15.975475728545904,354.9129424001894,7032.661796932377,39.11482911134135,7202.811303566712
498,6676.758792658215,15.973107159469413,354.5227706118422,7031.281563270057,39.11353962855674,7201.425460654278
499,6675.778908965833,15.970762940109648,354.13159310838114,7029.910502074214,39.11223226577644,7200.048712430341
500,6674.809062714687,15.968442733767192,353.7394453305784,7028.548508045265,39.11090652440083,7198.680951426409
501,6673.84911452451,15.966146206996434,353.34636193609765,7027.195476460607,39.109561916823175,7197.3220707987875
502,6672.898926416197,15.963873029703821,352.9523767785781,7025.851303194775,39.108197966178246,7195.97196434765
503,6671.958361848683,15.961622875236085,352.55752289008024,7024.515884738763,39.1068142060863,7194.6305265352385
504,6671.027285752298,15.959395420460043,352.1618324667619,7023.189118219059,39.1054101803938,7193.297652503772
505,6670.105564558771,15.95719034583438,351.76533685764,7021.8709014164115,39.103985442912,7191.973238093079
506,6669.193066225428,15.955007335467531,351.3680665562873,7020.561132781715,39.10253955715481,7190.657179855339
507,6668.289660258004,15.952846077172259,350.9700511953098,7019.259711453314,39.1010720960771,7189.349375071249
508,6667.39521772786,15.950706262506841,350.57131954344254,7017.9665372713025,39.09958264181431,7188.049721763195
509,6666.509611287753,15.948587586812806,350.1718995051027,7016.681510792855,39.098070785424696,7186.758118709453
510,6665.632715183619,15.946489749243108,349.7718181222342,7015.404533305854,39.09653612663486,7185.474465456716
511,6664.764405262942,15.944412452782158,349.3711015782811,7014.135506841223,39.09497827358945,7184.198662331337
512,6663.904558980955,15.942355404260658,348.96977520412463,7012.8743341850795,39.09339684260584,7182.930610450415
513,6663.053055404243,15.94031831436422,348.5678634858232,7011.620918890067,39.091791457934356,7181.670211732081
514,6662.209775210738,15.938300897633345,348.16539007399655,7010.375165284735,39.09016175152455,7180.417368903867
515,6661.374600689942,15.936302872463976,347.7623777946988,7009.136978484641,39.088507362798154,7179.171985512813
516,6660.547415737388,15.93432396109423,347.3588486616299,7007.906264399018,39.08682793842888,7177.933965931184
517,6659.728105850254,15.932363889593908,346.9548238895402,7006.682929739794,39.08512313212949,7176.703215364558
518,6658.916558120092,15.930422387847111,346.5503239086869,7005.466882028779,39.08339260444624,7175.47963985812
519,6658.112661222527,15.928499189527576,346.14536838021024,7004.258029602737,39.08163602256095,7174.263146300877
520,6657.316305408034,15.926594032076636,345.7399762122998,7003.056281620334,39.07985306010063,7173.053642431772
521,6656.527382489109,15.92470665667251,345.33416557703106,7001.86154806614,39.07804339695469,7171.851036842893
522,6655.745785827382,15.922836808199479,344.9279539277577,7000.67373975514,39.0762067190997,7170.655238983223
523,6654.971410318579,15.920984235211911,344.5213580169519,6999.492768335531,39.074342718431545,7169.466159160708
524,6654.20415237845,15.919148689900599,344.11439391439376,6998.318546292844,39.07245109260469,7168.283708545674
525,6653.443909924985,15.917329928050203,343.707077025615,6997.1509869506,39.07053154487859,7167.107799170822
526,6652.690582362373,15.915527709000893,343.2994221105123,6995.990004472886,39.068583783970695,7165.938343933158
527,6651.944070563638,15.91374179560679,342.891443302051,6994.835513865689,39.06660752391599,7164.775256594723
528,6651.204276851399,15.911971954189951,342.48315412498425,6993.687430976383,39.064602483932624,7163.61845178149
529,6650.471104979313,15.910217954495964,342.07456751452764,6992.545672493841,39.062568388293336,7162.467844982917
530,6649.744460114116,15.908479569650995,341.66569583492276,6991.410155949039,39.06050496620244,7161.32335255202
531,6649.0242488150725,15.906756576112613,341.25655089784186,6990.280799712915,39.05841195167781,7160.184891702714
532,6648.3103790151345,15.905048753624724,340.847143980585,6989.15752299572,39.05628908343779,7159.052380508674
533,6647.602760000178,15.90335588516789,340.4374858440257,6988.040245844204,39.054136104792434,7157.925737900051
534,6646.901302390764,15.901677756915703,340.0275867502729,6986.928889141037,39.05195276353892,7156.804883662431
535,6646.205918120597,15.900014158183247,339.6174564800144,6985.823374600612,39.049738811860706,7155.689738432206
536,6645.51652041795,15.898364881382657,339.2071043495166,6984.723624767466,39.04749400623015,7154.580223694567
537,6644.833023785157,15.89672972197406,338.7965392272585,6983.629563012415,39.04521810731435,7153.476261779232
538,6644.155343978977,15.895108478418605,338.3857695501821,6982.541113529159,39.04291087988378,7152.377775856653
539,6643.483397991092,15.893500952131799,337.9748033395427,6981.458201330634,39.040572092723636,7151.284689933982
540,6642.81710402938,15.891906947438708,337.563648216351,6980.380752245731,39.03820151854749,7150.196928851413
541,6642.156381497232,15.89032627152448,337.15231141639765,6979.30869291363,39.03579893391311,7149.114418276152
542,6641.501150976003,15.888758734392352,336.7407998048538,6978.241950780857,39.03336411914023,7148.037084699117
543,6640.851334205788,15.887204148817673,336.32911989044896,6977.180454096237,39.030896858230086,7146.964855429537
544,6640.206854066758,15.885662330303248,335.91727783922113,6976.124131905979,39.02839693878647,7145.8976585897
545,6639.567634561275,15.884133097036543,335.5052794878447,6975.072914049119,39.02586415193831,7144.835423110051
546,6638.93360079581,15.882616269846435,335.09313035653776,6974.026731152348,39.02329829226349,7143.778078723693
547,6638.304678963385,15.88111167216121,334.6808356615535,6972.985514624939,39.020699157713864,7142.725555960995
548,6637.680796326915,15.879619129968695,334.26840032726324,6971.949196654178,39.01806654954137,7141.6777861446835
549,6637.061881200507,15.878138471771548,333.85582899783685,6970.917710198344,39.015400272225165,7140.634701382523
550,6636.447862935405,15.8766695285536,333.4431260485298,6969.890988983935,39.01270013339963,7139.596234564224
551,6635.838671900978,15.875212133734397,333.0302955965852,6968.868967497563,39.009965943783286,7138.56231935302
552,6635.234239470625,15.873766123135466,332.61734151176023,6967.851580982385,39.007197517108516,7137.532890181807
553,6634.634498005351,15.87233133494103,332.2042674264868,6966.838765431838,39.00439467005209,7136.507882246564
554,6634.039380838009,15.870907609660307,331.79107674567723,6965.8304575836855,39.00155722216641,7135.487231500109
555,6633.448822258917,15.869494790093103,331.37777265618365,6964.826594915101,38.99868499581151,7134.470874646881
556,6632.862757500754,15.868092721293669,330.9643581359236,6963.827115636677,38.99577781608775,7133.458749136659
557,6632.281122723971,15.866701250535815,330.5508359626796,6962.83195868665,38.992835510769254,7132.450793158497
558,6631.703855002689,15.865320227279161,330.13720872258614,6961.8410637252755,38.98985791023801,7131.446945634811
559,6631.130892311012,15.863949503136393,329.7234788183106,6960.854371129322,38.986844847418716,7130.447146215593
560,6630.56217350917,15.86258893184012,329.3096484769411,6959.871821986111,38.98379615771431,7129.451335272169
561,6629.9976383300655,15.861238369210684,328.89571975758946,6958.893358087655,38.9807116789423,7128.459453891053
562,6629.437227366852,15.85989767312644,328.48169455871806,6957.91892192557,38.9775912512717,7127.471443868602
563,6628.880882059379,15.858566703491336,328.06757462520113,6956.9484566845795,38.97443471716085,7126.487247704229
564,6628.3285446822765,15.857245322206403,327.65336155512813,6955.9819062374045,38.97124192129595,7125.506808595042
565,6627.780158332008,15.855933393138775,327.2390568063589,6955.019215138367,38.9680127105304,7124.530070429174
566,6627.235666915389,15.854630782094231,326.82466170283647,6954.060328618225,38.96474693382494,7123.556977780363
567,6626.695015137576,15.853337356788458,326.41017744066676,6953.105192578243,38.96144444218865,7122.587475901763
568,6626.158148490386,15.852052986819107,325.99560509397395,6952.15375358436,38.95810508862078,7121.62151071986
569,6625.625013241431,15.850777543639786,325.5809456205344,6951.205958861965,38.95472872805352,7120.659028828998
570,6625.095556422567,15.849510900532456,325.1661998672014,6950.2617562897685,38.951315217295544,7119.699977485004
571,6624.56972581852,15.848252932580191,324.75136857512064,6949.321094393641,38.94786441497664,7118.744304598789
572,6624.0474699575125,15.847003516644767,324.3364523847499,6948.383922342262,38.9443761814932,7117.791958731757
573,6623.528738099528,15.845762531338583,323.9214518406825,6947.45018994021,38.94085037895465,7116.842889088663
574,6623.01348022673,15.844529857001747,323.5063673962826,6946.5198476230125,38.93728687113091,7115.897045512432
575,6622.501647032399,15.843305375675596,323.09119941814,6945.592846450539,38.933685523400854,7114.954378477332
576,6621.993189912806,15.842088971083268,322.67594819034446,6944.6691381031505,38.93004620270179,7114.0148390849035
577,6621.48806095534,15.840880528601293,322.26061391858946,6943.748674873929,38.9263687774799,7113.078379055967
578,6620.986212930471,15.839679935240362,321.84519673410654,6942.831409664577,38.92265311764184,7112.14495072632
579,6620.487599281855,15.838487079621663,321.42969669743735,6941.917295979292,38.91889909450726,7111.2145070403985
580,6619.992174116703,15.837301851953834,321.01411380204553,6941.006287918748,38.915106580762455,7110.287001545064
581,6619.499892197831,15.83612414401395,320.5984479777746,6940.098340175606,38.911275450415076,7109.362388384911
582,6619.010708933525,15.834953849123266,320.18269909415466,6939.19340802768,38.90740557874983,7108.440622295241
583,6618.524580369233,15.833790862127353,319.7668669635631,6938.291447332796,38.90349684228534,7107.521658596737
584,6618.041463179521,15.832635079376844,319.3509513442419,6937.392414523763,38.89954911873187,7106.605453190247
585,6617.561314659048,15.831486398705856,318.9349519431758,6936.496266602224,38.895562286950316,7105.691962550458
586,6617.084092714433,15.830344719412519,318.51886841883646,6935.602961133269,38.89153622691201,7104.781143720336
587,6616.60975585597,15.829209942239164,318.1027003837936,6934.712456239764,38.8874708196597,7103.872954305283
588,6616.138263190076,15.82808196935425,317.68644740719947,6933.824710597275,38.8833659472694,7102.9673524678965
589,6615.669574411004,15.826960704332546,317.2701090171481,6932.939683428152,38.87922149281325,7102.06429692189
590,6615.203649793584,15.825846052137761,316.8536847029142,6932.057334496499,38.875037340323374,7101.163746926905
591,6614.740450184943,15.824737919102734,316.4371739170746,6931.177624102018,38.870813374756594,7100.265662282209
592,6614.279936997644,15.823636212913023,316.0205760775148,6930.300513075159,38.866549481960064,7099.3700033216855
593,6613.822072202121,15.822540842588806,315.60389056932706,6929.425962771447,38.862245548637716,7098.476730908022
594,6613.366818319924,15.821451718468719,315.1871167465986,6928.553935066523,38.85790146231773,7097.585806427605
595,6612.9141384160275,15.820368752191454,314.77025393409787,6927.684392350126,38.85351711132053,7096.69719178437
596,6612.463996091967,15.819291856679346,314.3533014288592,6926.817297520826,38.849092384727776,7095.810849394392
597,6612.016355479334,15.818220946122809,313.9362585016703,6925.952613981005,38.84462717235198,7094.926742180736
598,6611.571181233578,15.817155935965497,313.51912439846546,6925.090305632043,38.840121364706846,7094.044833568518
599,6611.128438526501,15.816096742886366,313.1018983416282,6924.230336868129,38.83557485297834,7093.165087478585
600,6610.688093039589,15.815043284783705,312.6845795312054,6923.372672570795,38.83098752899622,7092.287468321928
601,6610.250110959163,15.813995480763548,312.2671671460373,6922.517278105201,38.82635928520637,7091.411940995848
602,6609.814458968913,15.812953251121801,311.8496603448058,6921.664119313718,38.821690014643586,7090.538470877418
603,6609.381104243733,15.811916517329504,311.4320582670036,6920.813162510736,38.81697961090481,7089.667023818172
604,6608.950014444854,15.810885202021181,311.0143600338291,6919.964374478683,38.81222796812302,7088.797566140018
605,6608.521157713101,15.809859228978711,310.59656474900754,6919.117722462109,38.807434980941444,7087.930064629204
606,6608.09450266267,15.808838523116435,310.17867149954304,6918.273174162213,38.80260054448827,7087.064486530737
607,6607.670018376517,15.807823010470136,309.76067935640435,6917.4306977329215,38.79772455435163,7086.200799544351
608,6607.247674400844,15.806812618183836,309.342587375146,6916.590261775989,38.792806906555114,7085.338971819504
609,6606.827440738429,15.80580727449385,308.9243945964697,6915.751835334899,38.787847497533406,7084.478971949169
610,6606.40928784447,15.804806908718827,308.5061000467259,6914.915387891196,38.78284622410844,7083.620768966068
611,6605.993186620706,15.803811451245709,308.08770273836166,6914.080889359067,38.77780298346553,7082.764332337142
612,6605.579108410458,15.802820833517842,307.6692016703147,6913.248310080772,38.772717673130025,7081.909631958888
613,6605.167024993907,15.801834988023701,307.25059582835775,6912.417620822265,38.76759019094399,7081.0566381528715
614,6604.756908583103,15.800853848284936,306.8318841853955,6911.588792768498,38.76242043504312,7080.205321660936
615,6604.348731815846,15.799877348841736,306.41306570171685,6910.761797517563,38.757208303833806,7079.35565363924
616,6603.9424677532315,15.798905425246966,305.99413932520406,6909.936607078435,38.75195369597037,7078.507605655906
617,6603.538089873388,15.797938014051168,305.5751039915032,6909.113193864891,38.7466565103323,7077.661149684837
618,6603.135572066989,15.79697505279184,305.1559586241563,6908.291530691145,38.74131664600176,7076.816258101253
619,6602.734888633897,15.796016479985399,304.73670213469865,6907.471590768596,38.735934002240924,7075.972903678344
620,6602.3360142775455,15.795062235113745,304.31733342272366,6906.6533477002695,38.7305084784696,7075.131059581612
621,6601.938924101205,15.794112258615323,303.89785137591764,6905.8367754771225,38.72503997424269,7074.290699365079
622,6601.543593604285,15.79316649187628,303.4782548700655,6905.021848474351,38.71952838922778,7073.451796967492
623,6601.149998677169,15.792224877218107,303.05854276903165,6904.2085414462,38.71397362318265,7072.614326707045
624,6600.758115598419,15.791287357890955,302.63871392471685,6903.396829523136,38.70837557593281,7071.778263278444
625,6600.367921030202,15.790353878062684,302.21876717699377,6902.586688207195,38.70273414734898,7070.943581748163
626,6599.979392013969,15.789424382808539,301.7987013536226,6901.778093367591,38.69704923732445,7070.110257549953
627,6599.592505967909,15.788498818105046,301.37851527015044,6900.97102123806,38.691320745752584,7069.278266482083
628,6599.207240682334,15.78757713081898,300.95820772979505,6900.165448412128,38.68554857250395,7068.4475847025205
629,6598.823574316973,15.786659268700891,300.5377775233148,6899.361351840287,38.67973261740358,7067.618188725993
630,6598.441485396174,15.785745180373622,300.1172234288692,6898.558708825043,38.67387278020811,7066.790055418948
631,6598.060952806903,15.784834815327518,299.6965442118682,6897.757497018771,38.66796896058267,7065.963161997305
632,6597.68195579432,15.783928123909856,299.27573862481637,6896.957694419137,38.662021058077855,7065.137486021776
633,6597.304473959275,15.78302505731884,298.8548054071505,6896.159279366426,38.65602897210642,7064.313005395089
634,6596.928487254524,15.782125567594555,298.4337432850747,6895.362230539598,38.64999260191994,7063.48969835795
635,6596.553975981634,15.781229607611564,298.0125509713936,6894.566526953027,38.64391184658531,7062.667543485673
636,6596.180920788489,15.78033713107294,297.59122716534654,6893.772147953836,38.63778660496111,7061.846519685417
637,6595.809302666094,15.779448092502616,297.1697705524439,6892.979073218537,38.6316167756738,7061.026606192719
638,6595.439102944716,15.778562447236164,296.74817980430794,6892.187282749024,38.62540225709394,7060.207782567383
639,6595.0703032921665,15.777680151416666,296.32645357851965,6891.396756870686,38.619142947312014,7059.390028691493
640,6594.702885710691,15.776801161987299,295.9045905184731,6890.607476229164,38.61283874411438,7058.573324766061
641,6594.336832533956,15.775925436684105,295.4825892532408,6889.819421787197,38.60648954495897,7057.757651307768
642,6593.972126424103,15.775052934028956,295.0604483974491,6889.032574821553,38.60009524695087,7056.942989145789
643,6593.608750370089,15.774183613325572,294.63816655116824,6888.246916921257,38.59365574681786,7056.129319419915
644,6593.246687683827,15.773317434650304,294.21574229981667,6887.462429983644,38.58717094088577,7055.3166235764975
645,6592.885921998536,15.772454358848172,293.7931742140833,6886.67909621262,38.58064072505385,7054.504883366604
646,6592.526437265718,15.771594347525642,293.3704608498675,6885.896898115586,38.57406499476997,7053.694080842835
647,6592.1682177530565,15.77073736304559,292.9476007482402,6885.115818501296,38.56744364500584,7052.884198357072
648,6591.811248041224,15.769883368519674,292.5245924354266,6884.33584047665,38.56077657023215,7052.07521855716
649,6591.455513022533,15.769032327805101,292.1014344228139,6883.556947445347,38.55406366439369,7051.267124385459
650,6591.100997897773,15.768184205497064,291.67812520698357,6882.779123104756,38.54730482088453,7050.459899075604
651,6590.747688174131,15.76733896692376,291.25466326977113,6882.002351443903,38.54049993252311,7049.653526150378
652,6590.395569662693,15.766496578140414,290.8310470783557,6881.226616741048,38.53364889152755,7048.847989419193
653,6590.044628476202,15.765657005923929,290.4072750853793,6880.451903561581,38.52675158949087,7048.043272975867
654,6589.6948510267885,15.764820217767436,289.9833457290985,6879.678196755887,38.519807917356424,7047.239361196388
655,6589.346224023592,15.763986181874623,289.5592574335707,6878.905481457163,38.512817765393464,7046.436238736625
656,6588.99873447055,15.763154867154425,289.13500860887484,6878.133743079425,38.5057810231729,7045.633890530226
657,6588.652369664106,15.762326243215565,288.7105976513694,6877.3629673154755,38.49869757954316,7044.832301786489
658,6588.307117191019,15.76150028036129,288.2860229439891,6876.593140135008,38.491567322606514,7044.031457988346
659,6587.962964925955,15.760676949583624,287.86128285658066,6875.824247782536,38.484390139695456,7043.231344890211
660,6587.6199010286045,15.75985622255647,287.4363757462806,6875.056276774885,38.477165917349645,7042.431948515356
661,6587.277913942871,15.759038071633663,287.01129995793525,6874.289213900806,38.46989454129307,7041.6332551554315
662,6586.936992393147,15.758222469840065,286.58605382456426,6873.523046217711,38.46257589641178,7040.8352513671025
663,6586.597125382641,15.757409390867561,286.1606356678697,6872.75776105051,38.45520986673192,7040.0379239707945
664,6586.258302190868,15.756598809069061,285.73504379879125,6871.993345989659,38.447796335398536,7039.241260048643
665,6585.920512371364,15.755790699453023,285.30927651810794,6871.229788889472,38.44033518465483,7038.445246942721
666,6585.583745748706,15.75498503767633,284.88333211708954,6870.4670778657955,38.432826295822004,7037.649872252621
667,6585.247992417662,15.754181800042254,284.4572088781958,6869.705201295858,38.42526954928002,7036.855123835227
668,6584.913242738022,15.753380963488091,284.0309050758266,6868.944147813849,38.41766482444894,7036.060989800201
669,6584.579487335273,15.752582505586778,283.60441897712207,6868.183906312395,38.41001199977115,7035.2674585114
670,6584.246717095146,15.751786404533842,283.17774884281516,6867.424465937961,38.402310952694535,7034.474518582182
671,6583.914923163278,15.750992639146599,282.75089292813544,6866.665816091414,38.39456155965655,7033.68215887592
672,6583.58409694095,15.750201188853948,282.32384948376455,6865.907946424714,38.386763696069366,7032.890368502616
673,6583.254230083163,15.749412033691778,281.8966167568464,6865.150846840009,38.37891723630606,7032.09913681794
674,6582.925314495458,15.748625154295354,281.469192992048,6864.394507487506,38.37102205368803,7031.308453421049
675,6582.597342332116,15.747840531895013,281.0415764326742,6863.63891876479,38.36307802047362,7030.518308153851
676,6582.270305991563,15.747058148305175,280.61376532183556,6862.884071313399,38.35508500784807,7029.728691097538
677,6581.94419811484,15.74627798592067,280.1857579036681,6862.129956018508,38.3470428859148,7028.939592572237
678,6581.6190115822465,15.745500027708724,279.7575524246059,6861.376564006852,38.33895152368828,7028.151003134896
679,6581.294739509762,15.744724257200387,279.32914713470484,6860.623886644466,38.33081078908824,7027.362913577001
680,6580.971375246278,15.743950658483918,278.9005402890188,6859.8719155352965,38.32262054893571,7026.575314923167
681,6580.648912370444,15.743179216197234,278.4717301490244,6859.120642519469,38.31438066895053,7025.788198429404
682,6580.327344687588,15.742409915520547,278.04271498409656,6858.370059671684,38.3060910137508,7025.001555581501
683,6580.006666225422,15.741642742166082,277.61349307303226,6857.620159298454,38.297751446854036,7024.215378092269
684,6579.68687123203,15.740877682373277,277.18406270562076,6856.870933937651,38.289361830680285,7023.42965790111
685,6579.367954170531,15.740114722896008,276.7544221842598,6856.122376354791,38.28092202655722,7022.644387170315
686,6579.049909717802,15.739353850999526,276.32456982561683,6855.374479543419,38.27243189472729,7021.859558285482
687,6578.732732758066,15.738595054445135,275.8945039623311,6854.627236720397,38.26389129435697,7021.07516385085
688,6578.416418381677,15.737838321487267,275.4642229447575,6853.880641326435,38.25530008354822,7020.291196689869
689,6578.10096187998,15.737083640861195,275.0337251427488,6853.134687022729,38.246658119352254,7019.507649841911
690,6577.7863587414395,15.73633100177378,274.6030089474735,6852.389367688913,38.23796525778555,7018.72451656028
691,6577.472604648054,15.735580393894866,274.172072773269,6851.644677421323,38.22922135384832,7017.941790310563
692,6577.1596954711495,15.734831807347248,273.7409150595255,6850.900610530675,38.2204262615454,7017.159464768398
693,6576.8476272672915,15.73408523269687,273.30953427259857,6850.15716153989,38.21157983390975,7016.377533817397
694,6576.536396274432,15.733340660943618,272.8779289077495,6849.4143251821815,38.20268192302841,7015.595991547355
695,6576.225998906915,15.732598083509366,272.44609749110725,6848.672096398022,38.19373238007111,7014.814832251332
696,6575.916431751783,15.731857492229146,272.0140385816518,6847.930470333436,38.184731055321706,7014.034050424085
697,6575.607691564342,15.73111887934053,271.58175077321505,6847.189442337557,38.17567779821211,7013.25364075978
698,6575.299775263675,15.730382237472906,271.149232696495,6846.44900796017,38.16657245735924,7012.473598149682
699,6574.992679928122,15.729647559636655,270.71648302108156,6845.709162949203,38.15741488060464,7011.693917679833
700,6574.686402790691,15.72891483921218,270.283500457489,6844.96990324818,38.14820491505699,7010.914594628678
701,6574.380941234678,15.728184069939422,269.85028375919325,6844.231224993871,38.13894240713758,7010.13562446492
702,6574.076292788708,15.727455245906,269.41683172466884,6843.493124513377,38.1296272026286,7009.357002844811
703,6573.772455122764,15.726728361537713,268.9831431994232,6842.755598322187,38.12025914672445,7008.578725610439
704,6573.469426042487,15.726003411584896,268.54921707802424,6842.018643120511,38.11083808408607,7007.800788786286
705,6573.167203485262,15.725280391113067,268.1150523061172,6841.282255791379,38.10136385889814,7007.023188577586
706,6572.865785515398,15.724559295491382,267.68064788242737,6840.546433397825,38.09183631492941,7006.2459213677685
707,6572.565170318513,15.723840120379219,267.2460028607457,6839.811173179259,38.082255295595964,7005.468983715101
708,6572.265356197938,15.723122861717554,266.8111163518924,6839.07647254983,38.072620644027566,7004.69237235135
709,6571.96634156918,15.722407515715743,266.37598752565555,6838.342329094836,38.06293220313699,7003.9160841784815
710,6571.668124954715,15.72169407883903,265.9406156127012,6837.608740567416,38.05318981569236,7003.1401162656775
711,6571.370704980267,15.720982547799682,265.5049999064517,6836.875704886718,38.04339332439257,7002.364465847826
712,6571.07408036911,15.720272919543325,265.06913976492706,6836.143220134037,38.03354257194563,7001.5891303220005
713,6570.778249937624,15.719565191238337,264.6330346125487,6835.411284550173,38.023637401150005,7000.814107245175
714,6570.483212589817,15.718859360262721,264.1966839419002,6834.6798965317175,38.01367765497896,7000.039394330876
715,6570.188967313934,15.718155424196015,263.7600873154415,6833.9490546293755,38.00366317666781,6999.26498944788
716,6569.89551317573,15.717453380803182,263.32324436717636,6833.218757542907,37.993593809804025,6998.490890615554
717,6569.6028493154545,15.716753228027404,262.8861548042659,6832.48900411972,37.98346939842031,6997.717096002849
718,6569.310974941997,15.71605496397607,262.44881840858943,6831.759793350587,37.9732897870904,6996.94360392443
719,6569.019889328828,15.715358586911071,262.01123503824687,6831.031124367075,37.96305482102775,6996.170412838545
720,6568.729591808756,15.714664095236257,261.5734046290022,6830.302996437758,37.95276434618687,6995.3975213436715
721,6568.440081769644,15.713971487487187,261.1353271956647,6829.575408965309,37.94241820936747,6994.624928176057
722,6568.151358649324,15.713280762318956,260.69700283340535,6828.848361482729,37.93201625832112,6993.852632206426
723,6567.863421932328,15.712591918498392,260.2584317190087,6828.121853651336,37.92155834186056,6993.080632438429
724,6567.576271143678,15.711904954889182,259.81961411205464,6827.3958852557325,37.91104430997156,6992.308928004109
725,6567.289905845095,15.711219870442811,259.3805503560329,6826.670456201127,37.900474013927195,6991.537518161711
726,6567.004325631166,15.71053666418939,258.94124087938565,6825.9455665105515,37.88984730640454,6990.766402293411
727,6566.719530124041,15.709855335224978,258.50168619647815,6825.221216320519,37.87916404160371,6989.995579901495
728,6566.435518969727,15.709175882702697,258.06188690849757,6824.4974058782245,37.86842407536911,6989.22505060608
729,6566.152291833326,15.708498305821353,257.62184370427747,6823.774135537603,37.857627265312985,6988.454814141714
730,6565.86984839579,15.707822603817679,257.1815573610495,6823.051405756839,37.84677347094096,6987.684870355432
731,6565.588188348256,15.707148775952765,256.74102874512005,6822.329217093376,37.83586255377972,6986.915219202318
732,6565.307311389368,15.706476821505666,256.30025881247434,6821.6075702018425,37.82489437750664,6986.145860743996
733,6565.027217220584,15.705806739762163,255.85924860930595,6820.88646582989,37.81386880808125,6985.376795145044
734,6564.747905542268,15.705138530005426,255.4179992724736,6820.165904814742,37.80278571387865,6984.608022670114
735,6564.4693760494965,15.704472191505973,254.97651202988604,6819.445888079383,37.7916449658245,6983.8395436807195
736,6564.1916284290055,15.703807723514368,254.53478820081526,6818.726416629821,37.780446437531836,6983.071358633085
737,6563.914662354651,15.703145125250362,254.09282919614003,6818.007491550791,37.769190005439256,6982.303468074452
738,6563.638477483292,15.702484395893043,253.65063651852057,6817.289114001813,37.757875548950906,6981.535872639749
739,6563.363073452418,15.701825534575162,253.2082117625066,6816.5712852149245,37.74650295057761,6980.768573049937
740,6563.088449875098,15.701168540371048,252.76555661458048,6815.854006489679,37.735072096079506,6980.0015701076245
741,6562.814606337505,15.700513412290682,252.32267285313694,6815.137279190642,37.723582874609974,6979.234864695196
742,6562.541542393979,15.699860149267893,251.87956234840297,6814.421104742382,37.712035178860624,6978.468457770426
743,6562.2692575647525,15.69920875015491,251.4362270622987,6813.705484627051,37.700428905207566,6977.702350364704
744,6561.997751332119,15.698559213713203,250.99266904824376,6812.990420380363,37.68876395385863,6976.936543579648
745,6561.7270231359325,15.697911538602709,250.54889045090985,6812.275913586843,37.67704022900163,6976.171038583
746,6561.457072371744,15.69726572337738,250.10489350592485,6811.5619658776695,37.66525763895352,6975.405836607118
747,6561.187898385592,15.696621766472708,249.66068053952932,6810.848578925122,37.65341609631032,6974.640938944071
748,6560.9195004723515,15.695979666201797,249.21625396819024,6810.135754440542,37.641515518098,6973.876346944268
749,6560.651877870999,15.695339420744016,248.7716162981752,6809.423494169174,37.62955582592386,6973.112062011943
750,6560.385029761281,15.694701028137036,248.3267701250891,6808.71179988637,37.61753694612878,6972.34808560203
751,6560.118955261186,15.69406448627078,247.8817181333797,6808.000673394566,37.60545880993985,6971.584419217804
752,6559.853653421894,15.693429792875344,247.4364630958128,6807.290116517706,37.59332135362371,6970.821064405969
753,6559.589123226515,15.692796945517978,246.9910078729227,6806.5801310994375,37.58112451864031,6970.058022755523
754,6559.3253635833,15.692165941586842,246.5453554124415,6805.870718995741,37.568868251797085,6969.295295891058
755,6559.062373326087,15.691536778292075,246.0995087487109,6805.161882074798,37.55655250540349,6968.532885473303
756,6558.800151207,15.690909452648327,245.6534710020801,6804.453622209081,37.544177237425934,6967.770793191884
757,6558.538695895533,15.690283961472568,245.20724537829463,6803.745941273828,37.53174241164302,6967.009020764475
758,6558.2780059728075,15.689660301370353,244.76083516787995,6803.0388411406875,37.51924799780092,6966.247569931122
759,6558.018079929434,15.689038468730704,244.31424374552313,6802.3323236749575,37.50669397176903,6965.486442452153
760,6557.758916159986,15.688418459712885,243.8674745694577,6801.626390729444,37.49408031569587,6964.725640102722
761,6557.500512960909,15.687800270241409,243.42053118085454,6800.921044141764,37.48140701816498,6963.965164670782
762,6557.242868524787,15.687183895992312,242.9734172032243,6800.216285728011,37.46867407435106,6963.205017951438
763,6556.985980937159,15.686569332385549,242.52613634183353,6799.512117278993,37.4558814861761,6962.445201743859
764,6556.729848171932,15.685956574574,242.07869238314046,6798.808540555072,37.443029262465586,6961.685717846797
765,6556.474468086972,15.685345617432947,241.6310891942523,6798.105557281224,37.43011741910485,6960.92656805433
766,6556.219838419598,15.684736455549277,241.18333072240915,6797.403169142007,37.41714597919526,6960.167754151506
767,6555.965956782207,15.684129083211023,240.73542099449855,6796.701377776706,37.40411497321052,6959.409277910172
768,6555.712820656655,15.683523494393912,240.2873641166029,6796.000184773257,37.39102443915294,6958.651141083573
769,6555.46042739031,15.682919682751937,239.8391642735847,6795.299591663895,37.37787442270966,6957.893345402682
770,6555.20877418997,15.6823176416028,239.39082572871263,6794.599599918683,37.36466497740887,6957.135892570412
771,6554.9578581173755,15.681717363917166,238.94235282333165,6793.900210940707,37.351396164775934,6956.378784257483
772,6554.7076760823375,15.681118842302242,238.49374997658057,6793.201426058918,37.33806805448948,6955.622022095947
773,6554.45822483903,15.680522068992895,238.04502168516106,6792.503246524191,37.32468072453754,6954.86560767593
774,6554.209500977799,15.679927035832055,237.5961725231593,6791.805673500958,37.311234261373386,6954.109542537932
775,6553.961500920672,15.67933373425998,237.14720714192487,6791.108708062597,37.29772876007164,6953.353828168908
776,6553.714220914053,15.678742155296778,236.69813027000967,6790.412351184063,37.284164324484074,6952.598465995568
777,6553.467657022524,15.678152289527569,236.24894671316775,6789.716603735692,37.27054106739551,6951.843457378863
778,6553.221805121155,15.677564127084102,235.79966135442075,6789.021466475576,37.25685911067959,6951.088803607032
779,6552.976660889133,15.676977657629505,235.35027915419,6788.326940043323,37.24311858545464,6950.33450589005
780,6552.7322198020065,15.676392870339729,234.9008051504977,6787.6330249525045,37.22931963223937,6949.580565352746
781,6552.488477123627,15.675809753884273,234.45124445923943,6786.939721582866,37.2154624011087,6948.826983027689
782,6552.245427898319,15.675228296407461,234.00160227452966,6786.247030172848,37.20154705184952,6948.073759848394
783,6552.003066942449,15.67464848550825,233.55188386912153,6785.55495081157,37.187573754116514,6947.320896641977
784,6551.76138883573,15.67407030821945,233.1020945949037,6784.863483430634,37.17354268758794,6946.568394121641
785,6551.520387911611,15.673493750984715,232.65223988347347,6784.172627795084,37.1594540421216,6945.816252878313
786,6551.280058248528,15.672918799637626,232.20232524678917,6783.482383495317,37.145308017910764,6945.064473373229
787,6551.040393659851,15.672345439377635,231.7523562779013,6782.792749937753,37.13110482564021,6944.313055929288
788,6550.801387682899,15.671773654743777,231.30233865176342,6782.1037263346625,37.11684468664246,6943.5620007215575
789,6550.56303357019,15.671203429593756,230.85227812612345,6781.415311696313,37.102527833053955,6942.811307770098
790,6550.325324276154,15.670634747072139,230.4021805424945,6780.727504818648,37.08815450797158,6942.060976928325
791,6550.0882524472745,15.67006758958678,229.95205182720593,6780.04030427448,37.07372496560918,6941.3110078748805
792,6549.851810409367,15.66950193877839,229.50189799253286,6779.3537084019,37.059239471454376,6940.561400102726
793,6549.615990156044,15.668937775492928,229.0517251379045,6778.667715293948,37.04469830242546,6939.812152909499
794,6549.380783334691,15.668375079748065,228.60153945118813,6777.982322785879,37.030101747028596,6939.063265385453
795,6549.146181234509,15.667813830704567,228.15134721004867,6777.297528444557,37.01545010551513,6938.3147364035485
796,6548.9121747719255,15.667254006631401,227.70115478338028,6776.613329555305,37.00074369003925,6937.5665646069765
797,6548.678754476104,15.66669558487106,227.25096863280723,6775.929723108911,36.985982824815736,6936.8187483968595
798,6548.445910475135,15.666138541806543,226.80079531425088,6775.2467057893855,36.97116784627808,6936.071285920695
799,6548.21363247906,15.665582852820718,226.35064147955848,6774.564273958618,36.95629910323669,6935.324175057698
800,6547.98190976578,15.665028492262632,225.9005138781889,6773.882423643969,36.94137695703746,6934.577413407082
801,6547.750731163418,15.664475433405306,225.4504193589488,6773.201150522367,36.926401781720415,6933.8309982728515
802,6547.520085033437,15.663923648405351,225.00036487177385,6772.520449905211,36.91137396417865,6933.084926649388
803,6547.289959253596,15.663373108262192,224.55035746954593,6771.840316723142,36.896293904317375,6932.339195206922
804,6547.060341198925,15.662823782772548,224.10040430993817,6771.160745508863,36.88116201521302,6931.59380027504
805,6546.831217723655,15.662275640487213,223.6505126572771,6770.481730380932,36.86597872327256,6930.8487378271675
806,6546.602575141291,15.661728648663376,223.20068988441065,6769.803265025702,36.850744468392676,6930.10400346321
807,6546.374399205772,15.661182773219549,222.75094347456746,6769.125342680339,36.83545970411894,6929.359592393256
808,6546.146675088953,15.660637978681706,222.30128102319398,6768.447956112147,36.82012489780478,6928.615499417598
809,6545.919387361384,15.660094228137282,221.85171023974965,6767.771097601134,36.80474053077023,6927.871718909984
810,6545.692519969532,15.6595514831807,221.4022389494427,6767.0947589189755,36.789307098460135,6927.128244797277
811,6545.466056214036,15.659009703861331,220.95287509488242,6766.418931308918,36.77382511060192,6926.385070540036
812,6545.239978727148,15.658468848629541,220.50362673762328,6765.7436054647715,36.75829509136248,6925.642189112198
813,6545.0142694482765,15.657928874278173,220.0545020595726,6765.068771507849,36.742717579504095,6924.899592978692
814,6544.78890960224,15.657389735890526,219.60550936422828,6764.394418966468,36.727093128539174,6924.157274075614
815,6544.563879673253,15.656851386778117,219.15665707771151,6763.720536750964,36.71142230688332,6923.415223785906
816,6544.339159382336,15.656313778426641,218.70795374955298,6763.047113131889,36.69570569800667,6922.673432918218
817,6544.11472766104,15.65577686043311,218.25940805318638,6762.374135714226,36.67994390058279,6921.931891681761
818,6543.890562627964,15.655240580449675,217.81102878609786,6761.701591414062,36.66413752863494,6921.1905896636235
819,6543.666641563023,15.654704884122065,217.36282486957438,6761.0294664325975,36.64828721167912,6920.4495158034015
820,6543.442940883676,15.654169715032717,216.91480534798546,6760.357746231662,36.632393594863174,6919.708658369316
821,6543.219436119643,15.653635014640296,216.46697938752743,6759.686415507171,36.61645733910149,6918.968004932262
822,6542.996101889399,15.653100722223442,216.01935627434986,6759.015458163749,36.600479121204444,6918.227542340988
823,6542.772911876875,15.65256677482506,215.57194541197538,6758.34485728885,36.58445963400172,6917.487256696758
824,6542.549838808507,15.652033107197385,215.12475631791457,6757.674595126422,36.56839958645858,6916.747133327517
825,6542.326854433116,15.651499651753866,214.67779861936762,6757.004653052483,36.55229970378403,6916.007156763943
826,6542.103929501178,15.650966338519565,214.23108204789227,6756.33501154907,36.53616072752961,6915.267310713824
827,6541.8810337480045,15.65043309509092,213.78461643290694,6755.665650180911,36.519983415677515,6914.527578039108
828,6541.658135877036,15.649899846595781,213.3384116938845,6754.9965475709205,36.50376854271647,6913.787940731737
829,6541.43520354904,15.64936651566756,212.8924778310793,6754.327681380119,36.48751689970378,6913.048379893831
830,6541.212203371294,15.648833022419364,212.44682491461631,6753.659028285911,36.471229294311584,6912.308875716166
831,6540.989100893403,15.648299284433978,212.00146307175652,6752.99056396516,36.454906550855256,6911.56940746138
832,6540.7658606059285,15.647765216760595,211.55640247213924,6752.322263078067,36.438549510301755,6910.82995344788
833,6540.542445945774,15.647230731927689,211.1116533107868,6751.654099256561,36.42215903025529,6910.090491038171
834,6540.318819306469,15.64669573996763,210.6672257886425,6750.986045095111,36.40573598491757,6909.350996629502
835,6540.094942057027,15.646160148461787,210.22313009040192,6750.318072147429,36.38928126501969,6908.611445650265
836,6539.870774568249,15.645623862603466,209.7793763593814,6749.65015092763,36.37279577772223,6907.871812560722
837,6539.646276247342,15.645086785280723,209.33597466916166,6748.982250916503,36.35628044648005,6907.132070858692
838,6539.421405584284,15.644548817187282,208.89293499173243,6748.314340576017,36.33973621086788,6906.392193093292
839,6539.19612020944,15.644009856960382,208.45026716186305,6747.646387371303,36.323164026362576,6905.65215088598
840,6538.970376963423,15.643469801347903,208.00798083742103,6746.978357800845,36.30656486407752,6904.911914959582
841,6538.744131981012,15.64292854540912,207.56608545536665,6746.310217436379,36.289939710444344,6904.171455176812
842,6538.5173407927105,15.64238598275768,207.1245901831631,6745.641930975874,36.273289566837164,6903.430740591615
843,6538.289958440221,15.64184200583785,206.68350386536045,6744.973462305582,36.25661544913375,6902.689739509314
844,6538.061939612614,15.641296506250272,206.2428349651413,6744.304774577755,36.239918387208334,6901.948419562111
845,6537.833238801334,15.640749375122809,205.8025915006537,6743.635830301988,36.22319942435024,6901.206747797912
846,6537.603810475675,15.640200503530323,205.36278097600962,6742.9665914516845,36.20645961660253,6900.464690783905
847,6537.3736092823165,15.639649782972048,204.92341030689295,6742.297019589209,36.1897000320149,6899.722214728474
848,6537.142590264568,15.639097105896095,204.48448574080018,6741.627076005368,36.17292174980486,6898.979285617019
849,6536.9107091085625,15.638542366288426,204.04601277203525,6740.956721880598,36.156125859421714,6898.235869369082
850,6536.677922411436,15.637985460314441,203.60799605169439,6740.285918463131,36.13931345950769,6897.491932011989
851,6536.444187972851,15.63742628701639,203.1704392930098,6739.614627265861,36.12248565675157,6896.74743987273
852,6536.209465111844,15.636864749071398,202.73334517256933,6738.942810284413,36.10564356463023,6896.002359790555
853,6535.973715004004,15.636300753598094,202.29671522810165,6738.270430232105,36.0887883020347,6895.256659345956
854,6535.736901039035,15.635734213012045,201.86054975369478,6737.597450792729,36.07192099177817,6894.510307106964
855,6535.498989196096,15.635165045923674,201.4248476935166,6736.923836889612,36.05504275898463,6893.763272891195
856,6535.259948432869,15.634593178069066,200.98960653530986,6736.249554968179,36.038154729358446,6893.015528040888
857,6535.019751086163,15.634018543268331,200.55482220514472,6735.574573291307,36.02125802733687,6892.267045710223
858,6534.7783732743665,15.633441084388437,200.12048896512042,6734.898862239487,36.0043537741294,6891.517801156951
859,6534.535795300811,15.63286075430816,199.6865993159069,6734.222394616718,35.98744308565034,6890.767772039297
860,6534.292002049112,15.632277516863905,199.2531439061952,6733.545145955307,35.97052707035352,6890.016938711345
861,6534.046983361402,15.63169134775455,198.82011145128268,6732.8670948126855,35.95360682698037,6889.26528451005
862,6533.8007343941,15.631102235392584,198.38748866312753,6732.188223057227,35.93668344223619,6888.512796030955
863,6533.553255940748,15.630510181676431,197.95526019427808,6731.508516135026,35.91975798841176,6887.759463384617
864,6533.304554713388,15.629915202663607,197.5234085980872,6730.827963311475,35.90283152097112,6887.005280427699
865,6533.0546435744045,15.629317329125369,197.09191430756226,6730.146557881967,35.88590507612883,6886.250244963127
866,6532.803541709173,15.628716606959745,196.66075563506723,6729.464297344241,35.868979668443345,6885.4943589019695
867,6532.551274733507,15.628113097448582,196.22990879487833,6728.781183528386,35.85205628845578,6884.737628383168
868,6532.29787472596,15.627506877334833,195.7993479503006,6728.097222676261,35.83513590040515,6883.980063843023
869,6532.043380183918,15.626898038717508,195.36904528667534,6727.412425470593,35.8182194400539,6883.221680034828
870,6531.787835894625,15.626286688743122,194.93897111116283,6726.726807005787,35.801307812657996,6882.46249599085
871,6531.531292723047,15.625672949098199,194.5090939796678,6726.040386702714,35.78440189111679,6881.7025349290725
872,6531.273807314032,15.625056955296726,194.07938085071544,6725.353188164747,35.767502514337664,6880.941824102116
873,6531.015441710954,15.624438855767833,193.64979726548472,6724.665238976439,35.75061048584935,6880.180394589883
874,6530.756262897538,15.62381881075966,193.22030755259763,6723.976570450136,35.7337265726956,6879.418281041362
875,6530.496342263933,15.623196991062041,192.79087505565633,6723.287217319589,35.71685150463848,6878.655521364766
876,6530.235755011663,15.622573576582926,192.3614623809496,6722.597217392613,35.69998597369595,6877.8921563781905
877,6529.974579501405,15.62194875478805,191.93203166222423,6721.906611163629,35.683130634034704,6877.12822942168
878,6529.712896559199,15.621322719041146,191.50254483896992,6721.215441398169,35.666286102232576,6876.363785942881
879,6529.450788750157,15.620695666866403,191.07296394430048,6720.5237526944575,35.649452957919934,6875.598873061409
880,6529.188339635173,15.62006779817027,190.64325139825712,6719.83159103343,35.63263174480201,6874.8335391233195
881,6528.925633021374,15.619439313448263,190.21337030220934,6719.139003323583,35.6158229720576,6874.067833252034
882,6528.662752221382,15.618810412012875,189.7832847299934,6718.446036951375,35.59902711610262,6873.301804906422
883,6528.399779331965,15.61818129026786,189.3529600115113,6717.752739343477,35.58224462269993,6872.535503452222
884,6528.136794543312,15.617552140055771,188.92236300469844,6717.05915754801,35.565475909390635,6871.76897775386
885,6527.873875491901,15.616923147109812,188.49146235205762,6716.365337843959,35.54872136821563,6871.002275795698
886,6527.611096661749,15.616294489621408,188.06022871832874,6715.671325380077,35.53198136869121,6870.235444333884
887,6527.348528842603,15.615666336944026,187.62863500630635,6714.977163848909,35.51525626099784,6869.46852858425
888,6527.086238653884,15.615038848454267,187.1966565483136,6714.282895202197,35.498546379337746,6868.701571952317
889,6526.824288132215,15.614412172565107,186.7642712713682,6713.588559403583,35.48185204541454,6867.934615801136
890,6526.562734390111,15.613786445909355,186.3314598346255,6712.894194224736,35.4651735719864,6867.167699262876
891,6526.301629343171,15.613161792687013,185.89820573822624,6712.199835081397,35.448511266444356,6866.4008590904305
892,6526.041019508004,15.612538324181827,185.46449540320836,6711.505514911212,35.43186543436725,6865.63412955071
893,6525.780945865343,15.611916138433834,185.03031822264248,6710.811264087985,35.41523638300689,6864.867542354065
894,6525.521443791347,15.611295320074994,184.59566658461023,6710.117110375958,35.398624424658905,6864.101126623224
895,6525.262543045314,15.610675940299794,184.1605358680585,6709.423078913372,35.382029879877756,6863.33490889084
896,6525.004267818635,15.61005805698238,183.72492441291882,6708.7291922315535,35.36545308049766,6862.568913131719
897,6524.746636832803,15.609441714911013,183.28883346617994,6708.0354702989835,35.34889437242502,6861.803160819032
898,6524.489663485625,15.608826946137858,182.85226710584448,6707.3419305914695,35.332354118171466,6861.037671005515
899,6524.2333560390025,15.608213770428236,182.4152321448778,6706.64858818388,35.315832699100824,6860.272460424969
900,6523.977717843553,15.607602195797975,181.97773801738555,6705.955455860939,35.29933051736678,6859.507543611484
901,6523.722747594677,15.60699221912602,181.53979664932493,6705.262544244001,35.282847997521586,6858.74293303322
902,6523.468439615398,15.606383826831095,181.10142231607952,6704.569861931477,35.26638558777941,6857.978639238318
903,6523.214784161346,15.605776995601307,180.66263148920697,6703.877415650553,35.24994376092069,6857.214671010558
904,6522.9617677436745,15.605171693166685,180.22344267461017,6703.185210418284,35.2335230148264,6856.451035532779
905,6522.709373465463,15.604567879103978,179.78387624429456,6702.493249709757,35.21712387263348,6855.687738555713
906,6522.457581368926,15.603965505667288,179.343954263759,6701.801535632685,35.200746882504,6854.924784571577
907,6522.206368788533,15.603364518632853,178.90370031693197,6701.110069105465,35.18439261700304,6854.162176989428
908,6521.955710709881,15.60276485815761,178.46313933041648,6700.418850040297,35.168061672081194,6853.39991831385
909,6521.705580127043,15.602166459634073,178.02229739864856,6699.727877525691,35.15175466565915,6852.638010321308
910,6521.455948403528,15.601569254553894,177.58120161141022,6699.037150014939,35.13547223581383,6851.876454240729
911,6521.206785626133,15.600973171354385,177.13987988497445,6698.346665511107,35.119215038566566,6851.115250928871
912,6520.9580609568875,15.600378136260497,176.6983607979979,6697.656421754886,35.102983745276475,6850.354401046839
913,6520.70974297713,15.599784074107967,176.25667343312335,6696.966416410253,35.08677903964436,6849.593905232707
914,6520.461800026781,15.599190909154979,175.81484722510532,6696.276647251886,35.070601614335324,6848.8337642742445
915,6520.214200530991,15.598598565863615,175.37291181613824,6695.587112347129,35.05445216723183,6848.073979274587
916,6519.966913321172,15.598006969667875,174.93089691894184,6694.897810240113,35.03833139733288,6847.314551818511
917,6519.719907941,15.597416047705742,174.48883218804653,6694.208740129046,35.022240000319364,6846.555484130436
918,6519.473154943082,15.596825729528904,174.0467470996274,6693.519902042709,35.00617866381084,6845.796779230286
919,6519.226626170186,15.596235947775565,173.60467084015,6692.831297010336,34.99014806234436,6845.038441081534
920,6518.980295024012,15.595646638813426,173.1626322040248,6692.142927228037,34.97414885211158,6844.280474734722
921,6518.734136715752,15.59505774333912,172.720659500412,6691.454796216164,34.95818166549681,6843.522886461075
922,6518.4881285001975,15.594469206938271,172.27878046927714,6690.766908969475,34.942247105464155,6842.765683878244
923,6518.242249891168,15.593880980600881,171.837022206769,6690.079272097937,34.92634573984857,6842.008876066278
924,6517.99648285483,15.593293021183804,171.39541109997492,6689.391893954805,34.910478095610536,6841.252473670711
925,6517.750811981734,15.59270529182233,170.95397277109956,6688.704784752834,34.894644653120025,6840.496488993906
926,6517.505224633509,15.592117762281122,170.51273203111478,6688.017956664624,34.87884584053954,6839.740936070971
927,6517.259711060543,15.591530409235748,170.0717128429366,6687.33142390348,34.863082028379935,6838.985830726932
928,6517.014264493473,15.590943216491562,169.6309382941967,6686.645202787669,34.847353524305326,6838.231190618398
929,6516.7688811995195,15.590356175118467,169.1904305796926,6685.959311779212,34.83166056826539,6837.477035251166
930,6516.523560505656,15.589769283506355,168.75021099361706,6685.273771499273,34.816003328033155,6836.723385976217
931,6516.278304784152,15.589182547330507,168.31029993168409,6684.5886047158365,34.80038189522601,6835.97026596007
932,6516.033119397076,15.588595979418843,167.87071690328108,6683.903836300357,34.784796281884894,6835.217700126556
933,6515.788012598595,15.58800959951817,167.43148055378725,6683.219493152382,34.76924641768332,6834.465715069304
934,6515.542995392312,15.5874234339529,166.9926086971986,6682.53560408951,34.75373214783246,6833.714338932581
935,6515.298081338913,15.586837515164865,166.55411835919523,6681.852199698108,34.7382532317425,6832.963601256188
936,6515.053286315064,15.586251881136516,166.11602583077112,6681.169312145835,34.72280934249288,6832.213532785679
937,6514.808628220322,15.585666574689766,165.6783467325189,6680.486974952841,34.7074000671555,6831.464165244967
938,6514.564126628771,15.585081642652563,165.24109608962527,6679.805222718396,34.69202490800556,6830.71553106822
939,6514.3198023877285,15.584497134898871,164.80428841757944,6679.124090805308,34.67668328464491,6829.967663093513
940,6514.075677158258,15.583913103249422,164.36793781853288,6678.443614976791,34.6613745370519,6829.220594212967
941,6513.831772903733,15.583329600248165,163.93205808816782,6677.7638309919,34.64609792956128,6828.474356985492
942,6513.588111319282,15.582746677797324,163.49666283283952,6677.084774152121,34.63085265576682,6827.728983204706
943,6513.344713209362,15.582164385668332,163.06176559664556,6676.406478806008,34.61563784432869,6826.984503428837
944,6513.101597813949,15.581582769889831,162.6273799979523,6675.728977811902,34.6004525656575,6826.240946472512
945,6512.858782082058,15.581001871009708,162.19351987476657,6675.0523019568245,34.58529583943736,6825.498338858377
946,6512.616279902873,15.580421722255679,161.76019943818483,6674.376479341058,34.57016664294106,6824.756704237852
947,6512.374101292364,15.579842347589388,161.32743343297363,6673.701534725337,34.55506392008303,6824.016062777699
948,6512.1322515447955,15.579263759676545,160.89523730414675,6673.027488848942,34.539986591147944,6823.2764305204355
949,6511.890730353177,15.578685957782719,160.46362736818475,6672.354357721361,34.52493356312735,6822.537818720965
950,6511.64953090489,15.578108925609783,160.03262098731128,6671.682151892201,34.50990374059114,6821.800233163772
951,6511.408638964161,15.577532629100864,159.6022367449782,6671.010875709138,34.49489603701693,6821.063673470162
952,6511.168031945097,15.576957014222721,159.17249462042417,6670.340526565521,34.47990938649695,6820.328132396783
953,6510.927677991869,15.576382004765238,158.74341615985546,6669.671094151725,34.464942755739806,6819.593595139193
954,6510.687535070314,15.575807500168215,158.31502464144853,6669.002559711763,34.44999515628274,6818.860038641593
955,6510.447550093012,15.575233373428258,157.88734523099006,6668.334895324002,34.43506565682861,6818.127430931207
956,6510.20765808391,15.574659469100263,157.46040512454985,6667.66806320846,34.42015339562081,6817.39573047941
957,6509.967781407007,15.57408560145217,157.0342336741269,6667.002015081134,34.405257592768265,6816.664885609676
958,6509.72782907424,15.573511552809187,156.60886249171494,6666.336691565954,34.390377562431254,6815.93483396253
959,6509.487696157041,15.572937072146031,156.18432552671175,6665.672021683753,34.3755127247767,6815.2055020365315
960,6509.247263326901,15.5723618739878,155.76065911105158,6665.007922437952,34.36066261760874,6814.4768048245505
961,6509.00639655649,15.571785637694951,155.33790196588393,6664.344298522374,34.34582690757644,6813.748645570331
962,6508.764947011419,15.571208007204353,154.91609516308097,6663.6810421745,34.33100540085454,6813.020915668218
963,6508.522751177416,15.57062859133353,154.49528203435483,6663.018033211771,34.316198053186156,6812.29349474313
964,6508.279631263242,15.570046964744597,154.075508020354,6662.355139283596,34.301404979166946,6811.566250942972
965,6508.035395929455,15.569462669687692,153.65682045183314,6661.692216381289,34.286626460639,6810.839041485068
966,6507.7898413993225,15.568875218658667,153.23926825493868,6661.029109654261,34.271862954049446,6810.111713504377
967,6507.542753005382,15.568284098099,152.82290157290387,6660.365654578286,34.257115096613454,6809.384105248555
968,6507.293907234109,15.567688773287342,152.40777129712149,6659.70167853123,34.242383711104715,6808.656047674535
969,6507.043074323525,15.567088694553886,151.9939285017855,6659.03700282531,34.22766980907881,6807.927366494803
970,6506.79002146474,15.566483304939569,151.58142377819783,6658.371445242938,34.21297459231711,6807.197884719517
971,6506.534516643023,15.565872049385224,151.17030646756427,6657.704823110587,34.19829945226249,6806.467425727929
972,6506.276333137338,15.565254385496024,150.7606237947612,6657.036956932099,34.18364596720457,6805.735816889439
973,6506.015254662685,15.564629795843745,150.3524199102144,6656.367674572899,34.16901589696343,6805.00289372469
974,6505.751081103379,15.563997801682724,149.94573485267435,6655.696815956053,34.15441117481988,6804.268504566519
975,6505.483634737078,15.5633579778399,149.54060345217295,6655.024238189251,34.13983389644902,6803.532515638804
976,6505.212766788032,15.562709968392422,149.13705419952493,6654.349820987557,34.12528630563666,6802.794816417077
977,6504.938364099731,15.562053502630937,148.73510811594358,6653.673472215674,34.11077077659638,6802.055325093868
978,6504.660355648766,15.561388410642982,148.33477766305168,6652.995133311818,34.09628979276289,6801.313993910337
979,6504.378718582659,15.560714637757556,147.93606573902144,6652.31478432168,34.081845922015475,6800.570814082447
980,6504.093483432605,15.560032257015802,147.53896480993484,6651.63244824254,34.06744178838514,6799.825820022015
981,6503.804738152072,15.559341478832708,147.14345622592415,6650.948194377996,34.05308004041938,6799.0790925538195
982,6503.512630655893,15.558642657071514,146.7495097686016,6650.262140424495,34.03876331651577,6798.330760851338
983,6503.217369603757,15.557936290918079,146.3570834694122,6649.574453073169,34.02449420768578,6797.581002876602
984,6502.919223259222,15.55722302215125,145.96612372795212,6648.885346987175,34.01027521836359,6796.830044187056
985,6502.618516380778,15.55650362770521,145.576565745582,6648.19508212636,33.99610872602483,6796.078155084568
986,6502.315625220392,15.555779007704286,145.1883342738643,6647.503959494256,33.98199694051307,6795.325646185488
987,6502.010970837075,15.555050169466686,144.80134466083726,6646.812315497912,33.96794186407975,6794.572862606659
988,6501.705011043928,15.554318208239062,144.41550416240992,6646.120515206338,33.95394525321426,6793.82017705782
989,6501.398231375553,15.553584285587448,144.0307134726622,6645.428944848215,33.94000858336712,6793.067982185862
990,6501.091135514375,15.552849606493721,143.64686841670064,6644.738003931076,33.92613301764614,6792.316682557836
991,6500.784235615335,15.552115396208936,143.26386174368298,6644.048097359018,33.91231938049114,6791.566686664155
992,6500.478042934848,15.551382877834566,142.88158495589744,6643.359627890746,33.89856813720881,6790.818399287605
993,6500.173059110647,15.550653251460878,142.49993011211842,6642.672989222766,33.88487938008177,6790.072214526122
994,6499.869768366642,15.549927675518283,142.1187915492279,6641.988559915871,33.87125282156395,6789.328509689673
995,6499.568630824871,15.549207250777204,141.73806747441807,6641.30669829929,33.85768779484748,6788.587640206876
996,6499.2700770331985,15.548493007256456,141.35766139020942,6640.627738423408,33.84418326184806,6787.849935612448
997,6498.974503728885,15.547785894088241,140.97748332509036,6639.951987053975,33.83073782841736,6787.1156966075905
998,6498.682270811147,15.54708677227547,140.59745085300653,6639.279721664153,33.81734976636461,6786.385193147839
999,6498.393699438444,15.546396410139819,140.21748989457006,6638.611189333014,33.804017041665,6785.658663464257
1000,6498.109071132321,15.545715481177803,139.83753530129533,6637.946606433617,33.790737348058414,6784.9363138976705
1001,6497.828627764788,15.545044564030592,139.457531231161,6637.286158995948,33.77750814510381,6784.21831942715
1002,6497.552572278688,15.544384144207386,139.07743132926288,6636.630003607951,33.76432669965674,6783.504824751458
1003,6497.281070009301,15.543734617247132,138.69719873130157,6635.978268740603,33.751190129680516,6782.7959458047135
1004,6497.014250472013,15.543096292995248,138.31680591026512,6635.331056382279,33.73809544928584,6782.091771586673
1005,6496.75220949701,15.54246940071055,137.93623438809274,6634.688443885103,33.725039613915655,6781.392366205636
1006,6496.4950116067575,15.541854094753008,137.555474334535,6634.050485941292,33.71201956464925,6780.697771047517
1007,6496.242692543482,15.541250460630339,137.17452407505692,6633.417216618539,33.6990322706855,6780.008006996021
1008,6495.995261870812,15.540658521222039,136.79338952864842,6632.788651399461,33.686074769175825,6779.323076645375
1009,6495.752705587516,15.540078243032335,136.41208359497818,6632.164789182494,33.67314420170574,6778.6429664599145
1010,6495.514988703384,15.539509542352594,136.03062550859644,6631.54561421198,33.660237846863446,6777.967648845836
1011,6495.282057737013,15.538952291236873,135.64904017597948,6630.931097912992,33.647353148480505,6777.297084108883
1012,6495.053843107006,15.538406323222503,135.2673575092121,6630.321200616218,33.634487739275286,6776.631222282066
1013,6494.830261394545,15.53787143874293,134.88561176809887,6629.715873162644,33.621639459772,6775.970004812652
1014,6494.6112174645905,15.53734741020237,134.5038409205436,6629.115058385134,33.60880637250037,6775.313366105511
1015,6494.396606431796,15.536833986678937,134.12208602917843,6628.518692460974,33.595986771601446,6774.66123491744
1016,6494.186315472945,15.536330898260635,133.74039067049213,6627.9267061434375,33.58317918806978,6774.013535611541
1017,6493.980225479178,15.535837859998034,133.35880039112527,6627.339025870304,33.570382390950286,6773.370189270938
1018,6493.778212553158,15.535354575486023,132.97736220457222,6626.75557475773,33.557595384877644,6772.7311146819475
1019,6493.5801493545605,15.53488074008268,132.59612413027145,6626.176273484832,33.544817404397314,6772.0962291939595
1020,6493.385906298498,15.534416043776313,132.21513477596932,6625.6010410744675,33.532047905540246,6771.465449463568
1021,6493.195352615034,15.533960173720176,131.83444296330708,6625.029795578341,33.51928655513895,6770.838692093195
1022,6493.008357278506,15.533512816455756,131.45409739580197,6624.462454674308,33.50653321837265,6770.215874174229
1023,6492.824789812558,15.533073659838657,131.07414636775647,6623.898936180315,33.49378794501455,6769.596913741128
1024,6492.644520983018,15.532642394696216,130.69463751213104,6623.339158495149,33.48105095482836,6768.981730148652
1025,6492.46742338556,15.532218716233398,130.3156175850353,6622.783040970596,33.46832262252466,6768.370244378578
1026,6492.293371937352,15.531802325208977,129.93713228422862,6622.230504221581,33.45560346264433,6767.762379284084
1027,6492.122244282637,15.53139292890583,129.55922609884874,6621.681470381486,33.44289411468687,6767.158059780374
1028,6491.953921121132,15.530990241916584,129.18194218750526,6621.135863308637,33.430195328749775,6766.557212988699
1029,6491.788286465347,15.530593986759202,128.80532228186266,6620.593608747209,33.41750795189165,6765.959768337938
1030,6491.62522783625,15.530203894345096,128.42940661288867,6620.054634449139,33.404832915379615,6765.3656576310395
1031,6491.464636407326,15.529819704323746,128.05423385704339,6619.518870264369,33.3921712229311,6764.774815084119
1032,6491.306407096726,15.529441165303172,127.6798410998248,6618.98624819655,33.37952394001418,6764.1871773356115
1033,6491.150438624208,15.529068034986143,127.30626381425593,6618.456702438463,33.36689218422816,6763.602683439855
1034,6490.99663352796,15.52870008021043,126.93353585208834,6617.930169380048,33.35427711675026,6763.021274837912
1035,6490.844898155461,15.52833707692694,126.56168944570189,6617.406587601163,33.341679934803096,6762.442895317557
1036,6490.695142628309,15.527978810115572,126.19075521888915,6616.885897847199,33.32910186507376,6761.86749096027
1037,6490.54728078806,15.527625073655646,125.82076220492348,6616.368042992983,33.316544157996326,6761.295010080266
1038,6490.401230124056,15.527275670153244,125.45173787051532,6615.852967994571,33.30400808279745,6760.72540315474
1039,6490.256911690609,15.526930410743084,125.08370814445706,6615.340619835066,33.29149492319756,6760.158622750975
1040,6490.11425001279,15.526589114863134,124.71669744994222,6614.830947462732,33.279005973658045,6759.594623448144
1041,6489.9731729865,15.52625161001555,124.35072873971338,6614.323901726213,33.26654253606727,6759.0333617581055
1042,6489.83361177243,15.52591773151299,123.985823533348,6613.819435305778,33.25410591676427,6758.474796043703
1043,6489.69550068776,15.52558732221952,123.62200195612681,6613.317502643887,33.241697423807786,6757.91888643745
1044,6489.558777096773,15.52526023228893,123.25928277904913,6612.818059875823,33.229318364409934,6757.365594761006
1045,6489.423381300232,15.524936318900076,122.8976834596593,6612.321064759892,33.21697004246616,6756.81488444462
1046,6489.289256426495,15.5246154459964,122.5372201834346,6611.826476609929,33.204653756127,6756.266720449082
1047,6489.156348323422,15.524297484027326,122.17790790555117,6611.334256228974,33.19237079537117,6755.721069188839
1048,6489.024605453323,15.523982309696944,121.81976039289918,6610.844365846222,33.18012243955259,6755.177898458276
1049,6488.893978789365,15.523669805716183,121.46279026625763,6610.356769055623,33.16790995490737,6754.63717735947
1050,6488.764421715832,15.523359860564192,121.10700904256734,6609.8714307584,33.15573459201788,6754.098876233677
1051,6488.6358899294655,15.52305236825231,120.75242717725773,6609.388317106724,33.1435975832414,6753.562966593824
1052,6488.508341346702,15.522747228102158,120.39905410659327,6608.907395453295,33.131500140119456,6753.029421062814
1053,6488.381736009734,15.522444344520894,120.04689829000631,6608.42863429974,33.11944345079042,6752.498213310679
1054,6488.25603599948,15.522143626793016,119.69596725238031,6607.95200325186,33.10742867743294,6751.969317998693
1055,6488.13120534818,15.521844988871244,119.34626762624066,6607.47747297442,33.095456953771006,6751.442710723324
1056,6488.007209955497,15.52154834917583,118.9978051937998,6607.005015149297,33.08352938267259,6750.918367963923
1057,6487.88401750763,15.521253630401029,118.65058492879328,6606.5346024364235,33.07164703387374,6750.396267033774
1058,6487.761597397589,15.520960759324376,118.30461103803154,6606.066208435621,33.05981094185845,6749.876386032705
1059,6487.6399206480455,15.520669666622119,117.95988700258218,6605.599807650628,33.04802210392178,6749.358703802687
1060,6487.518959837153,15.520380286691752,117.61641561848737,6605.13537545564,33.03628147844015,6748.843199886855
1061,6487.398689023546,15.520092557472598,117.27419903691512,6604.6728880604605,33.02458998336802,6748.329854488112
1062,6487.279083676984,15.519806420279865,116.93323880363587,6604.212322480619,33.012948494975575,6747.818648433763
1063,6487.160120607427,15.519521819634994,116.5935358977161,6603.753656505143,33.00135784683673,6747.309563138883
1064,6487.0417778981555,15.519238703105636,116.25509076931748,6603.296868667473,32.98981882907145,6746.8025805739335
1065,6486.924034839598,15.518957021147363,115.91790337649553,6602.841938216094,32.978332187841445,6746.297683233204
1066,6486.806871865923,15.51867672695197,115.58197322089418,6602.388845086817,32.96689862509358,6745.794854105974
1067,6486.6902704919175,15.518397776296453,115.24729938224247,6601.93756987416,32.95551879854085,6745.294076647812
1068,6486.574213254584,15.51812012740331,114.91388055156597,6601.48809380615,32.94419332186703,6744.795334756272
1069,6486.458683653373,15.517843740797542,114.58171506303873,6601.040398716412,32.932922765138215,6744.298612744763
1070,6486.343666094988,15.517568579174613,114.25080092441237,6600.5944670194,32.921707655401335,6743.803895320396
1071,6486.22914583974,15.517294607272106,113.92113584597212,6600.150281685713,32.910548477449005,6743.311167562616
1072,6486.11510894885,15.51702179174366,113.59271726798313,6599.707826216833,32.89944567472753,6742.820414901898
1073,6486.001542236144,15.516750101043407,113.26554238660461,6599.267084622748,32.88839965036598,6742.331623101841
1074,6485.888433219849,15.516479505310642,112.93960817826174,6598.82804139811,32.87741076830308,6741.844778240228
1075,6485.775770078273,15.516209976263811,112.61491142247996,6598.390681500753,32.86647935449011,6741.359866692785
1076,6485.663541605947,15.515941487095567,112.29144872319674,6597.954990329144,32.85560569814914,6740.876875116092
1077,6485.551737174768,15.515674012379828,111.96921652857922,6597.520953703348,32.84479005306708,6740.39579043419
1078,6485.4403466948725,15.515407527978164,111.64821114938455,6597.088557844257,32.83403263890836,6739.9165998235085
1079,6485.329360578434,15.515142010953191,111.32842877591042,6596.6577893543445,32.8233336425309,6739.4392906993535
1080,6485.218769706629,15.514877439489544,111.00986549358947,6596.228635200218,32.81269321929226,6738.96385070414
1081,6485.108565397868,15.514613792817865,110.69251729728855,6595.801082695157,32.80211149433538,6738.490267695515
1082,6484.998739376972,15.51435105114108,110.37638010437763,6595.375119481349,32.79158856384525,6738.018529734076
1083,6484.889283749536,15.514089195573053,110.06144976663822,6594.950733516174,32.7811244962703,6737.54862507495
1084,6484.780190974778,15.513828208073631,109.74772208108061,6594.527913055858,32.77071933350427,6737.080542156602
1085,6484.671453841365,15.513568071390827,109.43519279974345,6594.1066466411085,32.760373092026114,6736.614269591422
1086,6484.563065446364,15.51330876901044,109.12385763854637,6593.686923084911,32.75008576399734,6736.149796158299
1087,6484.4550191738,15.513050285104784,108.81371228526629,6593.268731459066,32.739857318317235,6735.687110793746
1088,6484.347308674585,15.512792604484654,108.50475240670632,6592.852061081292,32.729687701638035,6735.226202583417
1089,6484.239927850434,15.512535712560846,108.19697365512276,6592.436901505556,32.71957683934257,6734.767060756696
1090,6484.132870835526,15.512279595300301,107.89037167397318,6592.023242509499,32.70952463648782,6734.309674678221
1091,6484.0261319822275,15.512024239191932,107.58494210304418,6591.611074085272,32.699530978718,6733.854033842696
1092,6483.9197058455975,15.511769631209564,107.28068058301453,6591.200386428612,32.68959573315118,6733.400127867819
1093,6483.813587171084,15.511515758782497,106.97758275950436,6590.791169930588,32.67971874924319,6732.947946489796
1094,6483.707770881792,15.511262609765053,106.67564428665753,6590.38341516845,32.66989985963245,6732.497479557851
1095,6483.6022520651,15.511010172404546,106.37486083030026,6589.977112895401,32.660138880969086,6732.0487170276165
1096,6483.4970259647835,15.51075843532245,106.07522807071521,6589.572254035499,32.650435614730974,6731.601648959579
1097,6483.392087967675,15.510507387482477,105.77674170506629,6589.168829672742,32.6407898480291,6731.156265511669
1098,6483.287433595682,15.510257018171488,105.47939744950618,6588.766831045188,32.6312013544039,6730.712556936845
1099,6483.1830584965455,15.510007316977381,105.18319104099601,6588.366249537541,32.62166989461347,6730.270513579109
1100,6483.078958434964,15.509758273767856,104.88811823886246,6587.967076673826,32.61219521741423,6729.830125869578
1101,6482.975129284385,15.509509878670777,104.59417482611667,6587.569304110501,32.602777060333814,6729.391384322954
1102,6482.871567020214,15.509262122057928,104.3013566105558,6587.172923630769,32.59341515043543,6728.954279535164
1103,6482.768267711981,15.50901499452627,104.00965942566702,6586.7779271376485,32.58410920507264,6728.518802179715
1104,6482.665227516272,15.508768486881035,103.71907913135186,6586.384306647624,32.57485893263291,6728.084943004577
1105,6482.562442672301,15.508522590125121,103.42961161448673,6585.992054286788,32.56566403326794,6727.652692831503
1106,6482.45990949305,15.508277295437919,103.14125278933633,6585.601162282386,32.55652419960903,6727.222042550686
1107,6482.357624362778,15.508032594169325,102.85399859783251,6585.21162296061,32.54743911746469,6726.7929831215815
1108,6482.2555837294,15.507788477821531,102.56784500973339,6584.823428739133,32.53840846649881,6726.365505568403
1109,6482.153784101314,15.507544938041422,102.28278802267509,6584.436572123989,32.52943192088662,6725.939600979846
1110,6482.052222041953,15.507301966607544,101.99882366212773,6584.051045704081,32.52050914994665,6725.515260506349
1111,6481.950894165595,15.507059555420083,101.7159479812675,6583.666842146862,32.51163981874655,6725.0924753584095
1112,6481.849797134182,15.50681769649326,101.4341570607759,6583.283954194958,32.50282358868116,6724.671236805721
1113,6481.748927653165,15.50657638194537,101.15344700857551,6582.90237466174,32.49406011802125,6724.251536175133
1114,6481.648282467963,15.506335603990342,100.873813959513,6582.522096427477,32.48534906243192,6723.833364849055
1115,6481.547858362403,15.506095354933978,100.59525407499751,6582.1431124374,32.476690075459885,6723.416714265651
1116,6481.447652153909,15.505855627162461,100.31776354260299,6581.765415696512,32.46808280898895,6723.001575915614
1117,6481.347660692696,15.505616413140421,100.04133857564213,6581.388999268338,32.459526913663936,6722.5879413427765
1118,6481.247880858581,15.505377705403305,99.7659754127187,6581.0138562713,32.451022039282996,6722.175802142181
1119,6481.148309559432,15.505139496553666,99.49167031726432,6580.639979876696,32.442567835159,6721.765149959638
1120,6481.048943729111,15.504901779256246,99.21841957706474,6580.267363306176,32.43416395045071,6721.355976490637
1121,6480.949780326197,15.50466454623492,98.94621950378041,6579.895999829977,32.42581003446506,6720.9482734799
1122,6480.850816331824,15.50442779026752,98.67506643246479,6579.525882764288,32.41750573693159,6720.542032719941
1123,6480.7520487495385,15.5041915041855,98.40495672108311,6579.157005470622,32.40925070825067,6720.137246051512
1124,6480.653474603103,15.503955680868668,98.13588675003413,6578.789361353137,32.40104459971716,6719.733905361906
1125,6480.555090936161,15.503720313244404,97.86785292167586,6578.422943857837,32.392887063721254,6719.332002585024
1126,6480.456894811641,15.503485394286223,97.60085165985618,6578.057746471497,32.3847777539282,6718.931529701084
1127,6480.3588833100475,15.503250917009684,97.33487940944848,6577.693762719496,32.37671632543881,6718.532478735155
1128,6480.261053529896,15.503016874473436,97.06993263589192,6577.330986165788,32.36870243493264,6718.134841757745
1129,6480.163402587,15.502783259777512,96.80600782473581,6576.969410411735,32.36073574079538,6717.738610884195
1130,6480.065927613585,15.502550066061207,96.54310148118661,6576.609029094771,32.3528159032324,6717.343778273832
1131,6479.968625758523,15.502317286503642,96.28121012965636,6576.249835888179,32.34494258436984,6716.950336130189
1132,6479.871494186613,15.50208491432204,96.02033031331129,6575.891824499924,32.337115448344925,6716.558276700224
1133,6479.774530079101,15.501852942772969,95.76045859361858,6575.53498867272,32.32933416138657,6716.167592274752
1134,6479.677730632782,15.501621365150196,95.50159154989024,6575.179322182672,32.32159839188779,6715.778275187384
1135,6479.581093060247,15.50139017478528,95.24372577882207,6574.82481883907,32.313907810470766,6715.390317814617
1136,6479.484614590559,15.501159365049185,94.98685789402727,6574.471472484587,32.3062620900456,6715.003712576286
1137,6479.3882924679965,15.500928929349273,94.73098452556263,6574.119276993559,32.29866090586342,6714.618451934065
1138,6479.292123953117,15.500698861131859,94.47610231944753,6573.768226272565,32.29110393556462,6714.2345283922705
1139,6479.196106322735,15.500469153882142,94.22220793717463,6573.41831425991,32.28359085922258,6713.851934497528
1140,6479.100236869809,15.500239801123945,93.96929805521208,6573.069534925021,32.2761213593834,6713.470662838338
1141,6479.00451290436,15.500010796421915,93.71736936449838,6572.721882268858,32.26869512110189,6713.090706045651
1142,6478.908931752082,15.499782133378186,93.46641856992925,6572.375350322011,32.26131183197391,6712.712056791098
1143,6478.813490757018,15.4995538056388,93.21644238983825,6572.029933146857,32.25397118216533,6712.334707789276
1144,6478.718187279839,15.499325806889567,92.96743755547212,6571.6856248353115,32.2466728644376,6711.958651795615
1145,6478.623018699188,15.499098130859302,92.71940081046228,6571.34241950965,32.239416574169915,6711.583881607289
1146,6478.527982411653,15.498870771319744,92.47232891029472,6571.000311321948,32.23220200937802,6711.210390062743
1147,6478.433075832504,15.49864372208733,92.22621862177942,6570.659294454284,32.225028870729524,6710.838170041957
1148,6478.338296395271,15.49841697702218,91.98106672252237,6570.319363117793,32.21789686155574,6710.467214465561
1149,6478.243641553637,15.498190530032623,91.73687000040192,6569.9805115540385,32.21080568786002,6710.0975162962295
1150,6478.149108780033,15.49796437507185,91.49362525305193,6569.642734033085,32.203755058322436,6709.729068536787
1151,6478.054695567577,15.497738506142529,91.25132928735376,6569.306024854931,32.1967446843009,6709.36186423164
1152,6477.960399429738,15.497512917296023,91.00997891894025,6568.9703783486775,32.18977427982873,6708.995896465933
1153,6477.866217900718,15.497287602633296,90.76957097171261,6568.635788872431,32.18284356160852,6708.631158365428
1154,6477.772148536597,15.497062556307649,90.53010227737357,6568.302250813971,32.17595224900265,6708.267643097132
1155,6477.678188914801,15.496837772523447,90.29156967497757,6567.969758589778,32.16910006402031,6707.905343868267
1156,6477.58433663514,15.496613245538613,90.05397001050058,6567.638306645641,32.16228673130128,6707.5442539268015
1157,6477.490589320577,15.496388969666452,89.81730013643033,6567.307889457007,32.1555119780965,6707.184366561727
1158,6477.396944616249,15.496164939273323,89.5815569113787,6566.9785015276275,32.148775534245885,6706.825675101597
1159,6477.303400191455,15.495941148783384,89.34673719971664,6566.6501373911715,32.14207713215322,6706.468172916038
1160,6477.209953739271,15.495717592677682,89.1128378712329,6566.322791610504,32.13541650675871,6706.1118534149045
1161,6477.116602976951,15.495494265495099,88.87985580081633,6565.996458777768,32.128793395509184,6705.756710048233
1162,6477.023345645965,15.49527116183245,88.64778786816245,6565.671133514127,32.12220753832645,6705.402736305848
1163,6476.930179513092,15.495048276347111,88.41663095750391,6565.346810470596,32.115658677573826,6705.049925718043
1164,6476.837102370557,15.494825603757313,88.18638195736415,6565.023484327921,32.10914655802135,6704.6982718553145
1165,6476.744112035616,15.494603138841187,87.95703776033442,6564.70114979595,32.10267092680979,6704.347768327572
1166,6476.651206351423,15.494380876438811,87.72859526287264,6564.3798016142955,32.0962315334138,6703.998408784645
1167,6476.558383186963,15.494158811452063,87.50105136512371,6564.059434552087,32.08982812960449,6703.6501869158665
1168,6476.465640438217,15.493936938847408,87.27440297075972,6563.740043408977,32.083460469411655,6703.303096450917
1169,6476.372976026774,15.49371525365257,87.04864698683923,6563.4216230136135,32.07712830908579,6702.957131158137
1170,6476.280387901297,15.493493750960042,86.82378032368435,6563.104168224982,32.07083140706041,6702.612284845694
1171,6476.187874037013,15.493272425925868,86.59979989477378,6562.787673931787,32.06456952391444,6702.268551360815
1172,6476.095432436245,15.49305127377092,86.37670261665137,6562.472135052896,32.0583424223353,6701.925924590055
1173,6476.0030611284255,15.492830289780922,86.15448540884799,6562.157546537273,32.05214986708253,6701.584398459083
1174,6475.910758170268,15.492609469306862,85.93314519381595,6561.843903364084,32.045991624952194,6701.243966932627
1175,6475.818521645076,15.492388807763339,85.71267889687451,6561.53120054195,32.039867464742294,6700.904624013579
1176,6475.726349664115,15.492168300631855,85.49308344616536,6561.219433110281,32.033777157219035,6700.566363744184
1177,6475.63424036591,15.491947943459115,85.27435577261699,6560.908596138527,32.02772047508426,6700.229180205144
1178,6475.542191916142,15.491727731856798,85.05649280991678,6560.598684726058,32.02169719294394,6699.893067515364
1179,6475.45020250833,15.491507661503181,84.83949149449039,6560.28969400282,32.01570708727788,6699.558019832479
1180,6475.358270362735,15.491287728140515,84.62334876548681,6559.9816191282225,32.00974993641053,6699.224031351609
1181,6475.266393727577,15.491067927577937,84.40806156476954,6559.674455292347,32.00382552048297,6698.891096306448
1182,6475.174570878187,15.490848255689443,84.19362683691226,6559.3681977151,31.99793362142613,6698.559208968303
1183,6475.082800117836,15.490628708415876,83.98004152919911,6559.062841647035,31.992074022935043,6698.228363646803
1184,6474.991079776125,15.490409281761064,83.76730259162937,6558.758382367754,31.98624651044421,6697.898554688187
1185,6474.8994082105455,15.490189971795564,83.55540697692564,6558.4548151874715,31.98045087110411,6697.569776476775
1186,6474.807783806018,15.489970774655546,83.34435164054611,6558.152135446564,31.9746868937586,6697.242023434414
1187,6474.716204973686,15.489751686539918,83.13413354070025,6557.850338514387,31.968954368923313,6696.915290019203
1188,6474.624670152497,15.489532703714108,82.92474963836813,6557.549419790865,31.963253088764958,6696.589570726992
1189,6474.5331778081645,15.48931382250757,82.71619689732347,6557.249374705488,31.957582847081458,6696.264860090292
1190,6474.441726432671,15.48909503931261,82.50847228415999,6556.950198716831,31.951943439282847,6695.941152677712
1191,6474.3503145455325,15.488876350587399,82.30157276832213,6556.651887313855,31.94633466237287,6695.618443095177
1192,6474.258940692394,15.488657752852617,82.09549532213887,6556.354436014533,31.940756314931264,6695.2967259844845
1193,6474.167603445154,15.488439242691756,81.89023692086207,6556.057840366016,31.93520819709667,6694.975996023386
1194,6474.0763014026,15.48822081675263,81.68579454270841,6555.762095945308,31.929690110550027,6694.6562479262
1195,6473.985033188845,15.488002471743648,81.48216516890578,6555.46719835775,31.924201858498524,6694.337476442219
1196,6473.893797454783,15.48778420443728,81.27934578374354,6555.173143238527,31.918743245659993,6694.019676357148
1197,6473.802592876719,15.487566011666793,81.07733337462716,6554.879926251347,31.913314078247716,6693.702842491724
1198,6473.711418156625,15.487347890326854,80.87612493213676,6554.587543088762,31.907914163955613,6693.386969701969
1199,6473.620272022101,15.487129837373447,80.67571745009026,6554.295989472191,31.902543311943806,6693.072052879146
1200,6473.5291532258625,15.486911849822638,80.47610792561022,6554.005261151473,31.897201332824434,6692.758086949259
1201,6473.438060546006,15.486693924751211,80.27729335919476,6553.7153539052015,31.891888038647853,6692.44506687332
1202,6473.346992785027,15.486476059294324,80.07927075479242,6553.42626353982,31.886603242889045,6692.132987646387
1203,6473.255948770411,15.486258250646916,79.88203711988042,6553.137985890292,31.88134676043431,6691.8218442981815
1204,6473.1649273540315,15.486040496062277,79.68558946554673,6552.850516819578,31.876118407568185,6691.511631892499
1205,6473.073927412442,15.485822792852732,79.48992480657493,6552.563852219017,31.870918001960625,6691.202345527545
1206,6472.982947845528,15.485605138386429,79.29504016153248,6552.27798800706,31.865745362654366,6690.893980334607
1207,6472.891987577525,15.485387530089772,79.10093255286117,6551.992920130386,31.860600310052547,6690.5865314791145
1208,6472.801045555749,15.485169965444374,78.90759900697029,6551.708644562719,31.855482665906514,6690.279994159412
1209,6472.710120751363,15.484952441988908,78.7150365543318,6551.425157305695,31.85039225330381,6689.974363607567
1210,6472.619212158278,15.484734957316455,78.5232422295772,6551.142454387856,31.845328896656426,6689.669635088311
1211,6472.528318793551,15.48451750907548,78.33221307159594,6550.860531865147,31.840292421689256,6689.365803899495
1212,6472.437439696636,15.48430009496803,78.14194612363482,6550.5793858202705,31.835282655428628,6689.062865371385
1213,6472.346573929174,15.48408271274922,77.9524384333985,6550.299012362572,31.830299426191207,6688.760814866504
1214,6472.255720575634,15.483865360228789,77.76368705315033,6550.019407628784,31.825342563573024,6688.459647780327
1215,6472.164878741632,15.483648035267061,77.57568903981362,6549.740567781445,31.82041189843862,6688.1593595396525
1216,6472.074047554654,15.483430735776682,77.38844145507291,6549.462489009727,31.815507262910565,6687.859945603387
1217,6471.9832261639895,15.483213459722462,77.20194136547507,6549.185167529465,31.810628490358972,6687.561401462526
1218,6471.89241373902,15.482996205117274,77.01618584252995,6548.90859958155,31.805775415391388,6687.263722638503
1219,6471.801609471109,15.482778970026578,76.8311719628105,6548.63278143392,31.800947873842716,6686.966904685136
1220,6471.710812571633,15.482561752563715,76.64689680805212,6548.357709379685,31.79614570276545,6686.670943186715
1221,6471.620022272494,15.482344550891133,76.463357465251,6548.0833797377445,31.791368740419998,6686.375833758571
1222,6471.529237825478,15.482127363218847,76.28055102676159,6547.80978885224,31.786616826265217,6686.081572046493
1223,6471.438458502669,15.481910187805429,76.09847459039274,6547.536933093062,31.78188980094916,6685.788153727191
1224,6471.347683595475,15.481693022955682,75.91712525950294,6547.264808854979,31.77718750629989,6685.495574507383
1225,6471.256912414605,15.481475867020587,75.7365001430938,6546.993412557698,31.772509785316544,6685.203830123825
1226,6471.166144289782,15.481258718396608,75.55659635590271,6546.722740645685,31.767856482160497,6684.912916343083
1227,6471.075378570236,15.48104157552688,75.37741101849363,6546.45278958873,31.7632274421467,6684.6228289620685
1228,6470.984614622986,15.480824436897095,75.19894125734695,6546.183555880332,31.758622511735084,6684.33356380638
1229,6470.893851833915,15.480607301038074,75.02118420494767,6545.915036038862,31.754041538522216,6684.045116731434
1230,6470.80308960701,15.480390166523948,74.84413699987223,6545.647226606882,31.749484371232928,6683.757483621745
1231,6470.712327363613,15.480173031970367,74.667796786874,6545.380124150487,31.74495085971217,6683.470660390235
1232,6470.621564543544,15.479955896037186,74.49216071696732,6545.113725260511,31.740440854916876,6683.1846429793995
1233,6470.530800603163,15.479738757423835,74.31722594751021,6544.848026550673,31.735954208908026,6682.8994273594235
1234,6470.44003501654,15.479521614872105,74.1429896422857,6544.583024658826,31.731490774842673,6682.6150095293915
1235,6470.349267274187,15.479304467163127,73.96944897158185,6544.318716245769,31.727050406966136,6682.331385516071
1236,6470.258496884195,15.479087313120083,73.7966011122705,6544.0550979964655,31.722632960604223,6682.048551375094
1237,6470.167723369858,15.478870151602532,73.62444324788443,6543.792166617743,31.71823829215555,6681.766503188619
1238,6470.076946271418,15.47865298151057,73.45297256869375,6543.529918840111,31.713866259083822,6681.485237067126
1239,6469.98616514481,15.478435801781842,73.28218627178042,6543.26835141659,31.70951671991033,6681.2047491482
1240,6469.895379562211,15.47821861139285,73.11208156111195,6543.007461123323,31.705189534206326,6680.925035597121
1241,6469.8045891104675,15.478001409355185,72.94265564761363,6542.747244758081,31.70088456258552,6680.646092605328
1242,6469.713793392275,15.47778419471836,72.77390574923945,6542.487699141514,31.6966016666966,6680.367916391644
1243,6469.622992025295,15.477566966567693,72.60582909104191,6542.228821116338,31.692340709215795,6680.090503201426
1244,6469.532184641685,15.477349724023169,72.43842290524043,6541.970607546925,31.688101553839402,6679.813849306126
1245,6469.441370888553,15.477132466240558,72.27168443128858,6541.713055319842,31.68388406527646,6679.537951003795
1246,6469.350550427457,15.476915192410184,72.10561091593986,6541.456161343397,31.679688109241273,6679.262804618596
1247,6469.259722933679,15.476697901755212,71.94019961331252,6541.199922546992,31.675513552446134,6678.988406500132
1248,6469.168888096574,15.476480593532473,71.77544778495256,6540.944335881526,31.67136026259393,6678.71475302381
1249,6469.078045619537,15.476263267032385,71.61135269989599,6540.689398319433,31.66722810837082,6678.441840590846
1250,6468.987195219339,15.476045921577366,71.44791163472934,6540.435106854068,31.66311695943898,6678.169665627628
1251,6468.896336625561,15.475828556520481,71.28512187364902,6540.18145849921,31.659026686429225,6677.898224585177
1252,6468.805469581464,15.475611171247522,71.12298070851926,6539.928450289984,31.654957160933783,6677.627513940046
1253,6468.714593842908,15.47539376517442,70.96148543892882,6539.676079281837,31.650908255499033,6677.357530193258
1254,6468.623709178466,15.475176337747527,70.80063337224615,6539.424342550712,31.646879843618272,6677.088269870452
1255,6468.532815369273,15.474958888443236,70.64042182367336,6539.173237192946,31.642871799724468,6676.819729521747
1256,6468.441912208359,15.47474141676641,70.4808481162987,6538.922760324658,31.638883999183065,6676.551905721104
1257,6468.350999501306,15.47452392225193,70.32190958114765,6538.672909082454,31.634916318284816,6676.284795066993
1258,6468.260077065237,15.47430640446229,70.1636035572328,6538.42368062247,31.63096863423862,6676.0183941814075
1259,6468.16914472906,15.47408886298818,70.0059273916022,6538.175072120662,31.627040825164364,6675.752699710127
1260,6468.07820233287,15.473871297447058,69.84887843938635,6537.927080772257,31.623132770085846,6675.48770832213
1261,6467.9872497286515,15.473653707484813,69.6924540638439,6537.679703792495,31.619244348923672,6675.223416710313
1262,6467.896286778924,15.473436092772547,69.536651636406,6537.43293841533,31.615375442488183,6674.959821590153
1263,6467.805313357239,15.47321845300775,69.38146853671918,6537.186781893958,31.611525932472468,6674.696919700214
1264,6467.714329347769,15.473000787913323,69.2269021526871,6536.9412315004565,31.60769570144533,6674.434707801744
1265,6467.623334645681,15.472783097238471,69.07294988051075,6536.696284526191,31.60388463284434,6674.173182679065
1266,6467.532329155785,15.472565380755468,68.91960912472757,6536.451938280513,31.600092610968886,6673.912341138228
1267,6467.441312793547,15.472347638262073,68.76687729824911,6536.208190091796,31.596319520973296,6673.652180008029
1268,6467.350285484364,15.472129869579817,68.61475182239755,6535.965037306762,31.59256524885994,6673.392696139303
1269,6467.259247162994,15.471912074552618,68.4632301269407,6535.722477289934,31.588829681472422,6673.133886404339
1270,6467.168197774685,15.471694253049485,68.31230965012624,6535.480507424811,31.585112706488772,6672.875747698037
1271,6467.077137273409,15.471476404960308,68.16198783871418,6535.2391251121235,31.581414212414703,6672.618276936128
1272,6466.986065622459,15.47125853019727,68.01226214800857,6534.998327770468,31.577734088576854,6672.361471055777
1273,6466.894982794715,15.47104062869549,67.86313004188773,6534.758112836603,31.574072225116147,6672.105327015858
1274,6466.803888771293,15.47082270040979,67.71458899283338,6534.518477764126,31.570428512981117,6671.849841795594
1275,6466.712783543224,15.470604745318717,67.56663648195878,6534.279420025183,31.566802843921295,6671.59501239624
1276,6466.621667108937,15.47038676341851,67.41926999903542,6534.040937107972,31.563195110480674,6671.340835838563
1277,6466.530539475731,15.470168754726629,67.27248704251889,6533.80302651825,31.559605205991122,6671.087309164311
1278,6466.439400659943,15.46995071928216,67.12628511957347,6533.565685779517,31.556033024565977,6670.834429436379
1279,6466.348250684678,15.469732657140376,66.98066174609563,6533.328912430773,31.552478461093493,6670.58219373653
1280,6466.257089582243,15.469514568378571,66.83561444673657,6533.092704028979,31.548941411230516,6670.330599167832
1281,6466.165917392122,15.4692964530912,66.69114075492358,6532.857058147045,31.54542177139608,6670.079642852618
1282,6466.074734161581,15.46907831139134,66.54723821288036,6532.621972374461,31.541919438765067,6669.829321933089
1283,6465.983539945608,15.468860143410545,66.40390437164642,6532.387444317254,31.538434311261945,6669.579633571244
1284,6465.892334806273,15.468641949297304,66.26113679109534,6532.153471597368,31.53496628755451,6669.33057494823
1285,6465.801118813202,15.468423729218188,66.118933039952,6531.920051853154,31.53151526704769,6669.082143264812
1286,6465.709892042854,15.46820548335611,65.97729069580896,6531.687182738663,31.528081149877362,6668.834335740629
1287,6465.618654578408,15.467987211910065,65.83620734514177,6531.454861923549,31.52466383690426,6668.587149614083
1288,6465.52740651065,15.467768915097247,65.69568058332321,6531.223087093973,31.521263229707856,6668.3405821432025
1289,6465.436147935782,15.467550593147804,65.5557080146368,6530.9918559504185,31.51787923058042,6668.094630603443
1290,6465.34487895754,15.467332246309903,65.4162872522892,6530.761166209829,31.514511742520888,6667.849292289795
1291,6465.253599686086,15.467113874847096,65.27741591842165,6530.531015604508,31.511160669229056,6667.604564515655
1292,6465.162310236528,15.466895479034758,65.13909164412063,6530.301401880649,31.507825915099577,6667.360444611332
1293,6465.0710107318,15.466677059166985,65.00131206942756,6530.0723228012275,31.504507385216144,6667.116929926918
1294,6464.97970129938,15.466458615548756,64.8640748433475,6529.843776142728,31.50120498534568,6666.874017828981
1295,6464.888382073553,15.466240148501322,64.72737762385711,6529.61575969741,31.497918621932563,6666.631705702816
1296,6464.797053193677,15.466021658358079,64.59121807791165,6529.388271271589,31.494648202092883,6666.389990950693
1297,6464.7057148048225,15.465803145466083,64.4555938814512,6529.1613086862735,31.491393633608787,6666.1488709924715
1298,6464.614367057894,15.46558461018635,64.32050271940591,6528.9348697773,31.488154824922823,6665.908343265714
1299,6464.523010108465,15.465366052891065,64.18594228570052,6528.708952394166,31.484931685132384,6665.668405224492
1300,6464.4316441180745,15.465147473966685,64.05191028325814,6528.483554401332,31.48172412398413,6665.429054340663
1301,6464.340269252624,15.464928873810106,63.9184044240029,6528.258673676627,31.478532051868505,6665.190288102255
1302,6464.248885683258,15.464710252830761,63.78542242886218,6528.03430811212,31.475355379814285,6664.952104014312
1303,6464.157493586056,15.464491611449896,63.65296202776781,6527.810455613824,31.472194019483183,6664.714499598576
1304,6464.066093141706,15.464272950099776,63.52102095965666,6527.587114101363,31.469047883164457,6664.477472393129
1305,6463.974684535471,15.464054269223615,63.389596972470315,6527.364281507941,31.46591688376964,6664.241019952339
1306,6463.883267957116,15.463835569275398,63.25868782315413,6527.14195578027,31.46280093482724,6664.0051398467685
1307,6463.79184360087,15.463616850719786,63.12829127765548,6526.9201348785255,31.45969995047751,6663.769829663102
1308,6463.70041166511,15.463398114031364,62.9984051109213,6526.698816776031,31.4566138454673,6663.535087003814
1309,6463.608972352446,15.463179359694847,62.869027106894976,6526.477999459341,31.453542535144912,6663.300909487221
1310,6463.517525869033,15.46296058820343,62.740155058512464,6526.257680927546,31.450485935454985,6663.067294746776
1311,6463.4260724260575,15.46274180006234,62.61178676769772,6526.037859193755,31.447443962933512,6662.834240432516
1312,6463.334612237394,15.462522995783239,62.48392004535752,6525.818532282751,31.444416534702775,6662.601744208709
1313,6463.243145521263,15.462304175888189,62.35655271137561,6525.599698232639,31.44140356846644,6662.369803755468
1314,6463.151672499402,15.46208534090766,62.229682594606146,6525.381355094008,31.438404982504625,6662.1384167679025
1315,6463.060193396845,15.461866491380011,62.10330753286651,6525.1635009297115,31.43542069566903,6661.907580955872
1316,6462.968708442295,15.461647627852381,61.97742537292957,6524.946133815224,31.432450627378127,6661.677294044319
1317,6462.877217867551,15.461428750879309,61.85203397051529,6524.729251838066,31.429494697612395,6661.44755377268
1318,6462.785721907811,15.461209861023473,61.72713119028167,6524.512853098093,31.42655282690952,6661.218357895149
1319,6462.6942208014825,15.460990958855222,61.60271490581515,6524.296935707298,31.4236249363598,6660.989704180463
1320,6462.602714789178,15.460772044950188,61.47878299962048,6524.0814977887985,31.420710947601396,6660.761590410864
1321,6462.511204115879,15.460553119894447,61.355333363109935,6523.866537478989,31.4178107828158,6660.534014384238
1322,6462.419689028091,15.460334184277729,61.232363896592034,6523.652052924683,31.414924364723205,6660.306973911229
1323,6462.328169775771,15.460115238698018,61.109872509259645,6523.438042285031,31.41205161657802,6660.080466817145
1324,6462.2366466111325,15.45989628375869,60.987857119177626,6523.22450373031,31.409192462164363,6659.854490940725
1325,6462.145119789184,15.459677320069817,60.86631565326988,6523.011435442454,31.406346825791644,6659.629044134647
1326,6462.053589567625,15.459458348247907,60.745246047305926,6522.798835614931,31.4035146322901,6659.404124265393
1327,6461.962056206079,15.459239368914064,60.62464624588699,6522.586702451966,31.40069580700651,6659.179729212444
1328,6461.8705199663855,15.459020382694701,60.50451420243153,6522.375034168817,31.397890275799803,6658.955856868546
1329,6461.7789811136,15.458801390223924,60.38484787916032,6522.1638289927605,31.39509796503681,6658.732505140671
1330,6461.687439913401,15.458582392137323,60.26564524708107,6521.953085160482,31.39231880158801,6658.50967194739
1331,6461.595896634749,15.458363389078347,60.14690428597257,6521.7428009207215,31.389552712823306,6658.287355221503
1332,6461.504351547974,15.458144381693717,60.02862298436842,6521.532974532342,31.386799626607875,6658.065552908087
1333,6461.412804925651,15.457925370635527,59.910799339540134,6521.323604265191,31.38405947129803,6657.844262965337
1334,6461.321257042026,15.457706356559871,59.79343135748013,6521.114688399506,31.381332175737114,6657.623483363963
1335,6461.229708172671,15.457487340126008,59.67651705288402,6520.906225225555,31.378617669251483,6657.4032120868
1336,6461.138158595511,15.45726832199883,59.56005444913259,6520.698213044644,31.37591588164642,6657.183447129806
1337,6461.046608589644,15.45704930284604,59.44404157827336,6520.490650167918,31.373226743202245,6656.964186500848
1338,6460.955058435555,15.456830283338647,59.32847648100182,6520.283534916556,31.370550184670265,6656.745428219871
1339,6460.863508415665,15.456611264152308,59.21335720664217,6520.076865622307,31.367886137268957,6656.527170319428
1340,6460.771958813462,15.45639224596522,59.098681813127705,6519.87064062659,31.36523453268002,6656.309410843748
1341,6460.680409913737,15.4561732294587,58.984448366980935,6519.664858280718,31.36259530304462,6656.092147848963
1342,6460.588862002279,15.455954215316456,58.870654943293204,6519.459516945572,31.359968380959504,6655.875379402746
1343,6460.49731536674,15.45573520422665,58.75729962570405,6519.254614992444,31.357353699473293,6655.6591035851525
1344,6460.405770294953,15.455516196877879,58.64438050638023,6519.050150801333,31.354751192082723,6655.443318486893
1345,6460.314227076768,15.455297193963558,58.531895685994314,6518.846122762762,31.352160792728938,6655.228022211133
1346,6460.2226860021065,15.455078196177288,58.41984327370309,6518.6425292758095,31.34958243579387,6655.013212871513
1347,6460.131147361985,15.454859204215277,58.30822138712554,6518.439368749111,31.34701605609657,6654.798888593131
1348,6460.039611449136,15.454640218777838,58.19702815232063,6518.236639601457,31.34446158888962,6654.5850475131265
1349,6459.948078555791,15.454421240564093,58.08626170376463,6518.034340259555,31.341918969855588,6654.371687778427
1350,6459.856548975688,15.454202270276767,57.97592018432831,6517.832469160016,31.339388135103476,6654.158807547717
1351,6459.765023002767,15.453983308619058,57.86600174525378,6517.6310247480205,31.33686902116525,6653.946404990089
1352,6459.673500932278,15.453764356297317,57.756504546131055,6517.430005478409,31.334361564992346,6653.7344782861255
1353,6459.58198305925,15.453545414017345,57.64742675487432,6517.229409814125,31.331865703952257,6653.523025626317
1354,6459.490469679558,15.453326482486982,57.538766547698074,6517.029236227257,31.329381375825136,6653.312045212096
1355,6459.398961089579,15.45310756241526,57.43052210909282,6516.829483198671,31.326908518800423,6653.101535255453
1356,6459.30745758586,15.452888654511627,57.32269163180067,6516.630149217661,31.324447071473486,6652.89149397857
1357,6459.215959465059,15.452669759485788,57.21527331679067,6516.43123278185,31.321996972842367,6652.681919613714
1358,6459.124467024894,15.452450878049987,57.10826537323386,6516.232732398128,31.319558162304446,6652.472810404152
1359,6459.032980562442,15.452232010914933,57.001666018478154,6516.034646580921,31.317130579653252,6652.264164602412
1360,6458.941500375515,15.452013158793097,56.89547347802298,6515.8369738535375,31.314714165075195,6652.055980471615
1361,6458.850026761873,15.451794322396825,56.78968598549371,6515.6397127473665,31.312308859146427,6651.848256284654
1362,6458.758560018949,15.451575502437676,56.68430178261595,6515.4428618015645,31.309914602829654,6651.640990323874
1363,6458.667100445103,15.451356699629432,56.57931911918952,6515.246419564292,31.307531337471037,6651.434180882291
1364,6458.575648337584,15.451137914683216,56.4747362530624,6515.050384590647,31.30515900479707,6651.227826261515
1365,6458.484203994463,15.450919148312114,56.3705514501043,6514.854755444568,31.302797546911524,6651.021924773633
1366,6458.392767713161,15.450700401227659,56.2667629841803,6514.659530697341,31.300446906292418,6650.816474739713
1367,6458.301339791147,15.4504816741415,56.16336913712408,6514.464708928272,31.298107025788966,6650.6114744904535
1368,6458.209920525738,15.450262967764925,56.06036819871113,6514.2702887244495,31.29577784861866,6650.406922365941
1369,6458.1185102137715,15.450044282808065,55.95775846663179,6514.076268680404,31.29345931836425,6650.2028167152885
1370,6458.027109151834,15.449825619980466,55.855538246464135,6513.882647398298,31.291151378970852,6649.999155896821
1371,6457.935717636598,15.449606979991863,55.753705851646664,6513.689423488245,31.288853974743034,6649.7959382783765
1372,6457.8443359638495,15.449388363549879,55.65225960345095,6513.496595567301,31.286567050341944,6649.593162236288
1373,6457.75296442925,15.449169771361841,55.55119783095405,6513.304162260204,31.284290550782465,6649.390826156108
1374,6457.661603327654,15.448951204133143,55.4505188710109,6513.112122198665,31.28202442143038,6649.188928431887
1375,6457.570252954074,15.448732662569554,55.3502210682265,6512.9204740223,31.2797686079996,6648.987467467098
1376,6457.47891360234,15.44851414737402,55.250302774928016,6512.729216377268,31.27752305654937,6648.786441673258
1377,6457.387585566009,15.448295659248826,55.150762351136784,6512.538347917146,31.275287713481543,6648.585849470791
1378,6457.2962691382645,15.44807719889537,55.05159816454025,6512.347867302805,31.273062525537856,6648.385689288894
1379,6457.204964611072,15.447858767012134,54.95280859046369,6512.157773201536,31.27084743979723,6648.185959564654
1380,6457.113672276235,15.447640364297213,54.85439201184198,6511.968064288077,31.268642403673105,6647.986658744055
1381,6457.022392424723,15.447421991446706,54.75634681919115,6511.778739243914,31.266447364910817,6647.787785281276
1382,6456.931125346631,15.44720364915462,54.658671410579984,6511.589796757211,31.264262271584933,6647.589337638606
1383,6456.839871331491,15.446985338113615,54.56136419160143,6511.4012355230925,31.2620870720967,6647.391314286713
1384,6456.74863066796,15.44676705901426,54.46442357534398,6511.213054243304,31.259921715171455,6647.1937137043
1385,6456.657403643684,15.446548812544698,54.36784798236299,6511.025251626047,31.25776614985607,6646.996534377921
1386,6456.566190545851,15.446330599391988,54.271635840651925,6510.837826386503,31.255620325516453,6646.7997748025
1387,6456.4749916604715,15.446112420240363,54.175785585613596,6510.650777246085,31.253484191835025,6646.603433480568
1388,6456.383807272466,15.44589427577145,54.08029566003121,6510.464102932497,31.251357698808246,6646.407508922312
1389,6456.292637666127,15.445676166665375,53.98516451403946,6510.277802180167,31.249240796744175,6646.211999646004
1390,6456.201483124954,15.445458093600369,53.890390605095675,6510.09187373005,31.247133436260015,6646.016904177781
1391,6456.110343930952,15.44524005725108,53.79597239795062,6509.906316328902,31.245035568279732,6645.822221050918
1392,6456.019220365344,15.445022058290297,53.7019083646196,6509.721128729963,31.242947144031625,6645.627948806501
1393,6455.928112708318,15.44480409738832,53.60819698435331,6509.536309692671,31.24086811504603,6645.434085993122
1394,6455.837021238897,15.444586175212672,53.51483674360875,6509.351857982506,31.238798433152894,6645.240631166721
1395,6455.745946235318,15.44436829242899,53.42182613602,6509.167772371338,31.236738050479513,6645.047582890924
1396,6455.654887974162,15.444150449698952,53.32916366236921,6508.984051636531,31.23468691944822,6644.854939736131
1397,6455.563846731418,15.44393264768282,53.23684783055722,6508.800694561975,31.23264499277407,6644.662700280543
1398,6455.472822781279,15.443714887036553,53.144877155574505,6508.617699936854,31.23061222346265,6644.470863108916
1399,6455.381816397414,15.443497168414865,53.05325015947189,6508.435066556885,31.22858856480776,6644.2794268138
1400,6455.290827851748,15.443279492468296,52.96196537133134,6508.25279322308,31.226573970389275,6644.088389994273
1401,6455.199857415682,15.44306185984613,52.87102132723671,6508.070878742919,31.224568394070886,6643.897751257127
1402,6455.108905358169,15.442844271191792,52.780416570244526,6507.889321928414,31.222571789997957,6643.707509214904
1403,6455.017971948242,15.442626727148905,52.690149650354705,6507.708121598597,31.220584112595354,6643.517662488387
1404,6454.927057452573,15.442409228355437,52.60021912448141,6507.527276577054,31.218605316565323,6643.328209704114
1405,6454.836162137277,15.44219177544803,52.51062355642367,6507.3467856937,31.21663535688536,6643.139149496152
1406,6454.7452862664795,15.441974369058563,52.42136151683628,6507.166647783316,31.214674188806114,6642.950480504623
1407,6454.654430103679,15.441757009817415,52.33243158320056,6506.98686168688,31.21272176784933,6642.762201377024
1408,6454.563593910454,15.441539698350368,52.243832339795134,6506.80742625025,31.210778049805747,6642.574310766905
1409,6454.472777947017,15.441322435279945,52.15556237766678,6506.628340324683,31.208842990733103,6642.386807334373
1410,6454.381982472678,15.441105221226502,52.06762029460126,6506.449602767279,31.20691654695406,6642.19968974653
1411,6454.291207744859,15.440888056805884,51.98000469509411,6506.271212439953,31.204998675054277,6642.012956676439
1412,6454.20045401971,15.440670942630886,51.892714190321634,6506.093168210032,31.203089331880342,6641.826606803711
1413,6454.10972155214,15.44045387931134,51.80574739811179,6505.915468950252,31.201188474537876,6641.6406388144915
1414,6454.019010595007,15.44023686745217,51.71910294291506,6505.738113537922,31.19929606038952,6641.455051400616
1415,6453.928321400281,15.440019907656174,51.63277945577546,6505.561100856056,31.19741204705305,6641.269843260737
1416,6453.837654218346,15.439803000522359,51.54677557430162,6505.384429792648,31.195536392399447,6641.085013099586
1417,6453.747009298109,15.439586146646194,51.461089942637734,6505.208099240747,31.193669054551,6640.900559628044
1418,6453.656386886645,15.439369346618768,51.375721211434644,6505.032108098079,31.191809991879424,6640.716481562755
1419,6453.565787229825,15.43915260102829,51.29066803782102,6504.856455267646,31.189959163004005,6640.532777626713
1420,6453.475210571667,15.438935910458534,51.20592908537448,6504.681139657042,31.188116526789745,6640.349446548577
1421,6453.384657155399,15.438719275491383,51.121503024092796,6504.506160179491,31.18628204234556,6640.166487063694
1422,6453.294127221805,15.438502696702884,51.03738853036516,6504.33151575217,31.184455669022412,6639.983897912418
1423,6453.203621010431,15.438286174666102,50.9535842869435,6504.157205297374,31.182637366411583,6639.801677841265
1424,6453.113138759637,15.438069709951284,50.870088982913785,6503.98322774255,31.180827094342845,6639.619825602942
1425,6453.022680705632,15.437853303123523,50.786901313667485,6503.8095820193,31.179024812882716,6639.43833995534
1426,6452.932247083239,15.437636954744592,50.70401998087295,6503.636267064112,31.177230482332707,6639.25721966226
1427,6452.8418381257125,15.437420665372517,50.62144369244702,6503.46328181816,31.1754440632276,6639.0764634932
1428,6452.751454064697,15.437204435561476,50.539171162526486,6503.290625227223,31.173665516333728,6638.896070223275
1429,6452.661095130229,15.436988265861793,50.457201111439794,6503.118296241669,31.171894802647248,6638.716038633184
1430,6452.570761550665,15.436772156819773,50.37553226567869,6502.946293816344,31.170131883392518,6638.536367509102
1431,6452.480453552714,15.436556108977785,50.29416335786996,6502.774616910584,31.168376720020355,6638.357055642672
1432,6452.390171361583,15.4363401228746,50.213093126747275,6502.603264488331,31.16662927420643,6638.1781018311285
1433,6452.299915200873,15.436124199045151,50.13232031712299,6502.432235517997,31.164889507849608,6637.9995048771425
1434,6452.209685291942,15.435908338019,50.05184367986017,6502.261528971802,31.163157383070327,6637.821263588158
1435,6452.119481855581,15.435692540324357,49.97166197184451,6502.091143827426,31.161432862208997,6637.643376778035
1436,6452.029305109667,15.435476806482457,49.89177395595643,6501.921079065623,31.15971590782437,6637.465843264659
1437,6451.93915527131,15.435261137012702,49.81217840104325,6501.751333672353,31.158006482691995,6637.288661872063
1438,6451.849032555585,15.43504553242963,49.73287408189133,6501.581906637476,31.156304549802638,6637.111831429118
1439,6451.758937176035,15.434829993244103,49.65385977919838,6501.412796955234,31.15461007236071,6636.9353507700025
1440,6451.6688693441265,15.434614519962025,49.57513427954582,6501.244003623672,31.152923013782768,6636.759218733627
1441,6451.578829270403,15.434399113087087,49.49669637537119,6501.075525645774,31.151243337695945,6636.583434164751
1442,6451.4888171629,15.434183773116986,49.41854486494062,6500.9073620278405,31.149571007936462,6636.407995912364
1443,6451.3988332286835,15.43396850054709,49.340678552321435,6500.739511781005,31.14790598854812,6636.232902831189
1444,6451.308877672114,15.433753295866302,49.26309624735481,6500.571973919469,31.146248243780818,6636.058153779915
1445,6451.218950696879,15.43353815956191,49.185796765628425,6500.404747462508,31.144597738089075,6635.883747623195
1446,6451.12905250469,15.433323092116483,49.10877892844933,6500.237831433139,31.142954436130587,6635.709683230307
1447,6451.039183295112,15.433108094007444,49.03204156281683,6500.071224857928,31.14131830276475,6635.535959474955
1448,6450.949343266536,15.432893165709416,48.95558350139537,6499.904926767931,31.13968930305125,6635.362575236204
1449,6450.85953261513,15.432678307691699,48.87940358248764,6499.7389361976175,31.138067402248634,6635.189529397399
1450,6450.769751535761,15.432463520420482,48.80350065000768,6499.573252185769,31.13645256581292,6635.016820847055
1451,6450.680000221523,15.43224880435771,48.72787355345402,6499.407873774977,31.134844759396163,6634.84444847835
1452,6450.590278863394,15.432034159960272,48.65252114788306,6499.242800011277,31.1332439488451,6634.672411188753
1453,6450.500587651153,15.431819587682185,48.577442293882356,6499.078029945035,31.131650100199757,6634.500707880904
1454,6450.410926772818,15.43160508797325,48.50263585754412,6498.913562630362,31.13006317969213,6634.329337462023
1455,6450.321296413928,15.43139066127734,48.42810071043868,6498.749397124367,31.128483153744778,6634.158298843156
1456,6450.231696759494,15.431176308037069,48.353835729588155,6498.585532489083,31.126909988969544,6633.9875909411
1457,6450.142127991938,15.430962028688846,48.279839797440154,6498.421967789378,31.125343652166205,6633.817212676301
1458,6450.0525902922045,15.43074782366556,48.206111801841516,6498.258702094046,31.123784110321147,6633.6471629739435
1459,6449.963083839224,15.430533693395272,48.13265063601221,6498.095734475236,31.122231330606077,6633.477440763372
1460,6449.8736088111555,15.4303196383042,48.0594551985193,6497.933064009675,31.120685280376755,6633.308044979314
1461,6449.784165383158,15.430105658811383,47.986524393250974,6497.770689776409,31.119145927171672,6633.138974559606
1462,6449.694753729518,15.429891755333776,47.91385712939069,6497.608610858909,31.117613238710824,6632.9702284473005
1463,6449.605374022677,15.429677928283917,47.84145232139138,6497.4468263440685,31.116087182894425,6632.801805589659
1464,6449.516026433022,15.429464178069429,47.76930888894972,6497.285335321972,31.11456772780169,6632.633704937909
1465,6449.426711129572,15.42925050509467,47.69742575698064,6497.124136886553,31.113054841689564,6632.465925447903
1466,6449.337428279439,15.429036909759425,47.62580185559169,6496.963230135031,31.111548492991545,6632.298466079545
1467,6449.248178048348,15.428823392460162,47.554436120057645,6496.802614168405,31.11004865031643,6632.1313257972815
1468,6449.158960599816,15.428609953588076,47.48332749079523,6496.642288090611,31.108555282447135,6631.9645035692565
1469,6449.069776095861,15.428396593530769,47.412474913337746,6496.482251009199,31.1070683583395,6631.797998367976
1470,6448.980624696831,15.428183312671845,47.34187733831007,6496.322502035141,31.105587847121107,6631.631809170118
1471,6448.891506561317,15.427970111390712,47.27153372140344,6496.16304028272,31.104113718090083,6631.465934956413
1472,6448.802421846627,15.4277569900637,47.201443023350606,6496.003864869977,31.102645940713998,6631.300374712083
1473,6448.71337070739,15.427543949060741,47.131604209900786,6495.8449749172905,31.101184484628654,6631.135127425425
1474,6448.624353297537,15.427330988750088,47.06201625179504,6495.686369549332,31.099729319636968,6630.970192089753
1475,6448.535369768777,15.427118109494682,46.99267812474146,6495.528047893518,31.09828041570786,6630.805567701847
1476,6448.446420270991,15.426905311653089,46.923588809390566,6495.370009080382,31.096837742975076,6630.6412532623235
1477,6448.357504953098,15.426692595581574,46.85474729131084,6495.212252244409,31.095401271736158,6630.477247776461
1478,6448.268623961527,15.426479961630447,46.7861525609642,6495.054776522491,31.09397097245125,6630.313550252654
1479,6448.179777441659,15.42626741014751,46.717803613681745,6494.897581055341,31.092546815742075,6630.15015970382
1480,6448.0909655362875,15.426054941474373,46.6496994496395,6494.740664985927,31.091128772390828,6629.987075145827
1481,6448.0021883879235,15.42584255595197,46.58183907383416,6494.584027461758,31.089716813339074,6629.824295599783
1482,6447.913446136009,15.425630253913898,46.51422149605917,6494.427667632068,31.08831090968672,6629.661820089205
1483,6447.8247389194175,15.425418035692386,46.446845730880675,6494.271584650298,31.08691103269097,6629.499647642504
1484,6447.736066874367,15.425205901613317,46.3797107976136,6494.11577767198,31.085517153765217,6629.337777290859
1485,6447.647430136342,15.424993852000819,46.312815720297934,6493.9602458566405,31.084129244478053,6629.17620807012
1486,6447.558828838388,15.424781887173177,46.24615952767505,6493.804988366063,31.082747276552244,6629.014939019065
1487,6447.4702631127875,15.42457000744686,46.179741253163954,6493.650004365952,31.081371221863684,6628.853969181058
1488,6447.381733089169,15.424358213131983,46.113559934837994,6493.495293024007,31.080001052440362,6628.693297602123
1489,6447.293238896329,15.424146504536672,46.04761461540127,6493.3408535117305,31.07863674046144,6628.5329233327375
1490,6447.204780660888,15.423934881963847,45.98190434216535,6493.186685003054,31.07727825825616,6628.372845426468
1491,6447.11635850819,15.423723345713373,45.91642816702606,6493.032786675217,31.075925578302932,6628.213062940835
1492,6447.027972561675,15.423511896080562,45.85118514644033,6492.879157708115,31.074578673228302,6628.053574936658
1493,6446.939622943772,15.423300533358304,45.786174341403125,6492.725797285175,31.07323751580603,6627.894380478931
1494,6446.851309774471,15.423089257833663,45.721394817424525,6492.572704591896,31.071902078956075,6627.735478635354
1495,6446.7630331724195,15.422878069790476,45.6568456445068,6492.419878816926,31.070572335743694,6627.576868477411
1496,6446.67479325501,15.422666969509592,45.5925258971217,6492.267319152132,31.069248259378455,6627.4185490804275
1497,6446.586590137848,15.42245595726758,45.52843465418772,6492.115024792036,31.067929823213316,6627.2605195230135
1498,6446.498423934749,15.422245033336718,45.46457099904755,6491.962994933796,31.066617000743705,6627.102778887031
1499,6446.410294758018,15.422034197985688,45.40093401944554,6491.811228777463,31.06530976560655,6626.945326257852
1500,6446.322202718555,15.421823451479796,45.33752280750533,6491.65972552606,31.064008091579453,6626.788160724431
1501,6446.23414792577,15.42161279408079,45.27433645970749,6491.5084843854775,31.06271195257968,6626.631281379199
1502,6446.146130486992,15.421402226045435,45.21137407686734,6491.357504563859,31.061421322663332,6626.4746873174445
1503,6446.058150508611,15.421191747628257,45.14863476411282,6491.206785272724,31.060136176024425,6626.31837763843
1504,6445.970208095093,15.42098135907917,45.086117630862375,6491.0563257259555,31.058856486994,6626.162351444379
1505,6445.882303349131,15.420771060643853,45.02382179080315,6490.906125139934,31.057582230039266,6626.006607840605
1506,6445.794436372436,15.420560852565638,44.96174636186897,6490.756182734305,31.056313379762724,6625.851145936273
1507,6445.706607264927,15.420350735083558,44.89989046621868,6490.606497731145,31.055049910901268,6625.695964843566
1508,6445.6188161249775,15.42014070843296,44.83825323021445,6490.457069355192,31.053791798325392,6625.541063677908
1509,6445.5310630493195,15.419930772845262,44.77683378440016,6490.3078968337195,31.052539017038278,6625.386441557836
1510,6445.443348133367,15.419720928548726,44.71563126347995,6490.158979396847,31.051291542175,6625.232097605308
1511,6445.355671471207,15.419511175768438,44.65464480629677,6490.010316277503,31.05004934900166,6625.07803094566
1512,6445.2680331546,15.419301514723923,44.593873555811136,6489.861906710411,31.04881241291457,6624.924240706589
1513,6445.180433274906,15.419091945633747,44.533316659079816,6489.713749933986,31.047580709439444,6624.770726020048
1514,6445.092871921055,15.418882468710658,44.47297326723479,6489.56584518829,31.046354214230533,6624.617486020193
1515,6445.00534918122,15.418673084165597,44.41284253546216,6489.418191716682,31.045132903069877,6624.464519845035
1516,6444.917865141451,15.41846379220443,44.352923622981216,6489.270788764433,31.04391675186648,6624.311826635052
1517,6444.830419887171,15.41825459303151,44.293215693023555,6489.123635580195,31.04270573665549,6624.159405534646
1518,6444.74301350111,15.418045486844761,44.233717912812324,6488.976731413923,31.04149983359744,6624.007255690071
1519,6444.655646065896,15.417836473841856,44.17442945354157,6488.830075519438,31.040299018977464,6623.85537625199
1520,6444.568317661664,15.417627554214507,44.11534949035556,6488.68366715202,31.0391032692045,6623.703766373059
1521,6444.481028367769,15.417418728152557,44.05647720232841,6488.537505570097,31.037912560810533,6623.552425209623
1522,6444.39377826175,15.417209995841509,43.99781177244351,6488.3915900341935,31.036726870449822,6623.40135192065
1523,6444.306567419768,15.41700135746356,43.9393523875734,6488.245919807341,31.03554617489816,6623.250545668148
1524,6444.219395916681,15.416792813197802,43.88109823845934,6488.10049415514,31.034370451052112,6623.100005617217
1525,6444.132263826097,15.416584363220329,43.82304851969124,6487.955312345788,31.033199675928238,6622.949730936076
1526,6444.045171219799,15.416376007702869,43.76520242968767,6487.810373649487,31.032033826662413,6622.799720795469
1527,6443.9581181681715,15.416167746813807,43.70755917067577,6487.665677338848,31.030872880509072,6622.649974369062
1528,6443.871104740941,15.415959580719953,43.65011794867145,6487.521222689612,31.0297168148404,6622.500490834168
1529,6443.784131005484,15.415751509582497,43.59287797345958,6487.377008978943,31.028565607145765,6622.351269370028
1530,6443.697197028616,15.415543533561282,43.53583845857423,6487.23303548719,31.027419235030862,6622.202309159575
1531,6443.610302875082,15.415335652811201,43.47899862127917,6487.089301496361,31.02627767621707,6622.053609387905
1532,6443.523448608728,15.415127867484996,43.422357682548196,6486.945806291276,31.025140908540735,6621.905169243429
1533,6443.43663429174,15.414920177731435,43.36591486704579,6486.802549158786,31.02400890995245,6621.756987917079
1534,6443.349859985574,15.414712583697545,43.309669403107726,6486.659529388681,31.02288165851639,6621.609064603227
1535,6443.263125749635,15.414505085525443,43.253620522721796,6486.516746272357,31.021759132409606,6621.461398498338
1536,6443.17643164229,15.414297683354759,43.19776746150865,6486.374199103799,31.02064130992133,6621.313988801957
1537,6443.0897777205555,15.414090377321903,43.14210945870265,6486.231887179259,31.01952816945232,6621.166834716376
1538,6443.0031640400375,15.413883167559899,43.08664575713293,6486.08980979717,31.01841968951419,6621.019935446557
1539,6442.916590655328,15.41367605419935,43.031375603204395,6485.947966258533,31.017315848728686,6620.873290200502
1540,6442.830057619296,15.413469037366736,42.976298246878955,6485.806355866175,31.01621662582709,6620.726898188523
1541,6442.743564984155,15.413262117186973,42.92141294165668,6485.664977925811,31.01512199964954,6620.580758624287
1542,6442.657112800081,15.413055293780099,42.866718944557284,6485.523831744638,31.01403194914436,6620.434870723417
1543,6442.570701116398,15.41284856726411,42.81221551610137,6485.3829166324995,31.012946453367427,6620.289233704648
1544,6442.484329981264,15.41264193775422,42.75790192029204,6485.242231901556,31.011865491481522,6620.1438467895005
1545,6442.397999440923,15.412435405361059,42.70377742459643,6485.101776865519,31.01078904275571,6619.998709201506
1546,6442.311709541372,15.41222897019467,42.64984129992746,6484.961550841299,31.009717086564677,6619.853820167856
1547,6442.2254603265355,15.412022632360133,42.59609282062549,6484.8215531471615,31.008649602388108,6619.70917891755
1548,6442.139251839376,15.41181639196023,42.54253126444024,6484.681783103816,31.00758656981011,6619.56478468249
1549,6442.053084121782,15.411610249095173,42.48915591251267,6484.542240034295,31.006527968518498,6619.42063669735
1550,6441.966957214169,15.411404203861649,42.43596604935703,6484.402923263527,31.005473778304292,6619.27673419915
1551,6441.880871155876,15.41119825635377,42.38296096284289,6484.263832118719,31.004423979061016,6619.1330764276345
1552,6441.794825985087,15.410992406662888,42.33013994417738,6484.124965929264,31.00337855078416,6618.989662625176
1553,6441.708821738457,15.410786654876691,42.277502287887444,6483.986324026345,31.002337473570513,6618.846492036377
1554,6441.622858452193,15.410581001081802,42.225047291802156,6483.847905743995,31.001300727617632,6618.703563909132
1555,6441.53693616014,15.410375445359186,42.172774257035144,6483.709710417175,31.00026829322322,6618.560877492696
1556,6441.451054896294,15.410169987790178,42.120682487967116,6483.571737384262,30.999240150784523,6618.418432040175
1557,6441.365214692251,15.409964628450362,42.06877129222845,6483.4339859844795,30.998216280797774,6618.27622680595
1558,6441.279415579371,15.409759367414763,42.017039980681886,6483.296455560053,30.997196663857622,6618.134261047833
1559,6441.193657587559,15.409554204754926,41.965487867405216,6483.159145454964,30.996181280656515,6617.9925340258205
1560,6441.107940745294,15.409349140538982,41.91411426967424,6483.022055014969,30.995170111984173,6617.8510450021
1561,6441.022265080515,15.409144174833768,41.862918507945565,6482.885183588461,30.994163138726993,6617.709793241923
1562,6440.9366306193415,15.408939307701774,41.81189990583966,6482.748530525181,30.99316034186753,6617.568778012305
1563,6440.851037387117,15.408734539203628,41.76105779012394,6482.612095177241,30.992161702483877,6617.427998583045
1564,6440.765485408271,15.408529869397778,41.710391490695955,6482.475876898967,30.991167201749157,6617.287454226575
1565,6440.679974705907,15.40832529833949,41.65990034056656,6482.339875046473,30.990176820930976,6617.1471442175225
1566,6440.594505301782,15.408120826080818,41.6095836758433,6482.204088977625,30.989190541390833,6617.007067832676
1567,6440.5090772169115,15.407916452672037,41.55944083571381,6482.068518052625,30.988208344583644,6616.867224351564
1568,6440.423690471455,15.407712178161376,41.50947116242929,6481.933161633885,30.98723021205715,6616.727613056333
1569,6440.338345083714,15.407508002592616,41.4596740012881,6481.798019085002,30.986256125451398,6616.588233230716
1570,6440.253041071686,15.407303926008819,41.41004870061933,6481.663089772305,30.985286066498233,6616.4490841615725
1571,6440.167778451868,15.407099948449444,41.36059461176659,6481.528373063635,30.984320017020767,6616.310165137675
1572,6440.082557239848,15.40689606995179,41.31131108907185,6481.39386832892,30.983357958932814,6616.171475450277
1573,6439.997377450119,15.406692290550524,41.26219748985925,6481.259574939978,30.98239987423842,6616.033014392915
1574,6439.912239096553,15.406488610278835,41.21325317441904,6481.125492270972,30.98144574503135,6615.894781261859
1575,6439.827142190999,15.40628502916507,41.16447750599173,6480.991619696992,30.980495553494535,6615.756775354693
1576,6439.74208674534,15.406081547237656,41.11586985075217,6480.857956596093,30.9795492818996,6615.618995972356
1577,6439.657072770115,15.405878164521805,41.06742957779369,6480.724502347908,30.978606912606363,6615.481442417746
1578,6439.572100274209,15.40567488103878,41.019156059112454,6480.591256333322,30.97766842806231,6615.344113995393
1579,6439.487169266555,15.40547169680994,40.97104866959175,6480.458217936147,30.976733810802102,6615.207010013136
1580,6439.402279754469,15.405268611852797,40.92310678698651,6480.325386541456,30.97580304344712,6615.070129780452
1581,6439.317431744379,15.405065626182726,40.8753297919077,6480.1927615362865,30.974876108704922,6614.933472609153
1582,6439.232625241562,15.40486273981235,40.82771706780706,6480.06034230937,30.9739529893688,6614.797037813124
1583,6439.147860250956,15.404659952753484,40.78026800096162,6479.928128251918,30.973033668317274,6614.660824709098
1584,6439.063136775711,15.404457265013663,40.73298198045855,6479.79611875617,30.972118128513618,6614.524832615204
1585,6438.978454818589,15.404254676599495,40.685858398179924,6479.664313216769,30.97120635300537,6614.3890608523425
1586,6438.893814381265,15.404052187514987,40.638896648787664,6479.532711030052,30.970298324923927,6614.253508743472
1587,6438.8092154645,15.403849797761962,40.59209612970845,6479.401311594209,30.96939402748395,6614.118175613764
1588,6438.724658067674,15.403647507338933,40.54545624111881,6479.2701143087925,30.96849344398303,6613.9830607901185
1589,6438.64014219021,15.403445316244522,40.49897638593027,6479.13911857614,30.967596557801137,6613.848163602575
1590,6438.55566782964,15.403243224472822,40.452655969774455,6479.008323799414,30.96670335240021,6613.713483382355
1591,6438.471234983308,15.403041232017483,40.40649440098852,6478.877729384297,30.96581381132367,6613.579019463555
1592,6438.386843647073,15.402839338868596,40.36049109060032,6478.747334737674,30.964927918195986,6613.444771181826
1593,6438.30249381646,15.402637545015454,40.314645452314,6478.617139268774,30.964045656722206,6613.310737875516
1594,6438.2181854854425,15.402435850443643,40.2689569024954,6478.487142387938,30.963167010687528,6613.176918884428
1595,6438.133918647602,15.402234255137802,40.22342486015765,6478.35734350776,30.962291963956858,6613.043313550972
1596,6438.04969329577,15.40203275908079,40.17804874694684,6478.227742042717,30.961420500474347,6612.909921219781
1597,6437.965509421292,15.401831362251896,40.13282798712774,6478.09833740842,30.96055260426298,6612.776741236964
1598,6437.881367015373,15.40163006463008,40.087762007569566,6477.969129022943,30.95968825942411,6612.643772951438
1599,6437.797266067944,15.401428866191255,40.042850237731926,6477.840116305676,30.95882745013707,6612.511015713772
1600,6437.713206568037,15.40122776690918,39.99809210965068,6477.711298677687,30.957970160658697,6612.378468876553
1601,6437.62918850398,15.401026766755933,39.953487057924015,6477.582675561904,30.957116375322926,6612.246131794558
1602,6437.545211863385,15.400825865701878,39.90903451969851,6477.454246383083,30.956266078540395,6612.114003824734
1603,6437.461276633109,15.400625063715573,39.864733934655355,6477.326010567765,30.955419254797963,6611.982084326136
1604,6437.377382798737,15.400424360762528,39.82058474499651,6477.197967543733,30.954575888658354,6611.850372659397
1605,6437.293530345366,15.400223756807096,39.77658639543107,6477.070116740797,30.95373596475969,6611.718868187501
1606,6437.209719257295,15.40002325181171,39.73273833316165,6476.942457590456,30.952899467815136,6611.587570275452
1607,6437.125949518211,15.399822845737347,39.689040007870815,6476.814989526082,30.952066382612422,6611.456478290446
1608,6437.042221110292,15.399622538541369,39.64549087170763,6476.687711982,30.95123669401351,6611.325591600958
1609,6436.958534015936,15.399422330181665,39.60209037927423,6476.56062439521,30.950410386954125,6611.19490957846
1610,6436.874888215873,15.399222220612137,39.558837987612556,6476.433726203486,30.949587446443395,6611.064431595515
1611,6436.791283690629,15.399022209786194,39.515733156191004,6476.30701684682,30.948767857563432,6610.934157027221
1612,6436.707720419891,15.398822297655242,39.472775346891325,6476.180495766783,30.947951605468965,6610.804085250573
1613,6436.624198382295,15.39862248416817,39.42996402399545,6476.05416240629,30.947138675386892,6610.674215644222
1614,6436.540717555918,15.39842276927253,39.38729865417251,6475.92801621009,30.94632905261596,6610.54454758897
1615,6436.457277918347,15.398223152914706,39.344778706465775,6475.802056624813,30.9455227225263,6610.415080467803
1616,6436.373879445949,15.398023635038154,39.30240365227982,6475.676283098229,30.94471967055911,6610.285813665161
1617,6436.290522114903,15.397824215585892,39.26017296536769,6475.550695080271,30.943919882226233,6610.156746567955
1618,6436.207205899911,15.397624894497396,39.21808612181806,6475.42529202173,30.94312334310979,6610.027878564257
1619,6436.123930775939,15.397425671712773,39.17614260004265,6475.300073375982,30.94233003886179,6609.89920904503
1620,6436.040696716473,15.397226547168595,39.13434188076351,6475.175038597236,30.941539955203762,6609.770737402373
1621,6435.957503694504,15.39702752080025,39.092683447000525,6475.0501871415045,30.940753077926395,6609.642463030485
1622,6435.874351682467,15.396828592541787,39.05116678405889,6474.925518466526,30.939969392889132,6609.514385325594
1623,6435.791240652055,15.39662976232549,39.00979137951671,6474.8010320315725,30.939188886019842,6609.386503685759
1624,6435.708170574311,15.396431030082084,38.96855672321264,6474.676727297524,30.938411543314434,6609.258817510941
1625,6435.625141419285,15.396232395739915,38.92746230723361,6474.552603726518,30.93763735083647,6609.131326202657
1626,6435.542153156663,15.396033859226465,38.88650762590262,6474.428660782565,30.93686629471687,6609.004029164584
1627,6435.459205755931,15.395835420468735,38.845692175766594,6474.304897931698,30.93609836115347,6608.876925802716
1628,6435.376299184583,15.395637079388955,38.805015455584275,6474.181314640167,30.935333536410724,6608.750015523554
1629,6435.293433410876,15.395438835911186,38.76447696631425,6474.05791037719,30.93457180681933,6608.623297736854
1630,6435.210608401867,15.39524068995662,38.724076211103,6473.93468461297,30.933813158775877,6608.496771853645
1631,6435.1278241234995,15.395042641443778,38.683812695272984,6473.811636818772,30.933057578742485,6608.370437286302
1632,6435.045080541937,15.394844690291714,38.643685926310916,6473.688766468248,30.932305053246488,6608.24429344987
1633,6434.962377622181,15.3946468364167,38.60369541385592,6473.566073036037,30.931555568880054,6608.118339760666
1634,6434.879715328656,15.394449079733628,38.56384066968792,6473.443555998344,30.930809112299855,6607.992575636848
1635,6434.797093625497,15.39425142015669,38.52412120771603,6473.321214833213,30.93006567022674,6607.8670004987
1636,6434.714512475743,15.39405385759747,38.48453654396698,6473.1990490197095,30.92932522944536,6607.7416137677965
1637,6434.6319718422565,15.393856391967121,38.44508619657367,6473.07705803883,30.928587776803866,6607.616414867926
1638,6434.5494716871935,15.393659023175104,38.4057696857637,6472.955241372957,30.927853299213552,6607.491403224536
1639,6434.467011971539,15.393461751128084,38.366586533848086,6472.833598505387,30.92712178364856,6607.366578264258
1640,6434.384592657197,15.39326457573492,38.32753626520997,6472.712128922407,30.926393217145453,6607.241939416989
1641,6434.302213703607,15.393067496898581,38.28861840629337,6472.5908321099005,30.925667586803026,6607.117486112494
1642,6434.219875071034,15.392870514524004,38.24983248559201,6472.469707556626,30.924944879781847,6606.993217783677
1643,6434.137576718529,15.392673628513228,38.21117803363833,6472.348754752167,30.92422508330403,6606.869133864539
1644,6434.055318604882,15.39247683876766,38.172654582992365,6472.227973187874,30.923508184652846,6606.7452337911145
1645,6433.9731006879765,15.392280145186547,38.134261668230785,6472.107362356207,30.922794171172434,6606.621517000807
1646,6433.890922925571,15.39208354766883,38.09599882593606,6471.986921751508,30.922083030267494,6606.497982933171
1647,6433.808785274725,15.391887046111782,38.05786559468559,6471.8666508694105,30.921374749402915,6606.374631029314
1648,6433.726687691667,15.391690640410687,38.01986151504093,6471.746549206709,30.920669316103535,6606.251460731759
1649,6433.644630132632,15.391494330460842,37.981986129537106,6471.62661626217,30.91996671795376,6606.128471485268
1650,6433.562612552643,15.39129811615465,37.94423898267193,6471.506851535315,30.919266942597297,6606.005662735613
1651,6433.480634907193,15.39110199738563,37.906619620895476,6471.387254528088,30.918569977736826,6605.8830339312435
1652,6433.398697150234,15.390905974043621,37.8691275925995,6471.267824742833,30.917875811133698,6605.760584521265
1653,6433.316799235421,15.390710046017753,37.83176244810704,6471.148561683528,30.91718443060762,6605.6383139566715
1654,6433.234941116834,15.390514213198168,37.794523739661955,6471.029464856496,30.916495824036364,6605.516221691054
1655,6433.153122746824,15.39031847547087,37.757411021418676,6470.910533768243,30.915809979355455,6605.39430717844
1656,6433.0713440778345,15.390122832722092,37.72042384943183,6470.791767927266,30.915126884557885,6605.272569875093
1657,6432.9896050620055,15.389927284837334,37.683561781646134,6470.673166843651,30.91444652769378,6605.151009239119
1658,6432.907905650452,15.389731831699647,37.646824377886155,6470.554730028339,30.913768896870163,6605.029624729724
1659,6432.826245794293,15.389536473192088,37.610211199846276,6470.436456994139,30.913093980250594,6604.908415808229
1660,6432.744625443944,15.389341209196038,37.573721811080645,6470.3183472550245,30.91242176605491,6604.7873819373635
1661,6432.663044549561,15.389146039592251,37.53735577699322,6470.200400326555,30.911752242558947,6604.666522581686
1662,6432.581503060288,15.388950964259061,37.50111266482786,6470.082615725116,30.911085398094215,6604.545837206826
1663,6432.500000925372,15.388755983075052,37.46499204365843,6469.96499296903,30.910421221047642,6604.4253252805875
1664,6432.418538093836,15.388561095918268,37.42899348437909,6469.847531578215,30.90975969986127,6604.304986272612
1665,6432.337114513317,15.388366302663437,37.39311655969451,6469.730231073011,30.90910082303195,6604.1848196532
1666,6432.255730132021,15.388171603186654,37.35736084411022,6469.613090976131,30.908444579111134,6604.064824895265
1667,6432.174384896778,15.387976997360713,37.321725913922975,6469.496110810701,30.90779095670448,6603.945001472365
1668,6432.0930787546795,15.387782485059041,37.28621134721122,6469.379290101891,30.907139944471698,6603.825348860342
1669,6432.011811652432,15.387588066154143,37.25081672382561,6469.262628376257,30.906491531126168,6603.705866536657
1670,6431.930583535711,15.387393740516055,37.21554162537955,6469.146125161091,30.905845705434714,6603.586553979731
1671,6431.84939435001,15.387199508014378,37.180385635239816,6469.02977998525,30.90520245621733,6603.467410669795
1672,6431.768244041179,15.387005368519567,37.14534833851724,6468.913592379697,30.904561772346888,6603.348436089405
1673,6431.687132553306,15.386811321897861,37.110429322057456,6468.7975618753635,30.903923642748858,6603.229629721321
1674,6431.606059831091,15.386617368016966,37.07562817443168,6468.681688005523,30.90328805640111,6603.110991050868
1675,6431.525025818519,15.386423506742869,37.04094448592755,6468.565970304447,30.902655002333518,6602.992519564597
1676,6431.444030459161,15.386229737940576,37.00637784854007,6468.450408307701,30.902024469627822,6602.874214750582
1677,6431.363073696353,15.38603606147453,36.97192785596254,6468.335001552316,30.901396447417277,6602.756076098581
1678,6431.282155472838,15.385842477207746,36.937594103577595,6468.219749576416,30.900770924886437,6602.638103099672
1679,6431.201275730777,15.385648985001858,36.90337618844828,6468.104651919225,30.900147891270855,6602.520295246253
1680,6431.120434412749,15.385455584719496,36.869273709309155,6467.989708122058,30.899527335856853,6602.402652033035
1681,6431.039631459958,15.385262276219995,36.83528626655752,6467.874917726516,30.898909247981244,6602.285172955235
1682,6430.958866814228,15.38506905936418,36.80141346224467,6467.760280276472,30.898293617031108,6602.167857510558
1683,6430.878140416205,15.38487593401006,36.76765490006712,6467.645795316272,30.897680432443458,6602.050705197401
1684,6430.797452206536,15.384682900015637,36.73401018535803,6467.531462391894,30.897069683705084,6601.933715516011
1685,6430.716802125543,15.384489957238141,36.70047892507858,6467.417281050622,30.896461360352212,6601.816887968153
1686,6430.636190113278,15.384297105534158,36.66706072780942,6467.303250841087,30.895855451970327,6601.700222057158
1687,6430.555616109154,15.384104344758741,36.633755203742254,6467.189371312896,30.895251948193867,6601.583717287539
1688,6430.475080052316,15.383911674766306,36.60056196467132,6467.075642016987,30.89465083870598,6601.467373165358
1689,6430.394581881808,15.383719095411024,36.56748062398507,6466.962062505793,30.89405211323832,6601.35118919838
1690,6430.314121536256,15.383526606546067,36.53451079665781,6466.848632332913,30.893455761570745,6601.2351648957465
1691,6430.233698953713,15.383334208023237,36.501652099241504,6466.735351052955,30.892861773531116,6601.119299767815
1692,6430.153314072366,15.383141899694655,36.46890414985744,6466.622218222224,30.892270138995016,6601.003593326852
1693,6430.072966829452,15.382949681410171,36.43626656818819,6466.50923339764,30.89168084788554,6600.888045085942
1694,6429.992657162595,15.38275755302056,36.40373897546943,6466.396396138064,30.891093890173025,6600.772654560316
1695,6429.912385008634,15.382565514374724,36.371320994481856,6466.283706003116,30.890509255874843,6600.657421266172
1696,6429.832150304156,15.382373565320947,36.339012249543245,6466.171162553699,30.889926935055133,6600.542344721189
1697,6429.75195298561,15.3821817057072,36.30681236650046,6466.058765352111,30.889346917824582,6600.427424444648
1698,6429.671792989058,15.381989935380522,36.27472097272155,6465.94651396178,30.888769194340178,6600.31265995716
1699,6429.591670250127,15.381798254186908,36.24273769708792,6465.834407947215,30.888193754804988,6600.198050780617
1700,6429.511584704609,15.381606661972748,36.210862169986484,6465.722446874595,30.887620589467915,6600.083596438781
1701,6429.431536287389,15.38141515858227,36.17909402330196,6465.610630310691,30.88704968862346,6599.969296456203
1702,6429.351524933364,15.381223743859723,36.14743289040913,6465.498957823773,30.88648104261152,6599.8551503591325
1703,6429.271550577474,15.38103241764946,36.11587840616523,6465.387428983639,30.885914641817127,6599.741157675544
1704,6429.191613153753,15.380841179793666,36.08443020690232,6465.276043360655,30.885350476670233,6599.627317934171
1705,6429.11171259641,15.380650030134953,36.05308793041975,6465.16480052683,30.8847885376455,6599.513630665588
1706,6429.031848839343,15.380458968515175,36.02185121597665,6465.0537000553195,30.88422881526202,6599.400095401709
1707,6428.95202181596,15.380267994775023,35.99071970428449,6464.942741520244,30.883671300083165,6599.286711675606
1708,6428.872231459625,15.380077108755085,35.95969303749964,6464.831924497125,30.88311598271632,6599.173479021942
1709,6428.792477703195,15.379886310294724,35.92877085921608,6464.721248562411,30.882562853812672,6599.060396976496
1710,6428.712760479875,15.379695599234152,35.89795281445805,6464.610713294333,30.882011904066957,6598.947465077024
1711,6428.633079721467,15.379504975410208,35.867238549672784,6464.50031827114,30.881463124217312,6598.834682861485
1712,6428.553435360975,15.379314438662618,35.836627712723356,6464.390063073698,30.880916505044986,6598.722049870644
1713,6428.473827329979,15.3791239888277,35.806119952881446,6464.27994728286,30.880372037374173,6598.609565645438
1714,6428.3942555604835,15.378933625742784,35.775714920820306,6464.169970481304,30.879829712071754,6598.497229728816
1715,6428.314719983771,15.378743349243472,35.745412268607645,6464.060132252379,30.879289520047124,6598.385041664584
1716,6428.235220531418,15.378553159166072,35.7152116496986,6463.950432181116,30.878751452251947,6598.2730009984125
1717,6428.155757134419,15.3783630553455,35.68511271892879,6463.840869853348,30.878215499679953,6598.161107276956
1718,6428.076329723834,15.378173037616827,35.65511513250741,6463.731444856341,30.877681653366743,6598.049360048486
1719,6427.99693822992,15.377983105813204,35.625218548010295,6463.62215677793,30.877149904389558,6597.937758862025
1720,6427.917582583361,15.377793259768806,35.59542262437312,6463.513005207734,30.876620243867073,6597.826303268555
1721,6427.838262714144,15.377603499316134,35.565727021884655,6463.403989736028,30.876092662959188,6597.7149928199005
1722,6427.758978552376,15.37741382428798,35.53613140217994,6463.295109954556,30.875567152866864,6597.603827069527
1723,6427.6797300279395,15.377224234516602,35.506635428233636,6463.186365456173,30.875043704831825,6597.492805572191
1724,6427.600517070297,15.377034729833248,35.47723876435339,6463.077755834651,30.874522310136456,6597.3819278837445
1725,6427.52133960882,15.376845310068948,35.44794107617318,6462.9692806849935,30.87400296010353,6597.271193561443
1726,6427.442197572704,15.376655975054314,35.41874203064681,6462.860939603351,30.873485646096036,6597.160602163868
1727,6427.363090890639,15.376466724618753,35.389641296041326,6462.75273218668,30.87297035951697,6597.050153250579
1728,6427.284019491724,15.376277558592642,35.360638541930626,6462.644658033655,30.87245709180914,6596.939846383025
1729,6427.2049833043075,15.376088476804563,35.33173343918895,6462.536716743496,30.871945834454944,6596.829681123375
1730,6427.125982256966,15.375899479083651,35.30292565998455,6462.428907916951,30.871436578976226,6596.719657035498
1731,6427.047016277769,15.37571056525782,35.27421487777333,6462.321231155543,30.87092931693401,6596.609773684206
1732,6426.968085294653,15.375521735154672,35.245600767292565,6462.213686061946,30.870424039928366,6596.500030635634
1733,6426.889189235573,15.37533298860185,35.21708300455459,6462.1062722401275,30.869920739598168,6596.39042745738
1734,6426.810328028177,15.37514432542626,35.18866126684066,6461.998989295017,30.86941940762093,6596.280963718168
1735,6426.731501599801,15.37495574545407,35.160335232694734,6461.891836832496,30.868920035712595,6596.171638987846
1736,6426.652709878104,15.374767248512212,35.13210458191736,6461.784814460022,30.868422615627367,6596.062452838001
1737,6426.573952789674,15.374578834425057,35.103968995559576,6461.677921785234,30.867927139157487,6595.9534048405685
1738,6426.495230261835,15.374390503018743,35.075928155916884,6461.571158417752,30.867433598133072,6595.84449456963
1739,6426.416542221436,15.374202254118268,35.04798174652323,6461.464523967959,30.866941984421917,6595.735721600195
1740,6426.337888594902,15.374014087547613,35.02012945214507,6461.358018047047,30.86645228992931,6595.627085508239
1741,6426.259269308688,15.373826003130834,34.99237095877542,6461.251640267464,30.86596450659782,6595.518585871164
1742,6426.180684289466,15.373638000692502,34.964705953627984,6461.145390243094,30.86547862640716,6595.410222267965
1743,6426.102133462906,15.373450080054798,34.9371341251313,6461.039267588038,30.86499464137396,6595.301994278014
1744,6426.023616755378,15.373262241041573,34.90965516292296,6460.9332719183,30.86451254355161,6595.193901482749
1745,6425.945134092499,15.373074483474877,34.882268757843875,6460.827402850343,30.864032325030045,6595.085943464223
1746,6425.866685400228,15.372886807177577,34.85497460193248,6460.72166000216,30.863553977935617,6594.97811980618
1747,6425.788270604129,15.3726992119716,34.82777238841913,6460.6160429925485,30.86307749443084,6594.870430093322
1748,6425.709889629523,15.372511697678284,34.80066181172042,6460.5105514412435,30.862602866714283,6594.762873911451
1749,6425.631542401578,15.372324264118609,34.77364256743358,6460.405184969012,30.862130087020354,6594.655450847551
1750,6425.553228845752,15.372136911114238,34.746714352330955,6460.2999431980825,30.86165914761912,6594.548160490225
1751,6425.47494888682,15.371949638485216,34.71987686435439,6460.194825751175,30.86119004081614,6594.441002428725
1752,6425.3967024499025,15.371762446052399,34.69312980260986,6460.089832252513,30.860722758952285,6594.333976253955
1753,6425.318489459467,15.371575333635088,34.66647286736192,6459.984962326829,30.860257294403574,6594.227081557485
1754,6425.24030984043,15.371388301053662,34.63990576002835,6459.8802156004585,30.859793639580975,6594.120317932636
1755,6425.162163517109,15.371201348127054,34.61342818317477,6459.775591700283,30.859331786930255,6594.01368497343
1756,6425.084050414151,15.371014474675002,34.587039840509284,6459.67109025466,30.8588717289318,6593.907182275513
1757,6425.005970455566,15.370827680515708,34.56074043687722,6459.566710892444,30.85841345810043,6593.800809435181
1758,6424.927923565533,15.370640965467782,34.53452967825582,6459.462453243789,30.857956966985267,6593.694566050175
1759,6424.849909668037,15.370454329349371,34.50840727174905,6459.358316939786,30.85750224816951,6593.5884517193235
1760,6424.771928687241,15.370267771979044,34.4823729255824,6459.254301612823,30.85704929427031,6593.4824660428985
1761,6424.693980546762,15.37008129317407,34.456426349097754,6459.150406895859,30.856598097938587,6593.376608621892
1762,6424.616065170327,15.369894892751978,34.43056725274821,6459.046632423075,30.85614865185885,6593.27087905866
1763,6424.5381824815695,15.36970857053007,34.40479534809306,6458.942977829663,30.855700948749057,6593.165276956721
1764,6424.460332403878,15.369522326325066,34.37911034779271,6458.8394427516705,30.855254981360446,6593.059801920588
1765,6424.382514860728,15.369336159953896,34.353511965603694,6458.736026826332,30.85481074247732,6592.954453556108
1766,6424.304729775248,15.369150071232651,34.327999916373656,6458.6327296916215,30.854368224916964,6592.849231470011
1767,6424.226977070957,15.368964059978367,34.30257391603648,6458.529550986994,30.853927421529434,6592.744135270646
1768,6424.1492566706065,15.368778126006235,34.2772336816073,6458.4264903522135,30.85348832519738,6592.639164566822
1769,6424.0715684972465,15.368592269132169,34.251978931177696,6458.323547428424,30.853050928835927,6592.53431896886
1770,6423.993912473968,15.368406489172171,34.22680938391079,6458.220721857879,30.852615225392505,6592.429598088336
1771,6423.9162885233445,15.368220785941016,34.201724760036505,6458.118013283381,30.85218120784664,6592.325001537513
1772,6423.8386965683985,15.368035159254543,34.17672478084673,6458.015421349245,30.851748869209878,6592.220528930308
1773,6423.761136531227,15.36784960892638,34.151809168690676,6457.912945699917,30.85131820252557,6592.1161798809035
1774,6423.683608334813,15.367664134772278,34.12697764697005,6457.810585981782,30.850889200868696,6592.011954005561
1775,6423.606111901425,15.36747873660628,34.10222994013444,6457.70834184156,30.8504618573458,6591.907850921014
1776,6423.528647153751,15.367293414243424,34.07756577367672,6457.606212927428,30.85003616509473,6591.80387024559
1777,6423.451214013661,15.367108167496797,34.05298487412835,6457.504198887789,30.84961211728455,6591.700011597977
1778,6423.37381240345,15.366922996180502,34.028486969054875,6457.402299372505,30.849189707115357,6591.596274598456
1779,6423.296442245408,15.366737900108632,34.004071787051366,6457.300514032459,30.84876892781814,6591.492658868468
1780,6423.219103461597,15.36655287909473,33.97973905773788,6457.198842519335,30.848349772654622,6591.389164030383
1781,6423.141795974021,15.366367932952203,33.95548851175497,6457.097284485776,30.84793223491711,6591.285789707666
1782,6423.064519704489,15.366183061493992,33.931319880759304,6456.995839585248,30.847516307928345,6591.1825355247365
1783,6422.987274575024,15.36599826453355,33.90723289741918,6456.8945074724425,30.847101985041355,6591.079401107372
1784,6422.910060506864,15.365813541882451,33.88322729541014,6456.793287802275,30.846689259639298,6590.976386081706
1785,6422.832877422466,15.365628893355181,33.85930280941067,6456.692180231877,30.84627812513532,6590.873490076216
1786,6422.755725243218,15.365444318763679,33.83545917509781,6456.591184418316,30.845868574972403,6590.770712719445
1787,6422.678603890603,15.365259817920103,33.811696129142874,6456.4903000197455,30.84546060262322,6590.668053641157
1788,6422.601513286216,15.36507539063688,33.78801340920721,6456.389526695423,30.845054201590006,6590.56551247234
1789,6422.524453351405,15.364891036725849,33.764410753937916,6456.288864105343,30.844649365404358,6590.463088844852
1790,6422.447424007718,15.364706755999325,33.74088790296369,6456.1883119106815,30.844246087627162,6590.360782391859
1791,6422.370425176636,15.364522548269463,33.71744459689058,6456.087869773526,30.843844361848404,6590.258592747567
1792,6422.293456779247,15.36433841334748,33.694080577297896,6455.9875373565455,30.843444181687044,6590.156519546884
1793,6422.216518736632,15.364154351044574,33.670795586734066,6455.887314323366,30.843045540790843,6590.054562425806
1794,6422.139610970327,15.363970361173031,33.6475893687125,6455.78720033904,30.842648432836278,6589.9527210218785
1795,6422.062733401242,15.363786443543642,33.6244616677076,6455.68719506895,30.842252851528347,6589.850994973099
1796,6421.985885950664,15.363602597968095,33.60141222915067,6455.587298179815,30.84185879060046,6589.7493839189265
1797,6421.909068539341,15.363418824256797,33.57844079942591,6455.487509338767,30.841466243814292,6589.647887499359
1798,6421.832281088687,15.363235122221738,33.55554712586649,6455.387828214553,30.84107520495963,6589.546505356127
1799,6421.755523519221,15.363051491672778,33.53273095675049,6455.288254475971,30.840685667854256,6589.445237131137
1800,6421.678795752175,15.362867932421471,33.50999204129707,6455.188787793471,30.840297626343798,6589.3440824680665
1801,6421.60209770835,15.362684444278349,33.48733012966252,6455.089427838013,30.83991107430159,6589.243041011225
1802,6421.525429308285,15.362501027053314,33.464744972936415,6454.990174281222,30.839526005628553,6589.142112405706
1803,6421.448790472984,15.362317680557378,33.442236323137735,6454.891026796122,30.839142414253047,6589.041296298123
1804,6421.37218112337,15.362134404601363,33.41980393321107,6454.791985056581,30.838760294130722,6588.94059233605
1805,6421.2956011798315,15.361951198994813,33.39744755702278,6454.6930487368545,30.838379639244412,6588.840000167567
1806,6421.219050563038,15.361768063547938,33.37516694935732,6454.5942175123955,30.83800044360399,6588.739519442073
1807,6421.142529194074,15.361584998071947,33.3529618659134,6454.495491059987,30.837622701246225,6588.6391498104085
1808,6421.066036992928,15.361402002375426,33.33083206330029,6454.396869056229,30.837246406234673,6588.53889092335
1809,6420.98957388051,15.361219076269162,33.30877729903417,6454.298351179544,30.836871552659524,6588.438742433613
1810,6420.913139777492,15.361036219563378,33.28679733153444,6454.199937109026,30.836498134637473,6588.338703994699
1811,6420.8367346042005,15.360853432067465,33.264891920120036,6454.101626524321,30.83612614631162,6588.2387752607765
1812,6420.760358280898,15.360670713590665,33.24306082500587,6454.003419105904,30.83575558185128,6588.138955886957
1813,6420.684010728539,15.360488063943873,33.22130380729919,6453.905314535838,30.83538643545193,6588.039245530054
1814,6420.607691867012,15.360305482935436,33.19962062899605,6453.807312496008,30.835018701335027,6587.939643846816
1815,6420.531401617189,15.36012297037605,33.17801105297774,6453.709412670167,30.834652373747893,6587.84015049597
1816,6420.455139899214,15.359940526074675,33.15647484300726,6453.611614742222,30.834287446963582,6587.740765136513
1817,6420.37890663341,15.359758149840694,33.135011763725835,6453.513918397136,30.8339239152808,6587.641487428607
1818,6420.302701740155,15.359575841483624,33.113621580649436,6453.416323320804,30.833561773023714,6587.542317033457
1819,6420.226525139833,15.359393600812998,33.092304060165304,6453.318829199999,30.83320101454185,6587.443253613255
1820,6420.1503767527065,15.359211427638053,33.07105896952858,6453.221435722235,30.83284163421,6587.344296831048
1821,6420.074256498976,15.359029321767885,33.04988607685883,6453.124142575834,30.83248362642807,6587.245446350797
1822,6419.998164299178,15.358847283012388,33.0287851511367,6453.0269494503145,30.832126985620953,6587.146701837765
1823,6419.922100073043,15.358665311179529,33.00775596220056,6452.929856035244,30.831771706238406,6587.04806295738
1824,6419.846063741241,15.358483406079523,32.98679828074312,6452.832862021984,30.831417782754954,6586.949529376968
1825,6419.770055224016,15.358301567521568,32.96591187830815,6452.735967102324,30.831065209669767,6586.851100764387
1826,6419.6940744411795,15.358119795313826,32.945096527287205,6452.639170968467,30.830713981506477,6586.75277678802
1827,6419.618121313293,15.357938089266252,32.924352000916286,6452.542473314209,30.830364092813163,6586.654557117946
1828,6419.542195760495,15.357756449187788,32.90367807327264,6452.445873833767,30.83001553816213,6586.556441424772
1829,6419.466297702551,15.357574874886485,32.88307451927152,6452.349372221823,30.829668312149863,6586.458429379674
1830,6419.390427060171,15.357393366172657,32.86254111466293,6452.252968174834,30.82932240939688,6586.36052065571
1831,6419.314583753189,15.35721192285452,32.84207763602851,6452.156661389217,30.8289778245476,6586.262714926
1832,6419.238767701967,15.357030544741548,32.821683860778315,6452.060451562746,30.82863455227026,6586.165011865121
1833,6419.162978826245,15.356849231641736,32.80135956714764,6451.964338393393,30.828292587256783,6586.067411147959
1834,6419.087217046494,15.356667983364817,32.781104534194,6451.868321580688,30.827951924222653,6585.969912451056
1835,6419.011482282895,15.356486799719843,32.760918541793885,6451.772400824689,30.827612557906804,6585.872515451583
1836,6418.935774455349,15.35630568051519,32.74080137063977,6451.676575825989,30.82727448307152,6585.77521982735
1837,6418.860093484109,15.356124625560069,32.72075280223703,6451.580846286346,30.82693769450232,6585.678025257431
1838,6418.784439289137,15.355943634663006,32.700772618900814,6451.485211908037,30.826602187007808,6585.580931421521
1839,6418.708811790945,15.35576270763384,32.68086060375313,6451.389672394698,30.826267955419624,6585.483938000773
1840,6418.633210909204,15.355581844280392,32.66101654071975,6451.294227449924,30.82593499459227,6585.3870446764
1841,6418.557636564333,15.355401044412279,32.64124021452726,6451.19887677886,30.825603299403035,6585.290251131263
1842,6418.482088676068,15.355220307837483,32.62153141070003,6451.103620086768,30.82527286475188,6585.193557048439
1843,6418.406567165277,15.355039634366692,32.60188991555738,6451.008457080834,30.824943685561323,6585.096962113026
1844,6418.331071951291,15.354859023806917,32.5823155162105,6450.913387467502,30.8246157567763,6585.000466009478
1845,6418.255602954766,15.35467847596834,32.5628080005596,6450.818410955326,30.824289073364135,6584.90406842446
1846,6418.180160095644,15.354497990659436,32.543367157291016,6450.723527252935,30.82396363031434,6584.807769044803
1847,6418.104743293997,15.354317567688987,32.523992775874326,6450.628736069871,30.823639422638557,6584.711567558348
1848,6418.02935247007,15.354137206866197,32.50468464655946,6450.534037116629,30.823316445370452,6584.61546365399
1849,6417.953987544145,15.353956908000347,32.48544256037387,6450.439430104519,30.822994693565594,6584.519457021529
1850,6417.878648436092,15.353776670899741,32.466266309119696,6450.344914745211,30.82267416230134,6584.423547351222
1851,6417.803335066454,15.35359649537429,32.44715568537099,6450.250490751825,30.822354846676753,6584.327734334869
1852,6417.728047355125,15.353416381232357,32.428110482470835,6450.156157837596,30.822036741812482,6584.23201766448
1853,6417.6527852223935,15.353236328283238,32.40913049452864,6450.061915716922,30.821719842850662,6584.136397033322
1854,6417.57754858854,15.35305633633622,32.39021551641735,6449.967764104957,30.821404144954805,6584.04087213551
1855,6417.502337373627,15.352876405200064,32.37136534377075,6449.8737027173975,30.821089643309698,6583.945442665795
1856,6417.427151497957,15.352696534684108,32.35257977298061,6449.779731270938,30.820776333121305,6583.850108320015
1857,6417.351990882069,15.352516724598251,32.33385860119414,6449.685849483263,30.820464209616656,6583.754868795096
1858,6417.276855445887,15.352336974750926,32.31520162631115,6449.592057072198,30.820153268043754,6583.659723788189
1859,6417.201745109516,15.352157284950996,32.296608646981454,6449.498353756498,30.819843503671464,6583.564672997469
1860,6417.126659793617,15.351977655008653,32.27807946260213,6449.40473925622,30.819534911789418,6583.469716122504
1861,6417.051599418453,15.351798084733142,32.25961387331499,6449.311213291769,30.81922748770791,6583.374852863298
1862,6416.976563904264,15.351618573933647,32.2412116800038,6449.217775584269,30.818921226757823,6583.280082920665
1863,6416.901553171243,15.351439122419242,32.22287268429179,6449.124425855534,30.81861612429045,6583.185405996198
1864,6416.8265671399095,15.351259729999784,32.20459668853896,6449.031163828448,30.818312175677523,6583.090821792645
1865,6416.7516057308685,15.351080396485331,32.186383495839536,6448.937989226708,30.818009376310982,6582.996330013661
1866,6416.67666886404,15.350901121684306,32.16823291001936,6448.8449017740595,30.817707721602964,6582.901930363032
1867,6416.601756460161,15.350721905407083,32.15014473563339,6448.751901195794,30.817407206985692,6582.807622546182
1868,6416.526868439541,15.350542747463019,32.13211877796311,6448.658987217505,30.81710782791133,6582.713406268919
1869,6416.452004722654,15.350363647661853,32.114154843013964,6448.566159565668,30.81680957985195,6582.619281238024
1870,6416.3771652302,15.350184605813876,32.096252737512934,6448.473417967713,30.816512458299382,6582.525247161316
1871,6416.302349882293,15.350005621727973,32.07841226890597,6448.380762151199,30.81621645876518,6582.431303746827
1872,6416.227558599492,15.349826695214096,32.060633245355504,6448.2881918448475,30.81592157678045,6582.3374507038425
1873,6416.1527913027985,15.34964782608325,32.042915475737985,6448.195706778536,30.81562780789583,6582.243687742883
1874,6416.078047912459,15.349469014144638,32.02525876964145,6448.1033066821,30.81533514768135,6582.150014574514
1875,6416.003328349061,15.34929025920828,32.007662937363,6448.0109912864245,30.815043591726337,6582.056430910434
1876,6415.928632533319,15.349111561084495,31.99012778990646,6447.918760323225,30.814753135639364,6581.9629364632565
1877,6415.853960385817,15.348932919583294,31.97265313897983,6447.826613524797,30.8144637750481,6581.869530946256
1878,6415.77931182743,15.348754334515384,31.95523879699301,6447.734550624424,30.814175505599277,6581.7762140737805
1879,6415.70468677841,15.348575805689977,31.937884577055367,6447.642571355465,30.813888322958544,6581.6829855603355
1880,6415.630085159897,15.348397332918415,31.920590292973273,6447.550675452871,30.81360222281042,6581.5898451220955
1881,6415.55550689237,15.348218916010456,31.903355759247845,6447.458862651618,30.813317200858165,6581.496792475351
1882,6415.480951896837,15.348040554777121,31.886180791072476,6447.367132687909,30.813033252823722,6581.403827337693
1883,6415.406420094174,15.347862249029124,31.869065204330624,6447.2754852985045,30.812750374447617,6581.310949427351
1884,6415.331911405175,15.347683998576972,31.85200881559334,6447.183920220768,30.812468561488856,6581.218158463245
1885,6415.257425750453,15.34750580323075,31.835011442117032,6447.09243719257,30.81218780972485,6581.125454164873
1886,6415.182963051146,15.347327662801783,31.818072901841123,6447.001035952987,30.81190811495134,6581.032836253025
1887,6415.108523228065,15.347149577100634,31.801193013385767,6446.909716241451,30.81162947298227,6580.940304448924
1888,6415.034106202505,15.346971545939008,31.784371596049546,6446.818477798555,30.81135187964973,6580.847858475032
1889,6414.959711895157,15.34679356912717,31.76760846980725,6446.727320364964,30.811075330803877,6580.755498053961
1890,6414.885340227067,15.346615646476236,31.750903455307533,6446.636243682375,30.810799822312823,6580.663222909436
1891,6414.810991119572,15.346437777798018,31.734256373870696,6446.545247493442,30.810525350062544,6580.571032766214
1892,6414.736664493255,15.346259962902526,31.71766704748645,6446.454331540742,30.81025190995684,6580.478927349054
1893,6414.662360269875,15.34608220160257,31.701135298811707,6446.363495568687,30.809979497917197,6580.386906384627
1894,6414.588078370295,15.34590449370884,31.68466095116834,6446.272739321464,30.809708109882735,6580.294969599454
1895,6414.513818715495,15.345726839032285,31.668243828540955,6446.182062544036,30.80943774181011,6580.20311672091
1896,6414.439581227294,15.345549237385871,31.651883755574715,6446.091464982869,30.809168389673435,6580.111347477949
1897,6414.365365826521,15.345371688580194,31.63558055757315,6446.000946384094,30.808900049464203,6580.019661599264
1898,6414.291172434596,15.345194192427263,31.619334060495987,6445.910506495092,30.808632717191184,6579.928058814873
1899,6414.217000972797,15.345016748738749,31.603144090956974,6445.820145063754,30.808366388880366,6579.836538855384
1900,6414.142851362733,15.344839357327114,31.587010476221742,6445.729861838955,30.808101060574863,6579.745101452456
1901,6414.068723525776,15.344662018004248,31.570933044205635,6445.6396565699815,30.80783672833482,6579.653746338238
1902,6413.994617383339,15.34448473058215,31.55491162347158,6445.54952900681,30.807573388237365,6579.562473245643
1903,6413.920532856937,15.344307494873055,31.53894604322797,6445.459478900165,30.80731103637649,6579.4712819084025
1904,6413.846469868184,15.344130310689435,31.523036133326553,6445.369506001511,30.807049668862994,6579.3801720610645
1905,6413.772428338425,15.343953177843122,31.507181724260303,6445.279610062686,30.806789281824404,6579.289143438622
1906,6413.698408189678,15.343776096147556,31.49138264716134,6445.189790836839,30.806529871404877,6579.198195777451
1907,6413.624409343245,15.343599065414463,31.475638733798867,6445.100048077044,30.80627143376515,6579.107328813923
1908,6413.550431720957,15.343422085456835,31.45994981657701,6445.010381537534,30.806013965082425,6579.016542285643
1909,6413.47647524479,15.343245156088015,31.44431572853284,6444.920790973323,30.80575746155033,6578.925835931067
1910,6413.402539836347,15.343068277120448,31.42873630333429,6444.831276139682,30.805501919378802,6578.83520948898
1911,6413.328625417247,15.34289144836662,31.413211375278046,6444.741836792526,30.80524733479405,6578.744662698879
1912,6413.254731909834,15.34271466964075,31.397740779287595,6444.652472689121,30.80499370403843,6578.654195301689
1913,6413.180859235679,15.342537940755214,31.38232435091112,6444.563183586591,30.80474102337043,6578.563807038252
1914,6413.107007316912,15.342361261523713,31.366961926319515,6444.473969243231,30.804489289064527,6578.473497650662
1915,6413.033176075687,15.342184631760016,31.35165334230433,6444.384829417992,30.804238497411156,6578.38326688173
1916,6412.959365433588,15.342008051276526,31.336398436275825,6444.295763869864,30.80398864471663,6578.293114474381
1917,6412.885575313078,15.341831519887748,31.32119704626092,6444.206772359339,30.80373972730305,6578.203040173107
1918,6412.81180563631,15.34165503740744,31.306049010901212,6444.117854647211,30.803491741508225,6578.113043722772
1919,6412.7380563253755,15.341478603649223,31.290954169451012,6444.029010494826,30.803244683685634,6578.023124868859
1920,6412.66432730266,15.341302218427417,31.27591236177536,6443.9402396644355,30.80299855020432,6577.933283357825
1921,6412.590618490174,15.34112588155544,31.26092342834806,6443.851541918522,30.80275333744882,6577.8435189364245
1922,6412.516929810407,15.340949592847865,31.24598721024971,6443.762917020657,30.802509041819086,6577.75383135257
1923,6412.443261185721,15.34077335211895,31.231103549165766,6443.674364734887,30.802265659730452,6577.664220354714
1924,6412.36961253887,15.340597159183899,31.216272287384605,6443.585884826254,30.802023187613514,6577.574685692373
1925,6412.295983791746,15.340421013855853,31.201493267795573,6443.497477059542,30.80178162191407,6577.485227114868
1926,6412.222374867219,15.340244915950283,31.186766333887057,6443.409141201106,30.80154095909309,6577.395844373161
1927,6412.148785687723,15.340068865281633,31.172091329744593,6443.320877017468,30.801301195626557,6577.306537218444
1928,6412.0752161760975,15.339892861665305,31.15746810004893,6443.232684276147,30.8010623280055,6577.217305402971
1929,6412.001666254841,15.339716904915889,31.142896490074108,6443.144562744916,30.800824352735845,6577.128148679317
1930,6411.928135846683,15.339540994848525,31.128376345685638,6443.056512192369,30.800587266338383,6577.039066800941
1931,6411.854624874556,15.339365131278843,31.113907513338486,6442.968532387895,30.8003510653487,6576.950059522162
1932,6411.781133261019,15.339189314021576,31.099489840075314,6442.880623101094,30.80011574631707,6576.861126597573
1933,6411.707660929133,15.339013542892664,31.0851231735245,6442.792784102658,30.799881305808444,6576.772267782924
1934,6411.634207801983,15.338837817708095,31.070807361898346,6442.705015163881,30.799647740402342,6576.683482834632
1935,6411.560773802144,15.33866213828264,31.056542253991175,6442.617316056135,30.79941504669279,6576.594771509248
1936,6411.487358852826,15.338486504432598,31.04232769917751,6442.529686552004,30.79918322128826,6576.506133564608
1937,6411.413962877278,15.33831091597435,31.02816354741018,6442.4421264246885,30.79895226081161,6576.417568759219
1938,6411.340585798627,15.338135372723988,31.014049649218506,6442.354635447846,30.79872216189999,6576.329076852111
1939,6411.26722753969,15.337959874496866,30.999985855706438,6442.2672133953965,30.798492921204797,6576.240657602637
1940,6411.193888024252,15.337784421110651,30.985972018550783,6442.179860042803,30.79826453539162,6576.152310771757
1941,6411.120567175095,15.33760901238061,30.972007989999337,6442.092575165094,30.798037001140138,6576.064036120053
1942,6411.047264915948,15.337433648124279,30.95809362286904,6442.005358538818,30.797810315144076,6575.975833409694
1943,6410.9739811702875,15.337258328158583,30.944228770544242,6441.918209940832,30.797584474111158,6575.887702403215
1944,6410.90071586095,15.337083052298924,30.93041328697483,6441.831129147925,30.79735947476299,6575.799642863144
1945,6410.827468912381,15.336907820364548,30.916647026674468,6441.7441159390555,30.79713531383505,6575.711654554238
1946,6410.754240247459,15.336732632170955,30.902929844718816,6441.657170092178,30.7969119880766,6575.623737240311
1947,6410.681029789842,15.336557487535506,30.88926159674368,6441.570291386585,30.796689494250607,6575.535890686575
1948,6410.607837463836,15.336382386277121,30.875642138943302,6441.48347960278,30.796467829133718,6575.448114659512
1949,6410.534663192418,15.336207328211525,30.862071328068552,6441.3967345204865,30.796246989516145,6575.360408924882
1950,6410.4615068999865,15.336032313157862,30.84854902142517,6441.310055921412,30.796026972201673,6575.272773250489
1951,6410.388368510148,15.33585734093337,30.835075076872,6441.2234435870205,30.795807774007514,6575.185207403953
1952,6410.315247946677,15.335682411355688,30.821649352819243,6441.136897299496,30.795589391764306,6575.09771115367
1953,6410.242145133845,15.33550752424365,30.80827170822669,6441.050416842072,30.795371822316042,6575.010284269147
1954,6410.169059995542,15.335332679415172,30.794942002601967,6440.964001998143,30.795155062519967,6574.922926520106
1955,6410.095992455813,15.335157876688548,30.781660095998834,6440.8776525518115,30.794939109246588,6574.835637677034
1956,6410.022942438962,15.334983115882684,30.768425849015415,6440.791368287977,30.79472395937954,6574.748417511278
1957,6409.94990986913,15.3348083968161,30.755239122792467,6440.705148991923,30.79450960981557,6574.661265794621
1958,6409.876894670741,15.334633719307995,30.74209977901169,6440.618994449753,30.794296057464464,6574.574182299723
1959,6409.803896767935,15.334459083176878,30.72900767989397,6440.5329044478285,30.794083299249003,6574.487166799561
1960,6409.730916085141,15.334284488241964,30.71596268819771,6440.4468787733385,30.793871332104857,6574.400219067995
1961,6409.657952546959,15.334109934322868,30.702964667217074,6440.360917214176,30.793660152980586,6574.313338879641
1962,6409.585006077807,15.333935421238772,30.690013480780294,6440.275019558587,30.79344975883754,6574.22652600953
1963,6409.5120766019845,15.333760948808575,30.67710899324801,6440.189185595233,30.79324014664981,6574.139780233159
1964,6409.4391640448275,15.333586516853654,30.664251069511515,6440.103415114339,30.79303131340419,6574.053101327648
1965,6409.366268330412,15.333412125192373,30.651439574991144,6440.017707905403,30.79282325610007,6573.9664890694385
1966,6409.293389383962,15.333237773645841,30.638674375634523,6439.9320637595965,30.79261597174944,6573.879943236707
1967,6409.220527129822,15.333063462033067,30.625955337914924,6439.846482467737,30.79240945737679,6573.793463607326
1968,6409.147681493352,15.332889190175484,30.613282328829577,6439.760963822182,30.79220371001906,6573.707049960765
1969,6409.074852399405,15.332714957893314,30.600655215898023,6439.675507615303,30.791998726725588,6573.62070207656
1970,6409.002039772784,15.33254076500666,30.58807386716042,6439.590113639944,30.791794504558062,6573.534419734772
1971,6408.92924353884,15.332366611336937,30.575538151175913,6439.504781690016,30.79159104059046,6573.448202716584
1972,6408.856463622636,15.33219249670487,30.56304793702096,6439.419511559657,30.791388331908983,6573.362050803461
1973,6408.783699949302,15.332018420931345,30.5506030942877,6439.33430304359,30.79118637561199,6573.275963777502
1974,6408.710952444337,15.331844383838126,30.538203493082243,6439.249155937419,30.790985168809982,6573.189941421742
1975,6408.638221032934,15.331670385246253,30.525849004023158,6439.164070036957,30.790784708625516,6573.103983519478
1976,6408.5655056406085,15.331496424977532,30.513539498239712,6439.079045138848,30.790584992193157,6573.018089854889
1977,6408.492806192792,15.33132250285357,30.501274847370308,6438.994081040162,30.790386016659422,6572.93226021263
1978,6408.420122615157,15.331148618696549,30.489054923560836,6438.909177538718,30.790187779182734,6572.846494378163
1979,6408.34745483306,15.330974772327894,30.47687959946301,6438.824334432523,30.78999027693336,6572.760792137183
1980,6408.274802772465,15.33080096357049,30.464748748232854,6438.739551520697,30.789793507093357,6572.675153276553
1981,6408.202166358972,15.330627192246345,30.452662243528987,6438.654828602501,30.78959746685652,6572.589577583327
1982,6408.1295455184045,15.330453458178,30.44061995951109,6438.570165477916,30.789402153428348,6572.50406484533
1983,6408.056940176859,15.330279761188658,30.42862177083822,6438.4855619476975,30.789207564025958,6572.418614851211
1984,6407.984350259956,15.330106101100373,30.416667552667246,6438.401017812624,30.789013695878044,6572.333227389693
1985,6407.911775694145,15.32993247773719,30.404757180651266,6438.316532874796,30.788820546224844,6572.247902250874
1986,6407.839216405175,15.32975889092147,30.392890530938015,6438.232106936112,30.788628112318065,6572.162639224696
1987,6407.766672319461,15.329585340477179,30.381067480168245,6438.147739799629,30.78843639142085,6572.077438102309
1988,6407.6941433631055,15.329411826227526,30.369287905474174,6438.06343126858,30.788245380807695,6571.9922986750935
1989,6407.621629462359,15.329238347996075,30.357551684477876,6437.979181146837,30.788055077764447,6571.907220735112
1990,6407.549130543982,15.329064905607613,30.345858695289714,6437.894989239271,30.787865479588213,6571.82220407548
1991,6407.476646533842,15.328891498884788,30.334208816506774,6437.810855350348,30.787676583587317,6571.737248488953
1992,6407.404177358992,15.32871812765309,30.322601927211306,6437.726779286203,30.787488387081268,6571.652353770007
1993,6407.331722945935,15.328544791736688,30.31103790696909,6437.642760852905,30.787300887400683,6571.567519713098
1994,6407.259283220923,15.328371490959146,30.299516635828006,6437.558799856751,30.78711408188726,6571.482746112961
1995,6407.1868581113295,15.328198225146721,30.288037994316355,6437.474896105646,30.78692796789372,6571.398032765984
1996,6407.114447543557,15.328024994123341,30.27660186344135,6437.391049406998,30.786742542783774,6571.313379468107
1997,6407.042051444678,15.32785179771454,30.265208124687586,6437.307259569366,30.786557803932013,6571.22878601647
1998,6406.96966974145,15.327678635745096,30.25385666001543,6437.223526401465,30.786373748723953,6571.144252208414
1999,6406.897302361019,15.327505508040716,30.242547351859564,6437.1398497128785,30.786190374555922,6571.059777842197
2000,6406.824949230764,15.327332414427666,30.231280083127395,6437.056229313892,30.786007678835013,6570.975362716824
2001,6406.752610277443,15.327159354730725,30.220054737197536,6436.97266501464,30.785825658979064,6570.891006631199
2002,6406.680285428786,15.326986328777,30.208871197918235,6436.889156626705,30.785644312416608,6570.806709385717
2003,6406.607974611645,15.326813336391494,30.197729349605893,6436.80570396125,30.78546363658679,6570.722470780403
2004,6406.53567775381,15.326640377401459,30.186629077043527,6436.722306830853,30.78528362893937,6570.638290616739
2005,6406.463394782337,15.326467451632384,30.175570265479283,6436.638965047816,30.785104286934637,6570.554168695981
2006,6406.391125625325,15.326294558912261,30.164552800624868,6436.55567842595,30.78492560804338,6570.470104820938
2007,6406.318870210293,15.326121699067688,30.153576568654046,6436.472446778947,30.784747589746843,6570.386098794346
2008,6406.246628464636,15.325948871924966,30.14264145620114,6436.389269920837,30.78457022953666,6570.302150419322
2009,6406.174400316364,15.325776077311875,30.13174735035954,6436.3061476667235,30.784393524914844,6570.218259500103
2010,6406.102185693435,15.325603315056064,30.12089413868018,6436.223079832115,30.784217473393703,6570.134425841377
2011,6406.029984523566,15.325430584984607,30.110081709170025,6436.140066232736,30.784042072495822,6570.050649248093
2012,6405.957796735168,15.32525788692624,30.099309950290625,6436.057106685458,30.783867319754002,6569.966929526388
2013,6405.885622255926,15.325085220707956,30.08857875095659,6435.974201006883,30.783693212711235,6569.883266482177
2014,6405.813461014326,15.324912586158675,30.07788800053408,6435.89134901486,30.783519748920625,6569.799659922664
2015,6405.741312938691,15.324739983106918,30.067237588839376,6435.808550527531,30.78334692594538,6569.716109655394
2016,6405.669177956972,15.324567411380315,30.056627406137327,6435.725805363109,30.783174741358742,6569.63261548802
2017,6405.5970559979005,15.324394870808375,30.04605734313996,6435.643113341041,30.783003192743973,6569.549177229477
2018,6405.524946989943,15.324222361219958,30.035527291004954,6435.560474280947,30.782832277694254,6569.465794688917
2019,6405.452850861642,15.32404988244412,30.02503714133414,6435.477888002976,30.782661993812713,6569.382467676061
2020,6405.380767541525,15.323877434309868,30.0145867861721,6435.395354327697,30.782492338712327,6569.299196001095
2021,6405.30869695886,15.323705016647992,30.004176118004644,6435.312873076865,30.78232331001592,6569.215979475434
2022,6405.236639041876,15.323532629286785,29.99380502975738,6435.230444071633,30.782154905356087,6569.132817909933
2023,6405.164593719825,15.323360272056997,29.983473414794254,6435.148067134619,30.78198712237515,6569.049711116951
2024,6405.092560921521,15.323187944788328,29.97318116691612,6435.065742088437,30.78181995872516,6568.966658908892
2025,6405.0205405762335,15.323015647311564,29.962928180359214,6434.983468756593,30.781653412067794,6568.8836610990875
2026,6404.948532613106,15.322843379457192,29.952714349793773,6434.9012469629,30.781487480074375,6568.8007175012235
2027,6404.876536961181,15.322671141055457,29.942539570322584,6434.819076531504,30.781322160425766,6568.717827929356
2028,6404.804553549865,15.322498931937476,29.93240373747951,6434.736957287345,30.78115745081239,6568.634992198379
2029,6404.7325823085985,15.322326751934446,29.922306747228067,6434.654889055827,30.780993348934146,6568.55221012369
2030,6404.660623166935,15.322154600877834,29.91224849596,6434.572871662895,30.780829852500375,6568.4694815212715
2031,6404.5886760543535,15.321982478598931,29.902228880493844,6434.490904934847,30.78066695922984,6568.386806207497
2032,6404.516740900768,15.321810384930068,29.892247798073505,6434.408988698841,30.780504666850668,6568.304183999641
2033,6404.444817635462,15.321638319702062,29.882305146366832,6434.327122781829,30.780342973100307,6568.221614714815
2034,6404.372906188606,15.321466282747862,29.87240082346418,6434.24530701207,30.780181875725503,6568.139098171476
2035,6404.301006490104,15.321294273899769,29.86253472787702,6434.16354121798,30.78002137248223,6568.056634188278
2036,6404.229118469884,15.321122292990154,29.852706758536485,6434.081825228421,30.779861461135702,6567.974222584361
2037,6404.157242058222,15.320950339852207,29.84291681479202,6434.000158873015,30.779702139460255,6567.891863179667
2038,6404.085377184643,15.320778414317328,29.833164796409875,6433.918541981053,30.7795434052394,6567.809555793844
2039,6404.013523780315,15.320606516220849,29.82345060357183,6433.836974383887,30.779385256265698,6567.727300248643
2040,6403.941681775235,15.3204346453953,29.813774136873636,6433.755455912109,30.779227690340782,6567.645096365091
2041,6403.869851099456,15.32026280167334,29.804135297323768,6433.6739863967805,30.77907070527529,6567.562943964728
2042,6403.7980316839385,15.320090984889806,29.794533986341932,6433.59256567028,30.778914298888843,6567.480842870446
2043,6403.726223459158,15.319919194878368,29.7849701057577,6433.511193564916,30.778758469009972,6567.398792905109
2044,6403.6544263558535,15.319747431473333,29.775443557809158,6433.4298699136625,30.778603213476128,6567.316793892283
2045,6403.582640304796,15.319575694509082,29.765954245141458,6433.348594549937,30.778448530133602,6567.2348456560185
2046,6403.510865236966,15.319403983820493,29.756502070805453,6433.267367307772,30.778294416837525,6567.152948021015
2047,6403.439101083275,15.319232299242286,29.747086938256366,6433.186188021531,30.778140871451793,6567.071100812346
2048,6403.367347774572,15.319060640609026,29.737708751352322,6433.105056525925,30.77798789184905,6566.989303855468
2049,6403.295605242262,15.318889007756608,29.72836741435308,6433.023972656615,30.777835475910653,6566.9075569768265
2050,6403.223873417386,15.318717400520063,29.71906283191858,6432.942936249305,30.77768362152663,6566.825860002946
2051,6403.152152231525,15.318545818735705,29.709794909107625,6432.861947140633,30.77753232659564,6566.744212761324
2052,6403.080441615897,15.318374262238988,29.70056355137647,6432.781005167273,30.777381589024948,6566.662615079532
2053,6403.008741502209,15.31820273086653,29.691368664577524,6432.7001101667865,30.77723140673036,6566.581066786063
2054,6402.937051821668,15.318031224453751,29.68221015495793,6432.619261976626,30.777081777636226,6566.499567709344
2055,6402.865372506451,15.317859742838401,29.67308792915826,6432.5384604356095,30.776932699675378,6566.418117679197
2056,6402.7937034882125,15.317688285856967,29.664001894211147,6432.457705382423,30.77678417078911,6566.336716525356
2057,6402.722044698554,15.317516853345822,29.654951957539897,6432.376996656094,30.776636188927107,6566.255364077927
2058,6402.650396069769,15.317345445142989,29.64593802695724,6432.296334096726,30.776488752047456,6566.174060168132
2059,6402.578757533574,15.317174061085106,29.6369600106639,6432.215717544238,30.77634185811659,6566.092804627046
2060,6402.507129022577,15.31700270101095,29.62801781724728,6432.135146839824,30.776195505109257,6566.01159728705
2061,6402.435510468596,15.316831364757405,29.61911135568013,6432.054621824275,30.776049691008453,6565.930437980162
2062,6402.363901804289,15.31666005216337,29.61024053531924,6431.974142339608,30.775904413805456,6565.849326539662
2063,6402.292302962127,15.316488763067289,29.60140526590407,6431.893708228031,30.775759671499713,6565.768262799054
2064,6402.22071387436,15.31631749730708,29.592605457555425,6431.813319331915,30.775615462098877,6565.687246592045
2065,6402.149134473926,15.31614625472231,29.5838410207742,6431.7329754947,30.775471783618702,6565.606277753442
2066,6402.07756469329,15.31597503515141,29.575111866439954,6431.65267655973,30.775328634083067,6565.525356117992
2067,6402.006004465308,15.315803838433752,29.566417905809708,6431.572422371118,30.77518601152393,6565.444481521246
2068,6401.934453722993,15.315632664409073,29.55775905051654,6431.492212773509,30.775043913981268,6565.363653799328
2069,6401.862912399374,15.315461512917164,29.549135212568338,6431.412047611942,30.77490233950306,6565.282872788781
2070,6401.7913804273685,15.315290383797532,29.540546304346435,6431.331926731715,30.774761286145253,6565.202138326446
2071,6401.719857740478,15.315119276891096,29.531992238604346,6431.251849979082,30.774620751971753,6565.121450250159
2072,6401.648344271611,15.314948192037347,29.52347292846649,6431.171817200077,30.774480735054325,6565.0408083975635
2073,6401.576839954693,15.314777129078214,29.51498828742683,6431.09182824212,30.774341233472647,6564.960212607726
2074,6401.505344722564,15.314606087853024,29.50653822934764,6431.0118829519115,30.774202245314207,6564.879662719029
2075,6401.433858509495,15.314435068204533,29.498122668458144,6430.931981177953,30.774063768674296,6564.799158571686
2076,6401.362381248682,15.314264069972923,29.48974151935332,6430.852122768036,30.773925801656,6564.718700005239
2077,6401.290912874196,15.314093093000468,29.481394696992545,6430.772307571188,30.773788342370107,6564.638286860498
2078,6401.219453319658,15.313922137128369,29.473082116698322,6430.692535436357,30.77365138893515,6564.557918978225
2079,6401.148002519249,15.313751202199159,29.464803694155055,6430.612806213404,30.77351493947731,6564.47759620013
2080,6401.076560407156,15.313580288055396,29.456559345407722,6430.533119752564,30.77337899213042,6564.397318368331
2081,6401.0051269171645,15.31340939453867,29.448348986860605,6430.453475904025,30.773243545035932,6564.317085324931
2082,6400.933701983997,15.313238521492815,29.440172535276055,6430.373874519273,30.773108596342855,6564.236896913365
2083,6400.86228554188,15.313067668760478,29.432029907773185,6430.294315449653,30.772974144207776,6564.156752976957
2084,6400.790877525296,15.312896836184919,29.42392102182664,6430.214798547123,30.772840186794774,6564.07665335968
2085,6400.719477868572,15.312726023609024,29.41584579526536,6430.135323663837,30.77270672227543,6563.996597905735
2086,6400.648086506829,15.312555230877582,29.407804146271257,6430.0558906531005,30.77257374882877,6563.916586460506
2087,6400.576703374642,15.312384457834073,29.399795993378042,6429.97649936802,30.77244126464125,6563.83661886921
2088,6400.5053284067935,15.312213704322472,29.391821255469903,6429.8971496622635,30.77230926790672,6563.756694977657
2089,6400.433961538584,15.312042970188001,29.383879851780335,6429.817841390364,30.77217775682638,6563.676814632559
2090,6400.3626027048185,15.311872255274686,29.37597170189081,6429.73857440671,30.77204672960879,6563.596977680508
2091,6400.2912518407475,15.311701559427625,29.3680967257296,6429.659348566477,30.77191618446978,6563.517183968921
2092,6400.2199088817415,15.311530882492205,29.360254843570527,6429.580163725312,30.771786119632484,6563.437433345713
2093,6400.148573763177,15.311360224313821,29.352445976031746,6429.501019739209,30.771656533327256,6563.3577256591825
2094,6400.077246420482,15.311189584737996,29.344670044074487,6429.4219164645565,30.771527423791664,6563.27806075805
2095,6400.005926789418,15.311018963611048,29.336926969001862,6429.34285375842,30.771398789270485,6563.198438491746
2096,6399.934614805501,15.31084836077871,29.329216672457612,6429.263831477959,30.77127062801561,6563.118858709827
2097,6399.863310404602,15.310677776087564,29.321539076424877,6429.184849481027,30.77114293828609,6563.039321262572
2098,6399.792013522915,15.310507209384964,29.313894103225053,6429.10590762614,30.77101571834806,6562.959826000954
2099,6399.720724096,15.310336660516745,29.306281675516487,6429.027005771516,30.7708889664747,6562.880372775681
2100,6399.649442060294,15.310166129330847,29.29870171629334,6428.948143776587,30.77076268094626,6562.800961438704
2101,6399.578167351874,15.30999561567434,29.291154148884345,6428.869321500759,30.77063686004998,6562.721591841976
2102,6399.5068999071445,15.309825119395082,29.2836388969516,6428.790538804096,30.77051150208009,6562.642263838145
2103,6399.435639662525,15.30965464034097,29.27615588448939,6428.711795547015,30.770386605337748,6562.562977280234
2104,6399.364386554664,15.309484178360439,29.268705035822975,6428.633091590486,30.770262168131076,6562.483732021857
2105,6399.293140520316,15.309313733302192,29.261286275607446,6428.554426795924,30.770138188775057,6562.404527917095
2106,6399.2219014957445,15.309143305013743,29.253899528826448,6428.475801024571,30.770014665591557,6562.325364819894
2107,6399.150669418246,15.308972893345087,29.246544720791068,6428.397214139038,30.769891596909268,6562.246242585593
2108,6399.079444224425,15.308802498144557,29.239221777138624,6428.3186660015635,30.769768981063706,6562.167161069191
2109,6399.00822585194,15.308632119263013,29.231930623831506,6428.240156475771,30.769646816397156,6562.088120127099
2110,6398.9370142375,15.308461756549043,29.224671187155934,6428.161685424656,30.769525101258676,6562.009119615131
2111,6398.865809318583,15.30829140985307,29.217443393720863,6428.083252712304,30.76940383400405,6561.930159390222
2112,6398.79461103237,15.30812107902481,29.210247170456782,6428.004858202827,30.769283012995743,6561.851239309358
2113,6398.723419316684,15.307950763915512,29.20308244461455,6427.926501761299,30.769162636602914,6561.772359230521
2114,6398.652234109007,15.307780464375615,29.195949143764274,6427.848183252771,30.769042703201364,6561.693519011697
2115,6398.581055347182,15.307610180256416,29.188847195794057,6427.769902542976,30.768923211173508,6561.614718511581
2116,6398.509882968643,15.307439911408236,29.18177652890893,6427.691659497552,30.768804158908367,6561.535957588803
2117,6398.4387169118445,15.307269657683838,29.17473707162964,6427.613453983474,30.768685544801503,6561.457236103361
2118,6398.367557114548,15.307099418934325,29.167728752791547,6427.53528586734,30.768567367255052,6561.378553914899
2119,6398.296403514845,15.306929195011591,29.160751501543494,6427.457155016389,30.768449624677636,6561.299910883737
2120,6398.2252560511815,15.306758985768377,29.15380524734659,6427.3790612985285,30.768332315484376,6561.221306870885
2121,6398.154114661993,15.306588791057399,29.14688991997311,6427.3010045819665,30.768215438096853,6561.142741737688
2122,6398.082979285478,15.306418610730809,29.140005449505367,6427.222984734984,30.768098990943074,6561.064215345586
2123,6398.011849860566,15.306248444642502,29.133151766334592,6427.145001626901,30.767982972457467,6560.985727557091
2124,6397.940726325788,15.306078292645426,29.126328801159787,6427.067055126948,30.76786738108083,6560.907278234649
2125,6397.869608619966,15.30590815459322,29.119536484986597,6426.9891451049525,30.767752215260344,6560.828867241335
2126,6397.79849668203,15.305738030339786,29.11277474912619,6426.911271431157,30.76763747344948,6560.750494440662
2127,6397.727390450971,15.305567919739165,29.106043525194156,6426.833433976165,30.767523154108055,6560.672159696535
2128,6397.656289866256,15.305397822646546,29.09934274510934,6426.755632611365,30.767409255702148,6560.593862873669
2129,6397.585194866659,15.305227738915452,29.09267234109281,6426.677867207752,30.76729577670408,6560.515603836415
2130,6397.514105391958,15.305057668401814,29.086032245666722,6426.600137637624,30.767182715592433,6560.437382450451
2131,6397.443021381494,15.304887610960511,29.07942239165316,6426.522443773147,30.76707007085197,6560.359198581353
2132,6397.37194277483,15.304717566446962,29.072842712173124,6426.444785487003,30.766957840973653,6560.281052095239
2133,6397.300869511795,15.304547534717214,29.066293140645367,6426.36716265244,30.76684602445458,6560.202942858818
2134,6397.2298015323495,15.30437751562763,29.059773610785314,6426.289575143135,30.766734619797994,6560.124870739256
2135,6397.158738775915,15.304207509033288,29.053284056603985,6426.212022832518,30.766623625513226,6560.046835603501
2136,6397.087681183106,15.30403751479212,29.04682441240691,6426.134505595513,30.766513040115726,6559.968837320016
2137,6397.016628693612,15.303867532759837,29.040394612792994,6426.0570233064045,30.76640286212696,6559.890875756657
2138,6396.945581248094,15.303697562794483,29.03399459265353,6425.979575840747,30.76629309007445,6559.812950782571
2139,6396.8745387867875,15.30352760475308,29.027624287171058,6425.902163073959,30.76618372249172,6559.735062266798
2140,6396.803501250212,15.303357658493331,29.021283631818285,6425.824784882031,30.766074757918283,6559.657210078975
2141,6396.73246857891,15.30318772387299,29.01497256235708,6425.747441141267,30.765966194899597,6559.57939408908
2142,6396.6614407138,15.303017800750718,29.00869101483731,6425.670131728638,30.765858031987097,6559.501614167782
2143,6396.5904175957,15.302847888984928,29.00243892559586,6425.592856521296,30.765750267738074,6559.423870185957
2144,6396.519399165289,15.302677988433706,28.996216231255502,6425.5156153965445,30.76564290071577,6559.346162014658
2145,6396.448385363939,15.302508098956793,28.990022868723948,6425.438408232663,30.765535929489236,6559.268489525942
2146,6396.377376132781,15.302338220413352,28.983858775192687,6425.361234907974,30.765429352633404,6559.190852591929
2147,6396.306371413213,15.30216835266319,28.977723888135984,6425.284095301349,30.765323168729022,6559.11325108532
2148,6396.23537114646,15.301998495565694,28.97161814530985,6425.20698929177,30.765217376362614,6559.035684878947
2149,6396.164375274326,15.30182864898164,28.965541484750958,6425.129916759077,30.76511197412649,6558.958153846527
2150,6396.093383738049,15.301658812770452,28.95949384477563,6425.052877582824,30.76500696061872,6558.880657861516
2151,6396.022396479655,15.301488986793434,28.953475163978798,6424.975871643634,30.76490233444308,6558.803196798461
2152,6395.951413441327,15.301319170912265,28.94748538123296,6424.898898822559,30.76479809420907,6558.725770532368
2153,6395.880434564606,15.301149364987095,28.941524435687157,6424.821959000293,30.764694238531856,6558.648378937906
2154,6395.809459791733,15.300979568879745,28.935592266766,6424.7450520585,30.76459076603227,6558.57102189074
2155,6395.738489065061,15.3008097824523,28.929688814168557,6424.66817787923,30.764487675336795,6558.4936992669445
2156,6395.6675223268685,15.30064000556667,28.92381401786742,6424.591336344736,30.764384965077504,6558.416410942823
2157,6395.596559519743,15.30047023808551,28.91796781810762,6424.51452733785,30.764282633892066,6558.33915679528
2158,6395.525600586052,15.300300479870938,28.912150155405648,6424.437750741457,30.764180680423735,6558.2619367013
2159,6395.454645468762,15.300130730786512,28.90636097054844,6424.36100643931,30.764079103321308,6558.184750538758
2160,6395.383694110448,15.299960990694853,28.900600204592408,6424.284294315041,30.763977901239095,6558.107598185431
2161,6395.312746454169,15.299791259459736,28.8948677988624,6424.207614253032,30.763877072836916,6558.030479519873
2162,6395.241802443199,15.299621536945452,28.88916369495074,6424.13096613815,30.76377661678009,6557.9533944211435
2163,6395.170862020551,15.299451823015673,28.883487834716163,6424.054349855267,30.763676531739357,6557.876342768333
2164,6395.099925129107,15.299282117533748,28.87784016028288,6423.97776528939,30.763576816390938,6557.799324440691
2165,6395.028991712754,15.29911242036544,28.87222061403964,6423.901212326794,30.763477469416436,6557.722339318755
2166,6394.958061715044,15.298942731375703,28.86662913863864,6423.824690853683,30.763378489502884,6557.645387283021
2167,6394.887135079553,15.298773050429554,28.86106567699461,6423.748200756548,30.763279875342654,6557.568468214288
2168,6394.81621174994,15.2986033773922,28.855530172283828,6423.671741922223,30.7631816256335,6557.491581993729
2169,6394.745291670308,15.298433712129922,28.850022567943128,6423.5953142382505,30.76308373907848,6557.414728503242
2170,6394.674374784427,15.298264054508198,28.844542807668972,6423.518917592096,30.76298621438598,6557.337907624675
2171,6394.603461036528,15.298094404393607,28.83909083541644,6423.4425518719445,30.762889050269678,6557.2611192406175
2172,6394.532550370667,15.297924761652315,28.833666595398263,6423.366216966066,30.762792245448512,6557.184363233767
2173,6394.461642731581,15.297755126152108,28.82827003208393,6423.289912763666,30.762695798646675,6557.107639487778
2174,6394.390738063556,15.297585497759702,28.822901090198656,6423.213639153754,30.76259970859357,6557.030947886136
2175,6394.319836311269,15.297415876342749,28.817559714722456,6423.137396025992,30.76250397402382,6556.954288312995
2176,6394.248937419525,15.297246261769198,28.81224585088924,6423.061183270414,30.762408593677243,6556.87766065291
2177,6394.178041332865,15.297076653906377,28.806959444185818,6422.985000777051,30.7623135662988,6556.801064790451
2178,6394.107147996458,15.296907052623105,28.80170044035097,6422.9088484368085,30.762218890638614,6556.724500611086
2179,6394.036257355343,15.296737457787902,28.79646878537452,6422.832726140718,30.762124565451924,6556.647968000433
2180,6393.965369354966,15.296567869270254,28.7912644254964,6422.756633780463,30.762030589499066,6556.571466844784
2181,6393.894483940228,15.296398286938345,28.78608730720569,6422.680571247434,30.761936961545477,6556.494997030157
2182,6393.823601056897,15.296228710662433,28.780937377239738,6422.604538434137,30.76184368036165,6556.41855844371
2183,6393.752720650704,15.296059140312689,28.775814582583173,6422.528535233287,30.76175074472311,6556.342150972832
2184,6393.681842666799,15.295889575757892,28.770718870467064,6422.452561537266,30.761658153410433,6556.265774504601
2185,6393.6109670515125,15.295720016869646,28.765650188367967,6422.37661723988,30.761565905209178,6556.18942892754
2186,6393.540093750384,15.295550463517664,28.760608484006976,6422.300702234391,30.761473998909885,6556.113114129649
2187,6393.469222709582,15.295380915573162,28.75559370534884,6422.2248164149305,30.761382433308082,6556.036829999821
2188,6393.398353875583,15.295211372908094,28.750605800601072,6422.148959676184,30.761291207204216,6555.960576427522
2189,6393.327487194256,15.295041835392956,28.745644718213015,6422.073131912469,30.76120031940368,6555.884353301875
2190,6393.256622612375,15.29487230290042,28.74071040687499,6421.997333019251,30.761109768716757,6555.808160513168
2191,6393.185760076072,15.294702775301609,28.735802815517346,6421.92156289159,30.761019553958633,6555.73199795131
2192,6393.1148995327185,15.294533252470618,28.730921893309596,6421.845821426028,30.76092967394934,6555.655865507708
2193,6393.044040928207,15.294363734278008,28.726067589659515,6421.770108517867,30.760840127513795,6555.579763072552
2194,6392.973184210205,15.294194220598575,28.721239854212264,6421.694424064417,30.760750913481694,6555.503690538062
2195,6392.902329325334,15.294024711304626,28.716438636849517,6421.6187679621835,30.760662030687595,6555.427647795675
2196,6392.8314762210175,15.293855206270377,28.711663887688523,6421.543140108706,30.7605734779708,6555.351634737879
2197,6392.760624844149,15.293685705368777,28.706915557081302,6421.4675404012305,30.76048525417543,6555.275651256894
2198,6392.689775142369,15.293516208474568,28.70219359561375,6421.391968737983,30.76039735815032,6555.1996972459365
2199,6392.618927063141,15.29334671546206,28.697497954104755,6421.316425017246,30.760309788749055,6555.123772598305
2200,6392.548080554425,15.293177226206758,28.692828583605355,6421.2409091380305,30.76022254482995,6555.0478772080405
2201,6392.477235563389,15.293007740582269,28.688185435397834,6421.165420998786,30.760135625256005,6554.9720109686505
2202,6392.4063920384115,15.2928382584651,28.683568460994906,6421.0899604994065,30.76004902889489,6554.8961737751
2203,6392.335549927336,15.292668779730468,28.678977612138826,6421.014527539474,30.759962754618954,6554.820365522067
2204,6392.2647091784975,15.292499304254779,28.674412840800567,6420.939122019298,30.759876801305182,6554.7445861049755
2205,6392.1938697397645,15.292329831913312,28.669874099178983,6420.863743838943,30.759791167835175,6554.668835419026
2206,6392.123031559779,15.292160362583202,28.6653613396999,6420.788392899479,30.759705853095152,6554.593113360443
2207,6392.05219458692,15.291990896140957,28.66087451501531,6420.713069101936,30.759620855975918,6554.517419825431
2208,6391.981358770012,15.291821432464143,28.656413578002564,6420.637772348015,30.759536175372844,6554.441754710886
2209,6391.910524057658,15.291651971429804,28.651978481763464,6420.562502539422,30.75945181018585,6554.366117913731
2210,6391.839690398708,15.291482512915568,28.647569179623503,6420.487259578331,30.759367759319403,6554.29050933137
2211,6391.768857742418,15.291313056800043,28.643185625131025,6420.412043367549,30.759284021682475,6554.2149288618675
2212,6391.698026037457,15.291143602960423,28.638827772056317,6420.336853809513,30.75920059618854,6554.139376402933
2213,6391.627195233623,15.29097415127661,28.63449557439091,6420.261690808014,30.759117481755542,6554.06385185365
2214,6391.556365279885,15.290804701626518,28.63018898634667,6420.186554266232,30.75903467730592,6553.988355112512
2215,6391.4855361256805,15.290635253889187,28.62590796235501,6420.111444088036,30.758952181766517,6553.91288607872
2216,6391.414707721268,15.290465807945617,28.62165245706608,6420.036360178335,30.75886999406864,6553.837444652533
2217,6391.343880015629,15.290296363673754,28.61742242534796,6419.961302440977,30.75878811314799,6553.762030733171
2218,6391.273052958854,15.290126920954197,28.613217822285854,6419.88627078114,30.758706537944654,6553.6866442211995
2219,6391.202226501331,15.289957479668256,28.609038603181265,6419.811265104512,30.75862526740312,6553.611285017716
2220,6391.131400592708,15.289788039695473,28.604884723551223,6419.736285316259,30.75854430047221,6553.535953023314
2221,6391.060575183568,15.289618600917628,28.600756139127466,6419.661331322695,30.7584636361051,6553.460648139752
2222,6390.989750223999,15.28944916321531,28.59665280585571,6419.586403029855,30.758383273259287,6553.385370268533
2223,6390.918925664396,15.289279726469847,28.592574679894767,6419.511500344291,30.758303210896585,6553.310119311691
2224,6390.848101455784,15.289110290564077,28.588521717615833,6419.436623173399,30.758223447983084,6553.234895172126
2225,6390.777277548848,15.28894085538002,28.584493875601645,6419.36177142445,30.758143983489163,6553.159697752628
2226,6390.70645389437,15.288771420799927,28.580491110645745,6419.286945005016,30.75806481638945,6553.08452695631
2227,6390.635630443036,15.288601986705826,28.576513379751667,6419.212143822787,30.757985945662817,6553.00938268642
2228,6390.564807146285,15.288432552981542,28.572560640132217,6419.137367786417,30.757907370292358,6552.934264847188
2229,6390.49398395533,15.288263119510358,28.56863284920861,6419.062616804538,30.75782908926537,6552.859173342843
2230,6390.423160821406,15.288093686175612,28.564729964609832,6418.987890786016,30.75775110157335,6552.78410807786
2231,6390.352337696231,15.287924252861798,28.56085194417174,6418.913189640403,30.757673406211975,6552.709068957425
2232,6390.281514531135,15.287754819452477,28.556998745936426,6418.838513277072,30.757596002181053,6552.6340558865595
2233,6390.2106912780955,15.287585385832765,28.553170328151385,6418.763861606247,30.75751888848456,6552.559068771155
2234,6390.139867888904,15.28741595188733,28.549366649268755,6418.689234538172,30.757442064130597,6552.48410751714
2235,6390.069044315401,15.287246517500959,28.545587667944602,6418.614631983345,30.757365528131356,6552.409172030717
2236,6389.998220510029,15.287077082559877,28.54183334303819,6418.540053853067,30.75728927950313,6552.334262218906
2237,6389.927396424612,15.286907646948833,28.538103633611136,6418.465500058223,30.757213317266306,6552.259377988332
2238,6389.8565720116985,15.286738210554303,28.534398498926777,6418.390970510625,30.757137640445308,6552.184519246563
2239,6389.78574722413,15.28656877326347,28.530717898449375,6418.31646512258,30.757062248068607,6552.109685901678
2240,6389.714922014031,15.286399334961796,28.52706179184338,6418.241983805874,30.75698713916873,6552.034877861258
2241,6389.644096334343,15.286229895536705,28.523430138972703,6418.167526473316,30.756912312782188,6551.960095033918
2242,6389.573270137788,15.286060454875091,28.519822899900046,6418.093093037688,30.7568377679495,6551.885337328268
2243,6389.502443377602,15.285891012865076,28.51624003488609,6418.018683412488,30.75676350371517,6551.810604653649
2244,6389.431616006679,15.285721569393969,28.512681504388794,6417.944297511068,30.75668951912766,6551.735896919273
2245,6389.3607879781775,15.285552124349707,28.509147269062723,6417.86993524724,30.756615813239407,6551.661214034832
2246,6389.289959245949,15.285382677621888,28.505637289758276,6417.795596535707,30.756542385106748,6551.586555910922
2247,6389.219129763089,15.285213229098298,28.50215152752096,6417.72128129061,30.756469233789964,6551.5119224575965
2248,6389.1482994833805,15.285043778668374,28.498689943590758,6417.646989426971,30.756396358353232,6551.437313585808
2249,6389.077468360372,15.284874326220987,28.495252499401296,6417.572720859774,30.75632375786462,6551.362729206485
2250,6389.006636348006,15.284704871645948,28.491839156579264,6417.498475504585,30.756251431396073,6551.2881692311585
2251,6388.935803400428,15.28453541483356,28.488449876943676,6417.4242532773715,30.756179378023386,6551.213633571773
2252,6388.864969471578,15.28436595567363,28.485084622505134,6417.350054094083,30.756107596826208,6551.139122140277
2253,6388.794134515536,15.284196494056307,28.481743355465152,6417.275877871001,30.756036086888017,6551.0646348489645
2254,6388.72329848717,15.284027029873611,28.47842603821544,6417.2017245253855,30.755964847296084,6550.9901716111235
2255,6388.652461340671,15.283857563015959,28.475132633337292,6417.127593974008,30.755893877141514,6550.915732339574
2256,6388.581623030761,15.283688093375027,28.471863103600803,6417.053486134362,30.755823175519154,6550.841316947871
2257,6388.510783511882,15.283518620841823,28.468617411964257,6416.979400923847,30.755752741527658,6550.766925349492
2258,6388.439942739267,15.283349145309252,28.46539552157339,6416.905338260841,30.755682574269414,6550.692557458913
2259,6388.369100667646,15.28317966666901,28.46219739576074,6416.831298063407,30.755612672850546,6550.618213190307
2260,6388.298257252381,15.283010184814307,28.459022998044937,6416.7572802504255,30.755543036380917,6550.543892458682
2261,6388.227412448544,15.282840699637665,28.455872292130124,6416.683284740674,30.75547366397408,6550.469595178961
2262,6388.156566211681,15.28267121103273,28.452745241905163,6416.609311453586,30.75540455474732,6550.395321266737
2263,6388.085718497143,15.282501718892686,28.44964181144306,6416.535360308586,30.755335707821555,6550.321070637609
2264,6388.014869260533,15.282332223111322,28.44656196500022,6416.461431225533,30.755267122321392,6550.24684320763
2265,6387.944018457485,15.2821627235825,28.443505667015874,6416.387524124501,30.7551987973751,6550.172638893083
2266,6387.873166044177,15.28199322020138,28.440472882111393,6416.313638926288,30.755130732114587,6550.098457610987
2267,6387.802311976514,15.281823712862474,28.437463575089566,6416.239775551603,30.75506292567536,6550.0242992782905
2268,6387.731456210644,15.28165420146087,28.434477710934026,6416.165933921578,30.754995377196547,6549.950163812383
2269,6387.660598702458,15.281484685891048,28.431515254808566,6416.0921139572665,30.75492808582088,6549.876051130587
2270,6387.589739408801,15.281315166049762,28.428576172056502,6416.018315580857,30.754861050694668,6549.801961151379
2271,6387.51887828594,15.281145641832394,28.425660428200015,6415.94453871414,30.75479427096778,6549.72789379285
2272,6387.448015290296,15.28097611313468,28.422767988939523,6415.870783279235,30.754727745793637,6549.653848973438
2273,6387.37715037907,15.280806579854236,28.419898820153044,6415.797049199224,30.75466147432922,6549.579826612556
2274,6387.306283508869,15.280637041887246,28.417052887895522,6415.723336396764,30.754595455735014,6549.505826629212
2275,6387.235414636654,15.280467499130753,28.41423015839828,6415.649644795052,30.754529689175,6549.431848942963
2276,6387.164543719835,15.280297951482858,28.411430598068257,6415.575974317903,30.754464173816707,6549.357893474006
2277,6387.0936707152205,15.28012839884024,28.40865417348752,6415.502324888708,30.7543989088311,6549.283960142124
2278,6387.022795580491,15.279958841101653,28.405900851412564,6415.4286964319035,30.754333893392634,6549.210048868162
2279,6386.9519182728545,15.279789278164724,28.403170598773663,6415.355088871628,30.754269126679215,6549.136159572683
2280,6386.881038750506,15.279619709929442,28.400463382674296,6415.281502133181,30.754204607872204,6549.062292177425
2281,6386.810156970492,15.279450136293043,28.397779170390525,6415.207936140882,30.75414033615637,6548.988446603163
2282,6386.73927289126,15.279280557156124,28.39511792937038,6415.134390820631,30.754076310719924,6548.914622772262
2283,6386.668386470424,15.279110972417282,28.39247962723323,6415.060866097657,30.754012530754462,6548.840820606439
2284,6386.597497666304,15.278941381976804,28.389864231769188,6414.987361898073,30.75394899545497,6548.767040028302
2285,6386.526606436936,15.278771785734296,28.387271710938524,6414.913878147875,30.753885704019808,6548.693280960361
2286,6386.455712740895,15.278602183590658,28.384702032870987,6414.8404147737665,30.75382265565071,6548.619543325847
2287,6386.38481653665,15.27843257544653,28.382155165865292,6414.766971702516,30.75375984955275,6548.54582704807
2288,6386.313917782734,15.278262961202714,28.37963107838845,6414.6935488611225,30.753697284934344,6548.472132050587
2289,6386.243016437915,15.278093340760561,28.377129739075222,6414.62014617699,30.75363496100723,6548.398458257371
2290,6386.172112461154,15.277923714021899,28.374651116727474,6414.546763577881,30.753572876986446,6548.3248055927725
2291,6386.101205811296,15.277754080888267,28.37219518031369,6414.473400991609,30.753511032090337,6548.251173981203
2292,6386.030296447545,15.27758444126207,28.369761898968264,6414.400058346513,30.753449425540538,6548.1775633476145
2293,6385.959384329059,15.277414795045594,28.36735124199093,6414.3267355710495,30.75338805656195,6548.103973617094
2294,6385.888469415318,15.277245142141908,28.364963178846246,6414.253432594164,30.753326924382716,6548.030404715229
2295,6385.817551665763,15.277075482453979,28.36259767916294,6414.180149344926,30.753266028234247,6547.956856567745
2296,6385.746631040047,15.27690581588528,28.360254712733397,6414.10688575278,30.753205367351182,6547.883329100758
2297,6385.675707497775,15.276736142339175,28.357934249513008,6414.033641747288,30.753144940971374,6547.809822240513
2298,6385.604780998806,15.27656646171963,28.3556362596197,6413.960417258426,30.75308474833588,6547.736335913687
2299,6385.533851503287,15.276396773931308,28.35336071333325,6413.88721221662,30.75302478868897,6547.6628700474175
2300,6385.462918971261,15.276227078878616,28.351107581094787,6413.814026552356,30.752965061278076,6547.589424568916
2301,6385.391983362917,15.276057376466309,28.34887683350619,6413.7408601964235,30.752905565353814,6547.515999405712
2302,6385.321044638488,15.275887666599255,28.346668441329584,6413.667713079818,30.752846300169956,6547.4425944855575
2303,6385.250102758775,15.275717949183672,28.344482375486724,6413.594585134262,30.75278726498341,6547.36920973694
2304,6385.179157684155,15.275548224124773,28.342318607058374,6413.521476291214,30.752728459054225,6547.2958450881
2305,6385.108209375425,15.275378491328768,28.340177107283914,6413.448386482709,30.752669881645566,6547.222500467867
2306,6385.037257793295,15.275208750701662,28.33805784756062,6413.375315640856,30.75261153202372,6547.149175805159
2307,6384.966302898945,15.275039002150587,28.33596079944323,6413.302263698389,30.752553409458038,6547.075871029531
2308,6384.895344653362,15.274869245582206,28.333885934643327,6413.2292305880055,30.752495513220993,6547.002586070517
2309,6384.824383017671,15.274699480903518,28.331833225028788,6413.1562162427,30.752437842588105,6546.929320857958
2310,6384.7534179534405,15.274529708022586,28.32980264262327,6413.083220596064,30.752380396837964,6546.856075322309
2311,6384.682449422061,15.274359926847035,28.327794159605695,6413.010243581667,30.752323175252204,6546.782849394014
2312,6384.611477384655,15.274190137283863,28.325807748309664,6412.9372851329645,30.75226617711549,6546.709643003417
2313,6384.540501803849,15.274020339243657,28.32384338122288,6412.864345185072,30.752209401715533,6546.636456082535
2314,6384.4695226406,15.273850532633015,28.32190103098671,6412.791423671587,30.752152848343023,6546.563288561879
2315,6384.398539857625,15.273680717362739,28.3199806703956,6412.718520528021,30.752096516291672,6546.4901403738895
2316,6384.327553416271,15.273510893340362,28.31808227239652,6412.645635688667,30.752040404858178,6546.4170114498
2317,6384.256563279086,15.273341060476282,28.31620581008846,6412.5727690891745,30.751984513342208,6546.343901722213
2318,6384.185569408599,15.273171218680858,28.314351256721892,6412.499920665321,30.751928841046414,6546.270811123873
2319,6384.114571766776,15.2730013678631,28.312518585698236,6412.427090352474,30.75187338727637,6546.197739587126
2320,6384.043570316693,15.272831507934672,28.310707770569415,6412.354278087262,30.751818151340622,6546.124687045594
2321,6383.972565020665,15.272661638805419,28.3089187850372,6412.281483805702,30.751763132550625,6546.051653432297
2322,6383.901555841625,15.272491760386663,28.30715160295279,6412.208707444578,30.751708330220758,6545.978638681038
2323,6383.830542742498,15.272321872589709,28.305406198316287,6412.135948940815,30.75165374366832,6545.905642725772
2324,6383.75952568665,15.272151975326913,28.30368254527617,6412.063208231926,30.751599372213494,6545.832665501055
2325,6383.688504636719,15.271982068508896,28.301980618128727,6411.990485254848,30.751545215179345,6545.7597069408785
2326,6383.617479556357,15.2718121520487,28.300300391317634,6411.917779947674,30.751491271891826,6545.686766980403
2327,6383.546450408676,15.271642225858075,28.298641839433387,6411.845092248109,30.751437541679735,6545.613845554416
2328,6383.475417157536,15.271472289850564,28.29700493721281,6411.772422094748,30.751384023874728,6545.540942598604
2329,6383.404379766538,15.271302343939086,28.295389659538586,6411.699769426076,30.751330717811307,6545.468058048556
2330,6383.333338199531,15.271132388037154,28.29379598143867,6411.62713418097,30.751277622826798,6545.395191840266
2331,6383.262292420264,15.270962422058048,28.292223878085892,6411.55451629835,30.751224738261342,6545.3223439097865
2332,6383.1912423927415,15.27079244591565,28.29067332479742,6411.481915717539,30.75117206345788,6545.249514193581
2333,6383.120188081098,15.270622459524157,28.289144297034206,6411.409332378132,30.75111959776217,6545.176702628397
2334,6383.049129449795,15.270452462798554,28.28763677040059,6411.336766220195,30.75106734052273,6545.103909151469
2335,6382.978066463329,15.270282455653897,28.286150720643697,6411.2642171839725,30.751015291090873,6545.031133700218
2336,6382.9069990857715,15.270112438004238,28.284686123653103,6411.191685209425,30.75096344882065,6544.9583762117945
2337,6382.835927282094,15.269942409765775,28.283242955460146,6411.1191702375545,30.750911813068896,6544.8856366244045
2338,6382.7648510168765,15.269772370853772,28.281821192237636,6411.046672209114,30.75086038319516,6544.812914876013
2339,6382.693770255105,15.269602321184461,28.280420810299248,6410.974191065404,30.750809158561736,6544.740210905147
2340,6382.622684961832,15.26943226067424,28.27904178609907,6410.901726747931,30.750758138533627,6544.667524650553
2341,6382.551595102038,15.269262189239326,28.277684096231148,6410.829279198269,30.750707322478554,6544.5948560510515
2342,6382.480500640979,15.2690921067966,28.276347717428976,6410.756848358408,30.750656709766943,6544.522205045894
2343,6382.409401544132,15.268922013263474,28.275032626565046,6410.684434170697,30.75060629977189,6544.449571574705
2344,6382.338297776876,15.26875190855712,28.273738800650328,6410.612036577526,30.75055609186918,6544.376955577157
2345,6382.26718930468,15.268581792594928,28.272466216833845,6410.539655521514,30.75050608543726,6544.304356993166
2346,6382.196076093478,15.268411665295401,28.27121485240218,6410.46729094588,30.750456279857236,6544.231775763259
2347,6382.124958109165,15.26824152657695,28.269984684779015,6410.394942793944,30.750406674512863,6544.159211828075
2348,6382.053835317266,15.268071376357096,28.268775691524652,6410.322611008791,30.750357268790538,6544.086665128029
2349,6381.982707684516,15.267901214556257,28.267587850335616,6410.250295534852,30.750308062079263,6544.014135604896
2350,6381.911575176436,15.26773104109195,28.266421139044073,6410.1779963154795,30.750259053770673,6543.941623199382
2351,6381.840437759892,15.26756085588491,28.265275535617466,6410.105713295509,30.750210243258998,6543.869127853686
2352,6381.769295401037,15.267390658854156,28.264151018157992,6410.033446419196,30.750161629941076,6543.796649509439
2353,6381.69814806634,15.267220449919474,28.26304756490216,6409.961195631242,30.750113213216316,6543.724188108733
2354,6381.62699572266,15.267050229001578,28.261965154220388,6409.8889608768795,30.750064992486706,6543.651743594197
2355,6381.55583833691,15.266879996021315,28.26090376461647,6409.816742101526,30.75001696715679,6543.579315908658
2356,6381.484675875616,15.266709750898602,28.259863374727175,6409.744539250343,30.749969136633702,6543.5069049947
2357,6381.413508305857,15.266539493554683,28.25884396332178,6409.672352269179,30.74992150032707,6543.434510795601
2358,6381.342335595214,15.266369223911994,28.257845509301607,6409.600181104515,30.7498740576491,6543.362133255288
2359,6381.271157710744,15.266198941891732,28.256867991699636,6409.528025702443,30.74982680801449,6543.289772317306
2360,6381.19997461962,15.266028647415359,28.255911389679955,6409.455886009299,30.74977975084048,6543.217427925455
2361,6381.1287862895715,15.265858340405673,28.254975682537385,6409.383761972109,30.749732885546806,6543.145100024238
2362,6381.057592687944,15.265688020784554,28.254060849697037,6409.311653537641,30.749686211555677,6543.072788557908
2363,6380.9863937827995,15.265517688475597,28.25316687071387,6409.239560653514,30.749639728291825,6543.0004934715835
2364,6380.915189541868,15.265347343401599,28.252293725272224,6409.167483267141,30.749593435182444,6542.928214710184
2365,6380.843979933292,15.265176985486343,28.25144139318544,6409.095421326478,30.749547331657176,6542.855952219186
2366,6380.772764924761,15.265006614652538,28.250609854395318,6409.023374779156,30.749501417148142,6542.783705943751
2367,6380.701544484918,15.264836230825162,28.2497990889718,6408.951343573889,30.749455691089906,6542.71147583013
2368,6380.630318581684,15.264665833927474,28.24900907711246,6408.879327658797,30.749410152919452,6542.639261823996
2369,6380.559087183852,15.264495423884814,28.248239799142123,6408.807326982995,30.749364802076222,6542.567063872027
2370,6380.487850260011,15.264325000622037,28.247491235512392,6408.735341495524,30.749319638002067,6542.494881920833
2371,6380.416607778624,15.264154564063693,28.246763366801254,6408.663371145425,30.749274660141236,6542.42271591704
2372,6380.345359708437,15.263984114135017,28.24605617371261,6408.59141588215,30.749229867940375,6542.35056580769
2373,6380.274106018508,15.26381365076198,28.24536963707591,6408.519475655584,30.74918526084855,6542.278431540275
2374,6380.202846677789,15.263643173870308,28.244703737845672,6408.447550415635,30.749140838317167,6542.206313062315
2375,6380.131581655653,15.263472683386729,28.244058457101104,6408.375640112754,30.74909659980004,6542.134210321884
2376,6380.060310921175,15.263302179237261,28.243433776045666,6408.303744697221,30.749052544753333,6542.062123266898
2377,6379.989034443659,15.263131661348467,28.242829676006647,6408.231864119665,30.74900867263556,6541.99005184563
2378,6379.917752192763,15.262961129647758,28.242246138434773,6408.159998331198,30.74896498290758,6541.917996006846
2379,6379.846464138096,15.262790584062431,28.24168314490372,6408.088147283,30.7489214750326,6541.845955699391
2380,6379.775170249248,15.262620024519732,28.24114067710977,6408.016310926358,30.74887814847613,6541.773930872228
2381,6379.703870496229,15.262449450947916,28.240618716871374,6407.9444892131005,30.748835002706024,6541.701921474872
2382,6379.6325648487455,15.26227886327451,28.240117246128786,6407.872682094874,30.74879203719242,6541.629927456661
2383,6379.561253277227,15.262108261428772,28.23963624694357,6407.80088952417,30.74874925140778,6541.557948767794
2384,6379.489935751756,15.26193764533913,28.2391757014982,6407.7291114532545,30.74870664482684,6541.485985358251
2385,6379.418612242555,15.261767014934343,28.238735592095722,6407.657347834651,30.748664216926613,6541.414037178281
2386,6379.347282719842,15.261596370143163,28.23831590115929,6407.585598621002,30.74862196718641,6541.342104178262
2387,6379.275947154878,15.261425710896837,28.237916611231828,6407.513863766109,30.74857989508778,6541.270186309741
2388,6379.204605517594,15.261255037123432,28.237537704975544,6407.44214322257,30.74853800011454,6541.198283523068
2389,6379.133257778761,15.261084348753016,28.237179165171593,6407.370436943932,30.748496281752754,6541.126395769556
2390,6379.061903909782,15.260913645717181,28.23684097471957,6407.2987448845015,30.748454739490718,6541.054523001286
2391,6378.990543881484,15.260742927946135,28.236523116637255,6407.227066998121,30.748413372818963,6540.982665169883
2392,6378.919177664697,15.260572195370088,28.236225574060132,6407.155403238757,30.74837218123024,6540.910822227108
2393,6378.847805230931,15.260401447920888,28.23594833024098,6407.083753561172,30.748331164219515,6540.838994125526
2394,6378.776426551407,15.260230685529681,28.23569136854954,6407.012117919957,30.748290321283946,6540.767180817542
2395,6378.705041597466,15.26005990812791,28.23545467247206,6406.940496269938,30.748249651922897,6540.6953822558025
2396,6378.633650341121,15.259889115648615,28.235238225610964,6406.8688885667325,30.748209155637923,6540.623598393758
2397,6378.562252753723,15.259718308023261,28.23504201168438,6406.797294765408,30.748168831932745,6540.5518291843155
2398,6378.490848807,15.259547485184209,28.234866014525792,6406.725714821526,30.748128680313258,6540.480074580889
2399,6378.419438473238,15.259376647065164,28.23471021808369,6406.654148691322,30.748088700287518,6540.408334537573
2400,6378.348021724076,15.259205793598268,28.234574606421106,6406.582596330497,30.74804889136574,6540.336609007938
2401,6378.276598531784,15.259034924717186,28.234459163715286,6406.511057695499,30.748009253060292,6540.264897946312
2402,6378.205168868718,15.258864040355785,28.234363874257305,6406.439532742976,30.74796978488565,6540.193201307228
2403,6378.133732707056,15.258693140447502,28.23428872245163,6406.368021429507,30.74793048635844,6540.121519045167
2404,6378.062290019558,15.258522224927171,28.234233692815778,6406.2965237123735,30.747891356997414,6540.049851115312
2405,6377.990840778502,15.258351293728474,28.234198769979926,6406.2250395484825,30.747852396323406,6539.978197472489
2406,6377.919384957035,15.258180346787164,28.234183938686527,6406.153568895721,30.7478136038594,6539.906558072509
2407,6377.847922527501,15.258009384037084,28.234189183789915,6406.082111711291,30.747774979130433,6539.834932870508
2408,6377.776453463206,15.257838405414368,28.234214490255994,6406.010667953462,30.74773652166365,6539.763321822699
2409,6377.704977737051,15.25766741085419,28.234259843161745,6405.939237580213,30.747698230988284,6539.691724885011
2410,6377.63349532212,15.257496400292155,28.234325227694924,6405.867820549815,30.747660106635625,6539.62014201368
2411,6377.56200619167,15.257325373664282,28.234410629153732,6405.796416820824,30.747622148139023,6539.548573165228
2412,6377.4905103192195,15.257154330907223,28.234516032946324,6405.7250263521655,30.747584355033908,6539.477018296563
2413,6377.419007678313,15.256983271957688,28.234641424590574,6405.653649102904,30.74754672685773,6539.405477364735
2414,6377.347498242563,15.256812196752543,28.234786789713553,6405.582285032277,30.747509263150008,6539.333950326979
2415,6377.275981985374,15.256641105228166,28.23495211405128,6405.510934099425,30.74747196345227,6539.262437140443
2416,6377.2044588810395,15.25646999732306,28.23513738344826,6405.439596264488,30.747434827308073,6539.190937763277
2417,6377.132928903249,15.25629887297428,28.23534258385724,6405.3682714871065,30.747397854263006,6539.119452153151
2418,6377.061392026106,15.25612773211987,28.235567701338656,6405.296959727444,30.74736104386466,6539.047980268256
2419,6376.989848223726,15.255956574697908,28.235812722060444,6405.225660945786,30.747324395662616,6538.976522066919
2420,6376.9182974704745,15.255785400647069,28.23607763229756,6405.154375102772,30.747287909208474,6538.9050775078285
2421,6376.846739740551,15.255614209905625,28.236362418431735,6405.083102158983,30.74725158405579,6538.833646549626
2422,6376.77517500873,15.25544300241323,28.236667066950965,6405.011842075681,30.747215419760124,6538.762229151637
2423,6376.703603249658,15.255271778109229,28.236991564449198,6404.9405948141075,30.747179415879003,6538.690825273181
2424,6376.632024437698,15.255100536932293,28.237335897626046,6404.869360335324,30.74714357197191,6538.619434873402
2425,6376.560438548251,15.254929278823568,28.23770005328638,6404.798138601537,30.747107887600283,6538.548057912599
2426,6376.48884555575,15.254758003721891,28.23808401833989,6404.72692957409,30.747072362327525,6538.4766943502145
2427,6376.417245435539,15.254586711568276,28.23848777980084,6404.655733215341,30.74703699571897,6538.405344146719
2428,6376.345638162552,15.254415402302756,28.238911324787672,6404.584549487339,30.747001787341887,6538.334007262277
2429,6376.274023712245,15.254244075866616,28.239354640522603,6404.513378352768,30.746966736765472,6538.262683657698
2430,6376.202402060076,15.254072732201138,28.23981771433134,6404.442219774407,30.746931843560848,6538.1913732938965
2431,6376.13077318136,15.253901371247274,28.240300533642724,6404.371073715003,30.746897107301038,6538.120076131762
2432,6376.059137051725,15.25372999294671,28.24080308598827,6404.299940137713,30.746862527560978,6538.048792132603
2433,6375.987493647064,15.25355859724178,28.241325359001948,6404.228819006066,30.746828103917508,6537.977521258107
2434,6375.915842943043,15.253387184074265,28.241867340419773,6404.157710283463,30.746793835949344,6537.906263469842
2435,6375.844184915757,15.253215753386979,28.242429018079427,6404.086613933837,30.746759723237105,6537.835018729918
2436,6375.7725195412895,15.253044305122701,28.243010379919944,6404.015529921209,30.746725765363273,6537.763787000539
2437,6375.700846795538,15.252872839223777,28.243611413981338,6403.944458209519,30.746691961912198,6537.692568243838
2438,6375.629166654884,15.252701355633693,28.244232108404226,6403.873398763289,30.746658312470103,6537.621362422534
2439,6375.557479095688,15.252529854295904,28.2448724514296,6403.802351547118,30.746624816625065,6537.550169499436
2440,6375.485784094713,15.252358335154817,28.24553243139837,6403.731316526112,30.74659147396701,6537.478989437868
2441,6375.41408162826,15.252186798153732,28.246212036751036,6403.660293665011,30.746558284087683,6537.407822200792
2442,6375.342371673057,15.252015243236977,28.246911256027364,6403.589282929084,30.746525246580706,6537.336667751711
2443,6375.270654205882,15.251843670349,28.247630077866,6403.5182842837485,30.746492361041494,6537.265526054279
2444,6375.198929204052,15.25167207943553,28.24836849100414,6403.447297695056,30.746459627067306,6537.194397072798
2445,6375.127196644015,15.251500470440229,28.249126484277276,6403.376323128293,30.746427044257196,6537.123280770812
2446,6375.055456503249,15.251328843309208,28.249904046618735,6403.305360549868,30.746394612212043,6537.052177112991
2447,6374.983708759117,15.251157197988318,28.250701167059333,6403.234409926176,30.746362330534517,6536.981086064002
2448,6374.911953388873,15.250985534423142,28.251517834727125,6403.163471223601,30.74633019882909,6536.910007588507
2449,6374.84019036979,15.250813852559308,28.25235403884706,6403.092544408638,30.746298216702,6536.838941651292
2450,6374.768419679412,15.25064215234309,28.253209768740533,6403.021629448152,30.746266383761295,6536.767888217514
2451,6374.696641295902,15.250470433722253,28.25408501382516,6402.950726309727,30.74623469961678,6536.69684725306
2452,6374.6248551964245,15.250298696642163,28.254979763614358,6402.879834960039,30.74620316388003,6536.625818722918
2453,6374.553061359429,15.250126941051265,28.255894007717064,6402.808955367146,30.74617177616439,6536.554802593461
2454,6374.4812597627415,15.24995516689651,28.256827735837355,6402.738087498579,30.746140536084937,6536.483798830549
2455,6374.4094503842425,15.249783374124982,28.25778093777415,6402.667231322017,30.746109443258522,6536.412807400192
2456,6374.337633202533,15.249611562685486,28.258753603420864,6402.596386805953,30.746078497303728,6536.341828269225
2457,6374.265808195573,15.249439732525294,28.25974572276507,6402.525553918338,30.746047697840865,6536.270861403946
2458,6374.19397534197,15.24926788359323,28.260757285888154,6402.454732627858,30.746017044491975,6536.199906771398
2459,6374.12213462055,15.249096015838637,28.261788282965,6402.383922903516,30.745986536880835,6536.128964338947
2460,6374.0502860094275,15.248924129209156,28.262838704263608,6402.313124713691,30.74595617463292,6536.058034073344
2461,6373.978429487674,15.248752223654721,28.263908540144822,6402.242338027819,30.745925957375427,6535.987115942402
2462,6373.906565034196,15.248580299124871,28.264997781061936,6402.171562815258,30.74589588473725,6535.916209913865
2463,6373.834692627527,15.248408355568246,28.26610641756045,6402.100799045088,30.74586595634898,6535.845315955206
2464,6373.762812247423,15.24823639293642,28.26723444027765,6402.030046687701,30.745836171842903,6535.774434035217
2465,6373.690923872573,15.248064411178404,28.26838183994237,6401.959305712516,30.745806530852988,6535.703564121726
2466,6373.619027482566,15.247892410245372,28.269548607374606,6401.88857608994,30.74577703301488,6535.632706183555
2467,6373.547123056619,15.247720390087606,28.270734733485156,6401.817857790104,30.745747677965888,6535.561860189256
2468,6373.475210574255,15.247548350656112,28.271940209275336,6401.74715078353,30.745718465345007,6535.49102610778
2469,6373.403290015244,15.247376291902498,28.27316502583665,6401.676455041081,30.74568939479288,6535.420203908429
2470,6373.331361359065,15.247204213777668,28.274409174350474,6401.605770533416,30.7456604659518,6535.349393560306
2471,6373.259424585549,15.24703211623337,28.27567264608767,6401.535097231636,30.74563167846571,6535.278595032963
2472,6373.187479674774,15.246859999221948,28.276955432408375,6401.464435107183,30.745603031980217,6535.207808296297
2473,6373.115526606714,15.24668786269549,28.278257524761543,6401.3937841314755,30.745574526142512,6535.137033320196
2474,6373.043565361539,15.246515706606552,28.279578914684656,6401.3231442762235,30.745546160601464,6535.06627007484
2475,6372.971595919468,15.246343530907819,28.28091959380349,6401.252515513272,30.745517935007552,6534.995518530554
2476,6372.89961826101,15.246171335552654,28.282279553831664,6401.181897814841,30.745489849012863,6534.924778658047
2477,6372.827632366094,15.245999120493048,28.283658786570438,6401.111291152664,30.74546190227111,6534.854050427543
2478,6372.7556382159355,15.245826885684057,28.285057283908284,6401.040695499843,30.745434094437602,6534.783333810647
2479,6372.683635790701,15.245654631078233,28.286475037820644,6400.970110828522,30.74540642516925,6534.712628778008
2480,6372.611625071548,15.245482356630497,28.287912040369534,6400.899537111917,30.745378894124563,6534.641935301359
2481,6372.539606039161,15.245310062294644,28.289368283703247,6400.828974322864,30.745351500963643,6534.571253352056
2482,6372.467578674487,15.245137748025089,28.290843760056088,6400.758422434544,30.745324245348165,6534.500582901808
2483,6372.395542958766,15.244965413776951,28.292338461747995,6400.687881420514,30.745297126941374,6534.429923922708
2484,6372.32349887313,15.244793059505096,28.293852381184212,6400.617351254315,30.745270145408114,6534.35927638684
2485,6372.251446398775,15.244620685164534,28.295385510855017,6400.546831909631,30.74524330041477,6534.288640266435
2486,6372.179385516954,15.244448290710418,28.296937843335364,6400.47632336029,30.7452165916293,6534.218015533877
2487,6372.10731620965,15.24427587609964,28.298509371284535,6400.405825580934,30.745190018721217,6534.147402162372
2488,6372.035238458147,15.244103441287434,28.300100087445927,6400.335338545593,30.745163581361574,6534.076800124516
2489,6371.963152244333,15.243930986230463,28.301709984646628,6400.26486222898,30.745137279222977,6534.006209393599
2490,6371.891057549613,15.243758510884241,28.303339055797146,6400.1943966054105,30.745111111979554,6533.935629942522
2491,6371.818954356328,15.243586015206525,28.304987293891102,6400.1239416502185,30.745085079306993,6533.865061745204
2492,6371.746842646415,15.243413499154101,28.306654692004916,6400.053497338419,30.745059180882485,6533.794504775258
2493,6371.67472240218,15.243240962684641,28.308341243297406,6399.983063645477,30.745033416384757,6533.723959006751
2494,6371.60259360547,15.243068405754714,28.310046941009574,6399.912640546479,30.745007785494046,6533.653424413378
2495,6371.530456238762,15.242895828322396,28.311771778464248,6399.842228017226,30.744982287892096,6533.582900969557
2496,6371.458310284612,15.24272323034596,28.313515749065765,6399.771826033678,30.744956923262166,6533.512388649869
2497,6371.386155725457,15.24255061178339,28.315278846299673,6399.701434571756,30.744931691288997,6533.441887428863
2498,6371.313992543971,15.242377972593232,28.317061063732396,6399.6310536077035,30.744906591658854,6533.371397281419
2499,6371.241820723202,15.242205312734933,28.318862395010925,6399.560683118213,30.744881624059463,6533.300918182872
2500,6371.169640245451,15.24203263216615,28.32068283386251,6399.490323079313,30.74485678818005,6533.230450107897
2501,6371.097451093958,15.241859930846788,28.322522374094348,6399.419973468052,30.744832083711326,6533.159993032196
2502,6371.025253251923,15.241687208736657,28.324381009593242,6399.349634261515,30.74480751034546,6533.089546931518
2503,6370.953046702327,15.24151446579504,28.326258734325314,6399.279305436652,30.744783067776083,6533.019111781478
2504,6370.880831428518,15.241341701982101,28.328155542335686,6399.208986970853,30.744758755698314,6532.948687558141
2505,6370.808607413812,15.241168917257923,28.330071427748162,6399.13867884156,30.744734573808714,6532.878274237628
2506,6370.7363746415995,15.240996111582774,28.33200638476493,6399.0683810263645,30.74471052180531,6532.807871796218
2507,6370.66413309595,15.240823284918541,28.333960407666254,6398.9980935036165,30.744686599387563,6532.7374802109525
2508,6370.591882759885,15.240650437224605,28.3359334908101,6398.927816250695,30.74466280625638,6532.667099457911
2509,6370.519623617473,15.240477568462856,28.337925628631922,6398.857549246105,30.74463914211411,6532.596729514302
2510,6370.447355652651,15.240304678594859,28.339936815644336,6398.787292468295,30.744615606664524,6532.5263703572855
2511,6370.375078849295,15.240131767582046,28.341967046436693,6398.717045895732,30.744592199612843,6532.456021964047
2512,6370.302793191633,15.239958835386682,28.344016315674878,6398.646809507308,30.744568920665692,6532.385684312204
2513,6370.230498664072,15.239785881971464,28.346084618100946,6398.576583282173,30.744545769531122,6532.315357379633
2514,6370.158195250224,15.239612907297186,28.348171948532848,6398.506367198756,30.744522745918594,6532.245041143502
2515,6370.085882934997,15.239439911327745,28.35027830186415,6398.436161236861,30.744499849538983,6532.174735582355
2516,6370.013561703005,15.239266894026327,28.352403673063638,6398.365965376068,30.744477080104545,6532.104440674522
2517,6369.9412315386,15.239093855355502,28.3545480571751,6398.295779595775,30.74445443732897,6532.034156398156
2518,6369.8688924264825,15.238920795278666,28.356711449316876,6398.2256038758,30.744431920927312,6531.963882731833
2519,6369.796544351413,15.238747713759361,28.358893844681692,6398.155438196095,30.744409530616032,6531.8936196542745
2520,6369.724187298574,15.23857461076214,28.361095238536343,6398.08528253711,30.74438726611297,6531.8233671447015
2521,6369.651821252736,15.238401486250565,28.363315626221244,6398.0151368789575,30.74436512713733,6531.753125182005
2522,6369.579446199121,15.238228340189284,28.36555500315031,6397.945001202271,30.744343113409712,6531.682893745603
2523,6369.5070621228915,15.238055172542802,28.367813364810495,6397.874875487702,30.744321224652076,6531.612672814939
2524,6369.434669009257,15.237881983275734,28.370090706761566,6397.804759716018,30.744299460587754,6531.542462369575
2525,6369.362266844066,15.237708772354225,28.372387024635746,6397.734653868702,30.74427782094142,6531.472262389797
2526,6369.289855612344,15.23753553974245,28.374702314137433,6397.664557926481,30.74425630543913,6531.402072855141
2527,6369.217435300166,15.237362285407094,28.377036571042936,6397.594471871209,30.744234913808274,6531.331893746275
2528,6369.1450058928485,15.237189009313035,28.379389791200083,6397.524395684049,30.744213645777585,6531.261725043181
2529,6369.07256737634,15.23701571142665,28.381761970527943,6397.454329346868,30.744192501077155,6531.191566726553
2530,6369.000119736729,15.236842391714664,28.384153105016505,6397.384272841746,30.7441714794384,6531.121418777303
2531,6368.9276629598735,15.236669050143238,28.38656319072642,6397.3142261506,30.744150580594066,6531.051281176185
2532,6368.855197032079,15.236495686679614,28.38899222378865,6397.244189255867,30.744129804278252,6530.981153904478
2533,6368.7827219394085,15.236322301290452,28.39144020040422,6397.174162139812,30.744109150226347,6530.9110369432965
2534,6368.710237668287,15.23614889394327,28.3939071168438,6397.10414478513,30.744088618175077,6530.840930274192
2535,6368.637744205285,15.235975464605946,28.396392969447504,6397.034137174733,30.74406820786249,6530.770833878934
2536,6368.565241536503,15.235802013245223,28.398897754624535,6396.964139291127,30.744047919027924,6530.700747738899
2537,6368.49272964902,15.23562853983019,28.4014214688529,6396.894151117873,30.744027751412048,6530.630671836515
2538,6368.420208529431,15.235455044328782,28.40396410867904,6396.82417263811,30.74400770475681,6530.560606153802
2539,6368.347678164735,15.235281526709892,28.4065256707176,6396.754203835452,30.743987778805476,6530.490550673256
2540,6368.275138541372,15.235107986941081,28.409106151651105,6396.684244693023,30.74396797330258,6530.420505376889
2541,6368.202589647017,15.234934424992863,28.41170554822964,6396.614295195246,30.743948287993966,6530.3504702480195
2542,6368.130031468317,15.234760840833294,28.41432385727053,6396.544355325587,30.74392872262677,6530.280445269013
2543,6368.057463992871,15.234587234432706,28.41696107565806,6396.474425068529,30.743909276949374,6530.210430423259
2544,6367.984887207915,15.234413605760562,28.419617200343147,6396.404504408258,30.743889950711463,6530.140425693852
2545,6367.912301100731,15.234239954786439,28.42229222834306,6396.334593329075,30.74387074366399,6530.070431064013
2546,6367.839705659286,15.234066281481544,28.42498615674107,6396.264691816027,30.743851655559173,6530.00044651771
2547,6367.767100870627,15.233892585814896,28.427698982686156,6396.194799853312,30.74383268615049,6529.930472038067
2548,6367.69448672305,15.233718867758494,28.430430703392766,6396.124917426443,30.74381383519269,6529.860507609531
2549,6367.621863204142,15.233545127282635,28.43318131614044,6396.0550445202825,30.743795102441755,6529.790553215904
2550,6367.549230301962,15.23337136435876,28.435950818273493,6395.985181120235,30.74377648765494,6529.720608841534
2551,6367.476588004429,15.233197578957963,28.43873920720079,6395.915327211629,30.743757990590744,6529.6506744706985
2552,6367.403936299722,15.233023771051966,28.441546480395328,6395.845482780117,30.743739611008895,6529.5807500880055
2553,6367.33127517624,15.232849940613013,28.44437263539404,6395.7756478116335,30.74372134867037,6529.510835678349
2554,6367.25860462229,15.232676087613132,28.4472176697974,6395.705822292087,30.743703203337386,6529.440931226604
2555,6367.185924626144,15.232502212024267,28.45008158126919,6395.636006207413,30.743685174773375,6529.371036717677
2556,6367.113235176674,15.232328313819794,28.4529643675361,6395.56619954421,30.74366726274301,6529.301152137142
2557,6367.040536262165,15.232154392971687,28.455866026387557,6395.496402288552,30.74364946701217,6529.231277470055
2558,6366.967827871849,15.231980449454184,28.45878655567531,6395.426614427524,30.743631787347983,6529.161412702488
2559,6366.895109994101,15.231806483239478,28.46172595331314,6395.356835947415,30.74361422351876,6529.091557819721
2560,6366.822382618186,15.231632494301879,28.464684217276538,6395.287066835463,30.743596775294037,6529.021712807991
2561,6366.749645733176,15.231458482615254,28.467661345602515,6395.2173070787785,30.74357944244456,6528.951877653412
2562,6366.676899327975,15.23128444815305,28.470657336389117,6395.147556664364,30.74356222474227,6528.882052341993
2563,6366.604143391949,15.23111039088983,28.473672187795273,6395.077815579744,30.743545121960317,6528.812236860272
2564,6366.531377914755,15.230936310800848,28.476705898040432,6395.008083812795,30.743528133873035,6528.742431195143
2565,6366.458602885463,15.230762207859959,28.479758465404267,6394.938361350867,30.743511260255957,6528.6726353329805
2566,6366.385818293742,15.230588082042445,28.48282988822634,6394.868648181969,30.743494500885813,6528.602849260822
2567,6366.313024129452,15.230413933324048,28.485920164905785,6394.798944294358,30.74347785554049,6528.533072965959
2568,6366.240220382072,15.230239761679599,28.489029293901005,6394.729249675973,30.743461323999092,6528.463306435369
2569,6366.167407041615,15.230065567085203,28.49215727372946,6394.659564315344,30.74344490604186,6528.393549656626
2570,6366.094584098069,15.229891349516912,28.495304102967232,6394.589888201037,30.743428601450233,6528.323802617346
2571,6366.021751541343,15.229717108950583,28.498469780248826,6394.5202213215925,30.74341241000682,6528.254065305122
2572,6365.948909361861,15.229542845363305,28.50165430426678,6394.450563666128,30.743396331495376,6528.184337708133
2573,6365.876057549784,15.22936855873154,28.50485767377134,6394.380915223555,30.743380365700858,6528.114619814354
2574,6365.803196095156,15.229194249031472,28.508079887570265,6394.311275982726,30.743364512409325,6528.044911611707
2575,6365.730324989059,15.229019916241768,28.511320944528418,6394.241645933587,30.74334877140803,6527.975213089212
2576,6365.657444221411,15.228845560338305,28.514580843567536,6394.172025064979,30.743333142485383,6527.90552423479
2577,6365.584553783514,15.228671181300273,28.51785958366583,6394.10241336718,30.743317625430898,6527.835845037805
2578,6365.511653665491,15.228496779104047,28.521157163857787,6394.032810829349,30.74330222003529,6527.766175486502
2579,6365.438743858793,15.228322353729169,28.524473583233785,6393.963217442027,30.74328692609035,6527.696515570519
2580,6365.365824354015,15.228147905153145,28.52780884093983,6393.893633194954,30.743271743389077,6527.626865278697
2581,6365.292895142336,15.227973433354872,28.531162936177232,6393.824058078514,30.74325667172554,6527.55722460052
2582,6365.219956215026,15.22779893831346,28.534535868202255,6393.754492083229,30.74324171089497,6527.487593525622
2583,6365.147007562924,15.227624420006995,28.537927636325882,6393.68493519925,30.74322686069373,6527.417972043268
2584,6365.074049178109,15.227449878416529,28.54133823991343,6393.615387418023,30.743212120919278,6527.348360144021
2585,6365.001081051455,15.227275313520227,28.544767678384353,6393.545848729839,30.743197491370214,6527.278757817299
2586,6364.9281031748305,15.227100725298637,28.54821595121177,6393.476319126043,30.743182971846252,6527.209165053574
2587,6364.855115539795,15.226926113731569,28.551683057922325,6393.406798597718,30.743168562148206,6527.139581843063
2588,6364.782118138023,15.226751478799098,28.55516899809576,6393.337287136119,30.743154262078015,6527.070008176158
2589,6364.709110961747,15.226576820482649,28.558673771364656,6393.2677847331115,30.74314007143871,6527.00044404387
2590,6364.6360940024915,15.22640213876194,28.56219737741416,6393.198291379906,30.74312599003443,6526.930889436555
2591,6364.5630672526,15.22622743361866,28.565739815981633,6393.128807068582,30.743112017670413,6526.861344345449
2592,6364.490030704204,15.226052705033982,28.56930108685633,6393.059331791061,30.743098154152996,6526.791808761626
2593,6364.416984349435,15.225877952989078,28.572881189879105,6392.9898655393135,30.7430843992896,6526.722282676224
2594,6364.343928180854,15.225703177466158,28.576480124942147,6392.920408305797,30.74307075288875,6526.652766080862
2595,6364.270862191039,15.22552837844746,28.58009789198853,6392.8509600830275,30.743057214760046,6526.583258967234
2596,6364.197786372177,15.225353555914298,28.58373449101208,6392.781520863189,30.74304378471416,6526.513761326696
2597,6364.124700717149,15.225178709849638,28.58738992205696,6392.712090639206,30.74303046256287,6526.444273151354
2598,6364.051605218946,15.225003840236713,28.591064185217377,6392.642669404163,30.743017248119003,6526.374794433481
2599,6363.978499869998,15.22482894705741,28.594757280637285,6392.573257150635,30.743004141196476,6526.30532516484
2600,6363.905384663529,15.224654030295524,28.59846920851011,6392.503853872039,30.742991141610275,6526.235865338043
2601,6363.83225959271,15.224479089934713,28.602199969078352,6392.434459561789,30.74297824917645,6526.1664149457065
2602,6363.759124650558,15.224304125958273,28.60594956263334,6392.365074213191,30.742965463712103,6526.096973980339
2603,6363.685979830298,15.224129138349994,28.609717989514927,6392.295697819813,30.742952785035413,6526.027542434716
2604,6363.612825125529,15.223954127094567,28.61350525011111,6392.22633037564,30.742940212965614,6525.958120302041
2605,6363.53966052952,15.223779092175885,28.61731134485785,6392.156971874378,30.74292774732298,6525.888707575233
2606,6363.466486036009,15.223604033578969,28.621136274238644,6392.087622310248,30.742915387928853,6525.819304247738
2607,6363.3933016386,15.223428951288517,28.624980038784233,6392.018281677384,30.742903134605605,6525.7499103129185
2608,6363.320107331025,15.223253845289532,28.628842639072317,6391.948949970097,30.74289098717668,6525.6805257643155
2609,6363.246903107209,15.223078715567485,28.63272407572721,6391.879627182936,30.742878945466536,6525.611150595715
2610,6363.173688961231,15.22290356210821,28.63662434941956,6391.810313310651,30.74286700930069,6525.541784801108
2611,6363.100464887115,15.222728384897405,28.64054346086606,6391.741008347981,30.74285517850567,6525.472428374481
2612,6363.027230879003,15.22255318392106,28.644481410829073,6391.671712289832,30.742843452909064,6525.403081309986
2613,6362.953986930981,15.222377959165026,28.648438200116424,6391.602425131097,30.742831832339476,6525.333743601774
2614,6362.880733037747,15.22220271061662,28.652413829580958,6391.533146867328,30.74282031662655,6525.264415244653
2615,6362.807469193762,15.222027438262588,28.656408300120294,6391.463877493882,30.742808905600924,6525.195096233246
2616,6362.73419539351,15.221852142089737,28.660421612676494,6391.394617006186,30.74279759909429,6525.1257865622465
2617,6362.660911631603,15.221676822085175,28.664453768235777,6391.325365399839,30.742786396939337,6525.0564862265255
2618,6362.587617903109,15.221501478237103,28.668504767828182,6391.256122670938,30.742775298969775,6524.987195221456
2619,6362.514314202767,15.221326110532937,28.672574612527267,6391.186888815295,30.74276430502035,6524.917913542134
2620,6362.441000525499,15.221150718960523,28.676663303449832,6391.117663828948,30.742753414926767,6524.848641183879
2621,6362.3676768664745,15.220975303508313,28.68077084175555,6391.04844770823,30.742742628525782,6524.779378142317
2622,6362.294343220827,15.220799864164658,28.68489722864664,6390.979240449474,30.74273194565513,6524.710124413074
2623,6362.220999583702,15.220624400917947,28.689042465367613,6390.9100420490695,30.742721366153553,6524.640879991837
2624,6362.147645950878,15.22044891375808,28.69320655320489,6390.840852504082,30.74271088986081,6524.571644874977
2625,6362.074282317631,15.220273402673758,28.69738949348661,6390.771671811117,30.742700516617624,6524.502419058404
2626,6362.0009086793725,15.220097867654001,28.701591287582126,6390.702499966955,30.74269024626573,6524.433202538211
2627,6361.927525032224,15.219922308689531,28.70581193690181,6390.6333369691265,30.74268007864785,6524.363995311244
2628,6361.854131371812,15.219746725769886,28.710051442896773,6390.564182814709,30.742670013607693,6524.294797373903
2629,6361.780727694005,15.21957111888518,28.714309807058527,6390.495037501063,30.74266005098994,6524.225608722869
2630,6361.70731399474,15.219395488025693,28.718587030918627,6390.425901025658,30.74265019064027,6524.156429354944
2631,6361.633890270289,15.21921983318251,28.722883116048344,6390.356773386337,30.74264043240534,6524.0872592673
2632,6361.560456516587,15.219044154345902,28.727198064058395,6390.287654580645,30.742630776132767,6524.018098456822
2633,6361.48701273024,15.21886845150775,28.731531876598602,6390.218544606839,30.742621221671165,6523.9489469211085
2634,6361.413558907521,15.218692724659142,28.735884555357593,6390.1494434628785,30.742611768870095,6523.879804657463
2635,6361.340095045018,15.218516973791909,28.740256102062478,6390.08035114708,30.742602417580095,6523.810671663554
2636,6361.266621139135,15.218341198897452,28.744646518478607,6390.011267657614,30.74259316765268,6523.741547936903
2637,6361.193137186938,15.21816539996875,28.74905580640906,6389.942192993347,30.74258401894031,6523.672433475737
2638,6361.119643185059,15.21798957699775,28.753483967694564,6389.873127152754,30.74257497129642,6523.6033282778935
2639,6361.046139130232,15.217813729976633,28.75793100421298,6389.804070134445,30.74256602457539,6523.534232341348
2640,6360.972625019952,15.217637858899407,28.76239691787916,6389.735021937831,30.742557178632566,6523.465145664883
2641,6360.899100851018,15.217461963758417,28.766881710644455,6389.6659825616625,30.742548433324238,6523.396068246623
2642,6360.825566620502,15.217286044546656,28.771385384496526,6389.5969520049985,30.742539788507646,6523.327000085007
2643,6360.752022326004,15.217110101258383,28.775907941459007,6389.5279302674635,30.74253124404099,6523.257941179042
2644,6360.678467964842,15.21693413388718,28.780449383591122,6389.458917348433,30.742522799783398,6523.18889152749
2645,6360.604903534782,15.21675814242771,28.785009712987385,6389.38991324777,30.74251445559495,6523.119851129608
2646,6360.531329033262,15.216582126873833,28.78958893177738,6389.320917965039,30.742506211336668,6523.050819984353
2647,6360.457744457879,15.216406087219806,28.794187042125323,6389.2519315000045,30.742498066870503,6522.981798090891
2648,6360.384149806709,15.216230023461025,28.798804046229847,6389.182953852938,30.742490022059346,6522.912785448896
2649,6360.310545077813,15.216053935592853,28.803439946323586,6389.113985024137,30.742482076767025,6522.843782058074
2650,6360.2369302688085,15.21587782360959,28.808094744672886,6389.045025013482,30.742474230858278,6522.774787917715
2651,6360.163305378287,15.215701687507863,28.81276844357755,6388.976073821865,30.742466484198804,6522.70580302813
2652,6360.089670404022,15.21552552728235,28.817461045370408,6388.907131449393,30.742458836655185,6522.636827388843
2653,6360.016025345092,15.215349342930843,28.822172552417133,6388.838197897509,30.742451288094966,6522.567861000723
2654,6359.942370199127,15.215173134447673,28.826902967115807,6388.769273166243,30.742443838386585,6522.498903863225
2655,6359.868704965354,15.21499690183099,28.83165229189663,6388.70035725725,30.742436487399413,6522.429955977438
2656,6359.795029642182,15.21482064507699,28.836420529221634,6388.631450171404,30.742429235003723,6522.36101734367
2657,6359.721344228109,15.21464436418208,28.84120768158434,6388.562551909693,30.74242208107071,6522.292087962351
2658,6359.647648722338,15.21446805914435,28.84601375150944,6388.4936624738475,30.742415025472482,6522.2231678346525
2659,6359.57394312402,15.21429172996177,28.850838741552487,6388.424781865572,30.742408068082053,6522.1542569617295
2660,6359.500227431867,15.214115376631261,28.85568265429958,6388.355910086167,30.742401208773337,6522.08535534433
2661,6359.426501645168,15.21393899915112,28.860545492367006,6388.287047137535,30.742394447421155,6522.016462983817
2662,6359.352765763239,15.213762597519711,28.865427258400942,6388.21819302164,30.742387783901243,6521.94757988161
2663,6359.279019785659,15.213586171736027,28.870327955077137,6388.149347740737,30.74238121809021,6521.878706039429
2664,6359.205263711277,15.213409721797314,28.87524758510058,6388.080511296378,30.74237474986558,6521.809841458294
2665,6359.131497540465,15.213233247704462,28.880186151205205,6388.01168369167,30.74236837910577,6521.7409861407805
2666,6359.05772127251,15.213056749455767,28.885143656153556,6387.942864928664,30.74236210569008,6521.672140088415
2667,6358.983934907488,15.212880227051407,28.890120102736443,6387.874055010225,30.74235592949872,6521.603303303544
2668,6358.910138444997,15.212703680490423,28.895115493772686,6387.80525393877,30.74234985041275,6521.534475788066
2669,6358.83633188509,15.212527109772942,28.90012983210874,6387.736461717199,30.742343868314173,6521.465657544365
2670,6358.7625152280925,15.212350514899743,28.90516312061837,6387.667678348711,30.74233798308581,6521.396848575134
2671,6358.688688474321,15.212173895871581,28.910215362202297,6387.598903836523,30.742332194611414,6521.328048883083
2672,6358.614851623493,15.211997252687784,28.915286559788,6387.530138183281,30.742326502775597,6521.259258470355
2673,6358.541004676828,15.211820585351264,28.920376716329255,6387.461381393157,30.74232090746385,6521.190477340625
2674,6358.467147634316,15.211643893861998,28.925485834805915,6387.392633469121,30.742315408562526,6521.121705496368
2675,6358.393280496702,15.211467178221774,28.930613918223518,6387.323894414925,30.742310005958885,6521.052942940846
2676,6358.319403264838,15.211290438432627,28.935760969613,6387.255164234451,30.742304699541002,6520.984189677454
2677,6358.245515939592,15.211113674496632,28.940926992030395,6387.186442931623,30.742299489197883,6520.915445709634
2678,6358.171618521943,15.210936886416132,28.94611198855643,6387.117730510499,30.742294374819352,6520.846711040964
2679,6358.097711012747,15.210760074193175,28.951315962296306,6387.0490269750435,30.742289356296126,6520.777985674931
2680,6358.023793413398,15.210583237831097,28.956538916379326,6386.980332329777,30.742284433519757,6520.709269615589
2681,6357.949865724883,15.210406377332257,28.961780853958548,6386.911646578842,30.742279606382684,6520.640562866607
2682,6357.875927948913,15.21022949270075,28.967041778210486,6386.842969727124,30.74227487477819,6520.571865432409
2683,6357.801980086734,15.210052583939556,28.972321692334763,6386.774301779069,30.742270238600412,6520.503177316981
2684,6357.728022140039,15.209875651052725,28.97762059955392,6386.705642739593,30.742265697744344,6520.434498524781
2685,6357.654054110592,15.20969869404448,28.982938503112877,6386.636992613705,30.742261252105827,6520.365829060365
2686,6357.58007599984,15.209521712918278,28.988275406278767,6386.568351406119,30.74225690158157,6520.297168927999
2687,6357.506087810367,15.209344707680303,28.99363131234052,6386.499719122708,30.742252646069097,6520.228518133108
2688,6357.432089543409,15.209167678333515,28.99900622460859,6386.431095768018,30.742248485466803,6520.159876679799
2689,6357.3580812013315,15.208990624883569,29.0044001464147,6386.362481347746,30.742244419673916,6520.0912445733275
2690,6357.284062786811,15.208813547336868,29.009813081111368,6386.293875867922,30.742240448590504,6520.022621819291
2691,6357.2100343016255,15.20863644569767,29.015245032071686,6386.2252793336975,30.742236572117488,6519.954008422408
2692,6357.135995748572,15.20845931997266,29.020696002689004,6386.156691751261,30.742232790156613,6519.885404388442
2693,6357.061947129952,15.208282170167351,29.02616599637654,6386.088113126329,30.74222910261046,6519.816809722684
2694,6356.987888448341,15.208104996287899,29.031655016567065,6386.019543464909,30.742225509382443,6519.748224430722
2695,6356.913819706589,15.207927798341121,29.037163066712637,6385.950982773301,30.742222010376814,6519.67964851844
2696,6356.8397409077625,15.20775057633436,29.04269015028425,6385.882431058047,30.742218605498646,6519.611081991966
2697,6356.765652054928,15.207573330274947,29.04823627077147,6385.8138883257,30.742215294653853,6519.542524857444
2698,6356.691553150448,15.207396060168536,29.053801431682203,6385.745354582131,30.742212077749155,6519.473977120339
2699,6356.617444198048,15.20721876602404,29.059385636542267,6385.6768298345905,30.742208954692128,6519.405438787501
2700,6356.543325201018,15.207041447849326,29.064988888895115,6385.608314089913,30.742205925391115,6519.336909865364
2701,6356.469196162658,15.206864105652292,29.07061119230152,6385.5398073549595,30.742202989755338,6519.268390360396
2702,6356.395057086489,15.206686739441361,29.076252550339245,6385.471309636829,30.742200147694795,6519.199880279301
2703,6356.320907975909,15.206509349224662,29.081912966602744,6385.402820942511,30.742197399120336,6519.131379628685
2704,6356.24674883492,15.206331935011772,29.087592444702782,6385.334341279623,30.742194743943585,6519.062888415778
2705,6356.172579667229,15.206154496811553,29.093290988266126,6385.265870655495,30.742192182077012,6518.99440664753
2706,6356.098400476981,15.205977034633925,29.099008600935264,6385.197409077916,30.742189713433877,6518.925934331353
2707,6356.024211267665,15.205799548487237,29.10474528636806,6385.128956554033,30.74218733792826,6518.857471474021
2708,6355.950012044086,15.205622038382982,29.11050104823741,6385.060513092323,30.742185055475048,6518.789018083639
2709,6355.875802810105,15.205444504330394,29.116275890230938,6384.992078700336,30.742182865989918,6518.7205741673915
2710,6355.801583570117,15.205266946339993,29.122069816050686,6384.923653386168,30.742180769389364,6518.652139733012
2711,6355.727354328682,15.205089364422683,29.127882829412776,6384.8552371580945,30.742178765590676,6518.583714788414
2712,6355.653115090351,15.204911758589356,29.133714934047017,6384.786830024398,30.742176854511968,6518.515299341525
2713,6355.578865859554,15.204734128850607,29.13956613369669,6384.71843199325,30.74217503607209,6518.446893400164
2714,6355.504606641631,15.204556475219212,29.145436432118174,6384.650043073749,30.742173310190758,6518.378496973079
2715,6355.430337440992,15.204378797705722,29.151325833080605,6384.5816632740725,30.742171676788445,6518.310110068102
2716,6355.356058262942,15.204201096322826,29.157234340365655,6384.5132926033075,30.74217013578643,6518.2417326939785
2717,6355.281769112488,15.204023371082508,29.163161957767123,6384.444931070256,30.742168687106762,6518.17336485917
2718,6355.2074699949235,15.203845621997425,29.169108689090592,6384.376578684014,30.742167330672295,6518.1050065724385
2719,6355.133160915353,15.203667849079793,29.175074538153094,6384.308235453506,30.74216606640667,6518.0366578423755
2720,6355.0588418796215,15.203490052343591,29.18105950878289,6384.239901388404,30.742164894234318,6517.968318678323
2721,6354.9845128928755,15.203312231801137,29.18706360481911,6384.171576497694,30.742163814080442,6517.8999890889445
2722,6354.910173960945,15.203134387466376,29.193086830111348,6384.1032607910565,30.742162825871034,6517.831669083595
2723,6354.835825089772,15.20295651935352,29.199129188519425,6384.0349542782915,30.742161929532855,6517.763358671759
2724,6354.761466285081,15.20277862747627,29.205190683913038,6383.966656968994,30.742161124993473,6517.695057862716
2725,6354.687097552967,15.202600711849204,29.21127132017144,6383.898368873139,30.742160412181192,6517.626766666127
2726,6354.612718899156,15.202422772486019,29.21737110118313,6383.830090000339,30.742159791025117,6517.558485091298
2727,6354.538330330435,15.202244809402956,29.223490030845525,6383.761820361281,30.742159261455136,6517.490213148611
2728,6354.463931852721,15.202066822614164,29.22962811306465,6383.693559965785,30.742158823401887,6517.4219508475835
2729,6354.389523472442,15.20188881213503,29.23578535175472,6383.625308824197,30.742158476796785,6517.353698198263
2730,6354.315105196514,15.201710777982091,29.241961750838055,6383.557066947352,30.742158221572012,6517.28545521119
2731,6354.240677030989,15.20153272016983,29.24815731424448,6383.488834345233,30.742158057660518,6517.217221896056
2732,6354.1662389832245,15.201354638715848,29.25437204591117,6383.420611029136,30.74215798499603,6517.148998263869
2733,6354.091791059875,15.201176533636064,29.26060594978231,6383.352397009657,30.74215800351302,6517.080784324939
2734,6354.017333267759,15.200998404946791,29.266859029808707,6383.284192297568,30.74215811314673,6517.012580089756
2735,6353.9428656141445,15.200820252665418,29.273131289947564,6383.215996904092,30.74215831383316,6516.944385569266
2736,6353.868388106315,15.200642076809366,29.279422734162104,6383.147810840477,30.742158605509072,6516.876200774442
2737,6353.793900751369,15.200463877395618,29.28573336642124,6383.07963411779,30.74215898811198,6516.808025716077
2738,6353.71940355683,15.200285654442178,29.292063190699274,6383.011466747529,30.742159461580176,6516.739860405403
2739,6353.644896530105,15.200107407966758,29.29841221097562,6382.943308741081,30.742160025852662,6516.67170485354
2740,6353.570379679198,15.19992913798851,29.304780431234395,6382.875160110432,30.742160680869244,6516.603559072213
2741,6353.495853011538,15.19975084452521,29.311167855464163,6382.807020867002,30.742161426570423,6516.535423072583
2742,6353.421316534935,15.199572527595537,29.317574487657613,6382.738891022593,30.74216226289749,6516.467296866197
2743,6353.346770257686,15.199394187219346,29.324000331811213,6382.670770589498,30.74216318979248,6516.399180465095
2744,6353.272214187741,15.19921582341565,29.330445391924947,6382.602659579666,30.74216420719815,6516.331073880978
2745,6353.197648333189,15.199037436203803,29.336909672001976,6382.534558005191,30.74216531505803,6516.262977125693
2746,6353.123072702506,15.198859025604081,29.343393176048245,6382.466465878554,30.742166513316363,6516.19489021148
2747,6353.048487304018,15.198680591636405,29.349895908072266,6382.39838321209,30.74216780191817,6516.126813150434
2748,6352.973892146323,15.198502134321346,29.356417872084815,6382.3303100184075,30.742169180809174,6516.058745954928
2749,6352.899287238105,15.198323653679678,29.362959072098548,6382.262246310203,30.742170649935876,6515.990688637425
2750,6352.8246725879235,15.198145149731875,29.369519512127642,6382.194192100051,30.74217220924546,6515.922641210269
2751,6352.7500482049945,15.197966622499987,29.37609919618758,6382.126147401182,30.742173858685895,6515.854603686465
2752,6352.675414098056,15.197788072004919,29.382698128294813,6382.05811222635,30.742175598205858,6515.786576078545
2753,6352.600770276134,15.197609498268264,29.389316312466406,6381.990086588601,30.742177427754765,6515.718558399334
2754,6352.526116748685,15.197430901312643,29.395953752719812,6381.922070501405,30.742179347282768,6515.650550662085
2755,6352.451453524869,15.197252281159974,29.40261045307242,6381.854063977941,30.74218135674073,6515.582552879763
2756,6352.376780614139,15.197073637832867,29.409286417541367,6381.78606703168,30.742183456080262,6515.5145650656295
2757,6352.3020980260735,15.196894971354244,29.415981650143156,6381.718079676217,30.74218564525369,6515.44658723307
2758,6352.227405770385,15.196716281747333,29.42269615489333,6381.650101925278,30.742187924214072,6515.378619395609
2759,6352.152703856728,15.196537569035236,29.429429935806205,6381.5821337925345,30.742190292915176,6515.310661566716
2760,6352.077992295095,15.196358833241854,29.436182996894615,6381.51417529199,30.742192751311503,6515.242713760195
2761,6352.003271095373,15.196180074390844,29.442955342169444,6381.4462264375425,30.74219529935828,6515.174775989751
2762,6351.928540267976,15.19600129250712,29.449746975639492,6381.378287243616,30.742197937011426,6515.1068482696155
2763,6351.853799822714,15.195822487614148,29.456557901311022,6381.3103577240245,30.74220066422761,6515.038930613415
2764,6351.779049770224,15.19564365973738,29.463388123187517,6381.242437893412,30.7422034809642,6514.971023035606
2765,6351.704290120858,15.195464808901574,29.4702376452694,6381.1745277661275,30.742206387179273,6514.903125550358
2766,6351.629520885166,15.195285935131976,29.47710647155366,6381.106627356719,30.742209382831632,6514.835238172037
2767,6351.554742073897,15.195107038454298,29.48399460603361,6381.0387366799305,30.742212467880787,6514.767360915212
2768,6351.479953697585,15.194928118893744,29.4909020526985,6380.970855750284,30.742215642286943,6514.699493794232
2769,6351.405155767611,15.194749176477538,29.497828815533296,6380.902984583145,30.742218906011043,6514.631636824292
2770,6351.330348294572,15.194570211231033,29.504774898518214,6380.83512319309,30.742222259014717,6514.563790019804
2771,6351.255531289817,15.194391223181379,29.51174030562866,6380.767271595445,30.742225701260292,6514.495953395927
2772,6351.180704764538,15.194212212355353,29.5187250408347,6380.699429805372,30.742229232710827,6514.428126967665
2773,6351.105868730394,15.194033178780847,29.525729108100922,6380.631597838495,30.74223285333006,6514.3603107504805
2774,6351.031023198225,15.193854122483792,29.532752511386022,6380.563775709611,30.74223656308244,6514.29250475902
2775,6350.956168180034,15.193675043492904,29.539795254642563,6380.495963434677,30.74224036193312,6514.224709009086
2776,6350.88130368752,15.193495941836172,29.546857341816704,6380.4281610293365,30.742244249847946,6514.156923516175
2777,6350.806429732491,15.193316817541843,29.553938776847772,6380.3603685093385,30.74224822679346,6514.0891482958905
2778,6350.731546326982,15.193137670638714,29.561039563668025,6380.29258589065,30.742252292736907,6514.0213833640555
2779,6350.656653482755,15.192958501154918,29.568159706202426,6380.224813188957,30.742256447646213,6513.953628736218
2780,6350.5817512122285,15.192779309120164,29.57529920836823,6380.1570504205965,30.74226069149001,6513.885884428578
2781,6350.506839527521,15.192600094563447,29.58245807407474,6380.089297601596,30.742265024237618,6513.818150457029
2782,6350.431918441074,15.192420857514533,29.589636307223,6380.021554748298,30.74226944585905,6513.750426837784
2783,6350.356987965688,15.192241598004038,29.596833911705485,6379.953821877393,30.742273956325004,6513.682713587407
2784,6350.28204811326,15.192062316060431,29.604050891405826,6379.886099004666,30.74227855560686,6513.615010721556
2785,6350.207098897297,15.191883011716023,29.61128725019855,6379.818386147496,30.742283243676702,6513.54731825749
2786,6350.132140330327,15.191703685000784,29.618542991948686,6379.750683322276,30.742288020507274,6513.479636211483
2787,6350.057172425458,15.191524335946072,29.625818120511582,6379.682990545969,30.742292886072033,6513.411964600382
2788,6349.982195195555,15.191344964582667,29.63311263973246,6379.615307835287,30.74229784034509,6513.344303440788
2789,6349.907208653951,15.191165570942466,29.640426553446282,6379.547635207397,30.742302883301257,6513.276652749758
2790,6349.832212814055,15.190986155057548,29.647759865477443,6379.479972679533,30.742308014916016,6513.209012544417
2791,6349.757207689108,15.190806716959589,29.65511257963934,6379.412320268748,30.742313235165533,6513.141382841718
2792,6349.682193292689,15.190627256681074,29.662484699734204,6379.3446779924225,30.742318544026638,6513.073763658938
2793,6349.60716963861,15.190447774255047,29.66987622955278,6379.2770458681625,30.74232394147685,6513.006155013587
2794,6349.532136740695,15.190268269714581,29.67728717287406,6379.2094239135695,30.742329427494365,6512.93855692317
2795,6349.457094612377,15.19008874309181,29.684717533464955,6379.141812145842,30.742335002058034,6512.870969404794
2796,6349.382043268219,15.189909194421576,29.69216731508002,6379.074210583299,30.742340665147395,6512.80339247669
2797,6349.3069827222735,15.189729623737497,29.699636521461148,6379.006619243734,30.742346416742656,6512.735826156565
2798,6349.231912988464,15.18955003107288,29.70712515633732,6378.939038144801,30.74235225682468,6512.668270461989
2799,6349.156834081365,15.189370416462594,29.714633223424304,6378.871467304789,30.742358185375025,6512.60072541117
2800,6349.081746015345,15.189190779941017,29.722160726424388,6378.803906741769,30.742364202375875,6512.533191022105
2801,6349.006648805267,15.189011121543702,29.729707669026084,6378.736356474294,30.742370307810113,6512.465667313268
2802,6348.93154246539,15.18883144130476,29.737274054903843,6378.668816520293,30.742376501661283,6512.398154302519
2803,6348.856427011097,15.188651739261,29.744859887717745,6378.6012868988155,30.742382783913563,6512.330652008839
2804,6348.781302456955,15.18847201544726,29.752465171113332,6378.533767628069,30.742389154551834,6512.2631604503695
2805,6348.706168818051,15.188292269899645,29.76008990872122,6378.466258726772,30.742395613561595,6512.195679645765
2806,6348.631026109668,15.188112502654707,29.767734104156798,6378.398760213825,30.74240216092904,6512.128209613867
2807,6348.555874346993,15.187932713748786,29.775397761020052,6378.331272108013,30.742408796640987,6512.060750373401
2808,6348.480713545532,15.187752903218977,29.783080882895234,6378.263794428427,30.742415520684936,6511.993301943407
2809,6348.405543720845,15.1875730711025,29.790783473350587,6378.196327194196,30.74242233304903,6511.925864342959
2810,6348.330364888405,15.187393217436375,29.798505535938105,6378.1288704243425,30.742429233722078,6511.858437591033
2811,6348.255177064035,15.187213342258456,29.8062470741932,6378.061424138228,30.742436222693506,6511.791021706945
2812,6348.179980263491,15.187033445606438,29.814008091634534,6377.993988355126,30.74244329995344,6511.723616709924
2813,6348.104774503157,15.186853527519515,29.821788591763596,6377.926563094921,30.74245046549261,6511.656222619814
2814,6348.029559799112,15.186673588036152,29.829588578064573,6377.859148377176,30.74245771930243,6511.588839456142
2815,6347.954336166989,15.186493627193755,29.837408054004023,6377.791744220994,30.74246506137493,6511.521467237974
2816,6347.879103623727,15.18631364503284,29.845247023030595,6377.724350646758,30.74247249170282,6511.454105985665
2817,6347.803862185596,15.186133641592335,29.853105488574805,6377.656967674171,30.742480010279422,6511.386755718887
2818,6347.728611868926,15.185953616911307,29.860983454048725,6377.589595322975,30.74248761709873,6511.319416457354
2819,6347.6533526907315,15.185773571030458,29.868880922845715,6377.522233613578,30.74249531215534,6511.252088221453
2820,6347.578084667934,15.185593503990273,29.876797898340275,6377.454882566274,30.742503095444537,6511.184771031458
2821,6347.502807817054,15.185413415830274,29.884734383887587,6377.387542200942,30.742510966962207,6511.117464907228
2822,6347.42752215552,15.185233306592153,29.89269038282344,6377.320212538343,30.742518926704907,6511.05016986951
2823,6347.352227700179,15.185053176316218,29.90066589846389,6377.252893598643,30.7425269746698,6510.982885938456
2824,6347.276924468568,15.184873025044421,29.908660934104965,6377.185585402673,30.742535110854693,6510.915613134891
2825,6347.201612478102,15.184692852818426,29.91667549302253,6377.118287971125,30.742543335258045,6510.848351479497
2826,6347.126291745863,15.184512659679099,29.924709578471855,6377.051001324336,30.742551647878937,6510.781100992609
2827,6347.050962290112,15.184332445670124,29.932763193687492,6376.983725483799,30.742560048717063,6510.713861695718
2828,6346.975624128172,15.184152210832947,29.940836341883042,6376.916460470055,30.742568537772772,6510.646633609367
2829,6346.900277277911,15.183971955210314,29.94892902625086,6376.849206304162,30.74257711504704,6510.579416754616
2830,6346.824921757449,15.183791678845573,29.95704124996174,6376.781963007411,30.742585780541468,6510.512211152766
2831,6346.749557585072,15.183611381782468,29.965173016164716,6376.714730601237,30.742594534258277,6510.44501682526
2832,6346.674184778648,15.18343106406375,29.973324327986866,6376.647509106635,30.742603376200314,6510.377833793106
2833,6346.598803356741,15.18325072573383,29.98149518853304,6376.580298545274,30.742612306371065,6510.310662077988
2834,6346.523413337635,15.183070366836448,29.989685600885586,6376.513098938521,30.74262132477462,6510.24350170129
2835,6346.448014740206,15.182889987416761,29.997895568104145,6376.445910308311,30.7426304314157,6510.176352684969
2836,6346.372607582929,15.18270958751897,30.00612509322532,6376.378732676154,30.742639626299656,6510.109215050557
2837,6346.297191884325,15.182529167187381,30.014374179262564,6376.311566063588,30.742648909432432,6510.042088819619
2838,6346.221767663976,15.182348726468842,30.022642829205868,6376.244410493182,30.74265828082063,6509.974974014752
2839,6346.146334940455,15.182168265407787,30.03093104602149,6376.177265986476,30.742667740471433,6509.907870657527
2840,6346.070893733038,15.18198778405033,30.039238832651872,6376.11013256569,30.74267728839265,6509.840778770198
2841,6345.9954440610345,15.181807282442666,30.047566192015243,6376.04301025305,30.742686924592704,6509.773698375028
2842,6345.919985943758,15.181626760631,30.055913127005425,6375.975899070763,30.742696649080653,6509.706629494264
2843,6345.8445194009355,15.181446218662526,30.064279640491662,6375.908799041427,30.74270646186613,6509.639572150545
2844,6345.769044451887,15.181265656583461,30.072665735318363,6375.841710187205,30.742716362959403,6509.572526366078
2845,6345.693561116683,15.181085074441825,30.08107141430478,6375.774632530987,30.742726352371346,6509.505492163803
2846,6345.61806941479,15.180904472284185,30.0894966802449,6375.707566095035,30.742736430113432,6509.438469566028
2847,6345.542569366573,15.180723850159266,30.097941535907218,6375.64051090248,30.742746596197748,6509.371458595941
2848,6345.467060992069,15.180543208114997,30.106405984034453,6375.573466976103,30.742756850636994,6509.3044592763745
2849,6345.391544311458,15.18036254619966,30.114890027343357,6375.506434338802,30.74276719344447,6509.237471630286
2850,6345.316019344916,15.18018186446152,30.12339366852448,6375.439413013441,30.742777624634073,6509.170495680599
2851,6345.240486113064,15.180001162949916,30.131916910241927,6375.372403023306,30.742788144220288,6509.103531450664
2852,6345.164944636479,15.179820441714064,30.14045975513321,6375.305404391613,30.74279875221824,6509.036578963762
2853,6345.089394935761,15.179639700803257,30.149022205809057,6375.238417141571,30.74280944864362,6508.96963824317
2854,6345.0138370319055,15.179458940267716,30.15760426485306,6375.1714412967585,30.742820233512738,6508.902709312539
2855,6344.938270945469,15.179278160156626,30.16620593482152,6375.104476880291,30.742831106842495,6508.8357921950565
2856,6344.862696697786,15.17909736052102,30.174827218243365,6375.037523916029,30.74284206865037,6508.768886914659
2857,6344.7871143101165,15.178916541411763,30.183468117619732,6374.970582427736,30.742853118954464,6508.701993495188
2858,6344.71152380337,15.178735702878877,30.192128635423945,6374.903652438794,30.742864257773455,6508.635111960109
2859,6344.635925199146,15.178554844974034,30.20080877410114,6374.836733973248,30.742875485126625,6508.568242333548
2860,6344.560318519078,15.178373967748989,30.209508536068217,6374.7698270551455,30.74288680103383,6508.501384639642
2861,6344.484703784596,15.178193071255013,30.218227923713528,6374.702931708309,30.74289820551553,6508.434538902301
2862,6344.409081017535,15.178012155544343,30.226966939396736,6374.636047956931,30.74290969859277,6508.36770514581
2863,6344.333450239547,15.177831220668773,30.235725585448556,6374.569175824996,30.742921280287177,6508.300883394245
2864,6344.257811473082,15.177650266682015,30.24450386417067,6374.502315337253,30.74293295062096,6508.2340736724545
2865,6344.182164739886,15.17746929363609,30.253301777835425,6374.435466517721,30.74294470961695,6508.167276004554
2866,6344.106510062003,15.177288301583738,30.262119328685692,6374.3686293906885,30.7429565572985,6508.100490414937
2867,6344.030847462408,15.177107290579924,30.27095651893465,6374.301803981342,30.742968493689595,6508.033716928892
2868,6343.955176962805,15.176926260676566,30.279813350765647,6374.234990313571,30.742980518814782,6507.966955570415
2869,6343.879498586097,15.176745211928461,30.28868982633191,6374.168188412429,30.742992632699185,6507.90020636467
2870,6343.803812355256,15.176564144390564,30.29758594775646,6374.1013983030125,30.74300483536851,6507.833469336865
2871,6343.728118292631,15.176383058116341,30.30650171713189,6374.034620009763,30.74301712684904,6507.766744511556
2872,6343.652416421081,15.176201953160481,30.31543713652016,6373.967853557601,30.74302950716764,6507.700031913781
2873,6343.5767067640245,15.176020829579006,30.324392207952506,6373.901098971977,30.743041976351748,6507.633331569107
2874,6343.500989344228,15.175839687426384,30.333366933429136,6373.834356277657,30.743054534429362,6507.566643502425
2875,6343.4252641854255,15.175658526759392,30.342361314919177,6373.767625500344,30.74306718142906,6507.499967739561
2876,6343.349531310725,15.175477347633313,30.35137535436035,6373.700906665085,30.74307991738001,6507.433304305689
2877,6343.273790743404,15.175296150103836,30.360409053658977,6373.634199797063,30.74309274231191,6507.3666532261195
2878,6343.1980425072,15.17511493422775,30.36946241468967,6373.567504921889,30.74310565625507,6507.300014526599
2879,6343.12228662611,15.174933700062462,30.378535439295256,6373.5008220654045,30.743118659240338,6507.2333882330995
2880,6343.046523123763,15.174752447664504,30.387628129286504,6373.43415125305,30.743131751299146,6507.166774371201
2881,6342.9707520241345,15.17457117709123,30.396740486442077,6373.367492510577,30.743144932463466,6507.100172966793
2882,6342.8949733514455,15.174389888400587,30.405872512508267,6373.300845863954,30.743158202765862,6507.033584045986
2883,6342.8191871294475,15.174208581649395,30.415024209198922,6373.234211338647,30.743171562239443,6506.967007634388
2884,6342.7433933830835,15.174027256897329,30.424195578195263,6373.167588961279,30.743185010917877,6506.900443758772
2885,6342.667592136152,15.173845914201321,30.43338662114565,6373.1009787572975,30.743198548835416,6506.833892444732
2886,6342.591783413489,15.173664553620787,30.442597339665596,6373.034380753154,30.743212176026834,6506.767353718871
2887,6342.515967239979,15.17348317521526,30.451827735337428,6372.967794975316,30.743225892527498,6506.70082760781
2888,6342.440143639867,15.173301779042744,30.46107780971021,6372.901221449577,30.743239698373294,6506.634314137501
2889,6342.364312638436,15.173120365163722,30.47034756429964,6372.834660202736,30.743253593600706,6506.567813334899
2890,6342.288474260612,15.172938933637829,30.47963700058784,6372.7681112612,30.743267578246723,6506.5013252265735
2891,6342.212628531382,15.172757484524837,30.48894612002323,6372.701574651404,30.743281652348927,6506.434849839122
2892,6342.136775476086,15.172576017885373,30.49827492402047,6372.635050400107,30.743295815945423,6506.368387199469
2893,6342.060915119992,15.172394533779887,30.507623413960225,6372.568538533953,30.74331006907488,6506.301937334429
2894,6341.985047488533,15.17221303226922,30.516991591188972,6372.502039079723,30.743324411776516,6506.23550027095
2895,6341.909172607482,15.172031513415028,30.52637945701903,6372.435552064501,30.743338844090083,6506.1690760362935
2896,6341.8332905021025,15.171849977277757,30.535787012728317,6372.369077514831,30.743353366055892,6506.102664657174
2897,6341.757401198518,15.171668423919899,30.54521425956019,6372.302615458078,30.74336797771479,6506.036266161138
2898,6341.681504722939,15.171486853404161,30.554661198723416,6372.236165921663,30.743382679108173,6505.9698805757835
2899,6341.6056011007495,15.171305265791267,30.564127831391914,6372.169728932141,30.743397470277973,6505.90350792785
2900,6341.529690358299,15.171123661144257,30.573614158704796,6372.103304517004,30.74341235126667,6505.837148245015
2901,6341.453772522205,15.170942039526807,30.583120181766155,6372.036892703972,30.74342732211727,6505.770801555182
2902,6341.377847618303,15.170760401000726,30.592645901644914,6371.970493519948,30.74344238287333,6505.704467885447
2903,6341.301915673455,15.170578745630277,30.60219131937467,6371.90410699283,30.743457533578933,6505.638147263899
2904,6341.225976714164,15.170397073478862,30.611756435953783,6371.837733150118,30.743472774278715,6505.57183971823
2905,6341.150030766905,15.17021538460982,30.621341252345093,6371.77137201925,30.743488105017818,6505.505545276077
2906,6341.074077858747,15.170033679087911,30.630945769475794,6371.705023628223,30.74350352584194,6505.439263965635
2907,6340.998118016811,15.169851956978016,30.640569988237353,6371.638688005048,30.7435190367973,6505.372995815116
2908,6340.9221512674685,15.169670218343226,30.6502139094855,6371.572365176954,30.74353463793065,6505.306740851953
2909,6340.846177638539,15.169488463250094,30.659877534040024,6371.506055172579,30.743550329289267,6505.240499104987
2910,6340.770197156877,15.169306691762863,30.669560862684698,6371.439758019562,30.743566110920955,6505.174270602068
2911,6340.694209850328,15.169124903948152,30.67926389616717,6371.373473746495,30.743581982874048,6505.108055371997
2912,6340.618215745972,15.168943099870745,30.688986635198845,6371.30720238117,30.7435979451974,6505.041853442779
2913,6340.542214871479,15.16876127959684,30.698729080454846,6371.240943951933,30.743613997940393,6504.975664842974
2914,6340.4662072546225,15.168579443192877,30.708491232573817,6371.174698487196,30.743630141152927,6504.909489601211
2915,6340.390192923297,15.168397590725592,30.71827309215798,6371.108466015455,30.74364637488542,6504.843327746206
2916,6340.314171905203,15.16821572226125,30.72807465977288,6371.042246564975,30.743662699188814,6504.777179306447
2917,6340.2381442289225,15.168033837868236,30.73789593594755,6370.97604016487,30.74367911411457,6504.711044311269
2918,6340.162109921732,15.167851937611799,30.747736921174102,6370.909846842906,30.743695619714657,6504.644922788664
2919,6340.086069012806,15.167670021561737,30.757597615907876,6370.843666628713,30.743712216041565,6504.578814768494
2920,6340.010021530268,15.16748808978533,30.767478020567232,6370.777499550835,30.74372890314831,6504.51272027953
2921,6339.933967502235,15.167306142349844,30.777378135533617,6370.711345637768,30.74374568108838,6504.446639350503
2922,6339.8579069576135,15.167124179324434,30.787297961151374,6370.645204918765,30.74376254991582,6504.3805720108985
2923,6339.781839925139,15.166942200777845,30.797237497727707,6370.579077422867,30.743779509685165,6504.314518289998
2924,6339.705766433561,15.166760206778854,30.807196745532515,6370.512963179093,30.743796560451443,6504.248478217057
2925,6339.629686511673,15.166578197396346,30.81717570479851,6370.446862216471,30.743813702270227,6504.182451821347
2926,6339.553600188756,15.166396172700372,30.82717437572108,6370.380774564477,30.743830935197554,6504.1164391325865
2927,6339.477507493942,15.166214132760626,30.837192758458123,6370.3147002524,30.74384825928998,6504.050440180312
2928,6339.401408456144,15.166032077646278,30.847230853130032,6370.248639309274,30.743865674604578,6503.984454993804
2929,6339.325303105021,15.16585000742828,30.857288659819808,6370.18259176484,30.74388318119891,6503.918483603055
2930,6339.249191470355,15.165667922177883,30.86736617857275,6370.1165576489275,30.74390077913103,6503.8525260381475
2931,6339.173073580952,15.165485821964001,30.87746340939649,6370.0505369903485,30.743918468459498,6503.786582328147
2932,6339.096949467023,15.165303706858905,30.88758035226106,6369.984529819284,30.74393624924338,6503.720652503493
2933,6339.020819158718,15.165121576934732,30.897717007098734,6369.9185361658165,30.743954121542217,6503.654736594525
2934,6338.944682685247,15.164939432261358,30.907873373803945,6369.8525560590515,30.743972085416054,6503.588834630611
2935,6338.868540076702,15.16475727291077,30.918049452233312,6369.786589528935,30.74399014092544,6503.5229466419605
2936,6338.792391363582,15.164575098955938,30.928245242205612,6369.720636605788,30.744008288131397,6503.457072659159
2937,6338.716236575823,15.164392910468477,30.938460743501615,6369.654697319324,30.744026527095446,6503.391212712189
2938,6338.640075744134,15.164210707521852,30.948695955864252,6369.588771699999,30.744044857879583,6503.325366831775
2939,6338.563908898427,15.164028490187624,30.958950878998373,6369.522859777426,30.744063280546317,6503.259535047802
2940,6338.4877360696355,15.163846258539797,30.969225512570873,6369.4569615822065,30.744081795158614,6503.1937173911465
2941,6338.411557288255,15.163664012651328,30.979519856210615,6369.391077144465,30.744100401779942,6503.127913892208
2942,6338.335372584896,15.163481752595445,30.989833909508327,6369.325206494404,30.744119100474247,6503.062124581466
2943,6338.259181990716,15.163299478446689,31.00016767201668,6369.259349662732,30.74413789130595,6502.996349489913
2944,6338.182985536649,15.163117190279063,31.010521143250173,6369.193506679899,30.744156774339956,6502.930588648278
2945,6338.106783253655,15.162934888166637,31.02089432268519,6369.12767757634,30.74417574964165,6502.864842087281
2946,6338.030575172985,15.162752572184175,31.031287209759995,6369.061862382745,30.744194817276885,6502.7991098379
2947,6337.954361325783,15.16257024240618,31.04169980387465,6368.996061129657,30.744213977311993,6502.733391930965
2948,6337.878141743467,15.162387898907815,31.05213210439095,6368.930273847857,30.744233229813787,6502.667688397547
2949,6337.8019164579355,15.162205541765395,31.062584110632613,6368.8645005685685,30.74425257484954,6502.601999269164
2950,6337.725685500095,15.162023171052859,31.0730558218851,6368.79874132198,30.744272012487,6502.536324576298
2951,6337.649448902142,15.161840786847229,31.083547237395667,6368.732996139537,30.744291542794382,6502.4706643506925
2952,6337.573206695653,15.161658389224051,31.094058356373317,6368.667265052027,30.744311165840372,6502.405018623433
2953,6337.496958912688,15.161475978260018,31.1045891779889,6368.601548090676,30.744330881694125,6502.3393874260455
2954,6337.420705585053,15.161293554031227,31.115139701375064,6368.535845286428,30.744350690425243,6502.273770789779
2955,6337.3444467450845,15.161111116615034,31.12570992562615,6368.470156670711,30.7443705921038,6502.208168746362
2956,6337.268182424894,15.160928666088262,31.136299849798377,6368.404482274692,30.744390586800343,6502.142581327274
2957,6337.191912656784,15.160746202528191,31.146909472909748,6368.338822129694,30.744410674585872,6502.0770085641425
2958,6337.115637472922,15.160563726011775,31.157538793940084,6368.273176266862,30.744430855531824,6502.011450488425
2959,6337.039356906143,15.160381236617567,31.16818781183101,6368.207544717974,30.744451129710118,6501.9459071322135
2960,6336.963070989091,15.160198734423663,31.178856525486065,6368.141927514577,30.74447149719312,6501.880378527368
2961,6336.886779754332,15.16001621950797,31.18954493377059,6368.076324688102,30.744491958053644,6501.814864705636
2962,6336.810483234784,15.159833691949245,31.200253035511807,6368.010736270297,30.74451251236497,6501.749365699085
2963,6336.734181463162,15.159651151825745,31.210980829498904,6367.945162292661,30.74453316020081,6501.683881539534
2964,6336.657874472645,15.159468599216854,31.221728314482977,6367.879602787128,30.744553901635328,6501.618412259241
2965,6336.581562296356,15.15928603420181,31.232495489177072,6367.814057785534,30.74457473674314,6501.552957890366
2966,6336.505244967348,15.159103456859683,31.243282352256266,6367.748527319603,30.744595665599313,6501.487518464961
2967,6336.428922519288,15.158920867271023,31.25408890235759,6367.6830114216455,30.744616688279333,6501.42209401566
2968,6336.352594985097,15.158738265514588,31.26491513808027,6367.617510123177,30.74463780485916,6501.356684574314
2969,6336.276262398738,15.158555651671623,31.27576105798547,6367.552023456724,30.744659015415174,6501.29129017378
2970,6336.199924793382,15.158373025821488,31.286626660596646,6367.486551453979,30.744680320024205,6501.225910846084
2971,6336.123582202904,15.158190388045224,31.297511944399297,6367.421094147303,30.744701718763494,6501.160546623924
2972,6336.047234661328,15.15800773842423,31.308416907841234,6367.355651569169,30.74472321171075,6501.09519754011
2973,6335.970882202337,15.157825077039083,31.31934154933252,6367.290223751669,30.744744798944105,6501.029863627076
2974,6335.894524859792,15.157642403970794,31.33028586724557,6367.224810727038,30.744766480542104,6500.964544917396
2975,6335.818162668197,15.157459719301906,31.341249859915187,6367.159412528113,30.744788256583753,6500.899241444252
2976,6335.741795661197,15.157277023112911,31.35223352563855,6367.0940291868355,30.74481012714846,6500.833953239931
2977,6335.665423873512,15.157094315486871,31.363236862675386,6367.028660736187,30.744832092316074,6500.768680337762
2978,6335.589047339334,15.156911596505584,31.37425986924791,6366.963307208582,30.744854152166866,6500.703422770507
2979,6335.512666093133,15.156728866251514,31.385302543540988,6366.897968636674,30.744876306781528,6500.6381805711735
2980,6335.436280169332,15.156546124807015,31.396364883702134,6366.832645053035,30.744898556241186,6500.572953772684
2981,6335.359889602914,15.156363372255775,31.407446887841548,6366.767336490756,30.744920900627356,6500.507742408485
2982,6335.28349442834,15.15618060868024,31.418548554032306,6366.702042982372,30.74494334002202,6500.442546511468
2983,6335.20709468048,15.155997834163827,31.42966988031035,6366.63676456079,30.744965874507518,6500.377366114897
2984,6335.130690394486,15.155815048790636,31.44081086467457,6366.571501259161,30.744988504166656,6500.312201252285
2985,6335.054281605255,15.15563225264415,31.45197150508686,6366.506253110341,30.74501122908262,6500.247051956851
2986,6334.977868347734,15.155449445807976,31.46315179947216,6366.4410201472065,30.74503404933902,6500.181918261831
2987,6334.9014506573,15.155266628366746,31.474351745718685,6366.375802403019,30.745056965019884,6500.116800200856
2988,6334.825028569396,15.155083800405253,31.485571341677883,6366.310599911074,30.745079976209635,6500.051697807586
2989,6334.748602119265,15.154900962007812,31.496810585164525,6366.24541270443,30.745103082993097,6499.986611115451
2990,6334.672171342332,15.154718113259168,31.50806947395683,6366.180240816289,30.745126285455505,6499.92154015802
2991,6334.595736274104,15.154535254244268,31.519348005796502,6366.115084279901,30.74514958368251,6499.856484968919
2992,6334.519296950398,15.1543523850488,31.530646178388864,6366.049943128786,30.74517297776014,6499.791445582043
2993,6334.442853406964,15.154169505758286,31.54196398940298,6365.984817396366,30.745196467774832,6499.726422031187
2994,6334.366405679554,15.153986616458264,31.553301436471664,6365.919707116026,30.745220053813423,6499.661414350115
2995,6334.289953804238,15.15380371723502,31.564658517191575,6365.85461232143,30.745243735963143,6499.596422572869
2996,6334.213497817036,15.153620808174727,31.57603522912341,6365.78953304616,30.74526751431162,6499.531446733416
2997,6334.137037753802,15.153437889363163,31.587431569791995,6365.724469323594,30.745291388946853,6499.466486865513
2998,6334.060573650931,15.153254960887393,31.59884753668632,6365.659421187617,30.745315359957253,6499.4015430034315
2999,6333.984105544692,15.153072022834191,31.610283127259606,6365.5943886719515,30.745339427431606,6499.336615181279
