epoch,nll_total,nll_per_row,penalty,loss_base,bce_sum,loss_total
0,32262.525768018753,77.18307600004486,1.2000000000000004,32263.725768018754,35.3422930064864,32417.46474259697
1,30725.386184512205,73.50570857538806,1.2465362179232857,30726.63272073013,35.27337270490227,30880.071891996453
2,29381.614501275428,70.29094378295557,1.2946752798903505,29382.909176555317,35.401692564673134,29536.906539211646
3,28217.80393991379,67.50670799022437,1.344348818741389,28219.14828873253,35.738053016253865,28374.608819353234
4,27218.582472613543,65.11622601103718,1.3954718278817213,27219.977944441423,36.29210687671686,27377.84860935514
5,26367.216831188176,63.079466103320996,1.4479462692335656,26368.66477745741,37.071362096161806,26529.925202575712
6,25646.550496921678,61.35538396392746,1.5016653378037126,25648.052162259482,38.07982317614388,25813.69939307571
7,25039.35031462351,59.90275194886007,1.556518465663356,25040.90683308917,39.31622233351055,25211.93240023994
8,24528.60991608388,58.68088496670784,1.6123972268360598,24530.222313310715,40.77180684654652,24707.57967309319
9,24098.087970299795,57.650928158611954,1.6692014718160497,24099.757171771613,42.42774972331995,24284.317883068055
10,23732.84322659817,56.777136905737244,1.7268447047362157,23734.570071302904,44.25244059390235,23927.06818788638
11,23419.588103994713,56.02772273682945,1.785258056597225,23421.37336205131,46.199210520299296,23622.33992781461
12,23146.852001909923,55.37524402370795,1.8443927611751705,23148.696394671097,48.20541577091356,23358.38995327457
13,22905.011551939133,54.79667835392137,1.9042216102814873,22906.915773549415,50.194059777053795,23125.2599335796
14,22686.222630337674,54.273259881190604,1.96474018166708,22688.18737051934,52.07890933508522,22914.73062612696
15,22484.26127096171,53.79009873435816,2.025967924042456,22486.28723888575,53.77306694787096,22720.20008010899
16,22294.309259628873,53.33566808523654,2.087948297309232,22296.397207926184,55.199408725108135,22536.514635880405
17,22112.7380342233,52.90128716321364,2.150747784407057,22114.888782007707,56.300094441786946,22359.79419282948
18,21936.9121319643,52.48065103340742,2.214454389651851,21939.126586353952,57.04249019483247,22187.261418701473
19,21765.01091477847,52.06940410234084,2.2791761289796515,21767.290090907452,57.42035057480325,22017.068615907847
20,21595.866331833553,51.66475199003242,2.345039680582068,21598.211371514135,57.45093200323484,21848.122925728207
21,21428.81652605105,51.26511130634223,2.4121892011904627,21431.22871525224,57.16974792322204,21679.917118718255
22,21263.575441802648,50.86979770766184,2.4807852711336578,21266.056227073783,56.62467462879856,21512.373561709057
23,21100.11843762696,50.4787522431267,2.551003929944616,21102.669441556904,55.8705277553882,21345.70623729284
24,20938.58389928549,50.092305979151895,2.6230357729448066,20941.206935058435,54.964589107459005,21180.302897675883
25,20779.19100513063,49.71098326586275,2.6970850883186404,20781.88809021895,53.963138279385994,21016.62774173428
26,20622.173931462836,49.33534433364315,2.773369020456571,20624.94730048329,52.91885570489316,20855.144322799577
27,20467.73271531417,48.96586773998605,2.8521167484705767,20470.584832062643,51.87893403459316,20696.25819511312
28,20316.000639912847,48.60287234428911,2.9335686688237654,20318.93420858167,50.883778190735256,20540.27864371137
29,20167.027388017043,48.24647700482546,3.017975567112008,20170.045363584155,49.966231539001164,20387.39847077881
30,20020.776385501755,47.89659422368841,3.105597756441696,20023.881983258198,49.151301659036555,20237.690145475008
31,19877.13386680768,47.55295183446813,3.196704151918135,19880.330570959595,48.45635890003992,20091.11573217477
32,19735.926444150933,47.215135033853905,3.2915712475035646,19739.218015398437,47.891746294355954,19947.547111778884
33,19596.94356574212,46.88264010943091,3.3904819663459564,19600.334047708468,47.46168793025565,19806.79239020508
34,19459.96132146183,46.55493139105701,3.493724368912689,19463.455045830742,47.16534064391901,19668.62427763179
35,19324.764569573294,46.231494185582044,3.6015902228225807,19328.366159796115,46.997823640120366,19532.80669263064
36,19191.165165108112,45.91187838542611,3.7143734609668,19194.87953856908,46.95109076044379,19399.11678337701
37,19059.01496948476,45.59572959206881,3.832368576540908,19062.847338061303,47.01457152817027,19267.360724208844
38,18928.213143258454,45.28280656281927,3.9558690208753955,18932.16901227933,47.17557977899005,19137.382784317935
39,18798.707881035763,44.97298536132958,4.08516567895025,18802.793046714713,47.419552097907385,19009.06809834061
40,18670.493227309587,44.66625173997509,4.220545496605643,18674.713772806193,47.73021878313962,18882.34022451285
41,18543.601939657485,44.36268406616623,4.362290323895062,18547.96422998138,48.08982240352063,18757.154957436695
42,18418.095566345408,44.062429584558394,4.510676024638156,18422.606242370046,48.47948405013398,18633.491997988127
43,18294.052989267497,43.765677007816976,4.665971888352363,18298.71896115585,48.87977951860167,18511.346002061768
44,18171.558654514658,43.472628360082915,4.82844037191305,18176.38709488657,49.271534058250474,18390.71826803996
45,18050.691582472024,43.18347268533977,4.998337195616474,18055.68991966764,49.63678521319753,18271.609935345048
46,17931.516037569323,42.8983637262424,5.175911818188123,17936.69194938751,49.959811524712435,18154.01712952001
47,17814.074469695857,42.6174030375499,5.361408311255763,17819.435878007112,50.228093428891796,18037.92808442279
48,17698.383042489757,42.340629288253005,5.555066641120694,17703.93810913088,50.43307036537985,17923.321965220282
49,17584.429771888055,42.06801380834463,5.757124344737015,17590.186896232794,50.570585746953675,17810.168944232042
50,17472.17505024799,41.79946184269855,5.96781856274359,17478.142868810737,50.64096108942572,17698.431049549738
51,17361.554159657808,41.53481856377466,6.187388371221965,17367.74154802903,50.64869857522216,17588.063386831247
52,17252.481295335972,41.27387869697601,6.41607733914195,17258.897372675114,50.6018634401187,17479.01547863963
53,17144.854614576587,41.01639859946552,6.654136230480323,17151.50875080707,50.51123382899504,17371.232617963196
54,17038.561869983976,40.76210973680377,6.90182576699609,17045.463695750972,50.389322357131974,17264.657248004496
55,16933.4862457168,40.5107326452555,7.159419367496016,16940.645665084296,50.24937213531447,17159.23043387291
56,16829.512068038883,40.26199059339446,7.427205780688453,16836.93927381957,50.10441518139159,17054.893479858623
57,16726.53009674646,40.01562224102024,7.705491530941691,16734.235588277403,49.96645853107274,16951.58968288757
58,16624.442126542875,39.77139264723176,7.994603099784269,16632.43672964266,49.8458380703693,16849.266125248767
59,16523.16465154098,39.52910203717938,8.294888771608653,16531.45954031259,49.750756257120884,16747.875330031064
60,16422.631388253478,39.28859183792698,8.606720080617462,16431.238108334095,49.68700054181885,16647.376560691006
61,16322.794523073517,39.0497476628553,8.930492808125601,16331.725015881642,49.65782636231495,16547.73656055771
62,16223.624648352246,38.81249915873743,9.266627494882014,16232.891275847129,49.66398265064762,16448.929600377447
63,16125.109464275709,38.57681690018112,9.61556945142981,16134.725033727138,49.70385793024567,16350.936815723706
64,16027.25143242577,38.34270677613821,9.97778826945237,16037.229220695222,49.77372902883354,16253.744941970648
65,15930.064651966093,38.1102025166653,10.353776857008423,15940.4184288231,49.86809914561911,16157.344660106544
66,15833.571277749717,37.87935712380315,10.744050038980046,15844.315327788698,49.98011455533247,16061.728826104394
67,15737.797807180763,37.650233988470724,11.14914277964113,15748.946949960404,50.102047675404904,15966.890857348415
68,15642.77153355978,37.422898405645405,11.56960809612297,15654.341141655903,50.225828260378286,15872.823494588549
69,15548.51740765252,37.197410066154355,12.006014739302032,15560.523422391821,50.34359557400079,15779.518063138725
70,15455.055478435266,36.97381693405566,12.458944722266473,15467.514423157532,50.448235324771545,15686.96424682029
71,15362.399010207555,36.752150742123334,12.92899077632913,15375.328000983884,50.53385921640658,15595.150288575252
72,15270.553306335969,36.53242417783725,13.416753811000191,15283.970060146969,50.59618486166478,15504.06346429521
73,15179.51521639598,36.3146297042966,13.922840447916784,15193.438056843896,50.63278075132807,15413.690653112173
74,15089.27326640372,36.09873987177923,14.447860689928707,15103.721127093648,50.64315427100672,15324.018848172527
75,14999.808330304342,35.88470892417307,14.992425775792935,15014.800756080134,50.628678046801824,15235.035505583723
76,14911.094751077422,35.67247548104646,15.557146258633237,14926.651897336056,50.592367881974475,15146.728697622646
77,14823.101816158454,35.46196606736472,16.142630332886302,14839.24444649134,50.538540973263274,15059.087099725035
78,14735.795489045635,35.25309925609004,16.74948242035756,14752.544971465992,50.4723935900699,14972.099883582796
79,14649.140293555358,35.045790175969756,17.378302011831053,14666.51859556719,50.3995418875758,14885.756602778145
80,14563.101238953284,34.83995511711312,18.029682747120518,14581.130921700405,50.32556823339638,14800.04714351568
81,14477.645665925664,34.635515947190584,18.70421170430235,14496.349877629966,50.255609568555926,14714.961779253184
82,14392.744890005742,34.43240404307594,19.402468858935794,14412.147358864679,50.19401563147837,14630.49132686161
83,14308.375525700545,34.230563458613744,20.12502666705009,14328.500552367595,50.144095144490045,14546.627366246126
84,14224.520394544486,34.02995309699638,20.872449722047016,14245.392844266533,50.10795878728229,14463.36246499121
85,14141.168953674089,33.830547736062414,21.64529443560391,14162.814248109693,50.08645991868127,14380.690348755956
86,14058.3172249341,33.63233785869402,22.444108695990913,14080.761333630091,50.07922791008829,14298.605975038976
87,13975.967251818987,33.43532835363394,23.26943146343239,13999.23668328242,50.08478445369185,14217.105495655978
88,13894.126155580347,33.23953625736925,24.121792270492925,13918.24794785084,50.10072982739546,14136.18612260001
89,13812.804896202486,33.0449877899581,25.001710605069146,13837.806606807555,50.12398331851632,14055.845934243102
90,13732.016864397516,32.851714986596924,25.909695163527225,13757.926559561043,50.15105952271046,13976.083668484835
91,13651.776435898752,32.659752238992226,26.846242971047445,13678.622678869799,50.17836009385839,13896.898545278083
92,13572.097610347479,32.4691330391088,27.811838374693323,13599.909448722172,50.202459127363795,13818.290145926205
93,13492.992837126401,32.27988717015886,28.80695192167967,13521.79978904808,50.22036031373512,13740.258356412827
94,13414.472103719292,32.09203852564424,29.832039140532363,13444.304142859824,50.22970585343113,13662.80336332225
95,13336.54233265053,31.90560366662806,30.88753924623635,13367.429871896766,50.22892113498269,13585.92567883394
96,13259.207104148514,31.720591158250034,31.973873792117367,13291.180977940632,50.217285152609065,13509.626168354482
97,13182.466695647334,31.53700166422807,33.09144529125223,13215.558140938587,50.19492392248361,13433.90606000139
98,13106.318407213621,31.35482872539144,34.240635828884166,13140.559043042505,50.16273177012232,13358.766926242537
99,13030.757124300835,31.17406010598286,35.4218056849229,13066.178929985757,50.122232233939606,13284.210640203395
100,12955.776055824848,30.99467955938959,36.63529198247363,12992.411347807321,50.075395543005115,13210.239318419393
101,12881.367576426988,30.816668843126767,37.88140737484686,12919.248983801835,50.024432598228984,13136.855265604132
102,12807.524097230511,30.640009801986867,39.16043878006071,12846.68453601057,49.97158594970417,13064.060934891784
103,12734.238889991248,30.46468633969198,40.47264616886881,12774.711536160117,49.91893664018521,12991.858910544923
104,12661.506795825015,30.290686114413912,41.81826141019779,12703.325057235212,49.86824247462452,12920.251911999829
105,12589.324761859432,30.11800182263022,43.19748717683385,12632.522249036267,49.82081890810879,12849.24281128654
106,12517.692166597259,29.946631977505405,44.61049591438534,12562.302662511644,49.77746894047112,12778.834652402693
107,12446.610915998022,29.77658113875125,46.057428877896896,12492.66834487592,49.7384636778164,12709.030661874422
108,12376.085314996228,29.607859605254134,47.53839524271665,12423.623710238944,49.70357092887097,12639.834243779533
109,12306.121740689783,29.440482633229145,49.05347129881701,12355.1752119886,49.67212556308535,12571.248958188022
110,12236.728161192004,29.274469285148335,50.6026997400852,12287.33086093209,49.643132483887996,12503.278487237003
111,12167.913556150103,29.109841043421298,52.186089061391016,12220.099645211494,49.61539103558239,12435.926596216277
112,12099.687300169036,28.94662033533262,53.803613075821204,12153.490913244857,49.58762853184372,12369.197097358378
113,12032.05856884786,28.78482911207622,55.45521056183185,12087.513779409692,49.558630436347784,12303.093821807804
114,11965.035819696765,28.62448760693006,57.14078504501732,12022.176604741782,49.527355589403335,12237.620601555687
115,11898.626388398541,28.465613369374502,58.86020471193015,11957.48659311047,49.493026741398936,12172.781259435556
116,11832.836226466176,28.30822063747889,60.61330244455395,11893.449528910729,49.45518940066687,12108.57960280363
117,11767.669791047581,28.15232007427651,62.39987595466144,11830.069667002243,49.4137353809643,12045.019415909437
118,11703.130082948612,27.997918858728735,64.21968798868326,11767.349770937295,49.3688910844239,11982.10444715454
119,11639.218815970053,27.845021090837445,66.07246656723369,11705.291282537286,49.32117406354611,11919.838389713712
120,11575.936690219132,27.693628445500316,67.95790522029716,11643.89459543943,49.271324367008305,11858.224856435916
121,11513.283734673969,27.543740992042988,69.87566318009863,11583.159397854068,49.22021926796071,11797.267351669696
122,11451.259680281099,27.395358086796886,71.82536549915288,11523.085045780252,49.16878101301799,11736.96924318688
123,11389.86432443401,27.24847924505744,73.80660307059998,11463.670927504609,49.11788718196937,11677.333736746175
124,11329.097850773373,27.103104906156393,75.81893254081783,11404.916783314191,49.06829222018462,11618.363854471994
125,11268.961074586558,26.959237020542005,77.86187611916822,11346.822950705726,49.02056690999193,11560.06241676419
126,11209.455593076089,26.81687940927294,79.93492130505467,11289.390514381144,48.975060252353686,11502.432026478882
127,11150.583830503056,26.67603787201688,82.03752056668728,11232.621351069743,48.93188571463483,11445.475053928405
128,11092.3489795307,26.536720046724163,84.16909101763952,11176.51807054834,48.890931319135056,11389.193621786577
129,11034.754850736506,26.398935049608866,86.32901414529833,11121.083864881804,48.85189081336478,11333.58958991994
130,10977.805651044877,26.262692945083437,88.51663564887629,11066.322286693754,48.81431134300008,11278.664541035805
131,10921.5057178494,26.128004109687563,90.73126544344632,11012.236983292847,48.777651763826455,11224.419768465492
132,10865.859238318886,25.994878560571497,92.97217788062775,10958.831416199513,48.741345059931966,11170.856267210218
133,10810.869982752902,25.863325317590675,95.2386122267524,10906.108594979654,48.70485831899495,11117.974728667283
134,10756.541077229802,25.73335185940144,97.52977342667423,10854.070850656477,48.667744339555355,11065.775538533542
135,10702.874834829705,25.60496371968829,99.84483316729438,10802.719667997,48.629680140754964,11014.258776609284
136,10649.872657266187,25.478164251832983,102.182931240921,10752.055588507108,48.59048928346499,10963.42421689018
137,10597.535010731412,25.35295457112778,104.54317719621375,10702.078187927626,48.55014681088845,10913.27132655499
138,10545.86147197135,25.229333665003228,106.9246522547181,10652.786124226068,48.50876755938005,10863.799263109371
139,10494.850833784845,25.10729864541829,109.32641146436283,10604.177245249208,48.46658035207538,10815.006869780736
140,10444.501253861854,24.986845104932666,111.74748605763746,10556.24873991949,48.42389197009557,10766.892669989405
141,10394.810427524018,24.867967529961767,114.18688598086806,10508.997313504886,48.38104565442276,10719.454862101626
142,10345.77576376371,24.75065972192275,116.64360256119026,10462.4193663249,48.33837915599337,10672.691315653472
143,10297.394545012832,24.634915179456538,119.11661127860776,10416.51115629144,48.29618703180533,10626.599569879794
144,10249.664054154082,24.520727402282493,121.60487461127042,10371.268928765352,48.2546910620242,10581.176834885156
145,10202.581657019768,24.408090088564038,124.1073449224433,10326.689001942212,48.2140214711929,10536.419995341901
146,10156.144834422405,24.29699721153685,126.6229673574706,10282.767801779875,48.17421023894286,10492.325616319276
147,10110.351163922871,24.187442975892036,129.15068271841218,10239.501846641284,48.135196351332254,10448.889950769579
148,10065.198257310805,24.07942166820767,131.68943028302192,10196.887687593828,48.09684152923739,10406.10894824601
149,10020.683664475306,23.972927426974415,134.23815053338876,10154.921815008694,48.05895390448148,10363.97826449319
150,9976.804757470745,23.867953965241018,136.7957877578931,10113.600545228639,48.02131639175707,10322.493271532781
151,9933.5586098722,23.76449428199091,139.36129248822934,10072.919902360429,47.98371617915664,10281.64906773976
152,9890.9418859297,23.662540396961006,141.93362373140053,10032.8755096611,47.94597184473306,10241.44048718569
153,9848.950751812501,23.56208313830742,144.51175095537369,9993.462502767874,47.907955072079346,10201.862107331419
154,9807.580817774942,23.463112004246273,147.0946557874106,9954.675473562353,47.869604717494425,10162.908254083453
155,9766.827115862518,23.36561510971894,149.68133338710732,9916.508449249624,47.830931976638546,10124.573003348001
156,9726.68411338899,23.269579218633947,152.27079346309404,9878.954906852085,47.79201649063266,10086.850178586337
157,9687.145758311752,23.17498985242046,154.86206091415033,9842.007819225902,47.75299429394514,10049.733344404563
158,9648.205549288046,23.081831457626905,157.4541760926242,9805.65972538067,47.71403942028533,10013.21579685891
159,9609.856620890243,22.99008760978527,160.04619471017307,9769.902815600417,47.67534165057117,9977.290551780401
160,9572.091833411356,22.899741228256833,162.63718743169161,9734.729020843048,47.63708324333838,9941.95033295157
161,9534.903856945082,22.81077477738058,165.22623923063662,9700.130096175719,47.5994175050245,9907.187562322575
162,9498.285240878622,22.723170432723975,167.81244860480604,9666.097689483428,47.562451746077514,9872.994354578865
163,9462.22846240353,22.63691019713763,170.39492677250172,9632.623389176031,47.52623657385471,9839.362518272299
164,9426.725950761398,22.551975958759325,172.97279698140173,9599.6987477428,47.490762667120094,9806.283565344771
165,9391.77008733529,22.46834949123275,175.54519406343667,9567.315281398727,47.45596525110297,9773.748730241025
166,9357.353184926305,22.386012404129918,178.11126435682152,9535.464449283127,47.42173554939754,9741.748998923005
167,9323.467452286954,22.30494605810276,180.67016609144233,9504.137618378396,47.38793763653929,9710.275147097342
168,9290.104951902467,22.2251314638815,183.22107029881187,9473.32602220128,47.3544284565029,9679.317785987067
169,9257.25756000394,22.146549186612297,185.76316226794108,9443.020722271882,47.321078397363955,9648.867413300415
170,9224.916937738832,22.06917927688716,188.29564353011557,9413.212581268946,47.287789782258436,9618.91446682177
171,9193.07452133859,21.99300124722151,190.81773432433914,9383.89225566293,47.25451096729802,9589.449378370677
172,9161.721537023164,21.917994107710918,193.32867647355144,9355.050213496716,47.22124438450005,9560.462626569291
173,9130.849043332937,21.844136467303677,195.8277365874379,9326.676779920375,47.18804772685752,9531.944787532206
174,9100.447999880978,21.771406698279854,198.314209494567,9298.762209375545,47.15502839378114,9503.886582888494
175,9070.50935755807,21.6997831520528,200.78742178772694,9271.296779345797,47.12233213964334,9476.278924153246
176,9041.024161733723,21.629244406061538,203.24673533845504,9244.270897072178,47.09012747127571,9449.112951572228
177,9011.983657632938,21.559769515868272,205.69155060375252,9217.675208236691,47.05858766372242,9422.380064573883
178,8983.379386423043,21.4913382450312,208.12130952089407,9191.500695943936,47.027872322417196,9396.071940546452
179,8955.203261711022,21.423931248112492,210.53549777897877,9165.738759490001,46.9981102805946,9370.180539210587
180,8927.44761880287,21.35753018852361,212.93364627858728,9140.381265081456,46.96938536160866,9344.698091404454
181,8900.105232530528,21.292117781173513,215.3153316445828,9115.42056417511,46.941726212467934,9319.617073199346
182,8873.16930293427,21.227677758215957,217.68017573241298,9090.849478666683,46.915101046768925,9294.930168220128
183,8846.633411097313,21.1641947633907,220.0278441495108,9066.661255246823,46.88941771799257,9270.630222320091
184,8820.491449731408,21.101654185960307,222.35804388495805,9042.849493616366,46.86452907582801,9246.710195096219
185,8794.73753477295,21.040041949217585,224.6705201926362,9019.408054965586,46.84024306164932,9223.16311228376
186,8769.365905420145,20.97934427134006,226.96505290389624,8996.33095832404,46.816336528431634,9199.982022222719
187,8744.370820806063,20.919547418196323,229.24145236029761,8973.612273166362,46.792571399006384,9177.15995875204
188,8719.74646185148,20.860637468544212,231.49955516333225,8951.246017014813,46.76871157634066,9154.689912371896
189,8695.486846660007,20.802600111626813,233.73921994371318,8929.22606660372,46.7445390374685,9132.564811416709
190,8671.585766986613,20.745420495183286,235.96032336151302,8907.546090348125,46.71986778450621,9110.777515210728
191,8648.036751744843,20.68908313814556,238.1627565585179,8886.199508303362,46.694554749154264,9089.320821462183
192,8624.833061201312,20.633571916749553,240.3464222879856,8865.179483489297,46.668507263377066,9068.187490084987
193,8601.967712551217,20.578870125720616,242.51123293187544,8844.478945483093,46.64168719955843,9047.370284801173
194,8579.43353420432,20.524960608144305,244.65710956667755,8824.090643770996,46.614112223830055,9026.862031944656
195,8557.223242774617,20.47182593965219,246.7839821446448,8804.007224919262,46.58585470268361,9006.655692875935
196,8535.329534112374,20.41944864620185,248.891790716831,8784.221324829205,46.55703863307206,8986.744442883068
197,8513.745178436564,20.36781143166642,250.9804874551054,8764.725665891669,46.52783460865158,8967.121746439303
198,8492.463110266404,20.31689739298183,253.05003906894544,8745.51314933535,46.49845246556623,8947.781417560562
199,8471.476506299306,20.26669020645767,255.1004291071671,8726.576935406474,46.46913109007702,8928.71765564831
200,8450.778847881633,20.217174277228786,257.13165962595446,8707.910507507588,46.4401250864464,8909.925051633629
201,8430.363967886293,20.168334851402616,259.14375180706924,8689.507719693362,46.41168862073419,8891.398565193555
202,8410.226083481928,20.120158094454375,261.13674530167305,8671.362828783602,46.384057615750656,8873.133479412118
203,8390.3598160007,20.072631138757657,263.1106963037755,8653.470512304477,46.35743228382114,8855.125342739098
204,8370.760197497737,20.025742099276883,265.0656745622921,8635.82587206003,46.33196244309153,8837.369908687479
205,8351.422661904315,19.979480052402668,267.0017596759619,8618.424421580277,46.30773797479519,8819.863081770636
206,8332.34301812185,19.933834971583373,268.919037062782,8601.262055184632,46.284786124373056,8802.600874825655
207,8313.51740360033,19.888797616268732,270.81759396451406,8584.334997564843,46.26307627673136,8785.579379368624
208,8294.942219659017,19.84435937717468,272.6975157638338,8567.63973542285,46.24253159562061,8768.7947478638
209,8276.614053224226,19.80051208905317,274.5588827880344,8551.17293601226,46.22304578014442,8752.243185155889
210,8258.529592703499,19.757247829434206,276.40176767512446,8534.931360378623,46.20450238170478,8735.920945739039
211,8240.685547547066,19.714558726189154,278.2262333023086,8518.911780849374,46.18679377871645,8719.82433378679
212,8223.078581124186,19.672436796947814,280.0323312298237,8503.11091235401,46.16983705969355,8703.949703563678
213,8205.705264887943,19.630873839444842,281.8201005935241,8487.525365481468,46.15358465991662,8688.293458752105
214,8188.562058708255,19.589861384469508,283.58956738108,8472.151626089335,46.13802850333752,8672.852050078853
215,8171.645318398317,19.54939071387157,285.34074404074596,8456.986062439062,46.123197448965,8657.62197134206
216,8154.951327496039,19.509452936593394,287.07362939025364,8442.024956886293,46.10914885103027,8642.599754388275
217,8138.476346993642,19.470039107640293,288.78820881022654,8427.26455580387,46.09595585882546,8627.781963789761
218,8122.216674443263,19.43114036948149,290.48445471782435,8412.701129161087,46.08369259522202,8613.165191950302
219,8106.168702985614,19.39274809326702,292.1623273207557,8398.33103030637,46.07241951094525,8598.74605517898
220,8090.328971425753,19.3548539986262,293.82177564986074,8384.150747075613,46.06217102271327,8584.521191024416
221,8074.694198325151,19.317450235227632,295.4627388617969,8370.156937186948,46.05294706626942,8570.48725692522
222,8059.2612958308355,19.280529415863242,297.0851477940229,8356.346443624858,46.044709524760535,8556.640930057567
223,8044.027362156515,19.24408459846056,298.6889267441707,8342.716288900685,46.03738374108033,8542.978908174384
224,8028.9896547550325,19.208109221901992,300.27399543654445,8329.263650191577,46.03086460191761,8529.497911209919
225,8014.145548829894,19.172597006770083,301.8402711308281,8315.985819960722,46.02502608847994,8516.19468344561
226,7999.492487586227,19.137541836330687,303.38767082263104,8302.880158408858,46.01973279520602,8503.065996068004
227,7985.027931326599,19.102937634752628,304.9161134823482,8289.944044808948,46.01485176137179,8490.108649970914
228,7970.7493121445605,19.068778258719043,306.42552227789145,8277.174834422452,46.010263044375314,8477.319478665486
229,7956.653999702873,19.035057415557112,307.9158267279453,8264.569826430818,46.00586775776972,8464.695351177115
230,7942.739281641538,19.001768616367315,309.38696473532343,8252.126246376862,46.00159274513238,8452.233174818188
231,7929.002359894104,18.968905167210774,310.8388844545558,8239.84124434866,45.99739158859623,8439.929897759053
232,7915.440361915829,18.936460195970884,312.27154595384667,8227.711907869676,45.99324217836081,8427.782511345546
233,7902.050363894312,18.90442670788113,313.6849226388537,8215.735286533165,45.9891415226301,8415.788052156606
234,7888.8294216230115,18.872797659385196,315.0790024141181,8203.90842403713,45.98509879822233,8403.943603809397
235,7875.774604058344,18.841566038417092,316.4537885671661,8192.22839262551,45.981127795973045,8392.246298537992
236,7862.883024655359,18.81072493936689,317.80930036994226,8180.692325025301,45.97723989402808,8380.693318564323
237,7850.151866339964,18.78026762282288,319.1455734018936,8169.2974397418575,45.973438513746544,8369.281897276654
238,7837.578397249668,18.750187553228873,320.4626596082272,8158.0410568578955,45.969715715577244,8358.009320220657
239,7825.159975958638,18.720478411384303,321.7606271151159,8146.920603073754,45.9660512278068,8346.872925914713
240,7812.894046523184,18.69113408259135,323.0395598304723,8135.933606353657,45.962413826398695,8335.87010649849
241,7800.77812513212,18.66214862471799,324.29955686398415,8125.077681996105,45.95876465279167,8324.998308235748
242,7788.809781210782,18.633516222992302,325.54073180315174,8114.350513013934,45.95506181158067,8314.25503189431
243,7776.986616398693,18.60523113970979,326.76321188300165,8103.749828281694,45.95126545899183,8303.637833028308
244,7765.306244842579,18.57728766708751,327.96713708604335,8093.273381928622,45.94734258536562,8293.144322174963
245,7753.766277779483,18.54968009038154,329.1526592061,8082.918936985583,45.94327080174784,8282.772164973187
246,7742.364314521995,18.522402666320563,330.3199409052408,8072.684255427235,45.93904063785102,8272.519082201887
247,7731.0979408596895,18.495449619281555,331.4691547876033,8062.567095647293,45.93465611072406,8262.382849728943
248,7719.9647347362725,18.468815154871464,332.6004825079005,8052.565217244173,45.930133589892364,8252.361298360205
249,7708.9622780190875,18.44249348808394,333.71411392632535,8042.676391945413,45.92549922598713,8242.452313578457
250,7698.088172386564,18.41647888130757,334.81024631583114,8032.898418702395,45.9207853931754,8232.653835162708
251,7687.340056915046,18.390765686399632,335.88908362269797,8023.229140537745,45.91602669928035,8222.963856679615
252,7676.715624877548,18.36534838487452,336.9508357771459,8013.666460654694,45.911256132947855,8213.380424833016
253,7666.212637569695,18.34022162098013,337.99571804763417,8004.208355617329,45.90650184969147,8203.901638663487
254,7655.828933554947,18.315380223815662,339.0239504304161,7994.852883985363,45.901784964891164,8194.52564858264
255,7645.5624324931805,18.290819216490863,340.0357570648292,7985.59818955801,45.89711854679444,8185.250655236566
256,7635.411133533955,18.266533812282187,341.03136566456055,7976.442499198515,45.89250781511693,8176.074908194274
257,7625.37310901121,18.24251939954835,342.01100695556846,7967.384115966778,45.88795137916935,8166.996704466164
258,7615.446494757025,18.218771518557475,342.9749141122923,7958.421408869317,45.883443217110255,8158.014386863747
259,7605.629478694703,18.195285834197854,343.9233221850805,7949.552800879784,45.878975020810216,8149.126342220308
260,7595.920289442403,18.172058108713884,344.8564675132823,7940.776756955685,45.87453851544817,8140.330999497885
261,7586.317186466446,18.149084178149394,345.77458712008354,7932.09177358653,45.870127406298536,8131.626827803928
262,7576.818452940112,18.126359935263427,346.6779180868594,7923.496371026972,45.86573869581693,8123.012334353776
263,7567.4223919311025,18.103881320409336,347.5666969065337,7914.989088837636,45.861373234629966,8114.486062408276
264,7558.127325980215,18.08164432052683,348.44115881714924,7906.568484797364,45.857035499934625,8106.04658922208
265,7548.931599613901,18.059644975152874,349.3015371185683,7898.23313673247,45.85273271393804,8097.6925240381
266,7539.8335839309475,18.03787938739461,350.1480624768918,7889.981646407839,45.848473506404176,8089.422506160698
267,7530.831682172745,18.01634373725537,350.9809622228042,7881.812644395549,45.844266377767944,8081.235203138839
268,7521.924335140431,17.995034294594333,351.8004596515376,7873.724794791969,45.84011822807637,8073.129309084101
269,7513.110025459578,17.973947429329133,352.60677333346194,7865.71679879304,45.8360331846133,8065.103543146108
270,7504.387279964838,17.953079617140762,353.40011644534434,7857.787396410182,45.832011895863666,8057.156648157189
271,7495.754669845676,17.93242743982219,354.18069613302816,7849.935365978705,45.828051374120435,8049.287389456129
272,7487.210808579071,17.911987580332706,354.94871291656176,7842.159521495633,45.82414537815957,8041.494553890628
273,7478.754348031493,17.89175681347247,355.70436014863134,7834.458708180124,45.82028524526426,8033.776948997023
274,7470.3839733752175,17.871731993720616,356.4478235364919,7826.83179691171,45.81646102020838,8026.1334023496165
275,7462.098397602095,17.851910042110276,357.1792807364509,7819.277678338546,45.812662695306116,8018.562761063128
276,7453.896356435725,17.832287934056758,357.8989010284033,7811.795257464128,45.808881373076176,8011.063891437009
277,7445.776604320377,17.81286268976167,358.6068450760247,7804.383449396402,45.80511018931847,8003.6356787199375
278,7437.737911955356,17.793631368314248,359.3032647760956,7797.041176731452,45.8013448831026,7996.277026972948
279,7429.779065582098,17.77459106598588,359.9883031982015,7789.7673687803,45.79758396205815,7988.986859015253
280,7421.898867941623,17.75573891852063,360.6620946138429,7782.560962555466,45.79382847591387,7981.764116425691
281,7414.09614058717,17.73707210666787,361.32476461192374,7775.420905199094,45.79008146838391,7974.607759586564
282,7406.369727050794,17.71858786375788,361.97643029576005,7768.346157346554,45.78634721913056,7967.516767749772
283,7398.718496278319,17.700283483919424,362.6172005552477,7761.335696833567,45.78263040859292,7960.490139110947
284,7391.141345755772,17.682156329559263,363.2471764066696,7754.388522162441,45.778935337482594,7953.526890880491
285,7383.637203840317,17.664203836938558,363.86645139183815,7747.503655232155,45.7752653117546,7946.626059338288
286,7376.20503097619,17.646423519081793,364.4751120278131,7740.680143004003,45.77162226782331,7939.786699869034
287,7368.84381966113,17.628812965696483,365.0732382982851,7733.917057959415,45.76800666855376,7933.007886967624
288,7361.552593236138,17.611369840277842,365.66090417779253,7727.213497413931,45.764417655674215,7926.2887142161135
289,7354.330403732979,17.59409187495928,366.2381781802003,7720.5685819131795,45.760853405709916,7919.628294228018
290,7347.176329135418,17.57697686396033,366.8051239232355,7713.981453058654,45.75731160976626,7913.025758561137
291,7340.0894704615375,17.56002265660655,367.3618007013141,7707.451271162851,45.75378998561622,7906.480257600282
292,7333.068949060498,17.543227150862435,367.9082640593637,7700.9772131198615,45.750286734123435,7899.990960413298
293,7326.113904439327,17.52658828813236,368.44456636082964,7694.558470800156,45.746800869146355,7893.557054580942
294,7319.223492823814,17.510104049817738,368.9707573435564,7688.19425016737,45.74333237685495,7887.17774600669
295,7312.396886514996,17.493772455777503,369.48688465774813,7681.883771172745,45.73988219179316,7880.852258707045
296,7305.633273972729,17.47759156452806,369.99299438076844,7675.626268353497,45.736452007682864,7874.579834586917
297,7298.93186044725,17.461559474754186,370.4891315041324,7669.420991951382,45.7330439661047,7868.359733203938
298,7292.291868905162,17.445674327524312,370.9753403886964,7663.267209293858,45.72966028230039,7862.191231521865
299,7285.712540976852,17.429934308557062,371.45166518475025,7657.164206161602,45.72630287263908,7856.073623657582
300,7279.193137671591,17.414337649932037,371.9181502144624,7651.111287886053,45.722973042855735,7850.006220622476
301,7272.73293966886,17.398882630786748,372.3748403148953,7645.107779983756,45.7196712817852,7843.9883500595215
302,7266.331247082197,17.383567576751666,372.82178114057444,7639.153028222771,45.716397185025755,7838.0193559776335
303,7259.987378686847,17.368390858102504,373.2590194253246,7633.246398112171,45.713149510504394,7832.098598482865
304,7253.700670693128,17.353350886825666,373.6866032037648,7627.387273896893,45.70992634704312,7826.22545350653
305,7247.470475219452,17.338446112965197,374.10458199343884,7621.575057212891,45.70672536092948,7820.399312532934
306,7241.296158650418,17.32367502069478,374.51300693905193,7615.80916558947,45.70354407633887,7814.619582321544
307,7235.177100082217,17.309036124598606,374.91193092066993,7610.089031002887,45.700380144102375,7808.885684629732
308,7229.112690017684,17.294527966549484,375.3014086280217,7604.414098645706,45.697231559313465,7803.197055928719
309,7223.102329436266,17.28014911348389,375.68149660324013,7598.783826039506,45.694096800021,7797.553147119597
310,7217.145429285527,17.26589815618547,376.05225325450294,7593.19768254003,45.69097487438441,7791.953423243602
311,7211.241410380526,17.251773709044322,376.4137388431078,7587.655149223634,45.68786527944528,7786.397363189221
312,7205.389703634443,17.237774410608715,376.76601544655784,7582.155719081001,45.684767888502094,7780.884459395985
313,7199.589750500509,17.223898924642366,377.10914690026925,7576.698897400778,45.68168279390084,7775.4142175542465
314,7193.841003486932,17.2101459413563,377.4431987205377,7571.28420220747,45.678610136637886,7769.986156301845
315,7188.142926611319,17.196514178495978,377.7682380114348,7565.911164622754,45.67554995323272,7764.5998069193165
316,7182.494995681361,17.183002382012823,378.08433335834127,7560.579329039702,45.67250206450489,7759.254713020298
317,7176.896698338856,17.169609326169514,378.3915547108494,7555.288253049705,45.66946602156244,7753.950430243502
318,7171.347533841956,17.15633381301903,378.6899732577813,7550.037507099737,45.66644111331065,7748.686525942639
319,7165.847012611896,17.143174671320327,378.9796612970562,7544.826673908952,45.6634264290633,7743.462578875377
320,7160.39465561268,17.13013075505426,379.26069210308367,7539.655347715764,45.66042096112429,7738.278178896655
321,7154.989993645845,17.11720094173647,379.5331397942656,7534.5231334401105,45.65742372675974,7733.132926651515
322,7149.6325666582525,17.10438413076137,379.79707920304315,7529.429645861295,45.654433887412154,7728.026433271538
323,7144.321923148866,17.09167924198293,380.0525857507346,7524.3745088996,45.65145084524703,7722.958320076425
324,7139.057619734684,17.079085214676276,380.29973532918075,7519.357355063865,45.64847430246704,7717.928218279596
325,7133.839220907852,17.066601006956585,380.5386041909568,7514.377825098809,45.645504276132854,7712.9357686999865
326,7128.666298978887,17.05422559564327,380.76926884963075,7509.435567828518,45.64254106911864,7707.980621479184
327,7123.538434175382,17.04195797649613,380.9918059912723,7504.530240166654,45.63958520494677,7703.062435808172
328,7118.455214833354,17.029797164673095,381.2062923981293,7499.6615072314835,45.636637339483144,7698.180879658235
329,7113.416237618679,17.01774219526,381.41280488512984,7494.8290425038085,45.63369816512123,7693.335629522086
330,7108.421107708296,17.005792123704058,381.6114202496121,7490.032527957908,45.630768322928546,7688.526370162647
331,7103.46943887501,16.993946026016772,381.80221523444936,7485.27165410946,45.62784833553937,7683.752794369056
332,7098.560853440961,16.982202998662586,381.98526650451856,7480.546119945479,45.624938569020095,7679.0146027207165
333,7093.6949820882555,16.970562158105874,382.16065063624865,7475.855632724504,45.62203922642664,7674.31150335946
334,7088.871463537026,16.959022640040732,382.3284441197843,7471.19990765681,45.619150370320625,7669.643211767705
335,7084.089944125557,16.9475835983865,382.4887233730989,7466.578667498656,45.61627196701369,7665.009450555165
336,7079.350077331382,16.93624420414206,382.6415647671959,7461.991642098577,45.61340394243271,7660.40994924816
337,7074.651523287606,16.925003644228724,382.7870446613423,7457.438567948949,45.61054623858546,7655.844444086795
338,7069.993948332946,16.913861120413745,382.9252394470876,7452.919187780034,45.607698860628105,7651.3126778237665
339,7065.377024632511,16.902815848403137,383.05622559964695,7448.433250232158,45.60486190715101,7646.814399528264
340,7060.800429880712,16.891867057130888,383.1800797350661,7443.980509615778,45.602035579925,7642.349364388451
341,7056.263847092313,16.881013988259124,383.29687867145054,7439.560725763764,45.59922017327777,7637.917333517522
342,7051.766964461706,16.870255895841403,383.4066994924428,7435.173663954149,45.596416046810184,7633.518073757773
343,7047.309475264259,16.859592046086746,383.5096196110633,7430.819094875323,45.59362358774525,7629.151357482015
344,7042.891077770999,16.849021717155498,383.6057168320161,7426.496794603015,45.59084317046981,7624.816962394559
345,7038.51147513949,16.8385441988983,383.6950694105776,7422.206544550068,45.588075120683804,7620.514671325043
346,7034.170375262286,16.828158792493507,383.7777561062572,7417.948131368544,45.58531969015763,7616.244272020729
347,7029.867490551309,16.81786480993136,383.8538562295238,7413.721346780832,45.58257704577166,7612.005556929939
348,7025.60253766178,16.807661573353542,383.9234496800374,7409.525987341817,45.57984727374733,7607.798322982618
349,7021.375237157632,16.79754841425271,383.98661697499676,7405.361854132629,45.57713039729099,7603.622371360844
350,7017.185313143639,16.78752467259244,384.0434392664153,7401.228752410055,45.57442640371597,7599.47750726622
351,7013.032492880926,16.777589695887382,384.09399834635553,7397.126491227282,45.57173527580682,7595.363539677041
352,7008.916506417021,16.76774283831823,384.138376639384,7393.054883056405,45.56905702189606,7591.280281101653
353,7004.837086248671,16.75798345992505,384.1766571817524,7389.013743430423,45.566391699800754,7587.227547324556
354,7000.793967035522,16.7483109259223,384.2089235870563,7385.002890622578,45.56373943121339,7583.205157148356
355,6996.786885370622,16.738724606149813,384.2352599983742,7381.0221453689965,45.561100405045636,7579.212932130945
356,6992.815579607231,16.729223874658448,384.2557510271372,7377.071330634368,45.55847487021384,7575.250696319798
357,6988.87978973453,16.719808109412753,384.2704816792221,7373.150271413752,45.555863120085434,7571.318275986124
358,6984.979257285748,16.71047669207117,384.27953726899773,7369.258794554746,45.553265471996575,7567.4154993579305
359,6981.11372526406,16.701229007808756,384.28300332227093,7365.396728586331,45.55068224574779,7563.5421963553335
360,6977.282938071015,16.69206444514597,384.2809654692836,7361.563903540299,45.54811374476166,7559.698198330012
361,6973.486641424646,16.68298239575274,384.2735093290926,7357.760150753738,45.54556024274713,7555.883337809688
362,6969.724582260273,16.67398225421118,384.26072038681116,7353.985302647084,45.54302197746258,7552.097448249046
363,6965.996508615869,16.665063417741315,384.2426838653134,7350.239192481183,45.54049915175665,7548.340363791324
364,6962.302169503562,16.65622528589369,384.2194845930799,7346.521654096642,45.537991940757024,7544.611919038935
365,6958.641314778289,16.64746726023514,384.1912068699146,7342.8325216482035,45.53550050309107,7540.91194883665
366,6955.013695013602,16.63878874405168,384.1579343322586,7339.17162934586,45.53302499350349,7537.240288067601
367,6951.419061397198,16.63018914209856,384.11974981980325,7335.538811217001,45.53056557423412,7533.59677146492
368,6947.857165651242,16.62166786040967,384.0767352450324,7331.933900896274,45.52812242298697,7529.981233436268
369,6944.327759988126,16.61322430619169,384.0289714672265,7328.356731455352,45.525695736137706,7526.393507907551
370,6940.830597096087,16.60485788778968,383.97653817233765,7324.807135268425,45.52328572681111,7522.833428180053
371,6937.36543015559,16.59656801472629,383.9195137599972,7321.284943915587,45.52089261842661,7519.300826805743
372,6933.932012877458,16.588354097792962,383.8579752387574,7317.789988116216,45.51851663508662,7515.795535478843
373,6930.530099555086,16.58021554917485,383.79199813049917,7314.3220976855855,45.516157990647116,7512.3173849449
374,6927.159445116944,16.57215178257642,383.7216563847561,7310.8811015017,45.51381687840846,7508.866204922777
375,6923.819805178393,16.564162213345437,383.64702230353487,7307.466827481928,45.51149346310933,7505.441824046454
376,6920.510936079601,16.55624625856364,383.5681664770318,7304.079102556633,45.50918787637543,7502.044069818866
377,6917.232594909489,16.54840333710404,383.48515773047654,7300.7177526399655,45.50690021608339,7498.672768579928
378,6913.9845395171105,16.540632869658157,383.39806308217504,7297.382602599286,45.50463054939013,7495.327745489133
379,6910.766528510865,16.53293427873413,383.30694771266593,7294.073476223531,45.50237891857044,7492.008824519312
380,6907.578321252071,16.52530698864132,383.21187494476806,7290.790196196839,45.500145348408154,7488.715828462415
381,6904.419677846681,16.517750425470528,383.1129062341631,7287.532584080845,45.49792985374203,7485.448578944623
382,6901.290359142394,16.510264017087067,383.01010117004284,7284.300460312436,45.49573244588803,7482.2068964520495
383,6898.190126732644,16.502847193140298,382.9035174852493,7281.093644217894,45.493553136992,7478.990600363809
384,6895.118742971313,16.495499385098835,382.7932110752472,7277.91195404656,45.49139194183936,7475.799508993561
385,6892.0759709951,16.488220026304067,382.6792360252,7274.7552070203,45.48924887715628,7472.63343963593
386,6889.061574755409,16.481008552046433,382.56164464436335,7271.623219399773,45.4871239588924,7469.492208620955
387,6886.075319051526,16.4738643996448,382.4404875069749,7268.515806558501,45.48501719829464,7466.375631371083
388,6883.116969565773,16.466787008530556,382.3158134987897,7265.4327830645625,45.482928597724765,7463.283522464665
389,6880.186292893219,16.459775820318704,382.1876698684102,7262.373962761629,45.48085814712685,7460.2156957016305
390,6877.283056564318,16.452830278862006,382.05610228255523,7259.339158846873,45.478805821840695,7457.17196417188
391,6874.407029061269,16.445949830290118,381.92115488443505,7256.328183945704,45.47677158213889,7454.1521403280085
392,6871.557979824774,16.439133923025775,381.7828703544219,7253.3408501791955,45.47475537450343,7451.156036058285
393,6868.735679255245,16.432382007787666,381.6412899722374,7250.376969227482,45.47275713432437,7448.183462761793
394,6865.939898711224,16.42569353758666,381.4964536799255,7247.436352391149,45.470776789456124,7445.234231425283
395,6863.1704105073195,16.41906796772086,381.348400144914,7244.518810652234,45.468814263944566,7442.308152700392
396,6860.426987915703,16.412504755779192,381.19716682252687,7241.62415473823,45.46686948125045,7439.405036981669
397,6857.709405174433,16.406003361661323,381.0427900173536,7238.752195191787,45.464942366429895,7436.524694485757
398,6855.017437502242,16.399563247613017,380.88530494294076,7235.902742445182,45.463032846952416,7433.6669353294255
399,6852.350861123317,16.39318387828545,380.7247457793232,7233.07560690264,45.46114085209699,7430.831569609262
400,6849.709453297963,16.38686472080852,380.5611457279697,7230.270599025933,45.45926631111252,7428.018407479272
401,6847.092992362512,16.380605244886393,380.39453706377617,7227.487529426287,45.45740915052028,7425.227259231051
402,6844.501257769902,16.374404922894502,380.2249511837948,7224.726208953696,45.455569291038515,7422.457935369714
403,6841.9340301364855,16.36826322999159,380.05241865244955,7221.986448788935,45.453746644617354,7419.710246693021
404,6839.391091287735,16.36217964422903,379.87696924303907,7219.268060530774,45.45194111198842,7416.984004367924
405,6836.8722243032125,16.356153646658402,379.69863197539013,7216.570856278603,45.45015258098446,7414.279020005885
406,6834.377213562941,16.350184721442442,379.5174351495758,7213.894648712517,45.44838092570184,7411.5951057393195
407,6831.905844790693,16.344272355958594,379.333406375664,7211.239251166357,45.4466260064025,7408.932074294207
408,6829.457905101168,16.338416040911884,379.1465725995127,7208.604477700681,45.44488766990898,7406.289739064785
409,6827.033183046224,16.332615270445512,378.9569601246736,7205.990143170898,45.44316575016704,7403.667914184124
410,6824.631468666373,16.32686954226405,378.7645946305082,7203.396063296881,45.44146006863727,7401.066414595453
411,6822.252553544263,16.321178357761394,378.56950118665964,7200.822054730923,45.439770434231306,7398.485056119829
412,6819.896230865321,16.31554122216584,378.3717042640586,7198.267935129379,45.4380966426113,7395.923655524738
413,6817.562295480931,16.309957644691224,378.1712277426757,7195.733523223607,45.43643847480062,7393.38203058899
414,6815.250543976115,16.30442713869884,377.9680949162588,7193.218638892374,45.43479569518214,7390.860000166416
415,6812.960774738946,16.29894922186351,377.7623284943217,7190.723103233268,45.43316804906466,7388.357384246699
416,6810.692788032874,16.293523416346588,377.55395060167217,7188.246738634546,45.43155526005971,7385.874004015805
417,6808.4463860663545,16.288149248962572,377.3429827757883,7185.789368842143,45.429957027524935,7383.409681911876
418,6806.221373061246,16.282826251342694,377.1294459623658,7183.350819023612,45.42837302429351,7380.9642416792885
419,6804.017555319956,16.277553960095588,376.9133605093768,7180.930915829333,45.4268028948396,7378.537508421885
420,6801.834741284791,16.27233191694926,376.6947461599874,7178.529487444778,45.42524625393639,7376.1293086494015
421,6799.672741597133,16.267159668892663,376.47362204468806,7176.146363641821,45.42370268577289,7373.739470324933
422,6797.531369149336,16.262036768299847,376.2500066729997,7173.781375822336,45.422171743418474,7371.367822906206
423,6795.410439134727,16.256962773049587,376.0239179251097,7171.434357059837,45.42065294847919,7369.014197385721
424,6793.3097690914965,16.251937246630373,375.79537304379784,7169.105142135294,45.41914579077826,7366.678426325179
425,6791.2291789449455,16.246959758241495,375.5643886269969,7166.793567571943,45.41764972791748,7364.360343888384
426,6789.16849104491,16.242029882882562,375.3309806213309,7164.499471666241,45.41616418462604,7362.0597858693645
427,6787.127530198873,16.23714720143271,375.0951643169519,7162.2226945158245,45.41468855186921,7359.776589716455
428,6785.106123700416,16.2323113007187,374.8569543439888,7159.963078044405,45.41322218575485,7357.510594552438
429,6783.104101353407,16.227521773572743,374.6163646708949,7157.7204660243015,45.41176440633074,7355.26164119184
430,6781.121295488139,16.222778218871145,374.3734086049674,7155.4947040931065,45.41031449639929,7353.0295721524435
431,6779.157540971102,16.21808024155766,374.1280987952802,7153.285639766383,45.4088717004845,7350.81423166349
432,6777.212675207009,16.213427452648347,373.8804472382544,7151.093122445263,45.40743522406812,7348.61546566996
433,6775.28653813189,16.208819469215047,373.63046528605713,7148.917003417947,45.406004233177725,7346.43312183227
434,6773.378972197865,16.20425591434896,373.3781636579913,7146.757135855856,45.404577854360085,7344.267049522323
435,6771.4898223480905,16.199736417100695,373.12355245501243,7144.6133748031025,45.40315517502674,7342.117099814469
436,6769.618935985089,16.195260612404518,372.8666411774699,7142.485577162559,45.4017352441179,7339.983125474471
437,6767.766162928498,16.190828140977267,372.6074387461422,7140.37360167464,45.40031707300585,7337.864980942215
438,6765.931355367554,16.186438649204675,372.34595352659994,7138.277308894154,45.39889963655236,7335.762522313156
439,6764.114367803855,16.18209178900444,372.0821933568945,7136.196561160749,45.397481874245514,7333.675607313718
440,6762.315056989921,16.177787217679235,371.81616557853806,7134.131222568459,45.39606269136581,7331.6040952759
441,6760.53328185971,16.173524597750504,371.5478770707056,7132.081158930416,45.39464096016352,7329.547847107127
442,6758.768903453253,16.169303596778118,371.2773342875544,7130.046237740808,45.393215521062395,7327.506725257429
443,6757.021784835542,16.16512388716637,371.0045432985254,7128.026328134068,45.39178518393054,7325.480593684166
444,6755.291791010359,16.160985145957795,370.72950983146166,7126.02130084182,45.39034872947581,7323.46931781504
445,6753.578788826911,16.156887054609832,370.4522393183441,7124.031028145255,45.38890491082407,7321.47276450734
446,6751.882646883954,16.15282929876544,370.17273694342384,7122.055383827378,45.38745245532971,7319.490802008062
447,6750.203235425335,16.148811568003193,369.8910076935026,7120.094243118838,45.38599006664658,7317.52329990875
448,6748.540426235939,16.14483355558837,369.6070564100882,7118.147482646027,45.38451642706217,7315.570129103748
449,6746.894092528888,16.14089495820308,369.3208878431392,7116.214980372028,45.38303020007335,7313.631161742347
450,6745.264108835818,16.136995475683776,369.0325067060886,7114.296615541906,45.381530033159294,7311.706271186149
451,6743.650350889386,16.133134810740156,368.74191773182827,7112.392268621214,45.38001456069653,7309.795331960244
452,6742.052695509772,16.129312668683664,368.4491257293239,7110.501821239096,45.37848240695655,7307.898219709357
453,6740.471020487092,16.125528757146153,368.15413564052193,7108.625156127614,45.3769321891331,7306.014811150343
454,6738.905204467563,16.121782785807568,367.85695259720796,7106.762157064771,45.375362520359445,7304.144984028334
455,6737.3551268382325,16.118074466120174,367.5575819774744,7104.9127088157065,45.37377201269227,7302.288617070918
456,6735.820667615853,16.11440351104271,367.256029461457,7103.07669707731,45.37215928005629,7300.445589945555
457,6734.30170733616,16.1107696347755,366.95230108600776,7101.254008422167,45.37052294115632,7298.615783216197
458,6732.798126947598,16.107172552506213,366.6464032979785,7099.444530245576,45.3688616223715,7296.799078302892
459,6731.309807706922,16.1036119801601,366.3383430058012,7097.648150712723,45.36717396064715,7294.995357441538
460,6729.836631079475,16.100087634161426,366.02812762906626,7095.864758708542,45.365458606394085,7293.204503646356
461,6728.378478642868,16.096599231203033,365.7157651458155,7094.094243788683,45.36371422639566,7291.426400673505
462,6726.9352319941345,16.093146488024246,365.4012641372865,7092.336496131421,45.361939506709604,7289.660932985607
463,6725.50677266461,16.089729121207203,365.08463382986406,7090.5914064944745,45.36013315554167,7287.907985721081
464,6724.092982036321,16.086346846976845,364.7658841340172,7088.858866170338,45.35829390605702,7286.167444661686
465,6722.6937412669895,16.082999381021505,364.44502568002514,7087.138766947015,45.35642051909386,7284.439196205073
466,6721.308931219503,16.07968643832417,364.12206985031645,7085.43100106982,45.3545117857421,7282.723127337798
467,6719.938432397866,16.076407733009248,363.79702880827466,7083.73546120614,45.35256652975727,7281.019125610584
468,6718.5821248897355,16.073162978205108,363.46991552338494,7082.05204041312,45.35058360978704,7279.327079115694
469,6717.239888316379,16.06995188592435,363.1407437926273,7080.380632109006,45.348561921399984,7277.646876467096
470,6715.91160178676,16.066774166953973,362.80952825804036,7078.721130044801,45.34650039891401,7275.9784067800765
471,6714.597143861267,16.06362953076858,362.47628442041344,7077.07342828168,45.34439801703081,7274.321559655764
472,6713.296392520571,16.060517685455913,362.1410286490808,7075.437421169652,45.342253792286655,7272.676225166099
473,6712.009225139818,16.057438337655068,361.80377818782466,7073.813003327643,45.34006678433099,7271.042293839483
474,6710.735518471348,16.054391192515187,361.4645511569091,7072.200069628257,45.33783609704143,7269.419656650387
475,6709.475148631379,16.051375953663587,361.1233665512955,7070.598515182674,45.3355608794797,7267.808205008411
476,6708.227991094298,16.0483923231921,360.7802442351083,7069.0082353294065,45.3332403266873,7266.207830750496
477,6706.993920691629,16.045440001654615,360.4352049324387,7067.429125624068,45.33087368031588,7264.618426133442
478,6705.77281161759,16.04251868808036,360.08827021459814,7065.861081832189,45.328460229082495,7263.039883828697
479,6704.564537439245,16.039628079998195,359.7394624839417,7064.303999923187,45.32599930904132,7261.472096917517
480,6703.368971112864,16.03676787347575,359.3888049544056,7062.757776067269,45.323490303663604,7259.9149588882065
481,6702.185985005132,16.033937763170172,359.0363216289113,7061.222306634044,45.32093264372228,7258.368363634236
482,6701.015450918537,16.031137442388843,358.6820372738054,7059.6974881923425,45.31832580698321,7256.83220545272
483,6699.857240122303,16.028366603163402,358.32597739051016,7058.183217512813,45.31566931770995,7255.306379044851
484,6698.711223386921,16.025624936332346,357.96816818457523,7056.679391571496,45.31296274599441,7253.790779516572
485,6697.577271023437,16.022912131635017,357.6086365323224,7055.1859075557595,45.31020570692924,7252.285302380902
486,6696.455252924957,16.0202278778109,357.24740994528753,7053.702662870244,45.30739785963858,7250.789843559672
487,6695.345038612346,16.017571862708962,356.8845165326633,7052.229555145009,45.3045389061849,7249.304299386913
488,6694.246497283575,16.014943773405683,356.51998496195347,7050.766482245528,45.30162859036572,7247.828566613619
489,6693.159497862931,16.0123432963228,356.15384441804963,7049.313342280981,45.29866669641365,7246.36254241038
490,6692.083909055662,16.009770117358045,355.7861245609421,7047.870033616604,45.29565304760702,7244.906124373694
491,6691.019599403417,16.007223922017744,355.4168554822777,7046.436454885694,45.29258750479866,7243.459210531568
492,6689.966437339666,16.004704395549442,355.0460676609714,7045.012505000637,45.28946996486688,7242.021699347808
493,6688.924291249599,16.002211223085165,354.673791918082,7043.598083167682,45.28630035909292,7240.593489729736
494,6687.893029528324,15.99974408978068,354.3000593711513,7042.193088899476,45.28307865147005,7239.17448103337
495,6686.8725206425415,15.997302680963019,353.92490138820654,7040.797422030748,45.279804836951115,7237.764573071485
496,6685.862633190278,15.994886682273393,353.54834954161794,7039.410982731896,45.276478939643894,7236.363666119347
497,6684.863235962691,15.99249577981505,353.17043556199576,7038.033671524687,45.273101010965235,7234.971660922385
498,6683.874198006504,15.990129660302642,352.7911912923071,7036.6653892988115,45.26967112776681,7233.5884587045975
499,6682.895388682606,15.987788011202406,352.41064864237984,7035.3060373249855,45.26618939044635,7232.213961173427
500,6681.9266777292505,15.985470520883375,352.0288395439596,7033.95551727321,45.26265592105731,7230.848070529809
501,6680.967935320863,15.983176878758046,351.645795906469,7032.613731227332,45.259070861428725,7229.490689474547
502,6680.019032127363,15.980906775424314,351.2615495736162,7031.280581700979,45.255434371306094,7228.1417212161605
503,6679.07983937202,15.978659902803875,350.8761322809849,7029.955971653005,45.251746626519974,7226.801069478367
504,6678.150228888584,15.976435954278909,350.4895756147329,7028.639804503317,45.24800781718919,7225.4686385080895
505,6677.230073175913,15.97423462482276,350.1019109715116,7027.331984147425,45.2442181459615,7224.144333082358
506,6676.319245452922,15.972055611131392,349.713169519713,7026.032414972635,45.24037782629526,7222.82805851702
507,6675.4176197089255,15.96989861174384,349.323382162139,7024.741001871064,45.23648708078483,7221.519720672479
508,6674.525070755525,15.967763327166328,348.9325795001764,7023.457650255701,45.23254613953173,7220.2192259626645
509,6673.641474274285,15.965649459986329,348.54079179955465,7022.18226607384,45.228555238565605,7218.9264813616
510,6672.766706862332,15.963556714981657,348.14804895774967,7020.914755820082,45.22451461831886,7217.641394409769
511,6671.900646078465,15.961484799230778,347.7543804730901,7019.655026551555,45.220424522159895,7216.363873222951
512,6671.0431704827515,15.959433422207539,347.35981541561193,7018.402985898363,45.21628519498985,7215.093826496569
513,6670.194159678482,15.957402295881536,346.9643823996992,7017.158542078181,45.21209688190768,7213.831163514479
514,6669.353494348883,15.95539113480594,346.5681095585367,7015.92160390742,45.20785982694771,7212.575794154643
515,6668.521056292038,15.953399656201048,346.17102452039745,7014.692080812436,45.20357427189289,7211.32762889517
516,6667.6967284541915,15.95142758003395,345.7731543867736,7013.4698828409655,45.19924045516478,7210.086578820932
517,6666.880394960106,15.949474629091164,345.37452571235565,7012.254920672462,45.19485861079152,7208.852555629404
518,6666.071941140609,15.947540529044518,344.9751644868559,7011.047105627465,45.19042896745209,7207.625471635881
519,6665.271253559122,15.945625008514645,344.575096118665,7009.846349677787,45.18595174759602,7206.40523977983
520,6664.478220034803,15.943727799126322,344.17434542032424,7008.652565455127,45.181427166636,7205.191773629994
521,6663.692729663289,15.941848635558108,343.77293659578993,7007.46566625908,45.176855432211624,7203.9849873892
522,6662.914672835719,15.939987255587845,343.3708932294587,7006.285566065178,45.17223674352209,7202.784795899499
523,6662.14394125551,15.9381434001328,342.96823827692066,7005.112179532431,45.16757129072672,7201.591114647092
524,6661.38042795299,15.936316813284666,342.5649940573998,7003.94542201039,45.162859254411906,7200.4038597670815
525,6660.624027296648,15.934507242336478,342.161182247835,7002.785209544483,45.15810080512372,7199.222948046771
526,6659.874635004797,15.93271443781052,341.75682387855613,7001.631458883353,45.153296102965356,7198.0482969312525
527,6659.132148152668,15.930938153475283,341.3519393304994,7000.484087483168,45.14844529725812,7196.879824526241
528,6658.396465178456,15.929178146359943,340.94654833390894,6999.343013512365,45.14354852626485,7195.717449601618
529,6657.667485889331,15.927434176768735,340.54066996846353,6998.208155857795,45.1386059169734,7194.561091596629
530,6656.945111461904,15.925706008282067,340.13432266476855,6997.079434126673,45.13361758493757,7193.410670621151
531,6656.229244443864,15.923993407760442,339.72752420714914,6995.956768651014,45.12858363417229,7192.266107459663
532,6655.519788753816,15.922296145344058,339.3202917376793,6994.840080491495,45.1235041570999,7191.12732357488
533,6654.816649677456,15.920613994443674,338.91264176137986,6993.729291438835,45.11837923454321,7189.994241109099
534,6654.119733864611,15.918946731733518,338.50459015251914,6992.62432401713,45.11320893576193,7188.866782887694
535,6653.428949323467,15.917294137137482,338.09615216194436,6991.525101485412,45.1079933185293,7187.744872421014
536,6652.744205413883,15.915655993813116,337.6873424253797,6990.431547839263,45.10273242924565,7186.628433906481
537,6652.065412840144,15.914032088134315,337.2781749726163,6989.34358781276,45.09742630308584,7185.517392231183
538,6651.392483640693,15.91242220966673,336.86866323752963,6988.2611468782225,45.09207496417874,7184.4116729724
539,6650.725331178834,15.910826151145535,336.45882006885324,6987.184151247687,45.08667842581599,7183.3112023999865
540,6650.063870131201,15.90924370844785,336.0486577416421,6986.112527872843,45.081236690687966,7182.215907477336
541,6649.408016476562,15.907674680565938,335.6381879693571,6985.046204445919,45.075749751145295,7181.125715863401
542,6648.75768748134,15.906118869572584,335.2274219165066,6983.985109397847,45.07021758948277,7180.040555912097
543,6648.112801687186,15.904576080591355,334.8163702117795,6982.929171898966,45.06464017824367,7178.960356674326
544,6647.473278895871,15.903046121760456,334.40504296160583,6981.878321857476,45.05901748054207,7177.885047897835
545,6646.839040155042,15.901528804198666,333.99344976408645,6980.832489919128,45.05334945039954,7176.814560028366
546,6646.210007741567,15.900023941965472,333.5815997232288,6979.791607464796,45.047636033094705,7175.7488242087575
547,6645.5861051463235,15.898531352024698,333.16950146343487,6978.755606609759,45.04187716552224,7174.68777227978
548,6644.967257057574,15.897050854204723,332.7571631441827,6977.724420201756,45.03607277655914,7173.631336779788
549,6644.353389343838,15.895582271157506,332.34459247485205,6976.69798181869,45.03022278743663,7172.579450944039
550,6643.744429037045,15.89412542831829,331.9317967296396,6975.676225766684,45.02432711211519,7171.5320487043855
551,6643.140304315115,15.89268015386391,331.5187827625193,6974.6590870776345,45.01838565766173,7170.489064688463
552,6642.540944484304,15.891246278670584,331.1055570222001,6973.646501506504,45.01239832462746,7169.450434218634
553,6641.946279961961,15.889823636272634,330.6921255670372,6972.638405528998,45.0063650074252,7168.416093311298
554,6641.356242257673,15.8884120628174,330.27849407985957,6971.634736337533,45.00028559470488,7167.385978674499
555,6640.770763956827,15.887011397025901,329.86466788267137,6970.635431839499,44.99415996972664,7166.360027707809
556,6640.189778701973,15.885621480148261,329.45065195119673,6969.64043065317,44.987988010729644,7165.338178499845
557,6639.613221174869,15.88424215592074,329.036450929231,6968.6496721041,44.98176959129624,7164.320369826239
558,6639.041027079482,15.882873270525076,328.6220691427715,6967.663096222253,44.97550458070991,7163.306541148341
559,6638.47313312372,15.881514672544784,328.2075106138997,6966.68064373762,44.969192844305674,7162.29663261035
560,6637.909477002258,15.880166212924063,327.79277907438836,6965.702256076647,44.962834243812374,7161.290585037231
561,6637.349997378984,15.878827744925799,327.3778779790149,6964.7278753579985,44.95642863768606,7160.288339931933
562,6636.794633870305,15.877499124091639,326.9628105185563,6963.757444388862,44.94997588143303,7159.2898394730955
563,6636.24332702804,15.876180208201053,326.54757963245373,6962.790906660493,44.94347582792286,7158.295026511958
564,6635.696018322455,15.874870857230754,326.13218802112715,6961.828206343582,44.93692832769024,7157.3038445690345
565,6635.152650126329,15.873570933316577,325.7166381579288,6960.869288284258,44.930333229226264,7156.316237831392
566,6634.613165698321,15.872280300713685,325.3009323007277,6959.914097999048,44.92369037925811,7155.332151148821
567,6634.077509167352,15.870998825759216,324.88507250311045,6958.962581670463,44.91699962301761,7154.35153003059
568,6633.545625517024,15.869726376834985,324.46906062519804,6958.014686142222,44.9102608044985,7153.37432064179
569,6633.017460570758,15.868462824331957,324.0528983440704,6957.070358914829,44.903473766701964,7152.400469799983
570,6632.49296097592,15.86720804061225,323.63658716379774,6956.129548139718,44.89663835187102,7151.429924970357
571,6631.972074189633,15.865961899975197,323.2201284250748,6955.192202614708,44.889754401712636,7150.462634262158
572,6631.454748464504,15.864724278623214,322.80352331446227,6954.2582717789655,44.88282175760868,7149.498546424563
573,6630.940932834503,15.863495054627997,322.386772873234,6953.327705707737,44.875840260814535,7148.53761084228
574,6630.430577101308,15.862274107897866,321.9698780058351,6952.400455107143,44.86880975264641,7147.579777531155
575,6629.923631821141,15.86106132014627,321.552839487954,6951.476471309094,44.86173007465665,7146.624997133851
576,6629.420048291221,15.85985657485938,321.13565797421586,6950.555706265437,44.85460106879766,7145.673220914707
577,6628.919778537072,15.858659757265722,320.71833400550224,6949.638112542574,44.84742257757461,7144.724400755023
578,6628.422775300713,15.857470754307926,320.30086801590556,6948.723643316618,44.840194444187134,7143.778489148832
579,6627.928992028212,15.856289454612947,319.88326033932685,6947.812252367538,44.83291651266069,7142.835439197613
580,6627.4383828573045,15.85511574846245,319.46551121572526,6946.90389407303,44.825588627967704,7141.895204604689
581,6626.950902606912,15.853949527767732,319.04762079702994,6945.998523403941,44.81821063613869,7140.957739671145
582,6626.466506765247,15.85279068604126,318.6295891527235,6945.09609591797,44.81078238436434,7140.022999289955
583,6625.985151479395,15.851639118371759,318.21141627510946,6944.196567754505,44.80330372108836,7139.090938941239
584,6625.50679354374,15.850494721396508,317.79310208427233,6943.299895628013,44.79577449609161,7138.161514686011
585,6625.031390390714,15.849357393279218,317.3746464327452,6942.406036823459,44.78819456056781,7137.234683161929
586,6624.558900079746,15.848227033683603,316.9560491098918,6941.514949189638,44.780563767191225,7136.31040157692
587,6624.089281288751,15.847103543752993,316.53730984602015,6940.626591134772,44.772881970176535,7135.38862770504
588,6623.622493302481,15.845986826082491,316.11842831623477,6939.740921618716,44.76514902533161,7134.469319878908
589,6623.158496004705,15.84487678470025,315.6994041440418,6938.857900148747,44.75736479010274,7133.552436985694
590,6622.697249869023,15.84377332504551,315.280236904719,6937.9774867737415,44.74952912361413,7132.637938461463
591,6622.238715949308,15.842676353945713,314.8609261284603,6937.099642077768,44.7416418867005,7131.725784284916
592,6621.782855871261,15.841585779596318,314.4414713033084,6936.224327174569,44.73370294193439,7130.815934971984
593,6621.329631823979,15.84050151154062,314.02187187788553,6935.351503701864,44.72571215364816,7129.908351570234
594,6620.879006551827,15.839423460650304,313.6021272639337,6934.481133815761,44.717669387951005,7129.002995653347
595,6620.430943345937,15.838351539105112,313.1822368386752,6933.613180184611,44.70957451274158,7128.099829315037
596,6619.9854060365815,15.837285660374597,312.76219994700364,6932.747605983585,44.70142739771627,7127.1988151636515
597,6619.542358984989,15.836225739198538,312.3420159035167,6931.884374888506,44.693227914373885,7126.299916316032
598,6619.101767077046,15.835171691571881,311.9216839943981,6931.0234510714445,44.684975936016606,7125.403096393116
599,6618.663595713874,15.834123434722187,311.50120347916067,6930.164799193035,44.676671337747564,7124.508319512237
600,6618.227810806346,15.833080887096521,311.08057359225836,6929.308384398604,44.66831399646573,7123.61555028323
601,6617.794378766956,15.832043968342,310.6597935445756,6928.454172311531,44.659903790857726,7122.724753801762
602,6617.363266503708,15.831012599291167,310.2388625248034,6927.602129028511,44.65144060138752,7121.835895644546
603,6616.934441411914,15.829986701942378,309.8177797007083,6926.7522211126225,44.6429243102833,7120.948941862354
604,6616.507871369344,15.82896619944819,309.39654422030367,6925.904415589647,44.63435480152322,7120.063858976273
605,6616.0835247279765,15.827951016095637,308.97515521292917,6925.058679940906,44.625731960818655,7119.180613970467
606,6615.661370309074,15.826941077294435,308.553611790245,6924.214982099319,44.617055675596276,7118.299174288163
607,6615.24137739496,15.82593630955732,308.13191304714786,6923.373290442108,44.60832583497896,7117.4195078242665
608,6614.8235157251975,15.824936640490902,307.7100580626144,6922.533573787812,44.59954232976524,7116.541582922291
609,6614.407755488499,15.823941998776313,307.2880459004772,6921.695801388976,44.5907050524081,7115.665368366951
610,6613.994067317974,15.822952314157833,306.8658756101388,6920.859942928113,44.58181389699268,7114.7908333800315
611,6613.582422284433,15.821967517426874,306.4435462272294,6920.0259685116625,44.572868759213584,7113.917947614242
612,6613.172791891806,15.82098754041102,306.02105677421054,6919.1938486660165,44.56386953635122,7113.046681149144
613,6612.76514807006,15.820012315957081,305.5984062609323,6918.363554330992,44.554816127247946,7112.177004484521
614,6612.35946317076,15.819041777920479,305.17559368514384,6917.535056855904,44.54570843228344,7111.308888536337
615,6611.955709960814,15.818075861150271,304.7526180329651,6916.708327993779,44.53654635335019,7110.442304630852
616,6611.553861618413,15.817114501479457,304.32947827931883,6915.883339897732,44.52732979382836,7109.577224500886
617,6611.153891726308,15.816157635708871,303.90617338833044,6915.060065114638,44.51805865856052,7108.713620279376
618,6610.7557742673525,15.815205201596537,303.4827023136934,6914.238476581046,44.50873285382656,7107.851464495191
619,6610.359483619824,15.814257137846468,303.05906399900783,6913.418547618831,44.49935228731806,7106.990730068665
620,6609.964994551459,15.8133133840944,302.6352573780906,6912.60025192955,44.4899168681133,7106.131390305843
621,6609.572282215735,15.812373880898887,302.211281375262,6911.783563590997,44.48042650665162,7105.273418894932
622,6609.181322146522,15.811438569728521,301.7871349056087,6910.96845705213,44.470881114708426,7104.416789901112
623,6608.7920902532605,15.810507392950385,301.36281687522654,6910.154907128487,44.46128060537007,7103.561477761847
624,6608.404562816966,15.809580293820494,300.93832618144404,6909.34288899841,44.45162489300876,7102.707457282998
625,6608.018716484703,15.808657216470582,300.51366171302783,6908.53237819773,44.44191389325773,7101.854703633401
626,6607.634528266679,15.807738105901146,300.08882235037225,6907.723350617051,44.43214752298651,7101.003192342043
627,6607.25197553076,15.806822907968327,299.66380696567364,6906.915782496434,44.422325700276254,7100.152899292636
628,6606.871035998499,15.8059115693744,299.23861442309067,6906.109650421589,44.41244834439544,7099.303800719709
629,6606.491687741506,15.805004037659106,298.81324357889235,6905.304931320398,44.40251537577521,7098.45587320502
630,6606.113909177055,15.804100261189125,298.38769328159407,6904.501602458648,44.392526715985596,7097.609093673186
631,6605.737679063594,15.803200189147356,297.9619623720821,6903.699641435676,44.382482287711355,7096.76343938722
632,6605.362976497958,15.802303771526216,297.53604968372946,6902.899026181687,44.372382014728174,7095.918887945754
633,6604.989780911399,15.80141095911818,297.1099540425012,6902.0997349539,44.36222582187901,7095.075417279074
634,6604.618072064889,15.800521703504518,296.6836742670525,6901.301746331941,44.35201363505085,7094.2330056444125
635,6604.247830046768,15.799635957049684,296.2572091688182,6900.505039215586,44.34174538115123,7093.391631623595
636,6603.879035268389,15.798753672890882,295.83055755209585,6899.709592820485,44.33142098808539,7092.551274118657
637,6603.511668461528,15.797874804931885,295.4037182141226,6898.915386675651,44.321040384733315,7091.71191234924
638,6603.145710674194,15.796999307833,294.9766899451461,6898.12240061934,44.31060350092705,7090.873525848372
639,6602.781143268071,15.796127137004955,294.5494715284909,6897.330614796562,44.30011026742823,7090.036094459875
640,6602.417947914843,15.795258248600105,294.12206174062044,6896.540009655464,44.289560615905756,7089.199598334654
641,6602.056106593574,15.794392599506159,293.6944593511955,6895.75056594477,44.27895447891374,7088.364017928045
642,6601.695601587469,15.793530147338444,293.26666312312994,6894.962264710599,44.26829178986945,7087.529333996531
643,6601.336415480557,15.792670850431954,292.8386718126441,6894.175087293201,44.257572483031794,7086.695527594389
644,6600.978531156201,15.791814667837802,292.4104841693168,6893.389015325518,44.2467964934798,7085.862580072155
645,6600.621931792856,15.790961559313054,291.9820989361364,6892.604030728992,44.23596375709149,7085.03047307234
646,6600.266600861791,15.790111485315288,291.5535148495525,6891.8201157113435,44.22507421052286,7084.199188527118
647,6599.912522125297,15.789264406998319,291.1247306395277,6891.037252764825,44.21412779118738,7083.3687086564905
648,6599.559679633496,15.788420286204536,290.695745029591,6890.255424663087,44.203124437235694,7082.539015965062
649,6599.208057721358,15.787579085457795,290.2665567368946,6889.474614458253,44.192064087535655,7081.710093239033
650,6598.8576410079495,15.786740767961602,289.8371644722723,6888.6948054802215,44.18094668165269,7080.88192354541
651,6598.508414391858,15.785905297588178,289.4075669403036,6887.915981332162,44.16977215983087,7080.054490227426
652,6598.160363051367,15.78507263887887,288.97776283938174,6887.1381258907495,44.15854046297381,7079.227776904686
653,6597.813472440762,15.784242757035315,288.54775086178853,6886.361223302551,44.14725153262694,7078.401767469478
654,6597.467728288301,15.783415617914596,288.1175296937758,6885.585257982077,44.13590531095936,7077.5764460847495
655,6597.123116594226,15.782591188024465,287.68709801565456,6884.810214609881,44.12450174074675,7076.751797182129
656,6596.7796236299255,15.781769434521353,287.2564545018938,6884.0360781318195,44.113040765355166,7075.927805461114
657,6596.43723593409,15.780950325201172,286.8255978212288,6883.262833755319,44.101522328724684,7075.104455885271
658,6596.095940312442,15.780133828498665,286.39452663678134,6882.4904669492225,44.08994637535467,7074.281733682015
659,6595.755723834278,15.779319913479133,285.9632396061911,6881.718963440469,44.078312850289265,7073.459624339228
660,6595.4165738329375,15.778508549839563,285.5317353817621,6880.948309214699,44.06662169910395,7072.638113605802
661,6595.078477901454,15.777699707898215,285.1000126106221,6880.178490512076,44.05487286789294,7071.81718748741
662,6594.7414238926995,15.776893358594975,284.6680699348992,6879.409493827598,44.04306630325765,7070.996832246769
663,6594.40539991674,15.776089473485024,284.23590599191493,6878.641305908655,44.03120195229622,7070.177034401144
664,6594.07039434022,15.77528802473737,283.80351941439557,6877.873913754616,44.01927976259393,7069.3577807219
665,6593.736395783348,15.774488985127626,283.3709088307035,6877.107304614051,44.00729968221531,7068.539058231688
666,6593.40339311903,15.773692328035956,282.938072865089,6876.341465984118,43.99526165969702,7067.720854203801
667,6593.071375471636,15.772898027444105,282.5050101379644,6875.576385609601,43.98316564404246,7066.9031561611855
668,6592.740332214453,15.772106057929314,282.07171926620174,6874.812051480654,43.97101158471784,7066.085951874177
669,6592.410252969584,15.771316394664076,281.6381988634552,6874.048451833039,43.958799431649396,7065.269229360713
670,6592.081127604684,15.770529013408336,281.20444754050897,6873.285575145193,43.946529135222875,7064.452976883413
671,6591.752946233124,15.769743890509867,280.7704639056538,6872.523410138778,43.93420064628419,7063.637182950114
672,6591.425699210546,15.768961002896042,280.3362465650903,6871.7619457756355,43.92181391614234,7062.821836310854
673,6591.099377135282,15.768180328074838,279.9017941233642,6871.0011712586465,43.90936889657401,7062.0069259587435
674,6590.7739708454865,15.767401844127958,279.4671051838311,6870.241076029318,43.89686553983019,7061.1924411275795
675,6590.4494714182965,15.766625529708843,279.0321783491547,6869.481649767451,43.884303798645206,7060.378371291557
676,6590.125870167605,15.765851364037333,278.59701222183793,6868.722882389443,43.87168362624773,7059.564706163621
677,6589.803158643113,15.7650793268974,278.1616054047891,6867.9647640479025,43.85900497637411,7058.75143569513
678,6589.48132862826,15.7643093986322,277.72595650192454,6867.207285130185,43.84626780328445,7057.938550074472
679,6589.160372138476,15.763541560139895,277.2900641188075,6866.450436257283,43.83347206178066,7057.126039726029
680,6588.840281420376,15.762775792871714,276.8539268633253,6865.694208283701,43.82061770722782,7056.3138953101425
681,6588.521048948761,15.762012078824787,276.41754334640603,6864.938592295167,43.80770469557775,7055.50210772093
682,6588.202667425607,15.76125040053973,275.98091218277455,6864.1835796083815,43.79473298339576,7054.690668086153
683,6587.885129778304,15.76049074109642,275.54403199175067,6863.429161770055,43.781702527890076,7053.879567766377
684,6587.568429157574,15.75973308410903,275.1069013980873,6862.675330555661,43.76861328694456,7053.06879835387
685,6587.252558935413,15.758977413721084,274.66951903285246,6861.9220779682655,43.75546521915449,7052.258351671588
686,6586.937512703247,15.758223714601069,274.231883534354,6861.169396237601,43.74225828386526,7051.448219772415
687,6586.6232842701575,15.757471971938175,273.79399354910754,6860.417277819265,43.72899244121504,7050.638394938551
688,6586.309867660415,15.7567221714364,273.35584773284944,6859.665715393265,43.71566765218029,7049.828869680249
689,6585.997257111476,15.75597429930975,272.9174447515934,6858.914701863069,43.70228387862498,7049.019636735088
690,6585.685447071223,15.755228342275654,272.47878328273237,6858.164230353956,43.688841083353175,7048.210689066542
691,6585.374432197069,15.754484287552797,272.0398620161852,6857.414294213254,43.67533923016573,7047.402019864475
692,6585.064207351771,15.753742122851127,271.6006796555883,6856.6648870073595,43.66177828392013,7046.593622542412
693,6584.75476760184,15.753001836368039,271.1612349195325,6855.916002521373,43.64815821059457,7045.785490737459
694,6584.446108215061,15.752263416782442,270.7215265428437,6855.167634757905,43.63447897735553,7044.977618309402
695,6584.138224657526,15.75152685324767,270.28155327790927,6854.419777935435,43.620740552629336,7044.169999339373
696,6583.83111259128,15.750792135385836,269.8413138960469,6853.672426487326,43.60694290617796,7043.362628129201
697,6583.524767871053,15.750059253280032,269.40080718891824,6852.925575059971,43.593086009178066,7042.555499199896
698,6583.219186541103,15.749328197466754,268.96003196998356,6852.179218511087,43.57916983430496,7041.748607290314
699,6582.914364833028,15.748598958930689,268.5189870759996,6851.433351909028,43.5651943558198,7040.941947356844
700,6582.61029916224,15.747871529096269,268.0776713685567,6850.6879705307965,43.55115954966128,7040.1355145718235
701,6582.3069861244785,15.747145899819326,267.6360837356567,6849.943069860135,43.537065393541205,7039.32930432204
702,6582.004422492635,15.74642206337951,267.1942230933282,6849.198645585963,43.522911867044044,7038.523312207605
703,6581.702605213437,15.745700012472337,266.7520883872789,6848.4546936007155,43.50869895173069,7037.717534040744
704,6581.401531404318,15.744979740201718,266.3096785945828,6847.711209998901,43.49442663124606,7036.911965844821
705,6581.101198348656,15.744261240068555,265.86699272540136,6846.968191074057,43.480094891430696,7036.106603851781
706,6580.801603493575,15.743544505965492,265.4240298247353,6846.22563331831,43.46570372043652,7035.301444502209
707,6580.502744444899,15.74282953216483,264.98078897420675,6845.483533419106,43.45125310884603,7034.496484442586
708,6580.204618964072,15.742116313311177,264.53726929386784,6844.74188825794,43.43674304979571,7033.691720524552
709,6579.907224963392,15.74140484441003,264.09346994403484,6844.000694907427,43.422173539103035,7032.887149802525
710,6579.610560502846,15.740695120820206,263.64939012714467,6843.25995062999,43.40754457539711,7032.082769532968
711,6579.314623785174,15.739987138242043,263.20502908963147,6842.519652874806,43.392856160252975,7031.278577171906
712,6579.019413152192,15.739280892708594,262.7603861238199,6841.7797992760115,43.378108298329224,7030.4745703737435
713,6578.724927079704,15.738576380573454,262.315460569834,6841.0403876495375,43.36330099750931,7029.670746988703
714,6578.431164173881,15.737873598502109,261.87025181751596,6840.301415991397,43.348434269045526,7028.867105061745
715,6578.1381231664145,15.737172543460321,261.42475930835565,6839.56288247477,43.333508127706665,7028.063642830294
716,6577.845802909984,15.736473212703311,260.9789825374236,6838.8247854474075,43.31852259192821,7027.260358722295
717,6577.5542023733915,15.735775603764095,260.53292105530795,6838.0871234287,43.30347768396561,7026.45725135395
718,6577.263320637347,15.735079714443414,260.08657447004873,6837.349895107395,43.28837343004996,7025.654319528113
719,6576.973156888797,15.734385542796167,259.63994244907013,6836.613099337867,43.27320986054625,7024.851562231243
720,6576.683710417119,15.733693087122294,259.1930247211029,6835.876735138222,43.257987010114036,7024.048978632218
721,6576.3949806085875,15.733002345953558,258.74582107809795,6835.140801686685,43.242704917869716,7023.2465680794185
722,6576.106966941641,15.732313318042204,258.29833137712376,6834.405298318765,43.22736362755146,7022.444330098614
723,6575.819668982178,15.731626002349708,257.85055554224766,6833.670224524426,43.21196318768497,7021.642264390855
724,6575.533086377209,15.7309403980316,257.40249356639515,6832.935579943603,43.1965036517514,7020.840370828722
725,6575.247218852064,15.730256504430775,256.95414551318424,6832.201364365248,43.1809850783562,7020.038649456097
726,6574.962066202976,15.72957432105975,256.50551151873333,6831.467577721709,43.165407531398934,7019.237100483294
727,6574.677628293252,15.728893847591513,256.05659179343616,6830.734220086689,43.14977108024411,7018.43572428575
728,6574.393905048146,15.728215083847239,255.60738662370397,6830.00129167185,43.134075799892514,7017.634521401382
729,6574.110896449016,15.727538029782334,255.15789637366822,6829.268792822684,43.11832177115261,7016.833492527198
730,6573.828602528422,15.726862685474694,254.7081214868444,6828.536724015266,43.10250908081243,7016.0326385168
731,6573.547023365417,15.726189051113437,254.25806248775032,6827.805085853167,43.08663782181114,7015.231960378045
732,6573.266159079218,15.725517126983775,253.80771998347888,6827.0738790626965,43.07070809341003,7014.43145926903
733,6572.986009825492,15.724846913458116,253.3570946652207,6826.343104490713,43.05472000136307,7013.631136496642
734,6572.706575789609,15.724178410979926,252.906187309735,6825.612763099344,43.038673658086644,7012.830993512021
735,6572.4278571828945,15.723511620054772,252.45499878076544,6824.88285596366,43.02256918282775,7012.031031908961
736,6572.149854236025,15.72284654123451,252.00353003039942,6824.153384266425,43.006406701831416,7011.231253419392
737,6571.872567195625,15.722183175109151,251.55178210036786,6823.424349295993,42.99018634850598,7010.431659911994
738,6571.595996316671,15.721521522288686,251.09975612328418,6822.695752439955,42.973908263586935,7009.632253386558
739,6571.320141859928,15.720861583396958,250.64745332381983,6821.967595183748,42.957572595298274,7008.833035973295
740,6571.0450040854175,15.720203359056022,250.19487501981592,6821.239879105234,42.941179499511996,7008.034009928111
741,6570.7705832471265,15.719546849873508,249.74202262332867,6820.512605870455,42.92472913990484,7007.235177629042
742,6570.496879588663,15.718892056432209,249.28889764160743,6819.7857772302705,42.908221688112235,7006.436541573558
743,6570.223893338603,15.718238979278956,248.83550167800536,6819.0593950166085,42.89165732387962,7005.6381043754845
744,6569.95162470401,15.717587618909116,248.38183643282082,6818.333461136831,42.87503623521037,7004.839868759996
745,6569.680073866473,15.716937975757114,247.92790370406948,6817.607977570543,42.858358618510564,7004.041837561064
746,6569.409240977759,15.716290050186025,247.4737053881877,6816.882946365947,42.8416246787303,7003.244013718424
747,6569.139126153146,15.715643842471641,247.01924348066547,6816.158369633812,42.82483462950127,7002.4464002721425
748,6568.869729468294,15.714999352794962,246.5645200766106,6815.434249544905,42.807988693270715,7001.649000360632
749,6568.601050953086,15.714356581227479,246.10953737124444,6814.71058832433,42.79108710143121,7000.851817215556
750,6568.333090587865,15.713715527722165,245.65429766032855,6813.987388248193,42.774130094446804,7000.054854159037
751,6568.065848297751,15.713076192099882,245.19880334052584,6813.2646516382765,42.75711792197456,6999.258114598866
752,6567.799323948767,15.712438574040112,244.74305690969413,6812.542380858461,42.74005084298207,6998.461602025433
753,6567.533517341811,15.711802673066533,244.28706096711667,6811.820578308927,42.72292912586075,6997.665320006421
754,6567.268428208881,15.711168488537993,243.83081821366937,6811.099246422551,42.70575304853442,6996.869272183676
755,6567.004056208512,15.710536019637589,243.37433145192702,6810.378387660439,42.688522898563704,6996.073462269192
756,6566.740400919854,15.709905265358504,242.91760358621107,6809.6580045060655,42.671238973245764,6995.277894039685
757,6566.477461839186,15.70927622449566,242.4606376225812,6808.938099461767,42.65390157970954,6994.482571333503
758,6566.215238374502,15.70864889563278,242.00343666877268,6808.218675043275,42.63651103500653,6993.687498045553
759,6565.9537298410905,15.708023277131796,241.54600393408302,6807.499733775174,42.61906766619685,6992.89267812313
760,6565.692935456045,15.707399367119725,241.08834272921035,6806.781278185255,42.601571810431054,6992.0981155606305
761,6565.432854334381,15.70677716347938,240.6304564660469,6806.063310800428,42.58402381502718,6991.303814395796
762,6565.173485483811,15.70615666383687,240.17234865743063,6805.345834141242,42.56642403754358,6990.509778704557
763,6564.9148277996555,15.705537865549415,239.71402291685894,6804.6288507165145,42.548772845847296,6989.71601259595
764,6564.656880060232,15.704920765694334,239.25548295816768,6803.912363018399,42.53107061817824,6988.922520207475
765,6564.39964092175,15.704305361056818,238.7967325951786,6803.196373516928,42.513317743209065,6988.1293056998875
766,6564.14310891287,15.703691648116914,238.3377757413212,6802.480884654191,42.495514620101034,6987.33637325163
767,6563.887282430724,15.70307962304001,237.87861640922998,6801.7658988399535,42.47766165855591,6986.543727054672
768,6563.6321597343895,15.70246928166122,237.41925871032385,6801.051418444713,42.45975927886433,6985.751371307772
769,6563.37773893973,15.701860619473038,236.9597068543702,6800.3374457941,42.441807911949795,6984.959310211081
770,6563.12401801531,15.701253631615574,236.49996514903847,6799.623983164349,42.42380799940997,6984.1675479617825
771,6562.870994774599,15.700648312857894,236.04003799944746,6798.911032774046,42.405759993554284,6983.376088746008
772,6562.6186668725595,15.700044657589855,235.57992990771078,6798.19859678027,42.38766435743822,6982.584936735127
773,6562.367031798203,15.699442659804314,235.11964547248454,6797.486677270688,42.369521564895166,6981.794096077982
774,6562.1160868694005,15.69884231308469,234.6591893885218,6796.775276257922,42.35133210056496,6981.00357089538
775,6561.865829226529,15.698243610589783,234.19856644623877,6796.064395672768,42.33309645992035,6980.213365273422
776,6561.61625582572,15.697646545037609,233.7377815312952,6795.354037357015,42.314815149291086,6979.423483256431
777,6561.36736343305,15.697051108691507,233.2768396241965,6794.644203057246,42.29648868588582,6978.63392884085
778,6561.1191486171565,15.69645729334248,232.815745799918,6793.934894417074,42.27811759781222,6977.844705967557
779,6560.871607742732,15.695865090293616,232.35450522755983,6793.226112970291,42.259702424095806,6977.055818515108
780,6560.6247369628,15.695274490341626,231.89312317003242,6792.5178601328325,42.24124371469712,6976.267270291765
781,6560.37853221145,15.69468548375945,231.43160498377995,6791.81013719523,42.222742030527954,6975.4790650280265
782,6560.132989196438,15.69409806027856,230.9699561185443,6791.102945314982,42.204197943467214,6974.691206369064
783,6559.888103390498,15.693512209068178,230.50818211717313,6790.396285507672,42.18561203637546,6973.903697865905
784,6559.64387002359,15.692927918716723,230.04628861547752,6789.690158639068,42.16698490311009,6973.116542967597
785,6559.400284073707,15.692345177209825,229.58428134213983,6788.984565415846,42.14831714853989,6972.329745011994
786,6559.157340258224,15.691763971909628,229.1221661186792,6788.279506376904,42.129609388560255,6971.543307217141
787,6558.915033024817,15.691184289533055,228.65994885947444,6787.574981884291,42.11086225010891,6970.757232672265
788,6558.673356541148,15.690606116127148,228.19763557184922,6786.870992112997,42.09207637118244,6969.9715243276405
789,6558.432304685162,15.690029437045842,227.73523235622235,6786.167537041385,42.07325240085399,6969.1861849851
790,6558.191871034131,15.689454236923757,227.27274540632575,6785.464616440457,42.054390999292195,6968.401217287378
791,6557.952048854575,15.688880499652093,226.81018100949203,6784.762229864067,42.035492837782144,6967.61662370842
792,6557.712831090124,15.68830820834958,226.34754554701485,6784.06037663714,42.01655859874765,6966.832406541692
793,6557.474210350007,15.687737345334945,225.88484549458292,6783.359055844589,41.99758897577627,6966.048567889216
794,6557.236178897252,15.687167892098689,225.4220874227904,6782.6582663200425,41.97858467364623,6965.265109650403
795,6556.998728634748,15.686599829269731,224.95927799772363,6781.958006632472,41.959546408356125,6964.482033508821
796,6556.761851093375,15.686033136587023,224.4964239816264,6781.258275075002,41.94047490715748,6963.699340921136
797,6556.52553741682,15.685467792863205,224.03353223364306,6780.559069650463,41.92137090859012,6962.91703310283
798,6556.289778348636,15.684903775953675,223.57060971064058,6779.860388059276,41.902235162521066,6962.135111016243
799,6556.054564216323,15.684341062718477,223.10766346810826,6779.162227684432,41.88306843018621,6961.353575355742
800,6555.819884915868,15.68377962898533,222.6447006611343,6778.464585577002,41.86387148423609,6960.572426533429
801,6555.585729896439,15.683219449513013,222.18172854545827,6777.767458441897,41.84464510878461,6959.79166466511
802,6555.352088142921,15.682660497949572,221.71875447859617,6777.070842621518,41.825390099462,6959.011289554178
803,6555.118948159139,15.682102746792198,221.25578592103577,6776.374734080175,41.80610726347104,6958.231300676273
804,6554.886297949213,15.681546167342615,220.7928304374986,6775.679128386711,41.78679741964717,6957.451697162177
805,6554.654124999689,15.680990729664328,220.32989569826321,6774.9840206979525,41.76746139852235,6956.672477781524
806,6554.422416260018,15.680436402535927,219.86698948054453,6774.289405740562,41.74810004239255,6955.893640924969
807,6554.191158121958,15.679883153401814,219.40411966992235,6773.595277791881,41.728714205388556,6955.115184585321
808,6553.960336399863,15.679330948325031,218.9412942618108,6772.901630661674,41.7093047535502,6954.337106339617
809,6553.729936308744,15.678779751934794,218.4785213629594,6772.208457671703,41.68987256490382,6953.559403329035
810,6553.499942442221,15.678229527373736,218.0158091929745,6771.515751635196,41.67041852954233,6952.782072238705
811,6553.270338749951,15.677680236243903,217.5531660858485,6770.8235048358,41.65094354970758,6952.005109277028
812,6553.041108513953,15.677131838550126,217.09060049148172,6770.1317090054345,41.63144853987474,6951.228510153889
813,6552.81223432453,15.676584292642417,216.6281209771807,6769.440355301711,41.61193442683809,6950.452270058457
814,6552.5836980556305,15.676037555157011,216.16573622911227,6768.749434284743,41.592402149797266,6949.676383636362
815,6552.355480839138,15.675491580954876,215.70345505369215,6768.05893589283,41.57285266044336,6948.900844965759
816,6552.127563038501,15.674946323058615,215.24128637888296,6767.368849417384,41.55328692304394,6948.125647532625
817,6551.899924223002,15.674401732590914,214.77923925537186,6766.679163478374,41.5337059145257,6947.350784206561
818,6551.672543139396,15.673857758706689,214.31732285759637,6765.989865996992,41.51411062455391,6946.576247213801
819,6551.445397685123,15.673314348529003,213.8555464845807,6765.300944169703,41.49450205560658,6945.802028111591
820,6551.218464879852,15.672771447080986,213.3939195605423,6764.612384440395,41.47488122304207,6945.0281177606275
821,6550.991720837046,15.672228997217815,212.93245163521985,6763.924172472266,41.455249155158306,6944.254506297205
822,6550.765140735981,15.671686939559763,212.47115238387198,6763.236293119853,41.4356068932411,6943.481183105452
823,6550.538698792634,15.67114521242257,212.0100316068868,6762.5487303995205,41.41595549159948,6942.708136787978
824,6550.312368231608,15.670603751750258,211.54909922893518,6761.861467460543,41.396296017584945,6941.935355137038
825,6550.086121257656,15.670062491047023,211.08836529759577,6761.174486555251,41.376629551591876,6941.162825104676
826,6549.859929028557,15.669521361312338,210.62783998136695,6760.487769009925,41.35695718703544,6940.390532773529
827,6549.6337616282635,15.668980290976707,210.16753356697524,6759.801295195239,41.33728003030289,6939.618463327056
828,6549.407588040827,15.6684392058393,209.7074564558774,6759.115044496704,41.31759920067431,6938.846601019637
829,6549.181376127057,15.667898029012099,209.2476191598428,6758.428995286899,41.29791583020768,6938.0749291483025
830,6548.955092600763,15.66735668086307,208.78803229549223,6757.743124896256,41.27823106358292,6937.303430022841
831,6548.728703010476,15.666815078972432,208.3287065776533,6757.057409588129,41.2585460578989,6936.5320849399895
832,6548.502171720333,15.66627313808692,207.86965281138345,6756.371824531716,41.238861982416786,6935.7608741552285
833,6548.275461897988,15.66573077009088,207.41088188249307,6755.686343780481,41.21918001824277,6934.989776859838
834,6548.048535503113,15.66518788397874,206.9524047463898,6755.000940249503,41.19950135794137,6934.218771156548
835,6547.821353283189,15.66464438584495,206.494232415047,6754.315585698236,41.17982720507166,6933.4478340402975
836,6547.593874775002,15.664100178887566,206.03637594188524,6753.6302507168875,41.160158773635764,6932.676941382203
837,6547.36605830981,15.663555163420599,205.57884640433966,6752.94490471415,41.14049728742971,6931.906067914469
838,6547.13786102951,15.663009236912702,205.12165488386978,6752.25951591338,41.12084397928578,6931.135187223273
839,6546.909238909289,15.662462294041362,204.6648124431546,6751.574051352444,41.1012000901933,6930.364271744785
840,6546.68014679084,15.661914226772344,204.20833010020118,6750.888476891041,41.08156686828547,6929.593292768083
841,6546.45053842707,15.661364924466675,203.75221879908426,6750.202757226154,41.06194556767823,6928.822220445554
842,6546.220366537861,15.660814274014022,203.29648937702459,6749.516855914886,41.04233744714633,6928.051023809972
843,6545.989582882839,15.660262160006793,202.84115252750794,6748.830735410347,41.02274376862119,6927.2796708038495
844,6545.758138345886,15.659708464942312,202.38621875914725,6748.144357105034,41.00316579549407,6926.508128315433
845,6545.525983040563,15.659153069475032,201.931698349992,6747.457681390555,40.9836047907086,6925.736362230137
846,6545.293066432072,15.658595852708306,201.47760129700407,6746.770667729076,40.96406201462449,6924.964337492693
847,6545.059337481399,15.658036692539232,201.02393726043698,6746.083274741836,40.944538722636025,6924.192018185303
848,6544.824744810819,15.65747546605459,200.57071550288634,6745.395460313705,40.92503616252795,6923.419367620702
849,6544.589236893764,15.656912049985081,200.1179448228222,6744.707181716586,40.90555557155206,6922.646348452838
850,6544.35276227004,15.656346321220193,199.66563348246822,6744.018395752509,40.88609817320877,6921.8729228059665
851,6544.115269788755,15.655778157389365,199.21378912996283,6743.329058918717,40.866665173719475,6921.099052424397
852,6543.876708876558,15.655207437503728,198.7624187158263,6742.639127592384,40.84725775817717,6920.324698840455
853,6543.637029838431,15.654634042675672,198.31152840386125,6741.948558242292,40.82787708636571,6919.549823567983
854,6543.396184182164,15.654057856895129,197.86112347673753,6741.2573076589015,40.80852428824096,6918.77438831275
855,6543.154124976842,15.653478767887181,197.41120823665867,6740.5653332135,40.78920045907221,6917.998355210464
856,6542.910807234621,15.652896668025408,196.96178590166573,6739.872593136286,40.76990665424596,6917.221687082256
857,6542.666188320589,15.652311455312413,196.51285849832016,6739.179046818909,40.75064388374106,6916.444347713183
858,6542.420228385288,15.651723034414566,196.0644267516995,6738.484655136987,40.7314131062909,6915.666302149353
859,6542.1728908184605,15.651131317747513,195.61648997385652,6737.789380792317,40.7122152232559,6914.887517013481
860,6541.924142717422,15.650536226596703,195.16904595210497,6737.093188669527,40.6930510722387,6914.107960833765
861,6541.673955365313,15.649937692261515,194.7220908387244,6736.396046204038,40.6739214204836,6913.327604383141
862,6541.422304714646,15.649335657212072,194.27561904388966,6735.697923758536,40.65482695811251,6912.546421026325
863,6541.169171865026,15.64873007623212,193.82962313383945,6734.998794998865,40.63576829126026,6911.764387065848
864,6540.914543530309,15.648120917536625,193.38409373648005,6734.298637266789,40.61674593518329,6910.981482084837
865,6540.658412482603,15.64750816383398,192.93901945677214,6733.597431939375,40.59776030742644,6910.197689276681
866,6540.400777965721,15.646891813315122,192.4943868043542,6732.895164770075,40.57881172114416,6909.412995757052
867,6540.141646066197,15.646271880541141,192.05018013590959,6732.191826202106,40.55990037868113,6908.627392849369
868,6539.881030030863,15.645648397203022,191.6063816147708,6731.487411645634,40.54102636552683,6907.840876335676
869,6539.618950524777,15.6450214127387,191.16297119016957,6730.781921714946,40.52218964476515,6907.0534466696745
870,6539.355435811485,15.644390994764318,190.7199265983764,6730.075362409862,40.50339005214465,6906.265109136691
871,6539.090521858255,15.643757229325969,190.27722338772506,6729.36774524598,40.48462729189778,6905.475873965735
872,6538.824252349338,15.643120220931431,189.83483496918586,6728.659087318524,40.46590093343551,6904.685756378969
873,6538.556678606608,15.642480092360307,189.39273269374291,6727.949411300351,40.447210409040196,6903.894776579676
874,6538.28785941316,15.641836984242008,188.95088595734865,6727.238745370509,40.4285550126713,6903.102959675629
875,6538.017860738594,15.64119105439855,188.5092623336917,6726.527123072286,40.40993389998709,6902.31033553723
876,6537.746755367969,15.640542476956863,188.06782773442984,6725.8145831023985,40.39134608966993,6901.516938592463
877,6537.474622437057,15.63989144123698,187.62654659593858,6725.101169032996,40.37279046612463,6900.722807560638
878,6537.201546880683,15.639238150432256,187.1853820910153,6724.386928971699,40.354265783597604,6899.927985130348
879,6536.927618803936,15.638582820105109,186.74429636339516,6723.671915167331,40.335770671740505,6899.132517589402
880,6536.652932785015,15.637925676519174,186.30325078238434,6722.956183567399,40.31730364261592,6898.336454412779
881,6536.377587122321,15.637266954838088,185.8622062144397,6722.23979333676,40.29886309911656,6897.539847817917
882,6536.101683041522,15.636606897228521,185.4211233081132,6721.522806349635,40.28044734474114,6896.742752299259
883,6535.825323872353,15.635945750890796,184.97996278847467,6720.805286660828,40.26205459464471,6895.945224147532
884,6535.548614216311,15.63528376606773,184.53868575691826,6720.087299973229,40.24368298785534,6895.1473209704
885,6535.271659110415,15.634621194044056,184.09725399215975,6719.368913102575,40.225330600526036,6894.349101214863
886,6534.99456321219,15.633958285196627,183.6556302482448,6718.650193460435,40.20699546007109,6893.550623711744
887,6534.717430006893,15.63329528709783,183.2137785455003,6717.931208552393,40.188675560019135,6892.7519472384765
888,6534.440361058276,15.632632442723148,182.77166445057526,6717.212025508851,40.17036887540154,6891.953130116848
889,6534.163455306883,15.631969988772449,182.32925534200848,6716.492710648892,40.15207337848679,6891.15422984531
890,6533.886808424277,15.631308154125064,181.88652065812673,6715.7733290824035,40.13378705466568,6890.355302770199
891,6533.610512234361,15.630647158455409,181.44343212449257,6715.053944358853,40.11550791829217,6889.5564038034245
892,6533.334654199287,15.629987211003078,180.99996395857676,6714.334618157864,40.097234028287176,6888.757586180913
893,6533.0593169790245,15.629328509519198,180.55609304980337,6713.615410028828,40.07896350332046,6887.958901268272
894,6532.784578062525,15.628671239384031,180.11179911359812,6712.896377176123,40.060694536395346,6887.160398409443
895,6532.510509470386,15.62801557289566,179.6670648185414,6712.177574288928,40.0424254086746,6886.362124816662
896,6532.237177529205,15.627361668730156,179.22187588617987,6711.459053415385,40.024154502401714,6885.564125500832
897,6531.964642714451,15.626709671565672,178.77622116347314,6710.740863877924,40.00588031278971,6884.766443238559
898,6531.692959556151,15.626059711856822,178.3300926682367,6710.023052224388,39.987601458768744,6883.969118570032
899,6531.42217660914,15.625411905763492,177.88348560828615,6709.305662217425,39.96931669250471,6883.172189829821
900,6531.15233647517,15.624766355203757,177.43639837528457,6708.588734850455,39.95102490762119,6882.375693198607
901,6530.883475882016,15.6241231480431,176.98883251454674,6707.872308396562,39.93272514607889,6881.5796627820055
902,6530.615625804921,15.62348235838498,176.5407926722586,6707.15641847718,39.91441660368613,6880.784130703214
903,6530.348811632328,15.622844046967291,176.09228652173243,6706.4410981540605,39.89609863423492,6879.989127212983
904,6530.083053368716,15.622208261647646,175.64332467043556,6705.726378039151,39.87777075227389,6879.194680811543
905,6529.818365868048,15.621575037961838,175.19392054961398,6705.012286417662,39.85943263454753,6878.400818377943
906,6529.554759097538,15.620944399754876,174.74409028837928,6704.2988493859175,39.841084120145624,6877.607565308551
907,6529.29223842268,15.620316359862871,174.29385257414393,6703.586090996824,39.82272520942017,6876.814945657802
908,6529.030804912809,15.61969092084404,173.84322850128356,6702.874033414092,39.80435606173815,6876.022982282653
909,6528.770455663403,15.619068075749768,173.3922414098771,6702.16269707328,39.785976992147845,6875.231696989123
910,6528.511184127623,15.61844780891776,172.94091671632796,6701.452100843951,39.76758846704317,6874.441110675589
911,6528.252980459996,15.617830096794249,172.48928173761257,6700.742262197608,39.74919109891664,6873.651243477896
912,6527.995831864157,15.617214908765925,172.03736551083375,6700.033197374991,39.73078564029382,6872.862114910269
913,6527.73972294451,15.616602208001218,171.58519860968028,6699.32492155419,39.71237297694543,6872.073744003903
914,6527.484636057323,15.615991952290246,171.13281295931574,6698.617449016639,39.69395412047241,6871.286149440693
915,6527.230551660888,15.615384094882506,170.68024165113792,6697.910793312026,39.67553020035955,6870.49934968359
916,6526.977448659801,15.614778585310528,170.22751875876827,6697.204967418569,39.65710245559112,6869.713363100391
917,6526.725304743539,15.614175370199854,169.77467915655183,6696.49998390009,39.63867222591897,6868.928208082838
918,6526.474096715056,15.613574394055156,169.32175834176996,6695.7958550568255,39.620240942871305,6868.143903158316
919,6526.223800808457,15.612975600020231,168.86879226169236,6695.09259307015,39.60181012058595,6867.360467094699
920,6525.974392991058,15.612378930600618,168.4158171465269,6694.390210137585,39.58338134654813,6866.57791899507
921,6525.725849252774,15.61178432835592,167.9628693492549,6693.688718602029,39.56495627230902,6865.796278386573
922,6525.478145873323,15.61119173653905,167.50998519327823,6692.988131066601,39.54653660425758,6865.015565295122
923,6525.231259671261,15.610601099692012,167.05720082874353,6692.2884605000045,39.528124094513345,6864.235800311138
924,6524.98516822801,15.610012364181841,166.60455209835044,6691.58972032636,39.50972053200538,6863.457004640583
925,6524.739850086468,15.609425478675762,166.15207441339584,6690.891924499864,39.49132773379861,6862.679200141888
926,6524.495284921653,15.60884039454941,165.69980264075267,6690.195087562406,39.4729475367253,6861.902409347161
927,6524.251453680166,15.608257066220494,165.24777100142518,6689.499224681592,39.454581789377556,6861.126655465384
928,6524.008338684182,15.607675451397563,164.79601298127335,6688.804351665455,39.43623234451364,6860.35196236409
929,6523.765923702869,15.607095511250883,164.34456125443808,6688.110484957308,39.41790105192842,6859.578354533196
930,6523.524193980971,15.606517210480792,163.89344761994585,6687.417641600917,39.39958975183718,6858.805857021409
931,6523.283136229008,15.605940517294277,163.4427029519074,6686.7258391809155,39.38130026881875,6858.034495350277
932,6523.042738568136,15.605365403273053,162.99235716366155,6686.035095731798,39.363034406363674,6857.26429539948
933,6522.802990431362,15.604791843137228,162.54243918614523,6685.345429617507,39.34479394206996,6856.495283265511
934,6522.563882414465,15.604219814388673,162.09297696069558,6684.656859375161,39.326580623527605,6855.727485087506
935,6522.325406081734,15.603649296846255,161.64399744640858,6683.969403528143,39.30839616493117,6854.960926845593
936,6522.087553716327,15.603080272048631,161.1955266420911,6683.283080358418,39.290242244456536,6854.195634121805
937,6521.85031802521,15.602512722548349,160.74758962274933,6682.59790764796,39.27212050243618,6853.431631833557
938,6521.613691788508,15.601946631072986,160.30021059045413,6681.913902378962,39.25403254036277,6852.668943929541
939,6521.377667459401,15.601381979567945,159.85341293931538,6681.231080398717,39.235979920748264,6851.907593053971
940,6521.1422367136265,15.600818748118725,159.40721933418146,6680.549456047808,39.21796416786004,6851.147600177999
941,6520.907389949569,15.600256913754949,158.96165180255582,6679.869041752125,39.19998676935138,6850.388984198803
942,6520.673115740336,15.599696449139559,158.51673183909008,6679.189847579426,39.18204917879625,6849.631761507189
943,6520.439400242006,15.599137321153124,158.07248052187396,6678.51188076388,39.164152819132525,6848.8759455271065
944,6520.206226559836,15.598579489377599,157.62891863959328,6677.8351451994295,39.14629908700841,6848.121546227916
945,6519.973574077141,15.598022904490769,157.18606682846837,6677.159640905609,39.12848935801838,6847.368569612989
946,6519.74141775075,15.597467506580742,156.74394571771668,6676.485363468467,39.11072499280428,6846.617017187165
947,6519.509727378805,15.59691322339427,156.30257608210405,6675.812303460909,39.09300734398536,6845.866885407245
948,6519.278466846385,15.59635996853202,155.86197899995477,6675.140445846339,39.07533776386789,6845.118165119165
949,6519.047593358117,15.59580763961272,155.4221760147828,6674.4697693729,39.05771761287072,6844.370840988888
950,6518.817056661441,15.59525611641493,154.98318929848426,6673.800245959925,39.04014826858685,6843.624890928278
951,6518.5867982743885,15.594705259029638,154.54504181378522,6673.131840088174,39.02263113538416,6842.880285527095
952,6518.3567507237285,15.594154906037629,154.10775747337897,6672.4645081971075,39.00516765442816,6842.13698749387
953,6518.126836807136,15.593604872744345,153.67136129290006,6671.798198100036,38.98775931399048,6841.394951115894
954,6517.896968891955,15.593054949502285,153.2358795345735,6671.132848426529,38.97040765988325,6840.65412174702
955,6517.667048264633,15.592504900154625,152.80133983804362,6670.468388102677,38.95311430583629,6839.914435333065
956,6517.436964548595,15.591954460642572,152.36777133453157,6669.804735883126,38.93588094360804,6839.175817987822
957,6517.206595210505,15.591403337824174,151.9352047400888,6669.141799950594,38.91870935259486,6838.438185634382
958,6516.975805177297,15.590851208558126,151.50367242332035,6668.479477600617,38.9016014086735,6837.701443728347
959,6516.744446589751,15.590297719114236,151.07320844254676,6667.817655032298,38.884559091984016,6836.965487082428
960,6516.512358726337,15.589742484991238,150.6438485469763,6667.156207273313,38.867584493328216,6836.230199819291
961,6516.279368128748,15.5891850912171,150.21563013608767,6666.494998264835,38.850679818829285,6835.495455476743
962,6516.045288973854,15.588625093238885,149.78859217110613,6665.83388114496,38.83384739246851,6834.761117302199
963,6515.809923734039,15.588062018502486,149.36277503223835,6665.172698766278,38.817089656087084,6834.027038770257
964,6515.573064179882,15.587495368851393,148.93822031525684,6664.511284495139,38.800409166416834,6833.293064369052
965,6515.334492775015,15.586924623863672,148.51497056117086,6663.849463336186,38.78380858868657,6832.5590306969725
966,6515.093984525791,15.586349245277011,148.09306891316422,6663.187053438955,38.767290686341624,6831.824767924541
967,6514.851309335032,15.585768682619694,147.67255869581462,6662.523868030847,38.75085830641971,6831.090101663773
968,6514.6062349145195,15.585182380178276,147.25348291295094,6661.85971782747,38.734514360149234,6830.354855294119
969,6514.3585302967285,15.584589785398872,146.83588366244527,6661.194413959174,38.71826179838413,6829.618852782145
970,6514.10796996446,15.58399035876665,146.41980146888554,6660.527771433345,38.70210358156749,6828.881922013164
971,6513.854338601091,15.583383585170074,146.0052745384863,6659.859613139577,38.68604264403345,6828.143898641122
972,6513.5974364171325,15.582768986643858,145.5923379447854,6659.189774361917,38.670081852616406,6827.404630420799
973,6513.337084974646,15.582146136302981,145.18102275856702,6658.518107733214,38.65422395974685,6826.663981958112
974,6513.073133374721,15.581514673145264,144.77135514086697,6657.844488515588,38.638471551472534,6825.921839764494
975,6512.805464616349,15.580874317263993,144.36335542354777,6657.168820039897,38.622826991153666,6825.178117451415
976,6512.534001883742,15.580224884889336,143.9570372073294,6656.491039091072,38.60729235992572,6824.432760856748
977,6512.2587144680965,15.579566302555255,143.55240651177112,6655.811120979868,38.591869395393545,6823.68575284983
978,6511.979622996064,15.57889861960781,143.1494610148884,6655.129084010952,38.576559430383085,6822.937117533119
979,6511.696803628622,15.57822201825029,142.7481894212281,6654.4449930498495,38.56136333390204,6822.186923552324
980,6511.410390909442,15.577536820357517,142.34857099579523,6653.758961905237,38.5462814567053,6821.435286241905
981,6511.120578992948,15.57684349041375,141.95057529691084,6653.071154289859,38.5313135839829,6820.682368380185
982,6510.827621060673,15.576142634116442,141.55416213387667,6652.38178319455,38.516458897649194,6819.928379399324
983,6510.531826842037,15.575434992445064,141.15928176557378,6651.691108607611,38.50171595048256,6819.17357299221
984,6510.233558274093,15.574721431277736,140.7658753445301,6650.999433618624,38.48708265393782,6818.4182431632535
985,6509.933223459537,15.574002926936691,140.37387559853033,6650.307099058067,38.472556280842326,6817.662718879731
986,6509.631269190303,15.57328054830216,139.98320772963967,6649.614476919943,38.45813348343228,6816.9073575728735
987,6509.328172392449,15.572555436345572,139.59379049968322,6648.921962892133,38.44381032635637,6816.152537811783
988,6509.024430902566,15.571828782063553,139.2055374627013,6648.229968365267,38.429582333447904,6815.398651515766
989,6508.72055400062,15.571101803829235,138.8183582993322,6647.538912299952,38.41544454634096,6814.646096076535
990,6508.417053108065,15.570375725138913,138.43216020571765,6646.849213313783,38.40139159245038,6813.895266740942
991,6508.114433012498,15.569651753618416,138.046849290296,6646.161282302794,38.38741775952107,6813.14654955671
992,6507.813183910903,15.568931061987806,137.66233193532682,6645.475515846229,38.373517073894234,6812.400315117669
993,6507.5137744831645,15.568214771490824,137.2785160855663,6644.792290568731,38.35968337983228,6811.656913271001
994,6507.216646126881,15.567503938102586,136.89531243346167,6644.111958560343,38.34591041764125,6810.916668877082
995,6506.922208404041,15.566799541636462,136.51263547783904,6643.434843881881,38.332191898853445,6810.179878641893
996,6506.630835687548,15.566102477721406,136.13040444069077,6642.761240128239,38.318521577299805,6809.446808989493
997,6506.342864939345,15.565413552486472,135.74854403381758,6642.091408973163,38.30489331542061,6808.717694895243
998,6506.058594518887,15.564733479710256,135.36698507339798,6641.4255795922845,38.29130114557169,6807.992739575521
999,6505.778283889595,15.564062880118648,134.98566494583994,6640.763948835434,38.277739326334256,6807.2721149049885
1000,6505.502154089078,15.563402282509758,134.60452793242925,6640.106682021507,38.26420239392619,6806.555962435086
1001,6505.230388819746,15.562752126363028,134.22352540335694,6639.453914223102,38.25068520876212,6805.844394881217
1002,6504.963136028155,15.562112765617595,133.8426158937612,6638.8057519219155,38.23718299706546,6805.13749795915
1003,6504.700509850924,15.561484473327571,133.46176507559443,6638.162274926519,38.223691387256565,6804.435332461085
1004,6504.4425928179635,15.560867446932926,133.08094563956718,6637.523538457531,38.21020644068862,6803.737936474527
1005,6504.189438223435,15.560261813931662,132.700137101283,6636.889575324718,38.1967246762209,6803.045327666279
1006,6503.941072585237,15.559667637763724,132.31932554509822,6636.260398130335,38.183243088137544,6802.357505563733
1007,6503.697498130154,15.559084923756348,131.93850331835387,6635.636001448507,38.16975915704329,6801.674453781646
1008,6503.458695256204,15.558513625014841,131.5576686875329,6635.016363943737,38.15627085357755,6800.9961421568
1009,6503.224624931141,15.557953648160625,131.1768254666922,6634.401450397833,38.14277663505237,6800.322528760311
1010,6502.995230998109,15.557404858847152,130.79598262727004,6633.791213625379,38.129275435396124,6799.653561769352
1011,6502.770442365,15.556867086997608,130.4151538971327,6633.185596262133,38.11576664903284,6798.989181185426
1012,6502.550175066672,15.55634013173845,130.0343573555411,6632.584532422213,38.10225010951278,6798.329320398593
1013,6502.334334181805,15.555823765985181,129.65361502960562,6631.987949211411,38.08872606381777,6797.673907589019
1014,6502.122815609112,15.555317740691656,129.27295249678957,6631.395768105902,38.07519514328789,6797.022866979204
1015,6501.915507693526,15.554821788740492,128.89239849710813,6630.807906190634,38.06165833206845,6796.376119935131
1016,6501.712292710323,15.554335628493595,128.51198455787002,6630.224277268193,38.04811693387797,6795.733585930562
1017,6501.513048206649,15.553858967001553,128.1317446331097,6629.644792839758,38.03457253777617,6795.095183379085
1018,6501.317648211047,15.553391502897242,127.75171475926282,6629.069362970309,38.02102698349027,6794.460830348492
1019,6501.125964315568,15.552932928984612,127.37193272813295,6628.497897043701,38.00748232675945,6793.830445165105
1020,6500.93786663969,15.552482934544711,126.99243777778202,6627.930304417472,37.993940805089935,6793.203946919613
1021,6500.753224685687,15.552041207382027,126.61327030163584,6627.366494987323,37.980404804279395,6792.581255885938
1022,6500.571908091234,15.551607435624963,126.23447157582615,6626.80637966706,37.966876826060926,6791.962293860425
1023,6500.3937872891065,15.551181309304082,125.8560835045789,6626.249870793686,37.95335945722056,6791.3469844325955
1024,6500.218734080914,15.550762521724675,125.4781483833008,6625.696882464215,37.93985534054302,6790.735253195578
1025,6500.046622131222,15.550350770648857,125.10070867890016,6625.147330810122,37.92636714792575,6790.127027903599
1026,6499.877327389437,15.549945759304872,124.7238068268019,6624.601134216238,37.91289755596,6789.522238584665
1027,6499.7107284443455,15.549547197235276,124.34748504406713,6624.058213488413,37.89944922421114,6788.920817613731
1028,6499.5467068193875,15.54915480100332,123.97178515800539,6623.518491977393,37.88602477633887,6788.322699754467
1029,6499.385147210274,15.548768294761421,123.59674844965987,6622.981895659934,37.87262678409306,6787.727822170738
1030,6499.225937676143,15.548387410708477,123.22241551155432,6622.448353187698,37.85925775411379,6787.136124418093
1031,6499.068969784257,15.548011889436022,122.8488261191049,6621.917795903362,37.84592011736832,6786.547548413914
1032,6498.914138717279,15.547641480184877,122.47601911512118,6621.390157832399,37.83261622098187,6785.962038393671
1033,6498.761343346741,15.547275941020912,122.1040323068429,6620.865375653584,37.81934832217225,6785.379540855033
1034,6498.610486275387,15.546915038936334,121.73290237498121,6620.343388650368,37.806118583980584,6784.800004490684
1035,6498.461473856491,15.546558549895911,121.36266479425294,6619.824138650743,37.79292907249938,6784.223380116116
1036,6498.314216192044,15.546206258832642,120.99335376491466,6619.307569956959,37.77978175532848,6783.649620592638
1037,6498.16862710958,15.545857959592295,120.62500215481549,6618.793629264395,37.766678501030405,6783.078680743878
1038,6498.024624127124,15.54551345484958,120.25764145149833,6618.282265578622,37.75362107939983,6782.510517274011
1039,6497.8821284030555,15.545172555988172,119.89130172388421,6617.773430126939,37.74061116240104,6781.945088683384
1040,6497.741064674854,15.544835082954195,119.52601159307797,6617.267076267932,37.72765032565576,6781.382355184534
1041,6497.601361188936,15.544500864088363,119.16179821183033,6616.763159400766,37.71474005038182,6780.822278619927
1042,6497.462949621822,15.544169735937373,118.7986872521911,6616.261636874014,37.70188172568956,6780.264822380763
1043,6497.325764995056,15.543841543050371,118.43670290087996,6615.7624678959355,37.689076651143615,6779.70995132841
1044,6497.189745585113,15.543516137763428,118.07586786189577,6615.265613447009,37.67632603949505,6779.157631718813
1045,6497.054832827881,15.543193379971008,117.71620336587841,6614.77103619376,37.66363101948826,6778.607831128534
1046,6496.920971222102,15.54287313689498,117.35772918572708,6614.278700407829,37.65099263865367,6778.0605183859725
1047,6496.788108227751,15.542555282841509,117.0004636579754,6613.788571885726,37.63841186600875,6777.515663502864
1048,6496.656194166624,15.542239698963215,116.64442370941467,6613.300617876039,37.62588959461084,6776.973237612596
1049,6496.525182119031,15.541926273012036,116.28962488845576,6612.814807007487,37.61342664392992,6776.4332129085815
1050,6496.39502782156,15.541614899094641,115.93608140071626,6612.331109222276,37.601023762037855,6775.89556258714
1051,6496.265689565311,15.541305477428974,115.5838061483239,6611.8494957136345,37.58868162763444,6775.360260793845
1052,6496.137128093774,15.540997914099938,115.2328107724297,6611.3699388662035,37.57640085195303,6774.827282572199
1053,6496.009306501626,15.540692120817289,114.88310569843556,6610.892412200062,37.564181980600054,6774.296603815672
1054,6495.8821901330375,15.540388014672338,114.5347001834509,6610.416890316488,37.55202549538755,6773.768201221424
1055,6495.755746482162,15.540085517899909,114.18760236551078,6609.9433488476725,37.53993181621383,6773.2420522482025
1056,6495.629945093198,15.53978455763923,113.84181931410569,6609.471764407304,37.527901303036614,6772.718135075514
1057,6495.504757461957,15.53948506569846,113.49735708159724,6609.002114543554,37.51593425796828,6772.196428565716
1058,6495.380156937794,15.53918697832008,113.15422075511745,6608.534377692911,37.50403092750653,6771.676912227565
1059,6495.256118628262,15.53889023595278,112.81241450857868,6608.06853313684,37.492191504899445,6771.159566183153
1060,6495.132619303579,15.538594783022917,112.47194165444955,6607.604560958029,37.48041613263236,6770.644371134979
1061,6495.009637305067,15.538300567715472,112.13280469498392,6607.142442000051,37.46870490501624,6770.131308336872
1062,6494.887152454308,15.538007541756718,111.79500537262108,6606.682157826929,37.457057870855266,6769.62035956515
1063,6494.765145964089,15.53771566020117,111.45854471930953,6606.223690683399,37.44547503617142,6769.111507090744
1064,6494.643600354788,15.53742488123155,111.12342310453687,6605.767023459324,37.433956366967045,6768.604733655631
1065,6494.52249937044,15.53713516595799,110.78964028188295,6605.312139652323,37.42250179201007,6768.1000224475665
1066,6494.401827899746,15.536846478229059,110.45719543394287,6604.859023333689,37.41111120562938,6767.597357078177
1067,6494.281571898992,15.53655878444735,110.12608721549893,6604.407659114491,37.399784470509175,6767.096721561206
1068,6494.161718318203,15.536272053392832,109.79631379484704,6603.958032113051,37.388521420470155,6766.598100292096
1069,6494.04225503088,15.535986256054738,109.46787289321357,6603.510127924094,37.37732186322282,6766.101478029113
1070,6493.923170767499,15.535701365472486,109.14076182221987,6603.063932589719,37.36618558307444,6765.606839876093
1071,6493.80445504907,15.535417356576723,108.81497751937921,6602.619432568449,37.35511234356727,6765.114171262967
1072,6493.686098128979,15.53513420605019,108.49051658162709,6602.176614710606,37.344101890022124,6764.623457932203
1073,6493.568090933703,15.534851892185893,108.16737529690785,6601.735466230612,37.33315395196058,6764.13468592164
1074,6493.450425009276,15.534570394759033,107.84554967385318,6601.295974683129,37.322268245380045,6763.647841550533
1075,6493.333092470586,15.534289694905707,107.52503546960334,6600.85812794019,37.31144447485833,6763.162911405823
1076,6493.216085953537,15.534009775008462,107.20582821583176,6600.421914169368,37.300682335470945,6762.679882328667
1077,6493.09939857175,15.533730618592703,106.88792324304171,6599.987321814791,37.289981514510174,6762.198741402911
1078,6492.983023874105,15.533452210225132,106.5713157032107,6599.554339577316,37.279341693002166,6761.719475941875
1079,6492.866955808592,15.533174535427253,106.25600059086239,6599.122956399455,37.26876254702566,6761.242073479017
1080,6492.75118868621,15.53289758058902,105.94197276264737,6598.693161448858,37.258243748841124,6760.766521756316
1081,6492.635717148356,15.532621332890804,105.62922695551627,6598.264944103872,37.24778496784373,6760.292808713993
1082,6492.520536138432,15.532345780235485,105.3177578035671,6597.838293942,37.23738587135561,6759.820922482397
1083,6492.405640873052,15.53207091117955,105.0075598536477,6597.4132007267,37.22704612527419,6759.350851371642
1084,6492.291026817619,15.531796714874687,104.69862757979112,6596.98965439741,37.21676539459249,6758.882583863888
1085,6492.176689663739,15.53152318101373,104.39095539655861,6596.567645060298,37.20654334380651,6758.416108605856
1086,6492.062625306622,15.531250299776607,104.08453767136098,6596.147162977983,37.1963796372232,6757.951414399903
1087,6491.94882982675,15.530978061786483,103.77936873582425,6595.728198562574,37.18627393918156,6757.488490198014
1088,6491.835299471367,15.53070645806547,103.47544289626171,6595.310742367628,37.17622591419814,6757.02732509439
1089,6491.722030638736,15.530435479996976,103.17275444330929,6594.894785082046,37.166235227048645,6756.567908319707
1090,6491.609019862719,15.530165119288801,102.87129766077625,6594.480317523496,37.156301542797095,6756.110229234663
1091,6491.496263799387,15.529895367941117,102.57106683375972,6594.067330633146,37.14642452678473,6755.65427732466
1092,6491.383759213512,15.529626218214144,102.27205625606646,6593.655815469579,37.13660384459104,6755.20004219355
1093,6491.271502968327,15.529357662603653,101.97426023698156,6593.245763205308,37.12683916197958,6754.74751355992
1094,6491.159492013898,15.529089693813152,101.67767310742086,6592.837165121318,37.117130144840615,6754.296681251375
1095,6491.04772337768,15.528822304731293,101.38228922549978,6592.430012603179,37.10747645914143,6753.847535200444
1096,6490.936194155265,15.528555488409726,101.08810298154978,6592.024297136815,37.0978777708935,6753.400065440202
1097,6490.824901502863,15.528289238045128,100.79510880261043,6591.620010305473,37.088333746142865,6752.954262101195
1098,6490.713842627815,15.528023546956495,100.50330115642382,6591.217143784239,37.078844050988714,6752.510115406039
1099,6490.6030147832225,15.527758408572303,100.2126745549565,6590.815689338179,37.06940835163095,6752.067615667774
1100,6490.492415260164,15.527493816411877,99.92322355747305,6590.415638817637,37.060026314446674,6751.62675328548
1101,6490.3820413815665,15.527229764070734,99.63494277318416,6590.01698415475,37.050697606093166,6751.187518741255
1102,6490.271890497141,15.52696624520847,99.3478268634924,6589.619717360633,37.04142189363321,6750.749902597938
1103,6490.1619599782,15.526703253536363,99.06187054385754,6589.223830522057,37.0321988446793,6750.313895496412
1104,6490.052247212189,15.526440782804281,98.77706858530357,6588.829315797493,37.02302812755133,6749.879488152342
1105,6489.942749599276,15.526178826792526,98.49341581558932,6588.436165414865,37.013909411444665,6749.44667135465
1106,6489.833464548221,15.525917379301964,98.2109071200645,6588.044371668286,37.00484236660397,6749.015435963013
1107,6489.724389473053,15.52565643414606,97.9295374422328,6587.653926915285,36.99582666450041,6748.5857729058625
1108,6489.615521789875,15.525395985143241,97.6493017840437,6587.264823573919,36.9868619780091,6748.157673178259
1109,6489.506858915101,15.525136026112682,97.37019520593475,6586.877054121035,36.977947981584435,6747.731127840927
1110,6489.398398261815,15.524876550865585,97.0922128266453,6586.49061108846,36.96908435143146,6747.306128017187
1111,6489.290137239508,15.524617553204564,96.81534982282312,6586.105487062331,36.960270765670366,6746.882664892997
1112,6489.1820732518845,15.524359026918384,96.53960142844433,6585.721674680329,36.95150690449215,6746.46072971487
1113,6489.0742036948195,15.52410096577708,96.264962934067,6585.339166628886,36.94279245030305,6746.040313787705
1114,6488.966525957077,15.523843363533675,95.99142968593765,6584.957955643014,36.934127087855224,6745.621408475185
1115,6488.859037418436,15.523586213919703,95.71899708497001,6584.578034503406,36.92551050436144,6745.204005197378
1116,6488.751735450077,15.523329510646118,95.44766058561362,6584.19939603569,36.91694238959239,6744.788095430417
1117,6488.644617413947,15.523073247401788,95.17741569462905,6583.822033108577,36.908422435955174,6744.373670704982
1118,6488.537680662881,15.522817417853782,94.90825796978643,6583.445938632667,36.89995033855244,6743.96072260537
1119,6488.4309225418,15.522562015650239,94.64018301850139,6583.0711055603015,36.89152579522275,6743.549242769521
1120,6488.3243403871875,15.522307034419109,94.37318649642248,6582.69752688361,36.88314850656264,6743.139222887158
1121,6488.21793152853,15.522052467771603,94.10726410598237,6582.325195634513,36.87481817593232,6742.730654699819
1122,6488.111693288671,15.52179830930304,93.8424115949244,6581.954104883595,36.86653450944667,6742.323529999689
1123,6488.005622985142,15.521544552596033,93.578624754814,6581.584247739956,36.858297215953684,6741.917840629354
1124,6487.899717930895,15.521291191222238,93.31589941954437,6581.21561735044,36.850106007002445,6741.513578480901
1125,6487.7939754362,15.52103821874689,93.05423146384392,6580.848206900044,36.841960596803034,6741.110735496137
1126,6487.688392808572,15.52078562872864,92.79361680179235,6580.482009610364,36.83386070217949,6740.709303664845
1127,6487.582967355123,15.520533414725175,92.53405138535079,6580.117018740474,36.825806042518224,6740.309275025428
1128,6487.477696383499,15.520281570295452,92.27553120291078,6579.7532275864105,36.81779633971227,6739.910641664159
1129,6487.372577202976,15.520030089002335,92.01805227786619,6579.390629480842,36.80983131810325,6739.513395714591
1130,6487.267607125778,15.519778964415737,91.7616106672109,6579.02921779299,36.80191070442134,6739.117529357222
1131,6487.162783468976,15.519528190117168,91.5062024601649,6578.668985929141,36.794034227724325,6738.723034819742
1132,6487.058103555173,15.519277759701371,91.25182377683045,6578.309927332004,36.786201619336374,6738.329904376117
1133,6486.953564713933,15.519027666779744,90.99847076687965,6577.952035480813,36.778412612787605,6737.938130346439
1134,6486.849164283347,15.518777904984084,90.74613960827456,6577.595303891621,36.77066694375465,6737.547705096954
1135,6486.744899610836,15.518528467968506,90.49482650602023,6577.239726116856,36.762964350003365,6737.158621039371
1136,6486.640768054366,15.51827934941236,90.24452769095113,6576.885295745317,36.75530457133408,6736.77087063062
1137,6486.536766984817,15.51803054302588,89.99523941855105,6576.5320064033685,36.74768734953,6736.384446373824
1138,6486.432893785124,15.517782042548143,89.74695796780652,6576.1798517529305,36.74011242830886,6735.999340816074
1139,6486.329145853608,15.517533841755043,89.49967964009392,6575.8288254937015,36.73257955327834,6735.615546550463
1140,6486.225520602989,15.517285934456911,89.25340075809987,6575.478921361088,36.725088471894495,6735.2330562138295
1141,6486.122015462962,15.517038314504694,89.0081176647753,6575.130133127737,36.717638933423714,6734.851862488131
1142,6486.018627880527,15.516790975790734,88.76382672232262,6574.78245460285,36.710230688907274,6734.471958099596
1143,6485.91535532112,15.516543912251484,88.52052431121676,6574.435879632337,36.70286349112808,6734.093335818744
1144,6485.812195269633,15.516297117869936,88.27820682925933,6574.090402098892,36.69553709457926,6733.715988460312
1145,6485.709145231116,15.516050586677311,88.036870690667,6573.746015921783,36.68825125543403,6733.339908882921
1146,6485.606202731922,15.515804312755794,87.7965123251931,6573.4027150571155,36.68100573151644,6732.965089989212
1147,6485.503365319984,15.515558290239197,87.55712817728387,6573.060493497268,36.67380028227261,6732.591524725154
1148,6485.400630567018,15.515312513318225,87.31871470526883,6572.719345272287,36.666634668742404,6732.219206081316
1149,6485.297996067201,15.515066976237323,87.08126838058583,6572.379264447787,36.65950865353137,6731.848127090649
1150,6485.195459439777,15.5148216733009,86.84478568704088,6572.040245126817,36.65242200078289,6731.4782808302225
1151,6485.093018329035,15.514576598873289,86.60926312010335,6571.702281449138,36.645374476150536,6731.109660420393
1152,6484.990670404693,15.51433174737965,86.37469718623606,6571.36536759093,36.63836584677075,6730.742259024382
1153,6484.888413363099,15.51408711330885,86.14108440226119,6571.02949776536,36.631395881235846,6730.376069848736
1154,6484.786244927364,15.51384269121379,85.9084212947613,6570.694666222125,36.62446434956732,6730.011086142743
1155,6484.684162848322,15.513598475713689,85.67670439951621,6570.360867247838,36.61757102318957,6729.647301198712
1156,6484.58216490497,15.513354461495144,85.4459302609746,6570.028095165945,36.61071567490409,6729.284708351778
1157,6484.480248905029,15.513110643313466,85.21609543176105,6569.69634433679,36.60389807886399,6728.923300979849
1158,6484.378412684565,15.512867015991782,84.9871964722174,6569.365609156782,36.59711801054894,6728.5630725026695
1159,6484.276654109637,15.51262357442497,84.75922994997839,6569.0358840596155,36.5903752467408,6728.204016382938
1160,6484.174971076232,15.512380313579504,84.5321924395806,6568.707163515813,36.58366956549977,6727.846126125737
1161,6484.073361510231,15.512137228493375,84.3060805221041,6568.379442032335,36.57700074614139,6727.489395278049
1162,6483.971823368041,15.511894314277612,84.08089078484582,6568.052714152887,36.57036856921441,6727.13381742897
1163,6483.870354636634,15.511651566116349,83.8566198210238,6567.726974457658,36.56377281648004,6726.779386209346
1164,6483.768953334364,15.511408979268813,83.63326422951107,6567.402217563875,36.55721327089217,6726.426095292256
1165,6483.667617510485,15.511166549068145,83.41082061459781,6567.078438125082,36.55068971657941,6726.073938392203
1166,6483.566345245425,15.510924270922068,83.18928558578102,6566.755630831206,36.54420193882852,6725.72290926511
1167,6483.465134651427,15.510682140314419,82.9686557575798,6566.433790409007,36.53774972406967,6725.37300170871
1168,6483.363983871777,15.510440152803294,82.74892774937533,6566.112911621152,36.531332859863376,6725.024209561558
1169,6483.262891081471,15.510198304022659,82.53009818527374,6565.792989266744,36.52495113488911,6724.676526703512
1170,6483.161854487284,15.509956589682497,82.31216369399081,6565.474018181274,36.5186043389357,6724.329947055644
1171,6483.0608723272235,15.50971500556752,82.0951209087568,6565.1559932359805,36.5122922628932,6723.984464579566
1172,6482.959942871454,15.509473547539363,81.87896646724026,6564.838909338694,36.506014698746206,6723.64007327824
1173,6482.859064420426,15.509232211532119,81.66369701148898,6564.522761431915,36.49977143956868,6723.296767194039
1174,6482.75823530695,15.508990993557298,81.44930918788752,6564.207544494838,36.49356227951982,6722.954540410749
1175,6482.657453894897,15.508749889700711,81.23579964712901,6563.893253542026,36.48738701384115,6722.613387052235
1176,6482.5567185789805,15.508508896121963,81.02316504420095,6563.579883623182,36.48124543885463,6722.273301282199
1177,6482.456027784881,15.50826800905474,80.81140203838301,6563.267429823264,36.475137351961536,6721.934277304297
1178,6482.355379969418,15.50802722480722,80.60050729325653,6562.955887262675,36.4690625516422,6721.596309362319
1179,6482.254773619766,15.507786539760206,80.39047747672363,6562.645251096489,36.46302083745649,6721.259391739425
1180,6482.154207253319,15.507545950366792,80.18130926103623,6562.335516514356,36.45701201004465,6720.92351875805
1181,6482.053679417918,15.507305453152913,79.97299932283299,6562.026678740751,36.45103587112861,6720.58868478016
1182,6481.953188691456,15.5070650447164,79.76554434318382,6561.71873303464,36.44509222351385,6720.2548842069245
1183,6481.852733681257,15.506824721725495,79.5589410076415,6561.4116746888985,36.43918087109101,6719.922111478145
1184,6481.752313024145,15.506584480919008,79.35318600629913,6561.105499030445,36.43330161883792,6719.59036107239
1185,6481.6519253867855,15.506344319107143,79.14827603385322,6560.800201420639,36.427454272821436,6719.259627507412
1186,6481.551569463985,15.506104233167429,78.94420778967182,6560.495777253657,36.42163864019898,6718.929905338523
1187,6481.451243979475,15.505864220046591,78.74097797786706,6560.192221957343,36.415854529220056,6718.60118915945
1188,6481.350947685784,15.50562427676025,78.53858330737181,6559.889530993156,36.41010174922726,6718.273473602294
1189,6481.2506793636,15.505384400391389,78.33702049202006,6559.5876998556205,36.404380110657,6717.946753336979
1190,6481.150437820765,15.505144588087953,78.13628625063062,6559.286724071395,36.39868942503992,6717.621023070318
1191,6481.050221893835,15.504904837066592,77.93637730709378,6558.986599200929,36.39302950500067,6717.296277547682
1192,6480.950030445617,15.504665144606738,77.73729039046086,6558.687320836078,36.38740016425763,6716.972511550598
1193,6480.849862367097,15.504425508055256,77.53902223503613,6558.388884602133,36.38180121762191,6716.649719898788
1194,6480.749716574968,15.504185924820499,77.34156958047109,6558.09128615544,36.37623248099627,6716.3278974477735
1195,6480.649592012949,15.503946392375477,77.14492917186072,6557.79452118481,36.370693771373475,6716.007039090285
1196,6480.54948765094,15.503706908255838,76.94909775984159,6557.498585410782,36.365184906834514,6715.687139755511
1197,6480.449402484865,15.503467470059485,76.75407210069166,6557.203474585556,36.35970570654645,6715.368194409033
1198,6480.3493355356595,15.503228075444161,76.55984895643135,6556.909184492091,36.35425599075998,6715.0501980518975
1199,6480.249285849958,15.502988722129086,76.36642509492623,6556.615710944884,36.348835580806785,6714.733145721393
1200,6480.149252499445,15.502749407893408,76.1737972899904,6556.323049789435,36.34344429909662,6714.417032490505
1201,6480.049234580578,15.502510130575544,75.98196232149105,6556.031196902069,36.338081969114334,6714.101853467716
1202,6479.949231213876,15.502270888071475,75.79091697545364,6555.74014818933,36.332748415416596,6713.787603796392
1203,6479.849241544003,15.502031678334935,75.60065804416757,6555.44989958817,36.32744346362851,6713.474278654954
1204,6479.749264739835,15.501792499377595,75.41118232629238,6555.160447066127,36.32216694044023,6713.161873257041
1205,6479.6492999934635,15.50155334926666,75.22248662696406,6554.871786620428,36.31691867360341,6712.850382850603
1206,6479.549346520273,15.501314226125054,75.03456775790133,6554.583914278174,36.31169849192764,6712.539802718059
1207,6479.449403558105,15.501075128129438,74.84742253751195,6554.296826095617,36.30650622527692,6712.230128175572
1208,6479.349470367826,15.500836053511545,74.66104779099854,6554.010518158825,36.30134170456614,6711.9213545736875
1209,6479.249546232769,15.500597000556864,74.47544035046401,6553.724986583233,36.29620476175747,6711.613477296878
1210,6479.149630457474,15.500357967601612,74.29059705501643,6553.44022751249,36.29109522985702,6711.306491762369
1211,6479.049722369282,15.50011895303656,74.10651475087305,6553.156237120155,36.28601294291133,6711.000393421819
1212,6478.949821315724,15.499879955300775,73.92319029146337,6552.873011607187,36.28095773600395,6710.695177758805
1213,6478.84992666606,15.499640972885311,73.74062053753137,6552.590547203591,36.275929445252174,6710.390840290438
1214,6478.750037810314,15.499402004330895,73.55880235723625,6552.30884016755,36.27092790780361,6710.0873765664965
1215,6478.650154158399,15.499163048225835,73.37773262625224,6552.027886784652,36.26595296183292,6709.7847821686255
1216,6478.550275141171,15.498924103208545,73.19740822786677,6551.747683369038,36.26100444653852,6709.483052711481
1217,6478.45040020869,15.498685167963373,73.01782605307723,6551.468226261767,36.256082202139226,6709.182183841072
1218,6478.350528830839,15.498446241222103,72.83898300068614,6551.189511831525,36.25118606987109,6708.882171235465
1219,6478.250660496977,15.498207321763102,72.66087597739481,6550.911536474371,36.24631589198388,6708.583010604501
1220,6478.150794714896,15.497968408408841,72.48350189789507,6550.63429661279,36.24147151173804,6708.28469768885
1221,6478.050931011276,15.497729500026976,72.30685768495934,6550.357788696235,36.236652773401104,6707.987228260529
1222,6477.951068931375,15.497490595529605,72.13094026952894,6550.0820092009035,36.231859522244406,6707.690598122666
1223,6477.851208038135,15.497251693871137,71.95574659080035,6549.806954628935,36.22709160453971,6707.394803108683
1224,6477.751347912767,15.497012794049683,71.78127359630973,6549.532621509077,36.222348867555674,6707.0998390829445
1225,6477.651488153731,15.49677389510462,71.60751824201556,6549.259006395747,36.21763115955438,6706.805701939808
1226,6477.551628376434,15.49653499611587,71.43447749237909,6548.986105868813,36.212938329787704,6706.5123876033895
1227,6477.45176821337,15.496296096204235,71.26214832044309,6548.713916533813,36.20827022849372,6706.219892027761
1228,6477.351907314126,15.496057194531401,71.09052770790842,6548.442435022034,36.20362670689289,6705.928211197019
1229,6477.252045344394,15.495818290297594,70.91961264520891,6548.171657989603,36.19900761718438,6705.637341124355
1230,6477.152181985588,15.49557938274064,70.74940013158384,6547.9015821171715,36.194412812541955,6705.347277851729
1231,6477.052316935573,15.495340471137734,70.57988717514893,6547.632204110721,36.18984214711014,6705.05801745065
1232,6476.952449907429,15.495101554802462,70.41107079296488,6547.363520700394,36.18529547600011,6704.769556020994
1233,6476.852580629407,15.494862633084706,70.24294801110443,6547.0955286405115,36.18077265528542,6704.481889691003
1234,6476.752708845452,15.494623705371893,70.075515864717,6546.828224710169,36.17627354199794,6704.19501461786
1235,6476.652834313276,15.494384771084393,69.90877139809183,6546.5616057113675,36.17179799412334,6703.908926985804
1236,6476.552956806301,15.494145829680146,69.74271166471874,6546.29566847102,36.16734587059687,6703.623623008116
1237,6476.453076111247,15.493906880648916,69.57733372734744,6546.030409838595,36.16291703129865,6703.339098924744
1238,6476.353192029344,15.493667923515178,69.41263465804451,6545.765826687389,36.15851133704937,6703.055351003553
1239,6476.253304375505,15.493428957836135,69.24861153824884,6545.501915913754,36.154128649605454,6702.772375539537
1240,6476.15341297793,15.49318998320079,69.08526145882499,6545.238674436755,36.14976883165451,6702.490168854452
1241,6476.053517678685,15.492950999231304,68.92258152011473,6544.9760991988,36.1454317468105,6702.208727297425
1242,6475.953618332205,15.492712005579438,68.76056883198683,6544.7141871641925,36.14111725960899,6701.928047243491
1243,6475.853714806015,15.492473001928266,68.59922051388496,6544.4529353199,36.1368252355022,6701.648125094334
1244,6475.753806980343,15.492233987991252,68.43853369487375,6544.192340675217,36.13255554085418,6701.368957277932
1245,6475.653894747613,15.491994963511036,68.27850551368326,6543.932400261296,36.12830804293577,6701.090540248067
1246,6475.553978012553,15.491755928259696,68.11913311875132,6543.673111131304,36.12408260991961,6700.812870484454
1247,6475.45405669121,15.491516882036388,67.9604136682647,6543.414470359475,36.11987911087509,6700.535944491781
1248,6475.3541307121195,15.491277824670142,67.80234433019793,6543.156475042318,36.115697415763194,6700.2597588008875
1249,6475.254200014537,15.491038756015639,67.64492228235082,6542.899122296888,36.11153739543146,6699.984309967015
1250,6475.154264549346,15.490799675955374,67.4881447123843,6542.642409261731,36.10739892160874,6699.709594570729
1251,6475.054324278303,15.490560584397855,67.33200881785439,6542.386333096158,36.1032818669,6699.435609217173
1252,6474.954379173805,15.490321481277046,67.17651180624472,6542.13089098005,36.099186104781154,6699.162350535848
1253,6474.854429219224,15.490082366553168,67.02165089499742,6541.876080114221,36.09511150959375,6698.8898151809535
1254,6474.754474407817,15.489843240210089,66.86742331154241,6541.621897719359,36.091057956539736,6698.617999830307
1255,6474.654514743408,15.489604102256957,66.71382629332507,6541.368341036733,36.08702532167611,6698.346901186024
1256,6474.554550239647,15.48936495272643,66.56085708783256,6541.115407327479,36.08301348190962,6698.076515973786
1257,6474.454580919578,15.489125791673631,66.40851295261845,6540.863093872196,36.07902231499144,6697.806840942409
1258,6474.3546068165,15.48888661917823,66.256791155326,6540.611397971826,36.07505169951182,6697.537872864702
1259,6474.254627972554,15.488647435341038,66.10568897370993,6540.360316946264,36.07110151489464,6697.269608536056
1260,6474.154644439143,15.488408240285032,65.95520369565688,6540.1098481348,36.067171641392065,6697.002044774856
1261,6474.054656277018,15.488169034155545,65.80533261920424,6539.859988896222,36.06326196007911,6696.735178422566
1262,6473.9546635550705,15.487929817117394,65.65607305255789,6539.6107366076285,36.05937235284826,6696.469006342519
1263,6473.85466635133,15.487690589357248,65.5074223141084,6539.362088665438,36.05550270240395,6696.203525420895
1264,6473.754664752286,15.487451351082024,65.35937773244605,6539.114042484732,36.05165289225722,6695.938732566051
1265,6473.654658851703,15.487212102516036,65.21193664637445,6538.866595498078,36.04782280672016,6695.674624707311
1266,6473.554648752768,15.486972843906145,65.06509640492297,6538.619745157691,36.04401233090056,6695.411198797108
1267,6473.45463456596,15.48673357551665,64.91885436735784,6538.373488933318,36.040221350696314,6695.148451808847
1268,6473.354616409293,15.486494297629887,64.77320790319216,6538.127824312485,36.03644975279008,6694.886380737122
1269,6473.25459440852,15.486255010546698,64.62815439219472,6537.882748800715,36.03269742464372,6694.624982597915
1270,6473.15456869646,15.486015714584832,64.48369122439743,6537.638259920857,36.02896425449288,6694.364254427901
1271,6473.054539413651,15.485776410080504,64.33981580010189,6537.3943552137525,36.025250131341416,6694.104193285088
1272,6472.954506707387,15.485537097386093,64.1965255298846,6537.1510322372715,36.021554944956094,6693.84479624783
1273,6472.854470731758,15.485297776870235,64.05381783460132,6536.908288566359,36.017878585860885,6693.586060414854
1274,6472.754431647598,15.485058448917698,63.9116901453901,6536.666121792988,36.01422094533173,6693.327982905181
1275,6472.654389622489,15.484819113929401,63.770139903673346,6536.424529526163,36.01058191539089,6693.070560858113
1276,6472.554344829924,15.484579772320393,63.62916456115897,6536.183509391083,36.00696138880158,6692.81379143237
1277,6472.4542974504,15.484340424522488,63.4887615798403,6535.943059030241,36.003359259062506,6692.5576718071625
1278,6472.354247669927,15.484101070980685,63.348928431995155,6535.703176101922,35.99977542040242,6692.302199180672
1279,6472.25419568076,15.483861712154928,63.20966260018389,6535.463858280944,35.99620976777466,6692.047370770763
1280,6472.154141680313,15.483622348517494,63.07096157724649,6535.22510325756,35.99266219685179,6691.793183813865
1281,6472.054085872677,15.483382980556645,62.93282286629864,6534.986908738976,35.98913260402011,6691.539635566463
1282,6471.9540284662735,15.48314360877099,62.79524398072706,6534.749272447,35.98562088637435,6691.286723302729
1283,6471.853969676005,15.482904233674654,62.658222444183764,6534.512192120189,35.98212694171223,6691.034444316637
1284,6471.753909721045,15.482664855791972,62.52175579057947,6534.2756655116245,35.9786506685291,6690.782795919726
1285,6471.653848826423,15.4824254756613,62.385841564076244,6534.039690390499,35.97519196601263,6690.531775442654
1286,6471.553787221487,15.48218609383131,62.250477319079174,6533.804264540567,35.97175073403746,6690.2813802336295
1287,6471.453725140826,15.48194671086322,62.115660620227246,6533.569385761053,35.968326873159874,6690.031607659299
1288,6471.353662822969,15.481707327327678,61.981389042383476,6533.335051865353,35.96492028461253,6689.782455103418
1289,6471.253600512331,15.481467943809404,61.84766017062418,6533.101260682955,35.961530870299214,6689.533919968757
1290,6471.153538456614,15.481228560900991,61.71447160022747,6532.868010056842,35.95815853278951,6689.285999674476
1291,6471.053476907969,15.480989179205666,61.58182093666103,6532.635297844629,35.954803175313685,6689.038691657244
1292,6470.953416123055,15.480749799337453,61.44970579556913,6532.4031219186245,35.9514647017574,6688.791993371269
1293,6470.853356362411,15.480510421919645,61.31812380275895,6532.171480165171,35.94814301665663,6688.545902287627
1294,6470.753297890125,15.480271047584033,61.18707259418606,6531.940370484312,35.944838025192354,6688.300415893898
1295,6470.653240975049,15.480031676973802,61.0565498159395,6531.709790790988,35.94154963318559,6688.055531695346
1296,6470.553185888484,15.479792310738,60.92655312422585,6531.47973901271,35.93827774709219,6687.81124721256
1297,6470.453132906033,15.479552949535965,60.79708018535288,6531.250213091385,35.93502227399778,6687.567559983276
1298,6470.353082306652,15.479313594035053,60.668128675712545,6531.021210982365,35.93178312161277,6687.3244675613805
1299,6470.2530343729495,15.479074244911363,60.53969628176318,6530.792730654713,35.92856019826722,6687.081967517175
1300,6470.152989389655,15.478834902846064,60.411780700011306,6530.564770089666,35.92535341290597,6686.8400574358075
1301,6470.052947646023,15.478595568531157,60.28437963699274,6530.337327283016,35.92216267508363,6686.598734919629
1302,6469.952909433252,15.478356242663283,60.15749080925312,6530.110400242505,35.91898789495963,6686.35799758558
1303,6469.852875045905,15.478116925947143,60.03111194332799,6529.883986989234,35.91582898329332,6686.1178430665595
1304,6469.7528447813975,15.477877619094253,59.905240775722106,6529.658085557119,35.912685851439115,6685.878269010879
1305,6469.6528189394385,15.477638322821623,59.77987505288851,6529.432693992327,35.909558411341635,6685.639273081662
1306,6469.552797822531,15.477399037852944,59.655012531206836,6529.207810353738,35.90644657553089,6685.4008529572975
1307,6469.452781736254,15.477159764919268,59.53065097696129,6528.983432713216,35.90335025711751,6685.163006331677
1308,6469.352770987576,15.476920504754967,59.40678816631804,6528.759559153894,35.90026936978798,6684.925730912471
1309,6469.252765886289,15.47668125810117,59.28342188530222,6528.536187771591,35.89720382779995,6684.6890244225215
1310,6469.152766744417,15.476442025704348,59.16054992977435,6528.313316674192,35.894153545977524,6684.452884599194
1311,6469.052773875882,15.476202808315508,59.03817010540646,6528.090943981289,35.89111843970663,6684.217309194012
1312,6468.952787596962,15.475963606691296,58.91628022765769,6527.869067824619,35.88809842493039,6683.982295973066
1313,6468.852808225511,15.475724421592131,58.79487812174945,6527.64768634726,35.885093418144535,6683.747842716189
1314,6468.75283608136,15.475485253783159,58.6739616226403,6527.426797704001,35.882103336392895,6683.51394721731
1315,6468.65287148612,15.47524610403378,58.553528575000264,6527.20640006112,35.87912809726281,6683.280607284213
1316,6468.552914762855,15.475006973116878,58.43357683318486,6526.98649159604,35.876167618880665,6683.04782073817
1317,6468.452966236515,15.474767861809845,58.31410426120879,6526.767070497724,35.873221819907506,6682.8155854143215
1318,6468.353026233409,15.474528770893322,58.19510873271916,6526.548134966128,35.87029061953454,6682.583899161103
1319,6468.253095081347,15.474289701151548,58.07658813096849,6526.329683212315,35.86737393747883,6682.352759840348
1320,6468.1531731090145,15.474050653370847,57.95854034878719,6526.111713457802,35.86447169397888,6682.122165326609
1321,6468.053260647059,15.473811628342245,57.84096328855593,6525.894223935615,35.86158380979038,6681.892113508203
1322,6467.953358026726,15.473572626858196,57.72385486217762,6525.677212888903,35.85871020618191,6681.6626022857945
1323,6467.853465580655,15.473333649714487,57.6072129910489,6525.460678571704,35.85585080493076,6681.433629573153
1324,6467.753583642504,15.47309469770934,57.49103560603163,6525.244619248536,35.85300552831856,6681.2051932967215
1325,6467.653712546726,15.472855771642884,57.3753206474239,6525.02903319415,35.85017429912733,6680.977291395354
1326,6467.55385262868,15.472616872317417,57.26006606493083,6524.8139186936105,35.84735704063519,6680.749921820374
1327,6467.454004224752,15.472378000537685,57.14526981763507,6524.599274042387,35.84455367661233,6680.523082535651
1328,6467.354167671387,15.47213915710858,57.03092987396708,6524.385097545353,35.84176413131693,6680.296771516582
1329,6467.254343306957,15.471900342839609,56.91704421167518,6524.171387518632,35.83898832949116,6680.070986751919
1330,6467.154531469028,15.471661558538345,56.80361081779529,6523.958142286823,35.836226196357146,6679.845726240977
1331,6467.0547324967365,15.471422805016116,56.69062768862047,6523.745360185357,35.83347765761309,6679.620987995973
1332,6466.954946728922,15.471184083083545,56.57809282967031,6523.533039558592,35.83074263942923,6679.396770040109
1333,6466.855174505516,15.470945393553865,56.46600425566005,6523.321178761175,35.8280210684441,6679.173070408907
1334,6466.755416166322,15.470706737240004,56.35435999046942,6523.109776156792,35.825312871760545,6678.94988714895
1335,6466.655672051411,15.470468114955528,56.24315806711151,6522.898830118523,35.82261797694206,6678.72721831822
1336,6466.555942501298,15.470229527515066,56.132396527701154,6522.6883390289995,35.81993631200885,6678.505061986238
1337,6466.456227856559,15.469990975733396,56.02207342342345,6522.478301279983,35.81726780543422,6678.283416233621
1338,6466.356528458113,15.469752460426108,55.912186814501865,6522.268715272615,35.814612386140794,6678.062279152327
1339,6466.256844646292,15.469513982407397,55.80273477016631,6522.059579416458,35.811969983496894,6677.84164884467
1340,6466.157176761831,15.469275542492419,55.693715368620985,6521.850892130452,35.80934052731287,6677.621523424263
1341,6466.057525145526,15.469037141496473,55.58512669701224,6521.642651842538,35.8067239478375,6677.401901015631
1342,6465.9578901379955,15.468798780234438,55.47696685139603,6521.434856989392,35.804120175754406,6677.182779753924
1343,6465.858272079131,15.468560459519452,55.369233936705484,6521.227506015836,35.80152914217861,6676.964157784313
1344,6465.758671309597,15.468322180166501,55.26192606671819,6521.020597376315,35.79895077865294,6676.7460332634555
1345,6465.659088168681,15.468083942987274,55.15504136402349,6520.814129532704,35.79638501714459,6676.528404357283
1346,6465.559522996017,15.4678457487943,55.048577959989586,6520.608100956007,35.793831790041686,6676.311269242688
1347,6465.459976130618,15.467607598398608,54.942533994730525,6520.402510125348,35.79129103014995,6676.0946261065
1348,6465.360447911488,15.467369492611216,54.836907617073166,6520.197355528561,35.78876267068927,6675.87847314606
1349,6465.260938676607,15.467131432240686,54.73169698452395,6519.992635661131,35.78624664529042,6675.662808568145
1350,6465.161448763598,15.466893418094731,54.62690026323572,6519.788349026834,35.78374288799171,6675.447630589598
1351,6465.061978509488,15.466655450979635,54.52251562797436,6519.584494137462,35.78125133323576,6675.232937437037
1352,6464.962528251059,15.466417531701097,54.41854126208536,6519.381069513144,35.77877191586628,6675.018727347163
1353,6464.863098323699,15.466179661061481,54.31497535746036,6519.17807368116,35.776304571124825,6674.8049985655525
1354,6464.763689063026,15.465941839863698,54.21181611450368,6518.975505177529,35.773849234647656,6674.591749348247
1355,6464.66430080311,15.46570406890696,54.109061742098596,6518.773362545208,35.771405842462684,6674.378977959921
1356,6464.564933877695,15.4654663489897,54.006710457573845,6518.5716443352685,35.76897433098619,6674.166682675059
1357,6464.465588619549,15.46522868090801,53.90476048666984,6518.370349106219,35.76655463701995,6673.954861777255
1358,6464.366265360797,15.464991065456452,53.803210063505006,6518.169475424302,35.764146697748075,6673.743513559506
1359,6464.266964432081,15.464753503426032,53.70205743054197,6517.969021862623,35.76175045073404,6673.532636323316
1360,6464.167686163949,15.464515995607533,53.6013008385538,6517.768987002502,35.75936583391773,6673.322228380044
1361,6464.068430885372,15.464278542787973,53.500938546590184,6517.5693694319625,35.75699278561246,6673.112288049377
1362,6463.969198924527,15.464041145752455,53.40096882194359,6517.3701677464705,35.75463124450207,6672.902813660055
1363,6463.869990608303,15.463803805283021,53.30138994011544,6517.171380548419,35.75228114963808,6672.693803549344
1364,6463.770806263144,15.463566522160631,53.202200184782164,6516.973006447925,35.74994244043673,6672.485256063826
1365,6463.671646213669,15.463329297161888,53.103397847761435,6516.775044061431,35.74761505667634,6672.277169557973
1366,6463.57251078378,15.463092131061675,53.004981228978195,6516.577492012758,35.74529893849429,6672.069542395208
1367,6463.4734002961995,15.462855024632056,52.906948636430855,6516.38034893263,35.74299402638443,6671.862372947402
1368,6463.3743150723985,15.462617978642102,52.80929838615737,6516.183613458556,35.74070026119426,6671.65565959475
1369,6463.275255432205,15.46238099385695,52.71202880220141,6515.987284234407,35.73841758412224,6671.449400725338
1370,6463.176221694938,15.462144071040521,52.6151382165785,6515.791359911516,35.73614593671511,6671.243594736227
1371,6463.077214177978,15.4619072109521,52.51862496924215,6515.59583914722,35.733885260865236,6671.038240031984
1372,6462.978233198096,15.461670414349513,52.4224874080501,6515.400720606146,35.731635498808004,6670.833335025961
1373,6462.879279069621,15.461433681984738,52.326723888730484,6515.206002958351,35.729396593119176,6670.628878138419
1374,6462.780352107003,15.461197014610054,52.23133277484811,6515.011684881851,35.727168486712394,6670.42486779905
1375,6462.68145262191,15.460960412971076,52.13631243777061,6514.81776505968,35.72495112283657,6670.221302444019
1376,6462.582580925192,15.460723877811464,52.04166125663491,6514.624242181827,35.72274444507343,6670.018180517896
1377,6462.483737326281,15.460487409871485,51.94737761831341,6514.431114944594,35.720548397334966,6669.815500473001
1378,6462.384922133417,15.460251009888557,51.853459917380405,6514.238382050797,35.71836292386101,6669.613260769592
1379,6462.286135652593,15.46001467859472,51.75990655607856,6514.046042208672,35.71618796921678,6669.411459874765
1380,6462.18737818897,15.459778416720024,51.66671594428527,6513.854094133255,35.714023478290486,6669.210096263819
1381,6462.088650045669,15.459542224989638,51.5738864994792,6513.662536545148,35.711869396290936,6669.009168419014
1382,6461.989951524934,15.459306104126638,51.48141664670686,6513.471368171641,35.70972566874515,6668.808674830682
1383,6461.891282926594,15.45907005484831,51.389304818549206,6513.280587745143,35.707592241496066,6668.608613995651
1384,6461.792644549579,15.458834077869806,51.29754945508825,6513.090194004667,35.705469060700196,6668.408984418713
1385,6461.694036690871,15.458598173901606,51.20614900387386,6512.900185694745,35.70335607282536,6668.209784611536
1386,6461.595459645438,15.458362343649371,51.11510191989047,6512.710561565328,35.701253224648404,6668.011013092549
1387,6461.496913707724,15.458126587817523,51.024406665523955,6512.521320373248,35.69916046325299,6667.812668388398
1388,6461.398399169414,15.457890907103861,50.934061710528525,6512.332460879942,35.697077736027346,6667.614749031661
1389,6461.299916321103,15.457655302203596,50.84406553199371,6512.143981853097,35.6950049906621,6667.4172535624775
1390,6461.201465451063,15.457419773806372,50.75441661431135,6511.955882065375,35.692942175148076,6667.220180527269
1391,6461.103046846716,15.4571843225998,50.66511344914276,6511.768160295859,35.69088923777421,6667.0235284801765
1392,6461.004660793355,15.456948949266398,50.576154535385896,6511.580815328741,35.688846127125345,6666.827295981736
1393,6460.906307573882,15.456713654482972,50.48753837914256,6511.3938459530245,35.686812792080175,6666.631481598573
1394,6460.807987470698,15.456478438925116,50.39926349368582,6511.207250964384,35.68478918180916,6666.436083905254
1395,6460.709700763478,15.45624330326191,50.31132839942732,6511.0210291629055,35.68277524577242,6666.241101482015
1396,6460.611447730089,15.456008248158108,50.223731623884845,6510.835179353974,35.680770933717795,6666.046532915647
1397,6460.513228647112,15.455773274275387,50.136471701649825,6510.649700348761,35.67877619567871,6665.852376799963
1398,6460.415043789322,15.455538382271106,50.04954717435502,6510.464590963677,35.67679098197225,6665.658631735257
1399,6460.316893429121,15.45530357279694,49.96295659064225,6510.279850019763,35.67481524319719,6665.465296327671
1400,6460.218777837394,15.455068846500941,49.876698506130225,6510.095476343524,35.672848930231964,6665.272369190033
1401,6460.120697283249,15.45483420402691,49.79077148338236,6509.9114687666315,35.670891994232846,6665.079848941545
1402,6460.022652034129,15.454599646014664,49.70517409187488,6509.727826126004,35.66894438663195,6664.887734207853
1403,6459.9246423545865,15.454365173097097,49.619904907964866,6509.5445472625515,35.66700605913533,6664.69602361979
1404,6459.82666850841,15.454130785905287,49.53496251485834,6509.361631023268,35.66507696372115,6664.504715815456
1405,6459.728730757445,15.453896485065659,49.45034550257865,6509.179076260024,35.66315705263778,6664.313809438998
1406,6459.630829360662,15.453662271197755,49.36605246793475,6508.996881828596,35.66124627840196,6664.123303139645
1407,6459.532964575998,15.453428144918657,49.28208201448963,6508.815046590488,35.659344593797016,6663.933195573505
1408,6459.435136659602,15.453194106841153,49.19843275252889,6508.633569412131,35.65745195187102,6663.74348540277
1409,6459.337345864725,15.452960157571113,49.115103299029386,6508.452449163754,35.655568305935006,6663.5541712945715
1410,6459.239592443651,15.452726297712085,49.03209227762793,6508.27168472128,35.65369360956121,6663.365251922871
1411,6459.141876646222,15.452492527861775,48.94939831859011,6508.091274964812,35.65182781658133,6663.176725966941
1412,6459.044198720467,15.452258848613557,48.86702005877923,6507.911218779246,35.64997088108478,6662.988592111965
1413,6458.946558912641,15.452025260556558,48.784956141625386,6507.731515054266,35.64812275741699,6662.80084904903
1414,6458.848957466566,15.451791764274082,48.703205217094435,6507.552162683661,35.646283400177666,6662.613495474434
1415,6458.7513946247045,15.451558360346183,48.62176594165739,6507.373160566362,35.64445276421919,6662.4265300907155
1416,6458.653870627087,15.451325049347098,48.54063697825964,6507.194507605346,35.642630804644824,6662.239951605551
1417,6458.556385711936,15.451091831846737,48.459816996290435,6507.016202708226,35.64081747680722,6662.053758732338
1418,6458.458940115425,15.450858708410108,48.37930467155232,6506.838244786978,35.639012736306626,6661.867950189911
1419,6458.361534072103,15.450625679598332,48.29909868623087,6506.660632758333,35.63721653898938,6661.682524702937
1420,6458.264167814026,15.45039274596657,48.21919772886432,6506.48336554289,35.63542884094625,6661.497481001006
1421,6458.166841571223,15.450159908065126,48.13960049431352,6506.306442065536,35.63364959851089,6661.312817819059
1422,6458.069555572651,15.449927166441748,48.06030568373173,6506.129861256382,35.63187876825823,6661.128533898305
1423,6457.972310043771,15.449694521635816,47.98131200453476,6505.953622048306,35.63011630700292,6660.944627983768
1424,6457.87510520953,15.44946197418548,47.90261817037109,6505.7777233799015,35.62836217179782,6660.761098827222
1425,6457.777941292038,15.449229524622101,47.824222901092135,6505.60216419313,35.62661631993244,6660.577945184837
1426,6457.680818511457,15.448997173472385,47.74612492272256,6505.4269434341795,35.62487870893146,6660.395165818031
1427,6457.583737086139,15.448764921258705,47.668322967430754,6505.25206005357,35.62314929655317,6660.212759493576
1428,6457.486697232393,15.448532768498549,47.59081577349946,6505.077513005893,35.621428040788054,6660.03072498332
1429,6457.389699164589,15.448300715704757,47.51360208529633,6504.903301249885,35.619714899857286,6659.849061064264
1430,6457.292743094621,15.448068763384262,47.43668065324484,6504.729423747866,35.61800983221126,6659.667766517985
1431,6457.195829233403,15.447836912041634,47.36005023379508,6504.555879467198,35.616312796528135,6659.4868401320955
1432,6457.098957788614,15.447605162173717,47.2837095893948,6504.382667378009,35.61462375171247,6659.306280697958
1433,6457.002128966711,15.447373514274428,47.20765748846048,6504.2097864551715,35.61294265689375,6659.126087012659
1434,6456.905342972139,15.447141968832868,47.13189270534851,6504.037235677488,35.61126947142494,6658.946257878186
1435,6456.808600006659,15.446910526331719,47.056414020326606,6503.865014026986,35.609604154881175,6658.766792100719
1436,6456.711900270977,15.44667918725114,46.981220219545115,6503.693120490522,35.60794666705835,6658.587688492226
1437,6456.615243962921,15.446447952064405,46.906310095008635,6503.52155405793,35.60629696797174,6658.408945868608
1438,6456.518631279017,15.446216821241668,46.83168244454761,6503.350313723565,35.60465501785463,6658.230563051233
1439,6456.422062413188,15.44598579524686,46.757336071790036,6503.179398484977,35.603020777157035,6658.052538865611
1440,6456.325537557871,15.445754874540361,46.68326978613344,6503.008807344005,35.60139420654425,6657.874872142472
1441,6456.229056903019,15.4455240595766,46.60948240271669,6502.838539305736,35.599775266895676,6657.697561716732
1442,6456.132620637233,15.445293350806779,46.53597274239216,6502.668593379625,35.598163919303374,6657.520606428595
1443,6456.036228946426,15.445062748675658,46.462739631697886,6502.498968578124,35.59656012507086,6657.344005122182
1444,6455.939882014866,15.444832253624082,46.3897819028298,6502.329663917696,35.594963845711774,6657.167756646542
1445,6455.843580024721,15.444601866087849,46.31709839361424,6502.160678418335,35.59337504294862,6656.991859855161
1446,6455.7473231565555,15.444371586498937,46.244687947480266,6501.992011104036,35.5917936787115,6656.81631360643
1447,6455.651111588387,15.444141415283221,46.172549413432435,6501.823661001819,35.590219715136826,6656.641116762665
1448,6455.554945496179,15.443911352861672,46.10068164602346,6501.655627142202,35.58865311456615,6656.466268190565
1449,6455.458825054868,15.443681399652794,46.02908350532698,6501.487908560195,35.58709383954484,6656.291766762215
1450,6455.362750436323,15.443451556067759,45.95775385691054,6501.320504293233,35.58554185282093,6656.117611353005
1451,6455.26672181096,15.443221822514259,45.88669157180861,6501.153413382769,35.583997117343856,6655.943800843214
1452,6455.17073934715,15.442992199395094,45.815895526495744,6500.986634873645,35.58245959626329,6655.77033411739
1453,6455.074803211442,15.442762687108711,45.74536460285981,6500.820167814301,35.58092925292793,6655.597210064538
1454,6454.978913568245,15.442533286048432,45.67509768817531,6500.65401125642,35.5794060508843,6655.424427577766
1455,6454.883070580112,15.442303996603139,45.605093675076986,6500.488164255189,35.57788995387566,6655.251985554548
1456,6454.78727440735,15.44207481915634,45.53535146153315,6500.322625868884,35.57638092584068,6655.079882896291
1457,6454.691525208889,15.441845754088252,45.46586995081961,6500.157395159709,35.57487893091241,6654.908118509178
1458,6454.5958231412205,15.441616801773256,45.39664805149327,6499.992471192714,35.57338393341719,6654.736691303079
1459,6454.500168359142,15.441387962581679,45.32768467736609,6499.827853036508,35.57189589787332,6654.565600192257
1460,6454.404561015132,15.441159236878304,45.258978747479105,6499.6635397626105,35.5704147889901,6654.394844094718
1461,6454.309001260462,15.440930625025027,45.19052918607645,6499.499530446538,35.56894057166665,6654.224421933288
1462,6454.213489244095,15.440702127378218,45.12233492257964,6499.335824166675,35.56747321099078,6654.054332634484
1463,6454.118025112885,15.4404737442892,45.054394891561806,6499.172420004447,35.56601267223793,6653.884575128683
1464,6454.022609012171,15.440245476105673,44.986708032722184,6499.009317044894,35.56455892087003,6653.715148350679
1465,6453.92724108493,15.44001732316969,44.91927329086059,6498.84651437579,35.563111922534475,6653.546051238815
1466,6453.831921472465,15.439789285819295,44.85208961585202,6498.684011088317,35.561671643063,6653.377282735641
1467,6453.736650314374,15.439561364388455,44.78515596262145,6498.521806276995,35.56023804847064,6653.208841787843
1468,6453.641427748209,15.439333559206242,44.71847129111859,6498.3598990393275,35.55881110495464,6653.04072734588
1469,6453.546253909632,15.439105870597205,44.65203456629289,6498.1982884759245,35.557390778893485,6652.872938364111
1470,6453.451128932402,15.438878298881344,44.58584475806852,6498.03697369047,35.555977036845746,6652.705473800749
1471,6453.356052948418,15.438650844374207,44.51990084131954,6497.875953789738,35.55456984554908,6652.538332617876
1472,6453.261026087923,15.438423507387375,44.45420179584518,6497.715227883768,35.55316917191928,6652.371513781617
1473,6453.166048479042,15.438196288227372,44.3887466063451,6497.554795085387,35.551774983049135,6652.205016261651
1474,6453.07112024794,15.437969187196028,44.32353426239496,6497.3946545103345,35.550387246207485,6652.038839031337
1475,6452.976241519491,15.437742204592084,44.25856375842186,6497.2348052779125,35.54900592883818,6651.872981068359
1476,6452.881412416321,15.437515340708902,44.19383409368008,6497.075246510001,35.547630998559136,6651.707441353734
1477,6452.786633059184,15.43728859583537,44.1293442722268,6496.915977331411,35.546262423161295,6651.542218872163
1478,6452.691903567336,15.437061970256785,44.06509330289797,6496.756996870235,35.544900170607676,6651.377312612378
1479,6452.597224057812,15.43683546425314,44.001080199284274,6496.598304257096,35.54354420903236,6651.212721566387
1480,6452.502594646248,15.436609078101073,43.93730397970715,6496.439898625956,35.542194506739534,6651.048444730272
1481,6452.408015446059,15.436382812071912,43.87376366719507,6496.281779113254,35.54085103220256,6650.884481103335
1482,6452.313486569399,15.43615666643397,43.81045828945966,6496.1239448588585,35.53951375406297,6650.720829689032
1483,6452.219008126159,15.43593064145014,43.74738687887218,6495.966395005031,35.53818264112956,6650.557489493945
1484,6452.12458022481,15.435704737379929,43.68454847243992,6495.80912869725,35.5368576623774,6650.394459528592
1485,6452.03020297182,15.435478954478038,43.6219421117828,6495.652145083603,35.53553878694695,6650.231738806822
1486,6451.935876471652,15.435253292994382,43.55956684311002,6495.495443314761,35.53422598414307,6650.069326345783
1487,6451.841600827881,15.43502775317675,43.497421717196836,6495.339022545078,35.53291922343417,6649.907221167016
1488,6451.747376141495,15.434802335266735,43.43550578936142,6495.182881930857,35.531618474451236,6649.74542229472
1489,6451.653202512186,15.434577039502837,43.37381811944183,6495.027020631628,35.53032370698692,6649.583928757022
1490,6451.559080037626,15.434351866118721,43.31235777177304,6494.871437809399,35.52903489099467,6649.422739585226
1491,6451.465008814064,15.434126815344651,43.251123815164156,6494.716132629228,35.5277519965878,6649.261853814385
1492,6451.370988935841,15.433901887406318,43.19011532287562,6494.561104258716,35.52647499403862,6649.1012704827845
1493,6451.277020495641,15.433677082525458,43.12933137259659,6494.406351868238,35.525203853777526,6648.94098863217
1494,6451.183103584717,15.433452400920377,43.068771046422405,6494.25187463114,35.523938546392166,6648.781007307945
1495,6451.089238291886,15.433227842803555,43.00843343083211,6494.097671722719,35.52267904262649,6648.621325558144
1496,6450.995424705354,15.433003408386014,42.94831761666613,6493.94374232202,35.521425313379986,6648.461942435222
1497,6450.901662910765,15.432779097872643,42.888422699103984,6493.790085609869,35.52017732970668,6648.3028569940925
1498,6450.807952992419,15.432554911465116,42.828747777642164,6493.636700770061,35.51893506281443,6648.1440682933035
1499,6450.714295033244,15.432330849361827,42.76929195607204,6493.483586989316,35.517698484063914,6647.985575394994
1500,6450.620689113877,15.432106911755687,42.71005434245792,6493.330743456335,35.51646756496795,6647.827377363946
1501,6450.527135314171,15.431883098837728,42.651034049115154,6493.178169363286,35.51524227719051,6647.669473269064
1502,6450.433633711513,15.431659410793094,42.59223019258839,6493.025863904101,35.51402259254597,6647.511862181676
1503,6450.340184382098,15.431435847804064,42.53364189362986,6492.873826275728,35.512808482998224,6647.35454317677
1504,6450.246787400807,15.431212410049778,42.47526827717783,6492.722055677985,35.51159992065996,6647.197515332856
1505,6450.153442840121,15.43098909770364,42.41710847233507,6492.570551312456,35.51039687779172,6647.04077773085
1506,6450.060150771496,15.430765910936595,42.359161612347535,6492.419312383844,35.50919932680114,6646.884329455429
1507,6449.966911265176,15.430542849916689,42.301426834582955,6492.26833809976,35.50800724024217,6646.728169594813
1508,6449.873724388679,15.430319914805452,42.2439032805097,6492.117627669189,35.5068205908142,6646.5722972392305
1509,6449.78059020873,15.430097105762513,42.186590095675676,6491.967180304406,35.505639351361324,6646.416711482828
1510,6449.687508790961,15.429874422944883,42.129486429687276,6491.816995220648,35.5044634948715,6646.261411423339
1511,6449.594480198319,15.429651866503155,42.072591436188446,6491.667071634507,35.503292994475814,6646.106396160477
1512,6449.501504492929,15.429429436585954,42.01590427283988,6491.517408765769,35.50212782344764,6645.951664797766
1513,6449.408581735252,15.429207133337922,41.959424101298254,6491.36800583655,35.50096795520185,6645.797216441678
1514,6449.315711984135,15.428984956899845,41.90315008719562,6491.2188620713305,35.49981336329412,6645.64305020166
1515,6449.2228952974965,15.42876290741028,41.847081400118796,6491.069976697615,35.49866402142012,6645.489165190793
1516,6449.1301317304915,15.428540985001176,41.79121721358893,6490.921348944081,35.49751990341468,6645.335560523935
1517,6449.037421338235,15.42831918980439,41.73555670504116,6490.7729780432755,35.49638098325114,6645.182235320418
1518,6448.944764172898,15.428097521944734,41.680099055804256,6490.624863228702,35.49524723504056,6645.029188701129
1519,6448.85216028661,15.427875981546915,41.624843451080515,6490.477003737691,35.49411863303091,6644.876419791375
1520,6448.759609729371,15.427654568730553,41.5697890799256,6490.329398809296,35.49299515160641,6644.723927718785
1521,6448.667112549315,15.427433283610801,41.51493513522861,6490.182047684543,35.49187676528669,6644.57171161354
1522,6448.574668793726,15.42721212630078,41.46028081369204,6490.034949607419,35.490763448726156,6644.419770609377
1523,6448.482278508318,15.426991096909852,41.4058253158121,6489.88810382413,35.48965517671319,6644.268103842832
1524,6448.389941737083,15.426770195543261,41.35156784585887,6489.741509582942,35.488551924169414,6644.116710453079
1525,6448.297658523059,15.42654942230397,41.2975076118567,6489.595166134915,35.48745366614903,6643.965589582664
1526,6448.20542890756,15.426328777290815,41.24364382556469,6489.449072733125,35.48636037783801,6643.814740376721
1527,6448.1132529305905,15.426108260599499,41.18997570245712,6489.303228633048,35.48527203455345,6643.664161983355
1528,6448.0211306308165,15.425887872322528,41.13650246170421,6489.157633092521,35.48418861174281,6643.5138535536025
1529,6447.929062044985,15.42566761254781,41.08322332615267,6489.012285371137,35.48311008498327,6643.3638142408145
1530,6447.837047209432,15.425447481362278,41.03013752230669,6488.867184731739,35.482036429980965,6643.214043202156
1531,6447.745086158551,15.425227478848209,40.977244280308646,6488.72233043886,35.480967622570304,6643.0645395970405
1532,6447.653178925317,15.42500760508449,40.924542833920235,6488.577721759237,35.479903638713296,6642.915302587639
1533,6447.561325541329,15.42478786014672,40.872032420503416,6488.433357961832,35.47884445449881,6642.766331338902
1534,6447.469526037263,15.424568244108285,40.81971228100165,6488.289238318264,35.47779004614196,6642.617625018982
1535,6447.377780442186,15.424348757038723,40.76758165992107,6488.145362102107,35.47674038998335,6642.469182798535
1536,6447.286088783759,15.424129399004208,40.715639805311916,6488.001728589071,35.4756954624884,6642.321003850895
1537,6447.194451088459,15.423910170068083,40.66388596874981,6487.858337057209,35.47465524024673,6642.173087352282
1538,6447.10286738133,15.423691070290262,40.61231940531741,6487.715186786647,35.47361969997142,6642.025432481522
1539,6447.0113376862555,15.423472099727883,40.56093937358583,6487.572277059841,35.47258881849839,6641.878038420309
1540,6446.919862025954,15.423253258435297,40.50974513559652,6487.429607161551,35.4715625727857,6641.730904353169
1541,6446.828440421744,15.423034546463501,40.458735956842816,6487.287176378587,35.47054093991291,6641.584029467208
1542,6446.737072893291,15.422815963859549,40.40791110625197,6487.144983999543,35.46952389708043,6641.437412951843
1543,6446.645759459594,15.422597510668885,40.357269856166994,6487.003029315761,35.46851142160886,6641.291053999759
1544,6446.55450013816,15.422379186933396,40.306811482328655,6486.861311620489,35.46750349093833,6641.144951806071
1545,6446.463294945259,15.422160992692007,40.25653526385767,6486.7198302091165,35.46650008262783,6640.999105568548
1546,6446.372143895959,15.421942927980764,40.20644048323682,6486.578584379196,35.46550117435466,6640.853514487639
1547,6446.281047003942,15.421724992832397,40.15652642629328,6486.437573430236,35.46450674391367,6640.70817776626
1548,6446.190004281916,15.421507187277312,40.10679238218094,6486.296796664097,35.46351676921671,6640.56309461019
1549,6446.0990157410615,15.421289511342252,40.05723764336285,6486.156253384424,35.46253122829198,6640.418264227495
1550,6446.008081391836,15.421071965052239,40.007861505593816,6486.015942897429,35.46155009928337,6640.273685829312
1551,6445.917201243199,15.420854548428705,39.95866326790293,6485.875864511102,35.46057336044988,6640.129358629059
1552,6445.826375302901,15.420637261490194,39.90964223257632,6485.736017535478,35.45960099016496,6639.985281842695
1553,6445.735603577532,15.420420104252468,39.8607977051399,6485.596401282672,35.45863296691592,6639.841454688756
1554,6445.6448860730325,15.420203076729743,39.81212899434229,6485.457015067374,35.457669269303324,6639.697876388844
1555,6445.554222793022,15.419986178930674,39.76363541213768,6485.31785820516,35.456709876040314,6639.554546165935
1556,6445.463613741125,15.419769410863935,39.71531627366896,6485.178930014794,35.45575476595211,6639.411463246685
1557,6445.373058919444,15.419552772534555,39.667170897250756,6485.040229816695,35.454803917975326,6639.268626859887
1558,6445.282558328881,15.419336263944691,39.61919860435267,6484.901756933234,35.45385731115738,6639.126036236768
1559,6445.192111969152,15.419119885093666,39.57139871958255,6484.763510688735,35.4529149246559,6638.983690610988
1560,6445.1017198391455,15.418903635978817,39.52377057066983,6484.625490409815,35.45197673773815,6638.841589218976
1561,6445.011381936443,15.418687516594362,39.47631348844904,6484.487695424892,35.45104272978042,6638.699731299437
1562,6444.9210982571285,15.41847152693093,39.42902680684324,6484.350125063972,35.45011288026741,6638.558116093135
1563,6444.830868797402,15.418255666979432,39.38190986284771,6484.21277866025,35.44918716879173,6638.4167428444935
1564,6444.74069355121,15.418039936725382,39.33496199651359,6484.075655547724,35.44826557505324,6638.275610799205
1565,6444.650572511763,15.417824336152544,39.28818255093169,6483.938755062695,35.447348078858504,6638.13471920573
1566,6444.560505671356,15.417608865242478,39.241570872216286,6483.802076543572,35.4464346601202,6637.994067315095
1567,6444.4704930212865,15.41739352397437,39.195126309489105,6483.665619330775,35.445525298856566,6637.853654380801
1568,6444.380534551653,15.417178312324529,39.14884821486332,6483.529382766516,35.44461997519083,6637.713479658596
1569,6444.290630251739,15.416963230267317,39.10273594342765,6483.393366195166,35.44371866935061,6637.573542406841
1570,6444.200780109288,15.416748277773415,39.05678885323052,6483.257568962518,35.44282136166741,6637.4338418857715
1571,6444.110984111583,15.4165334548124,39.01100630526432,6483.121990416847,35.441928032576016,6637.294377358553
1572,6444.021242244871,15.416318761351366,38.96538766344973,6482.9866299083205,35.441038662613934,6637.155148090691
1573,6443.931554494043,15.41610419735417,38.91993229462017,6482.851486788663,35.44015323242086,6637.016153349694
1574,6443.841920843228,15.415889762782841,38.87463956850624,6482.7165604117345,35.43927172273815,6636.877392405645
1575,6443.752341275378,15.415675457596599,38.82950885772031,6482.581850133099,35.43839411440822,6636.738864530775
1576,6443.662815772852,15.415461281753235,38.78453953774121,6482.447355310593,35.437520388374026,6636.600569000019
1577,6443.573344316493,15.41524723520692,38.73973098689891,6482.313075303392,35.436650525678544,6636.462505090094
1578,6443.483926886973,15.415033317911417,38.695082586359334,6482.179009473332,35.4357845074642,6636.324672080802
1579,6443.394563463075,15.41481952981597,38.65059372010926,6482.0451571831845,35.43492231497231,6636.187069253314
1580,6443.305254023531,15.414605870869693,38.60626377494128,6481.911517798472,35.434063929542646,6636.049695891983
1581,6443.215998545549,15.41439234101806,38.562092140438835,6481.778090685988,35.43320933261278,6635.912551282853
1582,6443.126797005463,15.414178940204458,38.518078208961356,6481.644875214424,35.432358505717666,6635.775634714296
1583,6443.03764937893,15.413965668370645,38.474221375629405,6481.511870754559,35.43151143048901,6635.638945477186
1584,6442.9485556407135,15.413752525456252,38.43052103831003,6481.3790766790235,35.43066808865483,6635.502482864672
1585,6442.85951576423,15.41353951139768,38.38697659760204,6481.246492361833,35.42982846203894,6635.366246171702
1586,6442.7705297225575,15.41332662613052,38.34358745682149,6481.114117179379,35.42899253256037,6635.230234696017
1587,6442.681597487747,15.413113869587912,38.300353021987135,6480.981950509735,35.428160282232895,6635.094447737448
1588,6442.592719030377,15.412901241699467,38.25727270180603,6480.849991732183,35.42733169316455,6634.9588845974495
1589,6442.503894321129,15.412688742395046,38.21434590765922,6480.718240228789,35.42650674755705,6634.823544580662
1590,6442.415123329252,15.412476371601082,38.17157205358743,6480.58669538284,35.42568542770534,6634.688426993358
1591,6442.326406023141,15.412264129241965,38.12895055627687,6480.455356579419,35.42486771599707,6634.553531144005
1592,6442.23774237054,15.412052015240526,38.08648083504516,6480.324223205585,35.42405359491208,6634.418856343453
1593,6442.149132337893,15.41184002951649,38.04416231182721,6480.19329464972,35.42324304702197,6634.284401904266
1594,6442.060575891819,15.411628171989998,38.00199441116136,6480.06257030298,35.42243605498952,6634.150167142185
1595,6441.972072997009,15.411416442576575,37.959976560175434,6479.932049557184,35.42163260156822,6634.016151374006
1596,6441.883623617761,15.411204841190816,37.91810818857285,6479.801731806334,35.42083266960185,6633.882353919102
1597,6441.795227717894,15.410993367746157,37.87638872861902,6479.671616446512,35.42003624202391,6633.7487740993165
1598,6441.706885259697,15.410782022152384,37.8348176151276,6479.541702874824,35.41924330185718,6633.615411237903
1599,6441.618596205588,15.410570804319589,37.793394285446844,6479.411990491035,35.418453832213224,6633.482264661163
1600,6441.530360516405,15.41035971415408,37.7521181794462,6479.282478695852,35.41766781629191,6633.349333696721
1601,6441.442178152472,15.410148751560937,37.710988739502795,6479.153166891974,35.41688523738092,6633.216617674581
1602,6441.354049073538,15.40993791644387,37.67000541048806,6479.024054484025,35.41610607885529,6633.084115927046
1603,6441.265973238457,15.409727208704442,37.62916763975443,6478.895140878211,35.41533032417698,6632.951827788381
1604,6441.177950605044,15.409516628241732,37.58847487712211,6478.766425482167,35.41455795689431,6632.819752594657
1605,6441.089981130659,15.409306174953729,37.54792657486597,6478.637907705525,35.4137889606416,6632.687889684316
1606,6441.002064772386,15.409095848737765,37.507522187702385,6478.509586960088,35.4130233191386,6632.5562383983415
1607,6440.914201485274,15.408885649486301,37.46726117277628,6478.381462658051,35.41226101619013,6632.424798078478
1608,6440.826391224931,15.408675577093137,37.427142989648154,6478.253534214579,35.41150203568553,6632.293568069811
1609,6440.738633945647,15.408465631448916,37.38716710028122,6478.125801045929,35.410746361598285,6632.162547718881
1610,6440.650929601048,15.408255812442698,37.34733296902861,6477.998262570077,35.40999397798551,6632.031736374313
1611,6440.563278144,15.408046119961723,37.3076400626207,6477.87091820662,35.409244868987514,6631.9011333867165
1612,6440.4756795269495,15.407836553892224,37.26808785015233,6477.743767377102,35.40849901882738,6631.770738109001
1613,6440.3881337013645,15.407627114118096,37.228675803070345,6477.616809504435,35.40775641181048,6631.64054989581
1614,6440.300640618356,15.407417800522383,37.189403395160994,6477.490044013517,35.407017032324035,6631.510568104127
1615,6440.213200227767,15.407208612985087,37.15027010253757,6477.363470330304,35.4062808648367,6631.380792092344
1616,6440.125812479177,15.40699955138559,37.11127540362794,6477.237087882804,35.40554789389813,6631.251221221261
1617,6440.038477321638,15.406790615602006,37.07241877916232,6477.1108961008,35.404818104138464,6631.121854853803
1618,6439.951194703198,15.406581805510044,37.033699712160974,6476.984894415359,35.40409148026798,6630.9926923545245
1619,6439.863964571396,15.4063731209842,36.99511768792212,6476.859082259318,35.40336800707663,6630.863733090101
1620,6439.776786873248,15.406164561897723,36.95667219400977,6476.733459067258,35.40264766943359,6630.734976429294
1621,6439.689661554987,15.405956128121979,36.918362720241745,6476.608024275229,35.40193045228686,6630.6064217426765
1622,6439.602588562167,15.405747819526715,36.88018875867768,6476.482777320844,35.40121634066279,6630.478068402727
1623,6439.5155678398,15.405539635980382,36.84214980360717,6476.357717643406,35.40050531966573,6630.349915783952
1624,6439.428599332205,15.405331577349772,36.804245351537915,6476.232844683743,35.39979737447753,6630.22196326272
1625,6439.3416829833095,15.40512364350074,36.766474901184,6476.108157884493,35.39909249035721,6630.094210217547
1626,6439.254818736076,15.404915834296833,36.728837953454146,6475.98365668953,35.398390652640444,6629.966656028516
1627,6439.1680065332375,15.404708149601047,36.691334011440176,6475.859340544677,35.39769184673924,6629.839300077993
1628,6439.081246316461,15.40450058927383,36.65396258040537,6475.735208896866,35.39699605814143,6629.712141749782
1629,6438.994538027484,15.404293153175798,36.61672316777307,6475.611261195257,35.396303272410364,6629.585180430242
1630,6438.907881606865,15.404085841164749,36.57961528311517,6475.48749688998,35.395613475184405,6629.458415507032
1631,6438.8212769949005,15.403878653097848,36.54263843814085,6475.363915433041,35.39492665217661,6629.33184637001
1632,6438.734724131155,15.403671588830516,36.505792146685216,6475.2405162778405,35.39424278917423,6629.205472410748
1633,6438.648222954742,15.403464648217085,36.46907592469813,6475.11729887944,35.39356187203838,6629.079293022806
1634,6438.561773403916,15.403257831109848,36.43248929023301,6474.994262694149,35.39288388670364,6628.95330760131
1635,6438.475375417204,15.403051137361732,36.39603176343579,6474.87140718064,35.39220881917758,6628.827515544062
1636,6438.389028931591,15.402844566821988,36.35970286653387,6474.748731798125,35.39153665554048,6628.701916249726
1637,6438.302733883827,15.4026381193393,36.32350212382513,6474.626236007653,35.39086738194484,6628.576509119112
1638,6438.216490210796,15.40243179476267,36.28742906166707,6474.5039192724635,35.39020098461502,6628.4512935555385
1639,6438.130297847735,15.402225592937166,36.25148320846598,6474.381781056201,35.38953744984689,6628.326268963036
1640,6438.044156730186,15.402019513708579,36.215664094666124,6474.259820824852,35.38887676400738,6628.201434748284
1641,6437.9580667929495,15.401813556920931,36.179971252739136,6474.1380380456885,35.38821891353413,6628.076790319562
1642,6437.872027970217,15.401607722416786,36.14440421717327,6474.01643218739,35.387563884935105,6627.952335086858
1643,6437.7860401957605,15.401402010037705,36.10896252446289,6473.895002720224,35.3869116647882,6627.828068462052
1644,6437.7001034029145,15.401196419624197,36.07364571309792,6473.773749116012,35.3862622397409,6627.7039898588855
1645,6437.614217524124,15.40099095101465,36.038453323553426,6473.652670847678,35.38561559650982,6627.580098692495
1646,6437.528382491887,15.400785604047577,36.00338489827925,6473.531767390166,35.384971721880405,6627.456394380346
1647,6437.442598238208,15.400580378560306,35.96843998168958,6473.411038219898,35.38433060270655,6627.332876341671
1648,6437.35686469398,15.400375274387512,35.93361812015284,6473.290482814133,35.38369222591018,6627.209543996842
1649,6437.271181790085,15.40017029136384,35.89891886198133,6473.170100652067,35.38305657848095,6627.086396768459
1650,6437.185549457207,15.399965429323462,35.86434175742121,6473.049891214629,35.38242364747584,6626.963434081148
1651,6437.099967624985,15.39976068809805,35.82988635864236,6472.929853983627,35.38179342001875,6626.840655360709
1652,6437.014436222961,15.399556067519045,35.795552219728386,6472.809988442689,35.38116588330024,6626.718060035046
1653,6436.928955179954,15.399351567416158,35.76133889666665,6472.69029407662,35.38054102457705,6626.595647533531
1654,6436.843524424754,15.399147187619029,35.72724594733836,6472.570770372093,35.37991883117182,6626.473417287691
1655,6436.758143885496,15.398942927955732,35.69327293150881,6472.451416817004,35.379299290472716,6626.35136873056
1656,6436.672813489494,15.398738788252377,35.65941941081748,6472.332232900311,35.37868238993307,6626.2295012965205
1657,6436.58753316424,15.398534768335503,35.62568494876844,6472.213218113008,35.37806811707102,6626.107814422267
1658,6436.502302836591,15.398330868030122,35.59206911072061,6472.094371947312,35.377456459469144,6625.9863075460025
1659,6436.417122432811,15.398127087159835,35.55857146387823,6471.975693896689,35.37684740477415,6625.864980107457
1660,6436.331991879073,15.397923425548022,35.52519157728125,6471.8571834563545,35.376240940696505,6625.743831548384
1661,6436.246911100733,15.397719883016109,35.491929021795926,6471.738840122529,35.375637055010074,6625.622861311823
1662,6436.1618800230335,15.397516459385248,35.45878337010532,6471.620663393139,35.37503573555183,6625.502068842789
1663,6436.0768985708255,15.39731315447566,35.425754196700055,6471.502652767525,35.374436970221424,6625.381453587988
1664,6435.991966668384,15.39710996810618,35.39284107786885,6471.384807746253,35.373840746980946,6625.26101499562
1665,6435.907084239724,15.396906900095034,35.360043591689426,6471.267127831414,35.373247053854485,6625.140752515681
1666,6435.822251208381,15.396703950259285,35.3273613180192,6471.1496125264,35.3726558789279,6625.020665599736
1667,6435.737467497602,15.396501118415316,35.29479383848624,6471.032261336088,35.37206721034838,6624.900753701103
1668,6435.652733030424,15.396298404379005,35.262340736480134,6470.915073766904,35.37148103632417,6624.781016274915
1669,6435.568047728945,15.396095807963984,35.23000159714299,6470.798049326088,35.37089734512423,6624.661452777379
1670,6435.483411515384,15.395893328984172,35.197776007360474,6470.681187522745,35.370316125077906,6624.542062666834
1671,6435.398824311669,15.395690967252797,35.165663555752914,6470.564487867422,35.36973736457457,6624.422845403322
1672,6435.314286038911,15.395488722581126,35.133663832666436,6470.447949871577,35.36916105206336,6624.303800448053
1673,6435.229796618301,15.395286594780625,35.10177643016416,6470.3315730484655,35.368587176052785,6624.184927264295
1674,6435.145355970738,15.395084583662053,35.070000942017494,6470.215356912756,35.368015725110446,6624.066225316987
1675,6435.06096401598,15.394882689033444,35.03833696369741,6470.0993009796775,35.36744668786268,6623.9476940718805
1676,6434.976620674448,15.394680910704421,35.00678409236584,6469.983404766814,35.366880052994325,6623.829332997339
1677,6434.892325865692,15.394479248482517,34.97534192686708,6469.86766779256,35.36631580924829,6623.71114156279
1678,6434.808079509006,15.394277702174657,34.944010067719276,6469.752089576726,35.36575394542529,6623.5931192393255
1679,6434.723881523486,15.394076271587286,34.91278811710601,6469.636669640592,35.365194450383555,6623.475265499761
1680,6434.639731827498,15.393874956525114,34.88167567886778,6469.521407506365,35.364637313038486,6623.357579818083
1681,6434.55563034005,15.393673756794378,34.85067235849375,6469.406302698544,35.36408252236234,6623.24006167082
1682,6434.471576978315,15.393472672196927,34.81977776311338,6469.291354741428,35.363530067383934,6623.122710534548
1683,6434.387571660825,15.39327170253786,34.78899150148814,6469.176563162314,35.36297993718835,6623.005525889083
1684,6434.303614304556,15.393070847618555,34.75831318400341,6469.061927488559,35.36243212091661,6622.888507214547
1685,6434.219704826705,15.392870107240922,34.727742422660256,6468.947447249366,35.36188660776538,6622.771653993145
1686,6434.135843144291,15.392669481206438,34.69727883106734,6468.833121975359,35.361343386986654,6622.654965708751
1687,6434.052029173523,15.392468969314647,34.66692202443289,6468.718951197956,35.36080244788748,6622.538441846266
1688,6433.968262830944,15.392268571365895,34.63667161955672,6468.604934450501,35.36026377982961,6622.42208189276
1689,6433.8845440323075,15.392068287158631,34.606527234822266,6468.49107126713,35.3597273722293,6622.305885336327
1690,6433.800872693386,15.391868116491354,34.57648849018867,6468.377361183574,35.35919321455688,6622.189851666896
1691,6433.717248729687,15.39166805916193,34.546555007183,6468.26380373687,35.358661296336585,6622.073980375933
1692,6433.633672056097,15.391468114966738,34.51672640889244,6468.150398464989,35.35813160714617,6621.958270956075
1693,6433.550142587715,15.391268283702667,34.4870023199565,6468.037144907671,35.357604136616686,6621.8427229019535
1694,6433.466660239046,15.391068565165183,34.457382366559386,6467.924042605606,35.35707887443213,6621.727335709385
1695,6433.383224924349,15.39086895914916,34.427866176422334,6467.811091100771,35.35655581032922,6621.612108875703
1696,6433.299836557796,15.390669465449273,34.39845337879603,6467.698289936592,35.35603493409705,6621.497041899915
1697,6433.216495053308,15.390470083859588,34.36914360445304,6467.585638657761,35.35551623557686,6621.38213428252
1698,6433.133200323903,15.390270814172016,34.33993648568038,6467.473136809584,35.354999704661665,6621.267385524862
1699,6433.049952283694,15.390071656181087,34.31083165627199,6467.3607839399665,35.35448533129609,6621.1527951311045
1700,6432.966750845211,15.38987260967754,34.281828751521395,6467.248579596732,35.35397310547601,6621.038362605553
1701,6432.883595921461,15.389673674453256,34.252927408214326,6467.136523329676,35.353463017248274,6620.924087454706
1702,6432.800487425136,15.38947485029937,34.224127264621444,6467.024614689758,35.352955056710464,6620.809969186448
1703,6432.717425268402,15.389276137005746,34.19542796049107,6466.912853228892,35.35244921401062,6620.696007309839
1704,6432.634409363327,15.389077534362027,34.16682913704198,6466.8012385003685,35.35194547934691,6620.582201335527
1705,6432.551439622084,15.388879042158097,34.13833043695628,6466.689770059041,35.35144384296742,6620.468550775949
1706,6432.46851595624,15.388680660182391,34.10993150437222,6466.578447460612,35.350944295169825,6620.355055144601
1707,6432.385638277217,15.388482388223007,34.08163198487721,6466.467270262095,35.350446826301166,6620.241713956505
1708,6432.30280649651,15.388284226068206,34.05343152550077,6466.356238022011,35.349951426757556,6620.1285267284065
1709,6432.220020524838,15.388086173504398,34.0253297747075,6466.245350299546,35.34945808698396,6620.015492977926
1710,6432.137280273037,15.38788823031827,33.99732638239025,6466.134606655427,35.34896679747385,6619.902612224439
1711,6432.054585651997,15.387690396296643,33.96942099986313,6466.02400665186,35.348477548769004,6619.789883989005
1712,6431.971936571849,15.38749267122452,33.941613279854835,6465.913549851704,35.347990331459194,6619.677307793552
1713,6431.889332943118,15.387295054887842,33.913902876501645,6465.803235819619,35.347505136181994,6619.56488316201
1714,6431.806774675488,15.387097547070544,33.88628944534084,6465.693064120828,35.34702195362246,6619.452609619086
1715,6431.724261678955,15.38690014755731,33.85877264330393,6465.58303432226,35.346540774512874,6619.340486691391
1716,6431.641793863129,15.386702856131889,33.831352128709995,6465.473145991839,35.34606158963254,6619.228513906741
1717,6431.559371137569,15.386505672577915,33.80402756125903,6465.363398698828,35.34558438980745,6619.116690794491
1718,6431.476993411525,15.386308596678289,33.776798602025494,6465.25379201355,35.3451091659101,6619.0050168852595
1719,6431.394660593838,15.386111628214923,33.74966491345165,6465.14432550729,35.344635908859196,6618.893491710827
1720,6431.312372593741,15.385914766970673,33.72262615934115,6465.034998753083,35.34416460961941,6618.782114804927
1721,6431.230129319659,15.385718012726457,33.69568200485255,6464.925811324511,35.343695259201155,6618.670885702037
1722,6431.147930680326,15.385521365263937,33.66883211649298,6464.816762796819,35.343227848660305,6618.559803938491
1723,6431.065776584091,15.385324824363853,33.642076162111664,6464.707852746203,35.34276236909795,6618.448869051779
1724,6430.983666939321,15.385128389806987,33.61541381089373,6464.599080750215,35.34229881166018,6618.338080580937
1725,6430.901601653705,15.384932061372501,33.58884473335384,6464.490446387059,35.341837167537804,6618.227438065848
1726,6430.819580635649,15.384735838841266,33.56236860133002,6464.3819492369785,35.34137742796614,6618.116941048631
1727,6430.737603792411,15.384539721991414,33.53598508797746,6464.273588880389,35.34091958422474,6618.006589071767
1728,6430.655671031851,15.384343710602515,33.50969386776227,6464.165364899613,35.34046362763716,6617.896381679835
1729,6430.573782261145,15.384147804452502,33.4834946164555,6464.057276877601,35.340009549570745,6617.786318418233
1730,6430.491937388111,15.38395200332084,33.457387011126976,6463.949324399238,35.33955734143637,6617.6763988344865
1731,6430.4101363194,15.383756306984212,33.43137073013927,6463.841507049539,35.33910699468818,6617.566622476433
1732,6430.328378961995,15.383560715220085,33.40544545314177,6463.733824415137,35.3386585008234,6617.4569888937185
1733,6430.2466652229705,15.38336522780615,33.3796108610647,6463.626276084035,35.338211851382084,6617.347497637547
1734,6430.164995008888,15.38316984451887,33.353866636113175,6463.5188616450005,35.33776703794686,6617.2381482600695
1735,6430.083368226671,15.382974565135576,33.32821246176137,6463.411580688433,35.33732405214272,6617.128940315254
1736,6430.001784782158,15.382779389431,33.30264802274664,6463.3044328049045,35.33688288563682,6617.019873357424
1737,6429.920244582118,15.3825843171821,33.27717300506376,6463.197417587182,35.33644353013817,6616.910946943283
1738,6429.838747532523,15.38238934816393,33.251787095959145,6463.090534628482,35.33600597739749,6616.802160630161
1739,6429.757293539262,15.382194482151345,33.22648998392515,6462.9837835231865,35.33557021920693,6616.6935139767365
1740,6429.6758825086135,15.381999718920127,33.201281358694345,6462.877163867308,35.33513624739987,6616.585006543497
1741,6429.59451434644,15.381805058245071,33.17616091123392,6462.770675257673,35.3347040538507,6616.476637891924
1742,6429.513188958009,15.381610499899542,33.15112833374006,6462.664317291749,35.33427363047457,6616.368407584314
1743,6429.431906249122,15.381416043658188,33.12618331963233,6462.558089568754,35.33384496922719,6616.2603151848925
1744,6429.350666125253,15.381221689294865,33.101325563548215,6462.451991688801,35.333418062104606,6616.152360258956
1745,6429.269468491812,15.381027436583283,33.07655476133756,6462.34602325315,35.33299290114297,6616.044542373122
1746,6429.188313253758,15.380833285296072,33.051870610057136,6462.240183863815,35.33256947841835,6615.936861094935
1747,6429.1072003164945,15.380639235206925,33.02727280796519,6462.13447312446,35.33214778604648,6615.829315993762
1748,6429.026129584887,15.380445286088246,33.00276105451609,6462.028890639403,35.33172781618255,6615.7219066397965
1749,6428.945100963904,15.380251437712689,32.97833505035493,6461.923436014259,35.331309561021015,6615.6146326047
1750,6428.864114358268,15.380057689852316,32.95399449731225,6461.81810885558,35.330893012795364,6615.50749346124
1751,6428.783169672968,15.379864042279829,32.929739098398684,6461.7129087713665,35.33047816377792,6615.4004887838
1752,6428.702266812334,15.379670494766348,32.90556855779982,6461.607835370133,35.330065006279604,6615.29361814745
1753,6428.621405680928,15.37947704708356,32.881482580870845,6461.502888261798,35.32965353264977,6615.186881128824
1754,6428.5405861833915,15.379283699003329,32.85748087413151,6461.398067057523,35.329243735275945,6615.080277305973
1755,6428.459808223738,15.379090450296024,32.83356314526085,6461.293371368999,35.328835606583674,6614.973806257638
1756,6428.379071706558,15.378897300733392,32.809729103092124,6461.188800809649,35.32842913903626,6614.867467564457
1757,6428.298376535917,15.378704250085926,32.78597845760777,6461.084354993524,35.3280243251346,6614.76126080786
1758,6428.217722615559,15.378511298123348,32.76231091993428,6460.980033535493,35.32762115741697,6614.655185570256
1759,6428.137109850096,15.378318444617454,32.738726202337276,6460.875836052433,35.32721962845879,6614.549241436229
1760,6428.05653814293,15.378125689337152,32.715224018216404,6460.771762161146,35.32681973087249,6614.443427990442
1761,6427.976007398224,15.377933032053168,32.69180408210054,6460.667811480324,35.32642145730725,6614.337744819611
1762,6427.895517519768,15.37774047253533,32.668466109642715,6460.56398362941,35.3260248004488,6614.2321915113625
1763,6427.815068410823,15.377548010552209,32.64520981761534,6460.460278228438,35.3256297530193,6614.126767654072
1764,6427.73465997556,15.377355645874546,32.622034923905304,6460.356694899466,35.325236307777026,6614.021472838296
1765,6427.654292117313,15.377163378271083,32.59894114750917,6460.2532332648225,35.32484445751628,6613.916306655018
1766,6427.57396473942,15.376971207510575,32.57592820852838,6460.1498929479485,35.324454195067126,6613.8112686964905
1767,6427.493677745613,15.376779133362712,32.552995828164455,6460.046673573777,35.32406551329523,6613.706358556611
1768,6427.413431038895,15.376587155595443,32.530143728714336,6459.94357476761,35.32367840510165,6613.601575829802
1769,6427.333224522619,15.376395273977558,32.50737163356562,6459.840596156185,35.323292863422665,6613.496920112073
1770,6427.253058100418,15.376203488278511,32.484679267191936,6459.737737367609,35.32290888122957,6613.392391000958
1771,6427.17293167511,15.376011798265813,32.46206635514827,6459.634998030258,35.322526451528475,6613.287988094407
1772,6427.092845149656,15.37582020370731,32.43953262406637,6459.532377773722,35.32214556736013,6613.183710991739
1773,6427.012798427535,15.375628704372094,32.41707780165018,6459.4298762291855,35.321766221799734,6613.079559294014
1774,6426.93279141152,15.37543730002756,32.39470161667129,6459.327493028191,35.321388407956775,6612.9755326028035
1775,6426.852824004378,15.375245990441096,32.37240379896438,6459.225227803342,35.321012118974785,6612.871630520883
1776,6426.772896109518,15.375054775381622,32.35018407942278,6459.123080188941,35.32063734803121,6612.767852652876
1777,6426.6930076293065,15.374863654615567,32.32804218999396,6459.0210498193,35.32026408833722,6612.664198603567
1778,6426.613158466793,15.374672627910988,32.30597786367513,6458.919136330468,35.31989233313748,6612.5606679796165
1779,6426.533348524661,15.374481695035074,32.2839908345088,6458.81733935917,35.319522075710054,6612.457260388508
1780,6426.45357770569,15.37429085575524,32.26208083757841,6458.715658543269,35.31915330936613,6612.353975439011
1781,6426.373845912392,15.37410010983826,32.240247609004,6458.614093521396,35.31878602744994,6612.250812740804
1782,6426.294153047744,15.373909457052019,32.21849088593788,6458.512643933682,35.318420223338464,6612.1477719052045
1783,6426.214499014124,15.373718897162977,32.19681040656032,6458.411309420684,35.318055890441364,6612.044852544104
1784,6426.13488371405,15.37352842993792,32.17520591007525,6458.310089624126,35.31769302220073,6611.942054270699
1785,6426.055307049931,15.373338055143375,32.1536771367061,6458.208984186637,35.317331612090946,6611.839376699233
1786,6425.975768924454,15.373147772546542,32.132223827691526,6458.107992752146,35.316971653618516,6611.736819445387
1787,6425.896269240178,15.372957581914303,32.11084572528123,6458.00711496546,35.31661314032185,6611.63438212586
1788,6425.81680789925,15.372767483012561,32.089542572731794,6457.9063504719825,35.31625606577115,6611.532064358087
1789,6425.737384804139,15.372577475607988,32.06831411430257,6457.8056989184415,35.31590042356821,6611.429865760963
1790,6425.657999857218,15.372387559467029,32.0471600952515,6457.705159952469,35.31554620734622,6611.327785954425
1791,6425.57865296116,15.372197734356842,32.02608026183111,6457.604733222991,35.31519341076966,6611.225824559839
1792,6425.499344017764,15.372008000042499,32.00507436128443,6457.504418379049,35.31484202753407,6611.123981198822
1793,6425.420072929473,15.371818356290603,31.984142141840906,6457.404215071313,35.31449205136591,6611.022255494755
1794,6425.34083959857,15.371628802867392,31.963283352712438,6457.304122951282,35.314143476022394,6610.920647071979
1795,6425.261643927324,15.371439339539053,31.942497744089415,6457.204141671414,35.313796295291304,6610.819155555931
1796,6425.182485818138,15.371249966072101,31.92178506713671,6457.104270885275,35.31345050299086,6610.7177805732845
1797,6425.10336517306,15.371060682232201,31.901145073989767,6457.00451024705,35.31310609296955,6610.616521751468
1798,6425.024281893939,15.370871487784543,31.880577517750638,6456.904859411689,35.31276305910593,6610.5153787188
1799,6424.945235883433,15.370682382496252,31.860082152484168,6456.8053180359175,35.31242139530849,6610.414351105509
1800,6424.866227043559,15.370493366132916,31.83965873321408,6456.705885776773,35.312081095515516,6610.313438542265
1801,6424.787255276346,15.370304438460156,31.819307015919183,6456.606562292265,35.311742153694894,6610.212640660838
1802,6424.708320484035,15.370115599244102,31.79902675752947,6456.507347241564,35.311404563843936,6610.111957094286
1803,6424.629422568603,15.369926848250246,31.778817715922397,6456.408240284526,35.311068319989296,6610.011387476479
1804,6424.550561432479,15.369738185245167,31.75867964991908,6456.309241082398,35.31073341618671,6609.910931442811
1805,6424.471736977335,15.369549609993625,31.738612319280556,6456.210349296616,35.31039984652092,6609.810588628982
1806,6424.392949105446,15.369361122261832,31.71861548470403,6456.11156459015,35.31006760510551,6609.710358672359
1807,6424.314197719146,15.36917272181614,31.698688907819218,6456.012886626965,35.309736686082694,6609.610241211425
1808,6424.235482719932,15.368984408420891,31.67883235118458,6455.914315071117,35.309407083623235,6609.510235884878
1809,6424.156804010643,15.368796181843644,31.659045578283784,6455.8158495889265,35.309078791926254,6609.410342333806
1810,6424.078161492551,15.368608041848209,31.639328353521947,6455.717489846073,35.30875180521906,6609.310560198775
1811,6423.999555068371,15.368419988201843,31.619680442222062,6455.619235510593,35.308426117757044,6609.210889122836
1812,6423.920984639923,15.368232020669671,31.600101610621437,6455.521086250544,35.308101723823526,6609.111328749176
1813,6423.842450109263,15.368044139017377,31.580591625868074,6455.423041735131,35.307778617729525,6609.011878722255
1814,6423.763951378367,15.367856343010446,31.56115025601708,6455.325101634384,35.30745679381374,6608.912538687474
1815,6423.685488349551,15.367668632415192,31.54177727002725,6455.227265619578,35.30713624644228,6608.813308291602
1816,6423.607060924615,15.367481006996687,31.522472437757436,6455.129533362373,35.306816970008605,6608.71418718191
1817,6423.528669005889,15.367293466521266,31.503235529963103,6455.031904535852,35.306498958933304,6608.615175007212
1818,6423.450312495554,15.367106010754913,31.48406631829287,6454.934378813847,35.30618220766404,6608.516271417186
1819,6423.371991295325,15.366918639462499,31.464964575285027,6454.83695587061,35.305866710675325,6608.417476062047
1820,6423.293705307753,15.366731352410893,31.44593007436411,6454.739635382117,35.30555246246841,6608.318788593854
1821,6423.215454434723,15.366544149365366,31.42696258983749,6454.642417024561,35.305239457571176,6608.220208664996
1822,6423.137238578136,15.366357030091235,31.40806189689198,6454.545300475028,35.3049276905379,6608.121735928868
1823,6423.059057640583,15.366169994355461,31.38922777159045,6454.448285412173,35.30461715594922,6608.023370040552
1824,6422.980911524137,15.365983041923773,31.37045999086847,6454.351371515006,35.30430784841192,6607.925110655598
1825,6422.902800130592,15.365796172561225,31.351758332531013,6454.254558463123,35.303999762558824,6607.826957430254
1826,6422.824723362681,15.365609386035121,31.333122575249057,6454.15784593793,35.303692893048634,6607.728910022692
1827,6422.746681122178,15.365422682110475,31.314552498556367,6454.061233620735,35.30338723456582,6607.630968091096
1828,6422.668673311333,15.365236060553428,31.29604788284614,6453.964721194179,35.30308278182045,6607.533131295098
1829,6422.5906998326045,15.365049521130633,31.277608509367838,6453.868308341973,35.30277952954812,6607.4353992955075
1830,6422.512760588226,15.364863063608198,31.25923416022384,6453.77199474845,35.30247747250971,6607.337771753868
1831,6422.4348554802355,15.364676687751759,31.24092461836627,6453.6757800986015,35.302176605491354,6607.240248332489
1832,6422.356984411144,15.364490393328097,31.22267966759379,6453.5796640787385,35.30187692330422,6607.142828695112
1833,6422.279147283199,15.364304180103346,31.204499092548346,6453.483646375747,35.30157842078448,6607.04551250616
1834,6422.201343998769,15.364118047843943,31.186382678712068,6453.387726677481,35.30128109279306,6606.94829943113
1835,6422.123574459869,15.363931996315475,31.168330212404083,6453.291904672273,35.300984934215606,6606.85118913611
1836,6422.045838569451,15.363746025285767,31.15034148077737,6453.196180050229,35.30068993996229,6606.754181289065
1837,6421.968136229923,15.363560134521348,31.13241627181565,6453.100552501739,35.300396104967696,6606.657275558348
1838,6421.890467343137,15.36337432378741,31.11455437433023,6453.005021717468,35.300103424190695,6606.560471612697
1839,6421.812831811931,15.36318859285151,31.096755577956976,6452.909587389888,35.29981189261434,6606.46376912276
1840,6421.735229538839,15.363002941480476,31.07901967315322,6452.814249211992,35.29952150524569,6606.367167759811
1841,6421.65766042615,15.36281736944055,31.061346451194677,6452.719006877344,35.29923225711575,6606.270667195798
1842,6421.580124376842,15.362631876499622,31.043735704172413,6452.623860081015,35.29894414327922,6606.174267104279
1843,6421.5026212929515,15.362446462423328,31.026187224989844,6452.528808517942,35.29865715881453,6606.077967158785
1844,6421.425151077481,15.36226112697962,31.008700807359663,6452.433851884841,35.298371298823604,6605.981767034724
1845,6421.347713632901,15.36207586993517,30.991276245800947,6452.338989878702,35.298086558431734,6605.885666407879
1846,6421.270308861949,15.361890691057294,30.973913335636055,6452.244222197585,35.29780293278756,6605.789664955211
1847,6421.1929366673485,15.361705590113274,30.956611872987764,6452.149548540337,35.297520417062834,6605.69376235456
1848,6421.115596951673,15.36152056687003,30.93937165477626,6452.05496860645,35.29723900645232,6605.5979582845175
1849,6421.038289618095,15.361335621095922,30.922192478716234,6451.960482096812,35.29695869617376,6605.502252425167
1850,6420.961014569091,15.361150752557634,30.905074143313954,6451.866088712405,35.2966794814676,6605.406644456789
1851,6420.883771707708,15.360965961023224,30.88801644786436,6451.771788155572,35.296401357597034,6605.3111340611185
1852,6420.80656093641,15.360781246259355,30.871019192448166,6451.677580128859,35.29612431984776,6605.215720920196
1853,6420.7293821585135,15.360596608034722,30.854082177928994,6451.583464336442,35.29584836352794,6605.120404717789
1854,6420.652235277169,15.360412046117629,30.837205205950475,6451.489440483119,35.29557348396801,6605.02518513838
1855,6420.575120195215,15.360227560275634,30.820388078933483,6451.395508274149,35.295299676520614,6604.930061867013
1856,6420.49803681531,15.360043150275862,30.803630600073255,6451.301667415383,35.29502693656049,6604.835034589421
1857,6420.42098504106,15.359858815887703,30.786932573336507,6451.207917614396,35.29475525948432,6604.7401029931525
1858,6420.343964775471,15.359674556879117,30.77029380345877,6451.11425857893,35.294484640710635,6604.645266766021
1859,6420.266975921435,15.359490373017787,30.75371409594147,6451.020690017376,35.294215075679716,6604.550525596583
1860,6420.190018382669,15.359306264073371,30.737193257049185,6450.927211639719,35.293946559853445,6604.4558791750815
1861,6420.113092061831,15.359122229812993,30.72073109380694,6450.833823155637,35.293679088715216,6604.361327191548
1862,6420.036196862583,15.35893827000618,30.704327413997355,6450.74052427658,35.29341265776981,6604.266869337878
1863,6419.959332688587,15.358754384422458,30.687982026157986,6450.647314714745,35.2931472625433,6604.1725053068085
1864,6419.882499442734,15.358570572829507,30.671694739578548,6450.554194182313,35.29288289858289,6604.078234791148
1865,6419.805697028591,15.358386834996628,30.655465364298237,6450.461162392889,35.29261956145691,6603.984057485226
1866,6419.728925349774,15.358203170693239,30.639293711103015,6450.368219060877,35.29235724675456,6603.8899730842595
1867,6419.652184309787,15.358019579688486,30.623179591522884,6450.27536390131,35.29209595008594,6603.795981284184
1868,6419.5754738121705,15.357836061751604,30.607122817829293,6450.182596629999,35.29183566708183,6603.702081781806
1869,6419.498793760473,15.35765261665185,30.591123203032407,6450.089916963505,35.291576393393655,6603.608274274768
1870,6419.422144058981,15.35746924416024,30.575180560878465,6449.99732461986,35.29131812469333,6603.514558462276
1871,6419.345524610528,15.357285944044325,30.559294705847158,6449.904819316375,35.29106085667322,6603.420934042904
1872,6419.268935319626,15.357102716075659,30.543465453148997,6449.812400772775,35.29080458504595,6603.327400717724
1873,6419.1923760899645,15.356919560023838,30.527692618722682,6449.720068708687,35.29054930554435,6603.233958187805
1874,6419.115846825112,15.356736475658163,30.51197601923251,6449.627822844345,35.29029501392134,6603.140606154903
1875,6419.039347429456,15.356553462749895,30.496315472065774,6449.535662901521,35.29004170594981,6603.047344322403
1876,6418.962877806722,15.356370521068712,30.48071079533021,6449.443588602052,35.289789377422544,6602.95417239384
1877,6418.8864378613025,15.356187650385891,30.4651618078514,6449.351599669154,35.28953802415208,6602.861090074215
1878,6418.8100274968165,15.356004850470853,30.449668329170166,6449.2596958259865,35.28928764197066,6602.768097068559
1879,6418.733646617983,15.355822121095654,30.434230179540144,6449.167876797524,35.289038226730064,6602.675193083799
1880,6418.657295128964,15.355639462031013,30.418847179925123,6449.076142308889,35.288789774301556,6602.582377827101
1881,6418.58097293367,15.355456873047057,30.403519151996612,6448.984492085667,35.28854228057578,6602.489651006172
1882,6418.504679936683,15.35527435391551,30.388245918131283,6448.892925854814,35.28829574146263,6602.397012330177
1883,6418.428416042372,15.355091904407589,30.37302730140846,6448.801443343781,35.28805015289116,6602.3044615088575
1884,6418.352181155294,15.35490952429496,30.357863125607622,6448.7100442809015,35.28780551080952,6602.211998252923
1885,6418.275975180329,15.354727213350069,30.342753215205928,6448.618728395535,35.28756181118479,6602.119622274189
1886,6418.199798021349,15.354544971342941,30.327697395375782,6448.527495416725,35.28731905000296,6602.027333284238
1887,6418.12364958331,15.354362798046196,30.312695491982325,6448.436345075293,35.28707722326875,6601.935130996511
1888,6418.047529771268,15.3541806932327,30.297747331580993,6448.34527710285,35.2868363270056,6601.843015125324
1889,6417.971438489594,15.35399865667367,30.282852741415056,6448.254291231009,35.28659635725551,6601.750985385071
1890,6417.895375643211,15.353816688141654,30.26801154941321,6448.163387192624,35.28635731007895,6601.659041491468
1891,6417.819341137251,15.353634787409693,30.25322358418718,6448.0725647214385,35.28611918155478,6601.567183161202
1892,6417.743334876439,15.353452954249853,30.238488675029235,6447.981823551469,35.28588196778017,6601.475410111312
1893,6417.667356765765,15.353271188434846,30.22380665190985,6447.891163417675,35.28564566487049,6601.383722059862
1894,6417.591406710721,15.353089489738565,30.209177345475283,6447.8005840561955,35.2854102689592,6601.292118726168
1895,6417.515484616139,15.352907857933346,30.1946005870452,6447.710085203184,35.28517577619778,6601.200599829644
1896,6417.439590387397,15.352726292792816,30.18007620861031,6447.619666596008,35.28494218275563,6601.109165090995
1897,6417.3637239297495,15.35254479409031,30.16560404282994,6447.529327972579,35.28470948481998,6601.017814231546
1898,6417.287885148551,15.352363361599405,30.151183923029777,6447.439069071581,35.28447767859576,6600.926546973473
1899,6417.212073949213,15.352181995093812,30.13681568319945,6447.3488896324125,35.284246760305585,6600.835363039741
1900,6417.136290237511,15.352000694348114,30.122499157990184,6447.2587893955015,35.28401672618963,6600.744262154426
1901,6417.060533918642,15.351819459135507,30.10823418271255,6447.1687681013545,35.2837875725055,6600.653244041753
1902,6416.984804898477,15.351638289230806,30.094020593334044,6447.078825491811,35.28355929552821,6600.562308427358
1903,6416.909103082729,15.351457184408444,30.079858226476837,6446.988961309206,35.283331891550006,6600.471455037449
1904,6416.833428377109,15.351276144442846,30.065746919415464,6446.899175296525,35.28310535688039,6600.380683598954
1905,6416.75778068758,15.351095169109042,30.05168651007451,6446.809467197654,35.28287968784594,6600.289993839784
1906,6416.682159920046,15.350914258181927,30.03767683702637,6446.719836757072,35.28265488079026,6600.1993854885095
1907,6416.606565980462,15.350733411436511,30.0237177394889,6446.630283719951,35.28243093207389,6600.108858274472
1908,6416.530998775095,15.350552628648552,30.009809057323224,6446.540807832418,35.282207838074214,6600.018411928041
1909,6416.455458209864,15.350371909592978,29.99595063103142,6446.451408840896,35.281985595185375,6599.928046179953
1910,6416.379944191203,15.35019125404594,29.982142301754273,6446.362086492958,35.28176419981823,6599.837760762167
1911,6416.304456625254,15.350010661782903,29.968383911269065,6446.272840536523,35.28154364840015,6599.747555407064
1912,6416.228995418364,15.349830132579818,29.954675301987308,6446.183670720352,35.281323937375085,6599.657429847934
1913,6416.15356047724,15.349649666213493,29.94101631695252,6446.094576794192,35.28110506320337,6599.567383819127
1914,6416.078151708204,15.349469262459818,29.92740679983804,6446.005558508042,35.280887022361696,6599.4774170553155
1915,6416.0027690179695,15.34928892109562,29.913846594944758,6445.916615612914,35.280669811342996,6599.387529292256
1916,6415.92741231328,15.349108641897798,29.90033554719894,6445.827747860479,35.280453426656386,6599.297720266434
1917,6415.8520815007105,15.348928424642848,29.88687350215003,6445.73895500286,35.28023786482708,6599.207989714858
1918,6415.776776487269,15.348748269108299,29.87346030596847,6445.650236793237,35.28002312239627,6599.118337375661
1919,6415.701497179683,15.348568175071012,29.86009580544351,6445.561592985127,35.279809195921125,6599.028762987385
1920,6415.62624348525,15.34838814230921,29.846779847981004,6445.473023333231,35.279596081974624,6598.939266289821
1921,6415.551015310939,15.348208170600332,29.83351228160132,6445.3845275925405,35.27938377714555,6598.849847023123
1922,6415.47581256392,15.348028259722296,29.820292954937095,6445.296105518857,35.27917227803833,6598.760504928324
1923,6415.400635151285,15.347848409452835,29.80712171723114,6445.207756868516,35.278961581273016,6598.671239747054
1924,6415.325482980548,15.34766861957069,29.793998418334276,6445.119481398882,35.278751683485204,6598.5820512220425
1925,6415.250355959104,15.347488889854317,29.780922908703186,6445.0312788678075,35.27854258132593,6598.492939096575
1926,6415.175253994426,15.34730922008236,29.767895039398304,6444.943149033825,35.27833427146161,6598.403903114683
1927,6415.100176994103,15.34712961003374,29.75491466208168,6444.855091656184,35.278126750573946,6598.3149430211815
1928,6415.025124865606,15.346950059487096,29.74198162901489,6444.767106494621,35.277920015359854,6598.226058561436
1929,6414.9500975170195,15.346770568222535,29.729095793056874,6444.679193310077,35.27771406253142,6598.137249482088
1930,6414.87509485598,15.346591136019091,29.7162570076619,6444.591351863642,35.27750888881576,6598.04851552999
1931,6414.800116790371,15.346411762656391,29.703465126877386,6444.503581917249,35.27730449095501,6597.959856452903
1932,6414.725163228126,15.346232447914177,29.690720005341888,6444.415883233468,35.27710086570622,6597.87127199929
1933,6414.650234077654,15.346053191573336,29.67802149828298,6444.328255575937,35.27689800984126,6597.7827619187465
1934,6414.575329246726,15.345873993413221,29.665369461515205,6444.240698708241,35.27669592014679,6597.69432596088
1935,6414.500448644137,15.345694853215639,29.652763751437988,6444.153212395575,35.27649459342413,6597.60596387697
1936,6414.42559217744,15.345515770759427,29.640204225033543,6444.065796402474,35.27629402648925,6597.517675417702
1937,6414.350759755804,15.345336745827282,29.62769073986489,6443.978450495669,35.27609421617264,6597.4294603360195
1938,6414.275951287373,15.345157778199455,29.615223154073746,6443.891174441446,35.27589515931929,6597.341318384485
1939,6414.201166680827,15.34497886765748,29.60280132637851,6443.803968007205,35.27569685278856,6597.2532493168355
1940,6414.126405845193,15.344800013983717,29.590425116072243,6443.716830961265,35.27549929345415,6597.165252887791
1941,6414.051668688686,15.34462121695858,29.578094383020577,6443.629763071706,35.27530247820403,6597.077328851894
1942,6413.976955120623,15.344442476365126,29.565808987659725,6443.542764108282,35.27510640394034,6596.989476965423
1943,6413.902265049774,15.344263791985105,29.553568790994518,6443.455833840768,35.274911067579346,6596.901696984738
1944,6413.827598385188,15.344085163600928,29.5413736545963,6443.368972039784,35.27471646605133,6596.813988667108
1945,6413.752955036092,15.343906590995436,29.529223440600983,6443.282178476693,35.27452259630059,6596.726351770601
1946,6413.678334911852,15.3437280739518,29.517118011707044,6443.195452923559,35.2743294552853,6596.63878605405
1947,6413.6037379217305,15.343549612252943,29.505057231173517,6443.108795152904,35.274137039977504,6596.551291276806
1948,6413.52916397515,15.343371205682178,29.493040962818007,6443.022204937968,35.27394534736297,6596.463867198997
1949,6413.454612981541,15.343192854022824,29.481069071014723,6442.935682052555,35.273754374441175,6596.376513581375
1950,6413.380084850561,15.343014557058758,29.469141420692495,6442.849226271253,35.27356411822525,6596.289230185534
1951,6413.305579491908,15.342836314573944,29.457257877332815,6442.762837369241,35.273374575741876,6596.202016773718
1952,6413.231096815698,15.342658126353344,29.44541830696785,6442.6765151226655,35.273185744031224,6596.114873109202
1953,6413.156636731397,15.342479992180376,29.433622576178507,6442.590259307575,35.27299762014691,6596.027798955214
1954,6413.082199149327,15.342301911840494,29.421870552092475,6442.504069701419,35.2728102011559,6595.940794076448
1955,6413.007783979272,15.342123885117875,29.410162102382298,6442.417946081654,35.27262348413845,6595.853858237656
1956,6412.9333911318,15.341945911798565,29.398497095263394,6442.331888227063,35.27243746618806,6595.766991204981
1957,6412.8590205170685,15.341767991667629,29.386875399492162,6442.245895916561,35.27225214441141,6595.6801927447505
1958,6412.784672045397,15.34159012451052,29.37529688436401,6442.159968929761,35.27206751592825,6595.593462624049
1959,6412.7103456271925,15.3414123101129,29.36376141971151,6442.074107046904,35.27188357787139,6595.506800610645
1960,6412.63604117309,15.341234548260982,29.352268875902414,6441.988310048992,35.271700327386625,6595.420206473124
1961,6412.5617585941745,15.341056838742045,29.340819123837747,6441.902577718012,35.27151776163262,6595.333679981114
1962,6412.487497800478,15.340879181340856,29.32941203494993,6441.816909835428,35.27133587778091,6595.247220903775
1963,6412.413258703738,15.340701575846264,29.318047481200864,6441.731306184939,35.27115467301583,6595.160829012558
1964,6412.339041214154,15.340524022043432,29.306725335080046,6441.645766549234,35.27097414453437,6595.074504077959
1965,6412.264845243396,15.340346519721043,29.295445469602654,6441.560290712999,35.27079428954625,6594.988245872525
1966,6412.19067070235,15.34016906866591,29.2842077583077,6441.474878460657,35.27061510527378,6594.902054168598
1967,6412.116517502462,15.339991668666176,29.27301207525612,6441.389529577717,35.270436588951725,6594.8159287396575
1968,6412.042385554772,15.339814319509024,29.261858295028908,6441.304243849801,35.270258737827405,6594.72986935935
1969,6411.968274771292,15.339637020983952,29.250746292725257,6441.219021064017,35.270081549160516,6594.643875802865
1970,6411.894185063282,15.339459772878664,29.23967594396073,6441.133861007243,35.269905020223106,6594.557947845213
1971,6411.820116342563,15.339282574982208,29.22864712486532,6441.048763467428,35.26972914829954,6594.472085262531
1972,6411.746068520953,15.339105427083618,29.21765971208167,6440.963728233034,35.26955393068637,6594.386287831519
1973,6411.672041510306,15.338928328972024,29.2067135827632,6440.878755093069,35.269379364692355,6594.300555329481
1974,6411.598035222622,15.338751280436894,29.195808614572286,6440.793843837194,35.269205447638356,6594.214887534421
1975,6411.524049570006,15.338574281267958,29.184944685678367,6440.708994255685,35.269032176857266,6594.129284225014
1976,6411.450084464763,15.338397331255413,29.174121674756197,6440.624206139519,35.268859549694014,6594.043745180687
1977,6411.376139818971,15.338220430188926,29.16333946098395,6440.539479279955,35.26868756350543,6593.958270181204
1978,6411.302215545651,15.33804357786041,29.152597924041434,6440.454813469692,35.26851621566021,6593.872859007814
1979,6411.228311556508,15.33786677405863,29.141896944108282,6440.370208500616,35.268345503538924,6593.787511441011
1980,6411.154427765036,15.337690018576643,29.13123640186212,6440.285664166899,35.268175424533844,6593.70222726362
1981,6411.080564083562,15.337513311204695,29.120616178476773,6440.201180262039,35.26800597604898,6593.617006257852
1982,6411.006720424837,15.33733665173406,29.110036155620477,6440.116756580457,35.26783715549998,6593.531848206882
1983,6410.932896702124,15.337160039957235,29.09949621545404,6440.032392917577,35.267668960314104,6593.4467528949435
1984,6410.859092828249,15.336983475665669,29.08899624062908,6439.948089068878,35.26750138793014,6593.361720106374
1985,6410.785308716635,15.336806958652236,29.078536114286297,6439.863844830921,35.267334435798354,6593.276749626644
1986,6410.711544280342,15.336630488708954,29.06811572005362,6439.779660000396,35.26716810138043,6593.191841241401
1987,6410.637799432985,15.336454065629152,29.057734942044426,6439.69553437503,35.267002382149435,6593.10699473738
1988,6410.564074088256,15.336277689206355,29.047393664855818,6439.611467753112,35.26683727558974,6593.022209901927
1989,6410.49036815931,15.336101359232797,29.037091773566814,6439.527459932877,35.266672779196966,6592.937486522384
1990,6410.416681560055,15.335925075502523,29.026829153736664,6439.4435107137915,35.26650889047797,6592.852824387371
1991,6410.343014204574,15.335748837809986,29.016605691403008,6439.359619895977,35.26634560695074,6592.768223286213
1992,6410.269366006664,15.335572645948957,29.00642127308017,6439.275787279745,35.266182926144374,6592.683683008473
1993,6410.195736880289,15.335396499713609,28.99627578575739,6439.192012666046,35.26602084559903,6592.599203344402
1994,6410.122126739932,15.33522039889936,28.986169116897116,6439.1082958568295,35.265859362865825,6592.514784085296
1995,6410.048535499707,15.335044343300735,28.976101154433252,6439.0246366541405,35.265698475506845,6592.430425022595
1996,6409.97496307427,15.334868332713564,28.96607178676941,6438.941034861039,35.265538181095046,6592.346125948802
1997,6409.901409377866,15.334692366932694,28.95608090277723,6438.857490280643,35.26537847721425,6592.261886656525
1998,6409.827874324943,15.334516445753453,28.94612839179459,6438.774002716737,35.265219361459,6592.177706939084
1999,6409.754357830909,15.334340568973467,28.936214143623967,6438.690571974533,35.26506083143464,6592.093586591273
2000,6409.680859810098,15.334164736387795,28.926338048530663,6438.607197858629,35.26490288475715,6592.009525407322
2001,6409.607380177756,15.333988947793674,28.91649999724114,6438.5238801749965,35.26474551905314,6591.925523182877
2002,6409.533918849036,15.333813202988125,28.906699880941265,6438.440618729977,35.26458873195983,6591.841579714002
2003,6409.460475738917,15.333637501767743,28.896937591274735,6438.357413330192,35.26443252112496,6591.757694797086
2004,6409.387050763077,15.333461843930806,28.887213020341225,6438.274263783418,35.26427688420671,6591.673868229717
2005,6409.313643836692,15.333286229274382,28.877526060694816,6438.191169897386,35.26412181887375,6591.590099809487
2006,6409.240254875502,15.333110657596894,28.867876605342254,6438.108131480844,35.26396732280508,6591.506389335046
2007,6409.1668837950265,15.332935128696235,28.858264547741314,6438.025148342767,35.26381339369006,6591.422736605319
2008,6409.093530511326,15.332759642371594,28.84868978179909,6437.9422202931255,35.263660029228305,6591.339141420269
2009,6409.020194940037,15.332584198421142,28.83915220187035,6437.859347141907,35.26350722712969,6591.255603579922
2010,6408.946876997509,15.332408796644758,28.82965170275588,6437.776528700265,35.26335498511425,6591.172122885512
2011,6408.873576599807,15.332233436841644,28.820188179700793,6437.693764779508,35.26320330091217,6591.088699138475
2012,6408.800293663306,15.332058118811736,28.810761528392888,6437.611055191698,35.26305217226369,6591.005332141045
2013,6408.727028104226,15.331882842354606,28.801371644961023,6437.528399749187,35.26290159691915,6590.922021695786
2014,6408.653779839108,15.331707607270594,28.792018425973424,6437.445798265082,35.26275157263882,6590.838767606061
2015,6408.580548784787,15.331532413360735,28.782701768436112,6437.363250553223,35.26260209719294,6590.755569676013
2016,6408.507334858113,15.331357260426106,28.773421569791218,6437.280756427904,35.26245316836166,6590.672427710277
2017,6408.434137975747,15.331182148267338,28.76417772791533,6437.198315703662,35.26230478393493,6590.589341513779
2018,6408.360958054744,15.331007076685989,28.754970141117937,6437.115928195862,35.26215694171256,6590.506310892311
2019,6408.287795012155,15.330832045483623,28.745798708139738,6437.033593720294,35.2620096395041,6590.423335652137
2020,6408.21464876559,15.330657054463135,28.736663328151117,6436.951312093741,35.26186287512882,6590.340415600551
2021,6408.14151923222,15.330482103426364,28.727563900750425,6436.86908313297,35.26171664641563,6590.2575505448785
2022,6408.068406329598,15.33030719217607,28.718500325962427,6436.78690665556,35.26157095120309,6590.174740293294
2023,6407.995309975249,15.33013232051495,28.70947250423672,6436.704782479486,35.26142578733931,6590.091984654412
2024,6407.922230086999,15.329957488246409,28.70048033644606,6436.622710423445,35.26128115268195,6590.009283437611
2025,6407.849166582827,15.329782695174227,28.691523723884863,6436.540690306711,35.26113704509815,6589.9266364528885
2026,6407.776119380596,15.329607941101905,28.682602568267576,6436.458721948864,35.26099346246448,6589.844043510584
2027,6407.703088398579,15.32943322583392,28.673716771727058,6436.376805170306,35.260850402666904,6589.761504421907
2028,6407.630073555103,15.329258549174888,28.664866236813047,6436.2949397919165,35.26070786360076,6589.6790189985795
2029,6407.5570747683305,15.32908391092902,28.656050866490563,6436.213125634821,35.260565843170696,6589.596587052613
2030,6407.484091956837,15.328909310901524,28.64727056413834,6436.131362520975,35.26042433929059,6589.514208396889
2031,6407.411125039398,15.328734748898082,28.638525233547263,6436.049650272946,35.26028334988358,6589.4318828449395
2032,6407.338173934671,15.328560224724095,28.62981477891884,6435.96798871359,35.26014287288195,6589.349610210626
2033,6407.2652385615675,15.328385738185569,28.62113910486356,6435.886377666431,35.26000290622715,6589.26739030852
2034,6407.192318838992,15.328211289088497,28.612498116399436,6435.804816955391,35.25986344786971,6589.185222953624
2035,6407.119414686387,15.32803687724016,28.603891718950415,6435.723306405338,35.25972449576922,6589.103107961934
2036,6407.046526023033,15.327862502447447,28.595319818344812,6435.641845841378,35.25958604789425,6589.021045149718
2037,6406.973652767859,15.327688164516408,28.586782320813818,6435.560435088672,35.259448102222386,6588.93903433334
2038,6406.900794841072,15.327513863256153,28.57827913298994,6435.479073974062,35.259310656740084,6588.857075330881
2039,6406.827952161779,15.327339598473156,28.56981016190547,6435.397762323684,35.25917370944273,6588.77516795976
2040,6406.755124649944,15.327165369975944,28.561375314990972,6435.316499964935,35.259037258334494,6588.69331203869
2041,6406.6823122257265,15.326991177573507,28.55297450007378,6435.2352867258005,35.25890130142842,6588.611507387014
2042,6406.609514809075,15.326817021074342,28.544607625376464,6435.154122434452,35.25876583674625,6588.5297538242985
2043,6406.536732319909,15.326642900286863,28.53627459951528,6435.073006919424,35.258630862318476,6588.44805117051
2044,6406.463964679005,15.326468815021542,28.52797533149875,6434.991940010504,35.25849637618426,6588.3663992469055
2045,6406.3912118064,15.32629476508708,28.519709730726124,6434.910921537126,35.258362376391396,6588.2847978744285
2046,6406.318473622938,15.326120750294109,28.51147770698583,6434.8299513299235,35.25822886099629,6588.203246875258
2047,6406.24575004922,15.32594677045268,28.503279170454032,6434.749029219674,35.25809582806391,6588.121746071753
2048,6406.1730410061955,15.325772825373674,28.495114031693163,6434.668155037889,35.25796327566775,6588.040295287044
2049,6406.100346414727,15.325598914867768,28.48698220165041,6434.587328616378,35.257831201889736,6587.958894344598
2050,6406.027666196123,15.325425038746706,28.47888359165621,6434.5065497877795,35.2576996048203,6587.877543068747
2051,6405.955000271613,15.325251196822041,28.47081811342285,6434.425818385036,35.25756848255823,6587.796241284164
2052,6405.88234856218,15.325077388904736,28.46278567904293,6434.345134241223,35.25743783321067,6587.714988815689
2053,6405.809710989689,15.324903614807868,28.454786200987925,6434.264497190677,35.25730765489314,6587.633785489462
2054,6405.737087475956,15.324729874344394,28.446819592106742,6434.183907068063,35.25717794572938,6587.552631131985
2055,6405.664477942517,15.324556167326595,28.438885765624224,6434.103363708141,35.257048703851446,6587.471525569895
2056,6405.591882311081,15.324382493567178,28.43098463513977,6434.02286694622,35.25691992739954,6587.390468630409
2057,6405.519300504282,15.324208852881057,28.4231161146258,6433.942416618907,35.256791614522044,6587.309460142078
2058,6405.446732444099,15.324035245081577,28.415280118426374,6433.862012562526,35.25666376337553,6587.22849993321
2059,6405.3741780525315,15.323861669982133,28.407476561255713,6433.781654613787,35.256536372124614,6587.147587832529
2060,6405.301637252282,15.323688127397803,28.39970535819682,6433.701342610479,35.256409438941986,6587.066723669876
2061,6405.22910996598,15.323514617143491,28.39196642470002,6433.621076390679,35.256282962008356,6586.985907275415
2062,6405.15659611638,15.323341139034401,28.38425967658153,6433.540855792961,35.25615693951244,6586.90513847984
2063,6405.08409562634,15.323167692885981,28.37658503002207,6433.4606806563625,35.25603136965087,6586.824417114343
2064,6405.011608418609,15.32299427851342,28.368942401565384,6433.380550820175,35.255906250628215,6586.743743010407
2065,6404.939134417031,15.322820895734523,28.361331708116918,6433.300466125148,35.25578158065691,6586.663116001006
2066,6404.866673544294,15.32264754436434,28.35375286694237,6433.220426411236,35.25565735795723,6586.58253591835
2067,6404.794225723925,15.322474224219915,28.34620579566625,6433.1404315195905,35.25553358075725,6586.502002595885
2068,6404.721790879517,15.322300935118463,28.338690412270573,6433.060481291788,35.25541024729283,6586.421515867512
2069,6404.6493689348235,15.32212767687757,28.33120663509341,6432.980575569917,35.255287355807546,6586.34107556768
2070,6404.576959813774,15.321954449315248,28.323754382827477,6432.900714196601,35.25516490455268,6586.260681531406
2071,6404.504563440263,15.321781252249433,28.316333574518833,6432.820897014782,35.255042891787156,6586.180333594056
2072,6404.432179738349,15.321608085498443,28.30894412956542,6432.741123867914,35.25492131577755,6586.100031591546
2073,6404.359808632433,15.321434948881418,28.30158596771576,6432.661394600149,35.25480017479804,6586.019775360521
2074,6404.287450046826,15.321261842217288,28.294259009067552,6432.581709055894,35.25467946713033,6585.939564737911
2075,6404.21510390619,15.321088765325813,28.286963174066297,6432.502067080256,35.254559191063684,6585.859399561383
2076,6404.142770135154,15.320915718026685,28.279698383503955,6432.422468518658,35.25443934489482,6585.779279668951
2077,6404.07044865838,15.320742700139665,28.272464558517605,6432.342913216898,35.25431992692795,6585.699204899034
2078,6403.998139401094,15.32056971148587,28.26526162058802,6432.263401021682,35.254200935474636,6585.619175090997
2079,6403.925842288185,15.32039675188561,28.258089491538435,6432.183931779723,35.2540823688539,6585.539190084238
2080,6403.853557245233,15.320223821160845,28.250948093533125,6432.104505338766,35.25396422539208,6585.459249719222
2081,6403.781284197368,15.32005091913246,28.243837349076088,6432.025121546444,35.25384650342286,6585.379353836333
2082,6403.709023070014,15.319878045622044,28.23675718100973,6431.945780251024,35.253729201287165,6585.299502276624
2083,6403.636773789001,15.319705200452157,28.229707512513514,6431.866481301515,35.25361231733324,6585.219694881915
2084,6403.564536280321,15.319532383445743,28.22268826710264,6431.787224547424,35.253495849916526,6585.13993149456
2085,6403.492310469785,15.319359594425322,28.21569936862676,6431.708009838411,35.25337979739964,6585.060211957099
2086,6403.420096283511,15.319186833214141,28.20874074126863,6431.628837024779,35.25326415815236,6584.980536112742
2087,6403.347893647799,15.319014099635881,28.201812309542795,6431.549705957342,35.25314893055158,6584.900903805241
2088,6403.275702489025,15.318841393514415,28.194913998294318,6431.47061648732,35.25303411298129,6584.821314878788
2089,6403.203522733638,15.318668714673775,28.188045732697447,6431.391568466335,35.25291970383254,6584.7417691780065
2090,6403.1313543083015,15.31849606293852,28.181207438254326,6431.312561746556,35.252805701503405,6584.662266548095
2091,6403.059197140041,15.318323438134069,28.174399040793737,6431.233596180835,35.25269210439895,6584.58280683497
2092,6402.987051155929,15.318150840085956,28.167620466469753,6431.154671622399,35.25257891093123,6584.50338988495
2093,6402.914916282471,15.31797826861835,28.160871641760508,6431.075787924231,35.2524661195192,6584.424015544139
2094,6402.842792447812,15.317805723559358,28.154152493466892,6430.996944941279,35.25235372858873,6584.34468366064
2095,6402.770679578725,15.317633204733793,28.14746294871128,6430.918142527436,35.25224173657256,6584.265394081527
2096,6402.698577602985,15.317460711968863,28.140802934936264,6430.839380537921,35.25213014191027,6584.186146655231
2097,6402.626486448066,15.317288245091067,28.134172379903426,6430.76065882797,35.25201894304827,6584.1069412302295
2098,6402.554406042216,15.317115803928747,28.127571211692004,6430.681977253908,35.25190813843971,6584.0277776561215
2099,6402.482336313215,15.316943388309125,28.120999358697727,6430.603335671913,35.251797726544474,6583.948655782381
2100,6402.410277189369,15.31677099806069,28.114456749631522,6430.524733939,35.25168770582921,6583.869575459357
2101,6402.338228598794,15.316598633011468,28.107943313518177,6430.446171912312,35.25157807476724,6583.790536537549
2102,6402.266190469923,15.316426292990245,28.10145897969526,6430.367649449618,35.251468831838515,6583.711538868115
2103,6402.19416273125,15.316253977825957,28.095003677811768,6430.289166409062,35.25135997552963,6583.632582302616
2104,6402.122145311656,15.31608168734846,28.088577337826983,6430.210722649483,35.25125150433377,6583.553666693335
2105,6402.050138140257,15.315909421388175,28.082179890009122,6430.132318030266,35.2511434167507,6583.474791893132
2106,6401.978141145461,15.315737179773832,28.075811264934263,6430.053952410396,35.251035711286725,6583.395957754493
2107,6401.906154257273,15.315564962337973,28.069471393484978,6429.975625650758,35.25092838645463,6583.317164131836
2108,6401.834177404234,15.31539276890965,28.06316020684923,6429.897337611083,35.25082144077369,6583.238410878448
2109,6401.762210516361,15.315220599321437,28.056877636519097,6429.81908815288,35.25071487276966,6583.159697849428
2110,6401.690253522902,15.31504845340407,28.05062361428962,6429.740877137191,35.25060868097468,6583.081024899431
2111,6401.618306353905,15.314876330990202,28.044398072257543,6429.662704426162,35.25050286392728,6583.002391884246
2112,6401.546368939177,15.314704231911907,28.038200942820136,6429.584569881998,35.25039742017236,6582.923798659747
2113,6401.474441208653,15.314532156001562,28.032032158674028,6429.506473367327,35.25029234826117,6582.845245082263
2114,6401.402523092775,15.314360103092762,28.02589165281402,6429.428414745588,35.25018764675124,6582.766731008956
2115,6401.3306145219285,15.314188073018968,28.01977935853187,6429.350393880461,35.250083314206414,6582.688256297259
2116,6401.258715426429,15.314016065613467,28.013695209415083,6429.272410635845,35.24997934919675,6582.609820804851
2117,6401.186825737155,15.313844080710897,28.007639139345827,6429.194464876501,35.24987575029857,6582.531424390299
2118,6401.114945384748,15.31367211814533,28.001611082499693,6429.116556467248,35.24977251609434,6582.453066912259
2119,6401.043074300295,15.313500177751903,27.995610973344572,6429.03868527364,35.24966964517272,6582.374748230141
2120,6400.971212414894,15.313328259365774,27.98963874663948,6428.960851161533,35.24956713612852,6582.296468203693
2121,6400.899359659704,15.313156362822259,27.98369433743337,6428.883053997137,35.249464987562604,6582.218226693034
2122,6400.827515966341,15.312984487957753,27.977777681063994,6428.805293647405,35.249363198081966,6582.140023559062
2123,6400.755681266277,15.312812634608319,27.9718887131568,6428.727569979434,35.24926176629967,6582.061858662837
2124,6400.683855491241,15.312640802610625,27.96602736962372,6428.649882860865,35.249160690834785,6581.983731865996
2125,6400.612038572874,15.312468991801133,27.960193586662086,6428.572232159536,35.2490599703124,6581.9056430303945
2126,6400.540230443785,15.312297202018623,27.95438730075346,6428.494617744538,35.24895960336357,6581.82759201917
2127,6400.468431035703,15.31212543309977,27.948608448662494,6428.417039484366,35.2488595886253,6581.749578694886
2128,6400.3966402810565,15.31195368488291,27.94285696743585,6428.339497248492,35.248759924740526,6581.671602921113
2129,6400.324858112301,15.311781957206462,27.937132794401045,6428.261990906702,35.24866061035806,6581.593664561759
2130,6400.253084462055,15.311610249909222,27.931435867165337,6428.1845203292205,35.24856164413259,6581.515763481198
2131,6400.181319263248,15.311438562830737,27.92576612361461,6428.107085386862,35.24846302472467,6581.437899544415
2132,6400.109562448832,15.311266895810602,27.92012350191227,6428.029685950744,35.248364750800654,6581.360072616727
2133,6400.037813951595,15.311095248688027,27.91450794049816,6427.952321892093,35.24826682103268,6581.282282563585
2134,6399.96607370526,15.31092362130445,27.90891937808743,6427.874993083347,35.24816923409868,6581.204529251677
2135,6399.89434164274,15.310752013499378,27.903357753669404,6427.797699396409,35.2480719886823,6581.126812547177
2136,6399.822617697917,15.310580425114633,27.8978230065066,6427.720440704424,35.24797508347292,6581.049132317531
2137,6399.750901804289,15.310408855991122,27.892315076133542,6427.643216880423,35.24787851716561,6580.971488430094
2138,6399.679193896014,15.310237305971325,27.886833902355722,6427.56602779837,35.247782288461096,6580.893880753176
2139,6399.6074939067685,15.310065774896575,27.88137942524851,6427.488873332017,35.247686396065745,6580.816309154903
2140,6399.535801770693,15.309894262609314,27.875951585156077,6427.411753355849,35.247590838691536,6580.7387735041575
2141,6399.464117422587,15.309722768953558,27.87055032269034,6427.334667745277,35.24749561505605,6580.661273670771
2142,6399.392440796415,15.309551293771328,27.865175578729854,6427.257616375145,35.247400723882414,6580.583809524033
2143,6399.3207718269905,15.309379836906675,27.859827294418796,6427.18059912141,35.24730616389931,6580.506380934372
2144,6399.249110449286,15.309208398204033,27.85450541116588,6427.103615860451,35.24721193384095,6580.42898777266
2145,6399.177456597934,15.309036977507018,27.849209870643328,6427.026666468577,35.24711803244701,6580.351629909721
2146,6399.105810208144,15.308865574660633,27.8439406147858,6426.94975082293,35.24702445846263,6580.2743072172425
2147,6399.034171215168,15.30869418950997,27.838697585789376,6426.872868800957,35.24693121063842,6580.197019567234
2148,6398.962539554532,15.308522821900794,27.833480726110437,6426.796020280643,35.2468382877304,6580.119766832269
2149,6398.890915161491,15.308351471678208,27.828289978464753,6426.719205139955,35.24674568849996,6580.04254888493
2150,6398.81929797205,15.308180138689114,27.823125285826347,6426.6424232578765,35.24665341171389,6579.965365598832
2151,6398.747687921725,15.308008822779247,27.8179865914265,6426.565674513151,35.24656145614432,6579.888216847378
2152,6398.676084946847,15.307837523796286,27.812873838752743,6426.4889587856005,35.24646982056869,6579.811102505074
2153,6398.604488983666,15.307666241587716,27.807786971547863,6426.412275955214,35.24637850376976,6579.7340224466125
2154,6398.532899968173,15.307494976000415,27.80272593380878,6426.335625901982,35.246287504535545,6579.656976546712
2155,6398.461317837076,15.307323726882958,27.79769066978565,6426.259008506862,35.24619682165933,6579.57996468108
2156,6398.389742527033,15.307152494083812,27.792681123980813,6426.182423651014,35.24610645393964,6579.502986725651
2157,6398.318173974716,15.306981277451474,27.78769724114774,6426.105871215864,35.24601640018018,6579.426042556647
2158,6398.246612117208,15.306810076835427,27.78273896629016,6426.029351083498,35.24592665918987,6579.349132050974
2159,6398.175056891539,15.30663889208502,27.77780624466093,6425.952863136199,35.245837229782765,6579.272255085754
2160,6398.103508234839,15.306467723049854,27.77289902176112,6425.8764072566,35.24574811077805,6579.195411538484
2161,6398.031966084844,15.306296569580965,27.768017243338996,6425.799983328183,35.245659301000074,6579.118601287533
2162,6397.960430378706,15.306125431528006,27.76316085538904,6425.723591234096,35.24557079927821,6579.041824210956
2163,6397.888901054626,15.305954308743125,27.758329804151014,6425.647230858777,35.245482604446956,6578.965080188122
2164,6397.817378050193,15.305783201077016,27.753524036108907,6425.570902086301,35.245394715345824,6578.888369098056
2165,6397.745861303447,15.305612108381451,27.748743497990056,6425.494604801437,35.245307130819384,6578.811690820501
2166,6397.674350752649,15.30544103050873,27.74398813676406,6425.418338889413,35.24521984971718,6578.735045235682
2167,6397.602846336209,15.305269967311505,27.739257899641984,6425.342104235851,35.24513287089378,6578.65843222424
2168,6397.531347992659,15.305098918642726,27.734552734075223,6425.265900726734,35.24504619320865,6578.581851667192
2169,6397.459855660556,15.304927884355397,27.72987258775467,6425.1897282483105,35.24495981552627,6578.50530344585
2170,6397.388369278637,15.30475686430296,27.725217408609737,6425.113586687246,35.244873736715974,6578.428787441961
2171,6397.316888786169,15.304585858340118,27.720587144807354,6425.037475930977,35.24478795565201,6578.352303538063
2172,6397.245414122084,15.304414866320776,27.71598174475112,6424.961395866835,35.24470247121349,6578.275851616614
2173,6397.173945225777,15.304243888099945,27.711401157080253,6424.885346382857,35.2446172822844,6578.199431560794
2174,6397.102482036584,15.304072923532496,27.70684533066877,6424.809327367252,35.24453238775352,6578.12304325398
2175,6397.031024494342,15.303901972474502,27.702314214624465,6424.733338708967,35.24444778651449,6578.046686580305
2176,6396.959572538281,15.303731034780576,27.69780775828806,6424.657380296569,35.24436347746571,6577.970361423544
2177,6396.888126108857,15.30356011030827,27.693325911232193,6424.581452020089,35.24427945951034,6577.894067668959
2178,6396.816685146178,15.303389198914303,27.688868623260532,6424.505553769439,35.24419573155631,6577.817805201708
2179,6396.7452495899815,15.303218300454501,27.68443584440692,6424.429685434388,35.24411229251626,6577.741573906834
2180,6396.67381938112,15.303047414787368,27.680027524934392,6424.353846906054,35.24402914130752,6577.665373670742
2181,6396.602394459995,15.302876541770322,27.675643615334323,6424.278038075329,35.24394627685214,6577.589204379636
2182,6396.530974767236,15.302705681261331,27.671284066325462,6424.202258833562,35.24386369807681,6577.513065920196
2183,6396.459560243855,15.30253483311927,27.66694882885309,6424.126509072708,35.24378140391283,6577.436958179729
2184,6396.388150830801,15.302363997202875,27.662637854088068,6424.050788684889,35.24369939329617,6577.360881045727
2185,6396.316746469158,15.30219317337119,27.65835109342598,6423.975097562584,35.2436176651674,6577.284834406062
2186,6396.245347100398,15.302022361484207,27.65408849848626,6423.899435598884,35.243536218471654,6577.208818149236
2187,6396.173952665813,15.301851561401467,27.649850021111266,6423.823802686924,35.24345505215864,6577.132832163814
2188,6396.102563107426,15.301680772984273,27.645635613365425,6423.748198720792,35.243374165182615,6577.056876339337
2189,6396.031178366662,15.301509996092493,27.641445227534334,6423.672623594196,35.24329355650233,6576.980950564981
2190,6395.959798385695,15.301339230587786,27.63727881612396,6423.597077201819,35.243213225081064,6576.905054730922
2191,6395.888423106678,15.301168476331766,27.633136331859646,6423.521559438537,35.24313316988656,6576.829188727544
2192,6395.817052471784,15.300997733186087,27.629017727685326,6423.446070199469,35.24305338989104,6576.753352445496
2193,6395.745686423391,15.300827001012896,27.624922956762667,6423.370609380154,35.242973884071155,6576.677545775863
2194,6395.674324904116,15.300656279674918,27.62085197247016,6423.295176876586,35.24289465140799,6576.6017686102105
2195,6395.602967856875,15.300485569035585,27.616804728402347,6423.2197725852775,35.242815690887014,6576.526020840636
2196,6395.5316152243695,15.300314868957821,27.612781178368913,6423.1443964027385,35.242737001498114,6576.450302359255
2197,6395.460266949914,15.300144179306013,27.6087812763938,6423.069048226307,35.24265858223552,6576.374613059032
2198,6395.3889229764845,15.299973499943743,27.604804976714448,6422.993727953199,35.24258043209782,6576.298952832824
2199,6395.3175832475035,15.299802830735654,27.600852233780884,6422.918435481284,35.24250255008792,6576.223321574166
2200,6395.24624770667,15.299632171547058,27.59692300225496,6422.843170708925,35.24242493521306,6576.147719177102
2201,6395.174916297521,15.299461522242874,27.59301723700944,6422.76793353453,35.24234758648474,6576.072145535739
2202,6395.1035889639825,15.299290882688954,27.58913489312722,6422.69272385711,35.242270502918736,6575.996600544806
2203,6395.032265650141,15.299120252751534,27.58527592590046,6422.617541576042,35.24219368353508,6575.921084099419
2204,6394.960946299959,15.298949632296551,27.581440290829846,6422.542386590789,35.242117127358036,6575.845596094796
2205,6394.88963085788,15.2987790211911,27.577627943623675,6422.467258801504,35.24204083341611,6575.770136426864
2206,6394.818319268463,15.298608419302543,27.573838840197105,6422.39215810866,35.24196480074197,6575.694704991887
2207,6394.747011476205,15.2984378264981,27.57007293667133,6422.317084412877,35.24188902837246,6575.619301686297
2208,6394.675707426001,15.298267242645936,27.566330189372692,6422.242037615374,35.24181351534863,6575.543926407141
2209,6394.604407062729,15.298096667614184,27.562610554832023,6422.16701761756,35.24173826071563,6575.468579051673
2210,6394.533110331647,15.297926101271882,27.558913989783733,6422.0920243214305,35.24166326352274,6575.393259517754
2211,6394.461817177784,15.29775554348752,27.555240451165055,6422.017057628949,35.24158852282338,6575.317967703231
2212,6394.390527546846,15.29758499413121,27.55158989611524,6421.942117442961,35.24151403767499,6575.242703506847
2213,6394.319241384229,15.297414453072317,27.54796228197477,6421.867203666204,35.24143980713916,6575.167466827259
2214,6394.247958635633,15.297243920180941,27.544357566284514,6421.792316201918,35.24136583028147,6575.092257563642
2215,6394.176679247332,15.297073395328544,27.540775706785094,6421.717454954117,35.24129210617157,6575.017075615963
2216,6394.1054031649055,15.296902878384941,27.537216661415897,6421.642619826322,35.24121863388312,6574.9419208837135
2217,6394.034130334841,15.29673236922211,27.533680388314465,6421.567810723156,35.24114541249377,6574.866793267504
2218,6393.9628607035065,15.296561867711738,27.530166845815707,6421.4930275493225,35.24107244108518,6574.791692668043
2219,6393.891594217166,15.296391373725278,27.526675992451008,6421.418270209617,35.240999718742934,6574.716618986148
2220,6393.820330822919,15.296220887136169,27.52320778694758,6421.343538609866,35.2409272445566,6574.641572123687
2221,6393.749070467158,15.296050407816168,27.51976218822766,6421.268832655386,35.24085501761966,6574.566551982031
2222,6393.677813097302,15.295879935639478,27.516339155407763,6421.1941522527095,35.24078303702951,6574.491558463787
2223,6393.6065586602235,15.295709470479004,27.512938647797878,6421.119497308021,35.24071130188744,6574.416591471231
2224,6393.5353071033405,15.295539012208948,27.50956062490075,6421.044867728241,35.24063981129861,6574.34165090739
2225,6393.464058374424,15.295368560704363,27.506205046411097,6420.970263420835,35.24056856437208,6574.266736675854
2226,6393.3928124205395,15.29519811583861,27.50287187221496,6420.895684292755,35.24049756022073,6574.191848679715
2227,6393.321569189804,15.29502767748757,27.499561062388857,6420.821130252193,35.24042679796127,6574.116986823325
2228,6393.2503286301435,15.294857245526659,27.496272577199008,6420.746601207343,35.24035627671422,6574.04215101105
2229,6393.179090689564,15.294686819831492,27.49300637710074,6420.672097066665,35.24028599560389,6573.967341147541
2230,6393.107855316485,15.294516400278672,27.489762422737645,6420.597617739223,35.24021595375839,6573.892557138072
2231,6393.036622459014,15.294345986744053,27.486540674940887,6420.523163133955,35.240146150309585,6573.8177988878015
2232,6392.965392065886,15.294175579104989,27.483341094728473,6420.448733160614,35.240076584393066,6573.743066302724
2233,6392.894164086185,15.294005177239677,27.480163643304518,6420.37432772949,35.24000725514821,6573.668359289384
2234,6392.822938468142,15.293834781024263,27.4770082820585,6420.2999467502,35.239938161718044,6573.593677753674
2235,6392.751715161326,15.2936643903381,27.473874972564598,6420.22559013389,35.23986930324932,6573.519021603025
2236,6392.680494114639,15.293494005058946,27.470763676580926,6420.15125779122,35.23980067889247,6573.444390744402
2237,6392.609275277505,15.293323625065801,27.46767435604882,6420.076949633553,35.23973228780157,6573.369785085491
2238,6392.538058599593,15.29315325023826,27.464606973092167,6420.002665572685,35.2396641291344,6573.29520453442
2239,6392.466844030241,15.292982880455122,27.461561490016678,6419.928405520258,35.23959620205231,6573.220648999186
2240,6392.395631519688,15.29281251559734,27.45853786930919,6419.854169388997,35.23952850572032,6573.1461183888805
2241,6392.32442101748,15.29264215554421,27.455536073636967,6419.779957091117,35.23946103930704,6573.071612612102
2242,6392.253212474085,15.292471800177236,27.452556065847,6419.705768539931,35.23939380198463,6572.997131578564
2243,6392.1820058397,15.292301449377272,27.449597808965272,6419.631603648665,35.23932679292889,6572.922675197906
2244,6392.110801064657,15.292131103025495,27.446661266196124,6419.557462330853,35.239260011319125,6572.848243380091
2245,6392.039598099553,15.291960761003715,27.443746400921547,6419.483344500474,35.23919345633819,6572.773836035545
2246,6391.96839689546,15.291790423194879,27.440853176700493,6419.40925007216,35.239127127172466,6572.69945307536
2247,6391.897197403006,15.291620089480876,27.4379815572682,6419.335178960275,35.239061023011836,6572.625094410376
2248,6391.825999573186,15.291449759744465,27.435131506535477,6419.261131079721,35.23899514304968,6572.550759951987
2249,6391.754803357443,15.29127943386948,27.432302988588052,6419.187106346031,35.23892948648286,6572.476449612232
2250,6391.683608707053,15.291109111739361,27.42949596768596,6419.11310467474,35.23886405251171,6572.402163303165
2251,6391.612415573529,15.290938793238107,27.42671040826279,6419.039125981792,35.23879884034001,6572.327900937271
2252,6391.541223908913,15.290768478250987,27.423946274925008,6418.9651701838375,35.23873384917496,6572.253662427748
2253,6391.47003366458,15.290598166661676,27.42120353245136,6418.891237197032,35.238669078227204,6572.17944768732
2254,6391.398844792728,15.290427858355807,27.418482145792183,6418.81732693852,35.23860452671077,6572.105256629711
2255,6391.327657245389,15.290257553218634,27.415782080068688,6418.743439325457,35.238540193843114,6572.031089168675
2256,6391.25647097508,15.290087251136557,27.41310330057241,6418.669574275653,35.23847607884501,6571.956945218629
2257,6391.185285934125,15.289916951995515,27.410445772764458,6418.59573170689,35.238412180940614,6571.882824693981
2258,6391.114102075388,15.289746655682745,27.40780946227492,6418.521911537662,35.23834849935743,6571.808727509867
2259,6391.04291935139,15.289576362084665,27.4051943349022,6418.448113686292,35.23828503332631,6571.734653581262
2260,6390.971737714915,15.289406071088315,27.40260035661235,6418.374338071528,35.238221782081396,6571.660602823582
2261,6390.900557119492,15.289235782582518,27.40002749353846,6418.300584613031,35.238158744860144,6571.586575153173
2262,6390.829377517954,15.289065496454434,27.397475711980007,6418.226853229934,35.23809592090329,6571.512570485864
2263,6390.75819886412,15.288895212593587,27.39494497840221,6418.153143842522,35.23803330945489,6571.438588738651
2264,6390.687021111222,15.28872493088809,27.392435259435427,6418.079456370658,35.23797090976218,6571.364629828123
2265,6390.6158442129545,15.288554651227164,27.389946521874453,6418.005790734829,35.2379087210757,6571.290693671508
2266,6390.544668123372,15.28838437350089,27.387478732677955,6417.932146856049,35.2378467426492,6571.2167801865735
2267,6390.473492796407,15.288214097599061,27.3850318589678,6417.858524655375,35.23778497373965,6571.142889291143
2268,6390.402318186148,15.288043823411837,27.3826058680285,6417.784924054176,35.23772341360727,6571.069020903368
2269,6390.331144247153,15.28787355083051,27.380200727306484,6417.711344974459,35.23766206151538,6570.995174942052
2270,6390.25997093373,15.287703279745767,27.37781640440958,6417.63778733814,35.23760091673055,6570.921351325917
2271,6390.1887982004555,15.287533010048936,27.375452867106347,6417.564251067562,35.23753997852247,6570.847549974134
2272,6390.117626002014,15.287362741631611,27.373110083325514,6417.490736085339,35.23747924616399,6570.773770806153
2273,6390.0464542937425,15.287192474386943,27.3707880211553,6417.4172423148975,35.2374187189311,6570.700013742247
2274,6389.975283030433,15.287022208206778,27.368486648842804,6417.343769679276,35.237358396102906,6570.626278702324
2275,6389.9041121671735,15.286851942983668,27.366205934793435,6417.270318101967,35.23729827696163,6570.55256560675
2276,6389.832941660052,15.286681678612565,27.36394584757033,6417.196887507622,35.23723836079259,6570.47887437707
2277,6389.761771463672,15.28651141498486,27.361706355893723,6417.123477819566,35.23717864688417,6570.405204933512
2278,6389.690601534623,15.286341151996705,27.359487428640353,6417.050088963263,35.23711913452784,6570.331557198459
2279,6389.6194318282305,15.286170889541221,27.3572890348428,6416.976720863074,35.23705982301814,6570.257931093202
2280,6389.548262300687,15.286000627513607,27.355111143689037,6416.9033734443765,35.23700071165261,6570.184326540066
2281,6389.477092907753,15.285830365808021,27.35295372452167,6416.830046632274,35.23694179973183,6570.110743461108
2282,6389.405923606513,15.285660104321801,27.35081674683751,6416.75674035335,35.2368830865594,6570.037181779884
2283,6389.334754352706,15.285489842949058,27.34870018028687,6416.683454532993,35.236824571441915,6569.963641418765
2284,6389.263585103594,15.285319581587546,27.34660399467307,6416.610189098267,35.236766253688984,6569.890122301815
2285,6389.192415815398,15.28514932013253,27.344528159951757,6416.5369439753495,35.23670813261315,6569.816624352216
2286,6389.12124644527,15.284979058481508,27.342472646230416,6416.463719091501,35.23665020752996,6569.743147494256
2287,6389.050076950488,15.284808796532268,27.340437423767696,6416.390514374256,35.236592477757895,6569.6696916525025
2288,6388.978907287884,15.284638534181541,27.33842246297293,6416.3173297508565,35.2365349426184,6569.596256751247
2289,6388.907737415038,15.284468271327842,27.33642773440552,6416.244165149444,35.2364776014358,6569.522842715689
2290,6388.836567289667,15.284298007870017,27.334453208774377,6416.171020498441,35.23642045353737,6569.449449471329
2291,6388.765396869075,15.28412774370592,27.33249885693734,6416.097895726012,35.23636349825324,6569.376076943414
2292,6388.694226111227,15.283957478734994,27.330564649900673,6416.024790761127,35.2363067349165,6569.302725058014
2293,6388.623054974374,15.283787212857355,27.328650558818385,6415.951705533193,35.23625016286303,6569.229393741647
2294,6388.551883416435,15.283616945972332,27.32675655499176,6415.878639971426,35.23619378143163,6569.156082920654
2295,6388.480711395764,15.283446677980297,27.324882609868784,6415.805594005633,35.23613758996394,6569.082792521976
2296,6388.409538870642,15.28327640878144,27.323028695043547,6415.732567565686,35.23608158780442,6569.009522472635
2297,6388.3383658000375,15.283106138277601,27.321194782255738,6415.659560582293,35.23602577430037,6568.9362727005
2298,6388.2671921421825,15.282935866368858,27.31938084339005,6415.586572985572,35.23597014880193,6568.863043132861
2299,6388.196017856236,15.282765592957501,27.3175868504757,6415.513604706712,35.235914710662,6568.789833698092
2300,6388.124842901357,15.28259531794583,27.31581277568585,6415.440655677043,35.23585945923628,6568.716644324721
2301,6388.053667236784,15.282425041236326,27.314058591336963,6415.367725828121,35.23580439388326,6568.643474941514
2302,6387.982490821512,15.28225476273089,27.312324269888457,6415.294815091401,35.235749513964166,6568.570325477145
2303,6387.911313615262,15.282084482333163,27.31060978394195,6415.221923399204,35.235694818843015,6568.49719586117
2304,6387.840135577543,15.281914199946275,27.30891510624088,6415.1490506837845,35.23564030788656,6568.424086023091
2305,6387.768956668317,15.281743915474442,27.307240209669885,6415.076196877986,35.235585980464265,6568.350995893005
2306,6387.6977768475645,15.281573628821924,27.305585067254338,6415.003361914819,35.235531835948315,6568.277925401194
2307,6387.6265960752535,15.28140333989295,27.303949652159723,6414.930545727413,35.235477873713634,6568.204874478068
2308,6387.555414311761,15.281233048592728,27.302333937691188,6414.857748249452,35.235424093137794,6568.131843054602
2309,6387.484231517132,15.281062754825674,27.30073789729297,6414.784969414425,35.235370493601096,6568.05883106159
2310,6387.413047652245,15.280892458498194,27.299161504547882,6414.712209156793,35.23531707448647,6567.985838430809
2311,6387.3418626777875,15.280722159516237,27.297604733176787,6414.639467410964,35.23526383517952,6567.912865093995
2312,6387.27067655454,15.28055185778598,27.2960675570381,6414.566744111578,35.23521077506852,6567.839910983126
2313,6387.199489243421,15.280381553213926,27.294549950127227,6414.494039193549,35.235157893544375,6567.766976030467
2314,6387.128300705664,15.28021124570733,27.293051886576034,6414.42135259224,35.235105190000596,6567.694060168742
2315,6387.057110902481,15.2800409351734,27.291573340652405,6414.348684243134,35.23505266383333,6567.6211633308085
2316,6386.985919795465,15.279870621520251,27.29011428675968,6414.276034082224,35.235000314441294,6567.548285450044
2317,6386.914727345947,15.279700304655375,27.288674699436115,6414.203402045383,35.23494814122585,6567.475426459715
2318,6386.843533515879,15.27952998448775,27.287254553354437,6414.130788069234,35.2348961435909,6567.402586293854
2319,6386.772338267132,15.279359660926152,27.285853823321293,6414.058192090453,35.23484432094295,6567.3297648865555
2320,6386.701141561314,15.279189333878742,27.284472484276723,6413.985614045591,35.234792672691036,6567.256962171798
2321,6386.629943361296,15.279019003256689,27.283110511293735,6413.913053872589,35.23474119824676,6567.184178084963
2322,6386.558743629135,15.278848668969223,27.28176787957772,6413.840511508713,35.23468989702425,6567.111412560768
2323,6386.487542327064,15.27867833092599,27.280444564466,6413.76798689153,35.234638768440185,6567.038665534245
2324,6386.416339417865,15.278507989037955,27.279140541427296,6413.695479959292,35.2345878119137,6566.9659369411165
2325,6386.345134864428,15.278337643216334,27.277855786061252,6413.622990650489,35.234537026866505,6566.893226717358
2326,6386.273928629369,15.278167293371697,27.276590274097956,6413.550518903467,35.23448641272277,6566.8205347988105
2327,6386.202720676066,15.277996939416425,27.275343981397402,6413.478064657464,35.23443596890916,6566.747861122219
2328,6386.1315109675925,15.277826581262183,27.274116883949038,6413.405627851542,35.23438569485481,6566.67520562416
2329,6386.060299467345,15.2776562188214,27.272908957871238,6413.333208425217,35.23433558999132,6566.602568241679
2330,6385.989086138809,15.277485852006722,27.271720179410824,6413.260806318221,35.23428565375271,6566.529948912045
2331,6385.917870945595,15.277315480731087,27.27055052494269,6413.188421470537,35.23423588557549,6566.45734757279
2332,6385.84665385132,15.277145104907465,27.269399970969104,6413.116053822289,35.23418628489858,6566.3847641615985
2333,6385.775434820325,15.27697472445054,27.268268494119397,6413.043703314444,35.23413685116333,6566.3121986170045
2334,6385.704213816632,15.27680433927424,27.267156071149383,6412.971369887781,35.23408758381348,6566.23965087737
2335,6385.632990804048,15.27663394929198,27.266062678941,6412.899053482989,35.234038482295205,6566.167120880973
2336,6385.561765747409,15.276463554419637,27.26498829450169,6412.82675404191,35.23398954605701,6566.094608567259
2337,6385.490538610979,15.27629315457172,27.263932894964018,6412.754471505943,35.23394077454985,6566.022113875235
2338,6385.4193093597205,15.276122749664403,27.26289645758512,6412.682205817306,35.23389216722698,6565.949636744743
2339,6385.348077958147,15.275952339612791,27.261878959746344,6412.609956917893,35.23384372354408,6565.87717711531
2340,6385.276844371176,15.275781924332955,27.260880378952656,6412.537724750128,35.233795442959135,6565.804734927001
2341,6385.2056085641725,15.27561150374204,27.25990069283227,6412.465509257005,35.23374732493248,6565.732310120461
2342,6385.1343705024065,15.275441077756954,27.258939879136157,6412.3933103815425,35.2336993689268,6565.659902636374
2343,6385.06313015102,15.275270646294306,27.25799791573752,6412.321128066757,35.23365157440707,6565.587512415428
2344,6384.991887475846,15.27510020927236,27.25707478063137,6412.248962256477,35.233603940840595,6565.515139399134
2345,6384.920642442197,15.274929766608128,27.256170451934103,6412.176812894131,35.233556467697,6565.442783528613
2346,6384.849395016193,15.274759318220557,27.255284907882956,6412.104679924076,35.23350915444813,6565.370444745925
2347,6384.778145163689,15.274588864027965,27.254418126835617,6412.032563290525,35.23346200056817,6565.2981229929965
2348,6384.706892850897,15.274418403949515,27.253570087269757,6411.9604629381665,35.23341500553356,6565.225818212238
2349,6384.635638043957,15.274247937904205,27.25274076778252,6411.88837881174,35.23336816882299,6565.15353034612
2350,6384.564380709457,15.274077465812097,27.25193014709014,6411.816310856547,35.233321489917415,6565.081259337688
2351,6384.493120813878,15.273906987593008,27.25113820402747,6411.744259017905,35.233274968300016,6565.00900513001
2352,6384.421858323529,15.273736503166337,27.250364917547483,6411.672223241077,35.233228603456226,6564.936767666111
2353,6384.350593205954,15.273566012454436,27.249610266720854,6411.600203472675,35.23318239487369,6564.864546890376
2354,6384.279325427604,15.273395515377043,27.24887423073553,6411.52819965834,35.23313634204227,6564.792342746224
2355,6384.208054955617,15.273225011855542,27.24815678889624,6411.456211744513,35.23309044445405,6564.720155177888
2356,6384.136781757592,15.273054501812421,27.247457920624107,6411.384239678216,35.23304470160327,6564.64798413019
2357,6384.06550580082,15.272883985169425,27.246777605456145,6411.312283406276,35.23299911298638,6564.575829547767
2358,6383.994227052614,15.27271346184836,27.246115823044885,6411.24034287566,35.232953678101985,6564.503691375403
2359,6383.922945480792,15.272542931772229,27.245472553157875,6411.16841803395,35.232908396450874,6564.431569558511
2360,6383.851661053557,15.27237239486497,27.244847775677226,6411.096508829234,35.232863267536,6564.359464043016
2361,6383.78037373802,15.272201851047894,27.244241470599235,6411.024615208619,35.232818290862426,6564.28737477387
2362,6383.709083503137,15.272031300246738,27.243653618033914,6410.952737121171,35.23277346593739,6564.215301697998
2363,6383.637790316947,15.27186074238504,27.243084198204564,6410.880874515152,35.23272879227028,6564.143244761528
2364,6383.56649414771,15.271690177386866,27.24253319144731,6410.809027339157,35.232684269372555,6564.071203910928
2365,6383.495194963827,15.27151960517662,27.242000578210703,6410.737195542038,35.23263989675783,6563.999179092934
2366,6383.423892734496,15.271349025680612,27.241486339055303,6410.665379073551,35.23259567394179,6563.927170255198
2367,6383.352587428105,15.271178438823217,27.240990454653193,6410.593577882758,35.23255160044224,6563.855177344682
2368,6383.281279013616,15.271007844530182,27.24051290578762,6410.521791919404,35.23250767577905,6563.7832003090425
2369,6383.209967460454,15.270837242728359,27.24005367335249,6410.450021133806,35.23246389947416,6563.7112390965185
2370,6383.138652737646,15.270666633343652,27.239612738352047,6410.378265475998,35.23242027105161,6563.639293655073
2371,6383.0673348145865,15.270496016302838,27.239190081900286,6410.306524896487,35.23237679003746,6563.56736393315
2372,6382.996013661148,15.270325391533847,27.238785685220748,6410.234799346369,35.23233345595985,6563.495449879794
2373,6382.92468924637,15.270154758962606,27.23839952964587,6410.163088776016,35.232290268348954,6563.423551443334
2374,6382.85336154068,15.269984118518375,27.238031596616725,6410.091393137297,35.23224722673697,6563.351668573603
2375,6382.782030513534,15.26981347012807,27.23768186768254,6410.019712381216,35.23220433065813,6563.279801219579
2376,6382.710696135322,15.269642813720866,27.237350324500298,6409.948046459822,35.23216157964868,6563.207949331294
2377,6382.6393583762565,15.269472149225495,27.237036948834323,6409.876395325091,35.23211897324691,6563.136112858715
2378,6382.568017206623,15.269301476570869,27.236741722555855,6409.804758929179,35.23207651099303,6563.064291751999
2379,6382.496672596942,15.269130795686463,27.23646462764261,6409.733137224584,35.232034192429325,6562.992485961652
2380,6382.4253245177515,15.268960106501797,27.23620564617842,6409.66153016393,35.231992017099984,6562.920695438315
2381,6382.35397294009,15.268789408947583,27.23596476035274,6409.5899377004425,35.23194998455123,6562.84892013324
2382,6382.2826178348305,15.26861870295414,27.235741952460366,6409.518359787291,35.23190809433121,6562.777159997632
2383,6382.2112591730165,15.268447988452193,27.235537204900897,6409.446796377917,35.231866345990056,6562.705414982974
2384,6382.13989692597,15.268277265373134,27.235350500178363,6409.375247426148,35.23182473907984,6562.633685041145
2385,6382.06853106464,15.268106533647465,27.235181820900863,6409.303712885541,35.231783273154576,6562.561970123764
2386,6381.997161560885,15.267935793207858,27.235031149780138,6409.232192710665,35.23174194777021,6562.490270183465
2387,6381.925788386069,15.267765043985811,27.23489846963112,6409.1606868557,35.231700762484614,6562.418585172508
2388,6381.85441151233,15.267594285914667,27.234783763371617,6409.089195275702,35.231659716857585,6562.346915044032
2389,6381.783030911184,15.267423518926277,27.234687014021812,6409.017717925206,35.23161881045082,6562.275259750667
2390,6381.711646554962,15.267252742954454,27.234608204704003,6408.946254759666,35.23157804282791,6562.203619245967
2391,6381.640258415424,15.267081957931635,27.234547318642022,6408.874805734066,35.23153741355436,6562.131993483028
2392,6381.568866465563,15.266911163793212,27.234504339160964,6408.803370804723,35.231496922197536,6562.060382416283
2393,6381.4974706769435,15.266740360471157,27.23447924968674,6408.7319499266305,35.231456568326664,6561.988785998851
2394,6381.426071023041,15.266569547902012,27.23447203374569,6408.660543056787,35.231416351512884,6561.917204185868
2395,6381.3546674759045,15.26639872601891,27.23448267496422,6408.589150150869,35.231376271329175,6561.845636931151
2396,6381.283260008847,15.266227894758007,27.23451115706831,6408.517771165915,35.23133632735037,6561.774084189889
2397,6381.21184859467,15.266057054054235,27.23455746388324,6408.446406058553,35.231296519153155,6561.70254591687
2398,6381.140433206398,15.265886203843056,27.23462157933311,6408.375054785731,35.23125684631606,6561.631022067206
2399,6381.069013817491,15.265715344060984,27.23470348744052,6408.3037173049315,35.231217308419424,6561.559512596556
2400,6380.997590401451,15.265544474644619,27.23480317232611,6408.232393573777,35.231177905045435,6561.488017460724
2401,6380.926162931411,15.265373595529692,27.23492061820826,6408.161083549619,35.23113863577807,6561.416536615254
2402,6380.854731381522,15.265202706654359,27.235055809402617,6408.089787190924,35.231099500203136,6561.345070016808
2403,6380.78329572529,15.265031807955241,27.235208730321695,6408.018504455612,35.23106049790822,6561.273617621513
2404,6380.711855936882,15.26486089937053,27.235379365474564,6407.947235302357,35.23102162848271,6561.202179386257
2405,6380.640411990136,15.264689980837646,27.235567699466444,6407.875979689603,35.23098289151775,6561.130755267705
2406,6380.568963859621,15.264519052295745,27.235773716998317,6407.80473757662,35.2309442866063,6561.059345223357
2407,6380.497511519442,15.264348113682876,27.235997402866488,6407.733508922309,35.2309058133431,6560.987949210351
2408,6380.426054944136,15.264177164938124,27.23623874196229,6407.662293686099,35.230867471324615,6560.91656718636
2409,6380.354594108145,15.264006206000346,27.23649771927161,6407.591091827417,35.2308292601491,6560.845199109065
2410,6380.283128986679,15.263835236810237,27.23677431987464,6407.519903306554,35.23079117941654,6560.773844937015
2411,6380.211659554392,15.263664257307157,27.237068528945354,6407.448728083337,35.23075322872867,6560.702504628307
2412,6380.140185786251,15.263493267431222,27.237380331751275,6407.3775661180025,35.23071540768895,6560.63117814145
2413,6380.068707657466,15.263322267123124,27.23770971365294,6407.306417371119,35.23067771590256,6560.559865435295
2414,6379.997225143627,15.263151256324466,27.238056660103666,6407.235281803731,35.230640152976406,6560.488566469178
2415,6379.925738219708,15.262980234975378,27.238421156649054,6407.164159376357,35.23060271851914,6560.417281201915
2416,6379.8542468617,15.26280920301842,27.238803188926703,6407.0930500506265,35.23056541214103,6560.34600959344
2417,6379.782751044893,15.26263816039448,27.239202742665793,6407.021953787559,35.23052823345415,6560.274751603085
2418,6379.711250745538,15.26246710704674,27.239619803686743,6406.950870549224,35.23049118207219,6560.203507191239
2419,6379.6397459393975,15.26229604291722,27.240054357900824,6406.879800297298,35.23045425761055,6560.132276317904
2420,6379.568236602725,15.262124967949102,27.240506391309765,6406.808742994035,35.230417459686315,6560.061058943671
2421,6379.496722711305,15.26195388208446,27.240975890005412,6406.7376986013105,35.23038078791823,6559.989855028754
2422,6379.42520424229,15.261782785268638,27.241462840169326,6406.66666708246,35.2303442419267,6559.918664534841
2423,6379.35368117158,15.261611677443971,27.24196722807248,6406.595648399652,35.23030782133381,6559.847487422455
2424,6379.282153475911,15.261440558554812,27.24248904007483,6406.524642515987,35.23027152576327,6559.776323653057
2425,6379.210621132271,15.261269428546102,27.24302826262501,6406.453649394895,35.230235354840445,6559.705173188451
2426,6379.139084117518,15.261098287362483,27.24358488225988,6406.382668999778,35.23019930819232,6559.634035990414
2427,6379.067542408721,15.260927134949094,27.24415888560423,6406.311701294326,35.23016338544753,6559.562912021022
2428,6378.995995982885,15.260755971250921,27.24475025937035,6406.240746242255,35.23012758623634,6559.491801242383
2429,6378.924444817183,15.260584796213356,27.245358990357758,6406.169803807541,35.230091910190595,6559.42070361687
2430,6378.852888889553,15.260413609783619,27.245985065452754,6406.098873955006,35.230056356943756,6559.349619107711
2431,6378.7813281771405,15.260242411907035,27.246628471628107,6406.027956648769,35.230020926130926,6559.278547677438
2432,6378.709762657801,15.260071202530623,27.2472891959427,6405.957051853743,35.22998561738876,6559.207489289384
2433,6378.6381923095505,15.259899981601796,27.24796722554117,6405.886159535092,35.229950430355544,6559.1364439071385
2434,6378.566617109989,15.25972874906696,27.24866254765347,6405.815279657642,35.22991536467111,6559.065411493962
2435,6378.495037037509,15.259557504874424,27.24937514959465,6405.744412187104,35.22988041997689,6558.994392014003
2436,6378.423452070292,15.25938624897199,27.250105018764337,6405.673557089057,35.229845595915876,6558.923385431291
2437,6378.351862186475,15.259214981307357,27.250852142646522,6405.602714329121,35.22981089213265,6558.852391709898
2438,6378.280267364838,15.259043701829757,27.251616508809082,6405.5318838736475,35.2297763082733,6558.781410814637
2439,6378.208667583922,15.258872410487852,27.252398104903563,6405.461065688825,35.22974184398551,6558.710442710162
2440,6378.137062822416,15.25870110723066,27.25319691866471,6405.390259741081,35.229707498918486,6558.639487361376
2441,6378.065453059318,15.258529792007938,27.254012937910144,6405.319465997229,35.22967327272297,6558.568544733574
2442,6377.993838273493,15.25835846476912,27.254846150540008,6405.248684424033,35.22963916505127,6558.497614792006
2443,6377.922218444315,15.258187125464868,27.255696544536647,6405.177914988852,35.22960517555718,6558.426697502526
2444,6377.850593550782,15.258015774044933,27.256564107964248,6405.1071576587465,35.22957130389605,6558.355792830695
2445,6377.778963572524,15.257844410460583,27.25744882896845,6405.036412401492,35.22953754972471,6558.284900742795
2446,6377.7073284891285,15.257673034662988,27.258350695776027,6404.965679184905,35.22950391270154,6558.214021205156
2447,6377.635688279933,15.25750164660271,27.25926969669452,6404.894957976628,35.22947039248637,6558.143154183943
2448,6377.564042925138,15.257330246232387,27.26020582011195,6404.82424874525,35.229436988740545,6558.072299646271
2449,6377.492392404427,15.257158833503414,27.261159054496332,6404.7535514589235,35.2294037011269,6558.001457558826
2450,6377.420736697878,15.25698740836813,27.26212938839548,6404.682866086274,35.229370529309776,6557.930627888772
2451,6377.349075785771,15.256815970779355,27.263116810436543,6404.612192596207,35.22933747295498,6557.8598106035615
2452,6377.277409648447,15.256644520690065,27.264121309325745,6404.541530957773,35.22930453172977,6557.789005670797
2453,6377.205738266297,15.256473058053341,27.26514287384798,6404.470881140145,35.22927170530291,6557.718213058213
2454,6377.134061619761,15.256301582822395,27.266181492866536,6404.400243112628,35.229238993344566,6557.647432733677
2455,6377.062379689773,15.25613009495161,27.26723715532269,6404.329616845095,35.22920639552641,6557.576664665635
2456,6376.990692457156,15.25595859439511,27.26830985023533,6404.259002307392,35.22917391152154,6557.505908822511
2457,6376.918999902766,15.255787081107096,27.26939956670072,6404.188399469466,35.2291415410045,6557.435165172836
2458,6376.8473020077,15.255615555042345,27.27050629389211,6404.117808301592,35.229109283651255,6557.364433685475
2459,6376.775598753247,15.255444016156094,27.271630021059366,6404.047228774307,35.22907713913921,6557.293714329562
2460,6376.703890120754,15.255272464403719,27.27277073752862,6403.976660858283,35.22904510714719,6557.2230070743735
2461,6376.632176091734,15.255100899740992,27.27392843270198,6403.906104524436,35.22901318735548,6557.152311889433
2462,6376.5604566476095,15.254929322123468,27.27510309605715,6403.835559743667,35.22898137944574,6557.081628744256
2463,6376.488731770354,15.254757731508024,27.276294717147167,6403.765026487501,35.22894968310104,6557.010957608991
2464,6376.417001441784,15.254586127851159,27.27750328559995,6403.694504727384,35.228918098005884,6556.940298453709
2465,6376.345265643571,15.254414511109022,27.278728791118038,6403.623994434689,35.22888662384613,6556.869651248419
2466,6376.273524358368,15.254242881240115,27.27997122347822,6403.553495581847,35.228855260309025,6556.79901596419
2467,6376.201777568279,15.254071238201623,27.28123057253122,6403.48300814081,35.22882400708322,6556.728392571622
2468,6376.130025255293,15.253899581950462,27.282506828201342,6403.412532083494,35.22879286385873,6556.657781041279
2469,6376.058267402208,15.253727912445473,27.283799980486148,6403.342067382694,35.22876183032699,6556.5871813446165
2470,6375.986503991859,15.253556229645595,27.285110019456145,6403.271614011314,35.228730906180765,6556.516593453201
2471,6375.914735006696,15.253384533508843,27.286436935254397,6403.201171941951,35.2287000911142,6556.446017338298
2472,6375.842960429779,15.253212823994687,27.287780718096215,6403.130741147876,35.22866938482278,6556.375452971854
2473,6375.7711802438425,15.253041101061823,27.289141358268793,6403.060321602111,35.22863878700336,6556.3049003255755
2474,6375.699394432309,15.252869364670596,27.290518846131,6402.98991327844,35.22860829735414,6556.234359371931
2475,6375.627602978558,15.252697614781239,27.29191317211289,6402.9195161506705,35.22857791557466,6556.16383008342
2476,6375.555805865602,15.252525851353116,27.293324326715457,6402.849130192318,35.22854764136578,6556.093312432259
2477,6375.484003077087,15.2523540743471,27.29475230051031,6402.778755377598,35.22851747442972,6556.022806391367
2478,6375.412194597056,15.252182283725016,27.29619708413925,6402.708391681195,35.22848741447,6555.95231193414
2479,6375.340380408601,15.252010479446414,27.297658668314053,6402.638039076915,35.22845746119149,6555.881829033098
2480,6375.268560496157,15.25183866147406,27.29913704381606,6402.567697539973,35.22842761430035,6555.811357662179
2481,6375.196734843286,15.251666829768627,27.30063220149594,6402.497367044783,35.228397873504065,6555.740897794525
2482,6375.124903434849,15.251494984293897,27.302144132273245,6402.427047567123,35.22836823851142,6555.670449404647
2483,6375.05306625451,15.251323125010789,27.303672827136175,6402.356739081646,35.228338709032506,6555.600012465938
2484,6374.981223286802,15.2511512518823,27.3052182771412,6402.286441563943,35.2283092847787,6555.529586952731
2485,6374.909374516565,15.250979364872164,27.30678047341272,6402.216154989977,35.228279965462676,6555.45917283974
2486,6374.837519928007,15.250807463942602,27.308359407142806,6402.14587933515,35.22825075079839,6555.388770101124
2487,6374.765659506366,15.250635549058293,27.309955069590828,6402.075614575957,35.22822164050108,6555.318378712137
2488,6374.693793236152,15.250463620182181,27.311567452083132,6402.005360688235,35.22819263428725,6555.2479986473845
2489,6374.621921102377,15.250291677278414,27.313196546012684,6401.93511764839,35.228163731874695,6555.177629882044
2490,6374.5500430907105,15.250119720312705,27.314842342838837,6401.86488543355,35.228134932982464,6555.107272392023
2491,6374.478159185916,15.249947749248603,27.316504834086924,6401.794664020003,35.22810623733086,6555.036926152393
2492,6374.4062693736505,15.249775764051796,27.318184011347956,6401.724453384998,35.22807764464146,6554.9665911391885
2493,6374.334373639298,15.249603764687317,27.319879866278328,6401.654253505576,35.22804915463708,6554.896267328248
2494,6374.262471968649,15.24943175112117,27.321592390599434,6401.584064359248,35.228020767041755,6554.82595469588
2495,6374.190564347558,15.249259723319518,27.323321576097367,6401.513885923656,35.22799248158082,6554.755653218533
2496,6374.118650761698,15.24908768124808,27.325067414622644,6401.4437181763205,35.227964297980776,6554.685362872537
2497,6374.0467311973935,15.248915624874147,27.326829898089862,6401.373561095484,35.227936215969414,6554.615083634951
2498,6373.974805640481,15.248743554163829,27.328609018477337,6401.303414658958,35.227908235275734,6554.544815482407
2499,6373.902874077593,15.248571469085151,27.33040476782685,6401.23327884542,35.22788035562995,6554.47455839241
2500,6373.830936494787,15.248399369604755,27.332217138243237,6401.163153633031,35.22785257676348,6554.4043123419515
2501,6373.75899287882,15.248227255690958,27.334046121894122,6401.093039000714,35.227824898409004,6554.334077308793
2502,6373.687043216193,15.248055127311467,27.335891711009626,6401.022934927203,35.22779732030034,6554.26385327051
2503,6373.615087493821,15.247882984434979,27.337753897882013,6400.952841391703,35.22776984217257,6554.193640205154
2504,6373.543125698758,15.24771082703052,27.339632674865406,6400.882758373623,35.22774246376195,6554.123438090987
2505,6373.471157817687,15.247538655066236,27.341528034375393,6400.812685852062,35.22771518480591,6554.053246905967
2506,6373.399183837889,15.247366468511697,27.34343996888878,6400.742623806777,35.227688005043106,6553.983066628715
2507,6373.327203746686,15.24719426733657,27.34536847094322,6400.672572217629,35.22766092421336,6553.912897237957
2508,6373.25521753136,15.24702205151043,27.34731353313694,6400.602531064497,35.22763394205769,6553.842738712448
2509,6373.1832251798205,15.246849821004355,27.349275148128427,6400.532500327949,35.227607058318256,6553.772591031633
2510,6373.111226679059,15.246677575787222,27.351253308636085,6400.462479987695,35.227580272738436,6553.702454174107
2511,6373.039222017468,15.246505315831264,27.353248007437916,6400.392470024906,35.22755358506273,6553.632328119929
2512,6372.967211182573,15.246333041106634,27.355259237371207,6400.322470419944,35.227526995036825,6553.562212848354
2513,6372.895194162452,15.246160751584814,27.357286991332277,6400.252481153784,35.22750050240755,6553.492108339257
2514,6372.823170945438,15.245988447237888,27.35933126227608,6400.182502207714,35.2274741069229,6553.422014572829
2515,6372.751141519575,15.24581612803726,27.36139204321593,6400.112533562791,35.22744780833201,6553.351931529035
2516,6372.679105873349,15.24564379395538,27.363469327223193,6400.042575200572,35.22742160638518,6553.281859188348
2517,6372.607063995154,15.245471444964483,27.36556310742693,6399.972627102581,35.227395500833836,6553.2117975312085
2518,6372.535015873823,15.245299081037853,27.367673377013617,6399.902689250836,35.227369491430544,6553.141746538559
2519,6372.462961497913,15.245126702148116,27.369800129226807,6399.83276162714,35.22734357792901,6553.071706191131
2520,6372.390900856424,15.244954308268957,27.37194335736687,6399.762844213791,35.22731776008408,6553.001676470157
2521,6372.318833938316,15.244781899373962,27.37410305479065,6399.692936993107,35.227292037651665,6552.931657356891
2522,6372.246760732729,15.24460947543715,27.376279214911126,6399.62303994764,35.22726641038884,6552.861648832832
2523,6372.17468122871,15.244437036432322,27.378471831197125,6399.553153059907,35.227240878053806,6552.7916508794415
2524,6372.102595416156,15.244264582335301,27.38068089717304,6399.483276313329,35.227215440405814,6552.721663479095
2525,6372.030503283749,15.244092113119017,27.38290640641845,6399.413409690167,35.227190097205266,6552.65168661301
2526,6371.958404821737,15.243919628760136,27.38514835256788,6399.343553174304,35.227164848213675,6552.581720264034
2527,6371.886300019648,15.243747129233608,27.387406729310477,6399.273706748959,35.22713969319364,6552.511764414351
2528,6371.814188867576,15.243574614515733,27.389681530389677,6399.203870397966,35.227114631908876,6552.4418190467695
2529,6371.742071355015,15.243402084581374,27.391972749602882,6399.134044104618,35.22708966412419,6552.3718841435575
2530,6371.669947472259,15.243229539407318,27.394280380801163,6399.06422785306,35.22706478960545,6552.301959687844
2531,6371.597817209749,15.243056978970692,27.396604417889037,6398.994421627638,35.22704000811959,6552.232045662959
2532,6371.52568055775,15.242884403248206,27.398944854824002,6398.924625412574,35.22701531943465,6552.162142052114
2533,6371.453537506546,15.242711812216617,27.40130168561634,6398.854839192162,35.22699072331971,6552.092248838603
2534,6371.381388046768,15.242539205853511,27.403674904328753,6398.785062951097,35.22696621954495,6552.022366006117
2535,6371.309232169254,15.24236658413697,27.406064505076113,6398.71529667433,35.22694180788163,6551.952493538614
2536,6371.237069864751,15.242193947044859,27.408470482025137,6398.645540346776,35.22691748810207,6551.8826314200205
2537,6371.164901123958,15.242021294554924,27.410892829394015,6398.575793953352,35.22689325997962,6551.812779634263
2538,6371.092725938523,15.241848626647183,27.413331541452166,6398.5060574799745,35.226869123288736,6551.7429381662805
2539,6371.020544299246,15.241675943299631,27.415786612519938,6398.436330911765,35.22684507780487,6551.673107000216
2540,6370.948356197505,15.24150324449164,27.41825803696825,6398.366614234473,35.22682112330453,6551.603286120848
2541,6370.876161624645,15.2413305302025,27.420745809218367,6398.296907433863,35.22679725956528,6551.5334755129725
2542,6370.803960572334,15.241157800412283,27.423249923741526,6398.227210496076,35.22677348636572,6551.463675161766
2543,6370.731753032071,15.240985055100648,27.425770375058647,6398.15752340713,35.2267498034855,6551.393885052292
2544,6370.659538996226,15.240812294249345,27.428307157740047,6398.087846153966,35.226726210705266,6551.324105170534
2545,6370.587318455753,15.24063951783673,27.430860266405098,6398.018178722158,35.22670270780673,6551.254335501118
2546,6370.51509140375,15.240466725846293,27.43342969572197,6397.948521099473,35.22667929457263,6551.184576030863
2547,6370.442857831522,15.24029391825723,27.436015440407356,6397.8788732719295,35.226655970786695,6551.114826744852
2548,6370.370617731907,15.240121095052409,27.438617495226005,6397.809235227133,35.2266327362337,6551.04508762975
2549,6370.298371096873,15.239948256212614,27.441235854990552,6397.739606951864,35.2266095906994,6550.975358671406
2550,6370.226117919341,15.239775401720912,27.44387051456126,6397.669988433902,35.22658653397059,6550.9056398566745
2551,6370.153858191734,15.239602531559171,27.446521468845575,6397.600379660579,35.226563565835065,6550.835931171961
2552,6370.081591906644,15.239429645709674,27.449188712797955,6397.530780619441,35.2265406860816,6550.766232603896
2553,6370.009319057298,15.239256744156215,27.451872241419473,6397.4611912987175,35.22651789449998,6550.696544139792
2554,6369.937039636573,15.239083826881753,27.45457204975758,6397.39161168633,35.226495190880996,6550.626865766662
2555,6369.864753637594,15.238910893869841,27.457288132905745,6397.3220417705,35.22647257501643,6550.557197471821
2556,6369.792461053497,15.238737945104061,27.46002048600318,6397.252481539501,35.22645004669906,6550.487539242642
2557,6369.720161877758,15.2385649805688,27.462769104234592,6397.182930981992,35.22642760572263,6550.417891066886
2558,6369.647856103917,15.238392000248604,27.46553398282979,6397.113390086746,35.22640525188188,6550.348252932432
2559,6369.575543725439,15.238219004127846,27.468315117063433,6397.043858842503,35.22638298497252,6550.278624827133
2560,6369.503224736159,15.238045992191767,27.471112502254726,6396.974337238414,35.22636080479123,6550.2090067392555
2561,6369.4308991295675,15.237872964424803,27.473926133767172,6396.904825263335,35.226338711135654,6550.139398656775
2562,6369.358566900206,15.23769992081389,27.476756007008134,6396.8353229072145,35.22631670380442,6550.069800568764
2563,6369.286228041732,15.237526861343857,27.479602117428662,6396.765830159161,35.22629478259712,6550.000212463458
2564,6369.213882548678,15.237353786001622,27.482464460523175,6396.696347009201,35.226272947314314,6549.930634330019
2565,6369.141530415062,15.237180694772876,27.485343031829128,6396.626873446891,35.226251197757485,6549.8610661571365
2566,6369.069171635367,15.237007587644419,27.488237826926696,6396.557409462293,35.22622953372911,6549.791507934015
2567,6368.996806204144,15.236834464603216,27.491148841438534,6396.487955045583,35.226207955032606,6549.721959649974
2568,6368.924434116395,15.236661325637309,27.494076071029436,6396.4185101874245,35.22618646147232,6549.652421294829
2569,6368.852055366425,15.236488170733073,27.497019511406016,6396.34907487783,35.226165052853545,6549.582892857743
2570,6368.779669949619,15.236314999879472,27.499979158316496,6396.279649107936,35.226143728982535,6549.51337432901
2571,6368.707277860796,15.236141813064107,27.502955007550327,6396.210232868347,35.226122489666466,6549.443865698396
2572,6368.634879095031,15.235968610275192,27.505947054937913,6396.140826149968,35.22610133471345,6549.374366955972
2573,6368.562473647567,15.235795391501355,27.508955296350358,6396.0714289439165,35.22608026393254,6549.3048780920235
2574,6368.490061514083,15.235622156732257,27.51197972769908,6396.0020412417825,35.22605927713371,6549.235399097314
2575,6368.417642689992,15.235448905956918,27.51502034493563,6395.932663034928,35.22603837412785,6549.165929962384
2576,6368.345217170789,15.235275639164566,27.518077144051286,6395.86329431484,35.22601755472679,6549.096470677901
2577,6368.272784952298,15.23510235634521,27.52115012107683,6395.793935073375,35.225996818743255,6549.027021234908
2578,6368.200346030408,15.234929057489014,27.524239272082195,6395.72458530249,35.225976165990886,6548.95758162455
2579,6368.127900401174,15.234755742586541,27.527344593176224,6395.65524499435,35.22595559628425,6548.888151838187
2580,6368.055448060566,15.234582411628148,27.53046608050635,6395.585914141072,35.22593510943885,6548.818731867131
2581,6367.982989004766,15.234409064604703,27.53360373025826,6395.5165927350245,35.225914705271045,6548.749321702953
2582,6367.910523230618,15.234235701508656,27.536757538655728,6395.447280769274,35.225894383598124,6548.679921337925
2583,6367.838050733833,15.234062322329745,27.539927501960207,6395.377978235793,35.22587414423826,6548.61053076323
2584,6367.7655715115825,15.233888927061201,27.54311361647052,6395.308685128053,35.225853987010545,6548.541149971549
2585,6367.693085560173,15.233715515694193,27.546315878522634,6395.2394014386955,35.225833911734945,6548.471778954742
2586,6367.620592876822,15.233542088222062,27.549534284489336,6395.170127161312,35.22581391823231,6548.402417705623
2587,6367.54809345833,15.233368644637153,27.552768830779975,6395.10086228911,35.2257940063244,6548.333066216622
2588,6367.475587301371,15.23319518493151,27.556019513840127,6395.0316068152115,35.22577417583383,6548.263724480089
2589,6367.403074403783,15.233021709099958,27.559286330151306,6394.9623607339345,35.22575442658414,6548.194392489576
2590,6367.3305547622895,15.232848217134665,27.562569276230672,6394.89312403852,35.22573475839973,6548.125070237559
2591,6367.258028374748,15.232674709030498,27.56586834863078,6394.823896723379,35.22571517110586,6548.05575771769
2592,6367.185495238471,15.23250118478103,27.569183543939218,6394.75467878241,35.22569566452868,6547.98645492311
2593,6367.112955351064,15.232327644380534,27.572514858778348,6394.685470209842,35.22567623849518,6547.917161847296
2594,6367.040408710597,15.232154087824394,27.57586228980508,6394.616271000402,35.22565689283326,6547.847878484226
2595,6366.967855314435,15.231980515106304,27.579225833710453,6394.5470811481455,35.225637627371654,6547.778604827212
2596,6366.895295161007,15.231806926222506,27.582605487219432,6394.477900648227,35.22561844193999,6547.709340870666
2597,6366.822728248439,15.231633321168513,27.586001247090568,6394.408729495529,35.22559933636872,6547.640086608732
2598,6366.75015457476,15.231459699939617,27.58941311011577,6394.339567684876,35.22558031048915,6547.570842035504
2599,6366.677574138439,15.231286062532151,27.592841073120002,6394.270415211559,35.225561364133476,6547.50160714554
2600,6366.604986938049,15.2311124089427,27.596285132960844,6394.201272071009,35.22554249713471,6547.432381933545
2601,6366.532392971944,15.23093873916733,27.599745286528474,6394.132138258473,35.22552370932672,6547.363166394044
2602,6366.459792238987,15.230765053203317,27.60322153074517,6394.063013769732,35.22550500054421,6547.293960522099
2603,6366.387184738222,15.230591351048377,27.60671386256508,6393.993898600786,35.22548637062276,6547.224764312996
2604,6366.314570468361,15.230417632699428,27.610222278973943,6393.924792747335,35.22546781939876,6547.1555777617195
2605,6366.241949428375,15.230243898154008,27.613746776988787,6393.8556962053635,35.225449346709425,6547.08640086355
2606,6366.169321617724,15.230070147410823,27.617287353657645,6393.786608971382,35.22543095239284,6547.0172336142905
2607,6366.0966870356715,15.229896380468114,27.620844006059258,6393.717531041731,35.2254126362879,6546.948076009583
2608,6366.024045681277,15.22972259732363,27.624416731302823,6393.64846241258,35.22539439823431,6546.878928044899
2609,6365.951397554585,15.229548797977476,27.628005526527694,6393.579403081113,35.22537623807263,6546.809789716729
2610,6365.87874265501,15.229374982428252,27.63161038890305,6393.510353043913,35.22535815564423,6546.7406610209655
2611,6365.806080982338,15.22920115067545,27.635231315627586,6393.441312297966,35.22534015079132,6546.671541953908
2612,6365.733412536641,15.229027302719237,27.638868303929378,6393.37228084057,35.2253222233569,6546.6024325121725
2613,6365.660737317869,15.228853438559494,27.642521351065405,6393.303258668934,35.2253043731848,6546.533332692288
2614,6365.5880553256575,15.228679558195353,27.646190454321413,6393.234245779979,35.22528660011966,6546.4642424905
2615,6365.515366561174,15.228505661629603,27.64987561101158,6393.165242172186,35.225268904006924,6546.395161904616
2616,6365.442671023997,15.228331748861237,27.653576818478207,6393.096247842475,35.22525128469283,6546.326090930889
2617,6365.369968714829,15.228157819891935,27.65729407409144,6393.027262788921,35.22523374202444,6546.257029566727
2618,6365.2972596346135,15.227983874723956,27.661027375248942,6392.958287009862,35.225216275849654,6546.187977809808
2619,6365.224543783599,15.227809913357893,27.664776719375695,6392.889320502974,35.225198886017104,6546.1189356571485
2620,6365.151821162957,15.227635935796549,27.66854210392369,6392.820363266881,35.225181572376286,6546.0499031067175
2621,6365.079091773708,15.227461942042362,27.672323526371628,6392.751415300079,35.22516433477743,6545.980880156361
2622,6365.0063556165915,15.22728793209711,27.676120984224614,6392.682476600816,35.22514717307159,6545.911866803677
2623,6364.933612692965,15.22711390596403,27.679934475013898,6392.613547167979,35.2251300871106,6545.84286304691
2624,6364.860863004049,15.22693986364605,27.683763996296598,6392.544627000346,35.22511307674707,6545.7738688841955
2625,6364.788106551564,15.226765805147283,27.687609545655402,6392.475716097219,35.22509614183443,6545.704884314199
2626,6364.7153433366875,15.226591730470544,27.69147112069831,6392.406814457386,35.22507928222683,6545.635909335072
2627,6364.642573361478,15.22641763962076,27.695348719058323,6392.337922080536,35.22506249777928,6545.566943945876
2628,6364.569796627151,15.22624353260084,27.69924233839317,6392.2690389655445,35.2250457883475,6545.497988144856
2629,6364.497013136124,15.226069409416565,27.703151976385016,6392.200165112509,35.225029153788064,6545.4290419314875
2630,6364.424222890266,15.225895270072407,27.70707763074023,6392.131300521006,35.22501259395824,6545.360105304724
2631,6364.351425891851,15.225721114573807,27.711019299189026,6392.06244519104,35.224996108716105,6545.291178263955
2632,6364.278622142492,15.225546942924623,27.7149769794852,6391.993599121977,35.22497969792051,6545.222260807932
2633,6364.205811645342,15.225372755132396,27.718950669405945,6391.924762314748,35.224963361431065,6545.153352936973
2634,6364.132994402507,15.22519855120217,27.722940366751416,6391.855934769259,35.22494709910809,6545.0844546503795
2635,6364.060170416597,15.225024331140185,27.72694606934461,6391.787116485942,35.22493091081272,6545.015565947977
2636,6363.987339690503,15.224850094953357,27.73096777503089,6391.718307465534,35.224914796406864,6544.946686829904
2637,6363.914502226758,15.224675842647745,27.73500548167794,6391.6495077084355,35.22489875575313,6544.877817295962
2638,6363.841658028695,15.224501574231327,27.73905918717528,6391.58071721587,35.22488278871494,6544.8089573467805
2639,6363.768807099294,15.224327289711228,27.74312888943414,6391.511935988728,35.22486689515647,6544.740106982658
2640,6363.695949441253,15.224152989093907,27.747214586387024,6391.44316402764,35.22485107494259,6544.67126620364
2641,6363.6230850585,15.223978672388755,27.751316275987623,6391.374401334488,35.224835327938976,6544.602435011022
2642,6363.550213954273,15.223804339603525,27.755433956210407,6391.3056479104835,35.224819654012,6544.533613405436
2643,6363.477336132033,15.22362999074649,27.75956762505034,6391.236903757083,35.224804053028805,6544.464801387759
2644,6363.404451595305,15.223455625826087,27.76371728052272,6391.168168875827,35.224788524857274,6544.395998958957
2645,6363.331560348296,15.223281244852384,27.767882920662757,6391.099443268959,35.224773069365995,6544.327206120701
2646,6363.258662394465,15.223106847833648,27.772064543525403,6391.030726937991,35.224757686424326,6544.258422873937
2647,6363.185757738099,15.222932434780141,27.776262147185058,6390.962019885284,35.224742375902366,6544.189649220459
2648,6363.112846383181,15.22275800570139,27.780475729735183,6390.893322112916,35.22472713767093,6544.120885161785
2649,6363.039928333938,15.222583560607507,27.784705289288148,6390.824633623227,35.224711971601586,6544.052130699693
2650,6362.9670035948775,15.222409099509276,27.78895082397498,6390.7559544188525,35.22469687756662,6543.983385836267
2651,6362.894072170398,15.22223462241722,27.793212331944996,6390.687284502344,35.224681855439016,6543.914650573503
2652,6362.821134064923,15.222060129341921,27.797489811365594,6390.618623876288,35.22466690509252,6543.845924913441
2653,6362.748189283453,15.221885620295343,27.801783260421914,6390.549972543875,35.224652026401586,6543.777208858722
2654,6362.675237830654,15.221711095288645,27.806092677316588,6390.481330507971,35.224637219241366,6543.70850241167
2655,6362.602279711459,15.221536554333635,27.8104180602695,6390.412697771729,35.22462248348776,6543.6398055749005
2656,6362.529314931151,15.221361997442944,27.81475940751755,6390.344074338668,35.22460781901735,6543.571118351394
2657,6362.456343494405,15.221187424627763,27.819116717314284,6390.275460211719,35.224593225707466,6543.502440743547
2658,6362.383365407281,15.221012835902586,27.823489987929626,6390.206855395211,35.22457870343615,6543.433772755158
2659,6362.310380674552,15.220838231278833,27.82787921764971,6390.138259892202,35.22456425208213,6543.365114388759
2660,6362.237389301939,15.22066361077019,27.83228440477646,6390.069673706716,35.224549871524886,6543.296465647849
2661,6362.164391295177,15.220488974390374,27.836705547627474,6390.001096842804,35.22453556164453,6543.227826535958
2662,6362.091386659882,15.220314322152827,27.84114264453569,6389.932529304418,35.22452132232195,6543.159197056518
2663,6362.018375402056,15.220139654071906,27.84559569384912,6389.863971095905,35.22450715343869,6543.090577213364
2664,6361.9453575277275,15.219964970162028,27.850064693930495,6389.795422221658,35.224493054877,6543.0219670103725
2665,6361.872333042755,15.219790270437212,27.854549643157156,6389.726882685912,35.22447902651983,6542.953366451273
2666,6361.799301953781,15.219615554913352,27.859050539920673,6389.658352493701,35.22446506825086,6542.884775540592
2667,6361.72626426679,15.219440823604762,27.86356738262654,6389.589831649417,35.2244511799544,6542.816194282218
2668,6361.6532199884605,15.219266076527417,27.868100169694053,6389.521320158155,35.22443736151551,6542.747622680747
2669,6361.580169125302,15.219091313696895,27.872648899555937,6389.452818024858,35.22442361281993,6542.679060740625
2670,6361.507111684168,15.218916535129589,27.87721357065815,6389.384325254827,35.22440993375406,6542.610508466657
2671,6361.434047671524,15.218741740840967,27.881794181459554,6389.315841852984,35.224396324205024,6542.541965863275
2672,6361.360977094562,15.218566930848235,27.886390730431685,6389.2473678249935,35.224382784060566,6542.473432935657
2673,6361.287899960182,15.218392105167899,27.891003216058436,6389.17890317624,35.22436931320918,6542.4049096887
2674,6361.2148162758,15.218217263817705,27.895631636835834,6389.110447912636,35.22435591154002,6542.3363961278355
2675,6361.141726048564,15.218042406814746,27.900275991271787,6389.042002039836,35.22434257894291,6542.267892258237
2676,6361.068629285581,15.21786753417603,27.9049362778858,6388.973565563467,35.22432931530835,6542.199398085058
2677,6360.995525994815,15.217692645920609,27.909612495208727,6388.905138490023,35.22431612052755,6542.130913614318
2678,6360.922416183719,15.217517742066313,27.914304641782486,6388.836720825501,35.22430299449234,6542.0624388515425
2679,6360.849299859999,15.217342822631576,27.9190127161598,6388.768312576159,35.22428993709526,6541.993973802523
2680,6360.776177031707,15.217167887635664,27.92373671690398,6388.699913748612,35.22427694822947,6541.92551847341
2681,6360.70304770648,15.216992937096842,27.92847664258863,6388.631524349069,35.22426402778888,6541.857072869951
2682,6360.629911892697,15.21681797103516,27.933232491797348,6388.563144384495,35.22425117566797,6541.788636998651
2683,6360.556769598493,15.216642989470078,27.938004263123535,6388.4947738616165,35.22423839176197,6541.720210865781
2684,6360.48362083229,15.216467992421748,27.94279195517012,6388.42641278746,35.22422567596674,6541.651794477915
2685,6360.410465602461,15.216292979910193,27.94759556654921,6388.35806116901,35.2242130281788,6541.583387841588
2686,6360.337303917519,15.216117951955788,27.952415095882,6388.289719013402,35.224200448295335,6541.5149909634865
2687,6360.264135786227,15.215942908579489,27.957250541798327,6388.221386328025,35.22418793621418,6541.446603850556
2688,6360.190961217067,15.215767849801594,27.962101902936574,6388.153063120003,35.224175491833805,6541.37822650948
2689,6360.11778021963,15.215592775645048,27.966969177943373,6388.084749397573,35.22416311505337,6541.309858948056
2690,6360.044592802319,15.21541768612995,27.971852365473268,6388.016445167792,35.22415080577266,6541.241501172903
2691,6359.97139897452,15.215242581278755,27.976751464188567,6387.948150438709,35.224138563892126,6541.173153191639
2692,6359.898198745576,15.215067461113819,27.98166647275904,6387.879865218335,35.224126389312886,6541.104815011846
2693,6359.824992124762,15.214892325657324,27.98659738986162,6387.811589514623,35.22411428193666,6541.036486641047
2694,6359.75177912148,15.214717174931769,27.99154421418021,6387.74332333566,35.22410224166585,6540.968168086906
2695,6359.678559745604,15.214542008960775,27.99650694440544,6387.675066690009,35.224090268403494,6540.899859357564
2696,6359.605334006823,15.214366827767519,28.001485579234327,6387.606819586057,35.224078362053284,6540.831560460989
2697,6359.532101914486,15.214191631374367,28.006480117370142,6387.538582031856,35.22406652251952,6540.763271404816
2698,6359.458863479271,15.214016419806867,28.011490557522094,6387.470354036793,35.224054749707165,6540.694992198019
2699,6359.385618710798,15.213841193088033,28.01651689840506,6387.402135609203,35.224043043521824,6540.626722848522
2700,6359.312367619329,15.213665951242413,28.021559138739356,6387.333926758069,35.224031403869716,6540.558463364902
2701,6359.2391102152915,15.213490694294956,28.026617277250505,6387.265727492542,35.22401983065771,6540.490213755903
2702,6359.165846509133,15.213315422270654,28.03169131266899,6387.197537821802,35.224008323793306,6540.421974030303
2703,6359.0925765110815,15.213140135193974,28.036781243729962,6387.129357754811,35.22399688318464,6540.353744196665
2704,6359.019300232224,15.212964833091444,28.041887069173068,6387.061187301397,35.22398550874047,6540.285524264418
2705,6358.946017683201,15.212789515988518,28.047008787742193,6386.993026470943,35.22397420037018,6540.217314242553
2706,6358.872728874618,15.212614183910569,28.052146398185034,6386.924875272803,35.2239629579838,6540.149114140032
2707,6358.799433817909,15.21243883688495,28.057299899253138,6386.856733717162,35.22395178149198,6540.080923966651
2708,6358.726132523956,15.212263474937695,28.062469289701475,6386.788601813658,35.223940670805945,6540.012743731663
2709,6358.652825003887,15.212088098095425,28.067654568288308,6386.7204795721755,35.223929625837606,6539.944573444569
2710,6358.579511269419,15.211912706386169,28.072855733774826,6386.652367003194,35.22391864649944,6539.876413115467
2711,6358.506191331583,15.211737299836322,28.078072784924974,6386.584264116508,35.22390773270459,6539.808262753773
2712,6358.432865202225,15.211561878474223,28.083305720505184,6386.51617092273,35.223896884366795,6539.740122369726
2713,6358.359532893094,15.211386442327976,28.08855453928412,6386.448087432378,35.223886101400424,6539.67199197347
2714,6358.286194416022,15.21121099142589,28.093819240032552,6386.380013656055,35.22387538372046,6539.603871575239
2715,6358.212849782573,15.21103552579563,28.099099821522945,6386.311949604096,35.2238647312425,6539.535761185001
2716,6358.139499005098,15.21086004546674,28.104396282529336,6386.243895287627,35.22385414388273,6539.467660813517
2717,6358.066142095864,15.210684550468574,28.109708621827153,6386.175850717691,35.223843621557975,6539.399570471468
2718,6357.99277906695,15.210509040830024,28.115036838192793,6386.107815905143,35.223833164185606,6539.33149016935
2719,6357.919409930945,15.210333516581208,28.12038093040348,6386.039790861349,35.223822771683665,6539.263419918172
2720,6357.846034700159,15.210157977751576,28.12574089723718,6385.971775597396,35.22381244397078,6539.195359728669
2721,6357.7726533872365,15.209982424371379,28.13111673747209,6385.903770124709,35.22380218096616,6539.127309611912
2722,6357.699266005103,15.209806856471538,28.136508449886612,6385.835774454989,35.22379198258969,6539.059269579255
2723,6357.625872566277,15.209631274082003,28.141916033259,6385.767788599536,35.22378184876179,6538.99123964165
2724,6357.552473084093,15.209455677234674,28.147339486367162,6385.69981257046,35.223771779403506,6538.923219810866
2725,6357.479067571387,15.209280065960256,28.152778807988483,6385.631846379375,35.22376177443651,6538.855210098174
2726,6357.405656041603,15.209104440290917,28.158233996899533,6385.563890038503,35.22375183378303,6538.787210515459
2727,6357.332238507951,15.208928800258256,28.16370505187585,6385.495943559827,35.22374195736587,6538.719221074368
2728,6357.258814983576,15.208753145893722,28.16919197169181,6385.428006955267,35.223732145108464,6538.651241786489
2729,6357.185385482528,15.208577477230927,28.174694755120196,6385.360080237648,35.223722396934825,6538.583272664314
2730,6357.111950018184,15.208401794301876,28.180213400932146,6385.292163419116,35.22371271276955,6538.515313719664
2731,6357.0385086043125,15.208226097139503,28.185747907896864,6385.22425651221,35.223703092537846,6538.447364964749
2732,6356.965061254905,15.208050385777284,28.19129827478139,6385.156359529687,35.22369353616551,6538.379426412007
2733,6356.891607984149,15.20787466024916,28.196864500350365,6385.0884724845,35.223684043578956,6538.311498074068
2734,6356.818148805656,15.207698920587694,28.20244658336589,6385.020595389022,35.22367461470513,6538.243579962989
2735,6356.744683734119,15.207523166828034,28.208044522587194,6384.952728256706,35.223665249471615,6538.1756720919075
2736,6356.671212783694,15.207347399004052,28.213658316770484,6384.884871100464,35.22365594780652,6538.107774473422
2737,6356.597735968877,15.207171617150422,28.219287964668673,6384.817023933546,35.22364670963858,6538.039887120473
2738,6356.5242533043665,15.206995821302312,28.22493346503127,6384.749186769398,35.22363753489706,6537.9720100462
2739,6356.450764804753,15.206820011494624,28.230594816603993,6384.681359621357,35.22362842351186,6537.904143263633
2740,6356.377270484895,15.206644187762906,28.236272018128716,6384.613542503024,35.22361937541342,6537.836286786072
2741,6356.303770359678,15.20646835014277,28.241965068343134,6384.5457354280215,35.223610390532784,6537.768440626839
2742,6356.230264444089,15.206292498670068,28.247673965980596,6384.477938410069,35.22360146880159,6537.700604799356
2743,6356.156752753378,15.206116633381287,28.253398709769897,6384.4101514631475,35.223592610152025,6537.632779317309
2744,6356.083235303069,15.205940754313563,28.259139298435105,6384.342374601504,35.22358381451686,6537.564964194653
2745,6356.009712107938,15.205764861502244,28.264895730695212,6384.2746078386335,35.22357508182942,6537.4971594445915
2746,6355.936183184016,15.205588954985684,28.270668005264106,6384.20685118928,35.223566412023615,6537.4293650815835
2747,6355.862648546636,15.205413034800564,28.276456120850185,6384.139104667486,35.22355780503393,6537.361581119384
2748,6355.789108211503,15.205237100984457,28.282260076156316,6384.071368287659,35.22354926079537,6537.2938075721195
2749,6355.715562194937,15.205061153576404,28.288079869879425,6384.003642064817,35.22354077924359,6537.226044454526
2750,6355.642010512519,15.204885192613682,28.29391550071049,6383.93592601323,35.22353236031475,6537.158291780599
2751,6355.568453180085,15.204709218134175,28.299766967334214,6383.868220147419,35.223524003945606,6537.090549564583
2752,6355.494890214297,15.204533230177743,28.305634268428868,6383.800524482725,35.22351571007347,6537.022817821545
2753,6355.421321630929,15.204357228782127,28.31151740266616,6383.732839033595,35.2235074786362,6536.955096565663
2754,6355.347747447107,15.204181213988296,28.31741636871086,6383.665163815818,35.22349930957227,6536.887385812458
2755,6355.27416767866,15.204005185834115,28.32333116522068,6383.597498843881,35.223491202820654,6536.819685576151
2756,6355.20058234278,15.203829144360718,28.32926179084619,6383.529844133626,35.22348315832089,6536.751995872322
2757,6355.126991455754,15.203653089607068,28.335208244230373,6383.462199699985,35.223475176013096,6536.684316715642
2758,6355.053395034896,15.203477021614585,28.341170524008675,6383.394565558905,35.223467255837946,6536.6166481218
2759,6354.979793096762,15.203300940422874,28.347148628808682,6383.326941725571,35.22345939773667,6536.548990105725
2760,6354.906185658779,15.203124846073633,28.353142557249935,6383.259328216029,35.22345160165104,6536.481342683211
2761,6354.832572737991,15.202948738607633,28.359152307943756,6383.191725045935,35.2234438675234,6536.4137058696615
2762,6354.758954351902,15.202772618066751,28.36517787949304,6383.1241322313945,35.22343619529665,6536.346079680935
2763,6354.685330517512,15.202596484491655,28.371219270492098,6383.056549788004,35.2234285849142,6536.2784641323815
2764,6354.611701253021,15.202420337925888,28.37727647952638,6382.988977732548,35.22342103632008,6536.21085924054
2765,6354.538066575373,15.202244178409982,28.383349505172333,6382.921416080545,35.22341354945881,6536.143265020691
2766,6354.464426502762,15.202068005987469,28.389438345997306,6382.853864848759,35.22340612427549,6536.0756814893575
2767,6354.390781053292,15.201891820701656,28.39554300055923,6382.786324053851,35.22339876071574,6536.008108662964
2768,6354.317130244426,15.201715622594321,28.401663467406525,6382.718793711832,35.223391458725715,6535.940546557289
2769,6354.243474094683,15.201539411709767,28.407799745077863,6382.6512738397605,35.223384218252136,6535.872995189157
2770,6354.169812622125,15.201363188091209,28.41395183210193,6382.583764454227,35.223377039242294,6535.805454574931
2771,6354.096145845001,15.201186951782299,28.420119726997388,6382.516265571999,35.22336992164398,6535.73792473115
2772,6354.022473781952,15.201010702827636,28.426303428272526,6382.448777210224,35.22336286540557,6535.6704056747385
2773,6353.948796451523,15.200834441271585,28.432502934425273,6382.381299385948,35.22335587047596,6535.602897422519
2774,6353.875113872156,15.200658167158268,28.438718243942915,6382.3138321161,35.22334893680459,6535.5353999911995
2775,6353.801426062987,15.200481880533461,28.444949355301887,6382.246375418289,35.22334206434142,6535.4679133981745
2776,6353.727733042788,15.200305581442077,28.451196266967706,6382.178929309755,35.22333525303693,6535.400437660466
2777,6353.654034830289,15.20012926992892,28.457458977394595,6382.1114938076835,35.223328502842186,6535.332972795047
2778,6353.580331445046,15.19995294604078,28.463737485025618,6382.044068930071,35.22332181370875,6535.265518819704
2779,6353.50662290595,15.199776609822848,28.470031788292232,6381.976654694243,35.22331518558875,6535.198075751554
2780,6353.4329092324515,15.199600261321654,28.476341885614236,6381.909251118066,35.22330861843484,6535.130643608258
2781,6353.359190444291,15.199423900584428,28.482667775399545,6381.841858219691,35.22330211220021,6535.063222407762
2782,6353.285466560756,15.19924752765731,28.489009456044183,6381.7744760168,35.22329566683855,6534.995812167547
2783,6353.21173760148,15.199071142587274,28.495366925931886,6381.707104527412,35.22328928230411,6534.928412905435
2784,6353.13800358626,15.198894745421676,28.501740183434123,6381.639743769694,35.22328295855165,6534.861024639394
2785,6353.064264535125,15.198718336208435,28.508129226909908,6381.572393762035,35.22327669553645,6534.793647387619
2786,6352.9905204682545,15.198541914995824,28.514534054705525,6381.50505452296,35.22327049321436,6534.726281168442
2787,6352.916771405232,15.198365481830699,28.520954665154434,6381.437726070386,35.223264351541715,6534.658925999593
2788,6352.843017366952,15.198189036763043,28.527391056577194,6381.37040842353,35.223258270475405,6534.5915819000975
2789,6352.76925837313,15.198012579840023,28.533843227281153,6381.303101600411,35.22325224997284,6534.524248887792
2790,6352.695494444761,15.197836111111867,28.540311175560444,6381.235805620321,35.22324628999193,6534.456926981786
2791,6352.621725602033,15.197659630626873,28.546794899695698,6381.168520501728,35.22324039049113,6534.389616200365
2792,6352.547951865981,15.197483138435363,28.553294397954044,6381.1012462639355,35.223234551429385,6534.322316562653
2793,6352.474173257191,15.197306634586582,28.559809668588805,6381.03398292578,35.22322877276619,6534.255028087313
2794,6352.4003897963175,15.197130119129946,28.56634070983946,6380.966730506157,35.22322305446155,6534.187750793064
2795,6352.326601504659,15.19695359211641,28.572887519931413,6380.89948902459,35.22321739647598,6534.1204846992605
2796,6352.252808403486,15.196777053596856,28.579450097075892,6380.832258500562,35.223211798770556,6534.053229825214
2797,6352.179010513526,15.196600503620875,28.586028439469835,6380.765038952996,35.223206261306814,6533.985986189681
2798,6352.105207856625,15.196423942240731,28.59262254529574,6380.697830401921,35.223200784046824,6533.918753812525
2799,6352.031400453884,15.1962473695069,28.599232412721477,6380.630632866606,35.2231953669532,6533.8515327128525
2800,6351.957588327191,15.196070785471749,28.60585803990016,6380.563446367091,35.223190009989025,6533.784322910544
2801,6351.883771497588,15.195894190185617,28.61249942497007,6380.496270922558,35.223184713117924,6533.717124424621
2802,6351.8099499877135,15.195717583702663,28.619156566054453,6380.429106553768,35.223179476304026,6533.649937275691
2803,6351.736123818673,15.19554096607338,28.625829461261347,6380.361953279935,35.22317429951195,6533.582761482812
2804,6351.662293012878,15.195364337351382,28.632518108683563,6380.294811121561,35.22316918270686,6533.515597066335
2805,6351.588457592581,15.195187697589907,28.639222506398557,6380.227680098979,35.22316412585442,6533.448444046446
2806,6351.514617579529,15.195011046840978,28.645942652468165,6380.160560231997,35.22315912892077,6533.381302442802
2807,6351.440772996308,15.19483438515863,28.65267854493858,6380.093451541246,35.22315419187261,6533.314172275892
2808,6351.366923865212,15.1946577125962,28.65943018184017,6380.026354047052,35.22314931467713,6533.247053565898
2809,6351.293070208702,15.194481029207422,28.666197561187467,6379.95926776989,35.22314449730199,6533.179946333154
2810,6351.21921204983,15.194304335047441,28.67298068097889,6379.892192730809,35.22313973971539,6533.112850598572
2811,6351.145349410965,15.194127630169772,28.679779539196723,6379.825128950161,35.223135041886046,6533.045766382365
2812,6351.071482315123,15.19395091462948,28.68659413380696,6379.75807644893,35.22313040378313,6532.978693705387
2813,6350.997610785164,15.193774188481255,28.693424462759268,6379.6910352479235,35.223125825376336,6532.911632588311
2814,6350.92373484406,15.193597451780049,28.700270523986767,6379.624005368047,35.223121306635875,6532.844583051913
2815,6350.849854515296,15.193420704582048,28.707132315405914,6379.556986830702,35.22311684753245,6532.777545117468
2816,6350.775969822031,15.193243946942657,28.71400983491651,6379.489979656947,35.22311244803725,6532.7105188059095
2817,6350.702080787482,15.193067178917422,28.72090308040149,6379.422983867884,35.22310810812198,6532.643504138215
2818,6350.628187435156,15.192890400562575,28.72781204972683,6379.355999484883,35.223103827758834,6532.576501135633
2819,6350.554289788837,15.192713611935018,28.73473674074146,6379.289026529578,35.22309960692053,6532.5095098196825
2820,6350.480387872278,15.192536813091573,28.741677151277187,6379.222065023555,35.22309544558024,6532.442530211829
2821,6350.40648170907,15.192360004088684,28.748633279148514,6379.155114988219,35.223091343711666,6532.3755623333645
2822,6350.332571323316,15.19218318498401,28.75560512215263,6379.088176445469,35.22308730128897,6532.308606206076
2823,6350.258656738805,15.192006355834462,28.762592678069257,6379.0212494168745,35.22308331828685,6532.241661851423
2824,6350.184737979962,15.191829516698473,28.769595944660505,6378.954333924622,35.22307939468044,6532.1747292914815
2825,6350.1108150708715,15.191652667633663,28.776614919670862,6378.887429990542,35.223075530445406,6532.107808547979
2826,6350.036888035722,15.191475808697898,28.783649600827104,6378.820537636549,35.223071725557894,6532.040899642725
2827,6349.962956899521,15.191298939951006,28.79069998583816,6378.753656885358,35.22306797999455,6531.974002598335
2828,6349.8890216858435,15.191122061449386,28.797766072395092,6378.686787758239,35.22306429373252,6531.907117435975
2829,6349.815082420049,15.190945173253706,28.804847858170902,6378.619930278221,35.22306066674942,6531.84024417858
2830,6349.741139126893,15.19076827542319,28.81194534082053,6378.553084467714,35.223057099023364,6531.773382848466
2831,6349.667191830998,15.19059136801674,28.81905851798073,6378.4862503489785,35.22305359053293,6531.706533467796
2832,6349.593240557615,15.190414451094773,28.82618738727001,6378.419427944885,35.22305014125719,6531.639696059354
2833,6349.519285331292,15.190237524716009,28.833331946288542,6378.35261727758,35.223046751175715,6531.572870645195
2834,6349.445326177578,15.190060588941574,28.840492192618026,6378.285818370196,35.22304342026856,6531.5060572483635
2835,6349.371363121885,15.18988364383226,28.847668123821805,6378.219031245707,35.223040148516276,6531.4392558917525
2836,6349.297396189327,15.18970668944815,28.854859737444585,6378.152255926771,35.22303693589988,6531.372466597936
2837,6349.2234254052655,15.189529725849917,28.862067031012472,6378.085492436278,35.22303378240086,6531.305689389722
2838,6349.149450795669,15.189352753099685,28.8692900020328,6378.018740797701,35.22303068800119,6531.2389242905065
2839,6349.075472385849,15.189175771258013,28.876528647994228,6377.952001033843,35.223027652683335,6531.172171323015
2840,6349.001490201921,15.18899878038737,28.883782966366603,6377.885273168287,35.22302467643024,6531.105430510759
2841,6348.927504269443,15.188821780548906,28.891052954600838,6377.818557224044,35.22302175922534,6531.038701876674
2842,6348.853514614506,15.188644771805038,28.89833861012892,6377.751853224635,35.22301890105253,6530.971985444214
2843,6348.779521263263,15.188467754218332,28.905639930363833,6377.685161193626,35.22301610189619,6530.9052812368745
2844,6348.705524242219,15.1882907278522,28.912956912699475,6377.618481154919,35.22301336174119,6530.838589278494
2845,6348.631523576948,15.188113692767818,28.920289554510646,6377.551813131458,35.22301068057284,6530.77190959195
2846,6348.557519294418,15.187936649029709,28.927637853152966,6377.485157147571,35.22300805837697,6530.705242201511
2847,6348.48351142088,15.187759596700669,28.93500180596281,6377.418513226843,35.22300549513985,6530.638587130701
2848,6348.409499983081,15.187582535844692,28.942381410257354,6377.351881393339,35.22300299084824,6530.5719444035285
2849,6348.335485007547,15.187405466525231,28.949776663334326,6377.285261670881,35.223000545489356,6530.505314043759
2850,6348.261466520987,15.187228388806188,28.957187562472203,6377.218654083459,35.22299815905092,6530.438696075331
2851,6348.187444550695,15.187051302752858,28.964614104930078,6377.152058655624,35.22299583152109,6530.372090522741
2852,6348.113419123143,15.186874208428572,28.972056287947616,6377.085475411091,35.22299356288854,6530.305497409656
2853,6348.039390265843,15.186697105899146,28.979514108744944,6377.018904374589,35.22299135314238,6530.238916760758
2854,6347.965358005636,15.186519995228794,28.98698756452277,6376.952345570158,35.2229892022722,6530.172348600043
2855,6347.891322370186,15.186342876483698,28.99447665246219,6376.885799022648,35.22298711026805,6530.105792952314
2856,6347.81728338664,15.186165749728804,29.001981369724756,6376.819264756365,35.22298507712046,6530.039249841839
2857,6347.743241082442,15.185988615029766,29.009501713452373,6376.752742795895,35.2229831028204,6529.972719293163
2858,6347.669195485234,15.185811472452713,29.0170376807674,6376.686233166001,35.22298118735934,6529.906201331014
2859,6347.595146622683,15.185634322063835,29.02458926877252,6376.619735891456,35.22297933072921,6529.839695980128
2860,6347.521094522489,15.1854571639294,29.03215647455069,6376.55325099704,35.2229775329224,6529.773203265252
2861,6347.4470392127005,15.185279998116508,29.0397392951653,6376.486778507866,35.22297579393176,6529.706723211469
2862,6347.3729807211985,15.185102824691862,29.047337727659936,6376.420318448859,35.222974113750624,6529.640255843674
2863,6347.298919076156,15.184925643722861,29.054951769058455,6376.353870845215,35.222972492372776,6529.573801187037
2864,6347.224854305428,15.184748455276145,29.062581416365106,6376.287435721793,35.22297092979245,6529.50735926639
2865,6347.150786437266,15.184571259419297,29.070226666564256,6376.22101310383,35.22296942600435,6529.440930106949
2866,6347.076715500298,15.184394056220809,29.077887516620606,6376.154603016918,35.222967981003656,6529.374513734284
2867,6347.002641522975,15.184216845748743,29.0855639634791,6376.088205486454,35.22296659478599,6529.3081101737735
2868,6346.928564533681,15.184039628071007,29.093256004064934,6376.021820537746,35.22296526734744,6529.241719450707
2869,6346.854484560938,15.183862403255832,29.100963635283485,6375.955448196221,35.222963998684556,6529.1753415905
2870,6346.780401633827,15.183685171372792,29.108686854020448,6375.889088487847,35.22296278879435,6529.108976619103
2871,6346.70631578074,15.183507932489809,29.11642565714174,6375.822741437882,35.22296163767429,6529.042624561765
2872,6346.632227030863,15.183330686676705,29.124180041493464,6375.7564070723565,35.222960545322294,6528.976285444509
2873,6346.558135412966,15.183153434002312,29.131950003902112,6375.690085416868,35.22295951173675,6528.909959292922
2874,6346.484040956554,15.182976174537211,29.139735541174367,6375.623776497729,35.222958536916465,6528.843646133315
2875,6346.409943690394,15.182798908350225,29.147536650097187,6375.557480340492,35.222957620860754,6528.777345991236
2876,6346.335843643985,15.182621635511925,29.15535332743788,6375.491196971423,35.22295676356935,6528.71105889295
2877,6346.261740846736,15.18244435609267,29.163185569944076,6375.42492641668,35.22295596504246,6528.644784864615
2878,6346.187635327926,15.182267070162501,29.171033374343732,6375.35866870227,35.222955225280714,6528.578523932241
2879,6346.113527117295,15.182089777792573,29.17889673734516,6375.29242385464,35.222954544285244,6528.512276122281
2880,6346.039416244308,15.181912479053368,29.1867756556371,6375.226191899945,35.222953922057606,6528.446041460896
2881,6345.9653027386985,15.181735174016024,29.19467012588868,6375.159972864587,35.22295335859978,6528.379819974496
2882,6345.891186630543,15.181557862752497,29.202580144749483,6375.093766775293,35.22295285391425,6528.31361168982
2883,6345.817067949507,15.181380545333749,29.210505708849624,6375.027573658356,35.222952408003906,6528.247416633173
2884,6345.742946725728,15.181203221831884,29.21844681479964,6374.961393540528,35.222952020872114,6528.1812348313215
2885,6345.668822989197,15.181025892318653,29.226403459190724,6374.895226448388,35.22295169252267,6528.115066310861
2886,6345.594696770328,15.180848556866813,29.234375638594578,6374.829072408922,35.222951422959824,6528.048911098797
2887,6345.520568099117,15.180671215548125,29.242363349563583,6374.76293144868,35.22295121218829,6527.9827692216995
2888,6345.4464370060405,15.180493868435503,29.25036658863074,6374.696803594671,35.22295106021323,6527.916640706599
2889,6345.372303521524,15.180316515601733,29.258385352309876,6374.6306888738345,35.222950967040205,6527.850525580459
2890,6345.298167676057,15.180139157119754,29.266419637095503,6374.5645873131525,35.22295093267526,6527.78442387029
2891,6345.224029500591,15.179961793063615,29.274469439463058,6374.498498940055,35.222950957124894,6527.7183356035475
2892,6345.149889025258,15.179784423505401,29.282534755868788,6374.432423781127,35.22295104039602,6527.65226080685
2893,6345.075746281134,15.17960704851946,29.29061558274986,6374.366361863884,35.222951182496004,6527.586199507741
2894,6345.001601299268,15.179429668180068,29.29871191652447,6374.300313215793,35.22295138343267,6527.520151733725
2895,6344.927454110515,15.179252282561041,29.306823753591914,6374.234277864107,35.22295164321427,6527.4541175120885
2896,6344.853304745656,15.179074891736018,29.314951090332578,6374.168255835988,35.22295196184952,6527.388096870033
2897,6344.779153236208,15.178897495780403,29.323093923107997,6374.102247159316,35.22295233934753,6527.3220898354775
2898,6344.70499961312,15.178720094768229,29.331252248261087,6374.036251861381,35.222952775717886,6527.2560964357535
2899,6344.630843908028,15.178542688775186,29.339426062116072,6373.970269970144,35.222953270970606,6527.190116698866
2900,6344.556686151937,15.178365277875448,29.347615360978494,6373.9043015129155,35.222953825116136,6527.124150652171
2901,6344.482526376432,15.178187862144576,29.355820141135432,6373.8383465175675,35.22295443816539,6527.058198323587
2902,6344.4083646132685,15.178010441658538,29.364040398855593,6373.772405012124,35.22295511012969,6526.992259741189
2903,6344.334200893683,15.177833016492066,29.372276130389203,6373.706477024072,35.22295584102083,6526.926334932513
2904,6344.2600352498175,15.177655586722052,29.380527331968345,6373.640562581786,35.222956630851,6526.860423925988
2905,6344.185867713226,15.177478152423985,29.388793999806822,6373.574661713033,35.222957479632846,6526.794526749435
2906,6344.111698315755,15.177300713674056,29.39707613010036,6373.508774445856,35.222958387379435,6526.728643430956
2907,6344.037527089555,15.177123270549174,29.405373719026734,6373.442900808582,35.222959354104276,6526.662773998935
2908,6343.963354066477,15.176945823125543,29.41368676274582,6373.377040829223,35.222960379821316,6526.596918481446
2909,6343.8891792788845,15.176768371480584,29.422015257399586,6373.311194536284,35.22296146454497,6526.531076907055
2910,6343.815002758738,15.176590915690761,29.430359199112406,6373.24536195785,35.22296260829003,6526.465249303912
2911,6343.740824538179,15.176413455832964,29.438718583990923,6373.17954312217,35.222963811071736,6526.399435700332
2912,6343.666644650127,15.17623599198595,29.447093408124367,6373.113738058251,35.22296507290577,6526.333636125391
2913,6343.592463126555,15.176058524226208,29.455483667584517,6373.0479467941395,35.22296639380825,6526.267850607205
2914,6343.518280000003,15.175881052631587,29.46388935842588,6372.982169358429,35.22296777379569,6526.20207917444
2915,6343.444095303326,15.175703577280686,29.472310476685823,6372.916405780012,35.22296921288507,6526.136321856062
2916,6343.369909068771,15.17552609825065,29.48074701838462,6372.8506560871565,35.22297071109379,6526.070578680415
2917,6343.295721329715,15.175348615621328,29.48919897952555,6372.78492030924,35.222972268439655,6526.004849676952
2918,6343.221532118173,15.175171129469314,29.497666356095195,6372.7191984742685,35.22297388494093,6525.939134873762
2919,6343.147341467622,15.174993639874694,29.506149144063354,6372.653490611686,35.222975560616305,6525.873434300367
2920,6343.073149410902,15.174816146916035,29.514647339383224,6372.587796750286,35.222977295484895,6525.807747985645
2921,6342.998955981175,15.174638650672668,29.52316093799153,6372.522116919166,35.222979089566245,6525.742075958779
2922,6342.924761211266,15.174461151223124,29.531689935808725,6372.456451147074,35.222980942880326,6525.676418248604
2923,6342.850565134507,15.174283648647146,29.540234328739086,6372.3907994632455,35.2229828554475,6525.610774884442
2924,6342.776367784029,15.174106143023995,29.548794112670826,6372.325161896701,35.22298482728854,6525.545145895406
2925,6342.702169193492,15.173928634434192,29.55736928347621,6372.259538476968,35.22298685842472,6525.479531311116
2926,6342.627969396197,15.173751122957409,29.565959837011697,6372.193929233209,35.22298894887766,6525.413931160827
2927,6342.553768425473,15.173573608673381,29.574565769118173,6372.128334194591,35.22299109866945,6525.348345473803
2928,6342.4795663152745,15.173396091663337,29.583187075621026,6372.0627533908955,35.22299330782261,6525.282774279924
2929,6342.405363098489,15.173218572005954,29.591823752330253,6371.997186850819,35.222995576360084,6525.217217607986
2930,6342.331158809328,15.173041049783082,29.60047579504064,6371.931634604369,35.2229979043052,6525.151675488097
2931,6342.256953481723,15.172863525075892,29.609143199532014,6371.866096681255,35.22300029168173,6525.086147950071
2932,6342.182747149141,15.172685997964452,29.617825961569146,6371.80057311071,35.223002738513834,6525.020635023245
2933,6342.108539845532,15.17250846852998,29.62652407690221,6371.735063922434,35.223005244826126,6524.955136737428
2934,6342.034331605143,15.17233093685441,29.635237541266797,6371.66956914641,35.2230078106436,6524.88965312271
2935,6341.96012246165,15.172153403018301,29.643966350384076,6371.604088812034,35.223010435991704,6524.824184208598
2936,6341.885912449586,15.171975867104273,29.652710499960875,6371.538622949546,35.22301312089629,6524.758730025445
2937,6341.811701602839,15.171798329193395,29.66146998569011,6371.473171588529,35.223015865383644,6524.693290602948
2938,6341.737489955682,15.17162078936766,29.670244803250654,6371.407734758933,35.22301866948045,6524.6278659711725
2939,6341.663277542363,15.171443247709004,29.67903494830765,6371.342312490671,35.22302153321385,6524.562456160152
2940,6341.5890643975645,15.171265704300394,29.687840416512678,6371.276904814077,35.22302445661134,6524.497061200336
2941,6341.514850555441,15.171088159223542,29.696661203503943,6371.211511758945,35.223027439700864,6524.431681121643
2942,6341.440636050557,15.170910612561142,29.70549730490645,6371.1461333554635,35.22303048251074,6524.366315954385
2943,6341.366420917465,15.170733064395849,29.714348716332168,6371.080769633797,35.22303358506971,6524.30096572885
2944,6341.2922051909145,15.1705555148108,29.72321543338021,6371.015420624295,35.223036747406965,6524.235630475516
2945,6341.217988905698,15.17037796388923,29.732097451637074,6370.950086357335,35.223039969552076,6524.170310224887
2946,6341.143772096219,15.170200411713443,29.740994766676735,6370.884766862896,35.22304325153508,6524.1050050070735
2947,6341.069554797665,15.170022858367618,29.749907374060918,6370.819462171726,35.223046593386364,6524.039714852956
2948,6340.995337044664,15.169845303934602,29.758835269339237,6370.754172314003,35.22304999513675,6523.974439792848
2949,6340.921118872248,15.169667748498203,29.76777844804935,6370.688897320298,35.22305345681746,6523.909179857454
2950,6340.846900315514,15.169490192142378,29.776736905717335,6370.623637221232,35.22305697846014,6523.843935077533
2951,6340.772681409506,15.169312634950971,29.785710637857772,6370.558392047364,35.22306056009681,6523.7787054837845
2952,6340.698462189158,15.169135077007555,29.794699639973885,6370.493161829132,35.22306420175994,6523.713491106788
2953,6340.624242689995,15.168957518397118,29.803703907557892,6370.427946597553,35.22306790348237,6523.648291977702
2954,6340.550022946943,15.168779959203212,29.812723436091055,6370.3627463830335,35.22307166529737,6523.583108127077
2955,6340.475802995588,15.168602399510977,29.82175822104403,6370.297561216632,35.22307548723862,6523.51793958612
2956,6340.4015828712345,15.168424839404867,29.830808257876996,6370.232391129111,35.2230793693402,6523.452786385741
2957,6340.327362609051,15.168247278969023,29.839873542039875,6370.167236151091,35.223083311636586,6523.38764855671
2958,6340.253142244649,15.168069718288635,29.84895406897257,6370.102096313622,35.223087314162655,6523.32252613023
2959,6340.178921813832,15.167892157449359,29.858049834105238,6370.036971647937,35.22309137695373,6523.257419137686
2960,6340.10470135164,15.167714596535024,29.867160832858445,6369.971862184499,35.223095500045474,6523.192327609697
2961,6340.0304808941255,15.167537035631879,29.87628706064338,6369.906767954769,35.223099683474,6523.127251577881
2962,6339.956260476859,15.167359474825021,29.885428512862056,6369.841688989721,35.22310392727579,6523.062191073371
2963,6339.882040135799,15.167181914200476,29.894585184907605,6369.776625320706,35.22310823148776,6522.997146127678
2964,6339.807819906498,15.167004353843296,29.903757072164616,6369.711576978662,35.22311259614716,6522.932116771903
2965,6339.733599824686,15.166826793838963,29.912944170009162,6369.646543994695,35.22311702129171,6522.867103037314
2966,6339.6593799266975,15.166649234274397,29.922146473808997,6369.581526400507,35.223121506959544,6522.802104955781
2967,6339.585160248051,15.166471675234572,29.931363978924015,6369.516524226975,35.22312605318914,6522.737122558347
2968,6339.5109408251565,15.166294116806595,29.940596680706413,6369.451537505863,35.22313066001942,6522.672155876947
2969,6339.436721693905,15.166116559076329,29.9498445745009,6369.386566268407,35.22313532748966,6522.607204942987
2970,6339.362502890297,15.165939002129898,29.95910765564494,6369.321610545942,35.22314005563953,6522.542269787974
2971,6339.2882844506275,15.165761446054132,29.968385919468933,6369.256670370097,35.22314484450915,6522.477350443712
2972,6339.214066410863,15.165583890935078,29.977679361296588,6369.191745772159,35.223149694138975,6522.412446941664
2973,6339.139848807668,15.165406336860451,29.986987976445132,6369.126836784114,35.2231546045699,6522.347559313993
2974,6339.065631677086,15.165228783916472,29.996311760225538,6369.061943437311,35.22315957584317,6522.282687592229
2975,6338.991415055661,15.165051232190576,30.005650707942884,6368.997065763603,35.223164608000474,6522.217831808405
2976,6338.917198979581,15.164873681769333,30.015004814896447,6368.932203794478,35.22316970108389,6522.152991994192
2977,6338.8429834853205,15.164696132740001,30.02437407637995,6368.8673575617,35.223174855135866,6522.088168181542
2978,6338.768768609422,15.164518585190006,30.03375848768205,6368.802527097105,35.22318007019926,6522.023360402472
2979,6338.694554388374,15.164341039206636,30.04315804408634,6368.73771243246,35.2231853463173,6521.95856868894
2980,6338.620340858735,15.164163494877357,30.05257274087187,6368.672913599607,35.22319068353363,6521.893793072979
2981,6338.546128057493,15.163985952290652,30.062002573313194,6368.608130630806,35.22319608189224,6521.829033587037
2982,6338.471916020711,15.163808411532802,30.071447536680722,6368.543363557392,35.22320154143755,6521.764290262645
2983,6338.3977047854205,15.163630872692394,30.08090762624103,6368.478612411662,35.22320706221436,6521.699563132294
2984,6338.323494388389,15.16345333585739,30.09038283725697,6368.413877225646,35.22321264426786,6521.634852228211
2985,6338.249284866219,15.163275801115356,30.09987316498826,6368.349158031207,35.22321828764365,6521.570157582457
2986,6338.175076256093,15.163098268555247,30.109378604691457,6368.2844548607845,35.22322399238767,6521.505479227671
2987,6338.10086859452,15.162920738264402,30.11889915162034,6368.21976774614,35.223229758546296,6521.440817195817
2988,6338.0266619187,15.162743210331817,30.128434801026287,6368.155096719725,35.223235586166254,6521.376171519549
2989,6337.952456265362,15.162565684845365,30.137985548158433,6368.090441813521,35.223241475294664,6521.311542231052
2990,6337.87825167162,15.162388161893828,30.147551388263977,6368.025803059884,35.223247425979025,6521.246929362893
2991,6337.804048174172,15.162210641565004,30.157132316588466,6367.96118049076,35.22325343826725,6521.182332947223
2992,6337.729845810671,15.162033123948973,30.166728328376156,6367.896574139047,35.22325951220759,6521.11775301715
2993,6337.655644617656,15.16185560913315,30.176339418870256,6367.831984036527,35.223265647848734,6521.053189604669
2994,6337.581444632826,15.161678097207718,30.18596558331315,6367.767410216139,35.223271845239715,6520.988642742932
2995,6337.507245892798,15.161500588260282,30.195606816946842,6367.702852709745,35.223278104429966,6520.924112464015
2996,6337.433048434948,15.16132308238026,30.205263115013096,6367.638311549961,35.22328442546929,6520.859598800753
2997,6337.35885229661,15.161145579656962,30.21493447275382,6367.573786769364,35.223290808407874,6520.795101785939
2998,6337.284657515062,15.160968080179574,30.22462088541139,6367.509278400473,35.22329725329628,6520.730621452311
2999,6337.21046412756,15.160790584037224,30.234322348228876,6367.4447864757885,35.22330376018547,6520.666157832596
