epoch,nll_total,nll_per_row,penalty,loss_base,bce_sum,loss_total
0,32284.86481083904,77.2365186862178,1.2000000000000004,32286.06481083904,450.57223472567387,34246.05403189572
1,30707.621723145614,73.46320986398472,1.2465362179243364,30708.86825936354,436.94082921838225,32609.5608664635
2,29327.035327549558,70.1603715970085,1.2946973984027943,29328.33002494796,423.29281601828006,31169.65377462748
3,28129.99904479348,67.29664843252029,1.3444340808110984,28131.343478874292,409.6388291778537,29913.272385797954
4,27101.609878183386,64.8363872683813,1.3956815081643317,27103.00555969155,395.99087761961846,28825.565877336892
5,26225.51717337067,62.7404717066284,1.4483612379039505,26226.965534608575,382.3624134530444,27890.242033129318
6,25484.75063435417,60.96830295300041,1.5023834856555323,25486.253017839826,368.76839020278214,27090.395515221928
7,24862.289402542636,59.479161250102,1.5576498962400893,24863.847052438876,355.22533403037784,26409.07725547102
8,24341.311975098142,58.23280376817738,1.6140565743565374,24342.926031672498,341.7514012124686,25829.544626946736
9,23905.580525088284,57.19038403131169,1.671497417117977,23907.252022505403,328.3664028605733,25335.645874948896
10,23539.957535957208,56.31568788506509,1.7298686175753708,23541.687404574783,315.09179838117035,24912.336727532875
11,23230.77305697728,55.57601209803177,1.78907433165307,23232.562131308932,301.95065045315204,24546.047460780144
12,22965.9632659583,54.94249585157488,1.8490307328590951,22967.812296691158,288.96752630143294,24224.821036102392
13,22735.11997195017,54.39023916734491,1.909667903602605,22737.029639853772,276.1683360605659,23938.361901717235
14,22529.49127881717,53.898304494777925,1.9709311288752578,22531.462209946047,263.5801031892622,23678.03565881934
15,22341.92250563501,53.44957537233256,2.0327822618403375,22343.955287896853,251.2306619678428,23436.80866745697
16,22166.744733276562,53.03048979252766,2.095201119470623,22168.839934396034,239.14827976029315,23209.13495135331
17,21999.625210648588,52.63068232212581,2.158186741143979,22001.783397389732,227.36120784028645,22990.80465149498
18,21837.394065697103,52.242569535160534,2.2217583810253267,21839.61582407813,215.8971710488971,22778.76851814083
19,21677.86132422954,51.86091225892234,2.285956170226741,21680.147280399768,204.78281180766535,22570.952511763113
20,21519.63627508353,51.48238343321418,2.3508414412301453,21521.98711652476,194.04310855137277,22366.074638723232
21,21361.957829697556,51.105162272003724,2.416496740672809,21364.37432643823,183.7007929490122,22163.47277576643
22,21204.541012102047,50.7285670145982,2.4830255665529863,21207.0240376686,173.77579398971255,21962.94874152385
23,21047.442081419547,50.35273225219987,2.5505518567722296,21049.99263327632,164.2847394570152,21764.631249914335
24,20890.94321902572,49.978333059870145,2.619219233626135,20893.56243825935,155.24054596000542,21568.858813185372
25,20735.456824471043,49.60635603940441,2.689189984815503,20738.14601445586,146.65212690964586,21376.082766512816
26,20581.448763211796,49.23791570146363,2.7606437553039607,20584.2094069671,138.5242424383749,21186.78986157403
27,20429.37918947985,48.87411289349246,2.833775949377128,20432.212965429226,130.8575046934146,21001.44311084558
28,20279.658997460465,48.515930615934124,2.9087958832047187,20282.56779334367,123.64853608539111,20820.438925315124
29,20132.619797113406,48.16416219405121,2.985924753923582,20135.60572186733,116.89026082979319,20644.07835647693
30,19988.49567629511,47.81936764663902,3.0653935007622697,19991.561069795873,110.5722984233472,20472.550567937433
31,19847.415674728116,47.481855681167744,3.1474406466467286,19850.563115374764,104.68142548790613,20305.927316247155
32,19709.406210827132,47.15168949958644,3.2323102116742697,19712.638521038807,99.20207639476277,20144.167553356026
33,19574.402210862034,46.82871342311491,3.3202497572906435,19577.722460619323,94.11685718203991,19987.130789361196
34,19442.264763258114,46.51259512741176,3.411508568041649,19445.676271826156,89.40704950775684,19834.5969371849
35,19312.802470496117,46.20287672367492,3.506335944583731,19316.308806440702,85.05308370444536,19686.28972055504
36,19185.79360991095,45.89902777490658,3.6049795831618585,19189.39858949411,81.03496407308111,19541.900683212014
37,19061.006655689256,45.60049439160109,3.7076840429471685,19064.714339732203,77.33263513122418,19401.11130255303
38,18938.217448641873,45.306740307755675,3.814689334449835,18942.032137976323,73.92628357734156,19263.61147153776
39,18817.22209954203,45.01727775010055,3.926229683655418,18821.148329225685,70.79657634598081,19129.113436330703
40,18697.845381546707,44.73168751566198,4.042532530743477,18701.88791407745,67.92483959535379,18997.36096631724
41,18579.944831352303,44.44962878313948,4.1638178123553224,18584.108649164657,65.29318628663961,18868.134009511537
42,18463.41108120065,44.17083990717859,4.2902975598696695,18467.70137876052,62.884601105410646,18741.249393569058
43,18348.165156137788,43.89513195248274,4.422175828252385,18352.58733196604,60.682991223264835,18616.55834378724
44,18234.153618632903,43.62237707806915,4.559648951856936,18238.71326758476,58.67321038725967,18493.94173276934
45,18121.34250325054,43.35249402691517,4.7029061048387435,18126.045409355378,56.84106255883165,18373.304031486296
46,18009.71092372059,43.08543283186744,4.852130127218273,18014.56305384781,55.1732901055058,18254.566865806763
47,17899.245049391848,42.82116040524365,5.007498570374659,17904.252547962224,53.65755050499894,18137.66289265897
48,17789.93289175503,42.559648066399596,5.169184926044084,17795.102076681073,52.28238467384501,18022.5304500123
49,17681.76011419717,42.30086151721812,5.337360030383742,17687.097474227554,51.03717935675235,17909.109204429427
50,17574.706955704998,42.04475348254784,5.512193664050063,17580.219149369048,49.91212547296892,17797.336895176464
51,17468.74632584784,41.79125915274602,5.6938563784436935,17474.44018222628,48.89817388138646,17687.147238610312
52,17363.84309765018,41.540294491986074,5.882521557475544,17369.725619207657,47.98698967562774,17578.46902429664
53,17259.954538140584,41.29175726827891,6.078367684881823,17266.032905825465,47.17090584028411,17471.226346230702
54,17157.03169481331,41.04553037036678,6.281580750507825,17163.313275563818,46.442876880464404,17365.33978999384
55,17055.021459727195,40.80148674575884,6.492356708848595,17061.513816436043,45.79643287097704,17260.728299424794
56,16953.86899692025,40.55949520794318,6.7109039001633475,16960.579900820412,45.22563425093299,17157.31140981197
57,16853.520238398778,40.31942640765258,6.937445352048645,16860.45768375083,44.725027606332475,17055.011553838376
58,16753.92420485062,40.081158384810095,7.172220890729051,16761.09642574135,44.28960262951891,16953.75619717976
59,16655.034967882457,39.844581262876694,7.415489002767412,16662.450456885224,43.91475041312094,16853.4796211823
60,16556.813129818605,39.609600789039725,7.667528398395829,16564.480658217002,43.59622322100825,16754.12422922839
61,16459.22675215281,39.37614055538949,7.9286392375935755,16467.155391390403,43.33009587457951,16655.641308444825
62,16362.25171507483,39.144142859030694,8.199143990073868,16370.450859064904,43.11272889505882,16557.99122975841
63,16265.871538191011,38.91356827318424,8.479387910936861,16274.350926101948,42.940733547928474,16461.143117035437
64,16170.076734762826,38.684394102303415,8.769739124956937,16178.846473887783,42.81093894146963,16365.074058283175
65,16074.863805118563,38.45661197396785,9.070588323999756,16083.934393442561,42.72036133548991,16269.767965251942
66,15980.233995820909,38.23022487038495,9.382348093391093,15989.6163439143,42.66617581707976,16175.214208718597
67,15886.191957528032,38.005243917531175,9.705451893596631,15895.897409421628,42.645690496399425,16081.406163080967
68,15792.744426267174,37.78168523030425,10.040352732792224,15802.784778999967,42.656323366142814,15988.339785642687
69,15699.899032393405,37.55956706314212,10.38752157342363,15710.28655396683,42.69558195279219,15896.012335461475
70,15607.66331274683,37.338907446762754,10.747445521467043,15618.410758268297,42.76104586571392,15804.421307784152
71,15516.043969189248,37.11972241432834,11.12062585076496,15527.164595040013,42.85035232145622,15713.563627638347
72,15425.046385232925,36.90202484505485,11.507575916609515,15436.553961149535,42.961184685520465,15623.435114531549
73,15334.674385488535,36.68582388872856,11.908819012833348,15346.583204501369,43.09126403294263,15534.03020304467
74,15244.930202458418,36.47112488626416,12.32488622523147,15257.255088683649,43.23834368312502,15445.341883705243
75,15155.814602774646,36.25792967170968,12.756314331354691,15168.570917106,43.400206614732326,15357.361815880085
76,15067.327120127868,36.0462371294925,13.203643792747343,15080.530763920615,43.574665614643564,15270.080559344315
77,14979.46634373107,35.83604388452409,13.667416880688496,14993.133760611758,43.75956596273464,15183.487872549653
78,14892.230217610373,35.62734501820663,14.148175970566665,14906.37839358094,43.9527904036465,15097.573031836802
79,14805.616315457963,35.420134725975984,14.646462033306413,14820.262777491269,44.15226610976598,15012.325135068751
80,14719.622066551965,35.21440685777982,15.162813344917257,14734.784879896883,44.3559732985048,14927.733363745378
81,14634.244918927041,35.010155308437895,15.697764427420381,14649.942683354462,44.561955133589095,14843.787188185575
82,14549.482435578553,34.80737424779558,16.25184522631589,14565.734280804869,44.7683285162138,14760.4765098504
83,14465.332327434746,34.606058199604654,16.825580521591867,14482.157907956338,44.97329535897664,14677.791742767886
84,14381.792432836519,34.40620199243186,17.4194895612631,14399.211922397782,45.17515393443401,14595.72384201257
85,14298.860657320216,34.2078006155986,18.034085898782983,14316.894743219,45.37230990133665,14514.264291289814
86,14216.534889672294,34.01084901835477,18.669877408609178,14235.204767080902,45.56328663493373,14433.405063942864
87,14134.81291066096,33.81534189153339,19.32736644792604,14154.140277108885,45.7467345224212,14353.138572281418
88,14053.692309696125,33.62127346817255,20.00705012722201,14073.699359823348,45.92143892930717,14273.457619165834
89,13973.170422124298,33.42863737350311,20.709420648261094,13993.87984277256,46.086326595335905,14194.355363462271
90,13893.244296164496,33.23742654584807,21.434965665128082,13914.679261829624,46.240470277404114,14115.825307536332
91,13813.910694007904,33.04763323925336,22.18416862260124,13836.094862630505,46.383091519102486,14037.8613107386
92,13735.166126810054,32.85924910720109,22.957509026220002,13758.123635836275,46.51356148948402,13960.457628315531
93,13657.006918786608,32.672265355948824,23.75546260013933,13680.762381386749,46.63139989480058,13883.608970929132
94,13579.429291980021,32.48667294732063,24.57850129221996,13604.007793272242,46.73627202384462,13807.310576575966
95,13502.429461002366,32.302462825364515,25.427093090755726,13527.856554093121,46.82798403811288,13731.558284658913
96,13426.003726500085,32.11962613995235,26.30170162367591,13452.30542812376,46.906476660632364,13656.34860159751
97,13350.148557251265,31.938154443184843,27.202785518792922,13377.351342770058,46.97181745085054,13581.678748681257
98,13274.860653429663,31.75803984074082,28.130797512427634,13302.99145094209,47.02419187695291,13507.546685606836
99,13200.136987108604,31.579275088776566,29.08618330320609,13229.223170411811,47.06389341135635,13433.951106751212
100,13125.974819896192,31.40185363611529,30.069380157601366,13156.044200053793,47.09131288048345,13360.891411083896
101,13052.37170097079,31.225769619547346,31.0808152834932,13083.452516254283,47.106927297232914,13288.367649997246
102,12979.325451245795,31.05101782594688,32.12090399723644,13011.446355243032,47.11128839512863,13216.380459761842
103,12906.834140561119,30.877593637706028,33.19004771809495,12940.024188279214,47.10501106844302,13144.930986426942
104,12834.896064686585,30.705492977719103,34.28863183108441,12869.18469651767,47.088761904179975,13074.020810800854
105,12763.509727676297,30.534712267168175,35.41702346500082,12798.926751141298,47.063247971109725,13003.651879815625
106,12692.67383313537,30.365248404630073,36.57556923647769,12729.249402371848,47.02920600931455,12933.826448512367
107,12622.387285664176,30.19709876953152,37.764593013156464,12660.151878677332,46.98739214188589,12864.547034494535
108,12552.64920157734,30.03026124779268,38.984393749364116,12591.633595326704,46.93857220918286,12795.81638443665
109,12483.458926291685,29.864734273425086,40.23524344601856,12523.694169737704,46.883512805805104,12727.637450442957
110,12414.8160547415,29.700516877372007,41.517385282820456,12456.33344002432,46.82297308131991,12660.013372928062
111,12346.720450892146,29.537608734191735,42.83103196519754,12389.551482857343,46.7576973478786,12592.947466320615
112,12279.172262806342,29.376010198101294,44.176364321064334,12323.348627127407,46.68840852115912,12526.44320419445
113,12212.17193063111,29.215722322083995,45.55353017344663,12257.725460804557,46.61580240561915,12460.504201269001
114,12145.720186085968,29.056746856664994,46.96264350468038,12192.682829590649,46.540542820908456,12395.134190861601
115,12079.818043318694,28.899086228035152,48.40378391660671,12128.2218272353,46.46325755359472,12330.336997593437
116,12014.466782159325,28.742743497988815,49.876996379414024,12064.34377853874,46.38453510723281,12266.116506255203
117,11949.667925644977,28.587722310155446,51.3822912500705,12001.050216895048,46.30492221436883,12202.476628527553
118,11885.423214158074,28.434026828129365,52.91964453024967,11938.342858688324,46.22492206637557,12139.421269677057
119,11821.73457855435,28.281661671182654,54.488998323908845,11876.223576878258,46.14499321107406,12076.95429734643
120,11758.604114322567,28.13063185244633,56.0902614468546,11814.69437576942,46.065549063841175,12015.07951419713
121,11696.034058207106,27.980942722983507,57.723310135273884,11753.75736834238,45.98695797524031,11953.800635534675
122,11634.026767964127,27.832599923359158,59.38798879776334,11693.414756761891,45.90954379697608,11893.121272278737
123,11572.584705175868,27.685609342526,61.08411075612036,11633.66881593199,45.833586888014935,11833.044918894855
124,11511.710420415635,27.539977082334055,62.8114589241209,11574.521879339756,45.75932550380602,11773.574945281312
125,11451.406539653866,27.39570942500925,64.5697863805167,11515.976326034383,45.68695751347259,11714.714591217988
126,11391.675750660235,27.25281280062257,66.35881680210778,11458.034567462342,45.61664239236758,11656.46696186914
127,11332.520788270085,27.111293751842307,68.17824473433988,11400.699033004425,45.54850344022594,11598.835022969408
128,11273.944417719038,26.971158894064683,70.02773568962874,11343.972153408668,45.48263017805246,11541.821594683195
129,11215.949415685747,26.832414870061598,71.90692607662365,11287.85634176237,45.41908087961616,11485.429343588701
130,11158.53854917104,26.69506829945225,73.81542297599609,11232.353972147037,45.3578851958284,11429.66077274889
131,11101.714552734047,26.559125724244133,75.7528037892736,11177.46735652332,45.29904683231829,11374.518210243905
132,11045.480104903198,26.424593552399994,77.71861579611551,11123.198720699313,45.242546242272404,11320.003796853198
133,10989.837804684274,26.291478001637017,79.71237566186082,11069.550180346134,45.188343298313626,11266.119473693798
134,10934.790149052962,26.15978504558125,81.73356894104607,11016.523717994009,45.136379909190936,11212.866970598989
135,10880.339512145161,26.02952036398364,83.78164962399438,10964.121161769155,45.08658254971206,11160.247795860403
136,10826.488126604776,25.90068929809755,85.85603977279477,10912.34416637757,45.03886467597903,11108.263227718078
137,10773.23806727089,25.773296811652845,87.95612929037145,10861.19419656126,44.99312900271824,11056.914307723086
138,10720.591237116252,25.647347457215915,90.08127586223083,10810.672512978483,44.94926962524267,11006.20183584829
139,10668.549355136867,25.522845347217384,92.23080510513012,10760.780160241997,44.90717397498616,10956.126367033186
140,10617.113945738929,25.399794128562032,94.40401095049909,10711.517956689428,44.86672460407742,10906.688208717165
141,10566.286329088203,25.278196959541155,96.60015628305389,10662.886485371257,44.827800800439185,10857.887418853166
142,10516.067611878902,25.158056487748567,98.81847384674089,10614.886085725642,44.79028003984097,10809.72380389895
143,10466.45867802518,25.039374827811432,101.05816742106757,10567.516845446247,44.7540392847887,10762.196916335079
144,10417.460178880643,24.92215353799197,103.31841326126064,10520.778592141904,44.71895614195954,10715.306051359428
145,10369.072522726929,24.8063935950405,105.59836178592181,10474.67088451285,44.68490989018041,10669.050242535135
146,10321.295863432117,24.69209536706248,107.89713948644271,10429.193002918559,44.6517823900482,10623.428256315268
147,10274.130088338388,24.5792585845416,110.21385102398298,10384.343939362372,44.619458884654456,10578.43858551062
148,10227.574805585293,24.467882310012662,112.54758147291604,10340.122387058209,44.587828699040884,10534.079441899037
149,10181.629331191098,24.357964907155736,114.89739866484136,10296.52672985594,44.55678584442508,10490.348748279188
150,10136.29267628738,24.24950401025689,117.26235558494756,10253.555031872327,44.52622953225316,10447.244130337629
151,10091.563534940757,24.14249649507358,119.64149277287895,10211.205027713635,44.496064602914785,10404.762908736315
152,10047.440272993037,24.036938452136454,122.03384068326409,10169.4741136763,44.46620187446861,10362.90209183024
153,10003.920918318443,23.93282516344125,124.43842196640122,10128.359340284844,44.4365584177474,10321.658369402045
154,9961.003152850195,23.83015108337367,126.85425363673566,10087.85740648693,44.40705776538242,10281.028107766344
155,9918.684306662572,23.728909824551607,129.28034910499636,10047.964655767568,44.37763006315634,10241.007346542297
156,9876.961354316096,23.62909414908157,131.71572005838638,10008.677074374482,44.348212172238036,10201.591797323717
157,9835.830913597712,23.530695965544766,134.15937818126207,9969.990291778975,44.31874772993877,10162.776844404209
158,9795.289246684697,23.433706331781572,136.61033671562782,9931.899583400325,44.28918717449203,10124.557547609365
159,9755.332263656186,23.33811546329231,139.06761186607918,9894.399875522266,44.25948773610629,10086.928647174327
160,9715.955528173847,23.243912746827384,141.53022405739802,9857.485752231245,44.22961339247699,10049.88457048852
161,9677.154265039731,23.151086758468256,143.99719905500456,9821.151464094735,44.19953478265981,10013.419440399306
162,9638.923369270646,23.059625285336473,146.46756895936292,9785.390938230008,44.169229069423395,9977.527084682
163,9601.257416282904,22.9695153499591,148.9403730858943,9750.197789368798,44.13867973769887,9942.201046227789
164,9564.150672798614,22.88074323636032,151.41465874273695,9715.565331541351,44.10787631626513,9907.434593517104
165,9527.597108175723,22.793294517166803,153.88948192052072,9681.486590096245,44.076814011844284,9873.220731047768
166,9491.590406004974,22.707154081351614,156.36390791167895,9647.954313916653,44.045493249542346,9839.552209552161
167,9456.12397602486,22.6223061627389,158.83701188185032,9614.960987906712,44.01391912082089,9806.421536082284
168,9421.190966625589,22.538734369917677,161.30787942231967,9582.498846047909,43.98210074929052,9773.820984307322
169,9386.784278431527,22.45642171873571,163.77560711944912,9550.559885550976,43.950050594535355,9741.742605637204
170,9352.896579607906,22.375350668918436,166.23930318347442,9519.135882791381,43.91778372359187,9710.178241989006
171,9319.520323598726,22.29550316650413,168.69808818342142,9488.218411782147,43.88531708715604,9679.119541111277
172,9286.647769937365,22.216860693630057,171.1510959356837,9457.798865873048,43.852668841695674,9648.557975334425
173,9254.271008560067,22.139404326698724,173.59747458965128,9427.868483149718,43.81985775829591,9618.484864398304
174,9222.381987707138,22.063114803127124,176.03638794389073,9398.418375651028,43.786902753697476,9588.891402629612
175,9190.972545078906,21.987972595882553,178.46701701083788,9369.439562089745,43.75382256880053,9559.768690264027
176,9160.03444148671,21.913957993987346,180.88856182801788,9340.923003314729,43.72063560598559,9531.107768200765
177,9129.559395907545,21.841051186381687,183.30024349184805,9312.859639399394,43.68735992092702,9502.899655055426
178,9099.53912070618,21.769232346187035,185.70130636931657,9285.240427075496,43.65401334967567,9475.135385146585
179,9069.965355864435,21.698481712594344,188.0910204265102,9258.056376290946,43.62061374023794,9447.806046060981
180,9040.829901317766,21.62877966822432,190.46868360337598,9231.298584921142,43.58717925153472,9420.902814665318
181,9012.124646860535,21.560106810671137,192.83362416169956,9204.958271022235,43.553728682034276,9394.416990789085
182,8983.84159936227,21.492444017613085,195.18520293638235,9179.026802298651,43.5202817944909,9368.340028104687
183,8955.972907153375,21.425772505151613,197.52281542549008,9153.495722578864,43.48685960983455,9342.663561881644
184,8928.510881290335,21.36007387868501,199.84589365884634,9128.356774949181,43.453484649725965,9317.379433175489
185,8901.448013110326,21.295330174905086,202.15390778629927,9103.601920896626,43.420181111641845,9292.479708732268
186,8874.776987161606,21.231523892731115,204.4463673259316,9079.223354487538,43.38697496206054,9267.956695572502
187,8848.490688455913,21.16863801066008,206.72282201268393,9055.213510468597,43.35389393339143,9243.80294907885
188,8822.582203164664,21.10665598843221,208.98286219350405,9031.565065358169,43.3209674107054,9220.011273594737
189,8797.04481238974,21.045561752128567,211.22611872959823,9008.27093111934,43.28822619698454,9196.574715076222
190,8771.871979339012,20.98533966349046,213.4522623901571,8985.32424172917,43.25570215143968,9173.486546087932
191,8747.05733097034,20.925974476005596,215.6610027520785,8962.718333722418,43.22342770395166,9150.740244234608
192,8722.594635689919,20.86745128155483,217.85208665116713,8940.446722341085,43.19143525829148,9128.329465714653
193,8698.477778935203,20.809755451998093,220.02529625598407,8918.503075191187,43.159756505528456,9106.248015990235
194,8674.70073841121,20.752872579931122,222.18044685154413,8896.881185262753,43.12842167552603,9084.48981955129
195,8651.257560490056,20.696788422225012,224.31738442510897,8875.574944915164,43.09745875829793,9063.04889051376
196,8628.142338985903,20.64148884924857,226.43598314238676,8854.578322128289,43.0668927289709,9041.919305499312
197,8605.349197291349,20.586959802132412,228.53614279384914,8833.885340085199,43.03674481160643,9021.095180015687
198,8582.872274787243,20.533187260256565,230.61778628264946,8813.490061069893,43.007031819638,9000.570649485318
199,8560.70571852537,20.480157221352563,232.68085722178887,8793.38657574716,42.97776561505388,8980.339856172644
200,8538.843681322933,20.427855696944814,234.7253177102664,8773.5689990332,42.948952734399256,8960.396943427837
201,8517.280327465249,20.37626872599342,236.75114636419863,8754.031473829447,42.92059423546429,8940.736058753717
202,8496.00984701285,20.32538240912165,238.75833668412787,8734.768183696979,42.89268582098209,8921.351367018251
203,8475.026479097098,20.275182964347124,240.74689583625877,8715.773374933357,42.86521829061821,8902.237074497545
204,8454.324543490538,20.225656802608942,242.71684390494352,8697.041387395482,42.83817835583382,8883.38746324336
205,8433.898478264084,20.17679061785666,244.66821363064454,8678.566691894728,42.81154982126979,8864.796933617252
206,8413.742879769321,20.128571482701727,246.60105058204925,8660.34393035137,42.78531509202017,8846.460051001657
207,8393.852539987252,20.080986937768547,248.51541363179265,8642.367953619045,42.75945691426661,8828.371591196104
208,8374.222475929962,20.034025062033404,250.4113755296388,8624.633851459601,42.7339602078122,8810.526578363584
209,8354.847946631786,19.987674513473173,252.2890233168998,8607.136969948686,42.70881381617973,8792.920310049067
210,8335.724455232175,19.941924534048265,254.14845832049707,8589.872913552672,42.68401199454391,8775.548365728939
211,8316.847736323027,19.89676491943308,255.98979551283347,8572.83753183586,42.659555482854756,8758.406598186277
212,8298.213731343054,19.852185960150848,257.8131621175152,8556.026893460568,42.63545206694127,8741.491109951763
213,8279.818556653465,19.808178365199677,259.6186954599209,8539.437252113386,42.61171660171348,8724.79821933084
214,8261.658469583888,19.7647331808227,261.40654017778616,8523.065009761674,42.58837054129883,8708.324421616324
215,8243.729837195357,19.721841715778364,263.17684499523176,8506.906682190589,42.56544107611806,8692.066350871703
216,8226.02911109282,19.6794954810833,264.9297593089254,8490.958870401744,42.542960007520975,8676.02074643446
217,8208.552809880228,19.637686148038824,266.6654298350177,8475.218239715246,42.52096249512248,8660.184426569029
218,8191.297509201708,19.596405524406,268.38399752841156,8459.68150673012,42.49948579509135,8644.554269938766
219,8174.259838130049,19.555645545765667,270.0855949260687,8444.345433056118,42.47856807747239,8629.127204193122
220,8157.436480009219,19.51539827753402,271.77034399867784,8429.206824007897,42.45824737584587,8613.900200092827
221,8140.8241757280575,19.475655922794395,273.43835453279746,8414.262530260856,42.43856069040074,8598.870269264098
222,8124.419727657696,19.436410831716977,275.08972301685105,8399.509450674546,42.419543240470674,8584.034463770593
223,8108.220002954669,19.397655509460932,276.7245319727809,8384.94453492745,42.40122784673867,8569.389876060763
224,8092.221935477726,19.359382620760112,278.34284966052815,8370.564785138255,42.38364441650606,8554.933638350056
225,8076.422526057868,19.32158499056906,279.9447300818789,8356.367256139747,42.36681950595001,8540.66292099063
226,8060.81884123975,19.284255601052035,281.53021321925826,8342.34905445901,42.35077593877426,8526.574929792678
227,8045.408010841489,19.24738758574519,283.0993254591973,8328.507336300687,42.335532468540436,8512.666902538838
228,8030.187224775675,19.210974221951375,284.65208016545625,8314.839304941132,42.3211034800981,8498.936105079558
229,8015.153729562166,19.175008922397524,286.1884783802727,8301.342207942438,42.30749873234669,8485.379827428145
230,8000.304824875198,19.13948522697416,287.7085096422609,8288.01333451746,42.29472314920385,8471.995380216496
231,7985.63786036645,19.10439679513505,289.2121529155544,8274.850013282005,42.28277666787582,8458.780091787265
232,7971.150232879811,19.069737399233997,290.6993776271525,8261.849610506963,42.271654153541334,8445.731306074867
233,7956.839384088765,19.035500918872643,292.17014480884956,8249.009528897614,42.26134538786854,8432.846381334843
234,7942.702798513454,19.001681336156587,293.6244083375879,8236.327206851041,42.25183513597799,8420.122689692545
235,7928.738001841535,18.968272731678315,295.0621162645034,8223.800118106039,42.24310329312915,8407.55761743115
236,7914.942559454815,18.93526928099238,296.48321221911726,8211.425771673932,42.23512510902415,8395.148565898187
237,7901.3140750753055,18.90266525137633,297.8876368716335,8199.201711946938,42.22787148455222,8382.89295290474
238,7887.850189453563,18.870454998692736,299.2753294334708,8187.125518887034,42.221309333260095,8370.788214486714
239,7874.548579044129,18.838632964220405,300.6462291741583,8175.194808218287,42.21540199794086,8358.83180690933
240,7861.406954635298,18.80719367137631,302.0002769316001,8163.407231566897,42.2101097115067,8347.021208811952
241,7848.423059915709,18.776131722286387,303.33741659239956,8151.760476508109,42.205390090712044,8335.353923402707
242,7835.5946699847655,18.74544179422193,304.65759651935974,8140.252266504125,42.20119865123677,8323.827480637005
243,7822.9195898152575,18.71511863592167,305.9607709043257,8128.880360719583,42.19748933303608,8312.43943931829
244,7810.395652698912,18.685157063872996,307.24690102612226,8117.642553725034,42.19421502560171,8301.1873890864
245,7798.020718697223,18.6555519586058,308.5159563953793,8106.536675092602,42.191328083765114,8290.068952256981
246,7785.792673134421,18.626298261087133,309.767915770466,8095.5605889048875,42.18878082581077,8279.081785497165
247,7773.709425165353,18.597390969295105,311.00276803150774,8084.712193196861,42.18652600688574,8268.223581326814
248,7761.768906444737,18.568825135035254,312.2205129024912,8073.989419347228,42.18451726191988,8257.49206943658
249,7749.969069931851,18.540595861080984,313.4211615147043,8063.390231446555,42.1827095134633,8246.88501783012
250,7738.307888846508,18.512698298675858,314.60473680814965,8052.912625654658,42.181059340969085,8236.400233787874
251,7726.783355800766,18.485127645456377,315.77127377102227,8042.554629571789,42.179525309068,8226.035564666234
252,7715.393482110447,18.457879143804895,316.92081952076893,8032.314301631216,42.178068253295436,8215.788898533052
253,7704.136297301189,18.430948079667917,318.05343323354305,8022.189730534732,42.17665152252016,8205.658164657694
254,7693.009848800626,18.40432978181968,319.1691859319237,8012.17903473255,42.17524117800713,8195.64133385688
255,7682.012201819798,18.378019621578463,320.26816014348265,8002.2803619632805,42.17380614961613,8185.73641871411
256,7671.141439408291,18.352013012938496,321.35044944505495,7992.491888853347,42.17231835011556,8175.941473676349
257,7660.395662677176,18.32630541310329,322.4161579093235,7982.811820586499,42.17075274898518,8166.254595044585
258,7649.772991168886,18.30089232337054,323.46539947149813,7973.238390640384,42.1690874074106,8156.6739208626195
259,7639.271563361284,18.275769290338,324.49829723443764,7963.769860595722,42.16730347644734,8147.197630718268
260,7628.889537283039,18.25093190737569,325.51498273050385,7954.404520013543,42.165385160564746,8137.823945462
261,7618.625091222189,18.226375816321028,326.51559515780093,7945.14068637999,42.1633196489893,8128.551126853094
262,7608.476424504806,18.202096709341642,327.50028060726896,7935.976705112075,42.16109701744624,8119.377477137967
263,7598.441758322445,18.17809033091494,328.4691912954686,7926.9109496179135,42.15871010306553,8110.301338566249
264,7588.519336587542,18.154352479874504,329.4224848158862,7917.941821403429,42.15615435537039,8101.32109284929
265,7578.707426793428,18.13087901146753,330.36032341933776,7909.0677502127655,42.1534276663975,8092.435160561595
266,7569.004320859684,18.107665839377237,331.2828733316529,7900.287194191337,42.15053018311736,8083.642000487897
267,7559.408335945646,18.08470893766901,332.19030411440315,7891.59864006005,42.14746410541282,8074.940108918595
268,7549.917815211564,18.062004342611395,333.08278807209973,7883.000603283664,42.144233472937024,8066.328018890939
269,7540.531128517553,18.039548154348214,333.9604997071421,7874.491628224695,42.1408439441999,8057.8042993819645
270,7531.2466730463,18.017336538388278,334.82361522189444,7866.070288268194,42.1373025712189,8049.367554452997
271,7522.062873839214,17.99536572688807,335.6723120657023,7857.735185904917,42.13361757301223,8041.01642234752
272,7512.97818424462,17.973632019723972,336.50676852344185,7849.484952768062,42.12979811110446,8032.749574551366
273,7503.991086267841,17.95213178532976,337.3271633413489,7841.3182496091895,42.12585407006176,8024.565714813958
274,7495.100090826408,17.930861461307195,338.13367538539984,7833.233766211808,42.12179584586633,8016.463578141326
275,7486.303737909972,17.909817554808548,338.92648332737735,7825.23022123735,42.11763414469264,8008.441929766763
276,7477.600596646367,17.888996642694657,339.70576535391604,7817.306362000283,42.11337979435647,8000.499564105734
277,7468.98926527846,17.86839537147957,340.4716988942352,7809.460964172696,42.10904357038532,7992.635303703872
278,7460.468371057604,17.848010457075606,341.2244603628585,7801.692831420462,42.10463603830859,7984.847998187105
279,7452.036570058236,17.827838684349846,341.9642249143392,7794.000794972575,42.10016741340374,7977.136523220881
280,7443.692546921914,17.807876906511755,342.691166207794,7786.383713129708,42.09564743876158,7969.49977948832
281,7435.435014537285,17.78812204434757,343.4054561798233,7778.840470717108,42.09108528216918,7961.936691694544
282,7427.262713662823,17.76857108531776,344.1072648251396,7771.369978487963,42.08648945195343,7954.44620760396
283,7419.174412500694,17.749221082537545,344.7967599848738,7763.971172485568,42.08186773159659,7947.027297118013
284,7411.168906228896,17.730069153657645,345.47410714306574,7756.643013371961,42.077227132629055,7939.678951398898
285,7403.24501649657,17.711112479656865,346.1394692322625,7749.384485728833,42.072573865036254,7932.400182041741
286,7395.401590891878,17.692348303569087,346.79300644940986,7742.194597341288,42.06791332417848,7925.190020301464
287,7387.637502386521,17.673773929154358,347.4348760833768,7735.0723784698985,42.0632500930309,7918.047516374583
288,7379.951648761827,17.6553867195259,348.0652323554728,7728.0168811173,42.058587958394554,7910.971738736316
289,7372.34295202371,17.637184095750502,348.68422627424627,7721.027178297956,42.05392993960988,7903.961773535259
290,7364.8103578080245,17.619163535425894,349.2920055057011,7714.102363313726,42.0492783282275,7897.016724041515
291,7357.352834783076,17.601322571251377,349.8887142598636,7707.241549042939,42.04463473703936,7890.13571014906
292,7349.969374050431,17.58365878959433,350.4744931943933,7700.443867244824,42.040000156857865,7883.317867927156
293,7342.6589885487665,17.566169829064034,351.0494793356878,7693.708467884454,42.03537501943861,7876.562349219012
294,7335.420712463166,17.54885337909848,351.61380601768775,7687.034518480854,42.03075926497116,7869.8683212834785
295,7328.253600642373,17.531707178570272,352.1676028383667,7680.42120348074,42.026152412615666,7863.2349664756175
296,7321.156728026421,17.514729014417274,352.710995633699,7673.86772366012,42.0215536326246,7856.661481962036
297,7314.129189086592,17.497916720302854,353.2441064687349,7667.373295555327,42.01696181867264,7850.147079466553
298,7307.170097278221,17.48126817530675,353.76705364528266,7660.937150923503,42.012375659107526,7843.690985040621
299,7300.278584512055,17.46478130266042,354.2799517255983,7654.558536237653,42.00779370593746,7837.292438858482
300,7293.45380063901,17.44845406851438,354.78291157140376,7648.236712210414,42.00321444048296,7830.950695026515
301,7286.694912955418,17.43228448075459,355.2760403974979,7641.970953352916,41.99863633473999,7824.665021409035
302,7280.001105726653,17.416270587862805,355.75944183917466,7635.760547565827,41.994057907632275,7818.434699464028
303,7273.371579730532,17.400410477824238,356.2332160326157,7629.604795763148,41.989477775461495,7812.259024086406
304,7266.805551820123,17.384702277081633,356.69745970738165,7623.503011527504,41.98489469600854,7806.137303455141
305,7260.302254509417,17.36914414954406,357.15226629007316,7617.454520799491,41.98030760588006,7800.068858885069
306,7253.860935577017,17.353734295638795,357.59772601817644,7611.458661595193,41.975715650844265,7794.053024676366
307,7247.480857691879,17.338470951415978,358.0339260630434,7605.514783754922,41.97111820904292,7788.089147964259
308,7241.161298059171,17.323352387701366,358.46095066089214,7599.622248720063,41.96651490711352,7782.176588566007
309,7234.901548085396,17.308376909295205,358.87888125064393,7593.78042933604,41.96190562939074,7776.314718823889
310,7228.700913061297,17.29354285421363,359.2877966173526,7587.98870967865,41.95729052048745,7770.50292344277
311,7222.558711864963,17.27884859297838,359.68777303993136,7582.246484904894,41.952669981671505,7764.740599325165
312,7216.4742766774,17.264292527936362,360.07888444184346,7576.553161119244,41.94804466156012,7759.027155397031
313,7210.446952717528,17.249873092625666,360.4612025434147,7570.908155260942,41.94341544173734,7753.3620124325
314,7204.476097986781,17.235588751164546,360.8347970144291,7565.31089500121,41.93878341797141,7747.744602869386
315,7198.561083027859,17.221437997674304,361.1997356257133,7559.760818653573,41.93414987775387,7742.174370621802
316,7192.701290692623,17.207419355723978,361.5560843984774,7554.257375091101,41.92951627491287,7736.650770886971
317,7186.896115918236,17.193531377794823,361.90390775027925,7548.800023668516,41.924884202058735,7731.173269947471
318,7181.144965510594,17.17977264476219,362.2432686365957,7543.38823414719,41.920255361609364,7725.741344970191
319,7175.4472579307185,17.166141765384495,362.5742286871317,7538.02148661785,41.915631536113004,7720.354483799942
320,7169.802423086875,17.15263737580592,362.89684833615524,7532.69927142303,41.91101455854066,7715.012184752682
321,7164.209902126868,17.139258139059493,363.21118694631906,7527.4210890731865,41.90640628316313,7709.713956404946
322,7158.669147230123,17.12600274456967,363.5173029256056,7522.186450155728,41.90180855755739,7704.459317381103
323,7153.179621400224,17.112869907656037,363.81525383720873,7516.994875237433,41.89722319621299,7699.2477961409595
324,7147.740798253973,17.09985836902864,364.1050965023285,7511.845894756301,41.89265195612823,7694.0789307654595
325,7142.352161808045,17.08696689427762,364.3868870960124,7506.739048904057,41.88809651470484,7688.9522687430235
326,7137.013206262762,17.07419427335589,364.6606812363093,7501.6738874990715,41.88355845016984,7683.86736675731
327,7131.723435779508,17.06153932004667,364.9265340671179,7496.649969846626,41.87903922467696,7678.823790473971
328,7126.482364256806,17.049000871427765,365.18450033519866,7491.666864592005,41.87454017016857,7673.821114332239
329,7121.289515098325,17.036577787316567,365.4346344618865,7486.724149560211,41.87006247701471,7668.858921335225
330,7116.14442097941,17.02426894971151,365.676990610081,7481.821411589491,41.86560718538978,7663.936802845937
331,7111.046623606271,17.01207326221596,365.9116227471069,7476.958246353378,41.86117517929742,7659.054358383321
332,7105.9956734738025,16.999989649458858,366.13858470403943,7472.134258177842,41.8567671831145,7654.21119542439
333,7100.99112961833,16.988017056503182,366.357930232063,7467.349059850393,41.85238376049324,7649.406929208539
334,7096.032559366824,16.97615444824599,366.56971305640195,7462.602272423226,41.84802531543249,7644.641182545358
335,7091.119538084582,16.96440080881479,366.7739869283122,7457.893525012894,41.84369209531478,7639.913585627513
336,7086.2516489211,16.95275514095957,366.97080567557043,7453.222454596671,41.83938419568918,7635.223775847919
337,7081.428482554622,16.94121646544168,367.1602232518403,7448.588705806462,41.83510156657641,7630.571397621069
338,7076.649636935708,16.929783820420354,367.3422937852314,7443.991930720939,41.830844020066266,7625.956102208227
339,7071.914717032212,16.918456260842614,367.51707162630686,7439.431788658519,41.82661123898221,7621.377547548092
340,7067.2233345759105,16.907232857837105,367.68461139573753,7434.907945971648,41.82240278638862,7616.8353980924385
341,7062.575107808687,16.896112698106908,367.8449680317354,7430.420075840422,41.81821811572668,7612.329324643833
342,7057.969661234533,16.885094883336205,367.99819683735046,7425.967858071884,41.81405658137186,7607.859004200851
343,7053.406625371739,16.87417852959746,368.144353527651,7421.55097889939,41.809917449419615,7603.424119804366
344,7048.885636511238,16.863362766773296,368.28349427676085,7417.169130787999,41.80579990851834,7599.0243603900535
345,7044.406336478133,16.852646737985964,368.4156757646672,7412.8220122428,41.80170308058636,7594.659420643351
346,7039.968372397734,16.84202959903764,368.54095522366237,7408.509327621397,41.79762603126456,7590.329000857398
347,7035.571396467343,16.83151051786446,368.6593904842283,7404.230786951572,41.79356777997765,7586.032806794475
348,7031.215065734324,16.82108867400556,368.7710400201173,7399.986105754441,41.78952730949542,7581.770549550746
349,7026.899041877448,16.81076325808002,368.87596299233064,7395.775004869779,41.785503574907466,7577.541945420627
350,7022.622990996779,16.800533471284158,368.9742192916391,7391.597210288418,41.78149551194527,7573.3467157653795
351,7018.386583407109,16.79039852489739,369.06586957924475,7387.452452986354,41.777502044608525,7569.184586880401
352,7014.189493440248,16.780357639809207,369.15097532512834,7383.3404687653765,41.77352209207161,7565.055289865888
353,7010.031399250569,16.770410046053993,369.22959884358806,7379.260998094157,41.76955457486883,7560.958560494836
354,7005.911982628331,16.76055498236443,369.30180332543887,7375.213785953771,41.76559842037232,7556.89413908239
355,7001.830928818222,16.750791695737373,369.3676528663136,7371.198581684535,41.761652567596606,7552.86177035358
356,6997.78792634452,16.7411194410156,369.4272124904916,7367.215138835012,41.757715971374395,7548.861203310491
357,6993.782666840602,16.73153748047991,369.480548169676,7363.263215010278,41.75378760596252,7544.892191096215
358,6989.814844886933,16.722045083461563,369.52772683615024,7359.342571723084,41.7498664681431,7540.954490859506
359,6985.884157851096,16.712641525959558,369.56881638976915,7355.452974240865,41.745951579891184,7537.047863613391
360,6981.990305737014,16.703326090279937,369.6038856982736,7351.594191435287,41.742041990681955,7533.172074094754
361,6978.132991037328,16.694098064682603,369.63300459047457,7347.765995627802,41.73813677950969,7529.3268906186695
362,6974.31191859245,16.68495674304414,369.65624384191557,7343.968162434366,41.73423505668665,7525.512084930952
363,6970.526795455534,16.67590142453477,369.6736751526963,7340.20047060823,41.7303359654854,7521.727432058091
364,6966.777330762506,16.66693141330743,369.6853711172339,7336.46270187974,41.72643868367766,7517.972710153738
365,6963.063235608644,16.658046018202498,369.691405185829,7332.754640794474,41.722542425016236,7514.247700343294
366,6959.384222930527,16.649244552465376,369.69185161800647,7329.076074548534,41.71864644069511,7510.552186565557
367,6955.740007395487,16.640526333482025,369.6867854277058,7325.426792823193,41.71475002081061,7506.885955413719
368,6952.130305295212,16.63189068252443,369.6762823205039,7321.806587615715,41.710852495839084,7503.248795972615
369,6948.554834449182,16.623336924519574,369.6604186231547,7318.215253072336,41.70695323813318,7499.640499658215
370,6945.013314112155,16.61486438782812,369.63927120583276,7314.652585317988,41.70305166343175,7496.060860053916
371,6941.505464890068,16.606472404043224,369.6129173975632,7311.118382287631,41.699147232368716,7492.509672748435
372,6938.031008663136,16.598160307806545,369.5814348954091,7307.612443558545,41.695239451960276,7488.9867351745725
373,6934.589668516952,16.589927436643425,369.5449016680668,7304.134570185019,41.69132787704341,7485.491846450158
374,6931.181168680627,16.581773130814895,369.5033958545854,7300.684564535212,41.68741211163625,7482.02480722083
375,6927.805234472154,16.57369673318697,369.45699565899145,7297.262230131145,41.683491810186226,7478.585419505455
376,6924.4615922538715,16.565697589124095,369.40577924164137,7293.867371495513,41.67956667867234,7475.173486547737
377,6921.149969393876,16.55777504639683,369.34982460815957,7290.499794002036,41.675636475528414,7471.788812670584
378,6917.870094235343,16.549928455108475,369.2892094968487,7287.159303732191,41.67170101235345,7468.431203135929
379,6914.621696075757,16.542157167645353,369.2240112654617,7283.845707341219,41.667760154379636,7465.10046401277
380,6911.404505150652,16.534460538637923,369.1543067782333,7280.558811928885,41.66381382067131,7461.796402048805
381,6908.218252627584,16.526837924946374,369.08017229404896,7277.298424921632,41.659861984030144,7458.518824552164
382,6905.062670605666,16.51928868565949,369.0016833566158,7274.064353962282,41.655904670588754,7455.2675392793435
383,6901.9374921221515,16.51181218211041,368.9189146874608,7270.856406809612,41.65194195907779,7452.0423543316
384,6898.842451164972,16.504407777906632,368.83194008254577,7267.674391247518,41.64797397975741,7448.843078059463
385,6895.77728269206,16.49707483897622,368.7408323132329,7264.518115005293,41.64400091300829,7445.669518976879
386,6892.741722654935,16.489812733624248,368.6456630322848,7261.38738568722,41.64002298758374,7442.521485683209
387,6889.7355080277885,16.482620832602365,368.54650268551205,7258.2820107133,41.636040478528855,7439.398786794901
388,6886.758376839488,16.47549850918538,368.4434204296151,7255.201797269103,41.63205370477753,7436.301230884885
389,6883.810068211513,16.46844513926199,368.3364840566938,7252.1465522682065,41.6280630264443,7433.228626433239
390,6880.890322395388,16.46146010142437,368.22575992581625,7249.116082321204,41.62406884183159,7430.180781783171
391,6877.998880815334,16.454542777070177,368.111312901966,7246.1101937173,41.620071584177644,7427.157505108473
392,6875.135486111545,16.44769255050609,367.99320630259604,7243.128692414141,41.61607171817519,7424.1586043882035
393,6872.29988218329,16.44090880905093,367.87150185194685,7240.171384035237,41.61206973629369,7421.183887388114
394,6869.491814234365,16.434190943144415,367.7462596432001,7237.238073877565,41.608066154941405,7418.233161651559
395,6866.711028817657,16.427538346453726,367.6175381084636,7234.32856692612,41.60406151050579,7415.30623449682
396,6863.957273878868,16.420950415978155,367.4853939965112,7231.44266787538,41.60005635531285,7412.402913020991
397,6861.230298798746,16.41442655215011,367.3498823581286,7228.5801811568745,41.59605125354738,7409.523004109806
398,6858.529854435758,16.40796615893722,367.2110565388532,7225.740910974611,41.59204677717444,7406.66631445532
399,6855.855693164553,16.401568643934336,367.06896817883825,7222.924661343391,41.58804350190538,7403.832650576679
400,6853.207568913573,16.395233418453522,366.9236672195134,7220.131236133086,41.58404200324663,7401.021818847208
401,6850.585237200359,16.388959897608515,366.7752019166741,7217.360439117033,41.58004285266995,7398.233625526147
402,6847.988455164309,16.382747500393084,366.62361885958785,7214.612074023897,41.57604661394009,7395.467876794536
403,6845.416981595086,16.37659564974901,366.46896299567254,7211.885944590759,41.57205383963091,7392.724378793154
404,6842.870576961235,16.370503772634535,366.311277660279,7209.1818546215145,41.56806506785885,7390.002937666701
405,6840.349003432912,16.364471300078737,366.1506046110868,7206.499608043999,41.56408081925787,7387.30335960777
406,6837.852024904827,16.358497667236428,365.9869840666097,7203.839008971437,41.56010159421529,7384.625450906273
407,6835.379407013619,16.35258231342971,365.82045474830153,7201.199861761921,41.55612787038358,7381.96901799809
408,6832.930917154861,16.346724682188665,365.65105392574924,7198.58197108061,41.552160100478694,7379.333867517692
409,6830.506324496897,16.340924221284443,365.4788174644448,7195.9851419613415,41.54819871037006,7376.719806351452
410,6828.105399992393,16.33518038275692,365.3037798756345,7193.409179868027,41.544244097463825,7374.126641691995
411,6825.727916388408,16.329492622938773,365.1259743677593,7190.853890756167,41.54029662937648,7371.554181093955
412,6823.373648232795,16.3238604024708,364.94543289901145,7188.319081131806,41.53635664289091,7369.002232528382
413,6821.04237188379,16.318283186324855,364.7621862305598,7185.80455811435,41.5324244431852,7366.4706044422055
414,6818.733865511867,16.312760443808294,364.57626398001173,7183.310129491879,41.52850030332041,7363.959105811323
415,6816.447909107047,16.30729164858145,364.38769467471036,7180.8356037817575,41.52458446396985,7361.467546200026
416,6814.18428448056,16.301876278661627,364.19650580449127,7178.380790285051,41.52067713337223,7358.9957358152205
417,6811.942775269197,16.296513816433485,364.0027238735552,7175.945499142753,41.51677848748731,7356.543485563323
418,6809.723166938731,16.291203748657253,363.8063744511405,7173.529541389871,41.512888670332316,7354.110607105817
419,6807.5252467860955,16.285945566473913,363.60748222071663,7171.132729006812,41.50900779447543,7351.69691291278
420,6805.348803943776,16.280738765415734,363.40607102745025,7168.754874971226,41.505135941663596,7349.302216317463
421,6803.193629383747,16.275582845415663,363.2021639237309,7166.395793307478,41.50127316355976,7346.926331568963
422,6801.059515921774,16.27047731081764,362.9957832125764,7164.05529913435,41.49741948256553,7344.56907388351
423,6798.946258223127,16.265421670390257,362.78695048877466,7161.733208711902,41.49357489270713,7342.230259495178
424,6796.85365280845,16.26041543734079,362.5756866776486,7159.429339486098,41.48973936055978,7339.909705704533
425,6794.781498062108,16.255458129335185,362.36201207136844,7157.143510133476,41.485912826190265,7337.607230927404
426,6792.729594238996,16.250549268514344,362.145946362763,7154.875540601759,41.48209520409644,7335.322654739579
427,6790.697743474887,16.245688381518868,361.9275086766158,7152.6252521515025,41.47828638412424,7333.055797922443
428,6788.685749796381,16.240874999512872,361.7067175984596,7150.39246739484,41.474486232345086,7330.806482505542
429,6786.693419131985,16.23610865821049,361.48359120091027,7148.177010332895,41.47069459187763,7328.574531807563
430,6784.7205593244025,16.23138889790527,361.25814706760764,7145.97870639201,41.46691128363992,7326.359770475844
431,6782.766980142635,16.226715263499127,361.03040231485136,7143.797382457486,41.46313610702077,7324.162024523026
432,6780.832493296909,16.22208730453806,360.8003736110469,7141.632866907956,41.459368840460186,7321.981121363958
433,6778.916912450136,16.21750457523956,360.56807719408926,7139.484989644225,41.455609241931256,7319.816889846626
434,6777.020053233806,16.212966634530638,360.33352888683277,7137.353582120639,41.45185704931954,7317.669160285179
435,6775.141733261697,16.208473046080613,360.0967441108097,7135.238477372506,41.448111980695444,7315.537764488531
436,6773.281772143297,16.204023378333247,359.8577378983699,7133.139510041667,41.44437373447985,7313.422535786654
437,6771.439991496893,16.199617204538022,359.6165249034246,7131.056516400317,41.44064198950406,7311.32330905466
438,6769.616214963638,16.195254102783824,359.3731194109871,7128.989334374625,41.43691640496662,7309.2399207362305
439,6767.81026821695,16.19093365602141,359.1275353457042,7126.937803562654,41.43319662029309,7307.1722088609295
440,6766.0219789759285,16.186655452095522,358.87978627957625,7124.901765255505,41.42948225490522,7305.120013064343
441,6764.251177011641,16.182419083759907,358.62988543906766,7122.881062450709,41.425772907906776,7303.083174600103
442,6762.497694155934,16.17822414869841,358.3778457118025,7120.875539867737,41.422068157697275,7301.06153635372
443,6760.761364306005,16.174070249535898,358.1236796530418,7118.885043959047,41.4183675615227,7299.054942851671
444,6759.04202342734,16.16995699384531,357.8673994921304,7116.90942291947,41.414670654975765,7297.063240268614
445,6757.339509554257,16.165883994148942,357.6090171390959,7114.948526693353,41.41097695145747,7295.086276432194
446,6755.653662787157,16.16185086791186,357.34854419157125,7113.002206978728,41.407285941613274,7293.123900824746
447,6753.984325287522,16.157857237529957,357.08599194220585,7111.070317229727,41.40359709275632,7291.175964583217
448,6752.331341269517,16.15390273030985,356.8213713867138,7109.1527126562305,41.3999098482922,7289.2423204963015
449,6750.694556987732,16.14998697843955,356.5546932326977,7107.2492502204295,41.3962236271566,7287.322822998561
450,6749.073820722146,16.1461096189525,356.28596790936865,7105.359788631515,41.39253782328191,7285.417328162791
451,6747.46898275998,16.142270293684163,356.0152055782736,7103.484188338253,41.38885180510307,7283.525693690452
452,6745.879895372251,16.138468649215913,355.74241614511465,7101.622311517365,41.385164915116455,7281.647778898122
453,6744.306412788635,16.134704336814917,355.46760927273994,7099.774022061374,41.38147646950388,7279.783444703716
454,6742.748391167292,16.130977012361942,355.19079439535585,7097.939185562647,41.377785757832385,7277.932553609218
455,6741.205688561586,16.127286336271737,354.9119807340005,7096.117669295586,41.3740920428412,7276.094969681945
456,6739.67816488299,16.123631973404283,354.63117731329714,7094.309342196288,41.370394560325074,7274.270558533702
457,6738.165681860598,16.120013592967936,354.3483929794859,7092.514074840084,41.36669251912343,7272.45918729827
458,6736.668102997313,16.116430868414625,354.0636364197172,7090.73173941703,41.36298510122263,7270.660724607349
459,6735.185293522357,16.112883477326214,353.7769161825712,7088.962209704928,41.35927146197871,7268.875040564535
460,6733.71712034023,16.109371101292417,353.4882406997474,7087.205361039978,41.35555073046646,7267.102006717507
461,6732.2634519786725,16.1058934257863,353.1976183088592,7085.461070287532,41.351822009958774,7265.341496030852
462,6730.824158531314,16.102450140027067,352.90505727724224,7083.729215808557,41.34808437854028,7263.593382855207
463,6729.399111600169,16.09904093684251,352.6105658266822,7082.009677426851,41.344336889857146,7261.85754289773
464,6727.988184233481,16.095665512520288,352.3141521589441,7080.302336392425,41.3405785740039,7260.133853189342
465,6726.59125086494,16.092323566662536,352.0158244819818,7078.607075346921,41.336808438546946,7258.422192054601
466,6725.208187247343,16.089014802027137,351.7155910366873,7076.92377828403,41.333025469682696,7256.72243907715
467,6723.838870388701,16.085738924374883,351.4134601240397,7075.252330512741,41.32922863352823,7255.034475068588
468,6722.483178484612,16.082495642307684,351.10944013249673,7073.592618617109,41.325416877539006,7253.358182034403
469,6721.140990850912,16.079284667107444,350.80353956547356,7071.9445304163855,41.321589132049084,7251.693443140799
470,6719.812187856982,16.07610571257651,350.49576706874564,7070.307954925727,41.3177443119269,7250.040142682609
471,6718.496650857458,16.072958494874303,350.18613145760855,7068.682782315067,41.31388131833897,7248.398166049841
472,6717.194262124736,16.069842732355827,349.87464174363225,7067.068903868369,41.30999904061197,7246.767399695031
473,6715.904904783499,16.06675814541507,349.56130716084147,7065.46621194434,41.30609635818512,7245.1477311024455
474,6714.6284627439945,16.063704456325347,349.24613719116167,7063.874599935156,41.30217214263987,7243.53904875564
475,6713.364820638549,16.06068138908744,348.9291415889709,7062.29396222752,41.29822525979773,7241.94124210764
476,6712.113863759012,16.057688669279933,348.61033040460313,7060.724194163615,41.29425457187258,7240.35420155126
477,6710.875477994983,16.054726023911442,348.28971400666046,7059.165192001644,41.290258939665065,7238.777818389187
478,6709.649549776887,16.05179318128442,347.9673031029896,7057.616852879877,41.28623722478714,7237.211984807701
479,6708.435966018315,16.048889870857213,347.64310876020033,7056.079074778516,41.282188291900866,7235.6565938482845
480,6707.234614063994,16.046015823119603,347.317142421602,7054.551756485595,41.27811101096057,7234.111539383274
481,6706.045381637827,16.043170769468485,346.9894159234526,7053.034797561279,41.2740042594425,7232.576716089854
482,6704.86815679658,16.04035444209708,346.65994150942623,7051.528098306006,41.269866924549476,7231.052019427796
483,6703.702827884799,16.03756657388708,346.3287318432126,7050.031559728011,41.26569790537647,7229.537345616399
484,6702.549283494478,16.034806898312148,345.995800019183,7048.545083513661,41.26149611502386,7228.032591614015
485,6701.407412427074,16.032075149347065,345.6611595710641,7047.0685719981375,41.257260482646494,7226.53765509765
486,6700.277103660321,16.02937106138833,345.32482447857706,7045.601928138898,41.252989955424624,7225.052434444995
487,6699.158246317406,16.026694369180397,344.9868091720157,7044.145055489422,41.24868350044707,7223.576828716366
488,6698.0507296410215,16.02404480775364,344.64712853474595,7042.697858175768,41.24434010649422,7222.110737639017
489,6696.9544429712405,16.02142211237139,344.30579790362714,7041.260240874868,41.23995878571189,7220.654061592715
490,6695.869275724619,16.01882601847995,343.96283306736706,7039.832108791986,41.235538575166714,7219.206701593961
491,6694.795117380758,16.016256261676453,343.6182502628336,7038.413367643591,41.231078538275284,7217.7685592850885
492,6693.731857470591,16.01371257768084,343.27206616936246,7037.003923639953,41.226577766099545,7216.339536922486
493,6692.679385567279,16.011194702314064,342.9242979011073,7035.6036834683855,41.22203537850365,7214.919537364876
494,6691.637591282929,16.008702371490262,342.5749629974933,7034.212554280422,41.217450525167386,7213.5084640649
495,6690.606364266674,16.006235321212138,342.22407941184315,7032.830443678517,41.212822386452245,7212.106221059585
496,6689.585594207681,16.003793287578187,341.87166549825463,7031.457259705936,41.20815017411921,7210.7127129633545
497,6688.575170840692,16.001376006795915,341.51773999681734,7030.092910837509,41.203433131896006,7209.327844961257
498,6687.574983953752,15.998983215200363,341.1623220172647,7028.737305971017,41.19867053589535,7207.951522802162
499,6686.584923400156,15.99661464928267,340.80543102116104,7027.390354421317,41.193861694884745,7206.5836527940655
500,6685.6048791129,15.99427004572464,340.447086802734,7026.051965915633,41.189005950411,7205.224141799921
501,6684.634741121041,15.991949141437896,340.08730946846345,7024.722050589504,41.18410267678233,7203.872897233507
502,6683.674399568574,15.989651673609028,339.72611941554294,7023.400518984116,41.17915128091374,7202.529827056092
503,6682.723744735533,15.987377379750079,339.36353730933445,7022.087282044868,41.174151202039894,7201.1948397737415
504,6681.782667062257,15.985125997756596,338.9995840599372,7020.782251122195,41.16910191130306,7199.867844436363
505,6680.851057173045,15.982897265964223,338.63428079799337,7019.4853379710385,41.16400291122203,7198.5487506348545
506,6679.928805903485,15.98069092321408,338.2676488498537,7018.196454753339,41.15885373505054,7197.237468500809
507,6679.015804328191,15.978506708919117,337.89970971222704,7016.915514040418,41.153653946033195,7195.933908705662
508,6678.111943790116,15.976344363134249,337.5304850264341,7015.64242881655,41.148403136566955,7194.6379824606165
509,6677.217115930662,15.974203626628377,337.15999655238454,7014.377112483046,41.14310092727826,7193.349601516707
510,6676.331212720974,15.972084240959267,336.78826614239756,7013.119478863371,41.13774696602404,7192.068678165576
511,6675.45412649255,15.969985948546771,336.4153157149765,7011.869442207527,41.13234092682602,7190.79512523922
512,6674.585749971102,15.967908492753832,336.04116722865035,7010.626917199752,41.12688250874881,7189.528856112809
513,6673.725976306563,15.965851617958284,335.6658426559869,7009.39181896255,41.12137143472912,7188.269784703622
514,6672.874699107911,15.96381506963615,335.28936395787895,7008.164063065789,41.1158074503674,7187.017825474888
515,6672.031812474106,15.96179859443566,334.91175305820093,7006.943565532307,41.110190322689505,7185.772893436006
516,6671.197211026674,15.959801940255202,334.5330318189258,7005.7302428456005,41.104519838886986,7184.534904144759
517,6670.370789941625,15.957824856319677,334.1532220157874,7004.524011957412,41.09879580504575,7183.303773709361
518,6669.5524449809145,15.955867093255776,333.77234531456884,7003.324790295484,41.09301804486935,7182.079418790665
519,6668.742072522987,15.95392840316504,333.3904232480878,7002.132495771075,41.08718639840531,7180.861756604138
520,6667.939569593365,15.952008539697047,333.0074771939479,7000.947046787313,41.08130072078165,7179.650704922714
521,6667.1448338931505,15.950107258117585,332.6235283531146,6999.768362246265,41.07536088095908,7178.446182078436
522,6666.357763828336,15.948224315378795,332.2385977293719,6998.5963615577075,41.06936676050628,7177.24810696591
523,6665.578258536394,15.946359470182761,331.8527061097051,6997.430964646099,41.0633182524021,7176.056399044048
524,6664.806217912753,15.944512483044862,331.4658740456534,6996.272091958406,41.05721525987078,7174.870978338844
525,6664.04154263636,15.942683116354928,331.0781218356659,6995.119664472026,41.05105769525352,7173.691765446379
526,6663.284134193438,15.940871134434062,330.68946950849056,6993.973603701928,41.0448454789208,7172.518681535234
527,6662.5338948996305,15.939076303587633,330.299936807618,6992.8338317072485,41.03857853822804,7171.35164834854
528,6661.790727922898,15.937298392160043,329.9095431768005,6991.7002710996985,41.03225680651763,7170.19058820805
529,6661.0545373017085,15.93553717057825,329.5183077466538,6990.572845048362,41.02588022216894,7169.035424014797
530,6660.325227966148,15.933792411402269,329.1262493223495,6989.451477288498,41.019448727698745,7167.886079253987
531,6659.602705753274,15.932063889361899,328.7333863723994,6988.3360921256735,41.01296226891246,7166.742477995443
532,6658.886877424617,15.930351381398605,328.33973701852807,6987.226614443145,41.006420794106965,7165.60454489751
533,6658.177650680611,15.928654666700027,327.9453190266229,6986.122969707234,40.999824253326125,7164.472205209203
534,6657.474934173946,15.92697352673193,327.5501497987514,6985.025083972698,40.993172597668355,7163.345384772555
535,6656.778637521464,15.92530774526666,327.15424636622686,6983.932883887691,40.98646577864554,7162.224010024799
536,6656.088671315614,15.923657108410561,326.75762538370265,6982.846296699317,40.97970374759411,7161.108008001351
537,6655.404947133483,15.922021404625557,326.36030312426965,6981.765250257753,40.97288645513558,7159.997306337593
538,6654.727377545057,15.920400424748939,325.9622954755321,6980.689673020589,40.96601385068678,7158.891833271076
539,6654.0558761200855,15.918793962009774,325.56361793662774,6979.619494056713,40.95908588201823,7157.791517643493
540,6653.390357434255,15.917201812043672,325.1642856161635,6978.554643050418,40.95210249485846,7156.696288903053
541,6652.730737073509,15.915623772903132,324.7643132310298,6977.495050304538,40.94506363254376,7155.606077106104
542,6652.076931637626,15.914059645066091,324.3637151060557,6976.440646743682,40.93796923571086,7154.520812919024
543,6651.428858742684,15.912509231441827,323.96250517446964,6975.391363917153,40.93081924203107,7153.440427619988
544,6650.786437021831,15.910972337372803,323.5606969791229,6974.347134000955,40.92361358598413,7152.364853099985
545,6650.149586126539,15.909448770637654,323.158303674436,6973.307889800975,40.91635219866936,7151.2940218651875
546,6649.518226725257,15.907938341447982,322.7553380290277,6972.273564754284,40.90903500765261,7150.227867037573
547,6648.892280502448,15.906440862446047,322.35181242898193,6971.24409293143,40.901661936847404,7149.166322356716
548,6648.271670155356,15.904956148697025,321.94773888171255,6970.2194090370685,40.89423290642742,7148.109322180027
549,6647.656319391237,15.903484017682386,321.5431290203816,6969.1994484116185,40.886747832768684,7147.056801484162
550,6647.046152924246,15.902024289292454,321.13799410883104,6968.184147033076,40.87920662842053,7146.008695866706
551,6646.441096468767,15.900576785810447,320.7323450469815,6967.173441515748,40.87160920210139,7144.964941544889
552,6645.841076735584,15.89914133190331,320.3261923766624,6966.167269112246,40.863955458720035,7143.925475357678
553,6645.246021425448,15.897717754606335,319.91954628782776,6965.165567713276,40.85624529941815,7142.890234765745
554,6644.655859222603,15.896305883307662,319.51241662511956,6964.168275847723,40.84847862163406,7141.859157851831
555,6644.0705197865755,15.89490554972865,319.1048128947403,6963.175332681316,40.8406553191854,7140.832183319772
556,6643.489933746515,15.893516587910323,318.69674427159566,6962.186678018111,40.83277528236818,7139.8092504964125
557,6642.914032691131,15.892138834189309,318.2882196066711,6961.202252297802,40.824838398072636,7138.790299329418
558,6642.3427491614875,15.890772127180592,317.87924743460746,6960.221996596095,40.81684454991176,7137.775270388211
559,6641.776016641263,15.889416307754217,317.46983598144095,6959.245852622704,40.80879361836325,7136.764104862584
560,6641.213769548177,15.888071219014778,317.05999317247546,6958.2737627206525,40.800685480922105,7135.756744562664
561,6640.65594322447,15.886736706278636,316.64972664025646,6957.305669864727,40.79252001226244,7134.753131918069
562,6640.1024739267,15.885412617049523,316.23904373261706,6956.341517659317,40.78429708440841,7133.753209976494
563,6639.553298815859,15.88409880099488,315.8279515207681,6955.381250336627,40.77601656691109,7132.75692240269
564,6639.008355947396,15.882795109922,315.4164568074072,6954.4248127548035,40.767678327031675,7131.764213477391
565,6638.467584261145,15.881501397753935,315.0045661348214,6953.472150395966,40.75928222992899,7130.775028096157
566,6637.9309235703595,15.880217520503253,314.59228579296115,6952.52320936332,40.750828138850565,7129.78931176732
567,6637.398314551054,15.87894333624654,314.1796218274647,6951.577936378519,40.74231591532552,7128.807010610185
568,6636.869698732085,15.877678705100683,313.7665800476133,6950.636278779699,40.733745419359515,7127.8280713539125
569,6636.345018483666,15.876423489195373,313.3531660341982,6949.698184517863,40.725116509629366,7126.852441334751
570,6635.824217006837,15.875177552647935,312.93938514728654,6948.763602154124,40.716429043677614,7125.880068494122
571,6635.307238323861,15.873940761540338,312.52524253386616,6947.832480857727,40.70768287810546,7124.910901377486
572,6634.794027265409,15.872712983888537,312.11074313536216,6946.904770400771,40.69887786876373,7123.9448891298925
573,6634.284529461199,15.871494089620093,311.6958916950075,6945.980421156206,40.69001387094066,7122.981981494798
574,6633.778691329773,15.870283950549696,311.28069276506216,6945.059384094835,40.68109073954691,7122.022128811864
575,6633.276460066709,15.869082440350978,310.86515071386856,6944.141610780577,40.67210832929562,7121.065282013013
576,6632.777783634983,15.867889434533453,310.44926973273687,6943.22705336772,40.66306649487836,7120.111392620441
577,6632.282610754091,15.866704810416486,310.03305384265394,6942.315664596746,40.65396509113588,7119.1604127431865
578,6631.790890890157,15.865528447105639,309.6165069008089,6941.407397790967,40.644803973223304,7118.212295074488
579,6631.302574245254,15.864360225467115,309.1996326069329,6940.502206852187,40.63558299676943,7117.266992888133
580,6630.817611747672,15.86320002810448,308.782434509449,6939.600046257121,40.62630201802959,7116.32446003555
581,6630.335955042066,15.862047739335088,308.36491601142933,6938.700871053496,40.61696089403296,7115.384650942539
582,6629.857556478941,15.86090324516493,307.9470803763588,6937.8046368553,40.60755948272167,7114.447520605139
583,6629.382369106074,15.85976643326812,307.52893073370495,6936.9112998397795,40.598097643084785,7113.513024587199
584,6628.910346657873,15.858637192961417,307.1104700842932,6936.020816742166,40.588575235284225,7112.581119015653
585,6628.441443546407,15.85751541518279,306.6917013054889,6935.133144851896,40.578992120773975,7111.651760577262
586,6627.975614853016,15.85640099247133,306.2726271561887,6934.248242009205,40.569348162412524,7110.724906515699
587,6627.512816317227,15.855293818940734,305.8532502816211,6933.366066598848,40.559643224568084,7109.800514625719
588,6627.053004330104,15.854193790263407,305.4335732179603,6932.486577548065,40.549877173217055,7108.878543251559
589,6626.596135923575,15.853100803644917,305.0135983967572,6931.609734320333,40.5400498760353,7107.958951281086
590,6626.142168763226,15.852014757806762,304.59332814918855,6930.735496912415,40.53016120248324,7107.041698143217
591,6625.691061139086,15.85093555296432,304.17276471013076,6929.8638258492165,40.52021102388378,7106.126743803111
592,6625.242771957353,15.849863090807066,303.7519102220608,6928.994682179415,40.510199213494175,7105.214048758115
593,6624.797260732002,15.848797274478473,303.3307667387891,6928.128027470791,40.50012564657148,7104.303574033376
594,6624.354487578257,15.847738008560425,302.90933622903003,6927.263823807287,40.48999020043203,7103.395281179166
595,6623.914413202345,15.846685199048672,302.48762057981264,6926.402033782158,40.47979275450514,7102.489132264255
596,6623.476998896139,15.845638753340046,302.0656215997395,6925.5426204958785,40.469533190381036,7101.585089874036
597,6623.042206527602,15.844598580209572,301.64334102209574,6924.685547549698,40.459211391853806,7100.683117104261
598,6622.609998535361,15.843564589797515,301.22078050781624,6923.830779043177,40.448827244958636,7099.783177558747
599,6622.180337919421,15.842536693587132,300.797941648314,6922.978279567735,40.43838063800502,7098.885235343057
600,6621.7531882358435,15.84151480439197,300.3748259681762,6922.12801420402,40.42787146160457,7097.989255062
601,6621.328513588571,15.840498836336295,299.95143492773263,6921.279948516303,40.417299608694826,7097.095201814126
602,6620.906278623221,15.83948870484024,299.52776992550207,6920.434048548723,40.4066649745593,7096.203041188056
603,6620.486448519791,15.838484326602371,299.10383230052093,6919.590280820312,40.39596745684288,7095.312739257578
604,6620.068988986881,15.83748561958584,298.6796233345608,6918.748612321442,40.385206955564584,7094.424262578148
605,6619.653866254634,15.836492503001516,298.2551442542375,6917.909010508871,40.37438337312607,7093.537578181969
606,6619.241047068378,15.83550489729277,297.83039623301966,6917.071443301398,40.363496614317654,7092.65265357368
607,6618.830498682866,15.834522724121689,297.40538039313833,6916.2358790760045,40.352546586321125,7091.769456726502
608,6618.422188856044,15.833545906354173,296.9800978074048,6915.402286663449,40.34153319870989,7090.887956077837
609,6618.016085842775,15.832574368044916,296.5545495009399,6914.570635343715,40.33045636344677,7090.008120524709
610,6617.612158389537,15.83160803442473,296.1287364528195,6913.740894842357,40.31931599487919,7089.129919420082
611,6617.2103757282475,15.83064683188576,295.7026595976405,6912.913035325888,40.30811200973292,7088.253322568226
612,6616.810707570488,15.829690687967675,295.27631982701126,6912.0870273975,40.29684432710312,7087.378300220398
613,6616.413124102377,15.8287395313454,294.84971799097104,6911.262842093348,40.28551286844397,7086.504823071079
614,6616.0175959798435,15.827793291817807,294.42285489934136,6910.440450879185,40.27411755755726,7085.632862254559
615,6615.624094321545,15.826851900290778,293.9957313230137,6909.619825644559,40.26265832057837,7084.762389339075
616,6615.232590705371,15.82591528876883,293.5683479951769,6908.800938700548,40.25113508596203,7083.893376324482
617,6614.843057162112,15.82498339033998,293.1407056124874,6907.983762774599,40.23954778446638,7083.025795637028
618,6614.455466171352,15.824056139165913,292.71280483618614,6907.168271007538,40.227896349136174,7082.159620126281
619,6614.069790656497,15.82313347047009,292.2846462931643,6906.354436949661,40.216180715285006,7081.294823061151
620,6613.686003979089,15.822215320524137,291.85623057698285,6905.542234556072,40.20440082047655,7080.431378125145
621,6613.304079935126,15.821301626639057,291.42755824884523,6904.731638183971,40.19255660450565,7079.569259413571
622,6612.923992749933,15.82039232715295,290.9986298385303,6903.922622588463,40.18064800937802,7078.708441429258
623,6612.545717073788,15.819487361420546,290.56944584528486,6903.115162919073,40.1686749792902,7077.848899078985
624,6612.169227977068,15.818586669801597,290.14000673867963,6902.309234715747,40.15663746060823,7076.990607669393
625,6611.794500946868,15.817690193652794,289.71031295943067,6901.504813906298,40.14453540184705,7076.133542904333
626,6611.421511881637,15.816797875314922,289.2803649201897,6900.701876801827,40.13236875364839,7075.277680880197
627,6611.050237087648,15.815909658104422,288.8501630063032,6899.900400093951,40.12013746875929,7074.422998083054
628,6610.680653274516,15.81502548630267,288.4197075765451,6899.100360851061,40.10784150201026,7073.569471384805
629,6610.312737551918,15.814145305148129,287.98899896382306,6898.301736515741,40.09548081029314,7072.717078040516
630,6609.946467424487,15.813269060824132,287.5580374758618,6897.504504900349,40.08305535253903,7071.865795683894
631,6609.581820788722,15.812396700451488,287.1268233958639,6896.708644184586,40.07056508969636,7071.015602324765
632,6609.2187759293465,15.811528172079777,286.6953569831518,6895.914132912499,40.05800998470889,7070.166476345982
633,6608.857311514856,15.810663424676688,286.2636384737907,6895.120949988646,40.04539000249366,7069.318396499494
634,6608.497406594657,15.80980240812119,285.8316680811958,6894.329074675853,40.03270510991951,7068.471341904003
635,6608.139040594775,15.808945073193241,285.3994459967247,6893.538486591499,40.01995527578517,7067.625292041165
636,6607.782193315024,15.808091371567045,284.9669723902566,6892.7491657052815,40.00714047079829,7066.780226753254
637,6607.426844925061,15.807241255801582,284.5342474107606,6891.961092335821,39.99426066755411,7065.9361262396815
638,6607.072975961381,15.806394679333449,284.10127118685386,6891.174247148236,39.98131584051501,7065.092971054476
639,6606.720567323106,15.80555159646676,283.66804382735126,6890.388611150457,39.96830596598987,7064.250742102513
640,6606.369600270256,15.804711962369034,283.2345654218091,6889.604165692065,39.95523102211416,7063.4094206382615
641,6606.020056419446,15.803875733060874,282.80083604106295,6888.820892460509,39.942090988830394,7062.568988261921
642,6605.671917740511,15.803042865407921,282.3668557377615,6888.038773478273,39.928885847869054,7061.729426916503
643,6605.325166554319,15.802213317115596,281.93262454689915,6887.257791101219,39.91561558272988,7060.890718886094
644,6604.979785529227,15.80138704672064,281.49814248634686,6886.477928015574,39.90228017866373,7060.052846792762
645,6604.635757678061,15.800564013583879,281.0634095573834,6885.699167235444,39.888879622655494,7059.215793593996
646,6604.293066355087,15.799744177882983,280.6284257452303,6884.921492100317,39.87541390340674,7058.379542580136
647,6603.951695253298,15.798927500605975,280.19319101958735,6884.144886272885,39.86188301131982,7057.544077372126
648,6603.611628401401,15.79811394354402,279.7577053351762,6883.369333736577,39.84828693848229,7056.709381918975
649,6603.272850160998,15.797303469284685,279.3219686322876,6882.594818793285,39.83462567865216,7055.8754404954225
650,6602.935345223811,15.79649604120529,278.88598083733785,6881.821326061149,39.820899227243956,7055.04223769966
651,6602.599098609454,15.795691623467594,278.44974186343364,6881.048840472888,39.80710758131567,7054.2097584516105
652,6602.2640956605,15.79489018100598,278.01325161094707,6880.277347271447,39.79325073955647,7053.377987988518
653,6601.930322042788,15.7940916795282,277.5765099681032,6879.506832010891,39.77932870227558,7052.54691186579
654,6601.5977637404185,15.793296085503394,277.1395168115802,6878.737280551999,39.76534147139179,7051.716515952553
655,6601.2664070543,15.792503366158611,276.70227200712384,6877.968679061423,39.751289050424646,7050.88678643077
656,6600.936238598697,15.791713489470567,276.2647754101783,6877.201014008875,39.73717144448593,7050.057709792389
657,6600.607245298801,15.79092642415981,275.8270268665334,6876.434272165335,39.7229886602732,7049.229272837523
658,6600.27941438786,15.790142139683876,275.3890262129911,6875.668440600851,39.70874070606382,7048.401462672228
659,6599.952733405231,15.78936060623261,274.95077327805075,6874.903506683282,39.69442759171081,7047.5742667072245
660,6599.627190192432,15.788581794718736,274.51226788261624,6874.139458075048,39.68004932863991,7046.747672654632
661,6599.302772891513,15.787805676773955,274.0735098407239,6873.376282732237,39.66560592984792,7045.921668527076
662,6598.979469941911,15.787032224741413,273.6344989602953,6872.613968902206,39.6510974099029,7045.0962426352835
663,6598.657270077852,15.786261411669503,273.19523504391356,6871.852505121766,39.63652378494564,7044.27138358628
664,6598.336162325135,15.78549321130415,272.7557178896253,6871.09188021476,39.621885072693246,7043.447080280976
665,6598.016135998638,15.784727598082865,272.3159472917697,6870.332083290407,39.60718129244373,7042.623321912538
666,6597.697180699957,15.783964547129084,271.8759230418344,6869.573103741792,39.59241246508353,7041.800097964905
667,6597.379286314025,15.78320403424408,271.435644929341,6868.814931243366,39.5775786130957,7040.9773982103325
668,6597.062443006391,15.782446035900456,270.9951127427593,6868.05755574915,39.56267976057134,7040.155212707636
669,6596.746641219991,15.781690529234428,270.5543262704526,6867.300967490443,39.54771593322198,7039.333531799959
670,6596.431871672875,15.78093749204037,270.11328530165287,6866.545156974527,39.53268715839508,7038.512346113546
671,6596.118125354602,15.780186902762205,269.67198962746966,6865.790114982072,39.51759346509118,7037.6916465552185
672,6595.805393523178,15.779438740486073,269.2304390419299,6865.035832565109,39.50243488398366,7036.871424310438
673,6595.493667702744,15.778692984934793,268.78863334305134,6864.282301045795,39.4872114474409,7036.051670842163
674,6595.182939678819,15.777949616456505,268.34657233394927,6863.5295120127685,39.4719231895508,7035.232377887314
675,6594.873201497102,15.777208616021776,267.9042558239772,6862.777457321079,39.45657014614834,7034.413537456824
676,6594.564445458026,15.77646996521059,267.46168362990215,6862.026129087928,39.44115235484517,7033.595141831504
677,6594.25666411539,15.775733646209067,267.018855577113,6861.275519692503,39.42566985506252,7032.777183562024
678,6593.949850271415,15.774999641797644,266.57577150086405,6860.525621772279,39.41012268806662,7031.959655465369
679,6593.643996973897,15.77426793534425,266.13243124755303,6859.776428221449,39.39451089700754,7031.142550623432
680,6593.339097512589,15.77353851079567,265.68883467603274,6859.027932188622,39.37883452696,7030.325862380898
681,6593.035145415409,15.772811352668443,265.2449816589567,6858.280127074366,39.36309362496863,7029.509584342979
682,6592.7321344444545,15.772086446039365,264.80087208415887,6857.533006528613,39.347288240094976,7028.693710373027
683,6592.430058592936,15.771363776538124,264.3565058560651,6856.786564449001,39.331418423469096,7027.878234591091
684,6592.128912080326,15.770643330335707,263.91188289713875,6856.040794977464,39.31548422834278,7027.063151370756
685,6591.82868934881,15.76992509413591,263.46700314935623,6855.295692498166,39.29948571014785,7026.24845533731
686,6591.529385059343,15.769209055165893,263.0218665757145,6854.551251635058,39.28342292655637,7025.434141365578
687,6591.2309940871655,15.768495201165468,262.5764731617677,6853.807467248933,39.26729593754488,7024.620204577253
688,6590.933511517233,15.767783520376154,262.13082291719246,6853.064334434425,39.25110480546227,7023.806640338186
689,6590.6369326407075,15.767074001532793,261.68491587738123,6852.321848518089,39.23484959510053,7022.993444256776
690,6590.34125294997,15.766366633851604,261.23875210506077,6851.580005055031,39.218530373769305,7022.180612180927
691,6590.046468133707,15.765661407018438,260.7923316919357,6850.838799825643,39.20214721137403,7021.36814019512
692,6589.752574072975,15.764958311179367,260.3456547603549,6850.09822883333,39.18570018049744,7020.556024618494
693,6589.459566836133,15.764257336928546,259.89872146499886,6849.358288301131,39.169189356484395,7019.744262001838
694,6589.167442673686,15.7635584752959,259.45153199458673,6848.618974668273,39.15261481753031,7018.93284912453
695,6588.8761980140935,15.762861717737065,259.00408657360055,6847.880284587694,39.13597664477336,7018.121782992458
696,6588.58582945791,15.762167056119402,258.5563854640245,6847.142214921934,39.11927492238962,7017.3110608343295
697,6588.296333773744,15.761474482712305,258.1084289670981,6846.404762740842,39.10250973769169,7016.500680099801
698,6588.007707891596,15.760783990171282,257.66021742507974,6845.667925316675,39.085681181230896,7015.690638455029
699,6587.719948899057,15.760095571528845,257.21175122301855,6844.931700122076,39.068789346902705,7014.880933781103
700,6587.433054035053,15.759409220179553,256.7630307905332,6844.196084825586,39.05183433205494,7014.071564170024
701,6587.147020685015,15.758724929868459,256.3140566035938,6843.461077288609,39.03481623759988,7013.262527922168
702,6586.861846374086,15.758042694674847,255.86482918630523,6842.726675560391,39.017735168128524,7012.45382354175
703,6586.577528763527,15.757362509003652,255.41534911268832,6841.992877876215,39.00059123202844,7011.645449735539
704,6586.294065643309,15.756684367567726,254.96561700845837,6841.259682651767,38.98338454160417,7010.837405407746
705,6586.011454927126,15.756008265375899,254.51563355279475,6840.52708847992,38.96611521320028,7010.029689657342
706,6585.729694646702,15.755334197719383,254.06539948010328,6839.795094126805,38.948783367327266,7009.222301774679
707,6585.448782944935,15.754662160155348,253.61491558176414,6839.063698526699,38.931389128789505,7008.415241236934
708,6585.168718071729,15.753992148496959,253.16418270786698,6838.3329007795965,38.91393262681581,7007.608507706245
709,6584.889498375916,15.753324158794058,252.71320176892647,6837.602700144843,38.89641399519182,7006.802101023927
710,6584.611122301268,15.752658187323608,252.26197373757896,6836.873096038847,38.87883337239468,7005.9960212087635
711,6584.333588378036,15.751994230569466,251.81049965025508,6836.144088028292,38.861190901729216,7005.190268450814
712,6584.056895219241,15.751332285213495,251.35878060882774,6835.415675828069,38.84348673146579,7004.384843109945
713,6583.781041512451,15.750672348115913,250.90681778223063,6834.687859294682,38.82572101497946,7003.579745709843
714,6583.506026014886,15.750014416303554,250.45461240804804,6833.960638422934,38.80789391089074,7002.774976935309
715,6583.231847546096,15.749358486952383,250.0021657940695,6833.234013340166,38.79000558320685,7001.970537627116
716,6582.958504982372,15.748704557374095,249.54947931981076,6832.507984302182,38.772056201463755,7001.16642877855
717,6582.685997249939,15.748052624999854,249.09655443799642,6831.782551687935,38.754045940869574,7000.362651530718
718,6582.414323318535,15.747402687364916,248.6433926760035,6831.057715994539,38.73597498244696,6999.559207168183
719,6582.143482195387,15.746754742094227,248.1899956372626,6830.33347783265,38.71784351317718,6998.7560971149705
720,6581.873472918227,15.74610878688571,247.73636500261685,6829.609837920844,38.699651726142676,6997.953322929565
721,6581.604294548747,15.745464819494611,247.28250253163486,6828.886797080382,38.681399820670364,6997.150886300298
722,6581.335946166813,15.74482283771965,246.82841006387787,6828.164356230691,38.663088002473685,6996.348789041452
723,6581.068426862508,15.74418283938399,246.37408952011833,6827.442516382626,38.644716483794184,6995.547033087131
724,6580.801735731562,15.743544822324312,245.9195429035103,6826.721278635072,38.626285483542176,6994.74562048848
725,6580.535871866554,15.742908784369746,245.46477230070883,6826.000644167263,38.607795227435865,6993.944553406609
726,6580.270834351663,15.742274723329338,245.00977988293968,6825.280614234603,38.589245948139364,6993.143834109009
727,6580.006622255989,15.74164263697605,244.55456790701652,6824.561190163005,38.570637885398625,6992.34346496449
728,6579.7432346259,15.74101252302847,244.09913871630698,6823.842373342207,38.55197128617608,6991.543448437073
729,6579.480670479428,15.740384379137389,243.64349474164655,6823.124165221075,38.53324640478245,6990.7437870818785
730,6579.2189287992005,15.7397582028689,243.1876385022005,6822.406567301401,38.51446350300701,6989.944483539482
731,6578.958008524642,15.739133991685746,242.73157260627409,6821.689581130916,38.49562285024476,6989.145540529481
732,6578.697908547023,15.738511742935462,242.27529975207105,6820.973208299094,38.47672472362139,6988.346960846847
733,6578.438627701814,15.737891453832091,241.81882272840227,6820.2574504302165,38.45776940811517,6987.548747355518
734,6578.180164761134,15.737273121438118,241.36214441534364,6819.542309176477,38.43875719667579,6986.750902982017
735,6577.922518427434,15.736656742649362,240.9052677848456,6818.8277862122795,38.419688390340255,6985.953430710259
736,6577.665687327319,15.736042314180189,240.44819590129583,6818.113883228614,38.40056329834549,6985.156333576417
737,6577.409670003439,15.735429832544112,239.9909319220348,6817.400601925474,38.381382238237194,6984.359614661806
738,6577.1544649080315,15.734819294038353,239.53347909782786,6816.687944005859,38.36214553597566,6983.5632770873535
739,6576.900070395632,15.734210694726391,239.07584077329477,6815.975911168926,38.34285352603743,6982.767324007189
740,6576.646484716262,15.73360403042168,238.61802038729863,6815.264505103561,38.32350655151378,6981.971758602645
741,6576.39370600775,15.732999296669258,238.1600214732972,6814.553727481047,38.30410496420507,6981.176584075339
742,6576.141732289199,15.732396488730142,237.70184765965826,6813.843579948858,38.28464912471132,6980.381803641352
743,6575.890561452665,15.7317956015614,237.2435026699423,6813.134064122607,38.2651394025188,6979.587420523564
744,6575.640191256616,15.731196629800516,236.7849903231543,6812.425181579771,38.24557617608325,6978.793437945733
745,6575.390619318132,15.730599567746728,236.3263145339689,6811.716933852101,38.22595983290838,6977.999859125252
746,6575.141843104533,15.730004409340989,235.8674793129311,6811.009322417464,38.2062907696211,6977.206687265316
747,6574.893859926895,15.729411148150467,235.4084887666355,6810.302348693531,38.186569392042635,6976.413925548916
748,6574.646666931531,15.72881977734816,234.94934709788808,6809.596014029419,38.16679611525582,6975.621577130782
749,6574.400261091606,15.728230289692837,234.4900586058534,6808.890319697459,38.14697136366858,6974.829645129417
750,6574.154639199725,15.727642677511305,234.03062768619122,6808.1852668859165,38.12709557107395,6974.038132620088
751,6573.909797859391,15.727056932677968,233.57105883118516,6807.480856690576,38.10716918070606,6973.247042626647
752,6573.665733476222,15.726473046593833,233.11135662986771,6806.77709010609,38.087192645292916,6972.456378113115
753,6573.42244224962,15.725891010166555,232.6515257681461,6806.073968017766,38.06716642710581,6971.666141975676
754,6573.17992016408,15.725310813789664,232.19157102892993,6805.371491193009,38.047090998005196,6970.876337034332
755,6572.938162979863,15.724732447320246,231.73149729226816,6804.669660272131,38.02696683948381,6970.086966023886
756,6572.697166223661,15.724155900056605,231.27130953549522,6803.968475759157,38.00679444270639,6969.298031584929
757,6572.456925179778,15.723581160717174,230.81101283339342,6803.267938013172,37.98657430854711,6968.509536255352
758,6572.217434879175,15.723008217414295,230.35061235837233,6802.568047237547,37.96630694762397,6967.721482459711
759,6571.978690091271,15.72243705763462,229.89011338067087,6801.868803471943,37.945992880330955,6966.933872501382
760,6571.740685311747,15.721867668209923,229.42952126858472,6801.170206580332,37.92563263686806,6966.146708550708
761,6571.503414754245,15.721300035297237,228.96884148872206,6800.472256242967,37.90522675726916,6965.359992637088
762,6571.266872336708,15.72073414434619,228.50807960629194,6799.774951943,37.88477579142804,6964.573726635712
763,6571.031051673301,15.720169980079667,228.04724128542748,6799.0782929587285,37.864280299122996,6963.787912259913
764,6570.795946060423,15.719607526460344,227.58633228954744,6798.382278349971,37.84374085004027,6963.002551047646
765,6570.561548466552,15.719046766666393,227.12535848175867,6797.686906948311,37.823158023795855,6962.217644351823
766,6570.327851519296,15.718487683060516,226.66432582530229,6796.9921773445985,37.80253240995687,6961.433193327911
767,6570.094847493143,15.71793025716063,226.20324038404507,6796.298087877188,37.78186460806215,6960.649198922258
768,6569.862528296097,15.717374469607886,225.7421083230199,6795.604636619117,37.76115522764239,6959.865661859361
769,6569.630885456851,15.716820300136007,225.28093590901406,6794.911821365865,37.740404888240356,6959.0825826297105
770,6569.399910110558,15.71626772753722,224.81972951121023,6794.219639621769,37.71961421943082,6958.299961476293
771,6569.1695929853,15.715716729629905,224.35849560187768,6793.528088587178,37.69878386084098,6957.517798381837
772,6568.939924386392,15.715167283221033,223.89724075711717,6792.837165143509,37.677914462171486,6956.736093053955
773,6568.710894182041,15.714619364071867,223.43597165765743,6792.146865839698,37.65700668321817,6955.954844911697
774,6568.482491787368,15.714072946859734,222.97469508970357,6791.457186877072,37.63606119389449,6955.174053070513
775,6568.254706148533,15.71352800514003,222.51341794583658,6790.768124094369,37.61507867425554,6954.393716327381
776,6568.027525725693,15.712984511305486,222.05214722596122,6790.079672951654,37.594059814522915,6953.613833144829
777,6567.800938476087,15.712442436545663,221.5908900383003,6789.391828514387,37.57300531511173,6952.834401635123
778,6567.574931836322,15.711901750804598,221.1296536004321,6788.704585436754,37.551915886658676,6952.05541954372
779,6567.3494927037345,15.711362422736206,220.66844524036605,6788.017937944101,37.530792250052365,6951.276884231828
780,6567.12460741852,15.710824419661531,220.20727239765102,6787.331879816171,37.50963513646519,6950.498792659794
781,6566.900261743271,15.710287707519786,219.74614262451095,6786.6464043677815,37.48844528738789,6949.721141367919
782,6566.676440843359,15.709752250821433,219.28506358699843,6785.961504430357,37.467223454665515,6948.943926458152
783,6566.453129266722,15.709218012599813,218.82404306615737,6785.277172332879,37.44597040053607,6948.1671435752105
784,6566.230310922451,15.708684954359931,218.36308895918452,6784.593399881635,37.42468689767148,6947.390787886507
785,6566.00796905933,15.708153036027106,217.90220928057596,6783.910178339906,37.4033737292202,6946.614854062014
786,6565.786086243561,15.707622215893686,217.44141216324385,6783.227498406804,37.382031688852855,6945.839336253314
787,6565.564644336031,15.707092450564668,216.98070585958803,6782.545350195619,37.360661580809214,6945.0642280721395
788,6565.343624468938,15.706563694901766,216.52009874249984,6781.863723211438,37.33926421994809,6944.289522568212
789,6565.123007022386,15.706035901967432,216.05959930627915,6781.182606328665,37.317840431798395,6943.5152122069885
790,6564.902771599926,15.70550902296633,215.5992161674361,6780.501987767362,37.29639105261249,6942.741288846227
791,6564.682897004164,15.704983007186996,215.13895806535112,6779.821855069516,37.27491692942064,6941.967743712496
792,6564.463361212056,15.704457801942718,214.6788338627582,6779.1421950748145,37.25341892008749,6941.194567377195
793,6564.244141349413,15.703933352510559,214.2188525460159,6778.4629938954295,37.23189789336849,6940.421749731582
794,6564.025213665608,15.703409602070833,213.75902322512317,6777.784236890731,37.210354728967665,6939.649279961741
795,6563.806553508457,15.702886491647027,213.29935513343338,6777.10590864189,37.18879031759542,6938.87714652343
796,6563.588135299048,15.70236396004557,212.8398576270137,6776.427992926062,37.16720556102577,6938.105337116524
797,6563.369932506173,15.701841943794673,212.38054018358974,6775.750472689763,37.14560137215274,6937.333838658627
798,6563.151917621652,15.70132037708529,211.92141240101017,6775.073330022662,37.123978675045656,6936.5626372591105
799,6562.93406213661,15.700799191714378,211.46248399515585,6774.396546131766,37.102338405001284,6935.791718193521
800,6562.716336517689,15.700278317027966,211.0037647972128,6773.720101314902,37.080681508593855,6935.021065877286
801,6562.498710184928,15.699757679868249,210.54526475021535,6773.0439749351435,37.059008943720315,6934.2506638403265
802,6562.281151490755,15.699237204523339,210.0869939047593,6772.368145395514,37.03732167964113,6933.480494701953
803,6562.0636277011345,15.69871681268214,209.62896241377226,6771.692590114907,37.015620697014484,6932.71054014692
804,6561.846104977803,15.698196423391874,209.17118052621706,6771.01728550402,36.99390698792345,6931.940780901487
805,6561.628548364318,15.697675953024683,208.71365857959304,6770.342206943911,36.972181555893926,6931.17119671205
806,6561.410921774715,15.697155315250514,208.25640699108476,6769.6673287657995,36.95044541590248,6930.401766324975
807,6561.193187984867,15.696634421016428,207.7994362471972,6768.992624232064,36.928699594371714,6929.632467467582
808,6560.975308630031,15.696113178540744,207.34275689169834,6768.318065521729,36.90694512915173,6928.863276833539
809,6560.757244205168,15.695591493313799,206.88637951167922,6767.643623716847,36.88518306948503,6928.094170069107
810,6560.53895407331,15.695069268117967,206.43031472152498,6766.969268794835,36.86341447595235,6927.325121765228
811,6560.320396478558,15.694546403058752,205.97457314457455,6766.294969623133,36.84164042039767,6926.556105451862
812,6560.101528568276,15.694022795617885,205.51916539223498,6765.620693960511,36.8198619858273,6925.787093598859
813,6559.882306421741,15.693498340721868,205.06410204030055,6764.946408462042,36.79808026628164,6925.0180576203675
814,6559.662685092782,15.692972930843977,204.60939360221624,6764.2720786949985,36.776296366673996,6924.24896789003
815,6559.442618657369,15.692446456118107,204.1550504990135,6763.597669156383,36.75451140259313,6923.479793757663
816,6559.222060279459,15.691918804496312,203.70108302564063,6762.923143305099,36.73272650006324,6922.710503580374
817,6559.000962286633,15.691389861929743,203.24750131340403,6762.248463600037,36.710942795256585,6921.941064759403
818,6558.779276262137,15.690859512588844,202.79431528823972,6761.5735915503765,36.689161434151394,6921.171443788935
819,6558.556953153652,15.69032763912357,202.34153462453892,6760.898487778191,36.667383572127676,6920.4016063169465
820,6558.333943399837,15.689794122966118,201.88916869426646,6760.223112094103,36.64561037349222,6919.631517218794
821,6558.110197076464,15.689258844680536,201.43722651113188,6759.547423587595,36.62384301092263,6918.861140685109
822,6557.885664063654,15.68872168436281,200.98571666960592,6758.87138073326,36.602082664819726,6918.090440325225
823,6557.6602942361515,15.688182522096056,200.53464727861774,6758.194941514769,36.58033052255374,6917.319379287878
824,6557.434037675873,15.687641238459026,200.08402588982557,6757.518063565698,36.55858777759179,6916.547920398222
825,6557.20684491011,15.687097715095957,199.63385942042376,6756.840704330533,36.53685562848737,6915.776026314454
826,6556.978667175795,15.68655183534879,199.18415407053874,6756.162821246334,36.51513527771443,6915.003659704392
827,6556.74945670829,15.686003484948063,198.73491523536887,6755.484371943659,36.493427930323634,6914.230783440567
828,6556.51916705714,15.685452552768279,198.28614741234873,6754.805314469489,36.471734792396695,6913.457360816415
829,6556.287753426712,15.68489893164285,197.83785410375873,6754.125607530471,36.45005706927158,6912.683355781803
830,6556.055173042823,15.684342519241204,197.39003771536227,6753.445210758186,36.42839596350801,6911.908733199445
831,6555.821385538654,15.683783218991994,196.94269945183066,6752.764084990485,36.406752672560714,6911.133459116124
832,6555.586353364752,15.683220941063999,196.49583920990943,6752.082192574661,36.38512838612329,6910.357501054297
833,6555.350042213321,15.682655603381152,196.04945547048493,6751.399497683806,36.363524283104,6909.580828315308
834,6555.112421455635,15.682087132668983,195.60354519092675,6750.715966646561,36.3419415281918,6908.803412294195
835,6554.873464586402,15.681515465517709,195.15810369929397,6750.031568285696,36.32038126796831,6908.025226801358
836,6554.633149670754,15.680940549451565,194.71312459221053,6749.346274262965,36.29884462652192,6907.2462483883355
837,6554.391459784226,15.680362343981402,194.2685996384101,6748.660059422636,36.2773327005181,6906.466456669889
838,6554.148383439991,15.679780821626775,193.8245186901326,6747.972902130124,36.25584655368342,6905.685834638646
839,6553.903914994657,15.679195968886738,193.38086960469624,6747.284784599353,36.23438721066237,6904.904368965734
840,6553.658055023292,15.678607787137063,192.93763817867597,6746.595693201968,36.21295565021269,6904.1220502803935
841,6553.410810654495,15.678016293431808,192.49480809716562,6745.905618751661,36.19155279771269,6903.338873421711
842,6553.1621958575015,15.677421521190196,192.0523609005911,6745.214556758093,36.17017951696438,6902.554837656888
843,6552.912231671075,15.676823520744197,191.61027597145414,6744.522507642529,36.14883660129259,6901.769946858151
844,6552.660946368294,15.676222359732762,191.16853054322627,6743.829476911521,36.12752476395591,6900.984209634729
845,6552.408375545441,15.675618123314452,190.7270997333666,6743.1354752788075,36.106244627909135,6900.197639410212
846,6552.15456213506,15.675010914198708,190.28595660210954,6742.440518737169,36.08499671498082,6899.410254447336
847,6551.899556334278,15.67440085247435,189.84507223826355,6741.744628572541,36.06378143455964,6898.622077812875
848,6551.643415446601,15.673788075231101,189.4044158727824,6741.047831319383,36.04259907191395,6897.833137282209
849,6551.386203637803,15.673172735975605,188.96395502033013,6740.350158658133,36.02144977630403,6897.0434651850555
850,6551.127991605759,15.672555003841529,188.5236556484759,6739.651647254235,36.00033354908088,6896.2530981927375
851,6550.868856167292,15.671935062601175,188.08348237353854,6738.95233854083,35.97925023200119,6895.462077050035
852,6550.608879769108,15.671313109495474,187.64339868147744,6738.252278450585,35.958199496021244,6894.6704462582775
853,6550.348149927946,15.670689353894607,187.2033671716177,6737.551517099564,35.93718083086294,6893.878253713818
854,6550.08675861,15.670064015813399,186.76334982042135,6736.850108430422,35.91619353566951,6893.085550310584
855,6549.824801557502,15.669437324300244,186.32330826199933,6736.148109819501,35.895236711086945,6892.292389512729
856,6549.562377577509,15.668809515735669,185.88320408161684,6735.445581659126,35.87430925311523,6891.498826910178
857,6549.299587799211,15.668180832055528,185.44299911809347,6734.742586917304,35.853409849071625,6890.704919760766
858,6549.0365349151525,15.667551518935772,185.00265577075572,6734.039190685909,35.83253697599449,6889.910726531484
859,6548.7733224189,15.666921823968659,184.56213730646465,6733.335459725365,35.8116889017895,6889.116306448149
860,6548.5100538448005,15.66629199484402,184.1214081622257,6732.631462007026,35.79086368937914,6888.321719055825
861,6548.246832027955,15.66566227757884,183.68043423898445,6731.927266266939,35.77005920406461,6887.5270238046205
862,6547.983758387811,15.665032914803374,183.23918318242065,6731.222941570231,35.74927312424295,6886.732279660688
863,6547.720932247712,15.664404144133282,182.79762464685666,6730.518556894569,35.728502955547285,6885.937544751199
864,6547.458450195842,15.66377619664077,182.35573053879136,6729.814180734633,35.70774604839448,6885.142876045149
865,6547.196405495084,15.663149295442786,181.91347523703172,6729.109880732116,35.68699961883384,6884.348329074043
866,6546.934887544339,15.662523654412295,181.47083578691138,6728.405723331251,35.666260772500884,6883.553957691629
867,6546.673981398944,15.661899477030968,181.02779206663564,6727.70177346558,35.64552653138735,6882.759813877115
868,6546.413767347189,15.66127695537605,180.5843269243603,6726.998094271549,35.624793863055366,6881.96594757584
869,6546.15432055095,15.660656269260645,180.14042628517848,6726.294746836128,35.60405971184367,6881.172406582648
870,6545.895710744598,15.660037585513392,179.6960792277357,6725.591789972334,35.58332103154929,6880.379236459573
871,6545.638001997152,15.659421057409455,179.2512780307153,6724.889280027867,35.56257481901534,6879.586480490584
872,6545.381252533586,15.65880682424303,178.80601818990613,6724.1872707234925,35.54181814802047,6878.794179667381
873,6545.125514614116,15.658195011038554,178.36029840698808,6723.485813021104,35.521048202845684,6878.002372703483
874,6544.870834471502,15.657585728400724,177.9141205515313,6722.784955023034,35.50026231089804,6877.211096075441
875,6544.6172523007535,15.656979072489841,177.46748959800627,6722.08474189876,35.47945797378612,6876.420384084729
876,6544.364802302293,15.656375125125104,177.02041353983276,6721.385215842126,35.45863289628094,6875.630268940948
877,6544.113512771159,15.655773953997986,176.57290328267123,6720.68641605383,35.43778501264691,6874.840780858844
878,6543.8634062325145,15.655175612996446,176.12497251926885,6719.988378751784,35.41691250989362,6874.051948169821
879,6543.614499618736,15.654580142628555,175.67663758822982,6719.291137206966,35.396013847576725,6873.263797443924
880,6543.366804484187,15.653987570536332,175.22791731908592,6718.5947218032725,35.37508777385997,6872.476353619563
881,6543.120327253531,15.653397912089789,174.77883286601013,6717.899160119541,35.354133337640654,6871.689640138278
882,6542.875069502538,15.652811171058705,174.32940753244418,6717.204477034982,35.33314989663281,6870.903679085335
883,6542.6310282631985,15.65222734034258,173.8796665888148,6716.510694852013,35.3121371213907,6870.118491330063
884,6542.388196353223,15.651646402758907,173.4296370853971,6715.81783343862,35.29109499534234,6869.334096668359
885,6542.146562723412,15.65106833187419,172.97934766224986,6715.125910385662,35.27002381098124,6868.550513963431
886,6541.906112819216,15.650493092868938,172.52882835801307,6714.434941177229,35.248924162434996,6867.7677612838215
887,6541.666828954821,15.649920643432585,172.07811041921232,6713.744939374033,35.22779693468959,6866.9858560399325
888,6541.428690693313,15.649350934672997,171.62722611157983,6713.055916804893,35.20664328979813,6866.204815115515
889,6541.191675227911,15.648783912028495,171.17620853476353,6712.367883762675,35.1854646504398,6865.424654992088
890,6540.955757766018,15.648219516186646,170.7250914416705,6711.680849207689,35.164262681221274,6864.645391871001
891,6540.720911905746,15.647657683985038,170.27390906356942,6710.994820969316,35.14303926812768,6863.867041785671
892,6540.48711000512,15.647098349294545,169.82269594197044,6710.30980594709,35.121796496534564,6863.0896207070155
893,6540.2543235393605,15.646541443874067,169.37148676819504,6709.625810307555,35.10053662818734,6862.31314464017
894,6540.022523443493,15.645986898190174,168.9203162314621,6708.942839674955,35.079262077539795,6861.537629712254
895,6539.79168043469,15.645434642188253,168.4692188762287,6708.260899310918,35.057975387825465,6860.763092247958
896,6539.561765315089,15.64488460601696,168.01822896945083,6707.579994284541,35.036679207205296,6859.989548835883
897,6539.332749247374,15.644336720687496,167.5673803783581,6706.900129625732,35.01537626530737,6859.217016379819
898,6539.104604004484,15.643790918671014,167.11670645927165,6706.221310463756,34.99406935043841,6858.4455121381625
899,6538.877302187943,15.643247134420918,166.6662399579357,6705.543542145879,34.97276128771157,6857.6750537474245
900,6538.650817413682,15.64270530481742,166.21601292177326,6704.866830335455,34.9514549182971,6856.905659230048
901,6538.425124461709,15.64216536952562,165.7660566244229,6704.191181086132,34.930153079966075,6856.137346983985
902,6538.200199389638,15.641627271267078,165.31640150285907,6703.516600892497,34.90885858906114,6855.3701357549135
903,6537.976019606118,15.641090955995498,164.86707710734294,6702.843096713461,34.887574223993354,6854.604044587832
904,6537.752563903343,15.640556372974505,164.4181120643987,6702.170675967742,34.86630271033133,6853.839092757683
905,6537.529812448049,15.640023474756097,163.96953405295284,6701.499346501001,34.84504670752031,6853.075299678714
906,6537.307746727964,15.639492217052544,163.52136979371727,6700.829116521681,34.82380879724001,6852.312684789675
907,6537.086349454463,15.638962558503499,163.07364505183835,6700.159994506301,34.80259147338803,6851.551267415539
908,6536.865604421842,15.638434460339337,162.62638465276896,6699.491989074611,34.78139713365445,6850.791066606008
909,6536.645496318653,15.637907885929792,162.1796125112576,6698.825108829911,34.76022807263661,6850.03210094588
910,6536.426010498033,15.637382800234528,161.7333516732753,6698.159362171308,34.739086476429506,6849.274388343776
911,6536.207132700842,15.63685916914077,161.2876243706289,6697.49475707147,34.717974418618496,6848.5179457924605
912,6535.988848736628,15.636336958700067,160.84245208792828,6696.831300824556,34.69689385759272,6847.762789105084
913,6535.7711441218535,15.635816134262807,160.39785564149187,6696.168999763346,34.67584663509669,6847.008932626017
914,6535.554003679569,15.6352966595205,159.95385526968323,6695.507858949252,34.654834475934585,6846.256388919568
915,6535.33741109617,15.634778495445383,159.51047073407705,6694.847881830247,34.63385898874643,6845.505168431295
916,6535.121348446724,15.634261599154843,159.06772143075077,6694.189069877475,34.612921667778146,6844.75527913231
917,6534.905795682298,15.633745922684923,158.6256265108899,6693.531422193188,34.59202389557453,6844.006726138937
918,6534.690730088437,15.633231411694824,158.18420500978095,6692.874935098218,34.57116694653215,6843.259511315633
919,6534.476125717458,15.632718004108751,157.74347598314444,6692.219601700603,34.550351991257806,6842.513632862574
920,6534.261952793013,15.632205628691418,157.30345864963147,6691.565411442644,34.52958010168719,6841.769084884983
921,6534.048177099788,15.631694203588008,156.86417253817083,6690.912349637959,34.508852256928535,6841.025856955598
922,6533.834759353727,15.63118363481753,156.42563763870672,6690.260396992434,34.488169349804274,6840.283933664083
923,6533.621654565633,15.630673814750319,155.9878745547111,6689.609529120345,34.46753219407317,6839.543294164563
924,6533.408811398506,15.63016462057059,155.550904655686,6688.9597160541925,34.446941532321624,6838.803911719791
925,6533.196171525962,15.629655912741537,155.11475022768872,6688.310921753651,34.42639804451916,6838.06575324731
926,6532.983669001641,15.629147533496749,154.6794346197151,6687.663103621356,34.40590235723862,6837.328778875344
927,6532.771229642511,15.628639305364858,154.24498238355844,6687.016212026069,34.38545505354219,6836.592941508978
928,6532.558770439864,15.628131029760441,153.81141940452605,6686.37018984439,34.36505668353788,6835.8581864177795
929,6532.346199006583,15.627622485661682,153.3787730201328,6685.724972026716,34.34470777560833,6835.124450850612
930,6532.133413072975,15.627113428404245,152.9470721236077,6685.080485196582,34.32440884831303,6834.391663686744
931,6531.920300045947,15.626603588626669,152.51634724873585,6684.436647294683,34.30416042296009,6833.65974513456
932,6531.706736651155,15.626092671414245,152.08663063222272,6683.793367283377,34.283963036839104,6832.928606493627
933,6531.492588673751,15.62558035567883,151.65795624940577,6683.150544923157,34.263817257099774,6832.198149991541
934,6531.277710828527,15.625066293848151,151.23035981876387,6682.508070647291,34.24372369525343,6831.468268721644
935,6531.0619467805245,15.62455011191513,150.80387877029224,6681.865825550817,34.22368302226626,6830.738846697675
936,6530.845129355196,15.624031409940661,150.3785521724438,6681.22368152764,34.2036959842022,6830.009759058919
937,6530.627080971309,15.623509763089256,149.95442061201007,6680.581501583319,34.18376341836483,6829.280872453206
938,6530.4076143406455,15.622984723302979,149.53152602106667,6679.939140361712,34.16388626987253,6828.552045635657
939,6530.18653348054,15.62245582172378,149.1099114449864,6679.296444925526,34.144065608589074,6827.823130322889
940,6529.9636350855835,15.62192257197508,148.68962074560017,6678.653255831184,34.124302646313694,6827.093972342648
941,6529.738710312463,15.62138447443173,148.2706982339333,6678.009408546396,34.10459875411331,6826.364413126789
942,6529.511547021618,15.620841021582818,147.8531882276647,6677.364735249283,34.0849554796535,6825.634291585775
943,6529.281932517375,15.620291704587022,147.43713452964514,6676.71906704702,34.06537456435042,6824.903446401944
944,6529.049656817739,15.619736021095068,147.02257982557944,6676.072236643318,34.04585796012224,6824.1717187698505
945,6528.814516460294,15.61917348435477,146.60956500141657,6675.424081461711,34.02640784546249,6823.438955589472
946,6528.576318832676,15.618603633570997,146.19812838416652,6674.774447216843,34.00702664048706,6822.705013102962
947,6528.334886973155,15.618026045390323,145.78830491379244,6674.123191886948,33.98771702051939,6821.9697609262075
948,6528.090064755192,15.617440346304287,145.38012525844667,6673.470190013638,33.96848192767018,6821.233086399003
949,6527.841722315555,15.616846225635298,144.97361489047375,6672.815337206029,33.94932457974539,6820.494899127922
950,6527.5897615432095,15.616243448667966,144.56879314601912,6672.158554689228,33.93024847567142,6819.755135558399
951,6527.334121400886,15.61563186938011,144.1656722963609,6671.499793697247,33.91125739647532,6819.013763371914
952,6527.07478281412,15.615011442139044,143.7642566637326,6670.839039477853,33.89235540069981,6818.270785470897
953,6526.811772850059,15.614382231698706,143.3645418178558,6670.176314667915,33.8735468129903,6817.526243304423
954,6526.545167903462,15.61374442082168,142.96651389110565,6669.511681794568,33.854836204474275,6816.780219284031
955,6526.275095646389,15.613098314943514,142.57014904969782,6668.845244696086,33.83622836349382,6816.032838077284
956,6526.001735547203,15.61244434341436,142.17541315521942,6668.1771487024225,33.81772825526821,6815.284266612839
957,6525.725317846472,15.611783057048974,141.78226164516192,6667.507579491634,33.79934096918648,6814.534712707595
958,6525.446120972354,15.611115121943431,141.39063965308114,6666.836760625435,33.7810716526837,6813.784422314609
959,6525.164467483365,15.610441309768817,141.00048237912108,6666.1649498624865,33.76292543105157,6813.033675487561
960,6524.880718714261,15.609762484962348,140.61171571062903,6665.49243442489,33.744907313088596,6812.282781236826
961,6524.595268386242,15.609079589440771,140.22425708133386,6664.819525467577,33.727022083188615,6811.532071529447
962,6524.308535493849,15.608393625583371,139.83801654693298,6664.146552040782,33.70927418128466,6810.78189472937
963,6524.020956799581,15.607705638276508,139.45289804571465,6663.473854845295,33.691667572955865,6810.032608787653
964,6523.732979274261,15.607016696828376,139.06880080561132,6662.8017800798725,33.674205612919735,6809.284574496073
965,6523.445052773448,15.60632787744844,138.6856208541766,6662.130673627625,33.656890905994075,6808.538149068699
966,6523.157623206432,15.605640246905338,138.3032525854993,6661.460875791931,33.63972517035688,6807.793680282984
967,6522.871126386152,15.604954847813762,137.92159033790387,6660.792716724056,33.62270910847973,6807.051501345943
968,6522.585982687561,15.60427268585541,137.54052993816725,6660.1265126257285,33.60584229140471,6806.311926593339
969,6522.30259258259,15.603594719097105,137.1599701715706,6659.46256275416,33.58912306202824,6805.575248073983
970,6522.02133306876,15.602921849446794,136.77981414200102,6658.801147210761,33.57254846272348,6804.841733023608
971,6521.742554962172,15.602254916177445,136.39997049216552,6658.142525454337,33.55611419197486,6804.111622189428
972,6521.4665809957205,15.601594691377322,136.0203544604244,6657.486935456145,33.539814593740786,6803.385128938918
973,6521.193704637654,15.600941877123574,135.64088875749485,6656.83459339515,33.52364268204664,6802.662439062053
974,6520.924189538243,15.600297104158475,135.26150425305508,6656.185693791298,33.50759020190986,6801.943711169606
975,6520.6582694964745,15.599660931809748,134.8821404688602,6655.540409965335,33.491647726188965,6801.229077574257
976,6520.396148853997,15.599033848933008,134.50274588116284,6654.89889473516,33.47580478642127,6800.518645556092
977,6520.138003217293,15.598416275639456,134.12327804082923,6654.261281258122,33.46005003425178,6799.8124989071175
978,6519.883980425732,15.5978085656118,133.74370352440818,6653.627683950141,33.44437142875001,6799.110699665203
979,6519.634201699369,15.597211008850167,133.3639977334054,6652.9981994327745,33.42875644382918,6798.413289963431
980,6519.388762904574,15.596623834699937,132.98414456206365,6652.372907466637,33.41319228918179,6797.720293924578
981,6519.147735897301,15.596047215065312,132.60413595597834,6651.751871853279,33.39766613766744,6797.031719552133
982,6518.911169910021,15.595481267727324,132.22397138489166,6651.1351412949125,33.38216535194655,6796.34756057588
983,6518.679092963931,15.594926059722322,131.84365725303536,6650.522750216966,33.366677703348216,6795.667798226531
984,6518.451513286525,15.594381610733315,131.46320626950927,6649.9147195560345,33.35119157646559,6794.99240291366
985,6518.228420730655,15.59384789648482,131.08263679951472,6649.31105753017,33.33569615374827,6794.321335798974
986,6518.00978818559,15.593324852118636,130.70197221494976,6648.71176040054,33.32018157535737,6793.6545502533445
987,6517.7955729766045,15.592812375542117,130.32124026009546,6648.1168132367,33.30463907069657,6792.99199319423
988,6517.585718249711,15.592310330740936,129.94047244505154,6647.526190694763,33.28906105927187,6792.333606302595
989,6517.38015433838,15.591818551048755,129.55970347640852,6646.939857814788,33.27344121978415,6791.67932712085
990,6517.178800105194,15.591336842356922,129.1789707315283,6646.357770836722,33.257774527571556,6791.029090031659
991,6516.981564257918,15.590864986262961,128.79831377990584,6645.779878037823,33.24205726162477,6790.382827125891
992,6516.788346633335,15.59040274314195,128.41777395251566,6645.206120585851,33.226286983358456,6789.74046896346
993,6516.59903944387,15.589949855128877,128.0373939579026,6644.636433401773,33.21046249010038,6789.10194523371
994,6516.413528481731,15.589506048999358,127.65721754210561,6644.070746023836,33.19458374683606,6788.467185322574
995,6516.231694277958,15.589071038942484,127.27728918833108,6643.5089834662895,33.17865180011473,6787.8361187967885
996,6516.05341320727,15.588644529203995,126.8976538516041,6642.951067058874,33.16266867818521,6787.20867580898
997,6515.878558539132,15.588226216600795,126.51835672338251,6642.396915262515,33.14663728140895,6786.584787436644
998,6515.707001424502,15.587815792881583,126.13944302125866,6641.84644444576,33.130561266808755,6785.9643859563785
999,6515.538611821163,15.58741294694058,125.76095779932129,6641.299569620484,33.11444493029539,6785.347405067269
1000,6515.373259347727,15.587017366860591,125.3829457754155,6640.7562051231425,33.098293089696924,6784.733780063324
1001,6515.210814068696,15.586628741791138,125.00545117234104,6640.216265241037,33.082110971235394,6784.123447965911
1002,6515.051147206195,15.586246763651184,124.62851757087698,6639.6796647770725,33.065904101588565,6783.516347618983
1003,6514.894131778072,15.585871128655674,124.25218777334521,6639.146319551417,33.049678207163716,6782.912419752579
1004,6514.739643163203,15.58550153866795,123.87650367716235,6638.616146840365,33.03343912173141,6782.311607019897
1005,6514.587559594334,15.585137702378791,123.50150615843111,6638.089065752765,33.017192703129524,6781.713854011378
1006,6514.437762581831,15.58477933632017,123.12723496606381,6637.564997547895,33.00094475937382,6781.119107251171
1007,6514.290137268717,15.584426165714635,122.75372862719287,6637.04386589591,32.98470098420299,6780.5273151771935
1008,6514.144572722007,15.584077925172267,122.38102436471448,6636.525597086722,32.96846690184827,6779.938428109762
1009,6514.000962162459,15.583734359240331,122.00915802774321,6636.010120190202,32.95224782064501,6779.352398210008
1010,6513.859203138301,15.583395222818902,121.63816403555512,6635.497367173856,32.936048794994534,6778.769179432083
1011,6513.719197644939,15.583060281447224,121.26807533529893,6634.987272980238,32.9198745951216,6778.188727469017
1012,6513.580852195758,15.582729311473106,120.89892337339428,6634.4797755691525,32.90372968405388,6777.610999694787
1013,6513.444077849101,15.582402100117466,120.53073808014986,6633.97481592925,32.887618201255485,6777.035955104711
1014,6513.308790192916,15.582078445437597,120.16354786676217,6633.472338059678,32.87154395237222,6776.4635542524975
1015,6513.174909294865,15.58175815620781,119.79737963352247,6632.972288928388,32.85551040457746,6775.8937591883
1016,6513.0423596191995,15.581441051720573,119.43225878779256,6632.474618406992,32.83952068703887,6775.326533395611
1017,6512.91106991568,15.581126961520765,119.06820927012808,6631.979279185808,32.8235775960505,6774.761841728628
1018,6512.780973085877,15.58081572508583,118.70525358683366,6631.4862266727105,32.80768360438978,6774.199650351806
1019,6512.6520060275525,15.580507191453474,118.34341284723664,6630.995418874789,32.79184087446106,6773.639926678695
1020,6512.524109465858,15.580201218817841,117.98270680405133,6630.506816269909,32.77605127477999,6773.082639315202
1021,6512.397227770009,15.57989767409093,117.62315389536987,6630.020381665378,32.76031639933513,6772.527758002486
1022,6512.271308762475,15.579596432446113,117.26477128703522,6629.53608004951,32.74463758934103,6771.975253563143
1023,6512.146303521938,15.57929737684674,116.90757491441406,6629.053878436352,32.72901595687246,6771.425097848747
1024,6512.022166185408,15.579000397572747,116.55157952286864,6628.573745708277,32.7134524098489,6770.87726369112
1025,6511.898853749123,15.578705391744315,116.19679870650792,6628.095652455631,32.697947677822285,6770.331724854158
1026,6511.776325873528,15.578412262855329,115.84324494506383,6627.6195708185915,32.68250233801835,6769.788455988972
1027,6511.654544692087,15.578120920315998,115.49092963896902,6627.145474331056,32.66711684108894,6769.247432589793
1028,6511.533474629447,15.577831279017815,115.1398631429025,6626.673337772349,32.65179153605742,6768.708630954199
1029,6511.413082226607,15.577543258915327,114.79005479820522,6626.203137024812,32.636526693976016,6768.172028143608
1030,6511.293335976331,15.577256784632372,114.44151296465081,6625.7348489409815,32.62132252986757,6767.637601945906
1031,6511.174206169992,15.576971785095676,114.09424505208571,6625.2684512220785,32.606179222589056,6767.105330840341
1032,6511.055664756958,15.576688193198464,113.74825755243278,6624.803922309391,32.59109693232959,6766.5751939650245
1033,6510.9376852134665,15.576405945486762,113.40355607248964,6624.341241285956,32.57607581553824,6766.047171083547
1034,6510.820242427125,15.576124981883074,113.06014536785798,6623.880387794983,32.561116037163224,6765.521242556643
1035,6510.703312591188,15.575845245433463,112.71802937822251,6623.42134196941,32.54621778016894,6764.997389313145
1036,6510.5868731103155,15.575566682082094,112.37721126406825,6622.964084374384,32.531381252380044,6764.475592822237
1037,6510.470902519557,15.575289240477408,112.03769344479639,6622.508595964354,32.51660669077609,6763.95583506923
1038,6510.3553804110115,15.575012871796678,111.69947763807585,6622.054858049088,32.50189436342503,6763.438098529987
1039,6510.240287371673,15.574737529597304,111.36256490016393,6621.602852271837,32.48724456929736,6762.92236614828
1040,6510.125604929495,15.574463169687787,111.02695566684628,6621.152560596342,32.47265763624253,6762.408621313996
1041,6510.011315506715,15.574189750016064,110.69264979459042,6620.703965301305,32.45813391743407,6761.896847842144
1042,6509.897402379434,15.57391723057281,110.35964660147886,6620.257048980913,32.44367378660416,6761.387029952642
1043,6509.783849643496,15.573645573309799,110.02794490748592,6619.811794550982,32.42927763238553,6760.8791522518595
1044,6509.6706421846275,15.573374742068486,109.69754307368743,6619.368185258315,32.41494585206765,6760.373199714809
1045,6509.557765651977,15.573104702516693,109.36843904003692,6618.926204692014,32.40067884505217,6759.869157667991
1046,6509.445206434216,15.572835422091426,109.04063036140464,6618.48583679562,32.38647700626204,6759.36701177286
1047,6509.332951638329,15.572566869948156,108.7141142416476,6618.047065879977,32.37234071972526,6758.8667480107815
1048,6509.2209890694385,15.572299016912533,108.38888756555855,6617.609876634997,32.35827035251447,6758.368352668434
1049,6509.109307210497,15.57203183543181,108.06494692862003,6617.174254139117,32.34426624918581,6757.871812323075
1050,6508.997895204235,15.571765299531663,107.74228866456244,6616.740183868797,32.33032872682137,6757.37711383047
1051,6508.886742833291,15.571499384768638,107.42090887079256,6616.307651704083,32.316458070744076,6756.884244311819
1052,6508.775840499233,15.571234068179983,107.10080343180974,6615.876643931043,32.30265453094132,6756.393191140638
1053,6508.665179204005,15.570969328239245,106.78196804076853,6615.447147244773,32.288918319206964,6755.903941933323
1054,6508.554750526317,15.5707051447998,106.46439821937119,6615.019148745688,32.27524960698759,6755.416484536084
1055,6508.44454660119,15.57044149904591,106.14808933628375,6614.592635937474,32.26164852390183,6754.930807016447
1056,6508.334560095151,15.570178373433375,105.83303662426863,6614.16759671942,32.248115156889796,6754.44689765189
1057,6508.224784183203,15.569915751634458,105.51923519621224,6613.7440193794155,32.23464954994008,6753.9647449216545
1058,6508.115212522297,15.569653618474394,105.20668006020372,6613.3218925825,32.22125170433901,6753.484337496375
1059,6508.005839226947,15.569391959873078,104.89536613379471,6612.901205360741,32.20792157938485,6753.005664231066
1060,6507.896658841819,15.569130762779471,104.58528825753518,6612.481947099354,32.19465909351136,6752.528714156128
1061,6507.7876663144125,15.56887001510625,104.27644120785145,6612.064107522264,32.18146412576782,6752.053476469354
1062,6507.67885696859,15.568609705666482,103.96881970930036,6611.64767667789,32.16833651760663,6751.579940529478
1063,6507.570226476773,15.568349824107113,103.66241844620728,6611.23264492298,32.155276074932644,6751.108095848937
1064,6507.461770831844,15.568090360841731,103.35723207367501,6610.819002905519,32.14228257037413,6750.637932086646
1065,6507.353486320688,15.56783130698729,103.05325522793488,6610.406741548622,32.12935574573571,6750.169439042573
1066,6507.245369496604,15.567572654298097,102.75048253600346,6609.995852032608,32.116495314599206,6749.702606651114
1067,6507.13741715351,15.567314395104091,102.44890862460586,6609.586325778116,32.10370096503727,6749.237424976028
1068,6507.029626299822,15.567056522248377,102.14852812833124,6609.178154428153,32.09097236240789,6748.773884204627
1069,6506.9219941338815,15.566799029028425,101.8493356969938,6608.771329830875,32.07830915219648,6748.31197464293
1070,6506.814518020083,15.566541909138953,101.55132600218647,6608.365844022269,32.065710962873936,6747.85168671077
1071,6506.70719546643,15.566285156618253,101.2544937430283,6607.961689209458,32.0531774087375,6747.393010937466
1072,6506.600024102563,15.566028765795606,100.95883365112321,6607.558857753686,32.04070809270253,6746.935937956942
1073,6506.493001660462,15.565772731245124,100.66434049476327,6607.157342155226,32.028302609013124,6746.480458504433
1074,6506.386125956003,15.565517047741633,100.37100908242367,6606.757135038426,32.01596054584033,6746.026563412832
1075,6506.279394870302,15.565261710216033,100.07883426560892,6606.358229135911,32.00368148773939,6745.574243607577
1076,6506.172806335795,15.565006713721997,99.78781094111802,6605.960617276913,31.991465017938584,6745.123490104946
1077,6506.066358321017,15.564752053399562,99.49793405280226,6605.56429237382,31.979310720436665,6744.674294007719
1078,6505.960048818769,15.564497724446815,99.2091985928907,6605.16924741166,31.96721818188945,6744.226646502879
1079,6505.8538758342875,15.564243722091597,98.92159960295669,6604.7754754372445,31.955186993270306,6743.78053885797
1080,6505.747837377066,15.563990041571929,98.63513217459482,6604.3829695516615,31.94321675129526,6743.335962419796
1081,6505.641931450609,15.563736678111505,98.3497914498691,6603.991722900479,31.93130705960785,6742.892908609772
1082,6505.53615604749,15.563483626907871,98.06557262158566,6603.601728669076,31.919457529724674,6742.451368923378
1083,6505.430509143214,15.563230883117738,97.78247093343148,6603.212980076646,31.90766778174798,6742.01133492725
1084,6505.324988691726,15.562978441846234,97.50048168001092,6602.825470371737,31.895937444855285,6741.572798256857
1085,6505.2195926223285,15.562726298139541,97.21960020680164,6602.43919282913,31.88426615758212,6741.135750614612
1086,6505.114318837956,15.562474446980755,96.93982191004082,6602.054140747997,31.872653567915677,6740.70018376843
1087,6505.009165213504,15.562222883285896,96.66114223654539,6601.670307450049,31.861099333220853,6740.26608954956
1088,6504.904129595801,15.561971601903831,96.38355668346358,6601.287686279265,31.849603120022085,6739.83345985136
1089,6504.799209802803,15.56172059761436,96.10706079794963,6600.906270600753,31.83816460366475,6739.402286626694
1090,6504.694403625719,15.561469865133299,95.83165017675199,6600.526053802471,31.826783467880734,6738.972561887753
1091,6504.5897088299425,15.561219399114695,95.55732046570387,6600.1470292956465,31.81545940428161,6738.544277704272
1092,6504.485123156615,15.560969194154582,95.2840673591063,6599.769190515722,31.804192111801818,6738.1174262020595
1093,6504.380644324643,15.560719244795797,95.01188659899618,6599.392530923639,31.792981296112423,6737.691999561728
1094,6504.276270033799,15.560469545535405,94.74077397429514,6599.017044008094,31.78182666902348,6737.267990018346
1095,6504.171997966101,15.560220090827993,94.47072531983889,6598.64272328594,31.77072794789057,6736.845389859263
1096,6504.067825789158,15.55997087509368,94.20173651529171,6598.269562304449,31.759684855039062,6736.424191423869
1097,6503.963751159132,15.559721892725195,93.93380348395425,6597.897554643086,31.748697117215112,6736.004387102971
1098,6503.859771722279,15.559473138091578,93.66692219147649,6597.5266939137555,31.737764465072516,6735.585969336821
1099,6503.7558851185995,15.55922460554689,93.4010886444924,6597.156973763092,31.726886632699475,6735.168930615334
1100,6503.652088984516,15.558976289436641,93.13629888919273,6596.788387873708,31.716063357188936,6734.753263477481
1101,6503.548380953987,15.558728184100449,92.87254900985589,6596.420929963843,31.70529437825401,6734.338960509248
1102,6503.444758662132,15.558480283880698,92.60983512735578,6596.054593789488,31.694579437887576,6733.926014344299
1103,6503.341219747239,15.558232583127365,92.34815339766584,6595.6893731449045,31.68391828006573,6733.51441766319
1104,6503.2377618520095,15.55798507620098,92.08750001037629,6595.325261862386,31.67331065049224,6733.104163192027
1105,6503.134382626519,15.55773775747971,91.82787118724,6594.962253813759,31.66275629638167,6732.6952437030195
1106,6503.031079728572,15.55749062136022,91.56926318075963,6594.600342909332,31.652254966278285,6732.287652012642
1107,6502.9278508270545,15.55724366226568,91.31167227282545,6594.23952309988,31.641806409907584,6731.881380982978
1108,6502.82469360116,15.556996874643923,91.05509477341036,6593.87978837457,31.631410378057815,6731.476423519121
1109,6502.721605743613,15.55675025297515,90.799527019326,6593.521132762939,31.621066622488126,6731.072772570762
1110,6502.61858496055,15.55650379177165,90.54496537304026,6593.16355033359,31.61077489586143,6730.670421130588
1111,6502.515628972821,15.556257485580911,90.29140622155445,6592.807035194375,31.600534951698975,6730.269362234266
1112,6502.412735517045,15.556011328988145,90.0388459753372,6592.4515814923825,31.590346544354894,6729.869588960326
1113,6502.309902345847,15.55576531661686,89.78728106730927,6592.097183413156,31.580209429008185,6729.471094429342
1114,6502.207127228967,15.5555194431315,89.53670795187412,6591.7438351808405,31.57012336167074,6729.073871804108
1115,6502.104407953556,15.555273703238171,89.28712310398768,6591.391531057544,31.560088099208862,6728.677914289103
1116,6502.001742325003,15.55502809168661,89.03852301826183,6591.040265343265,31.550103399376933,6728.283215130555
1117,6501.899128166317,15.5547826032687,88.7909042080955,6590.690032374412,31.540169020860887,6727.889767615157
1118,6501.796563320717,15.554537232824682,88.54426320482978,6590.340826525547,31.53028472332963,6727.497565072031
1119,6501.694045649236,15.554291975237406,88.29859655692289,6589.992642206159,31.520450267492347,6727.106600869751
1120,6501.591573032862,15.554046825437467,88.05390082914336,6589.645473862005,31.51066541515945,6726.716868417949
1121,6501.4891433725315,15.553801778403185,87.81017260178015,6589.299315974312,31.500929929305244,6726.328361166789
1122,6501.386754589273,15.55355682916094,87.56740846987,6588.954163059143,31.491243574129854,6725.941072606608
1123,6501.284404624296,15.553311972785398,87.32560504244302,6588.61000966674,31.481606115118677,6725.554996267506
1124,6501.182091439737,15.553067204401284,87.08475894178864,6588.266850381526,31.47201731909724,6725.170125719599
1125,6501.079813018728,15.55282251918356,86.84486680274418,6587.924679821472,31.462476954279737,6724.786454572589
1126,6500.977567365928,15.552577912358679,86.60592527200869,6587.583492637937,31.45298479030981,6724.4039764757845
1127,6500.8753525074435,15.552333379204411,86.3679310074849,6587.243283514928,31.443540598292156,6724.022685117499
1128,6500.77316649194,15.552088915052488,86.13088067765193,6586.904047169592,31.434144150814284,6723.642574225634
1129,6500.671007390323,15.551844515287854,85.89477096097059,6586.565778351293,31.4247952219576,6723.263637566809
1130,6500.568873296866,15.551600175351354,85.6595985453232,6586.228471842189,31.415493587297746,6722.885868946934
1131,6500.466762328617,15.551355890738318,85.42536012748883,6585.892122456105,31.406239023894052,6722.509262210045
1132,6500.364672627149,15.55111165700275,85.19205241265425,6585.5567250398035,31.397031310268808,6722.133811239472
1133,6500.262602357636,15.55086746975511,84.95967211396044,6585.222274471596,31.387870226376883,6721.759509956336
1134,6500.160549710571,15.550623324666438,84.72821595208362,6584.888765662655,31.37875555356664,6721.38635232067
1135,6500.0585129014235,15.55037921746752,84.49768065484939,6584.556193556273,31.36968707453314,6721.014332330492
1136,6499.956490170869,15.550135143949447,84.26806295687837,6584.224553127748,31.360664573265268,6720.643444021452
1137,6499.854479786312,15.549891099967255,84.0393595992608,6583.893839385573,31.351687834987764,6720.27368146777
1138,6499.752480041748,15.549647081439588,83.81156732925847,6583.564047371006,31.342756646099716,6719.9050387815405
1139,6499.650489257219,15.549403084347414,83.5846829000308,6583.23517215725,31.333870794110986,6719.537510111633
1140,6499.5485057810265,15.549159104739298,83.35870307038402,6582.90720885141,31.32503006757755,6719.171089645372
1141,6499.4465279887445,15.548915138729054,83.13362460454044,6582.580152593285,31.316234256037372,6718.805771607047
1142,6499.344554284051,15.54867118249773,82.90944427192649,6582.253998555977,31.30748314994749,6718.441550258249
1143,6499.242583099416,15.548427232295253,82.68615884697839,6581.928741946394,31.298776540623564,6718.078419898107
1144,6499.1406128952185,15.548183284438322,82.46376510896361,6581.604378004182,31.290114220182495,6717.716374861976
1145,6499.038642161309,15.547939335314137,82.24225984181807,6581.280902003127,31.28149598148862,6717.355409522603
1146,6498.93666941689,15.54769538138012,82.02163983399807,6580.958309250888,31.272921618104284,6716.995518289642
1147,6498.834693210187,15.547451419163126,81.80190187834694,6580.636595088534,31.264390924244587,6716.636695608998
1148,6498.732712118894,15.547207445260511,81.58304277197624,6580.31575489087,31.255903694736922,6716.278935962976
1149,6498.63072475091,15.54696345634189,81.36505931616178,6579.995784067072,31.24745972498514,6715.922233870758
1150,6498.528729743277,15.546719449146595,81.1479483162541,6579.676678059531,31.239058810938236,6715.566583887112
1151,6498.426725762972,15.546475420485578,80.9317065816041,6579.358432344576,31.230700749063658,6715.211980603002
1152,6498.324711507157,15.546231367242003,80.7163309255034,6579.041042432661,31.222385336324894,6714.858418645675
1153,6498.222685702133,15.54598728636874,80.50181816513944,6578.724503867273,31.214112370163043,6714.505892677482
1154,6498.120647104826,15.545743174891928,80.28816512156564,6578.408812226392,31.205881648482528,6714.154397397291
1155,6498.018594500791,15.545499029906198,80.07536861968491,6578.093963120476,31.19769296964013,6713.80392753841
1156,6497.916526705676,15.545254848578173,79.8634254882476,6577.779952193923,31.189546132437698,6713.454477870027
1157,6497.814442564885,15.545010628145658,79.65233255986173,6577.466775124747,31.18144093611776,6713.106043196859
1158,6497.712340952159,15.544766365914256,79.44208667101546,6577.154427623174,31.17337718036224,6712.7586183577505
1159,6497.6102207710655,15.544522059260922,79.23268466211036,6576.8429054331755,31.16535466529365,6712.412198227203
1160,6497.508080953663,15.544277705630773,79.02412337750448,6576.532204331167,31.15737319147898,6712.066777714101
1161,6497.405920460311,15.54403330253663,78.81639966556418,6576.222320125875,31.14943255993557,6711.722351761595
1162,6497.303738280253,15.543788847560414,78.60951037872333,6575.913248658976,31.141532572139184,6711.378915347782
1163,6497.20153343057,15.543544338350646,78.40345237354883,6575.604985804119,31.133673030033897,6711.0364634847665
1164,6497.0993049561475,15.543299772622362,78.19822251081152,6575.297527466959,31.125853736043396,6710.694991218747
1165,6496.997051929155,15.543055148155872,77.99381765556123,6574.990869584716,31.11807449308382,6710.354493629631
1166,6496.894773449205,15.54281046279714,77.79023467720525,6574.68500812641,31.11033510457776,6710.014965831323
1167,6496.79246864282,15.542565714456506,77.58747044958959,6574.37993909241,31.102635374468942,6709.6764029713495
1168,6496.690136662861,15.542320901107322,77.38552185108217,6574.075658513943,31.0949751072378,6709.338800230428
1169,6496.587776688567,15.542076020786045,77.18438576465763,6573.772162453224,31.087354107917363,6709.002152822664
1170,6496.485387925033,15.541831071590988,76.98405907798349,6573.469447003016,31.079772182109362,6708.666455995192
1171,6496.382969602905,15.541586051681591,76.78453868350707,6573.167508286412,31.072229136000267,6708.331705028013
1172,6496.280520978195,15.54134095927798,76.58582147854369,6572.866342456739,31.06472477637708,6707.99789523398
1173,6496.178041331795,15.541095792659796,76.38790436536519,6572.56594569716,31.0572589106427,6707.665021958455
1174,6496.075529969165,15.540850550165466,76.19078425128967,6572.266314220455,31.049831346830665,6707.333080579168
1175,6495.972986220073,15.540605230191561,75.9944580487718,6571.967444268845,31.04244189361895,6707.002066506087
1176,6495.870409438039,15.54035983119148,75.79892267549394,6571.6693321135335,31.035090360343077,6706.671975181026
1177,6495.767799000379,15.540114351675546,75.60417505445838,6571.371974054837,31.02777655700804,6706.342802077822
1178,6495.665154308124,15.539868790210823,75.41021211408,6571.075366422205,31.02050029429912,6706.014542702406
1179,6495.562474784145,15.539623145416614,75.21703078828023,6570.7795055724255,31.013261383591697,6705.687192591049
1180,6495.459759874955,15.539377415968792,75.02462801658137,6570.484387891536,31.006059636959908,6705.360747312312
1181,6495.357009049477,15.539131600596834,74.83300074420178,6570.190009793679,30.998894867183957,6705.035202465929
1182,6495.25422179803,15.538885698081412,74.64214592215156,6569.896367720182,30.991766887756636,6704.710553681924
1183,6495.151397633138,15.53863970725631,74.45206050732844,6569.6034581404665,30.984675512888685,6704.386796621532
1184,6495.048536088527,15.538393627006045,74.26274146261396,6569.311277551141,30.977620557513163,6704.063926976323
1185,6494.945636719658,15.538147456267124,74.07418575696958,6569.019822476627,30.970601837288978,6703.741940468834
1186,6494.842699101623,15.537901194023021,73.88639036553239,6568.729089467155,30.96361916860375,6703.420832850581
1187,6494.7397228314185,15.537654839309614,73.6993522697104,6568.439075101129,30.956672368575887,6703.100599904434
1188,6494.636707525464,15.537408391209244,73.5130684572771,6568.149775982741,30.949761255056117,6702.781237442235
1189,6494.533652820577,15.537161848853055,73.32753592246512,6567.8611887430425,30.94288564662865,6702.462741305877
1190,6494.430558373238,15.53691521141923,73.1427516660588,6567.573310039296,30.936045362611843,6702.145107366658
1191,6494.327423859206,15.536668478132071,72.95871269548569,6567.286136554691,30.929240223058684,6701.828331524996
1192,6494.224248973107,15.536421648261022,72.77541602490632,6566.999664998013,30.922470048757,6701.512409710106
1193,6494.121033429117,15.53617472112229,72.5928586753032,6566.713892104421,30.91573466122958,6701.19733788077
1194,6494.017776959718,15.535927696075879,72.41103767456774,6566.428814634285,30.90903388273407,6700.883112024178
1195,6493.914479315453,15.535680572525006,72.22995005758602,6566.144429373039,30.90236753626316,6700.569728155784
1196,6493.811140264987,15.535433349916238,72.04959286632301,6565.860733131311,30.895735445544375,6700.2571823194285
1197,6493.707759595128,15.53518602773954,71.86996314990522,6565.577722745033,30.88913743504019,6699.945470587458
1198,6493.604337109346,15.53493860552475,71.6910579647018,6565.2953950740475,30.882573329948062,6699.634589059322
1199,6493.500872629416,15.534691082845494,71.51287437440433,6565.013747003821,30.876042956200596,6699.324533863293
1200,6493.397365993063,15.534443459313549,71.33540945010505,6564.732775443168,30.869546140465822,6699.015301154194
1201,6493.293817055321,15.534195734582108,71.15866027037359,6564.452477325694,30.863082710147435,6698.706887114836
1202,6493.1902256877365,15.533947908343867,70.98262392133245,6564.172849609069,30.856652493385305,6698.399287955295
1203,6493.086591776999,15.533699980327748,70.80729749673075,6563.89388927373,30.85025531905589,6698.092499911622
1204,6492.982915226727,15.533451950303174,70.63267809801688,6563.615593324744,30.84389101677294,6697.786519247706
1205,6492.879195955978,15.533203818076501,70.45876283440944,6563.337958790387,30.837559416888208,6697.481342253851
1206,6492.775433898612,15.532955583489503,70.28554882296679,6563.060982721579,30.83126035049215,6697.17696524622
1207,6492.671629003911,15.53270724642084,70.11303318865502,6562.784662192566,30.824993649414886,6696.8733845675215
1208,6492.567781236157,15.532458806785066,69.94121306441448,6562.508994300571,30.818759146227116,6696.570596586659
1209,6492.463890574014,15.532210264531134,69.77008559122453,6562.233976165238,30.812556674241126,6696.2685976981875
1210,6492.359957009979,15.531961619641097,69.59964791816677,6561.959604928145,30.80638606751189,6695.9673843218225
1211,6492.255980551482,15.531712872132733,69.42989720248657,6561.685877753968,30.80024716083816,6695.666952903614
1212,6492.151961219313,15.531464022055774,69.26083060965284,6561.412791828966,30.794139789763683,6695.367299914438
1213,6492.047899047462,15.531215069491536,69.09244531341602,6561.140344360878,30.788063790578335,6695.068421849894
1214,6491.943794083849,15.530966014554663,68.9247384958645,6560.868532579713,30.782019000319334,6694.770315231102
1215,6491.8396463888175,15.530716857389516,68.75770734747893,6560.597353736296,30.776005256772443,6694.472976603256
1216,6491.735456035738,15.530467598171622,68.59134906718506,6560.326805102923,30.77002239847307,6694.176402536281
1217,6491.631223110777,15.530218237107121,68.42566086240467,6560.056883973181,30.764070264707534,6693.8805896246595
1218,6491.52694771208,15.529968774430813,68.26063994910473,6559.787587661185,30.758148695513974,6693.585534486671
1219,6491.422629949632,15.529719210405819,68.09628355184489,6559.518913501477,30.75225753168347,6693.2912337643
1220,6491.318269946163,15.52946954532575,67.93258890382319,6559.250858849986,30.74639661476085,6692.997684124196
1221,6491.213867834866,15.529219779509248,67.76955324692027,6558.983421081786,30.740565787045604,6692.704882255434
1222,6491.109423761081,15.528969913304023,67.60717383174166,6558.716597592823,30.734764891592476,6692.41282487125
1223,6491.004937880709,15.528719947083035,67.44544791765884,6558.450385798367,30.728993772212043,6692.12150870749
1224,6490.900410361325,15.52846988124719,67.28437277284841,6558.184783134174,30.723252273471132,6691.8309305237735
1225,6490.795841380224,15.528219716220633,67.12394567433006,6557.919787054554,30.717540240693104,6691.541087101569
1226,6490.691231125755,15.52796945245396,66.96416390800272,6557.6553950337575,30.71185751995782,6691.251975245574
1227,6490.586579796631,15.527719090422561,66.80502476867957,6557.39160456531,30.70620395810178,6690.963591783053
1228,6490.481887601103,15.527468630624648,66.64652556012145,6557.128413161225,30.700579402717707,6690.675933563047
1229,6490.377154757607,15.527218073582793,66.4886635950689,6556.865818352676,30.69498370215429,6690.388997457047
1230,6490.272381493952,15.52696741984199,66.33143619527287,6556.603817689224,30.689416705515548,6690.102780358217
1231,6490.167568047539,15.52671666997019,66.17484069152398,6556.342408739063,30.683878262660148,6689.817279181635
1232,6490.062714664631,15.526465824556533,66.01887442368054,6556.081589088311,30.67836822420059,6689.532490863584
1233,6489.9578216011105,15.526214884213182,65.86353474069517,6555.821356341806,30.672886441502094,6689.24841236234
1234,6489.852889120937,15.52596384957162,65.70881900064003,6555.561708121577,30.667432766681564,6688.965040656642
1235,6489.747917497216,15.525712721285206,65.55472457073083,6555.302642067947,30.662007052606256,6688.6823727467845
1236,6489.642907010935,15.52546150002616,65.40124882734956,6555.0441558382845,30.65660915289236,6688.400405653366
1237,6489.537857951918,15.525210186487843,65.24838915606578,6554.786247107984,30.65123892190354,6688.119136418265
1238,6489.4327706177155,15.524958781382095,65.09614295165679,6554.528913569372,30.645896214749317,6687.838562103531
1239,6489.327645313368,15.524707285438678,64.94450761812635,6554.272152931494,30.64058088728332,6687.5586797911765
1240,6489.2224823518045,15.52445569940623,64.79348056872239,6554.015962920527,30.635292796101496,6687.2794865835685
1241,6489.117282054167,15.52420402405303,64.64305922595318,6553.76034128012,30.630031798540198,6687.00097960377
1242,6489.012044747542,15.523952260161584,64.49324102160267,6553.505285769144,30.624797752674308,6686.723155993278
1243,6488.906770766971,15.523700408533424,64.34402339674419,6553.250794163715,30.619590517315075,6686.446012914035
1244,6488.801460454581,15.523448469987034,64.19540380175341,6552.996864256334,30.61440995200812,6686.16954754757
1245,6488.696114158989,15.523196445356433,64.04737969631987,6552.743493855309,30.60925591703117,6685.8937570943945
1246,6488.590732235044,15.522944335490536,63.89994854945749,6552.490680784502,30.604128273391872,6685.618638773756
1247,6488.485315044636,15.52269214125511,63.75310783951406,6552.23842288415,30.599026882825555,6685.344189824441
1248,6488.3798629559315,15.522439863530936,63.60685505417951,6551.986718010111,30.593951607792818,6685.070407504009
1249,6488.2743763424605,15.522187503211628,63.46118769049332,6551.735564032954,30.58890231147717,6684.79728908788
1250,6488.16885558451,15.521935061206962,63.31610325485074,6551.484958839361,30.583878857782622,6684.524831870715
1251,6488.063301068043,15.521682538440295,63.171599263008176,6551.234900331051,30.57888111133113,6684.253033165342
1252,6487.957713184091,15.521429935847106,63.02767324008747,6550.985386424178,30.573908937460143,6683.98189030213
1253,6487.852092329693,15.521177254377255,62.88432272057938,6550.736415050273,30.56896220222003,6683.71140062993
1254,6487.746438907303,15.520924494993547,62.741545248345986,6550.4879841556485,30.564040772371392,6683.441561515464
1255,6487.640753323985,15.520671658669821,62.59933837662227,6550.240091700608,30.55914451538249,6683.172370342521
1256,6487.535035992366,15.52041874639322,62.457699668016815,6549.992735660383,30.554273299426573,6682.903824512889
1257,6487.429287329936,15.520165759162527,62.316626694511626,6549.745914024448,30.549426993379065,6682.635921445647
1258,6487.323507758183,15.519912697986085,62.176117037461026,6549.499624795644,30.544605466814883,6682.368658576289
1259,6487.21769770452,15.519659563886412,62.03616828758983,6549.25386599211,30.539808590005656,6682.102033358635
1260,6487.111857599706,15.519406357894034,61.89677804499057,6549.008635644696,30.53503623391684,6681.836043262235
1261,6487.005987878989,15.519153081050213,61.757943919120095,6548.763931798109,30.5302882702049,6681.5706857735
1262,6486.900088982251,15.518899734407299,61.61966352879514,6548.519752511046,30.52556457121442,6681.305958395829
1263,6486.794161353297,15.518646319027026,61.48193450218734,6548.276095855484,30.52086500997522,6681.041858648876
1264,6486.688205439476,15.51839283597961,61.34475447681741,6548.032959916294,30.516189460199342,6680.778384068161
1265,6486.582221692092,15.518139286344718,61.20812109954848,6547.790342791641,30.511537796278127,6680.515532205451
1266,6486.476210566746,15.51788567121231,61.07203202657892,6547.548242593325,30.50690989327921,6680.25330062909
1267,6486.3701725213305,15.517631991677824,60.936484923434264,6547.306657444765,30.502305626943468,6679.991686921969
1268,6486.264108018352,15.517378248847733,60.80147746495858,6547.06558548331,30.497724873681978,6679.730688683827
1269,6486.158017522826,15.517124443834513,60.66700733530511,6546.825024858132,30.49316751057289,6679.470303529124
1270,6486.0519015032205,15.516870577758901,60.53307222792622,6546.584973731146,30.488633415358372,6679.210529087955
1271,6485.945760431117,15.516616651749084,60.39966984556286,6546.34543027668,30.484122466441423,6678.951363005701
1272,6485.839594780846,15.516362666939823,60.266797900233215,6546.106392681079,30.4796345428827,6678.692802942619
1273,6485.733405029923,15.516108624473501,60.13445411322085,6545.867859143144,30.475169524397398,6678.434846574273
1274,6485.627191657837,15.515854525497218,60.00263621506234,6545.629827872899,30.470727291351885,6678.17749159028
1275,6485.520955147615,15.515600371166542,59.87134194553414,6545.392297093149,30.46630772476062,6677.920735695858
1276,6485.414695983731,15.515346162640505,59.74056905363916,6545.15526503737,30.461910706282772,6677.6645766097
1277,6485.308414653744,15.515091901085512,59.61031529759248,6544.918729951336,30.457536118219,6677.409012065588
1278,6485.202111647687,15.514837587673894,59.48057844480681,6544.682690092494,30.453183843508093,6677.154039811755
1279,6485.095787456725,15.514583223580681,59.35135627187727,6544.447143728602,30.448853765723655,6676.8996576095
1280,6484.989442574917,15.51432880998784,59.22264656456578,6544.2120891394825,30.4445457690708,6676.64586323494
1281,6484.883077498311,15.514074348082083,59.09444711778485,6543.977524616095,30.440259738382743,6676.39265447806
1282,6484.776692724245,15.513819839053216,58.96675573558099,6543.743448459825,30.435995559117426,6676.140029141986
1283,6484.6702887522915,15.51356528409639,58.83957023111755,6543.509858983409,30.43175311735417,6675.8879850439
1284,6484.563866083358,15.513310684409948,58.7128884266572,6543.276754510016,30.42753229979019,6675.636520014104
1285,6484.457425220116,15.513056041196451,58.586708153543945,6543.044133373661,30.423332993737304,6675.385631896418
1286,6484.350966666785,15.512801355662166,58.461027252184664,6542.81199391897,30.419155087118373,6675.135318547935
1287,6484.244490928633,15.51254662901587,58.335843572030285,6542.580334500663,30.414998468464024,6674.885577838482
1288,6484.137998512425,15.512291862469915,58.21115497155644,6542.349153483981,30.410863026909073,6674.636407651036
1289,6484.031489926222,15.512037057239766,58.086959318243956,6542.118449244466,30.40674865218918,6674.387805881489
1290,6483.92496567881,15.511782214542606,57.96325448855868,6541.888220167369,30.402655234637393,6674.1397704380415
1291,6483.818426280148,15.51152733559844,57.840038367931115,6541.658464648079,30.398582665180676,6673.892299241615
1292,6483.711872241671,15.51127242163079,57.71730885073566,6541.429181092406,30.394530835336496,6673.64539022612
1293,6483.605304074832,15.511017473863234,57.59506384026942,6541.200367915101,30.390499637209366,6673.399041336962
1294,6483.498722292463,15.510762493522638,57.47330124873077,6540.972023541193,30.386488963487448,6673.153250532364
1295,6483.392127407667,15.510507481836525,57.352018997197554,6540.744146404865,30.382498707439023,6672.9080157822245
1296,6483.285519934314,15.510252440034243,57.23121501560492,6540.516734949919,30.378528762909127,6672.663335068573
1297,6483.178900387162,15.509997369347277,57.11088724272295,6540.289787629885,30.374579024316137,6672.41920638566
1298,6483.072269280641,15.509742271006319,56.99103362613392,6540.063302906775,30.3706493866483,6672.175627738695
1299,6482.965627130312,15.509487146244766,56.8716521222092,6539.8372792525215,30.366739745460357,6671.9325971452745
1300,6482.858974451589,15.509231996295668,56.75274069608604,6539.611715147676,30.362849996870068,6671.69011263406
1301,6482.752311760303,15.50897682239307,56.634297321643984,6539.386609081947,30.358980037554907,6671.448172245311
1302,6482.645639572459,15.508721625771432,56.51631998148104,6539.16195955394,30.35512976474858,6671.206774030596
1303,6482.538958403937,15.50846640766492,56.39880666688956,6538.937765070827,30.351299076237684,6670.965916052461
1304,6482.432268770808,15.508211169308154,56.28175537783197,6538.71402414864,30.347487870358375,6670.725596384699
1305,6482.3255711893,15.507955911936124,56.1651641229162,6538.490735312216,30.343696045992907,6670.4858131122855
1306,6482.218866174941,15.507700636782154,56.049030919370864,6538.267897094312,30.339923502566386,6670.246564330475
1307,6482.112154243963,15.507445345081251,55.933353793020316,6538.045508036984,30.336170140043382,6670.007848146172
1308,6482.00543591144,15.507190038065646,55.81813077825935,6537.8235666897,30.332435858924555,6669.769662676022
1309,6481.898711692411,15.506934716967491,55.70335991802792,6537.6020716104385,30.328720560243482,6669.532006047498
1310,6481.791982102084,15.50667938301934,55.589039263785374,6537.38102136587,30.325024145563226,6669.29487639907
1311,6481.685247654448,15.506424037450833,55.475166875484746,6537.1604145299325,30.321346516973122,6669.0582718787655
1312,6481.578508863884,15.506168681492545,55.3617408215468,6536.940249685431,30.317687577085522,6668.822190645753
1313,6481.471766243081,15.505913316371007,55.24875917883378,6536.720525421915,30.31404722903246,6668.586630868206
1314,6481.365020305304,15.505657943314125,55.136220032623186,6536.501240337927,30.310425376462547,6668.351590725539
1315,6481.258271562203,15.50540256354594,55.0241214765812,6536.282393038784,30.30682192353764,6668.117068406173
1316,6481.151520525546,15.50514717829078,54.91246161273619,6536.063982138283,30.303236774929715,6667.8830621092275
1317,6481.044767705725,15.504891788769676,54.8012385514518,6535.846006257177,30.299669835817628,6667.649570042983
1318,6480.938013612426,15.504636396201978,54.69045041140008,6535.628464023826,30.296121011883976,6667.4165904255215
1319,6480.8312587547025,15.504381001805509,54.58009531953449,6535.411354074237,30.29259020931196,6667.1841214847445
1320,6480.724503640277,15.504125606794922,54.47017141106262,6535.19467505134,30.289077334782224,6666.952161457642
1321,6480.617748776442,15.503870212383832,54.360676829419,6534.978425605861,30.285582295469762,6666.720708591154
1322,6480.510994668864,15.503614819781973,54.25160972623764,6534.762604395102,30.282104999040836,6666.48976114093
1323,6480.404241822626,15.503359430197671,54.142968261324484,6534.547210083951,30.278645353649836,6666.259317372327
1324,6480.29749074153,15.503104044836196,54.034750602629856,6534.33224134416,30.275203267936334,6666.029375559683
1325,6480.190741928264,15.502848664900155,53.92695492622068,6534.117696854485,30.271778651021947,6665.799933986431
1326,6480.083995883977,15.502593291588461,53.819579416252736,6533.90357530023,30.26837141250737,6665.570990944637
1327,6479.977253109102,15.502337926098331,53.71262226494272,6533.689875374045,30.26498146246935,6665.342544735787
1328,6479.870514102151,15.50208256962237,53.60608167254025,6533.476595774691,30.26160871145776,6665.114593669533
1329,6479.763779361134,15.501827223351995,53.49995584729989,6533.263735208434,30.258253070492565,6664.887136065076
1330,6479.657049381794,15.501571888473192,53.39424300545293,6533.0512923872475,30.25491445106098,6664.660170249363
1331,6479.550324659066,15.501316566170015,53.288941371179305,6532.839266030245,30.25159276511446,6664.433694558493
1332,6479.443605685996,15.501061257622,53.18404917657926,6532.627654862575,30.248287925065867,6664.207707336611
1333,6479.336892954844,15.500805964006805,53.07956466164505,6532.416457616489,30.244999843786577,6663.982206936961
1334,6479.230186955207,15.500550686495709,52.97548607423266,6532.205673029439,30.24172843460362,6663.757191719965
1335,6479.1234881761075,15.50029542625863,52.87181167003329,6531.99529984614,30.238473611296868,6663.532660055282
1336,6479.016797104683,15.500040184460964,52.768539712545,6531.785336817228,30.23523528809621,6663.308610320447
1337,6478.91011422603,15.499784962263229,52.66566847304412,6531.575782699074,30.232013379678754,6663.085040900676
1338,6478.803440024262,15.499529760823593,52.56319623055681,6531.366636254819,30.2288078011661,6662.861950189892
1339,6478.696774981148,15.499274581294614,52.4611212718305,6531.157896252978,30.22561846812154,6662.639336589307
1340,6478.590119577029,15.499019424825429,52.359441891305195,6530.949561468335,30.222445296547406,6662.417198508316
1341,6478.4834742905205,15.498764292561054,52.25815639108502,6530.741630681606,30.21928820288226,6662.195534364144
1342,6478.37683959823,15.498509185641698,52.157263080909445,6530.534102679139,30.216147103998356,6661.974342581532
1343,6478.270215975137,15.498254105203678,52.0567602781248,6530.326976253262,30.213021917198837,6661.753621593077
1344,6478.1636038939405,15.497999052377848,51.95664630765542,6530.120250201596,30.20991256021523,6661.533369838532
1345,6478.057003825911,15.497744028291653,51.85691950197515,6529.913923327887,30.206818951204745,6661.313585765627
1346,6477.9504162404755,15.497489034068124,51.75757820107856,6529.707994441555,30.2037410087477,6661.094267829607
1347,6477.843841604566,15.49723407082432,51.65862075245236,6529.502462357018,30.20067865184497,6660.875414492543
1348,6477.737280383625,15.496979139673744,51.56004551104658,6529.297325894671,30.197631799915456,6660.657024224303
1349,6477.63073304058,15.496724241723875,51.46185083924607,6529.092583879826,30.194600372793495,6660.439095501478
1350,6477.524200036991,15.496469378078926,51.364035106841676,6528.888235143832,30.19158429072642,6660.221626808492
1351,6477.417681831821,15.496214549836893,51.26659669100167,6528.684278522823,30.188583474372063,6660.004616636341
1352,6477.3111788823035,15.495959758091635,51.16953397624309,6528.480712858546,30.18559784479623,6659.78806348341
1353,6477.204691643302,15.495705003931345,51.07284535440307,6528.277536997705,30.182627323470385,6659.571965854801
1354,6477.098220567655,15.495450288439365,50.97652922461023,6528.074749792265,30.179671832269122,6659.356322262635
1355,6476.99176610607,15.495195612693948,50.880583993256145,6527.8723500993265,30.17673129346784,6659.1411312259115
1356,6476.885328707229,15.49494097776849,50.785008073966644,6527.670336781195,30.173805629740286,6658.926391270566
1357,6476.778908817381,15.494686384730578,50.68979988757336,6527.468708704954,30.170894764156323,6658.712100929034
1358,6476.672506880664,15.494431834642736,50.59495786208519,6527.267464742748,30.167998620179496,6658.498258740529
1359,6476.56612333887,15.49417732856189,50.50048043265973,6527.06660377153,30.165117121664743,6658.284863250772
1360,6476.4597586319005,15.493922867540432,50.40636604157483,6526.8661246734755,30.162250192856135,6658.0719130124
1361,6476.353413197059,15.493668452624544,50.312613138200284,6526.66602633526,30.159397758384593,6657.859406584233
1362,6476.247087469313,15.493414084854814,50.21922017896923,6526.466307648282,30.156559743265635,6657.647342531488
1363,6476.140781881479,15.493159765266695,50.126185627349955,6526.266967508828,30.153736072897132,6657.435719425931
1364,6476.034496864342,15.49290549489077,50.033507953817434,6526.068004818159,30.150926673057146,6657.224535845958
1365,6475.92823284572,15.492651274750527,49.94118563582518,6525.869418481546,30.148131469901685,6657.013790375619
1366,6475.821990251639,15.492397105865166,49.84921715777692,6525.671207409417,30.14535038996257,6656.803481605753
1367,6475.715769505463,15.492142989247519,49.757601010998386,6525.473370516462,30.1425833601453,6656.593608133094
1368,6475.609571028161,15.491888925904691,49.666335693709236,6525.275906721869,30.13983030772688,6656.384168560481
1369,6475.503395238426,15.491634916838338,49.57541971099489,6525.07881494942,30.13709116035377,6656.175161496959
1370,6475.397242552623,15.491380963044552,49.48485157477851,6524.882094127401,30.134365846039742,6655.966585557673
1371,6475.291113384521,15.491127065513208,49.394629803792974,6524.685743188314,30.131654293163848,6655.758439363576
1372,6475.1850081452785,15.490873225227938,49.30475292355293,6524.489761068831,30.12895643046834,6655.550721541368
1373,6475.078927244194,15.49061944316793,49.2152194663269,6524.294146710521,30.126272187056664,6655.343430724218
1374,6474.97287108755,15.490365720305142,49.12602797110946,6524.098899058659,30.123601492391426,6655.136565550562
1375,6474.86684007943,15.490112057606293,49.037176983593405,6523.904017063024,30.120944276292438,6654.9301246648965
1376,6474.760834621436,15.489858456032142,48.94866505614205,6523.709499677578,30.118300468934667,6654.724106717444
1377,6474.654855112401,15.489604916536843,48.86049074776157,6523.515345860163,30.11567000084636,6654.518510363844
1378,6474.548901949218,15.4893514400699,48.772652624073345,6523.321554573291,30.113052802907028,6654.313334265937
1379,6474.442975525454,15.489098027572856,48.685149257286426,6523.128124782741,30.11044880634561,6654.108577090345
1380,6474.337076233127,15.488844679983558,48.59797922617009,6522.9350554592975,30.10785794273849,6653.90423751021
1381,6474.231204460844,15.488591398231685,48.51114111602634,6522.74234557687,30.105280144007626,6653.700314203304
1382,6474.125360595225,15.488338183242165,48.424633518662574,6522.549994113888,30.102715342418698,6653.49680585341
1383,6474.01954502026,15.488085035933636,48.338455032364315,6522.358000052624,30.10016347057929,6653.293711149644
1384,6473.913758116943,15.487831957217567,48.25260426186789,6522.166362378812,30.097624461436936,6653.091028786062
1385,6473.808000264638,15.487578948001527,48.16707981833343,6521.9750800829715,30.095098248277463,6652.888757462979
1386,6473.702271839324,15.487326009184985,48.081880319317506,6521.7841521586415,30.092584764723014,6652.6868958851865
1387,6473.59657321454,15.487073141661577,47.997004388746404,6521.593577603286,30.090083944730402,6652.4854427628625
1388,6473.490904761502,15.486820346319382,47.91245065688888,6521.403355418391,30.087595722589278,6652.284396811654
1389,6473.385266848849,15.486567624040308,47.828217760329494,6521.2134846091785,30.085120032920358,6652.083756752382
1390,6473.279659842174,15.48631497569898,47.7443043419416,6521.023964184115,30.082656810673708,6651.883521310546
1391,6473.174084105353,15.486062402165917,47.660709050860746,6520.834793156214,30.080205991127013,6651.683689217616
1392,6473.068539998637,15.48580990430296,47.57743054245787,6520.645970541094,30.077767509883884,6651.484259209089
1393,6472.9630278804225,15.485557482967518,47.49446747831276,6520.457495358735,30.075341302872125,6651.285230026229
1394,6472.857548106165,15.485305139009965,47.41181852618748,6520.269366632353,30.072927306342116,6651.086600414941
1395,6472.75210102876,15.485052873274546,47.32948235999993,6520.08158338876,30.070525456865067,6650.8883691261235
1396,6472.646686998886,15.484800686600206,47.24745765979746,6519.894144658684,30.0681356913314,6650.690534915976
1397,6472.541306363591,15.484548579817202,47.165743111730485,6519.707049475321,30.06575794694914,6650.493096544549
1398,6472.435959468565,15.484296553752547,47.084337408026336,6519.520296876591,30.063392161242284,6650.296052777994
1399,6472.330646656296,15.48404460922559,47.003239246963005,6519.333885903259,30.06103827204916,6650.099402386673
1400,6472.225368266523,15.4837927470491,46.92244733284311,6519.147815599366,30.058696217520836,6649.903144145582
1401,6472.12012463621,15.48354096802921,46.84196037596786,6518.962085012177,30.056365936119562,6649.707276834298
1402,6472.014916100555,15.483289272967834,46.761777092611055,6518.776693193166,30.054047366617205,6649.51179923795
1403,6471.909742991244,15.483037662658477,46.681896204993336,6518.591639196236,30.051740448093646,6649.316710145444
1404,6471.804605637823,15.48278613788953,46.60231644125627,6518.40692207908,30.049445119935278,6649.122008350798
1405,6471.699504366973,15.48253469944252,46.523036535436695,6518.2225409024095,30.047161321833485,6648.927692652385
1406,6471.594439502918,15.482283348093105,46.44405522744112,6518.038494730359,30.04488899378309,6648.733761853316
1407,6471.4894113672635,15.482032084610678,46.365371263020066,6517.854782630284,30.042628076080835,6648.540214761236
1408,6471.384420278908,15.481780909758152,46.28698339374269,6517.671403672651,30.04037850932395,6648.34705018821
1409,6471.279466554147,15.481529824292217,46.20889037697128,6517.488356931118,30.038140234408615,6648.154266950795
1410,6471.174550506537,15.481278828963008,46.131090975835974,6517.305641482373,30.035913192528525,6647.961863869872
1411,6471.069672447322,15.481027924515123,46.053583959209554,6517.123256406531,30.033697325173378,6647.769839771036
1412,6470.964832685091,15.480777111686821,45.97636810168215,6516.941200786773,30.031492574127494,6647.578193484228
1413,6470.86003152559,15.480526391209546,45.89944218353631,6516.759473709126,30.029298881468357,6647.386923843513
1414,6470.7552692719855,15.480275763808578,45.82280499072182,6516.578074262708,30.027116189565135,6647.196029687316
1415,6470.650546224789,15.480025230202845,45.74645531483087,6516.39700153962,30.02494444107733,6647.005509858306
1416,6470.5458626823865,15.479774791106188,45.670391953073164,6516.216254635459,30.022783578953387,6646.815363203907
1417,6470.441218940067,15.47952444722504,45.594613708251146,6516.035832648318,30.020633546429217,6646.625588575285
1418,6470.336615290707,15.479274199260066,45.51911938873527,6515.855734679442,30.018494287026893,6646.43618482801
1419,6470.2320520244875,15.479024047905472,45.44390780843938,6515.675959832927,30.016365744553212,6646.247150821734
1420,6470.127529429243,15.478773993849863,45.368977786796236,6515.496507216039,30.01424786309839,6646.058485420517
1421,6470.023047789824,15.478524037774699,45.294328148732944,6515.317375938557,30.012140587034693,6645.870187492158
1422,6469.918607388729,15.47827418035581,45.21995772464658,6515.138565113375,30.010043861015056,6645.6822559087905
1423,6469.81420850619,15.478024422263612,45.14586535038001,6514.96007385657,30.00795762997178,6645.494689546947
1424,6469.709851418995,15.477774764160275,45.07204986719746,6514.781901286192,30.005881839115208,6645.307487286343
1425,6469.605536402417,15.477525206704346,44.99851012176051,6514.604046524178,30.0038164339324,6645.1206480117835
1426,6469.501263728369,15.477275750546337,44.92524496610397,6514.426508694473,30.001761360185824,6644.934170611282
1427,6469.397033666537,15.477026396331429,44.85225325761189,6514.249286924149,29.999716563912067,6644.748053977166
1428,6469.292846484204,15.476777144699053,44.7795338589936,6514.072380343198,29.997681991420514,6644.562297005878
1429,6469.188702445619,15.476527996281385,44.70708563825995,6513.895788083879,29.99565758929213,6644.376898597299
1430,6469.084601812904,15.476278951705511,44.634907468699495,6513.719509281604,29.993643304378093,6644.191857655648
1431,6468.980544845643,15.476030011592446,44.562998228854795,6513.543543074497,29.99163908379865,6644.007173089021
1432,6468.876531800506,15.475781176556234,44.49135680249889,6513.367888603005,29.989644874941753,6643.822843809001
1433,6468.772562932325,15.475532447206518,44.419982078611696,6513.192545010937,29.987660625461842,6643.638868731696
1434,6468.668638492072,15.475283824143714,44.34887295135659,6513.017511443429,29.985686283278653,6643.455246775691
1435,6468.564758730251,15.475035307967108,44.278028320057025,6512.842787050308,29.983721796575896,6643.271976865413
1436,6468.460923892759,15.474786899264974,44.20744708917327,6512.668370981932,29.981767113800153,6643.089057926963
1437,6468.357134224444,15.474538598623072,44.13712816827914,6512.494262392724,29.97982218365949,6642.906488891643
1438,6468.253389967165,15.474290406620012,44.067070472038914,6512.320460439204,29.977886955122415,6642.724268693986
1439,6468.14969136023,15.4740423238283,43.997272920184265,6512.146964280414,29.975961377416596,6642.542396272176
1440,6468.0460386403265,15.473794350814178,43.92773443749121,6511.973773077818,29.974045400027627,6642.360870567938
1441,6467.94243204202,15.473546488138805,43.858453953757326,6511.800885995777,29.972138972697927,6642.179690527013
1442,6467.838871797199,15.473298736356936,43.7894304037788,6511.628302200978,29.9702420454255,6641.998855098579
1443,6467.735358135638,15.473051096018274,43.720662727327806,6511.456020862966,29.968354568462768,6641.8183632357795
1444,6467.631891284022,15.472803567665123,43.65214986912967,6511.2840411531515,29.966476492315405,6641.638213894724
1445,6467.528471466975,15.472556151834869,43.58389077884044,6511.112362245815,29.964607767741192,6641.458406035489
1446,6467.425098906859,15.47230884905947,43.51588441102426,6510.940983317883,29.962748345748828,6641.278938621891
1447,6467.321773823143,15.472061659863979,43.44812972513097,6510.769903548275,29.96089817759679,6641.099810620821
1448,6467.218496433221,15.47181458476847,43.38062568547372,6510.599122118695,29.95905721479223,6640.9210210030415
1449,6467.115266952302,15.471567624287802,43.31337126120668,6510.428638213509,29.95722540908977,6640.74256874305
1450,6467.01208559244,15.471320778929282,43.246365426302816,6510.258451018743,29.95540271249042,6640.564452818076
1451,6466.908952563892,15.471074049195913,43.17960715953183,6510.088559723424,29.953589077240444,6640.38667220942
1452,6466.8058680746635,15.470827435585319,43.11309544443796,6509.918963519101,29.951784455830218,6640.209225901963
1453,6466.7028323295735,15.470580938587496,43.04682926931811,6509.749661598892,29.94998880099314,6640.032112883212
1454,6466.599845531785,15.470334558688482,42.9808076271999,6509.580653158985,29.948202065704507,6639.8553321448
1455,6466.496907881919,15.470088296368226,42.91502951581981,6509.411937397738,29.946424203180428,6639.678882681573
1456,6466.394019578416,15.469842152101474,42.84949393760144,6509.243513516018,29.944655166876714,6639.502763491932
1457,6466.291180816943,15.469596126356322,42.78419989963383,6509.075380716577,29.942894910487794,6639.326973577198
1458,6466.188391791173,15.469350219596107,42.71914641364987,6508.907538204822,29.941143387945587,6639.151511942386
1459,6466.0856526923935,15.469104432278453,42.65433249600467,6508.739985188398,29.939400553418537,6638.976377595769
1460,6465.982963709286,15.468858764854751,42.589757167654234,6508.57272087694,29.937666361310367,6638.80156954864
1461,6465.88032502878,15.468613217772202,42.52541945413399,6508.405744482914,29.935940766259154,6638.627086816141
1462,6465.777736834982,15.468367791471248,42.461318385537474,6508.239055220519,29.934223723136185,6638.452928416161
1463,6465.675199310181,15.468122486387992,42.39745299649515,6508.072652306676,29.932515187044935,6638.279093370322
1464,6465.572712633959,15.467877302952054,42.33382232615318,6507.906534960112,29.93081511331998,6638.105580703054
1465,6465.470276983847,15.46763224158815,42.2704254181524,6507.740702401999,29.92912345752593,6637.932389442237
1466,6465.367892535041,15.46738730271541,42.20726132060725,6507.575153855649,29.927440175456468,6637.759518618885
1467,6465.265559460738,15.467142486748177,42.14432908608487,6507.409888546823,29.925765223133226,6637.586967267453
1468,6465.1632779314,15.46689779409426,42.081627771584245,6507.244905702984,29.924098556804744,6637.414734425085
1469,6465.0610481158,15.466653225157417,42.019156438515346,6507.080204554315,29.9224401329455,6637.242819132628
1470,6464.958870180093,15.46640878033515,41.956914152678465,6506.915784332771,29.920789908254825,6637.07122043368
1471,6464.856744288349,15.466164460019973,41.89489998424358,6506.751644272592,29.9191478396559,6636.899937375095
1472,6464.754670602531,15.465920264599358,41.83311300772972,6506.587783610261,29.91751388429475,6636.728969006943
1473,6464.652649282136,15.46567619445487,41.77155230198453,6506.42420158412,29.915887999539176,6636.558314382116
1474,6464.550680485054,15.465432249964243,41.71021695016378,6506.260897435218,29.914270142977834,6636.387972557171
1475,6464.4487643665125,15.465188431498834,41.6491060397111,6506.097870406224,29.912660272419117,6636.217942591246
1476,6464.346901079565,15.464944739424798,41.58821866233758,6505.935119741903,29.911058345890247,6636.048223546525
1477,6464.24509077551,15.464701174104091,41.52755391400164,6505.772644689512,29.90946432163622,6635.878814488629
1478,6464.143333602931,15.46445773589218,41.46711089488888,6505.61044449782,29.90787815811885,6635.709714485637
1479,6464.041629708908,15.464214425140927,41.406888709392,6505.4485184182995,29.9062998140157,6635.540922609268
1480,6463.939979237947,15.463971242196045,41.346886466090815,6505.286865704038,29.904729248219223,6635.372437933792
1481,6463.838382332731,15.463728187398878,41.28710327773234,6505.125485610463,29.903166419835628,6635.204259536748
1482,6463.7368391332275,15.463485261084276,41.22753826121092,6504.964377394438,29.901611288184043,6635.036386498039
1483,6463.63534977883,15.463242463585717,41.16819053754845,6504.803540316378,29.90006381279545,6634.868817902038
1484,6463.533914404891,15.462999795227013,41.1090592318747,6504.642973636766,29.89852395341172,6634.701552834107
1485,6463.432533146048,15.462757256330258,41.05014347340767,6504.482676619456,29.896991669984686,6634.534590383889
1486,6463.331206134572,15.462514847211896,40.991442395434,6504.3226485300065,29.89546692267513,6634.367929643643
1487,6463.229933500221,15.462272568182346,40.9329551352895,6504.16288863551,29.893949671851857,6634.201569708066
1488,6463.128715371635,15.462030419549366,40.87468083433969,6504.003396205974,29.892439878090734,6634.035509675669
1489,6463.027551874524,15.461788401613694,40.81661863796057,6503.844170512484,29.890937502173703,6633.86974864694
1490,6462.926443133171,15.461546514672659,40.75876769551917,6503.68521082869,29.889442505087885,6633.704285725823
1491,6462.825389269445,15.46130475901781,40.701127160354446,6503.526516429799,29.88795484802457,6633.539120018706
1492,6462.7243904036995,15.46106313493708,40.643696189758145,6503.3680865934575,29.88647449237832,6633.374250635303
1493,6462.6234466536835,15.460821642712162,40.58647394495569,6503.209920598639,29.885001399746038,6633.209676687534
1494,6462.522558136021,15.46058028262206,40.529459591087246,6503.052017727108,29.88353553192598,6633.045397290986
1495,6462.421724964603,15.46033905493924,40.472652297188674,6502.894377261791,29.88207685091683,6632.8814115632795
1496,6462.320947251743,15.4600979599324,40.41605123617282,6502.736998487916,29.880625318916863,6632.717718625205
1497,6462.220225107501,15.459856997864836,40.35965558481066,6502.579880692312,29.87918089832287,6632.5543176000165
1498,6462.119558640801,15.459616168997131,40.303464523712556,6502.423023164513,29.87774355172933,6632.391207614536
1499,6462.018947957709,15.459375473583037,40.247477237309646,6502.266425195019,29.87631324192749,6632.228387797404
1500,6461.918393162853,15.459134911872855,40.19169291383528,6502.110086076688,29.87488993190443,6632.065857280472
1501,6461.817894359108,15.4588944841127,40.1361107453065,6501.954005104415,29.873473584842113,6631.903615198478
1502,6461.717451646981,15.458654190543017,40.08072992750557,6501.798181574487,29.872064164116534,6631.7416606883935
1503,6461.617065125729,15.458414031401265,40.02554965996168,6501.642614785691,29.87066163329677,6631.579992890532
1504,6461.516734892285,15.458174006919343,39.97056914593256,6501.487304038217,29.869265956144112,6631.418610947444
1505,6461.416461041843,15.457934117324983,39.91578759238632,6501.3322486342295,29.86787709661114,6631.257514004488
1506,6461.316243667927,15.45769436284193,39.861204209983256,6501.17744787791,29.866495018840816,6631.096701209867
1507,6461.216082861973,15.45745474368893,39.806818213057795,6501.02290107503,29.865119687165624,6630.9361717142
1508,6461.115978713662,15.457215260080531,39.75262881960043,6500.868607533263,29.86375106610663,6630.7759246708265
1509,6461.015931311203,15.456975912227758,39.6986352512398,6500.714566562442,29.86238912037266,6630.615959236063
1510,6460.91594074059,15.45673670033634,39.64483673322477,6500.560777473815,29.861033814859333,6630.4562745684525
1511,6460.81600708643,15.456497624608684,39.5912324944067,6500.407239580836,29.859685114648247,6630.296869829556
1512,6460.716130430843,15.45625868524125,39.53782176722157,6500.253952198064,29.858342985006058,6630.137744182841
1513,6460.616310855399,15.456019882429185,39.48460378767245,6500.1009146430715,29.85700739138363,6629.97889679559
1514,6460.516548438659,15.455781216360428,39.43157779531176,6499.9481262339705,29.855678299415146,6629.820326836426
1515,6460.416843258206,15.45554268722059,39.378743033223806,6499.7955862914305,29.854355674917226,6629.662033477321
1516,6460.3171953895435,15.455304295190295,39.3260987480073,6499.643294137551,29.853039483888104,6629.504015892464
1517,6460.217604906949,15.455066040447248,39.273644189757945,6499.491249096707,29.85172969250671,6629.3462732591115
1518,6460.118071882385,15.4548279231636,39.22137861205111,6499.339450494436,29.850426267131844,6629.18880475646
1519,6460.018596386526,15.454589943508436,39.16930127192454,6499.18789765845,29.84912917430128,6629.031609566661
1520,6459.919178487935,15.454352101645778,39.117411429861185,6499.036589917796,29.84783838073098,6628.874686873975
1521,6459.819818254254,15.454114397737449,39.06570834977207,6498.8855266040255,29.84655385331415,6628.718035865942
1522,6459.720515750672,15.453876831939407,39.01419129897922,6498.734707049652,29.845275559120473,6628.561655731825
1523,6459.621271041458,15.453639404405402,38.96285954819864,6498.584130589657,29.844003465395186,6628.405545664126
1524,6459.522084188437,15.45340211528334,38.911712371523464,6498.43379655996,29.84273753955832,6628.2497048570385
1525,6459.422955252404,15.45316496471867,38.86074904640701,6498.283704298811,29.841477749203772,6628.0941325078475
1526,6459.323884292469,15.452927952852797,38.809968853646055,6498.133853146115,29.84022406209852,6627.938827816244
1527,6459.224871365975,15.452691079822905,38.75937107736409,6497.984242443339,29.83897644618179,6627.78378998423
1528,6459.125916528728,15.452454345762508,38.7089550049946,6497.834871533723,29.83773486956418,6627.6290182163275
1529,6459.027019834911,15.452217750801221,38.65871992726461,6497.685739762175,29.836499300526896,6627.474511719467
1530,6458.928181337278,15.45198129506526,38.608665138178054,6497.5368464754565,29.835269707520837,6627.320269703172
1531,6458.829401086819,15.4517449786766,38.55878993499938,6497.388191021819,29.83404605916585,6627.166291379191
1532,6458.730679133302,15.451508801754311,38.50909361823706,6497.239772751539,29.832828324249874,6627.012575962026
1533,6458.632015524385,15.451272764412403,38.45957549162742,6497.091591016012,29.83161647172813,6626.859122668029
1534,6458.5334103068535,15.451036866762808,38.41023486211832,6496.943645168972,29.83041047072229,6626.705930716614
1535,6458.434863525492,15.45080110891266,38.36107103985293,6496.795934565344,29.82921029051966,6626.552999329105
1536,6458.336375223874,15.450565490966206,38.31208333815365,6496.648458562027,29.82801590057244,6626.400327729518
1537,6458.237945444096,15.450330013024153,38.26327107350605,6496.501216517602,29.82682727049679,6626.247915144263
1538,6458.139574226302,15.450094675182541,38.214633565542904,6496.354207791845,29.82564437007214,6626.095760801659
1539,6458.04126160965,15.449859477535048,38.16617013702823,6496.207431746679,29.82446716924033,6625.943863932874
1540,6457.943007631773,15.449624420171705,38.11788011384149,6496.060887745614,29.82329563810482,6625.79222377137
1541,6457.844812328725,15.449389503178768,38.06976282496176,6495.914575153687,29.822129746929907,6625.640839552832
1542,6457.74667573505,15.449154726638877,38.021817602452,6495.768493337502,29.82096946613993,6625.48971051521
1543,6457.648597884015,15.448920090631614,37.97404378144349,6495.622641665458,29.81981476631845,6625.338835898943
1544,6457.550578807408,15.448685595233034,37.92644070012011,6495.477019507528,29.8186656182075,6625.188214946731
1545,6457.4526185356535,15.448451240515917,37.87900769970295,6495.331626235356,29.817521992706766,6625.03784690363
1546,6457.354717097861,15.448217026549907,37.831744124434785,6495.186461222295,29.81638386087286,6624.887731017092
1547,6457.256874521234,15.44798295340008,37.784649321564665,6495.041523842799,29.815251193918456,6624.737866536344
1548,6457.159090832321,15.447749021129956,37.73772264133263,6494.896813473654,29.81412396321159,6624.588252713625
1549,6457.06136605604,15.447515229799139,37.69096343695449,6494.752329492995,29.81300214027484,6624.438888803191
1550,6456.963700215478,15.447281579462866,37.64437106460656,6494.608071280084,29.811885696784593,6624.289774061097
1551,6456.866093332806,15.447048070174176,37.59794488341058,6494.464038216216,29.810774604570216,6624.140907746097
1552,6456.768545429309,15.446814701983993,37.551684255418614,6494.320229684728,29.809668835613365,6623.992289119646
1553,6456.671056524079,15.446581474937988,37.505588545598144,6494.176645069678,29.80856836204714,6623.843917444583
1554,6456.573626635296,15.446348389079656,37.45965712181706,6494.033283757113,29.807473156155446,6623.695791986389
1555,6456.476255779867,15.446115444449442,37.41388935482878,6493.890145134696,29.806383190372053,6623.547912012814
1556,6456.378943973426,15.445882641084753,37.368284618257555,6493.747228591684,29.80529843728005,6623.400276793852
1557,6456.281691230024,15.445649979019196,37.32284228858362,6493.604533518608,29.804218869610917,6623.252885601416
1558,6456.184497562615,15.445417458283769,37.277561745128644,6493.462059307744,29.80314446024388,6623.105737709805
1559,6456.087362983368,15.445185078907578,37.23244237004102,6493.319805353409,29.80207518220513,6622.9588323960015
1560,6455.9902875022235,15.44495284091441,37.18748354828137,6493.177771050505,29.801011008667082,6622.812168938207
1561,6455.8932711286925,15.444720744327016,37.14268466760811,6493.0359557963,29.79995191294764,6622.665746617622
1562,6455.796313870602,15.444488789164119,37.098045118562986,6492.894358989165,29.798897868509417,6622.519564717181
1563,6455.699415734898,15.44425697544234,37.05356429445675,6492.752980029355,29.79784884895908,6622.373622522327
1564,6455.602576726849,15.44402530317428,37.00924159135489,6492.611818318204,29.796804828046564,6622.227919320207
1565,6455.505796850937,15.443793772370663,36.96507640806344,6492.470873259001,29.795765779664332,6622.082454400541
1566,6455.409076110301,15.443562383038996,36.92106814611475,6492.330144256415,29.794731677846677,6621.937227055048
1567,6455.312414506725,15.443331135183552,36.8772162097535,6492.189630716479,29.79370249676898,6621.792236577424
1568,6455.215812041314,15.443100028806972,36.83352000592262,6492.049332047237,29.792678210747013,6621.647482263987
1569,6455.119268713381,15.44286906390761,36.789978944249356,6491.90924765763,29.791658794236184,6621.502963412557
1570,6455.022784521344,15.442638240481685,36.746592437031346,6491.769376958376,29.790644221830846,6621.35867932334
1571,6454.926359462622,15.44240755852302,36.70335989922283,6491.629719361845,29.789634468263564,6621.214629298791
1572,6454.829993533534,15.442177018022809,36.660280748420874,6491.490274281955,29.788629508404437,6621.070812643514
1573,6454.733686728631,15.441946618968018,36.61735440485166,6491.351041133483,29.787629317260357,6620.927228663565
1574,6454.63743904232,15.441716361345263,36.57458029135685,6491.212019333677,29.786633869974317,6620.783876668065
1575,6454.541250466893,15.441486245136108,36.53195783338003,6491.073208300273,29.785643141824707,6620.640755967211
1576,6454.4451209945655,15.441256270321928,36.48948645895317,6490.934607453519,29.784657108224607,6620.497865874296
1577,6454.349050615573,15.441026436879362,36.447165598683206,6490.796216214257,29.783675744721123,6620.355205703793
1578,6454.253039319418,15.440796744783297,36.40499468573866,6490.658034005157,29.782699026994635,6620.2127747725835
1579,6454.1570870949035,15.440567194006947,36.36297315583627,6490.52006025074,29.781726930858166,6620.070572399974
1580,6454.0611939291575,15.440337784519516,36.32110044722783,6490.382294376385,29.780759432256623,6619.928597906702
1581,6453.965359808437,15.440108516288127,36.27937600068685,6490.244735809124,29.779796507266198,6619.786850615732
1582,6453.869584718009,15.439879389277532,36.23779925949559,6490.1073839775045,29.778838132093618,6619.645329852112
1583,6453.773868642347,15.43965040345059,36.196369669431846,6489.970238311779,29.777884283075483,6619.504034943157
1584,6453.6782115646,15.439421558766986,36.15508667875608,6489.833298243356,29.776934936677605,6619.362965217903
1585,6453.582613466625,15.439192855183313,36.113949738198315,6489.696563204823,29.77599006949429,6619.2221200071235
1586,6453.487074330182,15.438964292655937,36.07295830094544,6489.560032631127,29.77504965824773,6619.081498644505
1587,6453.391594135292,15.43873587113706,36.03211182262824,6489.42370595792,29.774113679787263,6618.941100464995
1588,6453.296172860926,15.438507590576378,35.991409761308695,6489.287582622235,29.773182111088747,6618.800924805471
1589,6453.2008104853485,15.438279450921886,35.95085157746732,6489.151662062815,29.77225492925391,6618.66097100507
1590,6453.105506985887,15.438051452119346,35.91043673399049,6489.015943719877,29.771332111509658,6618.521238404945
1591,6453.010262339038,15.43782359411253,35.87016469615786,6488.880427035196,29.7704136352074,6618.381726348348
1592,6452.915076519648,15.437595876841264,35.830034931629896,6488.745111451278,29.76949947782246,6618.242434179805
1593,6452.8199495026465,15.437368300245566,35.7900469104354,6488.609996413082,29.768589616953328,6618.103361246829
1594,6452.724881260936,15.437140864260613,35.75020010495915,6488.475081365895,29.767684030321107,6617.964506897792
1595,6452.6298717673535,15.43691356882142,35.71049398992952,6488.340365757283,29.766782695768807,6617.825870483877
1596,6452.534920993533,15.436686413860127,35.6709280424063,6488.2058490359395,29.76588559126069,6617.687451357923
1597,6452.440028909855,15.436459399305873,35.63150174176843,6488.071530651623,29.76499269488168,6617.549248874358
1598,6452.345195486504,15.43623252508733,35.59221456970189,6487.937410056206,29.764103984836666,6617.411262390246
1599,6452.250420691981,15.436005791129142,35.55306601018757,6487.803486702169,29.76321943944992,6617.273491263776
1600,6452.155704494553,15.435779197355389,35.51405554948935,6487.669760044042,29.762339037164416,6617.135934855707
1601,6452.061046861259,15.435552743687222,35.47518267614204,6487.536229537401,29.76146275654122,6616.998592528355
1602,6451.96644775811,15.435326430043325,35.43644688093955,6487.40289463905,29.76059057625885,6616.861463645776
1603,6451.871907150746,15.435100256341498,35.39784765692299,6487.2697548076685,29.75972247511268,6616.7245475744085
1604,6451.777425003687,15.434874222496859,35.35938449936898,6487.136809503057,29.75885843201426,6616.587843682319
1605,6451.683001280708,15.434648328422746,35.32105690577784,6487.004058186486,29.757998425990753,6616.451351339546
1606,6451.588635944559,15.434422574030046,35.282864375861976,6486.871500320422,29.75714243618429,6616.315069917823
1607,6451.494328956917,15.434196959227075,35.24480641153432,6486.739135368452,29.756290441851338,6616.178998790505
1608,6451.400080279431,15.433971483922083,35.2068825168967,6486.606962796327,29.75544242236213,6616.043137333602
1609,6451.305889872322,15.433746148019909,35.16909219822844,6486.47498207055,29.754598357200017,6615.90748492437
1610,6451.211757695171,15.433520951423855,35.131434963974925,6486.343192659147,29.753758225960866,6615.772040942076
1611,6451.117683706691,15.433295894035147,35.0939103247362,6486.211594031428,29.75292200835247,6615.6368047677615
1612,6451.023667864958,15.433070975753488,35.05651779325572,6486.080185658214,29.752089684193955,6615.501775784458
1613,6450.929710127113,15.432846196476348,35.0192568844091,6485.948967011523,29.751261233415143,6615.366953376879
1614,6450.835810449662,15.43262155609967,34.9821271151929,6485.817937564855,29.750436636055966,6615.232336931698
1615,6450.741968788219,15.43239705451727,34.945128004713524,6485.687096792933,29.749615872265913,6615.097925837289
1616,6450.648185097764,15.432172691621446,34.90825907417615,6485.556444171941,29.748798922303386,6614.963719483961
1617,6450.55445933237,15.431948467302322,34.87151984687375,6485.425979179244,29.747985766535148,6614.829717263671
1618,6450.460791445488,15.431724381448536,34.83490984817608,6485.295701293664,29.747176385435672,6614.695918570309
1619,6450.367181389975,15.431500433947308,34.798428605518836,6485.1656099954935,29.746370759586668,6614.562322799696
1620,6450.273629117316,15.431276624682575,34.76207564839282,6485.035704765709,29.745568869676426,6614.428929348802
1621,6450.180134579148,15.431052953538632,34.72585050833314,6484.905985087481,29.744770696499224,6614.295737617253
1622,6450.086697725738,15.430829420396503,34.689752718908515,6484.776450444647,29.743976220954796,6614.1627470058
1623,6449.99331850707,15.430606025136532,34.653781815710595,6484.647100322781,29.743185424047745,6614.0299569173885
1624,6449.899996872339,15.430382767637175,34.61793733634338,6484.517934208682,29.74239828688696,6613.897366756641
1625,6449.8067327698045,15.430159647774651,34.58221882041266,6484.388951590217,29.741614790685077,6613.764975929697
1626,6449.713526147059,15.429936665423588,34.54662580951554,6484.260151956575,29.74083491675787,6613.632783844472
1627,6449.620376951628,15.42971382045844,34.51115784722997,6484.1315347988575,29.740058646523728,6613.500789911236
1628,6449.527285129399,15.429491112749758,34.4758144791044,6484.003099608503,29.73928596150309,6613.368993541042
1629,6449.434250626351,15.429268542168304,34.440595252647505,6483.874845878999,29.738516843317846,6613.237394147432
1630,6449.341273387609,15.429046108582797,34.40549971731781,6483.746773104927,29.737751273690847,6613.105991145482
1631,6449.2483533571785,15.428823811859278,34.37052742451359,6483.6188807816925,29.736989234445293,6612.974783951529
1632,6449.15549047935,15.428601651864474,34.335677927562664,6483.491168406913,29.736230707504234,6612.843771984556
1633,6449.062684696959,15.428379628461624,34.30095078171233,6483.363635478671,29.735475674889962,6612.712954664443
1634,6448.969935952804,15.428157741513886,34.26634554411929,6483.236281496923,29.73472411872354,6612.58233141337
1635,6448.8772441884685,15.427935990881503,34.2318617738397,6483.109105962309,29.733976021224205,6612.451901654634
1636,6448.784609345365,15.42771437642432,34.19749903181922,6482.982108377185,29.733231364708853,6612.321664813669
1637,6448.692031364177,15.427492898000423,34.16325688088315,6482.8552882450595,29.732490131591494,6612.191620317482
1638,6448.599510184982,15.427271555466465,34.12913488572666,6482.728645070709,29.731752304382688,6612.061767594773
1639,6448.507045747185,15.427050348677476,34.09513261290489,6482.60217836009,29.731017865689097,6611.9321060758375
1640,6448.414637989864,15.426829277487712,34.06124963082342,6482.475887620687,29.73028679821287,6611.802635192913
1641,6448.322286850906,15.426608341748578,34.027485509728464,6482.349772360634,29.72955908475116,6611.673354379302
1642,6448.229992268501,15.426387541312202,33.99383982169737,6482.223832090198,29.728834708195578,6611.5442630708485
1643,6448.137754179659,15.426166876027892,33.96031214062902,6482.098066320288,29.7281136515317,6611.415360704451
1644,6448.045572520816,15.42594634574358,33.926902042234374,6481.97247456305,29.7273958978385,6611.286646718648
1645,6447.95344722827,15.425725950306866,33.89360910402697,6481.847056332297,29.72668143028789,6611.15812055405
1646,6447.861378237345,15.425505689563026,33.86043290531365,6481.721811142658,29.725970232144167,6611.029781652485
1647,6447.7693654831655,15.425285563356855,33.82737302718513,6481.59673851035,29.725262286763524,6610.901629457771
1648,6447.677408899888,15.425065571530833,33.79442905250673,6481.471837952395,29.724557577593508,6610.773663414927
1649,6447.585508421478,15.424845713926981,33.7616005659092,6481.347108987387,29.723856088172575,6610.645882970938
1650,6447.493663981366,15.424625990386042,33.728887153779546,6481.222551135145,29.7231578021295,6610.5182875744085
1651,6447.401875512575,15.424406400747788,33.69628840425184,6481.098163916827,29.72246270318295,6610.390876675672
1652,6447.3101429471335,15.424186944849602,33.66380390719823,6480.973946854332,29.721770775140932,6610.263649726196
1653,6447.218466216947,15.423967622528581,33.63143325421988,6480.849899471166,29.721082001900353,6610.136606179432
1654,6447.126845253377,15.423748433620519,33.59917603863805,6480.726021292015,29.720396367446476,6610.009745490407
1655,6447.0352799872235,15.423529377959865,33.56703185548511,6480.602311842708,29.71971385585244,6609.883067115667
1656,6446.94377034884,15.423310455380001,33.535000301495785,6480.478770650336,29.719034451278777,6609.756570513398
1657,6446.852316268067,15.423091665713079,33.50308097509825,6480.355397243165,29.718358137972935,6609.630255143347
1658,6446.760917674326,15.422873008790255,33.47127347640543,6480.2321911507315,29.71768490026877,6609.5041204669005
1659,6446.669574496597,15.42265448444162,33.439577407206286,6480.109151903804,29.71701472258606,6609.378165947053
1660,6446.578286663083,15.422436092495415,33.40799237095716,6479.98627903404,29.716347589430093,6609.252391048061
1661,6446.487054101862,15.422217832779573,33.37651797277316,6479.863572074635,29.71568348539108,6609.126795236087
1662,6446.395876740699,15.42199970512129,33.34515381941961,6479.741030560119,29.715022395143762,6609.001377978994
1663,6446.304754506237,15.421781709345066,33.31389951930357,6479.618654025541,29.714364303446914,6608.876138745535
1664,6446.213687325489,15.42156384527629,33.28275468246535,6479.496442007955,29.71370919514287,6608.751077006827
1665,6446.122675124425,15.421346112737858,33.25171892057013,6479.374394044995,29.713057055157066,6608.626192234929
1666,6446.031717829018,15.421128511552675,33.2207918468996,6479.252509675917,29.712407868497547,6608.501483903881
1667,6445.940815364371,15.420911041541556,33.18997307634368,6479.130788440714,29.711761620254535,6608.376951488822
1668,6445.84996765563,15.420693702525432,33.159262225392226,6479.009229881022,29.711118295599974,6608.252594466882
1669,6445.759174627057,15.420476494323104,33.128658912126845,6478.887833539184,29.710477879787028,6608.128412316257
1670,6445.668436203005,15.4202594167536,33.09816275621274,6478.766598959217,29.709840358149677,6608.004404517168
1671,6445.577752307089,15.420042469634184,33.067773378890614,6478.64552568598,29.7092057161022,6607.880570551025
1672,6445.487122862348,15.419825652780737,33.0374904029686,6478.5246132653165,29.708573939138795,6607.7569099005705
1673,6445.396547791754,15.41960896600898,33.007313452814245,6478.403861244567,29.7079450128331,6607.633422050391
1674,6445.306027018096,15.4193924091342,32.97724215434657,6478.2832691724425,29.7073189228377,6607.510106486787
1675,6445.215560463299,15.419175981969614,32.94727613502812,6478.162836598327,29.706695654883774,6607.386962697072
1676,6445.125148048861,15.418959684327419,32.917415023857174,6478.042563072718,29.70607519478058,6607.263990170013
1677,6445.034789696516,15.418743516020372,32.887658451359805,6477.922448147876,29.705457528415025,6607.141188396481
1678,6444.944485326951,15.418527476858733,32.858006049582244,6477.802491376533,29.70484264175127,6607.018556868151
1679,6444.854234861097,15.418311566653342,32.82845745208304,6477.68269231318,29.704230520830258,6606.896095078792
1680,6444.764038218778,15.418095785212389,32.799012293925486,6477.563050512704,29.70362115176929,6606.7738025229
1681,6444.673895320462,15.417880132345603,32.76967021166988,6477.443565532132,29.703014520761556,6606.651678697445
1682,6444.583806085335,15.417664607859653,32.740430843366056,6477.324236928701,29.702410614075788,6606.52972309993
1683,6444.493770432512,15.417449211561033,32.71129382854576,6477.2050642610575,29.701809418055777,6606.4079352296
1684,6444.403788281341,15.417233943256797,32.68225880821519,6477.086047089556,29.701210919119944,6606.286314587727
1685,6444.313859549793,15.4170188027507,32.65332542484755,6476.967184974641,29.700615103760974,6606.164860676001
1686,6444.223984156493,15.41680378984807,32.62449332237566,6476.848477478869,29.70002195854531,6606.043572998541
1687,6444.1341620187495,15.416588904351075,32.59576214618461,6476.729924164934,29.69943147011279,6605.922451059925
1688,6444.044393054668,15.416374146063799,32.56713154310441,6476.611524597773,29.698843625176256,6605.80149436729
1689,6443.95467718145,15.41615951478816,32.53860116140275,6476.493278342853,29.698258410521078,6605.68070242862
1690,6443.865014315725,15.4159450103247,32.510170650777816,6476.375184966502,29.6976758130048,6605.560074753073
1691,6443.7754043742025,15.415730632474169,32.481839662351064,6476.257244036554,29.69709581955666,6605.439610851626
1692,6443.685847273127,15.41551638103619,32.45360784866009,6476.139455121787,29.69651841717729,6605.3193102365085
1693,6443.596342928606,15.415302255810062,32.425474863651615,6476.021817792257,29.695943592938203,6605.199172421539
1694,6443.50689125644,15.415088256594355,32.39744036267433,6475.904331619115,29.695371333981456,6605.0791969219335
1695,6443.4174921715985,15.414874383185643,32.36950400247203,6475.786996174071,29.694801627519226,6604.959383253779
1696,6443.328145589844,15.414660635382402,32.341665441176545,6475.669811031021,29.694234460833417,6604.839730935646
1697,6443.238851425569,15.41444701297983,32.31392433830089,6475.55277576387,29.69366982127527,6604.720239486418
1698,6443.149609593254,15.414233515773336,32.28628035473242,6475.435889947987,29.693107696264963,6604.600908426739
1699,6443.0604200075795,15.414020143558803,32.2587331527259,6475.319153160305,29.69254807329122,6604.481737279122
1700,6442.971282582299,15.413806896129902,32.23128239589688,6475.202564978196,29.691990939910912,6604.362725566809
1701,6442.882197230927,15.413593773279729,32.20392774921483,6475.086124980142,29.691436283748693,6604.243872814449
1702,6442.793163867632,15.413380774802947,32.17666887899645,6474.9698327466285,29.6908840924966,6604.1251785489885
1703,6442.704182404994,15.413167900490416,32.14950545289912,6474.8536878578925,29.690334353913656,6604.006642297417
1704,6442.615252756015,15.412955150134009,32.12243713991416,6474.737689895929,29.68978705582552,6603.88826358877
1705,6442.526374833909,15.412742523526099,32.09546361036038,6474.62183844427,29.689242186124083,6603.77004195391
1706,6442.437548550654,15.412530020456112,32.06858453587742,6474.506133086532,29.68869973276708,6603.651976924069
1707,6442.348773818699,15.41231764071459,32.041799589419384,6474.390573408118,29.688159683777783,6603.534068032552
1708,6442.260050549999,15.412105384090905,32.01510844524832,6474.275158995247,29.687622027244544,6603.41631481376
1709,6442.171378656026,15.411893250373268,31.988510778927832,6474.159889434954,29.687086751320447,6603.298716803198
1710,6442.082758048895,15.411681239351424,31.96200626731671,6474.0447643162115,29.686553844222974,6603.181273538581
1711,6441.994188639368,15.411469350811885,31.935594588562637,6473.929783227931,29.686023294233618,6603.063984557847
1712,6441.905670338664,15.411257584542259,31.90927542209586,6473.81494576076,29.685495089697483,6602.946849400943
1713,6441.817203057655,15.411045940329318,31.88304844862296,6473.700251506279,29.684969219022996,6602.829867609029
1714,6441.728786706792,15.410834417958831,31.85691335012067,6473.585700056912,29.68444567068147,6602.713038724377
1715,6441.6404211968875,15.410623017217434,31.83086980982969,6473.471291006717,29.68392443320679,6602.596362291167
1716,6441.55210643763,15.410411737889067,31.80491751224853,6473.357023949879,29.68340549519504,6602.479837853977
1717,6441.463842339269,15.410200579759017,31.77905614312749,6473.242898482396,29.68288884530414,6602.36346495947
1718,6441.375628811871,15.409989542612132,31.75328538946257,6473.128914201334,29.682374472253546,6602.247243155637
1719,6441.287465764396,15.409778626230613,31.72760493948946,6473.015070703886,29.68186236482381,6602.131171990869
1720,6441.199353106604,15.409567830398574,31.702014482677583,6472.901367589281,29.6813525118563,6602.015251015856
1721,6441.111290747744,15.409357154898908,31.676513709724144,6472.787804457468,29.68084490225281,6601.899479782268
1722,6441.023278596617,15.409146599513438,31.651102312548254,6472.674380909166,29.68033952497526,6601.783857842808
1723,6440.935316562283,15.4089361640246,31.625779984285067,6472.5610965465685,29.67983636904533,6601.668384751915
1724,6440.847404553197,15.40872584821339,31.600546419279976,6472.447950972477,29.679335423544078,6601.5530600648935
1725,6440.759542477818,15.40851565186081,31.5754013130828,6472.334943790901,29.67883667761167,6601.437883338512
1726,6440.671730244358,15.408305574747267,31.550344362442058,6472.2220746068,29.678340120447015,6601.322854130744
1727,6440.58396776115,15.408095616653469,31.525375265299274,6472.109343026449,29.677845741307394,6601.207972001136
1728,6440.496254935886,15.40788577735858,31.500493720783265,6471.996748656669,29.67735352950818,6601.09323651003
1729,6440.408591676367,15.407676056642027,31.47569942920457,6471.884291105572,29.67686347442247,6600.978647219309
1730,6440.32097789064,15.407466454283828,31.450992092049816,6471.77196998269,29.676375565480775,6600.864203692532
1731,6440.233413485363,15.407256970060676,31.42637141197611,6471.659784897339,29.675889792170665,6600.749905493281
1732,6440.145898368455,15.407047603752286,31.40183709280563,6471.54773546126,29.675406144036465,6600.635752187819
1733,6440.058432446701,15.406838355135648,31.37738883952001,6471.435821286221,29.67492461067896,6600.521743342674
1734,6439.971015626939,15.406629223987894,31.353026358254983,6471.3240419851945,29.67444518175497,6600.407878525829
1735,6439.883647816528,15.406420210087386,31.3287493562949,6471.212397172822,29.673967846977163,6600.294157307173
1736,6439.796328921618,15.406211313209612,31.304557542067386,6471.100886463685,29.67349259611361,6600.180579256779
1737,6439.709058849103,15.406002533131826,31.280450625137956,6470.989509474241,29.67301941898756,6600.067143946836
1738,6439.621837505345,15.405793869630012,31.25642831620472,6470.87826582155,29.672548305477093,6599.9538509503745
1739,6439.534664796359,15.405585322479327,31.23249032709313,6470.767155123452,29.672079245514762,6599.840699841441
1740,6439.447540628278,15.40537689145521,31.208636370750664,6470.6561769990285,29.67161222908736,6599.727690195558
1741,6439.360464907293,15.405168576333237,31.18486616124171,6470.545331068535,29.671147246235563,6599.61482158966
1742,6439.273437539148,15.404960376887914,31.16117941374228,6470.434616952891,29.6706842870536,6599.5020936015735
1743,6439.186458429398,15.404752292893297,31.137575844534958,6470.324034273933,29.670223341689024,6599.38950581028
1744,6439.099527484011,15.404544324124428,31.11405517100375,6470.213582655015,29.66976440034229,6599.277057796504
1745,6439.012644608283,15.404336470354744,31.090617111628983,6470.103261719913,29.669307453266576,6599.164749141622
1746,6438.925809707394,15.404128731357403,31.067261385982327,6469.993071093377,29.6688524907674,6599.052579428215
1747,6438.839022686836,15.403921106906306,31.043987714721723,6469.883010401558,29.66839950320233,6598.940548240488
1748,6438.752283451816,15.40371359677468,31.02079581958645,6469.773079271402,29.66794848098072,6598.828655163668
1749,6438.665591907026,15.403506200734512,30.997685423392127,6469.663277330418,29.667499414563373,6598.716899783769
1750,6438.578947957496,15.403298918558603,30.974656250025824,6469.553604207522,29.667052294462273,6598.605281688433
1751,6438.4923515082555,15.40309175001975,30.951708024441224,6469.444059532697,29.66660711124029,6598.493800466592
1752,6438.405802463854,15.402884694889604,30.928840472653683,6469.334642936508,29.66616385551084,6598.382455707981
1753,6438.319300728709,15.402677752939496,30.906053321735474,6469.225354050444,29.66572251793768,6598.271247003473
1754,6438.232846207649,15.402470923941745,30.883346299811,6469.11619250746,29.665283089234574,6598.160173945631
1755,6438.146438804759,15.402264207666887,30.86071913605199,6469.00715794081,29.664845560164967,6598.049236127528
1756,6438.060078424592,15.402057603886583,30.83817156067284,6468.898249985265,29.664409921541775,6597.938433143971
1757,6437.973764971354,15.401851112371661,30.815703304925872,6468.78946827628,29.66397616422705,6597.827764590667
1758,6437.887498348828,15.401644732891933,30.793314101096666,6468.680812449924,29.66354427913171,6597.717230064147
1759,6437.801278461491,15.40143846521888,30.77100368249947,6468.57228214399,29.663114257215284,6597.606829162877
1760,6437.715105213216,15.401232309122525,30.74877178347254,6468.463876996689,29.66268608948558,6597.496561485951
1761,6437.628978507635,15.401026264372334,30.726618139373603,6468.3555966470085,29.662259766998456,6597.386426633452
1762,6437.542898248525,15.400820330738098,30.70454248657532,6468.2474407351,29.66183528085753,6597.276424206831
1763,6437.456864339983,15.40061450799039,30.682544562460734,6468.139408902444,29.661412622213906,6597.166553809075
1764,6437.370876685109,15.40040879589739,30.66062410541882,6468.031500790527,29.660991782265874,6597.056815043384
1765,6437.284935187932,15.400203194229503,30.63878085484002,6467.923716042772,29.6605727522587,6596.947207515097
1766,6437.19903975199,15.399997702755957,30.6170145511118,6467.816054303102,29.660155523484296,6596.837730830259
1767,6437.113190280078,15.399792321244206,30.59532493561428,6467.708515215692,29.659740087280984,6596.728384595364
1768,6437.027386676058,15.399587049464253,30.57371175071583,6467.601098426774,29.659326435033226,6596.619168419169
1769,6436.941628843273,15.399381887184864,30.55217473976874,6467.493803583042,29.658914558171336,6596.510081911088
1770,6436.855916684764,15.399176834174078,30.530713647104946,6467.386630331869,29.658504448171264,6596.401124681414
1771,6436.770250103496,15.398971890199752,30.50932821803169,6467.279578321528,29.65809609655429,6596.292296341539
1772,6436.684629002895,15.39876705503085,30.48801819882729,6467.172647201723,29.657689494886778,6596.18359650448
1773,6436.599053285834,15.398562328435009,30.46678333673688,6467.065836622571,29.657284634779952,6596.075024783863
1774,6436.513522855319,15.39835771018019,30.44562337996829,6466.959146235287,29.65688150788956,6595.966580794607
1775,6436.428037614416,15.398153200034487,30.424538077687746,6466.8525756921035,29.656480105915698,6595.858264152836
1776,6436.34259746566,15.397948797764737,30.40352718001584,6466.746124645676,29.656080420602496,6595.750074475297
1777,6436.257202312236,15.39774450313932,30.38259043802333,6466.639792750259,29.655682443737927,6595.64201138052
1778,6436.171852056625,15.397540315924939,30.36172760372708,6466.533579660351,29.65528616715349,6595.534074487469
1779,6436.08654660182,15.397336235889522,30.340938430085988,6466.427485031906,29.654891582724012,6595.426263416755
1780,6436.001285850536,15.397132262800326,30.32022267099693,6466.321508521533,29.654498682367368,6595.318577789832
1781,6435.91606970525,15.396928396424043,30.299580081290745,6466.215649786541,29.654107458044237,6595.211017229033
1782,6435.8308980685415,15.396724636527612,30.27901041672827,6466.109908485269,29.653717901757886,6595.1035813579165
1783,6435.745770842984,15.396520982877952,30.25851343399635,6466.00428427698,29.653330005553883,6594.9962698011395
1784,6435.6606879311985,15.396317435242102,30.238088890703896,6465.898776821902,29.652943761519882,6594.889082184513
1785,6435.575649235519,15.39611399338641,30.21773654537799,6465.793385780898,29.652559161785376,6594.782018134664
1786,6435.490654658693,15.395910657078211,30.197456157459985,6465.688110816152,29.652176198521474,6594.67507727972
1787,6435.4057041028045,15.395707426083264,30.177247487301653,6465.582951590106,29.65179486394061,6594.568259248247
1788,6435.320797470627,15.395504300168966,30.157110296161306,6465.477907766789,29.65141515029638,6594.4615636705785
1789,6435.23593466413,15.395301279100789,30.137044346200035,6465.37297901033,29.65103704988322,6594.354990177322
1790,6435.151115585768,15.395098362645378,30.11704940047788,6465.268164986246,29.65066055503626,6594.248538400654
1791,6435.066340137891,15.394895550569116,30.097125222950105,6465.163465360841,29.650285658131043,6594.14220797371
1792,6434.981608222825,15.394692842638339,30.07727157846338,6465.058879801289,29.64991235158328,6594.035998530676
1793,6434.896919742727,15.394490238618964,30.05748823275217,6464.954407975479,29.64954062784866,6593.9299097066205
1794,6434.812274599926,15.394287738277335,30.03777495243493,6464.850049552361,29.649170479422587,6593.82394113785
1795,6434.727672696671,15.394085341379595,30.018131505010516,6464.7458042016815,29.648801898839984,6593.718092461635
1796,6434.643113935001,15.39388304769139,29.998557658854498,6464.641671593855,29.648434878675026,6593.612363316091
1797,6434.558598217117,15.393680856978749,29.979053183215534,6464.537651400333,29.64806941154096,6593.506753340536
1798,6434.474125445526,15.393478769008436,29.959617848211792,6464.433743293737,29.647705490089844,6593.401262175628
1799,6434.389695521936,15.393276783545302,29.940251424827345,6464.329946946764,29.647343107012368,6593.295889462268
1800,6434.305308348755,15.393074900355872,29.92095368490862,6464.226262033663,29.64698225503757,6593.190634843077
1801,6434.220963827807,15.39287311920528,29.90172440116087,6464.122688228968,29.64662292693268,6593.085497961126
1802,6434.136661861285,15.392671439859532,29.882563347144657,6464.019225208429,29.64626511550286,6592.980478460866
1803,6434.052402351721,15.392469862085457,29.86347029727237,6463.915872648993,29.645908813591,6592.875575988114
1804,6433.96818520094,15.392268385648181,29.84444502680475,6463.812630227744,29.645554014077504,6592.770790188982
1805,6433.8840103109005,15.39206701031316,29.825487311847425,6463.709497622748,29.645200709880086,6592.666120710726
1806,6433.799877583822,15.391865735846466,29.806596929347524,6463.60647451317,29.644848893953533,6592.561567201868
1807,6433.715786921802,15.39166456201388,29.78777365709025,6463.503560578892,29.644498559289516,6592.457129311801
1808,6433.631738226921,15.39146348858115,29.76901727369548,6463.4007555006165,29.64414969891635,6592.352806690903
1809,6433.547731401312,15.391262515314144,29.750327558614437,6463.2980589599265,29.64380230589882,6592.248598990586
1810,6433.463766346986,15.391061641978435,29.731704292126334,6463.1954706391125,29.643456373337962,6592.1445058631325
1811,6433.379842965924,15.39086086833953,29.713147255335038,6463.092990221258,29.643111894370826,6592.040526961771
1812,6433.295961160414,15.390660194163669,29.694656230165823,6462.990617390579,29.6427688621703,6591.93666194102
1813,6433.212120832445,15.390459619216376,29.67623099936202,6462.888351831807,29.64242726994491,6591.832910456067
1814,6433.128321884197,15.39025914326363,29.657871346481784,6462.786193230679,29.64208711093861,6591.729272163262
1815,6433.044564217567,15.390058766070736,29.6395770558949,6462.684141273462,29.641748378430556,6591.625746719635
1816,6432.960847734929,15.389858487404137,29.6213479127795,6462.582195647708,29.641411065734943,6591.522333783655
1817,6432.877172338366,15.389658307029585,29.603183703118887,6462.480356041485,29.641075166200764,6591.419033014458
1818,6432.793537929924,15.389458224712737,29.58508421369835,6462.378622143623,29.640740673211667,6591.315844072094
1819,6432.709944411618,15.389258240219183,29.56704923210204,6462.276993643721,29.64040758018569,6591.212766617528
1820,6432.626391685855,15.389058353315443,29.54907854670976,6462.175470232565,29.64007588057513,6591.109800313067
1821,6432.542879654882,15.388858563767661,29.531171946693895,6462.074051601576,29.6397455678663,6591.006944821795
1822,6432.459408220597,15.388658871341141,29.513329222016296,6461.972737442613,29.63941663557933,6590.904199807383
1823,6432.375977285152,15.388459275801798,29.49555016342518,6461.871527448577,29.63908907726806,6590.801564934693
1824,6432.292586751359,15.388259776917126,29.47783456245208,6461.77042131381,29.63876288651972,6590.699039870171
1825,6432.209236520649,15.388060374451314,29.460182211408803,6461.669418732058,29.638438056954847,6590.596624279811
1826,6432.125926495739,15.387861068171624,29.442592903384366,6461.568519399123,29.638114582227026,6590.494317831811
1827,6432.0426565788,15.38766185784402,29.42506643224202,6461.467723011042,29.63779245602273,6590.3921201947405
1828,6431.959426672302,15.38746274323517,29.407602592616225,6461.367029264918,29.637471672061153,6590.290031038384
1829,6431.876236678215,15.387263724110563,29.390201179909717,6461.266437858125,29.637152224093988,6590.1880500329335
1830,6431.793086499313,15.38706480023759,29.372861990290527,6461.165948489604,29.63683410590526,6590.086176850292
1831,6431.709976037643,15.386865971381921,29.355584820689007,6461.065560858332,29.636517311311117,6589.984411162535
1832,6431.626905195598,15.386667237310043,29.338369468794955,6460.965274664392,29.636201834159706,6589.882752642987
1833,6431.543873875781,15.38646859778895,29.321215733054686,6460.865089608836,29.63588766833093,6589.781200966076
1834,6431.460881980277,15.386270052584395,29.304123412668133,6460.765005392946,29.635574807736294,6589.679755806598
1835,6431.377929412044,15.38607160146422,29.287092307586022,6460.66502171963,29.635263246318722,6589.578416841116
1836,6431.295016073226,15.385873244194322,29.270122218506927,6460.565138291733,29.634952978052393,6589.477183746261
1837,6431.2121418667975,15.385674980542579,29.253212946874527,6460.465354813672,29.63464399694253,6589.376056200372
1838,6431.129306694654,15.385476810274291,29.2363642948747,6460.365670989529,29.63433629702525,6589.275033881589
1839,6431.046510459936,15.385278733157742,29.219576065432786,6460.266086525369,29.6340298723674,6589.174116470167
1840,6430.963753064963,15.385080748959243,29.202848062210762,6460.1666011271745,29.63372471706634,6589.0733036464135
1841,6430.881034412438,15.384882857446023,29.186180089604488,6460.067214502043,29.633420825249807,6588.972595091879
1842,6430.7983544051785,15.384685058385594,29.16957195274091,6459.967926357919,29.63311819107573,6588.871990489099
1843,6430.715712945898,15.38448735154521,29.153023457475335,6459.868736403374,29.632816808732063,6588.7714895213585
1844,6430.633109937146,15.384289736691738,29.136534410388727,6459.769644347535,29.632516672436605,6588.671091872635
1845,6430.550545282069,15.384092213593465,29.12010461878495,6459.670649900854,29.63221777643684,6588.570797228354
1846,6430.4680188829925,15.383894782016728,29.10373389068813,6459.571752773681,29.631920115009773,6588.470605273973
1847,6430.385530643216,15.383697441730181,29.087422034839918,6459.472952678056,29.63162368246173,6588.370515696764
1848,6430.303080465499,15.383500192501193,29.071168860696837,6459.374249326196,29.63132847312827,6588.270528184305
1849,6430.220668253003,15.383303034098093,29.054974178427653,6459.275642431431,29.631034481373923,6588.170642425408
1850,6430.138293908412,15.383105966288069,29.038837798910766,6459.1771317073235,29.630741701592083,6588.0708581092495
1851,6430.055957334799,15.382908988839233,29.02275953373148,6459.078716868531,29.630450128204835,6587.971174926222
1852,6429.973658435485,15.3827121015203,29.00673919517951,6458.980397630665,29.63015975566279,6587.871592567798
1853,6429.891397113233,15.382515304098645,28.990776596246324,6458.8821737094795,29.629870578444926,6587.772110725715
1854,6429.809173271699,15.382318596343778,28.97487155062258,6458.784044822322,29.62958259105843,6587.672729093427
1855,6429.726986813565,15.382121978022884,28.959023872695568,6458.686010686261,29.62929578803853,6587.573447364229
1856,6429.644837642398,15.381925448905259,28.943233377546637,6458.588071019944,29.629010163948344,6587.47426523312
1857,6429.562725661288,15.381729008759063,28.9274998809487,6458.490225542237,29.628725713378703,6587.375182395434
1858,6429.480650773652,15.381532657353235,28.911823199363674,6458.3924739730155,29.628442430948066,6587.27619854764
1859,6429.398612883042,15.381336394457039,28.89620314993996,6458.2948160329815,29.628160311302246,6587.177313387147
1860,6429.316611892692,15.381140219838976,28.88063955051002,6458.197251443202,29.627879349114355,6587.078526611849
1861,6429.234647706371,15.38094413326883,28.865132219587792,6458.0997799259585,29.62759953908461,6586.979837920977
1862,6429.152720227157,15.38074813451473,28.849680976366283,6458.002401203524,29.627320875940192,6586.881247013864
1863,6429.070829358919,15.380552223346696,28.8342856407151,6457.905114999634,29.627043354435074,6586.782753591427
1864,6428.988975005317,15.380356399534252,28.818946033178,6457.807921038495,29.6267669693499,6586.684357355167
1865,6428.907157069929,15.38016066284672,28.803661974970474,6457.710819044899,29.626491715491802,6586.586058007289
1866,6428.825375456687,15.379965013054274,28.788433287977337,6457.613808744664,29.62621758769428,6586.4878552511345
1867,6428.743630068989,15.37976944992581,28.773259794750278,6457.516889863739,29.625944580817055,6586.389748790293
1868,6428.661920810957,15.379573973231954,28.758141318505498,6457.420062129462,29.625672689745876,6586.291738329856
1869,6428.580247586437,15.379378582742671,28.743077683121317,6457.323325269558,29.625401909392437,6586.193823575415
1870,6428.498610299535,15.379183278228554,28.72806871313585,6457.226679012671,29.62513223469419,6586.096004233591
1871,6428.417008853981,15.378988059459285,28.713114233744577,6457.130123087726,29.62486366061421,6585.998280011398
1872,6428.335443154024,15.378792926205799,28.69821407079806,6457.033657224822,29.62459618214104,6585.900650617135
1873,6428.2539131036265,15.378597878238342,28.68336805079958,6456.937281154426,29.624329794288606,6585.8031157595815
1874,6428.172418607288,15.37840291532844,28.668576000902814,6456.840994608191,29.624064492095975,6585.705675148809
1875,6428.090959568786,15.3782080372459,28.653837748909552,6456.744797317696,29.623800270627306,6585.6083284949245
1876,6428.009535892413,15.378013243761753,28.63915312326737,6456.64868901568,29.623537124971655,6585.511075509307
1877,6427.928147483157,15.3778185346487,28.624521953067376,6456.552669436224,29.623275050242853,6585.413915904781
1878,6427.846794244493,15.37762390967582,28.6099440680419,6456.456738312535,29.62301404157938,6585.316849393405
1879,6427.765476081892,15.377429368616967,28.59541929856226,6456.360895380454,29.622754094144206,6585.219875689982
1880,6427.684192899129,15.377234911241935,28.58094747563648,6456.265140374765,29.622495203124664,6585.122994508357
1881,6427.602944600928,15.377040537322793,28.566528430907088,6456.169473031835,29.62223736373231,6585.026205564071
1882,6427.521731092201,15.37684624663206,28.552161996648838,6456.073893088849,29.62198057120279,6584.929508573581
1883,6427.440552277506,15.376652038941401,28.53784800576655,6455.978400283272,29.621724820795727,6584.832903253733
1884,6427.359408061333,15.376457914022328,28.523586291792856,6455.8829943531255,29.62147010779452,6584.736389322032
1885,6427.278298348848,15.37626387164796,28.50937668888602,6455.787675037734,29.621216427506305,6584.639966497386
1886,6427.197223045018,15.376069911590953,28.49521903182773,6455.692442076846,29.620963775261757,6584.543634499235
1887,6427.1161820544885,15.375876033623179,28.48111315602094,6455.597295210509,29.620712146414967,6584.447393047414
1888,6427.035175282476,15.375682237517886,28.467058897487696,6455.502234179964,29.620461536343324,6584.351241863057
1889,6426.954202634092,15.375488523048068,28.453056092867,6455.407258726959,29.620211940447394,6584.255180667906
1890,6426.87326401431,15.375294889986387,28.439104579412643,6455.312368593723,29.619963354150784,6584.159209184279
1891,6426.792359328509,15.37510133810648,28.425204194991057,6455.2175635235,29.61971577289999,6584.063327135615
1892,6426.711488481742,15.3749078671812,28.411354778079225,6455.122843259821,29.619469192164303,6583.967534245736
1893,6426.630651379797,15.374714476985162,28.397556167762538,6455.02820754756,29.61922360743566,6583.871830239905
1894,6426.549847927499,15.374521167290668,28.383808203732674,6454.933656131232,29.618979014228525,6583.776214843127
1895,6426.469078030925,15.374327937873026,28.370110726285553,6454.839188757211,29.618735408079786,6583.680687782357
1896,6426.388341595164,15.374134788505177,28.35646357631919,6454.744805171484,29.618492784548593,6583.58524878427
1897,6426.307638526031,15.373941718961797,28.342866595331667,6454.650505121363,29.618251139216248,6583.489897576953
1898,6426.226968729246,15.373748729017336,28.329319625419018,6454.556288354665,29.6180104676861,6583.3946338891
1899,6426.146332110574,15.373555818446349,28.315822509273186,6454.462154619847,29.617770765583394,6583.2994574501345
1900,6426.06572857575,15.373362987023325,28.302375090180014,6454.36810366593,29.617532028555182,6583.204367990145
1901,6425.985158030653,15.373170234523094,28.28897721201713,6454.27413524267,29.617294252270163,6583.109365240045
1902,6425.904620381231,15.37297756072065,28.27562871925197,6454.180249100484,29.617057432418616,6583.014448931504
1903,6425.824115533733,15.372784965391705,28.26232945693974,6454.086444990672,29.616821564712225,6582.91961879717
1904,6425.743643394118,15.372592448311288,28.249079270721392,6453.99272266484,29.61658664488398,6582.824874570085
1905,6425.663203868446,15.372400009254655,28.235878006821608,6453.899081875267,29.616352668688094,6582.73021598406
1906,6425.582796863219,15.372207647998133,28.222725512046853,6453.805522375266,29.616119631899817,6582.63564277403
1907,6425.502422284391,15.372015364316725,28.209621633783325,6453.7120439181745,29.615887530315405,6582.5411546750465
1908,6425.422080039025,15.371823157988098,28.19656621999502,6453.618646259019,29.615656359751927,6582.44675142394
1909,6425.34177003271,15.371631028786387,28.18355911922172,6453.525329151932,29.615426116047182,6582.3524327567375
1910,6425.26149217273,15.371438976489785,28.170600180577054,6453.432092353307,29.615196795059603,6582.258198411816
1911,6425.181246365299,15.37124700087392,28.157689253746536,6453.3389356190455,29.61496839266811,6582.164048127152
1912,6425.101032517282,15.371055101715985,28.144826188985633,6453.245858706267,29.61474090477202,6582.069981642026
1913,6425.020850535344,15.370863278792688,28.132010837117825,6453.152861372461,29.61451432729092,6581.975998696177
1914,6424.940700326353,15.370671531881229,28.119243049532628,6453.059943375886,29.614288656164575,6581.882099030202
1915,6424.860581797612,15.370479860759838,28.106522678183715,6452.967104475796,29.614063887352785,6581.788282385781
1916,6424.780494855211,15.370288265203854,28.093849575587008,6452.874344430798,29.61384001683531,6581.694548504032
1917,6424.700439407161,15.370096744993209,28.08122359481875,6452.78166300198,29.61361704061176,6581.600897128641
1918,6424.62041536005,15.369905299904426,28.068644589513603,6452.689059949564,29.61339495470143,6581.507328002515
1919,6424.540422621327,15.369713929716093,28.056112413862753,6452.59653503519,29.613173755143265,6581.413840870063
1920,6424.460461098194,15.369522634206206,28.04362692261206,6452.504088020806,29.612953437995714,6581.320435476087
1921,6424.3805306980685,15.369331413153274,28.0311879710601,6452.411718669128,29.61273399933662,6581.2271115662425
1922,6424.30063132848,15.369140266336078,28.01879541505639,6452.3194267435365,29.612515435263127,6581.133868886931
1923,6424.220762896824,15.368949193533073,28.006449110999494,6452.227212007824,29.612297741891595,6581.040707185052
1924,6424.140925310835,15.36875819452353,27.994148915835126,6452.13507422667,29.61208091535744,6580.947626208475
1925,6424.061118478239,15.368567269086697,27.98189468705435,6452.043013165294,29.61186495181508,6580.85462570569
1926,6423.981342306519,15.368376417001242,27.969686282691736,6451.95102858921,29.611649847437782,6580.761705425564
1927,6423.90159670388,15.36818563804756,27.957523561323477,6451.859120265204,29.61143559841764,6580.668865118321
1928,6423.821881578266,15.36799493200542,27.945406382065645,6451.7672879603315,29.611222200965376,6580.576104534531
1929,6423.74219683761,15.367804298654569,27.933334604572273,6451.675531442183,29.611009651310297,6580.483423425382
1930,6423.662542389647,15.367613737774274,27.92130808903363,6451.583850478681,29.610797945700202,6580.390821542476
1931,6423.582918142913,15.367423249145723,27.909326696174368,6451.492244839087,29.610587080401235,6580.298298638832
1932,6423.5033240058065,15.367232832549776,27.897390287251724,6451.400714293059,29.610377051697817,6580.205854467944
1933,6423.4237598863265,15.367042487766332,27.88549872405374,6451.30925861038,29.61016785589254,6580.113488783513
1934,6423.344225693236,15.366852214577118,27.87365186889748,6451.217877562133,29.60995948930607,6580.021201340614
1935,6423.264721334755,15.366662012762573,27.861849584627222,6451.126570919383,29.609751948277044,6579.928991894389
1936,6423.185246719693,15.366471882104529,27.850091734612725,6451.035338454306,29.609545229161988,6579.836860201161
1937,6423.105801756525,15.36628182238403,27.838378182747412,6450.944179939272,29.609339328335174,6579.744806017529
1938,6423.026386354142,15.366091833383116,27.826708793446674,6450.853095147589,29.60913424218861,6579.652829101109
1939,6422.94700042131,15.365901914883516,27.815083431646038,6450.762083852956,29.608929967131836,6579.560929209979
1940,6422.867643867077,15.36571206666765,27.803501962799515,6450.671145829877,29.60872649959191,6579.469106103102
1941,6422.788316600358,15.365522288517601,27.79196425287777,6450.580280853235,29.608523836013305,6579.377359539893
1942,6422.709018530327,15.365332580216092,27.780470168366435,6450.489488698693,29.608321972857752,6579.285689280624
1943,6422.629749565933,15.365142941545294,27.769019576264327,6450.398769142197,29.60812090660423,6579.194095085925
1944,6422.550509616636,15.364953372288603,27.757612344081824,6450.308121960718,29.607920633748822,6579.102576717526
1945,6422.471298591843,15.36476387222929,27.746248339839035,6450.217546931683,29.60772115080463,6579.011133937683
1946,6422.392116400859,15.36457444115038,27.73492743206416,6450.127043832923,29.607522454301698,6578.919766509135
1947,6422.312962953382,15.364385078835843,27.72364948979176,6450.036612443174,29.607324540786905,6578.828474195597
1948,6422.233838158943,15.364195785069242,27.71241438256108,6449.946252541505,29.607127406823867,6578.737256761188
1949,6422.154741927082,15.364006559634166,27.70122198041428,6449.8559639074965,29.606931048992887,6578.646113970615
1950,6422.075674167884,15.363817402315513,27.690072153894857,6449.765746321779,29.606735463890814,6578.555045589705
1951,6421.9966347910095,15.363628312897152,27.67896477404588,6449.675599565056,29.60654064813101,6578.464051384425
1952,6421.917623706529,15.363439291163946,27.66789971240836,6449.585523418938,29.606346598343187,6578.373131121731
1953,6421.83864082417,15.36325033689993,27.656876841019525,6449.49551766519,29.606153311173387,6578.282284568794
1954,6421.759686054636,15.363061449891475,27.64589603241123,6449.405582087048,29.60596078328387,6578.191511494333
1955,6421.680759307861,15.362872629923112,27.634957159608216,6449.315716467469,29.605769011353022,6578.100811666855
1956,6421.601860493978,15.362683876779853,27.624060096126502,6449.225920590105,29.605577992075258,6578.010184855632
1957,6421.522989523843,15.362495190248428,27.61320471597173,6449.136194239814,29.605387722160984,6577.919630831215
1958,6421.444146307598,15.362306570113871,27.60239089363751,6449.046537201236,29.605198198336435,6577.829149363999
1959,6421.365330755875,15.36211801616238,27.5916185041038,6448.956949259979,29.605009417343673,6577.738740225424
1960,6421.2865427794495,15.361929528180502,27.580887422835254,6448.867430202285,29.604821375940432,6577.648403187625
1961,6421.207782289137,15.361741105954874,27.570197525779587,6448.777979814917,29.604634070900097,6577.5581380233325
1962,6421.129049195751,15.36155274927213,27.559548689365947,6448.688597885117,29.60444749901155,6577.467944505817
1963,6421.050343410182,15.361364457919096,27.548940790503362,6448.599284200685,29.604261657079157,6577.37782240898
1964,6420.971664843533,15.361176231683094,27.538373706579033,6448.510038550113,29.604076541922634,6577.2877715074765
1965,6420.893013406805,15.360988070351208,27.52784731545677,6448.420860722262,29.603892150377003,6577.197791576402
1966,6420.814389011526,15.360799973711785,27.5173614954754,6448.331750507002,29.603708479292475,6577.107882391924
1967,6420.7357915686325,15.360611941551753,27.506916125447134,6448.242707694079,29.603525525534394,6577.018043730154
1968,6420.657220990026,15.36042397366035,27.49651108465603,6448.153732074682,29.60334328598315,6576.9282753687085
1969,6420.578677186767,15.3602360698248,27.486146252856347,6448.064823439623,29.603161757534107,6576.838577084896
1970,6420.500160070691,15.36004822983419,27.475821510270997,6447.975981580962,29.60298093709749,6576.748948657336
1971,6420.421669553387,15.359860453477003,27.465536737589936,6447.887206290977,29.602800821598365,6576.65938986493
1972,6420.343205546559,15.359672740542008,27.455291815968597,6447.798497362528,29.6026214079765,6576.569900487226
1973,6420.264767962389,15.359485090819112,27.44508662702639,6447.709854589415,29.602442693186312,6576.4804803047755
1974,6420.186356712526,15.35929750409695,27.434921052845013,6447.621277765371,29.602264674196814,6576.391129098127
1975,6420.107971709164,15.359109980165465,27.424794975966982,6447.532766685132,29.602087347991493,6576.301846648895
1976,6420.029612864869,15.358922518815476,27.414708279394063,6447.444321144263,29.601910711568255,6576.212632739585
1977,6419.9512800911825,15.358735119835364,27.404660846585685,6447.3559409377685,29.60173476193937,6576.123487152205
1978,6419.872973300795,15.358547783016256,27.394652561457434,6447.267625862252,29.601559496131348,6576.034409670424
1979,6419.79469240642,15.35836050814933,27.384683308379458,6447.1793757148,29.6013849111849,6575.945400078454
1980,6419.716437320177,15.358173295024347,27.374752972175035,6447.091190292352,29.60121100415487,6575.856458160425
1981,6419.638207955132,15.357986143433331,27.36486143811891,6447.003069393251,29.60103777211012,6575.767583701931
1982,6419.560004223701,15.35779905316675,27.35500859193586,6446.915012815637,29.600865212133485,6575.6787764884175
1983,6419.481826038799,15.357612024016266,27.34519431979916,6446.827020358598,29.600693321321703,6575.590036306347
1984,6419.403673313336,15.35742505577353,27.335418508328996,6446.739091821665,29.60052209678533,6575.501362942681
1985,6419.325545960473,15.357238148230797,27.325681044591022,6446.651227005064,29.60035153564867,6575.4127561851365
1986,6419.247443893333,15.357051301180222,27.315981816094848,6446.563425709428,29.600181635049715,6575.3242158218945
1987,6419.169367025073,15.35686451441405,27.306320710792455,6446.475687735866,29.600012392140016,6575.235741641675
1988,6419.091315268831,15.356677787724475,27.296697617076777,6446.388012885907,29.59984380408472,6575.147333433676
1989,6419.013288538494,15.356491120905487,27.287112423780187,6446.300400962274,29.599675868062405,6575.058990988345
1990,6418.935286747276,15.356304513749464,27.27756502017298,6446.212851767449,29.599508581265034,6574.970714095952
1991,6418.857309808885,15.356117966049963,27.268055295961883,6446.125365104846,29.599341940897904,6574.882502547753
1992,6418.779357636935,15.355931477600322,27.258583141288618,6446.037940778224,29.599175944179564,6574.794356135405
1993,6418.70143014549,15.355745048194953,27.24914844672833,6445.950578592218,29.59901058834174,6574.706274651505
1994,6418.623527248279,15.355558677627462,27.2397511032882,6445.863278351568,29.59884587062928,6574.618257888805
1995,6418.545648859326,15.355372365692169,27.230391002405945,6445.776039861732,29.598681788300055,6574.5303056408375
1996,6418.467794892911,15.355186112183999,27.22106803594834,6445.68886292886,29.59851833862495,6574.442417701878
1997,6418.389965263063,15.35499991689728,27.21178209620974,6445.601747359272,29.59835551888773,6574.354593866434
1998,6418.312159884259,15.354813779627413,27.20253307591065,6445.51469296017,29.598193326385008,6574.266833929944
1999,6418.234378670956,15.354627700169752,27.19332086819624,6445.427699539153,29.59803175842619,6574.179137688307
2000,6418.15662153746,15.354441678319281,27.184145366634933,6445.340766904094,29.597870812333348,6574.0915049377445
2001,6418.078888398622,15.354255713872302,27.175006465216892,6445.253894863839,29.597710485441247,6574.003935475509
2002,6418.001179169144,15.354069806624747,27.16590405835264,6445.167083227497,29.597550775097215,6573.916429099169
2003,6417.923493763981,15.353883956373162,27.15683804087157,6445.080331804853,29.597391678661072,6573.828985607029
2004,6417.845832097707,15.353698162913174,27.147808308020576,6444.993640405728,29.59723319350509,6573.741604797475
2005,6417.768194085438,15.353512426041718,27.138814755462533,6444.907008840901,29.597075317013946,6573.654286469911
2006,6417.690579642782,15.353326745556894,27.129857279274944,6444.820436922057,29.596918046584612,6573.5670304247
2007,6417.612988684676,15.353141121255206,27.120935775948457,6444.733924460624,29.596761379626333,6573.479836461998
2008,6417.535421126229,15.352955552933564,27.112050142385506,6444.647471268615,29.596605313560513,6573.392704382603
2009,6417.457876883351,15.35277004039079,27.103200275898793,6444.561077159249,29.59644984582073,6573.30563398857
2010,6417.380355871327,15.352584583424228,27.09438607421,6444.474741945537,29.596294973852586,6573.218625081796
2011,6417.302858005786,15.352399181832025,27.0856074354483,6444.388465441234,29.59614069511371,6573.131677464979
2012,6417.225383202678,15.352213835413105,27.07686425814896,6444.302247460827,29.595987007073663,6573.044790941597
2013,6417.147931377916,15.352028543966307,27.06815644125196,6444.216087819168,29.595833907213894,6572.957965315549
2014,6417.070502447301,15.351843307290194,27.059483884100572,6444.129986331402,29.595681393027654,6572.871200391072
2015,6416.993096327014,15.351658125184246,27.050846486439994,6444.043942813454,29.595529462019975,6572.784495973241
2016,6416.915712933204,15.351472997447857,27.042244148415918,6443.95795708162,29.59537811170756,6572.697851867549
2017,6416.838352182127,15.351287923880687,27.033676770573194,6443.8720289527,29.595227339618766,6572.611267880042
2018,6416.761013990423,15.351102904283309,27.025144253854418,6443.786158244277,29.595077143293523,6572.524743817604
2019,6416.683698274363,15.350917938455416,27.016646499598554,6443.700344773962,29.594927520283285,6572.4382794871935
2020,6416.606404950575,15.350733026197547,27.008183409539544,6443.614588360115,29.594778468150956,6572.351874696571
2021,6416.529133935933,15.350548167310844,26.99975488580497,6443.528888821737,29.594629984470828,6572.265529254186
2022,6416.451885147336,15.350363361596497,26.991360830914665,6443.44324597825,29.594482066828576,6572.179242968955
2023,6416.374658501249,15.350178608854662,26.983001147779344,6443.357659649028,29.594334712821105,6572.0930156498
2024,6416.297453915329,15.349993908888347,26.974675739699265,6443.272129655029,29.59418792005659,6572.0068471072755
2025,6416.2202713063325,15.349809261498404,26.966384510362825,6443.186655816696,29.594041686154338,6571.920737151467
2026,6416.143110591691,15.3496246664873,26.95812736384528,6443.101237955536,29.593896008744807,6571.834685593576
2027,6416.06597168875,15.349440123657297,26.9499042046073,6443.015875893358,29.593750885469472,6571.74869224515
2028,6415.988854514926,15.349255632810827,26.94171493749372,6442.93056945242,29.593606313980832,6571.6627569182365
2029,6415.911758987828,15.349071193750785,26.933559467732113,6442.84531845556,29.593462291942316,6571.576879425509
2030,6415.834685025208,15.348886806280403,26.925437700931496,6442.760122726139,29.59331881702823,6571.491059580212
2031,6415.757632545001,15.348702470203351,26.917349543081002,6442.674982088082,29.59317588692375,6571.405297196201
2032,6415.680601464943,15.34851818532283,26.90929490054851,6442.589896365492,29.593033499324783,6571.319592087554
2033,6415.603591703142,15.348333951442925,26.901273680079356,6442.504865383222,29.59289165193797,6571.233944069152
2034,6415.526603177813,15.348149768367973,26.893285788794987,6442.419888966608,29.592750342480635,6571.148352956398
2035,6415.4496358068545,15.347965635901566,26.88533113419161,6442.334966941046,29.592609568680707,6571.0628185648075
2036,6415.372689509092,15.347781553849503,26.877409624138938,6442.250099133231,29.592469328276664,6570.977340711234
2037,6415.295764203001,15.34759752201675,26.86952116687882,6442.165285369881,29.59232961901749,6570.891919212607
2038,6415.218859806681,15.347413540207372,26.861665671023978,6442.080525477705,29.592190438662637,6570.806553885887
2039,6415.141976239327,15.347229608228055,26.853843045556665,6441.9958192848835,29.592051784981948,6570.721244549555
2040,6415.065113419356,15.347045725883627,26.846053199827363,6441.911166619183,29.59191365575559,6570.63599102172
2041,6414.988271265919,15.346861892980668,26.83829604355347,6441.826567309473,29.591776048774072,6570.55079312164
2042,6414.911449698331,15.34667810932615,26.83057148681804,6441.7420211851495,29.591638961838104,6570.465650669145
2043,6414.834648635008,15.3464943747249,26.822879440068466,6441.657528075077,29.591502392758596,6570.380563483576
2044,6414.757867996035,15.34631068898573,26.815219814115206,6441.57308781015,29.59136633935661,6570.295531386351
2045,6414.681107700213,15.346127051914385,26.807592520130466,6441.488700220343,29.59123079946329,6570.210554198008
2046,6414.604367667163,15.345943463318573,26.799997469646925,6441.40436513681,29.591095770919807,6570.125631740311
2047,6414.527647816617,15.345759923006261,26.792434574556488,6441.320082391174,29.59096125157733,6570.0407638355355
2048,6414.45094806824,15.345576430785263,26.784903747108977,6441.235851815349,29.590827239296956,6569.95595030629
2049,6414.374268341785,15.345392986463601,26.777404899910863,6441.151673241696,29.590693731949695,6569.871190975677
2050,6414.297608557336,15.345209589850088,26.769937945924003,6441.06754650326,29.59056072741635,6569.786485667521
2051,6414.2209686348315,15.345026240753185,26.76250279846435,6440.983471433296,29.59042822358756,6569.701834205902
2052,6414.144348494436,15.344842938981904,26.75509937120074,6440.899447865637,29.590296218363658,6569.617236415519
2053,6414.067748056554,15.344659684345823,26.747727578153558,6440.815475634708,29.590164709654687,6569.532692121706
2054,6413.991167241559,15.344476476654448,26.74038733369356,6440.731554575253,29.59003369538034,6569.448201150157
2055,6413.914605969903,15.344293315717472,26.73307855254059,6440.647684522444,29.589903173469892,6569.363763327038
2056,6413.838064162251,15.344110201345098,26.725801149762326,6440.563865312013,29.589773141862164,6569.279378479114
2057,6413.76154173953,15.343927133348158,26.71855504077303,6440.480096780303,29.58964359850547,6569.1950464338015
2058,6413.685038622359,15.343744111536743,26.711340141332307,6440.396378763691,29.589514541357598,6569.110767018597
2059,6413.608554731784,15.343561135721972,26.70415636754388,6440.312711099328,29.58938596838569,6569.026540061806
2060,6413.532089989107,15.343378205715567,26.69700363585436,6440.229093624961,29.589257877566308,6568.942365392374
2061,6413.455644315327,15.343195321328533,26.68988186305198,6440.1455261783785,29.589130266885263,6568.858242839329
2062,6413.379217631908,15.343012482372986,26.68279096626538,6440.062008598174,29.589003134337666,6568.774172232543
2063,6413.30280986032,15.342829688661052,26.67573086296241,6439.978540723282,29.58887647792783,6568.690153402268
2064,6413.226420922057,15.34264694000492,26.668701470948882,6439.895122393005,29.588750295669247,6568.606186179167
2065,6413.150050738775,15.342464236217165,26.66170270836733,6439.811753447142,29.58862458558453,6568.522270394435
2066,6413.073699232382,15.342281577110962,26.654734493695855,6439.728433726078,29.588499345705372,6568.438405879896
2067,6412.997366324931,15.342098962499835,26.647796745746856,6439.645163070678,29.5883745740725,6568.354592467893
2068,6412.92105193828,15.341916392196842,26.640889383665858,6439.561941321946,29.588250268735635,6568.2708299909455
2069,6412.844755994492,15.341733866015531,26.63401232693029,6439.478768321422,29.588126427753444,6568.18711828215
2070,6412.768478416192,15.341551383770794,26.627165495348276,6439.39564391154,29.588003049193492,6568.103457175532
2071,6412.692219125704,15.341368945276804,26.62034880905744,6439.312567934761,29.587880131132202,6568.019846505186
2072,6412.615978045342,15.341186550347707,26.61356218852375,6439.229540233866,29.5877576716548,6567.936286105564
2073,6412.5397550981,15.341004198799281,26.606805554540266,6439.14656065264,29.587635668855313,6567.852775812161
2074,6412.463550206301,15.340821890445696,26.600078828225996,6439.063629034527,29.587514120836463,6567.769315460166
2075,6412.387363293172,15.340639625103282,26.59338193102469,6438.980745224197,29.58739302570967,6567.685904886033
2076,6412.311194281625,15.340457402587619,26.586714784703695,6438.897909066329,29.587272381594993,6567.602543926267
2077,6412.235043094874,15.34027522271501,26.580077311352714,6438.815120406226,29.587152186621083,6567.519232418028
2078,6412.158909656225,15.340093085301973,26.573469433382655,6438.732379089607,29.58703243892516,6567.4359701989315
2079,6412.082793888685,15.339910990164318,26.56689107352449,6438.64968496221,29.586913136652946,6567.352757106651
2080,6412.006695716271,15.339728937120265,26.56034215482808,6438.567037871099,29.58679427795863,6567.269592980219
2081,6411.9306150621505,15.339546925986006,26.553822600660958,6438.484437662812,29.58667586100486,6567.186477658182
2082,6411.854551850434,15.339364956579987,26.547332334707207,6438.401884185141,29.58655788396264,6567.103410980379
2083,6411.778506004665,15.339183028719296,26.540871280966375,6438.319377285632,29.586440345011336,6567.020392786431
2084,6411.702477449098,15.339001142222724,26.534439363752167,6438.236916812851,29.586323242338615,6566.9374229170235
2085,6411.626466107729,15.338819296908444,26.528036507691397,6438.154502615421,29.586206574140427,6566.854501212932
2086,6411.55047190486,15.33863749259536,26.52166263772284,6438.072134542584,29.586090338620906,6566.771627515584
2087,6411.4744947648,15.33845572910239,26.515317679096047,6437.989812443896,29.585974533992427,6566.688801666763
2088,6411.398534612037,15.338274006248893,26.509001557370233,6437.907536169408,29.58585915847548,6566.606023508776
2089,6411.322591371159,15.338092323854449,26.50271419841311,6437.825305569572,29.58574421029865,6566.523292884372
2090,6411.2466649668095,15.337910681738778,26.496455528399807,6437.743120495209,29.58562968769861,6566.440609636698
2091,6411.170755324203,15.337729079722974,26.490225473811666,6437.660980798015,29.585515588920053,6566.357973609817
2092,6411.094862367742,15.337547517626177,26.48402396143517,6437.578886329177,29.58540191221564,6566.275384647315
2093,6411.018986023095,15.337365995270561,26.477850918360836,6437.4968369414555,29.58528865584601,6566.192842594386
2094,6410.943126215245,15.337184512476663,26.471706271981972,6437.414832487227,29.585175818079698,6566.110347295873
2095,6410.867282869662,15.337003069066176,26.465589949993763,6437.332872819656,29.585063397193103,6566.0278985974455
2096,6410.791455911605,15.336821664860299,26.45950188039194,6437.250957791997,29.584951391470472,6565.945496344893
2097,6410.715645266911,15.336640299681607,26.453441991471838,6437.169087258383,29.584839799203827,6565.8631403849195
2098,6410.639850861152,15.336458973352038,26.44741021182718,6437.087261072979,29.58472861869296,6565.780830564294
2099,6410.564072620306,15.336277685694514,26.441406470349005,6437.005479090655,29.584617848245383,6565.6985667305225
2100,6410.488310470298,15.336096436531813,26.435430696224607,6436.923741166523,29.584507486176292,6565.61634873139
2101,6410.412564337319,15.335915225687366,26.429482818936417,6436.842047156256,29.584397530808506,6565.534176415273
2102,6410.336834147557,15.335734052984586,26.423562768260865,6436.760396915818,29.584287980472478,6565.452049630873
2103,6410.261119827276,15.335552918247073,26.417670474267332,6436.678790301544,29.58417883350621,6565.369968227295
2104,6410.185421303149,15.3353718212994,26.411805867317085,6436.597227170467,29.584070088255263,6565.287932054377
2105,6410.109738501707,15.335190761965807,26.40596887806212,6436.515707379769,29.583961743072667,6565.205940962135
2106,6410.034071349664,15.335009740070968,26.400159437444152,6436.434230787108,29.583853796318927,6565.123994801095
2107,6409.958419774256,15.334828755440803,26.3943774766935,6436.352797250949,29.583746246361965,6565.042093422624
2108,6409.882783701982,15.334647807899477,26.38862292732805,6436.27140662931,29.583639091577105,6564.960236677671
2109,6409.80716306013,15.334466897273037,26.382895721152106,6436.190058781282,29.583532330347023,6564.878424418291
2110,6409.731557776134,15.33428602338788,26.37719579025541,6436.108753566389,29.5834259610617,6564.7966564970075
2111,6409.655967777371,15.334105186070266,26.37152306701204,6436.0274908443835,29.583319982118397,6564.714932766598
2112,6409.580392991147,15.333924385146284,26.365877484079363,6435.946270475227,29.583214391921643,6564.6332530800855
2113,6409.504833345373,15.333743620443476,26.360258974396935,6435.86509231977,29.583109188883167,6564.551617291412
2114,6409.429288767584,15.333562891788478,26.354667471185515,6435.783956238769,29.583004371421886,6564.470025254454
2115,6409.353759185865,15.333382199009247,26.34910290794594,6435.702862093811,29.58289993796383,6564.388476823953
2116,6409.278244528215,15.333201541933528,26.34356521845816,6435.621809746673,29.582795886942172,6564.306971854871
2117,6409.202744722812,15.333020920389503,26.338054336780115,6435.540799059592,29.582692216797163,6564.22551020266
2118,6409.127259697844,15.332840334205368,26.33257019724674,6435.459829895091,29.582588925976047,6564.1440917230875
2119,6409.051789382032,15.332659783210604,26.32711273446897,6435.378902116501,29.582486012933135,6564.062716272761
2120,6408.976333703744,15.332479267233836,26.321681883332587,6435.298015587076,29.582383476129664,6563.98138370824
2121,6408.900892591608,15.332298786104325,26.316277578997294,6435.217170170605,29.582281314033846,6563.900093886652
2122,6408.825465974561,15.332118339652059,26.310899756895626,6435.136365731456,29.58217952512077,6563.818846665731
2123,6408.750053781398,15.331937927706694,26.305548352731982,6435.05560213413,29.582078107872427,6563.737641903375
2124,6408.674655941581,15.331757550099475,26.30022330248153,6434.974879244062,29.581977060777636,6563.656479458445
2125,6408.5992723840445,15.331577206660393,26.294924542389303,6434.894196926434,29.581876382332,6563.575359189578
2126,6408.523903038173,15.33139689722051,26.289652008969078,6434.813555047142,29.581776071037947,6563.494280956156
2127,6408.448547833424,15.33121662161106,26.284405639002433,6434.732953472426,29.581676125404606,6563.413244617936
2128,6408.373206699578,15.331036379664063,26.27918536953767,6434.652392069116,29.581576543947847,6563.33225003529
2129,6408.297879566209,15.330856171211027,26.2739911378889,6434.571870704098,29.581477325190193,6563.251297068675
2130,6408.222566363154,15.330675996084102,26.268822881634975,6434.491389244789,29.581378467660837,6563.170385579114
2131,6408.147267020631,15.330495854116343,26.26368053861849,6434.4109475592495,29.58127996989557,6563.089515428295
2132,6408.07198146882,15.330315745140718,26.258564046944866,6434.330545515765,29.58118183043677,6563.008686478165
2133,6407.996709637607,15.33013566898949,26.25347334498126,6434.250182982588,29.58108404783338,6562.927898590663
2134,6407.921451457989,15.32995562549758,26.248408371355666,6434.169859829344,29.580986620640857,6562.847151629132
2135,6407.8462068600775,15.329775614497793,26.24336906495586,6434.089575925033,29.58088954742113,6562.7664454563155
2136,6407.7709757745615,15.32959563582431,26.238355364928463,6434.00933113949,29.580792826742638,6562.68577993582
2137,6407.695758132451,15.329415689312084,26.233367210677947,6433.929125343129,29.58069645718019,6562.605154931863
2138,6407.620553864801,15.329235774796174,26.228404541865665,6433.8489584066665,29.580600437315027,6562.524570308987
2139,6407.545362902544,15.32905589211135,26.223467298408888,6433.768830200953,29.58050476573475,6562.444025931899
2140,6407.4701851766495,15.328876041092462,26.218555420479838,6433.688740597129,29.580409441033304,6562.363521665624
2141,6407.395020618745,15.328696221575944,26.213668848504685,6433.608689467249,29.580314461810932,6562.283057376127
2142,6407.3198691603,15.328516433397848,26.208807523162655,6433.528676683462,29.58021982667417,6562.202632929495
2143,6407.244730732924,15.328336676394555,26.203971385385007,6433.448702118309,29.58012553423579,6562.122248192234
2144,6407.169605268622,15.328156950403402,26.19916037635416,6433.3687656449765,29.58003158311477,6562.041903031526
2145,6407.094492698681,15.327977255260002,26.194374437502645,6433.288867136184,29.579937971936303,6561.961597314107
2146,6407.019392955932,15.327797590803664,26.189613510512217,6433.209006466444,29.579844699331737,6561.881330908537
2147,6406.944305971716,15.327617956870133,26.184877537312857,6433.129183509029,29.579751763938553,6561.801103682162
2148,6406.869231678887,15.327438353298774,26.180166460081953,6433.049398138969,29.57965916440031,6561.72091550411
2149,6406.794170009725,15.327258779927572,26.17548022124322,6432.969650230969,29.579566899366668,6561.640766243214
2150,6406.71912089679,15.327079236595191,26.170818763465896,6432.889939660256,29.579474967493326,6561.560655768852
2151,6406.644084272892,15.326899723140889,26.166182029663698,6432.810266302556,29.579383367441977,6561.480583950928
2152,6406.569060070771,15.326720239403759,26.16156996299395,6432.730630033765,29.57929209788034,6561.400550659544
2153,6406.494048223432,15.326540785223523,26.156982506856643,6432.651030730289,29.579201157482068,6561.3205557653355
2154,6406.419048663971,15.326361360440123,26.152419604893513,6432.571468268864,29.579110544926746,6561.240599139295
2155,6406.344061325866,15.326181964894417,26.147881200987126,6432.491942526854,29.579020258899867,6561.160680653068
2156,6406.269086142078,15.326002598426024,26.143367239260023,6432.412453381338,29.578930298092807,6561.080800178042
2157,6406.194123046522,15.325823260876847,26.138877664073732,6432.333000710595,29.578840661202786,6561.000957586827
2158,6406.11917197293,15.32564395208835,26.13441242002784,6432.253584392958,29.57875134693284,6560.921152752116
2159,6406.044232854544,15.325464671900823,26.12997145195916,6432.174204306503,29.578662353991795,6560.841385546368
2160,6405.969305626022,15.325285420157948,26.125554704940832,6432.094860330963,29.57857368109427,6560.761655843723
2161,6405.8943902211095,15.325106196701219,26.121162124281348,6432.0155523453905,29.578485326960582,6560.681963517669
2162,6405.819486574021,15.324927001373256,26.116793655523722,6431.9362802295445,29.578397290316804,6560.602308442422
2163,6405.744594619029,15.324747834016817,26.112449244444576,6431.857043863473,29.578309569894653,6560.522690492515
2164,6405.669714290865,15.324568694475754,26.10812883705327,6431.7778431279185,29.57822216443155,6560.4431095431955
2165,6405.594845524038,15.324389582593392,26.103832379590997,6431.698677903629,29.578135072670506,6560.3635654697455
2166,6405.51998825347,15.324210498214043,26.09955981852992,6431.619548072,29.57804829336017,6560.284058148117
2167,6405.445142413794,15.324031441181326,26.095311100572246,6431.540453514366,29.577961825254746,6560.204587454225
2168,6405.370307940375,15.32385241134061,26.09108617264939,6431.461394113025,29.577875667114018,6560.12515326497
2169,6405.295484768154,15.323673408536253,26.086884981921123,6431.382369750075,29.577789817703277,6560.045755457084
2170,6405.220672832678,15.323494432614062,26.082707475774647,6431.303380308453,29.577704275793327,6559.966393908154
2171,6405.145872069184,15.323315483419101,26.07855360182379,6431.224425671008,29.577619040160442,6559.887068495706
2172,6405.0710824135795,15.323136560798037,26.074423307908113,6431.145505721488,29.577534109586367,6559.807779098189
2173,6404.9963038013875,15.32295766459662,26.070316542092044,6431.066620343479,29.577449482858235,6559.728525593912
2174,6404.921536168735,15.322778794662044,26.066233252664052,6430.987769421399,29.577365158768615,6559.649307862042
2175,6404.846779451304,15.322599950840441,26.062173388135726,6430.90895283944,29.577281136115438,6559.570125781542
2176,6404.772033585706,15.322421132980157,26.05813689724098,6430.830170482946,29.577197413701985,6559.49097923255
2177,6404.6972985077555,15.322242340927644,26.054123728935224,6430.751422236691,29.577113990336855,6559.411868094656
2178,6404.622574154439,15.32206357453215,26.050133832394494,6430.672707986833,29.577030864833972,6559.332792248861
2179,6404.547860461826,15.32188483364073,26.04616715701458,6430.59402761884,29.57694803601251,6559.253751575495
2180,6404.473157367204,15.321706118103359,26.042223652410247,6430.515381019614,29.576865502696908,6559.174745956346
2181,6404.398464807064,15.321527427768094,26.038303268414364,6430.436768075478,29.576783263716827,6559.095775272646
2182,6404.323782718334,15.321348762484051,26.034405955077066,6430.358188673411,29.57670131790714,6559.016839406307
2183,6404.2491110386145,15.321170122101949,26.03053166266499,6430.279642701279,29.576619664107884,6558.9379382401485
2184,6404.174449704859,15.320991506470955,26.02668034166035,6430.20113004652,29.576538301164263,6558.859071656585
2185,6404.099798654621,15.320812915441676,26.022851942760205,6430.122650597381,29.576457227926603,6558.780239538862
2186,6404.025157825487,15.320634348864802,26.01904641687561,6430.044204242363,29.57637644325036,6558.701441770502
2187,6403.950527155244,15.320455806591493,26.01526371513075,6429.965790870375,29.576295945996044,6558.622678235458
2188,6403.875906581577,15.32027728847267,26.011503788862235,6429.887410370439,29.57621573502923,6558.543948817816
2189,6403.8012960428205,15.320098794360815,26.007766589618218,6429.809062632438,29.57613580922055,6558.465253402548
2190,6403.726695476775,15.319920324107116,26.004052069157563,6429.730747545932,29.57605616744563,6558.38659187432
2191,6403.652104821839,15.319741877564208,26.000360179449093,6429.652465001288,29.5759768085851,6558.307964118633
2192,6403.57752401627,15.319563454584378,25.996690872670804,6429.574214888941,29.57589773152454,6558.229370021073
2193,6403.502952999215,15.319385055022046,25.993044101209012,6429.495997100425,29.575818935154494,6558.150809468347
2194,6403.4283917089915,15.319206678729644,25.989419817657602,6429.4178115266495,29.57574041837042,6558.072282346561
2195,6403.353840084505,15.319028325561016,25.985817974817216,6429.339658059322,29.575662180072644,6557.993788542638
2196,6403.279298064606,15.318849995369872,25.9822385256945,6429.261536590301,29.575584219166437,6557.915327943675
2197,6403.2047655886145,15.318671688011039,25.97868142350127,6429.183447012116,29.575506534561857,6557.83690043746
2198,6403.130242596093,15.318493403339936,25.97514662165379,6429.105389217747,29.575429125173823,6557.758505912253
2199,6403.055729025855,15.31831514121018,25.97163407377191,6429.027363099627,29.575351989922066,6557.680144255788
2200,6402.981224818095,15.318136901478697,25.96814373367838,6428.949368551774,29.575275127731107,6557.601815357404
2201,6402.906729911966,15.317958683999919,25.964675555398024,6428.871405467364,29.57519853753021,6557.52351910562
2202,6402.832244247857,15.317780488631236,25.96122949315697,6428.793473741013,29.575122218253384,6557.445255390416
2203,6402.757767765502,15.317602315228473,25.957805501381902,6428.715573266883,29.5750461688394,6557.367024101335
2204,6402.683300404984,15.317424163648287,25.954403534699317,6428.637703939683,29.574970388231677,6557.288825128491
2205,6402.608842106778,15.317246033748273,25.951023547934696,6428.559865654713,29.574894875378337,6557.210658362608
2206,6402.534392811225,15.317067925385706,25.947665496111824,6428.482058307337,29.57481962923216,6557.132523694497
2207,6402.459952458921,15.316889838418472,25.944329334452007,6428.404281793373,29.574744648750553,6557.0544210154385
2208,6402.385520990598,15.31671177270478,25.941015018373324,6428.326536008971,29.574669932895542,6556.976350217066
2209,6402.311098347218,15.316533728103392,25.93772250348985,6428.2488208507075,29.57459548063374,6556.898311191464
2210,6402.236684469586,15.316355704472695,25.934451745610932,6428.171136215197,29.574521290936328,6556.82030383077
2211,6402.162279299177,15.316177701672672,25.931202700740457,6428.0934819999175,29.574447362779072,6556.742328028006
2212,6402.087882776854,15.315999719561852,25.927975325076098,6428.01585810193,29.574373695142214,6556.6643836757985
2213,6402.013494844332,15.315821758000794,25.92476957500857,6427.93826441934,29.57430028701055,6556.586470667836
2214,6401.939115443163,15.315643816849672,25.921585407120915,6427.860700850284,29.574227137373338,6556.508588897858
2215,6401.864744515164,15.315465895969291,25.918422778187782,6427.783167293352,29.57415424522432,6556.430738260077
2216,6401.790382001963,15.315287995220007,25.915281645174645,6427.705663647137,29.574081609561667,6556.35291864873
2217,6401.716027845834,15.315110114463717,25.912161965237146,6427.628189811071,29.574009229388004,6556.275129958909
2218,6401.64168198908,15.314932253562393,25.909063695720306,6427.550745684801,29.57393710371033,6556.1973720859405
2219,6401.567344373603,15.314754412377042,25.905986794157872,6427.473331167761,29.57386523154006,6556.11964492496
2220,6401.493014942117,15.314576590770615,25.902931218271583,6427.395946160389,29.573793611892967,6556.041948372123
2221,6401.41869363701,15.314398788605287,25.89989692597037,6427.31859056298,29.573722243789163,6555.964282323463
2222,6401.344380401256,15.314221005744631,25.89688387534981,6427.241264276606,29.57365112625309,6555.886646675806
2223,6401.270075177601,15.314043242051676,25.89389202469127,6427.163967202292,29.573580258313502,6555.809041325956
2224,6401.195777909348,15.313865497390784,25.89092133246128,6427.08669924181,29.57350963900345,6555.7314661714745
2225,6401.121488539375,15.313687771625299,25.887971757310776,6427.009460296686,29.57343926736023,6555.653921109702
2226,6401.04720701117,15.313510064620024,25.885043258074457,6426.932250269245,29.573369142425395,6555.5764060387955
2227,6400.972933268158,15.313332376239613,25.882135793770075,6426.855069061929,29.57329926324474,6555.498920857043
2228,6400.898667253698,15.31315470634856,25.87924932359772,6426.777916577295,29.573229628868273,6555.421465462872
2229,6400.82440891208,15.312977054813588,25.87638380693913,6426.700792719019,29.57316023835016,6555.3440397558425
2230,6400.750158186973,15.312799421499935,25.873539203357034,6426.62369739033,29.57309109074877,6555.266643635086
2231,6400.675915022037,15.312621806272816,25.870715472594412,6426.546630494631,29.57302218512661,6555.189276999932
2232,6400.601679362157,15.312444209000375,25.867912574573882,6426.4695919367305,29.572953520550328,6555.111939751125
2233,6400.527451151371,15.312266629548734,25.865130469396966,6426.3925816207675,29.572885096090697,6555.0346317887615
2234,6400.453230334055,15.31208906778482,25.862369117343427,6426.315599451398,29.572816910822567,6554.957353013477
2235,6400.379016854862,15.311911523576224,25.859628478870587,6426.238645333733,29.57274896382488,6554.880103326372
2236,6400.304810658838,15.311733996791478,25.856908514612684,6426.16171917345,29.572681254180623,6554.802882629136
2237,6400.2306116904365,15.311556487297695,25.854209185380178,6426.084820875817,29.57261378097684,6554.7256908230665
2238,6400.156419895349,15.31137899496495,25.851530452159093,6426.007950347508,29.572546543304597,6554.648527810883
2239,6400.082235218371,15.311201519661175,25.84887227611037,6425.931107494482,29.572479540258946,6554.571393494608
2240,6400.00805760493,15.311024061255814,25.84623461856915,6425.854292223499,29.57241277093895,6554.494287777084
2241,6399.933887000447,15.310846619618294,25.843617441044174,6425.777504441491,29.57234623444763,6554.417210561338
2242,6399.859723350861,15.310669194619285,25.84102070521711,6425.700744056078,29.572279929891934,6554.340161751108
2243,6399.785566601878,15.310491786128894,25.838444372941872,6425.62401097482,29.572213856382795,6554.263141250085
2244,6399.711416699463,15.310314394017855,25.835888406243996,6425.547305105707,29.57214801303502,6554.186148962409
2245,6399.637273589453,15.310137018156587,25.833352767320008,6425.470626356773,29.572082398967325,6554.109184792281
2246,6399.563137218446,15.309959658417336,25.830837418536767,6425.393974636983,29.5720170133023,6554.032248644849
2247,6399.489007532589,15.309782314671267,25.82834232243076,6425.31734985502,29.571951855166404,6553.955340424995
2248,6399.414884478419,15.309604986790475,25.82586744170755,6425.240751920126,29.57188692368994,6553.878460038177
2249,6399.340768002789,15.309427674647822,25.823412739241142,6425.164180742031,29.571822218007043,6553.801607390362
2250,6399.2666580523,15.30925037811555,25.82097817807327,6425.087636230373,29.571757737255627,6553.724782387435
2251,6399.192554574352,15.309073097067827,25.818563721412815,6425.011118295764,29.57169348057746,6553.647984936277
2252,6399.118457515517,15.308895831376834,25.816169332635177,6424.934626848152,29.571629447118017,6553.571214943116
2253,6399.044366823485,15.308718580917427,25.813794975281617,6424.858161798767,29.571565636026573,6553.494472315482
2254,6398.97028244543,15.30854134556323,25.811440613058675,6424.781723058489,29.57150204645614,6553.417756960573
2255,6398.8962043290785,15.308364125189183,25.809106209837495,6424.705310538916,29.571438677563442,6553.341068786317
2256,6398.822132422047,15.308186919669968,25.806791729653273,6424.6289241517,29.571375528508923,6553.2644077007135
2257,6398.748066672148,15.308009728880736,25.804497136704548,6424.552563808852,29.571312598456707,6553.187773612139
2258,6398.674007027466,15.307832552697288,25.802222395352672,6424.476229422819,29.571249886574613,6553.1111664294185
2259,6398.599953436015,15.307655390995253,25.799967470121157,6424.399920906137,29.57118739203409,6553.034586061485
2260,6398.525905846413,15.307478243651705,25.7977323256951,6424.323638172108,29.57112511401025,6552.958032418052
2261,6398.451864206668,15.307301110542268,25.795516926920563,6424.2473811335885,29.57106305168181,6552.881505408404
2262,6398.377828465731,15.307123991544811,25.793321238803905,6424.171149704535,29.57100120423113,6552.80500494294
2263,6398.303798572102,15.30694688653613,25.791145226511215,6424.094943798614,29.570939570844118,6552.728530931786
2264,6398.22977447497,15.306769795394667,25.788988855367766,6424.0187633303385,29.570878150710307,6552.652083285929
2265,6398.155756122969,15.306592717997534,25.78685209085739,6423.942608213827,29.570816943022756,6552.575661915976
2266,6398.081743465367,15.306415654223366,25.784734898621853,6423.866478363989,29.570755946978064,6552.499266733344
2267,6398.0077364517765,15.306238603951618,25.782637244460265,6423.790373696237,29.570695161776392,6552.422897649964
2268,6397.933735031261,15.306061567060432,25.780559094328474,6423.714294125589,29.570634586621384,6552.3465545773915
2269,6397.859739153748,15.305884543430018,25.778500414338566,6423.638239568087,29.570574220720196,6552.27023742822
2270,6397.785748768915,15.305707532939989,25.776461170758218,6423.562209939673,29.57051406328346,6552.193946114956
2271,6397.711763826566,15.305530535470254,25.774441330010074,6423.486205156576,29.570454113525273,6552.117680550411
2272,6397.637784276956,15.30535355090181,25.77244085867124,6423.410225135627,29.570394370663188,6552.041440648012
2273,6397.563810070076,15.305176579115015,25.770459723472648,6423.334269793549,29.57033483391818,6551.965226321093
2274,6397.489841156528,15.304999619991694,25.768497891298527,6423.258339047827,29.570275502514665,6551.889037483766
2275,6397.41587748661,15.304822673412943,25.766555329185795,6423.182432815795,29.570216375680435,6551.812874050005
2276,6397.341919010891,15.304645739260504,25.764632004323452,6423.106551015214,29.57015745264669,6551.736735934227
2277,6397.267965680436,15.30446881741731,25.762727884052094,6423.030693564488,29.570098732648006,6551.660623051506
2278,6397.194017445947,15.304291907765423,25.760842935863323,6422.95486038181,29.570040214922297,6551.584535316722
2279,6397.12007425855,15.304115010187918,25.758977127399124,6422.8790513859485,29.569981898710854,6551.508472645341
2280,6397.0461360698,15.3039381245689,25.757130426451383,6422.803266496251,29.569923783258265,6551.4324349534245
2281,6396.972202830483,15.303761250790629,25.755302800961253,6422.727505631445,29.56986586781244,6551.356422156428
2282,6396.898274492576,15.303584388738221,25.75349421901862,6422.651768711595,29.569808151624592,6551.280434171162
2283,6396.824351007763,15.303407538296083,25.751704648861583,6422.576055656625,29.569750633949226,6551.204470914304
2284,6396.750432327615,15.303230699348362,25.74993405887586,6422.500366386491,29.5696933140441,6551.128532302583
2285,6396.6765184043015,15.303053871780625,25.74818241759425,6422.424700821895,29.56963619117024,6551.052618253486
2286,6396.602609189989,15.302877055478444,25.74644969369606,6422.349058883686,29.56957926459189,6550.976728684661
2287,6396.528704636576,15.302700250326737,25.744735856006624,6422.273440492582,29.56952253357656,6550.900863513641
2288,6396.454804696777,15.302523456212384,25.74304087349665,6422.197845570273,29.569465997394943,6550.825022658941
2289,6396.380909323103,15.302346673021777,25.741364715281758,6422.122274038385,29.569409655320918,6550.7492060390305
2290,6396.307018468127,15.302169900641452,25.739707350621934,6422.046725818749,29.56935350663158,6550.6734135725965
2291,6396.233132085009,15.301993138959352,25.738068748920956,6421.97120083393,29.56929755060716,6550.597645179071
2292,6396.159250126575,15.301816387862619,25.736448879725884,6421.895699006301,29.569241786531073,6550.5219007777105
2293,6396.085372545858,15.301639647238895,25.734847712726502,6421.820220258584,29.569186213689854,6550.446180288135
2294,6396.01149929611,15.30146291697634,25.73326521775482,6421.7447645138645,29.56913083137318,6550.370483630338
2295,6395.937630331023,15.301286196964169,25.731701364784513,6421.669331695807,29.569075638873823,6550.2948107249085
2296,6395.863765604198,15.301109487091383,25.730156123930392,6421.593921728128,29.569020635487668,6550.2191614925
2297,6395.789905068987,15.30093278724638,25.72862946544791,6421.518534534434,29.56896582051367,6550.143535853669
2298,6395.716048679647,15.30075609731973,25.727121359732557,6421.44317003938,29.568911193253882,6550.067933730034
2299,6395.642196390147,15.300579417201307,25.72563177731947,6421.3678281674665,29.568856753013385,6549.992355043075
2300,6395.568348154492,15.300402746781081,25.724160688882762,6421.292508843375,29.568802499100315,6549.916799714461
2301,6395.494503927144,15.300226085950106,25.72270806523507,6421.217211992379,29.56874843082585,6549.841267666471
2302,6395.420663662479,15.30004943459923,25.72127387732713,6421.141937539805,29.56869454750417,6549.765758821449
2303,6395.346827315115,15.299872792619892,25.719858096247094,6421.0666854113615,29.56864084845246,6549.69027310213
2304,6395.272994840043,15.299696159904409,25.71846069322013,6420.991455533263,29.568587332990905,6549.614810431774
2305,6395.199166191842,15.29951953634412,25.71708163960789,6420.91624783145,29.568534000442654,6549.539370733376
2306,6395.125341325718,15.299342921831862,25.715720906907965,6420.841062232626,29.568480850133838,6549.463953930708
2307,6395.051520197165,15.299166316261159,25.714378466753406,6420.765898663918,29.568427881393514,6549.38855994798
2308,6394.977702760818,15.298989719523489,25.713054290912254,6420.6907570517305,29.5683750935537,6549.313188708689
2309,6394.903888972896,15.298813131514105,25.711748351286978,6420.615637324183,29.568322485949327,6549.237840138063
2310,6394.830078788642,15.298636552125938,25.71046061991398,6420.540539408556,29.568270057918234,6549.1625141605
2311,6394.756272163841,15.298459981253208,25.709191068963122,6420.465463232804,29.568217808801155,6549.087210701089
2312,6394.682469054842,15.298283418791488,25.707939670737186,6420.390408725579,29.568165737941737,6549.011929685626
2313,6394.608669417223,15.298106864634503,25.70670639767146,6420.315375814894,29.568113844686472,6548.93667103928
2314,6394.534873207331,15.297930318677825,25.705491222333166,6420.240364429664,29.56806212838471,6548.861434688137
2315,6394.4610803818305,15.297753780817777,25.70429411742099,6420.165374499252,29.568010588388677,6548.786220558743
2316,6394.387290896947,15.297577250949633,25.703115055764613,6420.090405952712,29.567959224053418,6548.711028577344
2317,6394.313504709449,15.297400728969974,25.701954010324183,6420.015458719773,29.567908034736785,6548.635858670878
2318,6394.239721776145,15.297224214775467,25.700810954189848,6419.940532730336,29.56785701979946,6548.560710766464
2319,6394.165942053968,15.297047708263081,25.69968586058127,6419.86562791455,29.567806178604915,6548.485584791481
2320,6394.092165500177,15.296871209330567,25.698578702847136,6419.790744203024,29.56775551051942,6548.410480673783
2321,6394.018392071848,15.296694717875235,25.69748945446474,6419.715881526313,29.567705014911994,6548.33539834118
2322,6393.94462172653,15.296518233795528,25.69641808903939,6419.6410398155695,29.56765469115443,6548.260337722091
2323,6393.870854421674,15.296341756989651,25.69536458030403,6419.566219001978,29.56760453862127,6548.185298744981
2324,6393.797090114897,15.296165287356214,25.694328902118677,6419.491419017016,29.5675545566898,6548.110281338616
2325,6393.723328764303,15.295988824794984,25.69331102847004,6419.416639792773,29.567504744740013,6548.035285432392
2326,6393.649570327728,15.295812369205091,25.692310933470964,6419.341881261199,29.56745510215462,6547.960310955572
2327,6393.575814763288,15.295635920486335,25.691328591360016,6419.2671433546475,29.567405628319037,6547.885357837836
2328,6393.5020620292125,15.295459478538787,25.690363976500965,6419.192426005713,29.567356322621364,6547.810426009116
2329,6393.428312084073,15.295283043263332,25.689417063382344,6419.117729147455,29.567307184452382,6547.735515399823
2330,6393.35456488632,15.295106614560574,25.688487826617,6419.043052712937,29.567258213205534,6547.660625940382
2331,6393.28082039462,15.294930192331625,25.687576240941578,6418.9683966355615,29.567209408276913,6547.585757561566
2332,6393.207078568199,15.294753776478945,25.686682281216147,6418.893760849415,29.567160769065254,6547.510910194849
2333,6393.133339365503,15.294577366903118,25.68580592242363,6418.819145287926,29.567112294971924,6547.436083771055
2334,6393.059602746311,15.29440096350792,25.68494713966941,6418.74454988598,29.567063985400907,6547.361278222474
2335,6392.985868669645,15.294224566195323,25.684105908180843,6418.669974577826,29.567015839758795,6547.286493480777
2336,6392.912137094577,15.294048174867408,25.68328220330685,6418.595419297883,29.56696785745477,6547.211729477812
2337,6392.838407981295,15.293871789428936,25.68247600051742,6418.520883981812,29.5669200379006,6547.13698614668
2338,6392.764681289361,15.29369540978316,25.681687275403124,6418.446368564764,29.566872380510638,6547.062263419985
2339,6392.690956978685,15.293519035834175,25.680916003674756,6418.3718729823595,29.566824884701756,6546.987561230812
2340,6392.6172350090355,15.293342667485732,25.680162161162826,6418.297397170199,29.566777549893434,6546.912879512235
2341,6392.543515340847,15.293166304643174,25.67942572381711,6418.222941064664,29.56673037550764,6546.838218198122
2342,6392.469797934351,15.292989947211366,25.678706667706198,6418.148504602057,29.566683360968906,6546.763577222272
2343,6392.396082750252,15.292813595096298,25.67800496901708,6418.074087719269,29.566636505704246,6546.688956519083
2344,6392.322369748623,15.292637248202446,25.67732060405468,6417.999690352677,29.56658980914321,6546.61435602245
2345,6392.248658890781,15.292460906437276,25.676653549241376,6417.925312440023,29.566543270717823,6546.539775667646
2346,6392.174950137669,15.292284569707341,25.676003781116613,6417.850953918785,29.566496889862606,6546.465215389688
2347,6392.101243449688,15.292108237917914,25.675371276336463,6417.7766147260245,29.566450666014525,6546.390675123188
2348,6392.0275387887605,15.291931910977896,25.674756011673182,6417.702294800433,29.566404598613047,6546.3161548044
2349,6391.953836115843,15.291755588793883,25.674157964014732,6417.627994079858,29.56635868710007,6546.241654368743
2350,6391.8801353923955,15.291579271273674,25.67357711036438,6417.5537125027595,29.566312930919914,6546.167173752261
2351,6391.806436580212,15.291402958325866,25.673013427840267,6417.4794500080525,29.566267329519352,6546.092712891462
2352,6391.7327396411065,15.291226649859107,25.67246689367498,6417.405206534781,29.566221882347573,6546.018271722994
2353,6391.6590445370075,15.291050345782315,25.671937485215096,6417.330982022223,29.566176588856166,6545.943850183748
2354,6391.585351229669,15.290874046003992,25.671425179920746,6417.256776409589,29.566131448499107,6545.86944821056
2355,6391.511659681942,15.290697750435267,25.670929955365224,6417.182589637307,29.566086460732787,6545.795065741494
2356,6391.437969855567,15.290521458984609,25.67045178923458,6417.108421644802,29.56604162501595,6545.720702713621
2357,6391.364281713359,15.29034517156306,25.669990659327127,6417.034272372685,29.56599694080972,6545.646359065207
2358,6391.290595217784,15.290168888080824,25.669546543553025,6416.960141761338,29.565952407577562,6545.5720347343
2359,6391.216910331894,15.289992608449507,25.669119419933885,6416.886029751828,29.565908024785294,6545.4977296596435
2360,6391.143227018527,15.289816332580207,25.668709266602345,6416.811936285129,29.56586379190107,6545.423443779899
2361,6391.069545240599,15.289640060384208,25.66831606180168,6416.7378613024,29.56581970839536,6545.34917703392
2362,6390.995864961824,15.289463791774699,25.667939783885288,6416.663804745709,29.565775773740956,6545.2749293614825
2363,6390.922186144915,15.289287526662477,25.66758041131637,6416.589766556232,29.565731987412967,6545.200700701478
2364,6390.848508753816,15.289111264961281,25.667237922667482,6416.515746676483,29.565688348888763,6545.126490994149
2365,6390.774832752213,15.288935006584241,25.66691229662009,6416.441745048834,29.565644857648028,6545.052300179603
2366,6390.701158103793,15.288758751444481,25.66660351196419,6416.367761615757,29.565601513172705,6544.978128198059
2367,6390.627484772492,15.288582499455721,25.66631154759788,6416.293796320089,29.565558314946998,6544.9039749901085
2368,6390.553812722446,15.288406250532168,25.66603638252698,6416.219849104973,29.565515262457385,6544.829840496663
2369,6390.480141918131,15.288230004588831,25.665777995864552,6416.145919913995,29.565472355192572,6544.755724659083
2370,6390.406472323666,15.28805376153987,25.665536366830604,6416.072008690497,29.565429592643504,6544.681627418496
2371,6390.332803903475,15.28787752130018,25.66531147475154,6415.998115378226,29.565386974303344,6544.607548716446
2372,6390.259136622513,15.287701283785918,25.665103299059872,6415.924239921574,29.565344499667482,6544.533488495127
2373,6390.185470445572,15.287525048912851,25.664911819293724,6415.850382264865,29.5653021682335,6544.459446696681
2374,6390.111805337501,15.287348816596893,25.66473701509656,6415.776542352598,29.565259979501192,6544.3854232634285
2375,6390.038141263343,15.28717258675441,25.664578866216612,6415.70272012956,29.565217932972534,6544.31141813799
2376,6389.9644781886345,15.286996359302954,25.664437352506564,6415.628915541141,29.565176028151654,6544.237431263601
2377,6389.890816078703,15.286820134159576,25.664312453923174,6415.555128532626,29.565134264544884,6544.163462583397
2378,6389.8171548988885,15.28664391124136,25.664204150526857,6415.481359049415,29.5650926416607,6544.089512040639
2379,6389.743494615243,15.28646769046709,25.664112422481296,6415.407607037725,29.56505115900972,6544.015579579417
2380,6389.669835193028,15.286291471753655,25.66403725005298,6415.333872443081,29.5650098161047,6543.941665143137
2381,6389.5961765989505,15.286115255021413,25.663978613610894,6415.260155212562,29.564968612460525,6543.867768676765
2382,6389.522518798447,15.285939040187673,25.663936493626043,6415.186455292073,29.564927547594216,6543.793890124108
2383,6389.448861758204,15.285762827172736,25.663910870671156,6415.112772628875,29.56488662102489,6543.720029430333
2384,6389.375205444647,15.285586615896284,25.663901725420168,6415.039107170067,29.56484583227377,6543.646186540458
2385,6389.301549823928,15.285410406277341,25.663909038647958,6414.965458862576,29.564805180864177,6543.572361399335
2386,6389.227894863396,15.285234198237788,25.66393279122986,6414.891827654626,29.564764666321505,6543.498553953124
2387,6389.1542405292985,15.285057991696887,25.663972964141326,6414.8182134934395,29.564724288173224,6543.424764146993
2388,6389.0805867887075,15.284881786575856,25.66402953845753,6414.744616327165,29.564684045948887,6543.350991927043
2389,6389.006933609057,15.284705582796787,25.664102495352967,6414.671036104411,29.56464393918008,6543.277237239844
2390,6388.933280957525,15.28452938028116,25.664191816101063,6414.597472773627,29.564603967400444,6543.203500031818
2391,6388.859628801329,15.284353178950546,25.66429748207384,6414.523926283403,29.56456413014567,6543.129780249536
2392,6388.785977108211,15.284176978727778,25.664419474741436,6414.450396582953,29.56452442695347,6543.0560778402005
2393,6388.7123258457295,15.284000779535239,25.664557775671803,6414.376883621401,29.564484857363578,6542.982392750932
2394,6388.638674981928,15.283824581296477,25.664712366530303,6414.303387348458,29.56444542091773,6542.908724929451
2395,6388.565024484746,15.283648383934798,25.664883229079308,6414.229907713825,29.564406117159688,6542.83507432347
2396,6388.491374321991,15.283472187373185,25.665070345177853,6414.156444667169,29.564366945635186,6542.761440880682
2397,6388.417724462268,15.283295991536527,25.665273696781227,6414.082998159049,29.564327905891957,6542.687824549678
2398,6388.344074874123,15.283119796349578,25.665493265940636,6414.0095681400635,29.564288997479714,6542.6142252791005
2399,6388.270425525789,15.282943601736337,25.66572903480278,6413.936154560592,29.56425021995013,6542.540643017374
2400,6388.19677638629,15.282767407622703,25.66598098560943,6413.8627573718995,29.564211572856838,6542.467077713827
2401,6388.123127424168,15.282591213933417,25.666249100697172,6413.7893765248655,29.564173055755425,6542.393529317402
2402,6388.049478608359,15.282415020594161,25.666533362496992,6413.716011970856,29.564134668203433,6542.319997777541
2403,6387.9758299084315,15.282238827532133,25.66683375353385,6413.642663661965,29.56409640976032,6542.246483044422
2404,6387.902181293284,15.28206263467293,25.667150256426318,6413.56933154971,29.564058279987478,6542.172985067656
2405,6387.828532732592,15.281886441944,25.66748285388625,6413.496015586478,29.564020278448222,6542.099503797728
2406,6387.7548841957,15.281710249272008,25.66783152871844,6413.422715724418,29.563982404707787,6542.026039184897
2407,6387.681235652328,15.281534056584515,25.668196263820143,6413.349431916148,29.563944658333273,6541.952591179898
2408,6387.60758707249,15.281357863809784,25.668577042180807,6413.276164114671,29.563907038893706,6541.879159733859
2409,6387.533938425894,15.281181670875345,25.668973846881652,6413.202912272775,29.56386954596,6541.805744797702
2410,6387.46028968296,15.281005477710432,25.669386661095256,6413.129676344055,29.563832179104914,6541.732346323161
2411,6387.386640813983,15.280829284243978,25.669815468085346,6413.056456282068,29.563794937903104,6541.6589642619465
2412,6387.312991789188,15.280653090404757,25.670260251206265,6412.983252040394,29.563757821931077,6541.5855985657945
2413,6387.239342579314,15.280476896122762,25.670720993902705,6412.9100635732175,29.56372083076721,6541.512249187055
2414,6387.165693154906,15.280300701327526,25.67119767970933,6412.836890834616,29.563683963991686,6541.438916077979
2415,6387.092043486566,15.280124505948722,25.671690292250396,6412.7637337788165,29.56364722118655,6541.365599190978
2416,6387.01839354582,15.279948309918229,25.672198815239348,6412.690592361059,29.563610601935682,6541.2922984794795
2417,6386.944743303652,15.279772113166631,25.672723232478486,6412.61746653613,29.56357410582478,6541.219013896468
2418,6386.871092730987,15.27959591562437,25.673263527858676,6412.544356258845,29.56353773244133,6541.145745394965
2419,6386.797441799487,15.279419717223654,25.673819685358914,6412.471261484846,29.563501481374665,6541.072492928825
2420,6386.723790480789,15.279243517896624,25.674391689045954,6412.398182169835,29.56346535221587,6540.999256451974
2421,6386.650138746581,15.279067317575553,25.67497952307402,6412.325118269656,29.56342934455786,6540.926035918483
2422,6386.576486568347,15.278891116192217,25.675583171684345,6412.252069740031,29.563393457995318,6540.852831282311
2423,6386.50283391853,15.278714913680695,25.676202619204954,6412.179036537735,29.563357692124676,6540.779642498477
2424,6386.429180768944,15.278538709973551,25.676837850050145,6412.106018618994,29.56332204654418,6540.706469521461
2425,6386.3555270920715,15.278362505004957,25.677488848720273,6412.033015940792,29.56328652085378,6540.633312306506
2426,6386.281872860015,15.27818629870817,25.678155599801343,6411.960028459816,29.563251114655234,6540.560170808567
2427,6386.208218045585,15.278010091018148,25.678838087964646,6411.88705613355,29.563215827552003,6540.487044983401
2428,6386.134562621559,15.277833881869759,25.679536297966372,6411.814098919525,29.563180659149303,6540.413934786825
2429,6386.060906560373,15.277657671197066,25.68025021464738,6411.7411567750205,29.563145609054068,6540.3408401744055
2430,6385.987249835163,15.277481458935798,25.680979822932677,6411.668229658096,29.563110676874963,6540.267761102502
2431,6385.913592419372,15.277305245022422,25.681725107831205,6411.595317527203,29.56307586222235,6540.194697527871
2432,6385.839934285764,15.27712902939178,25.68248605443543,6411.5224203401995,29.56304116470833,6540.12164940668
2433,6385.766275408007,15.276952811980877,25.68326264792099,6411.449538055927,29.56300658394668,6540.048616696095
2434,6385.692615759601,15.276776592726318,25.68405487354635,6411.376670633147,29.56297211955286,6539.975599353202
2435,6385.618955314063,15.276600371564744,25.684862716652496,6411.303818030716,29.562937771144036,6539.902597335193
2436,6385.545294045653,15.276424148434575,25.685686162662485,6411.2309802083155,29.56290353833904,6539.829610600091
2437,6385.471631927757,15.276247923272145,25.686525197081245,6411.158157124838,29.562869420758364,6539.756639105137
2438,6385.397968934677,15.276071696015974,25.687379805495087,6411.085348740172,29.562835418024203,6539.683682808577
2439,6385.324305040777,15.27589546660473,25.68824997357144,6411.012555014348,29.562801529760364,6539.610741668806
2440,6385.2506402204235,15.275719234977089,25.689135687058517,6410.939775907482,29.56276775559232,6539.5378156443085
2441,6385.176974447966,15.27554300107169,25.690036931784903,6410.867011379751,29.56273409514718,6539.464904693641
2442,6385.103307698386,15.275366764828675,25.69095369365925,6410.794261392045,29.562700548053705,6539.392008776079
2443,6385.029639946073,15.275190526186778,25.691885958669953,6410.721525904743,29.562667113942254,6539.319127850392
2444,6384.955971166153,15.27501428508649,25.692833712884763,6410.648804879038,29.562633792444835,6539.246261876173
2445,6384.88230133399,15.274838041468875,25.693796942450447,6410.5760982764405,29.56260058319505,6539.173410813339
2446,6384.808630424424,15.274661795273742,25.694775633592478,6410.5034060580165,29.562567485828122,6539.100574621369
2447,6384.73495841281,15.27448554644213,25.695769772614696,6410.430728185424,29.562534499980863,6539.027753260341
2448,6384.661285274933,15.274309294916108,25.69677934589894,6410.358064620832,29.562501625291677,6538.954946690851
2449,6384.587610986422,15.274133040637373,25.697804339904753,6410.285415326327,29.562468861400568,6538.8821548734195
2450,6384.513935522828,15.273956783547437,25.698844741168983,6410.212780263997,29.5624362079491,6538.809377768575
2451,6384.44025886,15.273780523588515,25.69990053630547,6410.1401593963055,29.56240366458043,6538.73661533723
2452,6384.366580974474,15.273604260704484,25.700971712004712,6410.067552686479,29.562371230939267,6538.663867541065
2453,6384.292901841976,15.273427994837263,25.702058255033535,6409.99496009701,29.562338906671883,6538.5911343410335
2454,6384.219221439178,15.273251725931047,25.70316015223474,6409.922381591413,29.5623066914261,6538.518415699116
2455,6384.14553974236,15.27307545392909,25.70427739052676,6409.8498171328865,29.56227458485128,6538.445711576989
2456,6384.0718567283075,15.272899178775855,25.70540995690338,6409.777266685211,29.562242586598344,6538.373021936914
2457,6383.998172373773,15.272722900415724,25.706557838433334,6409.704730212206,29.56221069631973,6538.300346741197
2458,6383.924486655426,15.272546618792886,25.70772102225998,6409.632207677686,29.562178913669403,6538.227685952148
2459,6383.850799550528,15.272370333852937,25.708899495600996,6409.559699046129,29.56214723830285,6538.155039532747
2460,6383.7771110362555,15.272194045541282,25.710093245748027,6409.487204282003,29.562115669877073,6538.082407445969
2461,6383.703421089977,15.272017753803773,25.711302260066358,6409.4147233500435,29.562084208050567,6538.009789655063
2462,6383.629729688959,15.271841458586026,25.712526525994576,6409.3422562149535,29.562052852483347,6537.937186123256
2463,6383.556036811071,15.271665159835099,25.71376603104422,6409.2698028421155,29.56202160283692,6537.8645968144565
2464,6383.482342433863,15.27148885749728,25.7150207627995,6409.197363196662,29.561990458774265,6537.79202169233
2465,6383.40864653533,15.271312551519928,25.71629070891695,6409.124937244247,29.561959419959848,6537.719460721072
2466,6383.33494909328,15.271136241849952,25.71757585712505,6409.052524950404,29.5619284860596,6537.6469138647635
2467,6383.261250086338,15.270959928436215,25.718876195223913,6408.980126281562,29.561897656740964,6537.574381088385
2468,6383.187549492118,15.270783611225163,25.720191711085004,6408.907741203203,29.56186693167279,6537.50186235598
2469,6383.113847289607,15.270607290166524,25.721522392650748,6408.835369682258,29.561836310525386,6537.429357633043
2470,6383.040143457478,15.270430965209277,25.722868227934246,6408.7630116854125,29.561805792970585,6537.356866884835
2471,6382.966437973984,15.270254636301399,25.724229205018915,6408.690667179003,29.56177537868156,6537.284390076267
2472,6382.892730818373,15.270078303393237,25.7256053120582,6408.618336130431,29.561745067332993,6537.21192717333
2473,6382.81902196938,15.269901966433922,25.72699653727515,6408.546018506655,29.56171485860096,6537.139478141569
2474,6382.745311406325,15.269725625373983,25.728402868962235,6408.4737142752865,29.56168475216299,6537.067042947196
2475,6382.671599108386,15.269549280163602,25.729824295480938,6408.401423403867,29.56165474769801,6536.994621556353
2476,6382.597885054949,15.269372930753466,25.7312608052614,6408.329145860211,29.561624844886374,6536.922213935466
2477,6382.524169225628,15.269196577094803,25.732712386802152,6408.256881612429,29.561595043409824,6536.849820051262
2478,6382.450451600278,15.26902021913942,25.734179028669807,6408.184630628948,29.56156534295151,6536.777439870787
2479,6382.376732158614,15.268843856838789,25.73566071949863,6408.112392878113,29.561535743195996,6536.705073361015
2480,6382.303010880329,15.268667490144328,25.737157447990285,6408.040168328319,29.56150624382922,6536.632720488976
2481,6382.22928774594,15.268491119009427,25.73866920291353,6407.9679569488535,29.5614768445385,6536.560381222596
2482,6382.155562735513,15.268314743386394,25.74019597310385,6407.895758708617,29.561447545012534,6536.488055529421
2483,6382.081835829565,15.268138363228623,25.741737747463127,6407.823573577028,29.561418344941394,6536.415743377523
2484,6382.008107008394,15.267961978488982,25.7432945149594,6407.751401523354,29.56138924401651,6536.343444734825
2485,6381.9343762527915,15.26778558912151,25.744866264626474,6407.679242517418,29.56136024193069,6536.2711595698165
2486,6381.86064354367,15.267609195080551,25.746452985563568,6407.607096529234,29.561331338378075,6536.198887851178
2487,6381.78690886192,15.267432796320383,25.74805466693503,6407.534963528855,29.56130253305416,6536.126629547641
2488,6381.713172188562,15.267256392795602,25.74967129797006,6407.462843486532,29.561273825655803,6536.054384628134
2489,6381.639433504798,15.267079984461239,25.751302867962313,6407.39073637276,29.561245215881165,6535.982153061844
2490,6381.565692792011,15.266903571272753,25.75294936626961,6407.31864215828,29.561216703429764,6535.9099348182
2491,6381.491950031671,15.266727153185816,25.754610782313634,6407.246560813985,29.561188288002434,6535.837729866796
2492,6381.418205205704,15.266550730157187,25.756287105579574,6407.174492311284,29.56115996930132,6535.765538177744
2493,6381.344458295335,15.26637430214195,25.757978325615788,6407.102436620951,29.561131747029904,6535.693359720532
2494,6381.270709283089,15.2661978690983,25.759684432033595,6407.030393715122,29.56110362089297,6535.621194466006
2495,6381.196958150562,15.266021430982205,25.761405414506836,6406.958363565069,29.56107559059658,6535.549042384164
2496,6381.123204880072,15.265844987751368,25.763141262771576,6406.886346142844,29.561047655848128,6535.476903445783
2497,6381.04944945415,15.265668539363995,25.76489196662589,6406.814341420776,29.56101981635628,6535.404777621926
2498,6380.975691855172,15.265492085777923,25.766657515929403,6406.742349371101,29.560992071830995,6535.332664883566
2499,6380.901932065544,15.265315626951063,25.768437900603026,6406.6703699661475,29.56096442198351,6535.2605652017755
2500,6380.828170068111,15.26513916284237,25.77023311062865,6406.598403178739,29.56093686652635,6535.188478548129
2501,6380.754405845905,15.264962693411256,25.772043136048858,6406.526448981954,29.56090940517329,6535.116404894457
2502,6380.680639381812,15.264786218616775,25.77386796696656,6406.454507348779,29.5608820376394,6535.044344212511
2503,6380.606870658999,15.264609738418656,25.775707593544695,6406.382578252544,29.560854763640975,6534.972296474382
2504,6380.533099660641,15.264433252776653,25.7775620060059,6406.310661666646,29.56082758289559,6534.900261652242
2505,6380.459326370645,15.26425676165226,25.779431194632203,6406.2387575652765,29.560800495122056,6534.828239719058
2506,6380.385550771896,15.264080265004537,25.78131514976469,6406.166865921661,29.560773500040437,6534.756230646837
2507,6380.311772848618,15.263903762795737,25.783213861803276,6406.094986710421,29.560746597372034,6534.684234408989
2508,6380.237992584482,15.263727254986797,25.78512732120626,6406.023119905688,29.56071978683938,6534.612250978439
2509,6380.16420996363,15.263550741539785,25.78705551849012,6405.95126548212,29.56069306816623,6534.540280328643
2510,6380.090424969832,15.263374222415868,25.78899844422908,6405.879423414061,29.560666441077576,6534.468322432749
2511,6380.016637587679,15.263197697578178,25.79095608905491,6405.807593676734,29.560639905299617,6534.396377264787
2512,6379.942847801481,15.263021166989189,25.7929284436566,6405.7357762451375,29.560613460559775,6534.324444798573
2513,6379.869055595696,15.262844630611713,25.794915498779957,6405.663971094476,29.56058710658666,6534.252525008128
2514,6379.795260955019,15.262668088409137,25.79691724522739,6405.592178200247,29.560560843110117,6534.180617867776
2515,6379.721463864467,15.262491540345616,25.798933673857558,6405.520397538325,29.560534669861166,6534.108723352221
2516,6379.647664308765,15.262314986384606,25.80096477558503,6405.448629084351,29.560508586572013,6534.036841435939
2517,6379.573862272945,15.2621384264903,25.803010541380033,6405.376872814325,29.56048259297608,6533.9649720937705
2518,6379.500057742545,15.261961860628098,25.805070962268076,6405.305128704814,29.560456688807935,6533.893115301128
2519,6379.426250702692,15.261785288762422,25.8071460293297,6405.233396732022,29.560430873803362,6533.821271033066
2520,6379.352441138881,15.261608710858566,25.809235733700135,6405.161676872581,29.5604051476993,6533.749439265072
2521,6379.278629036814,15.26143212688233,25.811340066568967,6405.089969103383,29.560379510233844,6533.6776199729
2522,6379.204814382289,15.261255536799736,25.81345901917984,6405.018273401469,29.560353961146276,6533.605813132455
2523,6379.130997161209,15.261078940577056,25.815592582830135,6404.94658974404,29.560328500177018,6533.53401871981
2524,6379.057177359626,15.260902338180923,25.817740748870698,6404.874918108497,29.56030312706766,6533.4622367112415
2525,6378.983354963671,15.260725729578162,25.819903508705487,6404.803258472377,29.56027784156094,6533.390467083167
2526,6378.909529959683,15.260549114736083,25.822080853791356,6404.731610813475,29.56025264340071,6533.318709812268
2527,6378.835702334297,15.26037249362272,25.82427277563758,6404.659975109935,29.560227532332,6533.246964875579
2528,6378.761872073764,15.260195866205176,25.826479265805702,6404.588351339569,29.560202508100964,6533.175232249809
2529,6378.688039165136,15.260019232452478,25.82870031590914,6404.516739481045,29.56017757045487,6533.103511912524
2530,6378.614203595274,15.259842592333193,25.830935917612912,6404.445139512887,29.560152719142135,6533.031803841155
2531,6378.540365350906,15.259665945815565,25.83318606263328,6404.373551413539,29.560127953912268,6532.960108013057
2532,6378.466524419648,15.25948929286997,25.835450742737464,6404.301975162385,29.56010327451592,6532.888424406529
2533,6378.392680788293,15.259312633464814,25.83772994974337,6404.230410738036,29.56007868070484,6532.816752999102
2534,6378.318834444479,15.259135967570524,25.840023675519245,6404.1588581199985,29.560054172231872,6532.745093769207
2535,6378.244985376062,15.258959295158043,25.842331911983404,6404.087317288046,29.560029748850994,6532.673446695548
2536,6378.171133570131,15.258782616196486,25.84465465110389,6404.015788221235,29.56000541031725,6532.601811756115
2537,6378.097279015074,15.25860593065807,25.846991884898138,6403.944270899971,29.559981156386797,6532.530188930254
2538,6378.023421698528,15.258429238513225,25.849343605432722,6403.8727653039605,29.559956986816857,6532.458578196613
2539,6377.949561608643,15.258252539733597,25.851709804822995,6403.801271413467,29.55993290136576,6532.386979534407
2540,6377.875698733751,15.25807583429127,25.854090475232905,6403.729789208984,29.5599088997929,6532.315392923083
2541,6377.801833062506,15.257899122159106,25.856485608874497,6403.658318671381,29.55988498185877,6532.2438183424665
2542,6377.727964582939,15.257722403308467,25.858895198007794,6403.586859780948,29.559861147324888,6532.172255771811
2543,6377.65409328386,15.257545677712583,25.861319234940336,6403.5154125188,29.55983739595388,6532.100705191199
2544,6377.580219154214,15.25736894534501,25.863757712026974,6403.443976866241,29.55981372750942,6532.029166580907
2545,6377.506342182871,15.257192206179116,25.866210621669502,6403.372552804541,29.55979014175622,6531.95763992118
2546,6377.4324623587445,15.257015460188384,25.868677956316418,6403.301140315061,29.559766638460076,6531.886125192363
2547,6377.358579671316,15.256838707347645,25.87115970846256,6403.229739379779,29.55974321738781,6531.814622375416
2548,6377.284694109619,15.256661947630667,25.873655870648882,6403.158349980267,29.559719878307305,6531.743131450904
2549,6377.210805663466,15.256485181013076,25.876166435462,6403.0869720989285,29.559696620987467,6531.671652400224
2550,6377.136914322134,15.25630840746922,25.878691395534045,6403.015605717667,29.55967344519825,6531.60018520428
2551,6377.063020075639,15.256131626975211,25.881230743542236,6402.9442508191805,29.55965035071063,6531.528729844772
2552,6376.989122913754,15.255954839506588,25.883784472208653,6402.872907385962,29.559627337296604,6531.457286303203
2553,6376.915222826527,15.255778045039538,25.886352574299913,6402.801575400827,29.55960440472922,6531.385854561398
2554,6376.841319804206,15.255601243550732,25.888935042626848,6402.730254846833,29.559581552782515,6531.314434601437
2555,6376.767413836816,15.255424435016305,25.891531870044222,6402.65894570686,29.55955878123155,6531.243026405217
2556,6376.693504915165,15.255247619414272,25.894143049450435,6402.587647964616,29.5595360898524,6531.171629955474
2557,6376.6195930295935,15.255070796721515,25.896768573787195,6402.516361603381,29.559513478422154,6531.1002452345165
2558,6376.545678170773,15.254893966915724,25.89940843603926,6402.445086606812,29.559490946718874,6531.028872225039
2559,6376.471760329967,15.254717129975997,25.90206262923404,6402.373822959201,29.55946849452165,6530.95751091037
2560,6376.39783949747,15.254540285879115,25.904731146441403,6402.302570643911,29.559446121610556,6530.886161272917
2561,6376.323915664905,15.254363434605036,25.907413980773278,6402.231329645679,29.559423827766636,6530.814823296463
2562,6376.249988823334,15.254186576132378,25.910111125383438,6402.160099948717,29.559401612771953,6530.743496964275
2563,6376.176058964362,15.254009710441057,25.912822573467178,6402.088881537829,29.559379476409525,6530.67218226021
2564,6376.102126079404,15.253832837510537,25.915548318260925,6402.017674397665,29.55935741846337,6530.6008791679815
2565,6376.028190160058,15.253655957320714,25.918288353042062,6401.9464785131,29.55933543871846,6530.529587671525
2566,6375.954251198,15.253479069851675,25.92104267112854,6401.875293869129,29.559313536960737,6530.458307754908
2567,6375.88030918549,15.253302175084904,25.92381126587857,6401.804120451368,29.559291712977128,6530.387039402819
2568,6375.806364114316,15.253125273000757,25.92659413069039,6401.732958245007,29.55926996655551,6530.315782599523
2569,6375.732415976954,15.25294836358123,25.929391259001964,6401.661807235956,29.55924829748471,6530.244537330014
2570,6375.658464765567,15.252771446807577,25.932202644290623,6401.590667409858,29.559226705554515,6530.17330357902
2571,6375.584510472848,15.252594522662315,25.935028280072746,6401.51953875292,29.559205190555673,6530.102081331837
2572,6375.510553091192,15.252417591127255,25.937868159903545,6401.448421251096,29.559183752279857,6530.030870573513
2573,6375.436592613428,15.252240652185234,25.940722277376715,6401.377314890805,29.559162390519706,6529.959671289565
2574,6375.362629032412,15.252063705819166,25.943590626124152,6401.306219658536,29.559141105068775,6529.8884834655855
2575,6375.288662341425,15.251886752012979,25.946473199815582,6401.235135541241,29.55911989572157,6529.81730708763
2576,6375.214692533252,15.251709790749405,25.94936999215839,6401.16406252541,29.559098762273507,6529.7461421413
2577,6375.1407196013715,15.25153282201285,25.95228099689721,6401.093000598269,29.559077704520973,6529.6749886129355
2578,6375.066743539417,15.25135584578808,25.95520620781372,6401.021949747231,29.559056722261236,6529.603846489067
2579,6374.992764340795,15.251178862059318,25.95814561872622,6400.950909959521,29.55903581529248,6529.532715756043
2580,6374.918781999199,15.251001870811482,25.961099223489434,6400.879881222689,29.559014983413846,6529.461596400539
2581,6374.8447965084115,15.250824872029693,25.964067015994196,6400.808863524406,29.558994226425355,6529.390488409356
2582,6374.770807862684,15.2506478657002,25.967048990167136,6400.737856852851,29.558973544127944,6529.319391769807
2583,6374.696816055885,15.250470851808338,25.970045139970335,6400.666861195856,29.55895293632345,6529.248306468863
2584,6374.62282108228,15.250293830340382,25.97305545940111,6400.595876541681,29.558932402814637,6529.177232493925
2585,6374.548822936404,15.250116801283262,25.976079942491644,6400.524902878895,29.558911943405136,6529.106169832708
2586,6374.474821612783,15.249939764623882,25.979118583308786,6400.453940196092,29.55889155789948,6529.035118472954
2587,6374.4008171059595,15.249762720349185,25.98217137595361,6400.382988481913,29.5588712461031,6528.964078402461
2588,6374.326809410941,15.249585668447226,25.985238314561222,6400.3120477255015,29.5588510078223,6528.893049609528
2589,6374.252798522499,15.2494086089055,25.98831939330047,6400.241117915799,29.5588308428643,6528.822032082258
2590,6374.178784435968,15.249231541712842,25.991414606373606,6400.170199042342,29.558810751037164,6528.751025809353
2591,6374.104767146134,15.24905446685678,25.994523948016003,6400.0992910941495,29.558790732149845,6528.680030779002
2592,6374.030746648626,15.248877384326855,25.997647412495816,6400.028394061122,29.558770786012165,6528.609046980275
2593,6373.956722938798,15.248700294111956,26.00078499411376,6399.9575079329115,29.55875091243483,6528.538074402003
2594,6373.882696012524,15.24852319620221,26.003936687202767,6399.886632699727,29.558731111229402,6528.467113033575
2595,6373.808665865372,15.248346090587015,26.007102486127703,6399.8157683515,29.5587113822083,6528.396162864106
2596,6373.734632493249,15.248168977256576,26.01028238528505,6399.744914878534,29.558691725184815,6528.325223883087
2597,6373.660595892157,15.247991856201333,26.013476379102613,6399.67407227126,29.558672139973076,6528.254296080143
2598,6373.586556058522,15.247814727412731,26.016684462039308,6399.603240520561,29.558652626388085,6528.183379445349
2599,6373.512512988223,15.247637590880915,26.01990662858472,6399.532419616808,29.55863318424567,6528.112473968276
2600,6373.43846667795,15.247460446597966,26.023142873258962,6399.461609551208,29.558613813362527,6528.041579639335
2601,6373.364417124352,15.247283294555867,26.026393190612268,6399.390810314964,29.55859451355618,6527.970696448933
2602,6373.290364324011,15.247106134746437,26.02965757522474,6399.320021899235,29.558575284645002,6527.899824387441
2603,6373.216308273871,15.24692896716237,26.03293602170605,6399.249244295576,29.558556126448195,6527.828963445626
2604,6373.142248970922,15.246751791796465,26.03622852469517,6399.178477495618,29.558537038785783,6527.758113614336
2605,6373.068186412085,15.246574608641351,26.03953507886004,6399.107721490946,29.558518021478633,6527.687274884378
2606,6372.994120594914,15.246397417691183,26.04285567889729,6399.036976273812,29.558499074348433,6527.616447247227
2607,6372.920051516652,15.24622021893936,26.046190319531902,6398.966241836184,29.558480197217712,6527.545630694081
2608,6372.845979174681,15.24604301237962,26.049538995516972,6398.895518170198,29.55846138990978,6527.474825216305
2609,6372.771903566797,15.245865798006692,26.052901701633417,6398.82480526843,29.5584426522488,6527.404030805713
2610,6372.697824691186,15.245688575816233,26.056278432689734,6398.754103123875,29.558423984059715,6527.333247454535
2611,6372.6237425452255,15.245511345801974,26.059669183521574,6398.683411728747,29.55840538516832,6527.262475154229
2612,6372.549657127274,15.245334107959986,26.063073948991516,6398.612731076266,29.558386855401153,6527.191713897261
2613,6372.475568435546,15.245156862285995,26.066492723988823,6398.542061159535,29.558368394585635,6527.120963675982
2614,6372.401476468263,15.24497960877575,26.069925503429108,6398.471401971692,29.558350002549915,6527.050224482784
2615,6372.327381223868,15.244802347425521,26.07337228225397,6398.400753506122,29.558331679122986,6526.979496310307
2616,6372.2532827013165,15.244625078232815,26.07683305543082,6398.330115756748,29.558313424134603,6526.908779151733
2617,6372.179180898993,15.244447801193763,26.08030781795255,6398.259488716945,29.558295237415344,6526.838072999702
2618,6372.10507581608,15.244270516306411,26.08379656483723,6398.188872380917,29.558277118796536,6526.767377847682
2619,6372.030967451534,15.244093223568262,26.087299291127813,6398.118266742662,29.558259068110328,6526.696693688942
2620,6371.95685580424,15.243915922976651,26.09081599189183,6398.047671796132,29.55824108518965,6526.626020516707
2621,6371.88274087386,15.243738614530765,26.094346662221174,6397.977087536081,29.55822316986816,6526.555358325008
2622,6371.808622659568,15.24356129822863,26.09789129723172,6397.906513956799,29.55820532198035,6526.484707107414
2623,6371.734501161327,15.243383974070161,26.101449892063115,6397.83595105339,29.558187541361463,6526.414066858312
2624,6371.660376378467,15.24320664205375,26.10502244187841,6397.765398820346,29.5581698278475,6526.343437571482
2625,6371.586248311153,15.243029302179792,26.1086089418638,6397.694857253017,29.558152181275243,6526.272819241564
2626,6371.51211695882,15.242851954446937,26.112209387228376,6397.624326346048,29.558134601482244,6526.202211862496
2627,6371.437982322195,15.242674598856926,26.11582377320381,6397.553806095399,29.55811708830678,6526.131615429533
2628,6371.36384440128,15.242497235409761,26.11945209504406,6397.483296496324,29.558099641587937,6526.061029937232
2629,6371.289703196496,15.242319864106449,26.123094348025077,6397.412797544521,29.558082261165524,6525.990455380591
2630,6371.215558708402,15.24214248494833,26.12675052744452,6397.342309235846,29.55806494688011,6525.919891754775
2631,6371.141410937525,15.241965097936662,26.13042062862149,6397.271831566146,29.558047698573006,6525.849339054938
2632,6371.067259884921,15.241787703073975,26.1341046468962,6397.2013645318175,29.558030516086276,6525.778797276793
2633,6370.993105551259,15.241610300361863,26.13780257762977,6397.130908128888,29.558013399262716,6525.7082664156815
2634,6370.918947937766,15.241432889803267,26.14151441620381,6397.060462353969,29.557996347945902,6525.637746467534
2635,6370.844787045564,15.241255471400871,26.145240158020275,6396.990027203584,29.55797936198009,6525.567237428198
2636,6370.770622876142,15.241078045158234,26.14897979850106,6396.919602674643,29.557962441210307,6525.496739293908
2637,6370.696455430719,15.240900611078274,26.152733333087852,6396.8491887638065,29.55794558548232,6525.426252060654
2638,6370.62228471134,15.240723169165886,26.156500757241695,6396.778785468582,29.557928794642592,6525.355775725277
2639,6370.548110719253,15.24054571942405,26.160282066442782,6396.708392785696,29.55791206853835,6525.285310283837
2640,6370.473933456912,15.240368261858642,26.16407725619014,6396.638010713103,29.557895407017504,6525.214855733629
2641,6370.399752925829,15.240190796473273,26.1678863220014,6396.56763924783,29.557878809928727,6525.14441207102
2642,6370.325569128414,15.240013323273718,26.17170925941245,6396.497278387827,29.557862277121377,6525.073979293305
2643,6370.251382066961,15.239835842265457,26.175546063977162,6396.426928130938,29.557845808445553,6525.003557397677
2644,6370.177191743829,15.239658353454137,26.179396731267172,6396.356588475096,29.557829403752038,6524.933146381418
2645,6370.102998161628,15.239480856846,26.18326125687149,6396.2862594185,29.55781306289236,6524.862746242082
2646,6370.028801323169,15.239303352447774,26.187139636396324,6396.215940959566,29.557796785718732,6524.792356977443
2647,6369.954601231165,15.239125840265945,26.19103186546476,6396.145633096629,29.557780572084077,6524.721978585195
2648,6369.880397888623,15.23894832030771,26.194937939716496,6396.075335828339,29.557764421842027,6524.651611063352
2649,6369.806191298649,15.2387707925805,26.198857854807432,6396.005049153456,29.557748334846902,6524.58125441004
2650,6369.731981464731,15.238593257092658,26.20279160640952,6395.934773071141,29.557732310953725,6524.510908623789
2651,6369.657768389709,15.23841571385098,26.20673919021054,6395.8645075799195,29.55771635001821,6524.440573702499
2652,6369.583552077556,15.238238162864967,26.210700601913672,6395.7942526794695,29.55770045189678,6524.370249645221
2653,6369.509332532029,15.238060604143609,26.214675837237337,6395.724008369266,29.557684616446522,6524.299936450809
2654,6369.43510975643,15.23788303769481,26.218664891914784,6395.6537746483455,29.557668843525224,6524.22963411768
2655,6369.360883755091,15.237705463528926,26.22266776169394,6395.583551516785,29.557653132991362,6524.159342645297
2656,6369.286654532147,15.237527881655854,26.226684442337096,6395.513338974484,29.557637484704088,6524.089062032947
2657,6369.21242209154,15.237350292085024,26.230714929620532,6395.4431370211605,29.557621898523223,6524.018792279737
2658,6369.138186437411,15.237172694826342,26.234759219334364,6395.372945656745,29.557606374309298,6523.948533384991
2659,6369.063947574865,15.236995089892021,26.23881730728219,6395.302764882147,29.55759091192347,6523.878285349014
2660,6368.989705507992,15.236817477291847,26.242889189280877,6395.232594697272,29.5575755112276,6523.808048171112
2661,6368.915460241906,15.236639857038051,26.246974861160233,6395.162435103066,29.557560172084212,6523.737821851632
2662,6368.841211781055,15.23646222914128,26.25107431876274,6395.092286099818,29.557544894356514,6523.667606390269
2663,6368.766960130812,15.236284593614382,26.255187557943287,6395.022147688755,29.557529677908345,6523.597401787656
2664,6368.692705296367,15.236106950469779,26.259314574568833,6394.952019870936,29.557514522604237,6523.527208044265
2665,6368.618447282788,15.235929299719588,26.263455364518265,6394.881902647307,29.557499428309338,6523.457025160452
2666,6368.544186095664,15.235751641377188,26.267609923682016,6394.811796019347,29.557484394889514,6523.386853137116
2667,6368.469921740348,15.235573975455377,26.271778247961812,6394.74169998831,29.557469422211245,6523.316691974929
2668,6368.395654222928,15.235396301968727,26.27596033327045,6394.671614556199,29.55745451014166,6523.246541675315
2669,6368.321383548803,15.235218620930151,26.280156175531406,6394.6015397243345,29.55743965854857,6523.176402239021
2670,6368.247109724175,15.235040932354487,26.28436577067868,6394.531475494854,29.557424867300412,6523.10627366761
2671,6368.172832755041,15.234863236256079,26.288589114656542,6394.461421869697,29.55741013626627,6523.036155962455
2672,6368.098552647891,15.234685532650456,26.292826203419143,6394.39137885131,29.557395465315864,6522.966049125434
2673,6368.0242694088865,15.23450782155236,26.297077032930282,6394.321346441817,29.557380854319565,6522.895953158107
2674,6367.949983044401,15.234330102977037,26.301341599163162,6394.251324643565,29.557366303148388,6522.82586806226
2675,6367.8756935617275,15.234152376941932,26.305619898100087,6394.181313459828,29.557351811673975,6522.75579384061
2676,6367.801400966678,15.233974643460952,26.309911925732237,6394.11131289241,29.557337379768605,6522.685730494403
2677,6367.727105267027,15.233796902552696,26.31421767805935,6394.041322945086,29.557323007305197,6522.615678026864
2678,6367.652806469508,15.233619154233272,26.31853715108946,6393.971343620597,29.55730869415727,6522.545636440181
2679,6367.578504581296,15.233441398519847,26.322870340838698,6393.901374922135,29.55729444019901,6522.4756057370005
2680,6367.504199609777,15.233263635430088,26.327217243330907,6393.831416853108,29.557280245305208,6522.405585920185
2681,6367.429891562267,15.233085864981499,26.331577854597427,6393.761469416864,29.557266109351268,6522.335576992542
2682,6367.355580446712,15.232908087193092,26.33595217067694,6393.691532617389,29.557252032213235,6522.2655789575165
2683,6367.281266270475,15.232730302082475,26.34034018761507,6393.621606458089,29.557238013767762,6522.195591817979
2684,6367.206949041668,15.232552509669063,26.344741901464058,6393.551690943132,29.557224053892114,6522.125615577563
2685,6367.132628768153,15.232374709971658,26.34915730828269,6393.481786076436,29.55721015246418,6522.055650239655
2686,6367.058305458225,15.232196903010108,26.353586404135825,6393.411891862361,29.557196309362457,6521.985695808087
2687,6366.983979119955,15.23201908880372,26.35802918509434,6393.342008305049,29.55718252446604,6521.915752286476
2688,6366.909649761974,15.231841267373143,26.362485647234692,6393.272135409208,29.557168797654647,6521.845819679006
2689,6366.835317392861,15.231663438738902,26.366955786638727,6393.2022731795,29.55715512880861,6521.775897989817
2690,6366.7609820210455,15.231485602921161,26.371439599393412,6393.132421620439,29.557141517808844,6521.705987222907
2691,6366.68664365543,15.23130775994122,26.375937081590596,6393.062580737021,29.55712796453687,6521.636087382756
2692,6366.6123023052405,15.23112990982115,26.38044822932668,6392.992750534567,29.55711446887482,6521.566198474172
2693,6366.537957979302,15.230952052582062,26.384973038702398,6392.922931018004,29.5571010307054,6521.496320501573
2694,6366.46361068686,15.230774188246077,26.389511505822565,6392.853122192682,29.55708764991195,6521.4264534697995
2695,6366.389260437474,15.230596316836063,26.394063626795834,6392.78332406427,29.557074326378356,6521.356597384016
2696,6366.314907240488,15.230418438374372,26.398629397734382,6392.713536638222,29.557061059989138,6521.286752249174
2697,6366.240551105371,15.230240552883663,26.40320881475368,6392.6437599201245,29.557047850629367,6521.216918070362
2698,6366.166192042307,15.230062660388294,26.407801873972247,6392.573993916279,29.557034698184733,6521.147094853382
2699,6366.091830061047,15.229884760911597,26.412408571511406,6392.504238632559,29.557021602541504,6521.077282603614
2700,6366.017465171244,15.22970685447666,26.41702890349496,6392.434494074739,29.557008563586507,6521.00748132634
2701,6365.943097383598,15.229528941109086,26.421662866048983,6392.364760249647,29.556995581207175,6520.937691027898
2702,6365.868726708155,15.229351020832906,26.42631045530157,6392.295037163457,29.556982655291517,6520.867911713975
2703,6365.794353155684,15.229173093673884,26.43097166738261,6392.225324823066,29.556969785728118,6520.798143390984
2704,6365.719976736278,15.228995159656169,26.43564649842343,6392.155623234701,29.55695697240612,6520.728386064668
2705,6365.645597460869,15.228817218805906,26.440334944556593,6392.085932405425,29.55694421521527,6520.658639741612
2706,6365.571215340575,15.228639271149701,26.445037001915672,6392.016252342491,29.55693151404587,6520.5889044285905
2707,6365.496830386173,15.228461316713334,26.449752666635014,6391.946583052808,29.556918868788777,6520.519180132039
2708,6365.422442608401,15.22828335552249,26.454481934849415,6391.87692454325,29.556906279335447,6520.449466858359
2709,6365.34805201919,15.228105387605718,26.459224802693903,6391.8072768218835,29.55689374557788,6520.379764615147
2710,6365.2736586295705,15.227927412989404,26.46398126630352,6391.737639895874,29.556881267408645,6520.310073409101
2711,6365.199262450973,15.227749431700893,26.468751321813045,6391.668013772786,29.556868844720874,6520.240393247322
2712,6365.12486349544,15.227571443768996,26.473534965356773,6391.5983984607965,29.556856477408253,6520.1707241375225
2713,6365.050461774468,15.227393449221216,26.47833219306814,6391.528793967536,29.556844165365042,6520.101066086874
2714,6364.976057300131,15.227215448086438,26.483143001079647,6391.459200301211,29.55683190848605,6520.031419103126
2715,6364.901650084361,15.227037440393207,26.487967385522502,6391.389617469883,29.556819706666616,6519.961783193883
2716,6364.827240139541,15.22685942617115,26.49280534252647,6391.320045482067,29.55680755980267,6519.892158367209
2717,6364.752827477952,15.226681405449646,26.497656868219536,6391.250484346172,29.55679546779067,6519.822544631062
2718,6364.678412111816,15.226503378257933,26.502521958727712,6391.180934070544,29.556783430527638,6519.752941993339
2719,6364.603994054167,15.226325344627194,26.507400610174795,6391.111394664342,29.556771447911117,6519.683350462755
2720,6364.529573317505,15.226147304587334,26.51229281868207,6391.041866136187,29.55675951983924,6519.613770047488
2721,6364.455149914674,15.225969258169076,26.51719858036816,6390.972348495042,29.55674764621064,6519.544200756058
2722,6364.380723858872,15.225791205404,26.522117891348675,6390.902841750221,29.55673582692451,6519.474642597343
2723,6364.306295163116,15.225613146323244,26.527050747736,6390.833345910853,29.556724061880587,6519.405095580033
2724,6364.231863840758,15.22543508095875,26.531997145639163,6390.763860986397,29.556712350979137,6519.335559713156
2725,6364.157429904982,15.22525700934206,26.536957081163436,6390.694386986145,29.556700694120977,6519.266035005571
2726,6364.082993369486,15.225078931505948,26.54193055041025,6390.624923919896,29.556689091207442,6519.196521466648
2727,6364.008554248144,15.224900847483598,26.54691754947678,6390.55547179762,29.556677542140413,6519.127019105931
2728,6363.934112554609,15.224722757307676,26.551918074455912,6390.486030629065,29.556666046822315,6519.057527932742
2729,6363.859668302849,15.2245446610116,26.556932121435864,6390.416600424285,29.55665460515606,6518.988047956714
2730,6363.785221506952,15.224366558629074,26.561959686500032,6390.347181193452,29.556643217045135,6518.918579187599
2731,6363.710772181101,15.22418845019402,26.567000765726622,6390.277772946827,29.556631882393532,6518.849121635239
2732,6363.636320339849,15.224010335741264,26.572055355188674,6390.208375695037,29.55662060110576,6518.779675309847
2733,6363.561865997361,15.223832215304691,26.577123450953547,6390.1389894483145,29.556609373086875,6518.710240221242
2734,6363.487409168497,15.223654088919849,26.5822050490829,6390.06961421758,29.55659819824244,6518.640816379935
2735,6363.4129498678685,15.223475956621694,26.58730014563231,6390.000250013501,29.55658707647853,6518.5714037961825
2736,6363.338488110336,15.22329781844578,26.592408736651123,6389.930896846987,29.556576007701764,6518.50200248049
2737,6363.264023911181,15.223119674428661,26.597530818182236,6389.861554729363,29.556564991819258,6518.432612443777
2738,6363.189557285351,15.222941524606103,26.602666386261816,6389.792223671613,29.55655402873864,6518.363233696627
2739,6363.115088248336,15.222763369015158,26.607815436919104,6389.722903685255,29.55654311836808,6518.2938662501565
2740,6363.040616815357,15.22258520769224,26.61297796617624,6389.653594781533,29.556532260616223,6518.224510115213
2741,6362.966143001813,15.222407040674193,26.61815397004792,6389.5842969718615,29.556521455392257,6518.155165302818
2742,6362.891666823954,15.222228867999892,26.623343444541238,6389.515010268496,29.556510702605863,6518.085831824831
2743,6362.817188297191,15.2220506897062,26.628546385655465,6389.445734682847,29.556500002167223,6518.016509692274
2744,6362.742707437479,15.22187250583129,26.63376278938186,6389.376470226861,29.556489353987043,6517.947198916704
2745,6362.668224261062,15.221694316414025,26.638992651703397,6389.307216912765,29.556478757976514,6517.877899509963
2746,6362.593738784055,15.221516121492954,26.64423596859459,6389.237974752649,29.556468214047364,6517.808611483755
2747,6362.519251022781,15.22133792110713,26.64949273602122,6389.168743758802,29.556457722111777,6517.739334849988
2748,6362.444760994056,15.221159715296785,26.654762949940185,6389.099523943996,29.55644728208247,6517.670069621055
2749,6362.370268714256,15.22098150410109,26.660046606299197,6389.030315320555,29.556436893872647,6517.600815808901
2750,6362.295774200126,15.220803287560111,26.66534370103664,6388.961117901163,29.556426557395998,6517.531573425836
2751,6362.2212774683885,15.220625065713849,26.670654230081325,6388.89193169847,29.556416272566743,6517.462342484136
2752,6362.1467785364985,15.220446838604063,26.675978189352318,6388.822756725851,29.55640603929956,6517.393122996804
2753,6362.07227742121,15.220268606270837,26.681315574758674,6388.753592995969,29.556395857509624,6517.323914976136
2754,6361.997774140175,15.2200903687564,26.686666382199228,6388.684440522375,29.55638572711264,6517.254718435314
2755,6361.923268710576,15.219912126101857,26.692030607562437,6388.615299318139,29.556375648024748,6517.185533387046
2756,6361.848761149844,15.21973387834891,26.697408246726113,6388.54616939657,29.55636562016261,6517.116359844277
2757,6361.774251475959,15.219555625540572,26.702799295557263,6388.477050771517,29.55635564344337,6517.047197820495
2758,6361.699739706652,15.219377367719263,26.708203749911856,6388.407943456564,29.556345717784666,6516.9780473289275
2759,6361.625225859752,15.219199104927638,26.71362160563458,6388.338847465387,29.556335843104588,6516.908908382891
2760,6361.550709953578,15.219020837209516,26.719052858558673,6388.269762812137,29.55632601932174,6516.839780996186
2761,6361.4761920060155,15.218842564607693,26.724497504505745,6388.200689510521,29.55631624635521,6516.770665182166
2762,6361.401672035779,15.218664287166934,26.729955539285584,6388.131627575064,29.556306524124537,6516.701560955006
2763,6361.3271500610845,15.218486004930824,26.73542695869591,6388.06257701978,29.556296852549767,6516.632468328372
2764,6361.252626100407,15.218307717943556,26.740911758522223,6387.993537858929,29.556287231551405,6516.563387316178
2765,6361.178100172946,15.218129426251068,26.74640993453753,6387.924510107484,29.556277661050437,6516.494317933053
2766,6361.103572297344,15.217951129897951,26.75192148250225,6387.855493779846,29.556268140968335,6516.425260193058
2767,6361.029042492351,15.217772828929071,26.757446398163893,6387.786488890515,29.55625867122703,6516.356214110353
2768,6360.9545107775175,15.21759452339119,26.762984677256977,6387.7174954547745,29.55624925174893,6516.2871796998825
2769,6360.879977172065,15.2174162133303,26.768536315502757,6387.6485134875675,29.55623988245692,6516.218156976255
2770,6360.805441695077,15.217237898792051,26.77410130860907,6387.579543003686,29.556230563274344,6516.149145953929
2771,6360.730904366354,15.217059579823813,26.77967965227024,6387.510584018623,29.556221294125024,6516.080146648067
2772,6360.656365205328,15.216881256472076,26.78527134216669,6387.441636547495,29.556212074933228,6516.011159073455
2773,6360.5818242320365,15.216702928784777,26.790876373964817,6387.372700606002,29.556202905623728,6515.942183245465
2774,6360.507281466303,15.216524596809336,26.796494743316885,6387.303776209619,29.55619378612171,6515.873219179249
2775,6360.432736928084,15.216346260593502,26.80212644586078,6387.234863373945,29.556184716352885,6515.80426689008
2776,6360.358190637722,15.216167920185939,26.807771477219898,6387.165962114942,29.556175696243372,6515.7353263936
2777,6360.283642615395,15.215989575634918,26.81342983300283,6387.097072448398,29.556166725719777,6515.6663977052785
2778,6360.20909288165,15.215811226989592,26.81910150880327,6387.028194390453,29.55615780470915,6515.597480840937
2779,6360.134541456862,15.215632874298713,26.824786500199895,6386.959327957062,29.556148933139006,6515.528575816216
2780,6360.059988362175,15.21545451761286,26.830484802756054,6386.890473164932,29.55614011093733,6515.459682647509
2781,6359.985433617905,15.215276156980634,26.836196412019618,6386.821630029925,29.55613133803255,6515.390801350366
2782,6359.910877245256,15.215097792452767,26.841921323522847,6386.752798568779,29.55612261435354,6515.321931941217
2783,6359.836319265472,15.214919424080078,26.84765953278223,6386.683978798254,29.55611393982965,6515.253074436513
2784,6359.7617596994605,15.214741051912585,26.853411035298215,6386.615170734759,29.556105314390663,6515.1842288523585
2785,6359.687198568753,15.214562676001801,26.859175826555127,6386.546374395308,29.556096737966804,6515.115395205464
2786,6359.612635894795,15.21438429639903,26.864953902021,6386.477589796816,29.556088210488795,6515.046573512442
2787,6359.538071699228,15.214205913156047,26.870745257147348,6386.408816956375,29.556079731887746,6514.977763790086
2788,6359.4635060036435,15.214027526324506,26.876549887369066,6386.3400558910125,29.55607130209525,6514.908966055127
2789,6359.388938830156,15.213849135957311,26.882367788104222,6386.2713066182605,29.556062921043356,6514.840180324799
2790,6359.3143702005445,15.213670742106565,26.88819895475386,6386.202569155298,29.556054588664516,6514.771406615989
2791,6359.239800137033,15.213492344825438,26.89404338270192,6386.133843519735,29.55604630489167,6514.702644946014
2792,6359.165228661822,15.213313944167037,26.899901067314964,6386.065129729137,29.55603806965818,6514.63389533215
2793,6359.090655797218,15.21313554018473,26.905772003942143,6385.996427801159,29.556029882897846,6514.565157791765
2794,6359.01608156594,15.212957132932871,26.911656187914943,6385.927737753855,29.556021744544918,6514.496432342625
2795,6358.941505990546,15.212778722465421,26.917553614546996,6385.859059605093,29.55601365453408,6514.427719002316
2796,6358.866929093623,15.21260030883642,26.923464279134084,6385.7903933727575,29.556005612800462,6514.35901778844
2797,6358.792350898322,15.212421892101249,26.9293881769538,6385.721739075276,29.555997619279623,6514.290328719142
2798,6358.717771427435,15.212243472314437,26.935325303265603,6385.653096730701,29.555989673907565,6514.221651812199
2799,6358.643190704181,15.212065049531532,26.94127565331047,6385.584466357491,29.55598177662072,6514.152987085791
2800,6358.56860875197,15.21188662380854,26.947239222310824,6385.51584797428,29.555973927355957,6514.084334558279
2801,6358.494025594033,15.211708195201036,26.953216005470377,6385.447241599503,29.555966126050567,6514.015694247823
2802,6358.419441254238,15.211529763766121,26.95920599797396,6385.378647252212,29.555958372642305,6513.947066173207
2803,6358.3448557556685,15.211351329559015,26.965209194987438,6385.310064950656,29.55595066706933,6513.8784503524075
2804,6358.270269122391,15.2111728926373,26.971225591657557,6385.241494714049,29.555943009270216,6513.8098468043745
2805,6358.195681378419,15.210994453058419,26.97725518311174,6385.172936561531,29.555935399184015,6513.741255547981
2806,6358.1210925476325,15.210816010879503,26.98329796445796,6385.1043905120905,29.555927836750158,6513.672676601954
2807,6358.046502654315,15.210637566158649,26.989353930784688,6385.0358565851,29.555920321908538,6513.604109985402
2808,6357.971911722378,15.210459118953057,26.99542307716067,6384.967334799539,29.555912854599452,6513.535555717046
2809,6357.897319776638,15.2102806693221,27.001505398634798,6384.898825175273,29.55590543476364,6513.467013816495
2810,6357.822726841596,15.210102217324392,27.00760089023602,6384.830327731832,29.555898062342234,6513.39848430302
2811,6357.748132941748,15.209923763018535,27.013709546973157,6384.761842488721,29.555890737276833,6513.329967195876
2812,6357.673538102081,15.209745306464308,27.019831363834868,6384.693369465916,29.555883459509438,6513.261462514782
2813,6357.5989423471165,15.209566847720374,27.025966335789388,6384.624908682906,29.55587622898245,6513.192970278979
2814,6357.524345702408,15.209388386847866,27.032114457784438,6384.556460160193,29.555869045638712,6513.1244905087215
2815,6357.449748192638,15.209209923905833,27.03827572474722,6384.488023917385,29.555861909421484,6513.056023223369
2816,6357.375149843461,15.209031458955648,27.044450131584128,6384.4195999750455,29.555854820274455,6512.987568443239
2817,6357.300550680071,15.208852992057587,27.050637673180713,6384.351188353252,29.555847778141707,6512.919126188169
2818,6357.225950728123,15.208674523273022,27.05683834440153,6384.282789072525,29.555840782967753,6512.850696478435
2819,6357.151350012932,15.208496052662516,27.063052140090036,6384.214402153022,29.55583383469753,6512.7822793339565
2820,6357.076748560723,15.208317580288812,27.069279055068456,6384.146027615791,29.555826933276364,6512.713874775543
2821,6357.002146397248,15.208139106213512,27.07551908413774,6384.077665481385,29.555820078650026,6512.645482823513
2822,6356.927543548522,15.207960630498857,27.08177222207744,6384.0093157706,29.555813270764666,6512.577103498426
2823,6356.852940040397,15.207782153206692,27.088038463645443,6383.9409785040425,29.55580650956687,6512.508736820659
2824,6356.778335899694,15.20760367440118,27.094317803578072,6383.872653703272,29.555799795003637,6512.440382811537
2825,6356.703731152114,15.207425194143815,27.10061023658982,6383.804341388704,29.555793127022348,6512.372041491251
2826,6356.629125825026,15.207246712500062,27.10691575737334,6383.736041582399,29.555786505570822,6512.303712881631
2827,6356.554519944389,15.20706822953203,27.11323436059925,6383.667754304988,29.555779930597282,6512.235397003086
2828,6356.479913537342,15.206889745304647,27.119566040916148,6383.599479578258,29.55577340205035,6512.167093877177
2829,6356.405306630561,15.206711259881725,27.12591079295038,6383.531217423511,29.555766919879048,6512.098803524986
2830,6356.330699250976,15.206532773327694,27.132268611306042,6383.462967862282,29.555760484032824,6512.030525967825
2831,6356.2560914256865,15.206354285707384,27.138639490564906,6383.394730916251,29.555754094461506,6511.962261227159
2832,6356.181483182333,15.206175797086921,27.145023425286272,6383.326506607619,29.55574775111535,6511.894009324971
2833,6356.106874547846,15.205997307530732,27.151420410006804,6383.258294957853,29.555741453945014,6511.825770282514
2834,6356.032265549784,15.205818817104745,27.15783043924062,6383.1900959890245,29.555735202901534,6511.757544121646
2835,6355.957656216112,15.205640325875866,27.164253507479042,6383.121909723591,29.55572899793637,6511.689330864614
2836,6355.883046574005,15.205461833909101,27.170689609190557,6383.053736183196,29.555722839001373,6511.621130532852
2837,6355.8084366518115,15.205283341272276,27.177138738820744,6382.985575390632,29.5557167260488,6511.552943148945
2838,6355.733826477053,15.205104848031228,27.183600890792192,6382.917427367845,29.55571065903129,6511.484768734632
2839,6355.65921607808,15.20492635425378,27.190076059504445,6382.849292137585,29.55570463790192,6511.416607312458
2840,6355.584605483199,15.204747860007654,27.196564239333757,6382.7811697225325,29.555698662614112,6511.348458904904
2841,6355.509994720331,15.204569365359642,27.20306542463332,6382.713060144964,29.555692733121724,6511.280323534044
2842,6355.435383818169,15.204390870378393,27.209579609732963,6382.6449634279015,29.555686849379004,6511.2122012227
2843,6355.360772805293,15.204212375132279,27.216106788939115,6382.576879594232,29.555681011340578,6511.144091993564
2844,6355.286161710293,15.204033879689696,27.22264695653477,6382.5088086668275,29.555675218961483,6511.07599586931
2845,6355.211550561995,15.203855384119604,27.229200106779416,6382.440750668774,29.55566947219713,6511.007912872831
2846,6355.136939389338,15.20367688849124,27.23576623390891,6382.372705623247,29.555663771003356,6510.939843027112
2847,6355.062328221133,15.203498392873524,27.242345332135542,6382.304673553268,29.555658115336364,6510.871786354981
2848,6354.987717086874,15.20331989733702,27.248937395647815,6382.236654482522,29.555652505152743,6510.803742879936
2849,6354.913106015476,15.2031414019509,27.25554241861048,6382.168648434086,29.555646940409492,6510.735712624867
2850,6354.838495036483,15.202962906785846,27.262160395164486,6382.100655431648,29.555641421064006,6510.667695613277
2851,6354.763884179485,15.202784411912644,27.26879131942683,6382.032675498912,29.555635947074048,6510.599691868684
2852,6354.6892734739085,15.202605917401694,27.2754351854907,6381.9647086594,29.55563051839777,6510.53170141443
2853,6354.614662949552,15.202427423324288,27.282091987425193,6381.896754936977,29.55562513499373,6510.4637242742
2854,6354.540052636205,15.202248929751686,27.288761719275367,6381.82881435548,29.555619796820846,6510.395760471651
2855,6354.465442563792,15.202070436755482,27.295444375062196,6381.760886938854,29.555614503838463,6510.3278100305515
2856,6354.3908327626195,15.20189194440818,27.302139948782525,6381.692972711402,29.55560925600627,6510.259872975029
2857,6354.316223262425,15.201713452780922,27.308848434409043,6381.625071696834,29.55560405328437,6510.191949328621
2858,6354.241614094013,15.2015349619474,27.315569825890194,6381.557183919904,29.555598895633235,6510.124039115908
2859,6354.167005287447,15.201356471979539,27.32230411715017,6381.489309404597,29.555593783013723,6510.056142360707
2860,6354.092396873399,15.201177982950714,27.329051302088843,6381.421448175488,29.55558871538709,6509.988259087422
2861,6354.01778888224,15.200999494933589,27.335811374581766,6381.353600256822,29.55558369271494,6509.920389320132
2862,6353.943181345082,15.200821008002588,27.342584328480154,6381.285765673562,29.555578714959307,6509.8525330836355
2863,6353.86857429258,15.200642522231053,27.349370157610842,6381.217944450191,29.55557378208257,6509.78469040225
2864,6353.793967755601,15.200464037692827,27.35616885577619,6381.150136611378,29.555568894047486,6509.716861300484
2865,6353.7193617655485,15.200285554463035,27.362980416754112,6381.082342182302,29.555564050817214,6509.649045803358
2866,6353.64475635336,15.200107072615694,27.369804834298147,6381.014561187659,29.555559252355287,6509.581243935404
2867,6353.570151550404,15.199928592225847,27.376642102137275,6380.946793652542,29.555554498625604,6509.513455721563
2868,6353.49554738828,15.199750113369092,27.38349221397595,6380.879039602256,29.555549789592455,6509.445681186983
2869,6353.420943898249,15.199571636120213,27.390355163494107,6380.811299061743,29.55554512522049,6509.377920356452
2870,6353.346341111979,15.199393160554974,27.39723094434719,6380.743572056326,29.555540505474774,6509.310173255141
2871,6353.271739061298,15.199214686749517,27.40411955016601,6380.675858611464,29.555535930320698,6509.242439908359
2872,6353.197137777926,15.199036214779728,27.41102097455686,6380.608158752483,29.555531399724067,6509.174720341283
2873,6353.122537294169,15.198857744722892,27.41793521110146,6380.54047250527,29.555526913651043,6509.107014579652
2874,6353.047937641739,15.198679276654877,27.424862253356878,6380.472799895096,29.555522472068166,6509.039322648592
2875,6352.973338852842,15.198500810652732,27.43180209485573,6380.405140947698,29.555518074942356,6508.971644573697
2876,6352.898740959996,15.198322346794248,27.438754729105987,6380.337495689102,29.555513722240896,6508.90398038085
2877,6352.824143995488,15.19814388515667,27.445720149591047,6380.269864145079,29.555509413931432,6508.836330095681
2878,6352.749547991831,15.197965425817777,27.452698349769733,6380.202246341601,29.555505149982025,6508.768693744022
2879,6352.674952981553,15.197786968855391,27.459689323076294,6380.13464230463,29.555500930361053,6508.7010713517
2880,6352.600358997559,15.197608514348227,27.46669306292037,6380.067052060479,29.555496755037307,6508.633462944891
2881,6352.5257660724055,15.197430062374176,27.473709562687148,6379.9994756350925,29.555492623979923,6508.565868549405
2882,6352.451174239268,15.197251613012602,27.48073881573724,6379.931913055005,29.555488537158418,6508.498288191644
2883,6352.3765835309605,15.19707316634201,27.48778081540674,6379.864364346367,29.555484494542682,6508.430721897628
2884,6352.301993980915,15.19689472244238,27.49483555500722,6379.7968295359215,29.555480496102966,6508.363169693969
2885,6352.227405622133,15.196716281392662,27.501903027825747,6379.7293086499585,29.55547654180988,6508.295631606831
2886,6352.152818488043,15.196537843272829,27.508983227124936,6379.661801715168,29.555472631634434,6508.228107662778
2887,6352.078232612077,15.196359408162865,27.516076146143035,6379.59430875822,29.555468765547964,6508.160597888354
2888,6352.003648027765,15.196180976142978,27.52318177809383,6379.526829805859,29.55546494352221,6508.09310231018
2889,6351.92906476885,15.1960025472939,27.53030011616676,6379.459364885017,29.55546116552924,6508.025620955069
2890,6351.854482869108,15.19582412169643,27.53743115352694,6379.391914022635,29.555457431541534,6507.9581538498405
2891,6351.779902362536,15.195645699431903,27.544574883315114,6379.324477245851,29.5554537415319,6507.890701021515
2892,6351.705323282684,15.195467280580583,27.55173129864785,6379.257054581331,29.555450095473514,6507.823262496641
2893,6351.630745663865,15.195288865224558,27.558900392617403,6379.189646056482,29.55544649333995,6507.755838302511
2894,6351.556169540463,15.195110453446084,27.56608215829186,6379.122251698755,29.5554429351051,6507.688428466462
2895,6351.481594946437,15.194932045326405,27.57327658871514,6379.054871535152,29.555439420743248,6507.621033015385
2896,6351.407021916157,15.194753640947743,27.580483676907104,6378.987505593064,29.555435950229025,6507.55365197656
2897,6351.33245048434,15.194575240393158,27.587703415863608,6378.920153900204,29.55543252353744,6507.486285377592
2898,6351.257880685389,15.194396843744949,27.594935798556428,6378.852816483945,29.555429140643867,6507.418933245746
2899,6351.18331255412,15.19421845108641,27.602180817933423,6378.785493372053,29.55542580152401,6507.351595608682
2900,6351.108746125038,15.194040062500092,27.60943846691864,6378.718184591957,29.555422506153967,6507.284272493726
2901,6351.0341814332505,15.193861678069977,27.6167087384122,6378.6508901716625,29.555419254510184,6507.216963928782
2902,6350.959618513567,15.193683297879346,27.623991625290554,6378.583610138858,29.555416046569462,6507.149669941435
2903,6350.8850574013395,15.193504922012774,27.631287120406398,6378.516344521746,29.555412882308975,6507.08239055979
2904,6350.810498131437,15.193326550553678,27.638595216588833,6378.4490933480265,29.555409761706244,6507.015125811448
2905,6350.735940739069,15.193148183586288,27.64591590664339,6378.381856645712,29.555406684739147,6506.947875724328
2906,6350.661385259884,15.192969821195895,27.65324918335213,6378.314634443236,29.555403651385937,6506.880640326765
2907,6350.586831729057,15.192791463466643,27.660595039473677,6378.24742676853,29.555400661625217,6506.8134196466
2908,6350.512280182357,15.192613110484109,27.667953467743352,6378.1802336501005,29.555397715435944,6506.746213712247
2909,6350.437730655378,15.19243476233344,27.675324460873192,6378.113055116251,29.555394812797424,6506.67902255192
2910,6350.363183183643,15.192256419099625,27.68270801155207,6378.045891195195,29.555391953689337,6506.611846193743
2911,6350.288637803272,15.192078080869072,27.690104112445777,6377.978741915717,29.555389138091705,6506.544684666416
2912,6350.214094550046,15.191899747727383,27.697512756197128,6377.911607306243,29.555386365984916,6506.4775379982775
2913,6350.13955346002,15.191721419760812,27.704933935426013,6377.844487395446,29.55538363734971,6506.410406217917
2914,6350.065014569211,15.191543097055527,27.71236764272953,6377.77738221194,29.555380952167184,6506.343289353867
2915,6349.990477913749,15.191364779697963,27.71981387068202,6377.71029178443,29.55537831041879,6506.2761874347525
2916,6349.915943530458,15.191186467776216,27.727272611835208,6377.643216142294,29.55537571208632,6506.209100489869
2917,6349.841411455031,15.191008161375674,27.734743858718296,6377.57615531375,29.55537315715194,6506.1420285473605
2918,6349.7668817244285,15.190829860584756,27.74222760383806,6377.509109328266,29.55537064559816,6506.074971636618
2919,6349.692354374813,15.190651565489983,27.749723839679007,6377.442078214492,29.555368177407857,6506.007929786216
2920,6349.617829443265,15.19047327618006,27.757232558703375,6377.375062001968,29.555365752564228,6505.940903025623
2921,6349.54330696621,15.19029499274213,27.764753753351393,6377.308060719562,29.55536337105086,6505.873891383633
2922,6349.468786980615,15.19011671526463,27.772287416041234,6377.241074396656,29.555361032851675,6505.806894889561
2923,6349.394269523442,15.189938443835985,27.779833539169225,6377.174103062611,29.555358737950932,6505.739913572697
2924,6349.31975463161,15.189760178544521,27.787392115109924,6377.107146746719,29.555356486333267,6505.672947462269
2925,6349.245242342344,15.189581919479291,27.79496313621628,6377.04020547856,29.555354277983668,6505.6059965877885
2926,6349.170732692652,15.189403666728833,27.802546594819752,6376.973279287471,29.555352112887455,6505.539060978532
2927,6349.096225719858,15.189225420382435,27.810142483230447,6376.906368203088,29.5553499910303,6505.47214066407
2928,6349.021721461323,15.189047180529482,27.817750793737165,6376.83947225506,29.55534791239825,6505.405235673992
2929,6348.947219954611,15.188868947259834,27.825371518607586,6376.772591473218,29.55534587697767,6505.338346038071
2930,6348.872721237191,15.188690720663137,27.833004650088444,6376.70572588728,29.555343884755292,6505.271471785965
2931,6348.798225346698,15.188512500829422,27.840650180405582,6376.638875527104,29.5553419357182,6505.2046129474775
2932,6348.723732320399,15.188334287847844,27.848308101764182,6376.572040422163,29.55534002985381,6505.137769552027
2933,6348.649242196912,15.188156081810796,27.85597840634884,6376.5052206032615,29.555338167149905,6505.070941630363
2934,6348.574755013236,15.187977882806786,27.863661086323717,6376.4384160995605,29.555336347594615,6505.0041292115975
2935,6348.500270807959,15.187799690928133,27.87135613383272,6376.371626941792,29.555334571176402,6504.937332326409
2936,6348.425789618658,15.187621506264733,27.879063540999653,6376.304853159658,29.555332837884087,6504.870551004454
2937,6348.351311483684,15.187443328908335,27.88678329992829,6376.238094783613,29.55533114770686,6504.803785276137
2938,6348.276836441436,15.187265158950805,27.894515402702655,6376.171351844138,29.555329500634205,6504.737035171897
2939,6348.202364529638,15.187086996482387,27.902259841387057,6376.104624371024,29.555327896656003,6504.670300721478
2940,6348.127895787051,15.186908841595816,27.910016608026353,6376.037912395077,29.555326335762448,6504.603581955644
2941,6348.053430251992,15.186730694382755,27.917785694645975,6375.971215946638,29.55532481794411,6504.536878904695
2942,6347.978967962845,15.186552554935036,27.925567093252198,6375.904535056097,29.555323343191883,6504.470191598982
2943,6347.90450895842,15.186374423345502,27.933360795832314,6375.837869754252,29.555321911497025,6504.403520069264
2944,6347.8300532770345,15.186196299705824,27.94116679435481,6375.7712200713895,29.55532052285112,6504.336864345792
2945,6347.7556009579075,15.186018184109827,27.948985080769436,6375.704586038677,29.555319177246105,6504.270224459698
2946,6347.681152039348,15.185840076649157,27.956815647007556,6375.637967686355,29.555317874674266,6504.203600441188
2947,6347.606706560655,15.185661977417835,27.96465848498219,6375.571365045637,29.55531661512823,6504.136992321445
2948,6347.532264560427,15.1854838865082,27.972513586588235,6375.504778147016,29.555315398600975,6504.07040013093
2949,6347.457826078027,15.185305804014419,27.980380943702595,6375.43820702173,29.555314225085816,6504.003823900853
2950,6347.383391152446,15.185127730029775,27.988260548184417,6375.3716517006305,29.555313094576416,6503.937263662038
2951,6347.308959822885,15.184949664648052,27.996152391875274,6375.305112214761,29.55531200706678,6503.870719445501
2952,6347.234532128401,15.184771607962682,28.00405646659936,6375.238588595001,29.555310962551253,6503.804191282099
2953,6347.160108108577,15.184593560068366,28.011972764163655,6375.172080872741,29.555309961024534,6503.737679203198
2954,6347.085687802826,15.184415521059393,28.01990127635818,6375.105589079184,29.555309002481664,6503.67118323998
2955,6347.011271250583,15.184237491030103,28.02784199495621,6375.03911324554,29.555308086918018,6503.6047034236335
2956,6346.936858491232,15.184059470074716,28.035794911714433,6374.972653402946,29.555307214329318,6503.538239785278
2957,6346.862449564636,15.183881458288603,28.043760018373078,6374.9062095830095,29.555306384711624,6503.471792356505
2958,6346.788044510169,15.183703455765954,28.0517373066562,6374.839781816825,29.55530559806136,6503.405361168392
2959,6346.713643367786,15.18352546260236,28.059726768271872,6374.773370136058,29.55530485437525,6503.33894625259
2960,6346.639246177485,15.183347478893504,28.067728394912432,6374.7069745723975,29.555304153650418,6503.272547640777
2961,6346.564852978698,15.183169504733726,28.075742178254703,6374.640595156952,29.555303495884274,6503.2061653640485
2962,6346.49046381173,15.182991540219449,28.083768109960133,6374.57423192169,29.555302881074603,6503.139799454364
2963,6346.416078716595,15.182813585446398,28.091806181675096,6374.507884898269,29.555302309219538,6503.073449943375
2964,6346.341697733174,15.182635640509986,28.099856385030986,6374.441554118205,29.5553017803175,6503.007116862586
2965,6346.267320901703,15.182457705506467,28.107918711644615,6374.375239613348,29.555301294367325,6502.940800243846
2966,6346.1929482626265,15.1822797805326,28.11599315311833,6374.308941415745,29.555300851368138,6502.8745001191965
2967,6346.11857985599,15.182101865684187,28.124079701040316,6374.2426595570305,29.555300451319418,6502.8082165202695
2968,6346.044215722166,15.181923961057814,28.132178346984734,6374.176394069151,29.55530009422101,6502.741949479012
2969,6345.969855901388,15.181746066749731,28.140289082511963,6374.1101449839,29.55529978007305,6502.675699027218
2970,6345.895500434628,15.181568182857962,28.14841189916897,6374.043912333797,29.55529950887606,6502.609465197408
2971,6345.821149361878,15.181390309478177,28.156546788489308,6373.977696150368,29.55529928063088,6502.543248021112
2972,6345.746802724272,15.181212446708784,28.16469374199361,6373.911496466266,29.555299095338693,6502.477047530989
2973,6345.672460561918,15.181034594645737,28.17285275118971,6373.845313313108,29.555298953001028,6502.410863758662
2974,6345.598122915697,15.180856753386834,28.181023807572934,6373.77914672327,29.555298853619743,6502.344696736516
2975,6345.523789826624,15.180678923030202,28.189206902626257,6373.71299672925,29.555298797197036,6502.2785464970575
2976,6345.449461335318,15.18050110367301,28.197402027820694,6373.646863363138,29.555298783735473,6502.212413072388
2977,6345.3751374825715,15.180323295412851,28.20560917461546,6373.580746657187,29.555298813237915,6502.146296494771
2978,6345.3008183094325,15.180145498347924,28.21382833445822,6373.514646643891,29.555298885707586,6502.080196796719
2979,6345.226503857148,15.179967712576909,28.22205949878534,6373.448563355933,29.555299001148068,6502.014114010927
2980,6345.152194166267,15.17978993819681,28.230302659022193,6373.382496825289,29.555299159563237,6501.948048169389
2981,6345.0778892785565,15.179612175307552,28.2385578065835,6373.31644708514,29.555299360957342,6501.881999305304
2982,6345.003589234377,15.179434424005686,28.246824932873373,6373.25041416725,29.555299605334962,6501.815967450457
2983,6344.929294075671,15.179256684391559,28.255104029285796,6373.184398104957,29.555299892701015,6501.749952638206
2984,6344.855003843339,15.17907895656301,28.2633950872048,6373.118398930544,29.555300223060758,6501.683954900858
2985,6344.780718578744,15.178901240619005,28.271698098004755,6373.052416676749,29.55530059641979,6501.617974271176
2986,6344.706438323306,15.178723536658628,28.280013053050656,6372.986451376357,29.555301012784035,6501.5520107819675
2987,6344.632163118471,15.17854584478103,28.288339943698382,6372.92050306217,29.555301472159773,6501.486064466065
2988,6344.557893005611,15.178368165085192,28.296678761294984,6372.854571766906,29.5553019745536,6501.420135356214
2989,6344.483628026336,15.178190497670661,28.30502949717897,6372.788657523515,29.55530251997248,6501.354223485396
2990,6344.409368222192,15.178012842636823,28.313392142680577,6372.722760364873,29.555303108423686,6501.288328886516
2991,6344.335113635023,15.177835200083788,28.321766689122114,6372.656880324145,29.555303739914848,6501.222451592775
2992,6344.260864306068,15.17765757011021,28.33015312781816,6372.591017433886,29.55530441445393,6501.156591636761
2993,6344.186620277437,15.177479952816835,28.33855145007588,6372.525171727513,29.55530513204922,6501.090749051928
2994,6344.112381590665,15.177302348303026,28.34696164719537,6372.459343237861,29.555305892709367,6501.024923871147
2995,6344.038148287669,15.177124756669064,28.355383710469937,6372.393531998139,29.555306696443346,6500.959116127668
2996,6343.9639204102095,15.176947178014855,28.363817631186322,6372.327738041396,29.555307543260454,6500.8933258545785
2997,6343.889698000319,15.176769612440955,28.37226340062508,6372.2619614009445,29.555308433170357,6500.827553085235
2998,6343.815481099938,15.176592060047698,28.380721010060952,6372.196202109999,29.555309366183046,6500.761797852895
2999,6343.741269750963,15.176414520935317,28.389190450763046,6372.130460201725,29.555310342308832,6500.696060190769
