epoch,nll_total,nll_per_row,penalty,loss_base,bce_sum,loss_total
0,32251.102162564686,77.15574680039398,1.2000000000000004,32252.302162564687,259.96636488377885,33383.155849809125
1,30685.20084710511,73.40957140455768,1.2465362179243489,30686.447383323033,257.19001364880637,31805.223942695342
2,29314.9139584198,70.13137310626746,1.2946966521850074,29316.208655071983,254.42781351459112,30422.969643860455
3,28127.053726502858,67.28960221651401,1.34443059581498,28128.398157098673,251.68086059384513,29223.209900681897
4,27106.68192640044,64.84852135502497,1.3956716715829964,27108.077598072025,248.95023291142695,28191.01111123673
5,26237.444340694277,62.769005599747075,1.4483398389852926,26238.892680533263,246.23695361969177,27310.02342877892
6,25502.366877624398,61.01044707565645,1.5023439889191046,25503.869221613317,243.54197652302517,26563.276819488477
7,24884.41496982176,59.532093229238654,1.557584510791505,24885.97255433255,240.8661996509341,25933.740522814114
8,24366.766954398034,58.29370084784219,1.613955956048076,24368.38091035408,238.21048663221114,25404.596527204198
9,23933.244362356825,57.25656546018379,1.6713504516974222,23934.91571280852,235.5756789018252,24959.66991603146
10,23568.8514767292,56.38481214528517,1.7296631676459395,23570.581139896847,232.9625969519755,24583.96843663794
11,23260.097706432527,55.6461667618003,1.7887987253955453,23261.886505157923,230.37203112340887,24264.004840544752
12,22995.10580522136,55.012214845027174,1.8486749253631354,22996.954480146724,227.80472516825088,23987.905034628617
13,22763.659497327426,54.458515543845515,1.909224333785832,22765.568721661213,225.26136136138632,23745.455643583242
14,22557.190105459173,53.964569630285105,1.970395382925909,22559.1605008421,222.74255341878623,23528.09060821382
15,22368.69747429699,53.513630321284666,2.0321533390945508,22370.729627636087,220.2488472531245,23328.812113187178
16,22192.62433526523,53.092402715945525,2.094481145609678,22194.71881641084,217.78072635680772,23142.064976062953
17,22024.700718240758,52.69067157473866,2.1573801677026117,22026.858098408462,215.33861855172393,22963.581089108462
18,21861.77135756745,52.30088841523313,2.2208708470122476,21863.992228414463,212.92290223460478,22790.206853134994
19,21701.61825314034,51.91774701708215,2.284993234457528,21703.903246374797,210.5339116685418,22619.725762132955
20,21542.788941916504,51.537772588317,2.349807358116017,21545.13874927462,208.17194160252225,22450.686695245593
21,21384.437755078943,51.15894199779652,2.4153933970035597,21386.853148475948,205.83725155389664,22282.245192735398
22,21226.18382050049,50.78034406818299,2.4818516522279572,21228.665672152718,203.53006984133953,22114.021475962545
23,21067.987081619955,50.401882970382665,2.549302316782546,21070.53638393674,201.25059723358908,21945.97648190285
24,20910.04231442786,50.02402467566474,2.617885034708639,20912.66019946257,198.9990100125608,21778.305893017212
25,20752.69043624533,49.647584775706534,2.6877582131295013,20755.378194458463,196.77546232066715,21611.351455553366
26,20596.3457017241,49.27355431034474,2.7590980380022017,20599.104799762103,194.58008777827905,21445.528181597616
27,20441.436859240894,48.90295899339927,2.832097192690223,20444.268956433585,192.41300043889723,21281.26550834279
28,20288.360828319917,48.53674839310985,2.9069633805383024,20291.267791700455,190.27429523483607,21118.960975971993
29,20137.448892536613,48.17571505391534,2.9839178125730075,20140.432810349186,188.16404829898758,20958.94642044978
30,19988.946312608496,47.82044572394377,3.06319375586205,19992.009506364357,186.08231799135694,20801.467589626758
31,19843.005532460436,47.47130510157999,3.1450350830905704,19846.150567543526,184.02914788468397,20646.677360841903
32,19699.691071877212,47.12844754037611,3.229694637253858,19702.920766514468,182.00457277922547,20494.640658104097
33,19558.992025379812,46.79184695066941,3.3174322422377016,19562.30945762205,180.0086274545902,20345.346987049517
34,19420.837575801397,46.46133391340047,3.4085123803512998,19424.24608818175,178.04135587289895,20198.72598622886
35,19285.11273286397,46.13663333221046,3.503201777087861,19288.615934641057,176.10281779776037,20054.663192061314
36,19151.67369553976,45.81740118550182,3.60176717783248,19155.275462717593,174.19309121342167,19913.015409495976
37,19020.36277501396,45.50326022730613,3.7044734677988456,19024.06724848176,172.3122710077464,19773.625627365454
38,18891.02219330851,45.19383299834571,3.8115821409303563,18894.83377544944,170.4604653632635,19636.336799779634
39,18763.50571786543,44.88876965996515,3.923350061414598,18767.429067926845,168.63779112276185,19501.003459310858
40,18637.687344169255,44.587768765955154,4.040028458222306,18641.727372627476,166.84436886676488,19367.500377197903
41,18513.466663596108,44.29059010429691,4.1618621051651425,18517.62852570127,165.0803180502094,19235.727909219684
42,18390.770837781667,43.997059420530306,4.289088658553485,18395.05992644022,163.3457523524364,19105.613949173316
43,18269.553296762344,43.7070653032592,4.421938162114694,18273.97523492446,161.64077531406076,18977.112607540625
44,18149.78958741475,43.4205492521884,4.560632777730095,18154.350220192482,159.9654762994476,18850.20004209508
45,18031.471236893944,43.13749099735393,4.705386828832207,18036.176623722775,158.3199268052693,18724.868305325697
46,17914.59881156094,42.85789189368646,4.856407225408784,17919.45521878635,156.7041771250166,18601.11838928017
47,17799.175318450623,42.58175913504934,5.013894286792164,17804.189212737416,155.11825337395854,18478.953614914135
48,17685.20076353877,42.30909273573869,5.178042925841511,17690.378806464614,153.56215487753605,18358.374180181894
49,17572.668269902177,42.03987624378511,5.3490441295181546,17578.017314031695,152.0358519269717,18239.37326991402
50,17461.561830649443,41.77407136519005,5.5270866660555384,17467.088917315497,150.53928390735095,18121.934802312473
51,17351.85556076288,41.51161617407388,5.7123589560045165,17357.567919718884,149.0723578042643,18006.032676167433
52,17243.514190801638,41.25242629378382,5.90505105324453,17249.41924185488,147.63494709453005,17891.631261716087
53,17136.494484014227,40.996398287115376,6.105356688302528,17142.59984070253,146.2268910243429,17778.68681665842
54,17030.74724066407,40.74341445134945,6.313475329748957,17037.06071599382,144.84799427462173,17667.149491088425
55,16926.21957066998,40.493348255191336,6.529614221230164,16932.74918489121,143.49802700874628,17556.965602379256
56,16822.85716004405,40.24606976087093,6.753990353056318,16829.611150397104,142.17672529269805,17448.07990542034
57,16720.60631864482,40.00145052307373,6.986832328975323,16727.593150973793,140.88379187215114,17340.43764561765
58,16619.415666369543,39.75936762289364,7.2283820911939545,16626.644048460737,139.6188972854764,17233.98625165256
59,16519.237382895102,39.51970665764379,7.478896469948207,16526.71627936505,138.38168128600682,17128.67659295918
60,16420.0280053859,39.28236364924856,7.738648527918638,16427.76665391382,137.17175454134053,17024.46378616865
61,16321.748804796718,39.04724594448976,8.007928674422068,16329.75673347114,135.9887005721376,16921.30758095994
62,16224.365802756354,38.814272255397974,8.287045529474511,16232.652848285828,134.83207788818396,16819.17238709943
63,16127.84950803202,38.58337202878474,8.57632652341724,16136.425834555437,133.70142227606644,16718.027021456328
64,16032.174456332212,38.35448434529237,8.876118223746829,16041.050574555959,132.59624919131596,16617.84425853818
65,15937.318632758543,38.12755653769986,9.186786386997815,15946.50541914554,131.51605620892724,16518.600263654374
66,15843.262845778307,37.902542693249536,9.508715739859626,15852.771561518166,130.460325489958,16420.273977399484
67,15749.990108104537,37.6794021724989,9.842309499973972,15759.832417604512,129.42852622811782,16322.846506696824
68,15657.485065557736,37.45809824296109,10.187988652807062,15667.673054210543,128.42011704798156,16226.300563369263
69,15565.733501364324,37.238596893216084,10.546191006351966,15576.279692370676,127.43454833445671,16130.619977625562
70,15474.721931233702,37.02086586419546,10.917370049943482,15485.639301283645,126.47126448013483,16035.78930177223
71,15384.437294371943,36.80487390998072,11.301993646984938,15395.739288018927,125.52970604223816,15941.793509302663
72,15294.866737481223,36.590590281055555,11.700542593808647,15306.56728007503,124.60931180366744,15848.617786420984
73,15205.997482841252,36.37798440871113,12.113509078227683,15218.11099191948,123.70952073339087,15756.247407109731
74,15117.816767722072,36.16702576010065,12.541395071657067,15130.35816279373,122.82977384073784,15664.667679000939
75,15030.311840522812,35.957683829001944,12.984710688091267,15043.296551210904,121.96951591692,15573.863945449506
76,14943.469998871775,35.74992822696597,13.443972541822513,14956.913971413598,121.12819715606685,15483.82162904249
77,14857.278656085498,35.543728842309804,13.919702133651825,14871.19835821915,120.3052746477765,15394.526302936978
78,14771.725424359243,35.33905603913695,14.412424292537304,14786.13784865178,119.50021373388226,15305.963778394169
79,14686.798205402749,35.13588087416925,14.922665696181113,14701.72087109893,118.71248922377305,15218.120199222343
80,14602.485281525842,34.93417531465512,15.45095349002018,14617.936235015863,117.94158646493852,15130.982136138346
81,14518.77540215019,34.733912445335385,15.997814019520078,14534.77321616971,117.18700226809902,15044.53667603594
82,14435.65786223821,34.535066656072274,16.563771685680216,14452.22163392389,116.44824568898362,14958.771502670968
83,14353.12257021869,34.33761380435093,17.1493479283923,14370.271918147082,115.72483867127377,14873.674966367123
84,14271.160103710268,34.14153134858916,17.755060336948045,14288.915164047216,115.01631655726102,14789.2361410713
85,14189.76175188041,33.94679844947467,18.381421881794505,14208.143173762206,114.3222284743201,14705.444867625498
86,14108.91954374926,33.75339603767765,19.028940256828296,14127.948484006089,113.6421376063857,14622.291782593866
87,14028.626262262049,33.56130684751686,19.698117317335658,14048.324379579384,112.97562136030814,14539.768332496724
88,13948.875444572526,33.37051541763762,20.38944859532097,13969.264893167847,112.32227143733132,14457.866773920237
89,13869.66136966436,33.18100806139799,21.103422871564106,13890.764792535923,111.68169382004481,14376.580160653119
90,13790.979035145865,32.992772811353746,21.84052178237673,13812.819556928242,111.05350868505573,14295.902319708233
91,13712.824125679363,32.805799343730534,22.601219438680566,13735.425345118043,110.4373502513174,14215.827818711274
92,13635.192975954576,32.620078889843484,23.38598203562748,13658.578957990205,109.83286657354026,14136.351927585105
93,13558.082531310389,32.435604141890884,24.195267432381364,13582.27779874277,109.23971928939253,14057.470577651628
94,13481.490308983903,32.25236916024857,25.029524683713156,13506.519833667617,108.65758332828415,13979.180321145654
95,13405.414362549558,32.07036928839607,25.889193507541126,13431.303556057099,108.0861465884474,13901.478293716846
96,13329.853251407725,31.889601079922787,26.774703675312868,13356.627955083039,107.5251095878428,13824.362181790155
97,13254.806016314313,31.710062239986396,27.686474315040932,13282.492490629355,106.97418509321037,13747.83019578482
98,13180.272161018645,31.53175158138432,28.62491311977581,13208.897074138422,106.43309773046298,13671.881049265936
99,13106.251639222835,31.354668993356064,29.590415457264278,13135.842054680099,105.90158357867959,13596.513943247355
100,13032.744845427083,31.178815419682017,30.58336337944919,13063.328208806533,105.37938974929871,13521.728554215983
101,12959.752607844759,31.00419284173387,31.60412453326286,12991.356732378023,104.86627395179272,13447.525024068322
102,12887.27618150401,30.830804261971316,32.65305097677432,12919.929232480785,104.36200404713209,13373.903950085809
103,12815.317239842938,30.65865368383478,33.730477907067815,12849.047717750005,103.8663575906818,13300.866373269471
104,12743.877863476453,30.487746084871898,34.83672230813889,12778.714585784592,103.37912136672006,13228.413763729824
105,12672.960525258668,30.318087381001597,35.97208152848775,12708.932606787155,102.90009091740964,13156.548002277887
106,12602.568071165011,30.14968438077754,37.13683179890348,12639.704902963915,102.42907006965704,13085.271357766924
107,12532.703696823477,29.98254472924277,38.331226701176185,12571.034923524654,101.96587046375501,13014.586460041988
108,12463.370919689927,29.816676841363464,39.555495598249394,12502.926415288177,101.51031108794615,12944.496268520743
109,12394.573546923819,29.6520898251766,40.80984203583473,12435.383388959654,101.06221782303734,12875.004036489867
110,12326.315639020355,29.48879339478554,42.09444212503115,12368.410081145386,100.62142300094945,12806.113271199516
111,12258.601469246734,29.326797773317548,43.409442915345664,12302.01091216208,100.18776498063681,12737.827689827851
112,12191.435478981646,29.166113586080492,44.754960768009354,12236.190439749655,99.7610877442097,12670.151171436966
113,12124.82222915936,29.006751744400383,46.13107974086055,12170.95330890022,99.34124051539192,12603.087705142174
114,12058.766348199168,28.84872332105064,47.537849998439725,12106.304198197608,98.92807740168723,12536.641334894946
115,11993.27247701772,28.692039418702677,48.9752862642591,12042.24776328198,98.52145706085463,12470.816101496697
116,11928.345211935364,28.536711033338193,50.44336633626058,11978.788578271624,98.121242391527,12405.615982674766
117,11863.989046472136,28.38274891500511,51.942029690897286,11915.931076163033,97.72730024709448,12341.044832237894
118,11800.208313169194,28.230163428634437,53.47117620562365,11853.679489374817,97.33950117133743,12277.106319470135
119,11737.007126626024,28.078964417765608,55.03066503338994,11792.037791659413,96.95771915378845,12213.803869978394
120,11674.38932897817,27.929161074110453,56.620313665604726,11731.009642643774,96.58183140246038,12151.140609244476
121,11612.358439010593,27.780761815814817,58.2398972216552,11670.59833623225,96.21171813144603,12089.119310104039
122,11550.917606081957,27.63377417722956,59.889148003316095,11610.806754085273,95.84726236098828,12027.742345355573
123,11490.06957000752,27.48820471293665,61.5677553512206,11551.63732535874,95.48834972794518,11967.011646675302
124,11429.816628029394,27.344058918730607,63.275365838109536,11493.091993867503,95.13486830510081,11906.928670994692
125,11370.16061000009,27.20134117224902,65.01158382994353,11435.172193830034,94.7867084284497,11847.49437549379
126,11311.102862866072,27.060054695851846,66.77597244123463,11377.878835307307,94.44376253233538,11788.709202322965
127,11252.644245468953,26.9202015441841,68.56805490506814,11321.212300374022,94.10592499306696,11730.573074093863
128,11194.785134506303,26.781782618436132,70.38731637099423,11265.172450877297,93.77309198228333,11673.08540100023
129,11137.5254421997,26.644797708611723,72.23320613483438,11209.758648334535,93.44516133181034,11616.24510012791
130,11080.864645747793,26.509245563989936,74.10514029293354,11154.969786040727,93.12203241201017,11560.050627032972
131,11024.801828003538,26.375123990439086,76.00250479904247,11100.80433280258,92.8036060256275,11504.50001901406
132,10969.335728027654,26.242429971358025,77.92465888474337,11047.260386912398,92.48978431891258,11449.590948699668
133,10914.464799329082,26.111159807007372,79.87093878470988,10994.335738113792,92.18047071137656,11395.32078570828
134,10860.18727282544,25.981309265132634,81.84066168758665,10942.027934513028,91.87556984498026,11341.68666333869
135,10806.501221018836,25.852873734494825,83.83312981428269,10890.334350833118,91.57498755294066,11288.68554668841
136,10753.404619742305,25.725848372589248,85.84763451101865,10839.252254253324,91.27863084773146,11236.314298440957
137,10700.89540416912,25.60022823963904,87.88346023755729,10788.778864406677,90.98640792731047,11184.569738890477
138,10648.971516583231,25.476008412878542,89.9398883338089,10738.91140491704,90.69822819816069,11133.448697579039
139,10597.630944557126,25.35318407788786,92.01620046090653,10689.647145018032,90.41400231339506,11082.9480550813
140,10546.871749407977,25.2317505966698,94.11168163428275,10640.98343104226,90.13364222393734,11033.064774716388
141,10496.692085874205,25.11170355472298,96.225622792807,10592.917708667012,89.8570612406354,10983.795925063776
142,10447.090214634243,24.99303879099101,98.3573228751847,10545.447537509428,89.58417410506615,10935.138694866466
143,10398.06450947261,24.875752415006243,100.50609039819419,10498.570599870804,89.31489706674294,10887.090402111135
144,10349.613460621833,24.759840814884768,102.6712445477542,10452.284705169586,89.04914796443171,10839.648498814864
145,10301.735675175027,24.64530065831346,104.85211580191454,10406.58779097694,88.78684630933286,10792.810572422539
146,10254.42987469664,24.532128886834066,107.04804610529735,10361.477920801937,88.52791336801367,10746.574343952796
147,10207.694889436623,24.420322702001492,109.2583886095959,10316.95327804622,88.27227224318922,10700.937662304093
148,10161.529648077754,24.30987954085587,111.48250698780632,10273.01215506556,88.01984795076449,10655.898493651386
149,10115.933161792324,24.200797037780678,113.71977432454597,10229.652936116869,87.77056749194361,10611.454904706823
150,10070.904501643976,24.093072970440133,115.96957158426645,10186.874073228242,87.52435991965893,10567.605038878759
151,10026.442768932502,23.98670518883374,118.23128566550008,10144.674054598003,87.28115639900521,10524.347084933675
152,9982.547058888871,23.881691528442275,120.50430706313139,10103.051365952002,87.04089026172636,10481.679238590512
153,9939.216418983153,23.778029710486013,122.78802718108082,10062.004446164234,86.80349705502829,10439.599658353607
154,9896.449803856463,23.675717234106372,125.08183536232941,10021.531639218792,86.56891458503792,10398.106417663706
155,9854.246029373753,23.574751266444384,127.38511572850516,9981.631145102258,86.33708295509376,10357.197455956915
156,9812.603728444843,23.475128536949384,129.69724394357283,9942.300972388415,86.10794459875622,10316.870531393004
157,9771.521311036184,23.376845241713358,132.01758403216684,9903.53889506835,85.88144430702945,10277.123177803927
158,9730.996930298457,23.2798969624365,134.34548539036456,9865.342415688821,85.65752924885984,10237.952667921361
159,9691.028456027045,23.184278602935514,136.68028012407967,9827.708736151124,85.43614898359947,10199.355984229782
160,9651.613455909757,23.089984344281717,139.0212808379606,9790.634736747717,85.21725546386189,10161.329798015517
161,9612.749184315011,22.997007617978497,141.3677789770423,9754.116963292054,85.00080302709353,10123.87045645991
162,9574.432577801086,22.90534109521791,143.71904379656945,9718.151621597655,84.78674837427036,10086.973977025731
163,9536.660256152256,22.814976689359465,146.07432200494898,9682.734578157206,84.57505053439763,10050.636047981836
164,9499.428527582775,22.725905568379844,148.43283809332277,9647.861365676097,84.36567081393785,10014.852033716727
165,9462.733396748032,22.638118174038354,150.79379533518812,9613.52719208322,84.15857273089006,9979.616983462593
166,9426.570574363848,22.55160424488959,153.1563774128178,9579.726951776665,83.95372193396133,9944.925642189397
167,9390.935487487746,22.466352840879775,155.51975060540346,9546.45523809315,83.75108610808093,9910.7724626633
168,9355.823289817894,22.38235236798539,157.8830664577477,9513.706356275641,83.55063486836109,9877.151617953012
169,9321.228871672665,22.299590602087715,160.24546483825762,9481.474336510923,83.35233964547041,9844.057013968719
170,9287.146869602284,22.218054711967188,162.6060772907261,9449.75294689301,83.15617356619339,9811.482301905951
171,9253.571675797844,22.137731281813025,164.9640305852319,9418.535706383076,82.96211133364531,9779.420890684432
172,9220.497447625961,22.0586063340334,167.318450378391,9387.815898004352,82.77012911210763,9747.86595964202
173,9187.918117665311,21.980665353266293,169.66846490083125,9357.586582566142,82.5802044216594,9716.81047180036
174,9155.827404605816,21.903893312454105,172.0132085986934,9327.84061320451,82.39231604759763,9686.247188011559
175,9124.218825237544,21.828274701525224,174.35182566477593,9298.57065090232,82.20644396897318,9656.168682167354
176,9093.085707571983,21.75379355878465,176.6834734024601,9269.769180974443,82.022569309338,9626.567357470063
177,9062.421204890903,21.68043350452369,179.0073253710786,9241.428530261981,81.84067431099035,9597.435463514788
178,9032.218310276778,21.608177775781765,181.3225742649231,9213.5408845417,81.66074233166698,9568.765113684452
179,9002.469871004843,21.537009260777136,183.628434480514,9186.098305485357,81.48275785993405,9540.54830217607
180,8973.168602120171,21.46691053138797,185.9241443298336,9159.092746450006,81.30670654273487,9512.776919910903
181,8944.30709867713,21.397863872433327,188.2089678633351,9132.516066540466,81.13257521602347,9485.442768730167
182,8915.877846465115,21.32985130733281,190.48219627814728,9106.360042743263,80.96035192752734,9458.537573628008
183,8887.873231607675,21.262854621070993,192.74314890571054,9080.616380513386,80.79002593978667,9432.052993351457
184,8860.28555006603,21.196855382933087,194.99117379927532,9055.276723865305,80.62158770193105,9405.980630368706
185,8833.107018697818,21.131834972961286,197.22564797320922,9030.332666671027,80.4550287802364,9380.312041865056
186,8806.32978991692,21.06777461702612,199.44597737853934,9005.77576729546,80.29034174023988,9355.038753865503
187,8779.945972023817,21.00465543546368,201.6515967264739,8981.59756875029,80.12751997683607,9330.152280649527
188,8753.9476568312,20.94245850916555,203.84196928719106,8957.78962611839,79.96655749300528,9305.644151212964
189,8728.326955316497,20.881164964872003,206.01658678953777,8934.343542106035,79.80744863228635,9281.50594365648
190,8703.076040807871,20.82075607848773,208.1749695259379,8911.25101033381,79.65018777441855,9257.72932715253
191,8678.187197922534,20.761213392159174,210.31666672725999,8888.503864649794,79.49476900734905,9234.306109831763
192,8653.652874362831,20.702518838188592,212.44125722017492,8866.094131583006,79.34118579159451,9211.228289776442
193,8629.46573195561,20.644654861137823,214.54835032295333,8844.014082278563,79.18943063435887,9188.488105538025
194,8605.618693122586,20.5876045290014,216.63758688362546,8822.256280006211,79.03949479055112,9166.07808234511
195,8582.104979195892,20.531351624870556,218.70864032438135,8800.813619520273,78.8913680058774,9143.99107034584
196,8558.918137600154,20.47588071196209,220.7612175326991,8779.679355132854,78.74503831375834,9122.220271797702
197,8536.052055753084,20.421177166873406,222.79505943509704,8758.84711518818,78.60049189348477,9100.759254924838
198,8513.500960564537,20.36722717838406,224.80994110407585,8738.310901668614,78.45771299243701,9079.601953185715
199,8491.259403624403,20.314017712020103,226.80567128212817,8718.065074906532,78.31668391098918,9058.742649919335
200,8469.322233476774,20.26153644372434,228.78209125649926,8698.104324733273,78.17738504533125,9038.175949680464
201,8447.684557667882,20.20977166906192,230.7390730798444,8678.423630747728,78.03979498108043,9017.896738915428
202,8426.341698228376,20.158712196718604,232.67651719704702,8659.018215425423,77.90389062920615,8997.90013966247
203,8405.289144730148,20.108347236196526,234.59434959707312,8639.883494327221,77.76964739531573,8978.181460496844
204,8384.522508891318,20.05866628921368,236.4925186511226,8621.01502754244,77.63703937352875,8958.73614881729
205,8364.037483960892,20.00965905253802,238.37099181804263,8602.408475778935,77.50603955677776,8939.559747850919
206,8343.829811006175,19.961315337335346,240.22975239359403,8584.05956339977,77.37662005619445,8920.647860644214
207,8323.895252998576,19.91362500717363,242.06879645524964,8565.964049453825,77.24875232310126,8901.996122059316
208,8304.229576492344,19.86657793419221,243.88813011565168,8548.117706607996,77.12240736789607,8883.600178658344
209,8284.82853987005,19.820163970980982,245.6877671536298,8530.51630702368,76.99755597073836,8865.45567549639
210,8265.687886638887,19.774372934542793,247.4677270489045,8513.155613687792,76.87416887940725,8847.558248313213
211,8246.803342075862,19.72919459826761,249.2280334103553,8496.031375486218,76.75221699006696,8829.903519393009
212,8228.170611583373,19.6846186879985,250.96871276078573,8479.139324344158,76.63167150701531,8812.487095399674
213,8209.785379348334,19.640634878823764,252.68979362422047,8462.475172972554,76.51250407790026,8795.30456571142
214,8191.643306219356,19.59723278999846,254.3913058542722,8446.034612073629,76.39468690144723,8778.351500094925
215,8173.740026087692,19.554401976286346,256.0732801426227,8429.813306230315,76.27819280549576,8761.623444934221
216,8156.0711404368685,19.512131914920737,257.73574765361167,8413.80688809048,76.16299529413246,8745.115917619956
217,8138.632211122708,19.470411988331836,259.37873974296417,8398.010950865671,76.04906856392911,8728.824399118763
218,8121.418751824513,19.429231463695007,261.00228773492734,8382.42103955944,75.93638749074799,8712.744325144195
219,8104.426219045047,19.388579471399634,262.6064227521242,8367.032641797172,75.82492759025723,8696.87107681479
220,8087.650003968987,19.34844498557174,264.19117561619765,8351.841179585184,75.71466495719511,8681.199972148983
221,8071.085426970225,19.308816810933553,265.75657686470464,8336.84200383493,75.60557619052086,8665.726260263697
222,8054.727737014247,19.269683581373798,267.3026569598904,8322.030393974137,75.49763831381894,8650.44512063925
223,8038.572118539893,19.231033776411227,268.8294467955271,8307.40156533542,75.39082870251994,8635.351670191381
224,8022.613708477213,19.192855761907207,270.336978633984,8292.950687111197,75.28512503133204,8620.440980997491
225,8006.847625653432,19.15513786041491,271.82528761898516,8278.672913272418,75.18050525620161,8605.708111136895
226,7991.26901374031,19.117868453924185,273.29441399918005,8264.56342773949,75.07694764441385,8591.148149992689
227,7975.873097025745,19.08103611728647,274.7444061521398,8250.617503177884,74.9744308633112,8576.756277433287
228,7960.6552457491,19.04462977451938,276.17532440992966,8236.830570159029,74.87293413201856,8562.52783363331
229,7945.611045007971,19.008638863655435,277.5872455581022,8223.198290566073,74.77243743161434,8548.458393393596
230,7930.736359074813,18.9730534906096,278.98026772703827,8209.716626801852,74.67292175850056,8534.543836451328
231,7916.027382233998,18.937864550799038,280.35451525105,8196.381897485047,74.57436939547807,8520.780404355377
232,7901.480668524557,18.903063800297982,281.710142978223,8183.19081150278,74.4767641680124,8507.164735633634
233,7887.09313602785,18.868643866095336,283.04733950850664,8170.1404755363565,74.3800916518012,8493.693874221692
234,7872.86204577364,18.83459819563072,284.36632893330875,8157.228374706949,74.28433930302869,8480.365250675124
235,7858.784959690462,18.800920956197277,285.6673708307487,8144.452330521211,74.18949649361531,8467.176640268437
236,7844.859685103416,18.767606902161283,286.950758494733,8131.8104435981495,74.0955544476133,8454.126105445268
237,7831.08421440819,18.734651230641603,288.21681559080554,8119.301029998996,74.00250608826671,8441.211931482956
238,7817.456667781249,18.702049444452747,289.465891593265,8106.922559374514,73.91034581530272,8428.43256367108
239,7803.9752447065575,18.66979723614009,290.69835644309,8094.673601149648,73.81906923729373,8415.786552331876
240,7790.638187505681,18.637890400731294,291.91459487441375,8082.552782380095,73.72867288446227,8403.272509427507
241,7777.443757644216,18.60632477905315,293.11500080491226,8070.558758449129,73.63915392420216,8390.889078019409
242,7764.390223704189,18.575096228957392,294.2999720960626,8058.690195800252,73.55050989638649,8378.634913849533
243,7751.4758587683955,18.544200619063147,295.46990588566695,8046.945764654062,73.46273847966339,8366.508677040598
244,7738.698944416565,18.51363383831714,296.62519459513646,8035.324139011701,73.37583729444503,8354.509031242536
245,7726.057778529755,18.483391814664486,297.76622262931005,8023.824001159064,73.28980374378855,8342.634647444544
246,7713.550684422282,18.453470536895413,298.89336372297777,8012.444048145259,73.20463489008146,8330.884209917114
247,7701.176019351225,18.42386607500293,300.00697884749496,8001.182998198719,73.12032736337582,8319.256422229404
248,7688.932181083932,18.394574595894575,301.10741457162806,7990.03959565556,73.03687729620063,8307.750011894033
249,7676.817611820679,18.365592372776746,302.1950017698187,7979.012613590498,72.95428027950874,8296.363732806361
250,7664.8307993138205,18.33691578783211,303.27005458390255,7968.100853897723,72.87253133482979,8285.096365204232
251,7652.970275446147,18.30854132881853,304.3328695659351,7957.303145012082,72.79162489848228,8273.94671332048
252,7641.234612814227,18.28046558089528,305.38372495521264,7946.61833776944,72.71155481463856,8262.913601213117
253,7629.622419989041,18.25268521528479,306.4228800675156,7936.045300056557,72.63231433497668,8251.995867413705
254,7618.13233614152,18.22519697641512,307.4505747958046,7925.582910937324,72.55389612348483,8241.192359074483
255,7606.763025633345,18.197997668979294,308.467029237088,7915.230054870433,72.47629226563498,8230.501926225945
256,7595.51317304343,18.171084146036915,309.4724434692026,7904.985616512632,72.39949428159981,8219.923416637592
257,7584.38147893693,18.144453298892177,310.46699750408095,7894.8484764410105,72.32349314345203,8209.455671615027
258,7573.366656534528,18.118102049125667,311.45085144171594,7884.817507976244,72.24827929639682,8199.09752291557
259,7562.46742931962,18.092027342869905,312.4241458428182,7874.891575162438,72.17384268408071,8188.847790838189
260,7551.682529515507,18.066226147166283,313.38700232955614,7865.069531845063,72.10017277794083,8178.705283429105
261,7541.010697313358,18.040695448118083,314.33952441410275,7855.350221727461,72.02725861044011,8168.668796682875
262,7530.450680700083,18.015432250478668,315.28179854507,7845.732479245153,71.9550888119095,8158.737115576959
263,7520.001235722321,17.990433578283067,316.21389535313057,7836.215131075452,71.88365165060114,8148.9090157555665
264,7509.661127046396,17.965696476187553,317.13587106972045,7826.796998116117,71.81293507546671,8139.183265694397
265,7499.429128677171,17.941218011189406,318.04776908700626,7817.476897764178,71.74292676111072,8129.55862917501
266,7489.3040247445915,17.916995274508594,318.94962162338715,7808.253646367979,71.67361415433274,8120.033867939326
267,7479.284610272977,17.893025383428174,319.8414514566581,7799.126061729636,71.60498452166487,8110.607744398878
268,7469.3696918901005,17.869305482990672,320.7232736864581,7790.0929655765585,71.53702499732111,8101.279024314906
269,7459.558088439645,17.845832747463266,321.5950974885807,7781.153185928226,71.46972263100693,8092.046479373106
270,7449.848631487846,17.822604381549873,322.4569278259011,7772.305559313748,71.40306443507605,8082.908889606329
271,7440.240165717971,17.799617621334857,323.3087670838549,7763.548932801826,71.33703743057367,8073.8650456248215
272,7430.7315492218495,17.7768697349805,324.1506166023278,7754.882165824178,71.2716286917553,8064.913750633314
273,7421.321653697592,17.75435802319998,324.98247808027594,7746.304131777868,71.20682538872873,8056.053822218838
274,7412.009364566433,17.73207981953692,325.80435483416863,7737.813719400601,71.14261482791832,8047.284093902046
275,7402.793581022698,17.710032490484924,326.6162528962451,7729.409833918943,71.07898449010435,8038.603416450897
276,7393.673216029918,17.68821343547827,327.41818194343114,7721.091397973349,71.0159220658374,8030.010658959742
277,7384.64719627179,17.666620086774618,328.2101560524327,7712.857352324222,70.95341548807511,8021.5047096973485
278,7375.714462072937,17.6452499092654,328.9921942808925,7704.706656353829,70.89145296192684,8013.084476738211
279,7366.873967290663,17.624100400216896,329.7643210784629,7696.638288369126,70.83002299143057,8004.748888381849
280,7358.124679190747,17.60316908897308,330.52656653515834,7688.651245725905,70.76911440331838,7996.49689338034
281,7349.465578307219,17.582453536620143,331.2789664773359,7680.744544784556,70.7087163677562,7988.327460984296
282,7340.895658295117,17.56195133563425,332.02156242411047,7672.917220719228,70.64881841606885,7980.239580829128
283,7332.41392577809,17.54166010951696,332.75440141890454,7665.168327196994,70.5894104554846,7972.2322626783525
284,7324.019400191037,17.521577512418748,333.47753575220054,7657.496935943237,70.53048278095252,7964.30453604038
285,7315.711113626861,17.501701228772397,334.1910225923934,7649.902136219254,70.47202608410501,7956.4554496851115
286,7307.4881106835755,17.482028972927214,334.8949235419957,7642.3830342255715,70.41403145945112,7948.6840710741835
287,7299.3494483168,17.462558488796173,335.58930413634744,7634.938752453147,70.35649040790233,7940.989485727522
288,7291.29419569759,17.443287549515766,336.27423330148673,7627.568428999077,70.29939483774339,7933.37079654326
289,7283.321434078592,17.42421395712582,336.94978278699716,7620.271216865589,70.24273706317234,7925.827123090388
290,7275.430256666172,17.40533554226357,337.6160265885204,7613.046283254692,70.18650980054286,7918.357600887053
291,7267.619768501658,17.386650163879565,338.27304037326746,7605.892808874925,70.13070616245247,7910.961380681593
292,7259.889086348494,17.368155708967688,338.92090092033425,7598.809987268828,70.07531964982547,7903.637627745569
293,7252.237338589026,17.349850092318245,339.5596855859917,7591.797024175017,70.02034414214788,7896.385521193361
294,7244.663665124917,17.331731256279706,340.1894718024175,7584.853136927335,69.96577388601648,7889.204253331507
295,7237.167217284341,17.313797170536702,340.8103366166322,7577.977553900973,69.91160348216876,7882.0930290484075
296,7229.747157733112,17.296045831897395,341.4223562747254,7571.169514007837,69.85782787116337,7875.051065247398
297,7222.402660389703,17.278475264090197,342.02560585485867,7564.428266244561,69.80444231788331,7868.077590327353
298,7215.132910340038,17.2610835175599,342.62015895103616,7557.753069291074,69.7514423950355,7861.171843709479
299,7207.937103756884,17.243868669274843,343.2060874082731,7551.143191165158,69.69882396581801,7854.333075416466
300,7200.814447814838,17.226828822523537,343.78346110857865,7544.597908923417,69.6465831659269,7847.560545695199
301,7193.7641606089255,17.209962106719917,344.35234780612814,7538.116508415053,69.59471638507003,7840.853524690108
302,7186.785471068204,17.19326667719666,344.91281300912254,7531.698284077326,69.54322024815178,7834.211292156787
303,7179.877618869923,17.176740714999816,345.46491990513357,7525.342538775057,69.49209159628575,7827.6331372189
304,7173.039854348395,17.1603824266708,346.00872932620604,7519.048583674601,69.44132746778828,7821.1183581594805
305,7166.271438403495,17.1441900440275,346.54429974961613,7512.815738153111,69.39092507929482,7814.6662622480435
306,7159.571642403858,17.128161823932675,347.07168732997076,7506.643329733829,69.34088180713499,7808.276165594866
307,7152.939748086568,17.11229604805399,347.5909459582502,7500.530694044818,69.29119516909114,7801.947393030365
308,7146.375047455178,17.096591022620043,348.1021273434337,7494.4771747986115,69.24186280665504,7795.679278007561
309,7139.876842670191,17.08104507815835,348.605281112492,7488.482123782683,69.19288246788707,7789.471162517992
310,7133.444445936816,17.06565656922683,349.100454924749,7482.544900861565,69.14425199097039,7783.322397022286
311,7127.077179388845,17.050423874135994,349.58769459691183,7476.664873985757,69.09596928854069,7777.2323403909095
312,7120.774374966908,17.035345394657675,350.06704423539793,7470.841419202306,69.04803233286168,7771.200359850254
313,7114.535374290623,17.020419555719194,350.53854637296536,7465.073920663588,69.00043914190283,7765.225830930865
314,7108.359528528125,17.005644805091208,351.0022421070304,7459.361770635156,68.95318776636609,7759.308137418849
315,7102.246198258879,16.99101961305952,351.45817123744894,7453.704369496329,68.9062762776959,7753.446671304306
316,7096.194753330336,16.976542472082144,351.9063724019155,7448.101125732252,68.85970275709624,7747.64083272562
317,7090.204572712081,16.962211896440387,352.3468832074951,7442.551455919576,68.81346528556807,7741.890029911798
318,7084.275044341175,16.94802642186884,352.7797403571395,7437.0547846983145,68.76756193497049,7736.193679115436
319,7078.405564966375,16.933984605182715,353.2049797703388,7431.610544736714,68.72199076010006,7730.551204543149
320,7072.595539982138,16.920085023880713,353.6226366973378,7426.218176679476,68.67674979177369,7724.962038273691
321,7066.844383263268,16.906326275749446,354.0327458265655,7420.877129089834,68.63183703089311,7719.425620174219
322,7061.151516991113,16.892706978447638,354.43534138513314,7415.586858376246,68.58725044346178,7713.941397805304
323,7055.516371476521,16.879225769082588,354.83045723240343,7410.3468287089245,68.54298795651961,7708.508826319785
324,7049.938384979338,16.86588130377832,355.2181269467643,7405.156511926102,68.49904745495381,7703.127368355152
325,7044.417003523384,16.852672257232975,355.5983839058256,7400.015387429209,68.45542677914138,7697.796493918474
326,7038.9516807094,16.839597322271292,355.9712613603208,7394.92294206972,68.41212372337438,7692.515680266399
327,7033.541877524827,16.82665520938954,356.336792502034,7389.878670026861,68.36913603501519,7687.284411779177
328,7028.187062150117,16.813844646292146,356.6950105260837,7384.882072676201,68.32646141432818,7682.102179828528
329,7022.88670976687,16.801164377432702,357.0459486878977,7379.932658454768,68.28409751493132,7676.968482644719
330,7017.640302361593,16.788613163544483,357.38964035519706,7375.02994271679,68.24204194481115,7671.882825176719
331,7012.447328530724,16.77618978117398,357.72611905528095,7370.173447586005,68.20029226784362,7666.844718951124
332,7007.307283287034,16.763893022217786,358.05541851787825,7365.362701804912,68.15884600576372,7661.853681929984
333,7002.219667864754,16.75172169345635,358.37757271379485,7360.597240578549,68.11770064052784,7656.909238364845
334,6997.183989527473,16.739674616094433,358.69261588955635,7355.87660541703,68.07685361701341,7652.010918651038
335,6992.199761379708,16.727750625310307,359.00058259821014,7351.200343977918,68.03630234600237,7647.158259183028
336,6987.266502178827,16.715948569805807,359.3015077264267,7346.568009905253,67.99604420739685,7642.350802207429
337,6982.383736152862,16.704267311370483,359.5954265180157,7341.9791626708775,67.95607655361752,7637.588095679113
338,6977.550992820916,16.69270572445195,359.8823745939545,7337.43336741487,67.91639671313825,7632.869693117022
339,6972.767806818747,16.681262695738628,360.1623879690135,7332.93019478776,67.87700199411213,7628.195153462148
340,6968.033717730557,16.669937123757315,360.43550306506245,7328.46922079562,67.83788968804858,7623.564040938631
341,6963.348269924195,16.658727918478935,360.70175672113453,7324.050026645329,67.79905707350244,7618.975924915065
342,6958.711012394439,16.647634000943636,360.9611862003344,7319.672198594773,67.76050141974079,7614.430379770646
343,6954.12149861157,16.636654302898492,361.213829193686,7315.335327805256,67.72221999035493,7609.9269847633
344,6949.579286376637,16.625787766451285,361.4597238210272,7311.0390101976645,67.68421004678959,7605.4653239012
345,6945.083937682946,16.615033343739107,361.698908629072,7306.782846312019,67.6464688517629,7601.044985817187
346,6940.635018586241,16.6043899966178,361.9314225867834,7302.566441173025,67.60899367255581,7596.665563648643
347,6936.232099078585,16.593856696360252,362.1573050782131,7298.389404156798,67.57178178415111,7592.326654917855
348,6931.874752973437,16.583432423381428,362.3765958929817,7294.251348866419,67.53483047220605,7588.027861420515
349,6927.562557792211,16.57311616696701,362.5893352145943,7290.151893006805,67.49813703584533,7583.7687891127325
350,6923.295094663409,16.56290692503208,362.7955636067936,7286.090658270203,67.46169879026371,7579.54904800785
351,6919.07194822336,16.552803703883637,362.99532199816997,7282.06727022153,67.42551306913077,7575.368252072249
352,6914.892706526281,16.542805518005455,363.18865166525455,7278.081358191535,67.38957722679245,7571.226019128083
353,6910.756960958937,16.53291138985392,363.375594214329,7274.132555173266,67.3538886402661,7567.121970758424
354,6906.664306162291,16.523120349670553,363.5561915621854,7270.220497724476,67.31844471102845,7563.05573221745
355,6902.614339958547,16.513431435307528,363.73048591606874,7266.344825874616,67.2832428665981,7559.026932344317
356,6898.606663281544,16.50384369206111,363.89851975303304,7262.5051830345765,67.2482805619151,7555.0352034789075
357,6894.6408801144225,16.494356172522544,364.060335798929,7258.701215913352,67.21355528052263,7551.080181383625
358,6890.716597431949,16.484967936440068,364.21597700723385,7254.932574439183,67.17906453555705,7547.161505168856
359,6886.833425144651,16.47567805058529,364.36548653791715,7251.198911682568,67.1448058705537,7543.278817219477
360,6882.990976049433,16.466485588635006,364.50890773652293,7247.499883785956,67.11077686007741,7539.4317631272925
361,6879.188865782342,16.457389631058234,364.6462841136263,7243.835149895968,67.07697511018688,7535.619991625281
362,6875.426712775995,16.44838926501434,364.77765932480975,7240.204372100805,67.04339825874357,7531.843154526339
363,6871.70413821798,16.43948358425354,364.9030771512765,7236.607215369256,67.01004397557625,7528.100906663012
364,6868.020766014743,16.430671689030486,365.0225814812006,7233.043347495943,66.97690996251232,7524.392905832871
365,6864.376222755586,16.421952686018148,365.13621629189623,7229.512439047482,66.9439939532877,7520.718812744283
366,6860.770137680658,16.41332568823124,365.2440256328616,7226.01416331352,66.91129371334723,7517.07829096658
367,6857.20214264961,16.404789814951222,365.34605360973774,7222.548196259348,66.87880703954764,7513.47100688138
368,6853.67187211342,16.3963441916589,365.4423443692037,7219.114216482624,66.84653175977476,7509.896629637645
369,6850.178963087525,16.387987949970153,365.532942084811,7215.711905172336,66.8144657324863,7506.354831108651
370,6846.723055125967,16.379720227574083,365.6178909437466,7212.340946069714,66.78260684619227,7502.84528585065
371,6843.303790298047,16.371540168177145,365.6972351344998,7209.001025432546,66.75095301888291,7499.367671064687
372,6839.920813164274,16.36344692144563,365.77101883539683,7205.69183199967,66.7195021974155,7495.921666558428
373,6836.573770757303,16.355439642960054,365.83928620395767,7202.41305696126,66.68825235686913,7492.506954713641
374,6833.26231255959,16.3475174941617,365.9020813670216,7199.164393926611,66.65720149987749,7489.123220451079
375,6829.986090484936,16.339679642308457,365.95944841158405,7195.94553889652,66.6263476559473,7485.77015119989
376,6826.744758861019,16.33192526043306,366.01143137628185,7192.756190237301,66.59568888077132,7482.447436868656
377,6823.53797441098,16.324253527298993,366.05807424346267,7189.596048654443,66.56522325554221,7479.154769816051
378,6820.365396237901,16.3166636273634,366.09942093177483,7186.464817169676,66.53494888627455,7475.891844824971
379,6817.226685808757,16.309154750738653,366.13551528921323,7183.36220109797,66.50486390314006,7472.6583590766295
380,6814.121506941208,16.301726093160784,366.1664010865612,7180.28790802777,66.47496645982162,7469.454012127994
381,6811.049525787848,16.29437685595179,366.19212201117045,7177.241647799019,66.44525473288951,7466.278505887089
382,6808.0104108250325,16.287106245992902,366.21272166102307,7174.223132486056,66.41572692120482,7463.131544593297
383,6805.003832839718,16.279913475693103,366.2282435390306,7171.232076378748,66.38638124535144,7460.012834796027
384,6802.029464918688,16.272797762963368,366.23873104752147,7168.2681959662095,66.35721594709975,7456.922085336093
385,6799.08698243702,16.265758331189044,366.2442274828833,7165.331209919904,66.3282292889034,7453.859007326633
386,6796.176063049222,16.258794409208665,366.2447760303219,7162.420839079544,66.29941955343027,7450.823314136966
387,6793.296386678992,16.251905231289456,366.2404197587143,7159.536806437707,66.27078504312806,7447.814721375315
388,6790.447635510855,16.24509003710731,366.2312016155299,7156.678837126386,66.24232407982419,7444.832946873621
389,6787.629493983117,16.238348071729945,366.21716442180406,7153.846658404921,66.2140350043604,7441.877710673889
390,6784.841648778843,16.23167858559532,366.19835086715227,7151.039999645995,66.18591617626029,7438.9487350127265
391,6782.083788820592,16.225080834499025,366.17480350481503,7148.258592325407,66.15796597342901,7436.045744309824
392,6779.35560526363,16.218554079578062,366.14656474673075,7145.502170010361,66.13018279188375,7433.168465155055
393,6776.656791490751,16.212097587298448,366.113676858634,7142.770468349385,66.1025650455129,7430.316626297366
394,6773.987043106585,16.20571062944159,366.0761819551818,7140.063225061766,66.07511116586214,7427.489958633267
395,6771.346057933542,16.1993924830946,366.03412199511234,7137.380179928655,66.04781960194526,7424.688195197116
396,6768.733536007432,16.19314243063979,365.987538776441,7134.7210747838735,66.02068882007748,7421.91107115121
397,6766.1491795740585,16.18695975974655,365.9364739317016,7132.08565350576,65.99371730372873,7419.15832377698
398,6763.592693086599,16.18084376336507,365.88096892324234,7129.473662009841,65.96690355339477,7416.429692467108
399,6761.063783201039,16.174793739715405,365.82106503858284,7126.8848482396215,65.94024608648365,7413.724918715825
400,6758.562158775851,16.168808992286724,365.75680338584493,7124.318962161696,65.91374343721493,7411.043746113581
401,6756.087530868518,16.16288882982899,365.68822488926344,7121.775755757782,65.8873941565297,7408.3859203386855
402,6753.639612734397,16.15703256635023,365.6153702847888,7119.254983019186,65.86119681200864,7405.751189151423
403,6751.218119825087,16.15123952111265,365.5382801157883,7116.756399940876,65.83514998779661,7403.139302387791
404,6748.822769787574,16.14550901863056,365.4569947288554,7114.279764516429,65.80925228453115,7400.550011954139
405,6746.453282462898,16.13984038866722,365.37155426973465,7111.824836732632,65.7835023192732,7397.983071821471
406,6744.1093798856,16.134232966233494,365.28199867936746,7109.391378564967,65.75789872543837,7395.438238020624
407,6741.7907862836255,16.12868609158762,365.18836769006924,7106.979153973694,65.73244015272715,7392.915268638058
408,6739.497228077767,16.123199110233895,365.0907008218371,7104.587928899605,65.70712526705245,7390.413923811283
409,6737.22843388151,16.117771372922274,364.9890373787994,7102.217471260309,65.68195275046324,7387.933965724824
410,6734.984134501068,16.11240223564849,364.88341644580646,7099.867550946875,65.65692130106345,7385.475158606501
411,6732.764062936055,16.107091059655634,364.77387688516797,7097.537939821223,65.63202963292494,7383.037268724446
412,6730.567954378943,16.101837211432876,364.66045733354093,7095.228411712484,65.60727647599376,7380.620064383056
413,6728.395546215856,16.09664006271736,364.5431961989681,7092.9387424148235,65.58266057598908,7378.223315920376
414,6726.246578027354,16.091498990496063,364.4221316580712,7090.668709685426,65.55818069429512,7375.846795705609
415,6724.120791588026,16.086413377004845,364.29730165339976,7088.418093241426,65.53383560784394,7373.490278135547
416,6722.01793086707,16.081382609729832,364.1687438909369,7086.186674758007,65.50962410899139,7371.15353963212
417,6719.93774202937,16.076406081409978,364.036495837763,7083.9742378671335,65.48554500538391,7368.836358640554
418,6717.87997343554,16.071483190037178,363.900594719879,7081.780568155419,65.46159711981781,7366.538515626627
419,6715.84437564162,16.06661333885555,363.7610775201892,7079.605453161809,65.43777929009055,7364.259793073703
420,6713.83070140019,16.061795936364092,363.61798097664456,7077.448682376835,65.41409036884437,7361.999975481308
421,6711.838705659318,16.057030396314158,363.47134158054746,7075.3100472398655,65.3905292234029,7359.758849361668
422,6709.868145564022,16.05231613771297,363.3211955750167,7073.189341139038,65.36709473560082,7357.536203238902
423,6707.918780454531,16.047652584819453,363.1675789536157,7071.086359408147,65.34378580160747,7355.331827645139
424,6705.9903718672995,16.04303916714665,363.0105274591409,7069.00089932644,65.32060133174464,7353.14551511953
425,6704.082683532453,16.038475319455628,362.85007658257314,7066.932760115026,65.29754025029939,7350.977060203829
426,6702.195481375165,16.03396048175877,362.6862615621893,7064.881742937355,65.27460149533208,7348.826259442049
427,6700.328533512911,16.029494099313183,362.5191173828365,7062.847650895747,65.25178401848109,7346.69291137614
428,6698.481610254374,16.025075622618118,362.34867877536647,7060.83028902974,65.22908678476378,7344.576816543462
429,6696.654484097757,16.0207045074109,362.1749802162287,7058.829464313985,65.20650877237513,7342.477777473817
430,6694.846929728743,16.016380214662064,361.9980559272244,7056.844985655967,65.18404897248439,7340.395598686275
431,6693.058724018214,16.01210221056989,361.8179398754164,7054.87666389363,65.16170638903021,7338.330086685912
432,6691.289646018454,16.007869966551326,361.63466577319514,7052.9243117916485,65.13948003851522,7336.28104995919
433,6689.539476961131,16.003682959237157,361.44826707849904,7050.98774403963,65.11736894979995,7334.24829897126
434,6687.808000252076,15.999540670459513,361.2587769951856,7049.0667772472625,65.09537216389731,7332.231646160216
435,6686.095001468953,15.9954425872463,361.0662284735521,7047.161229942505,65.07348873376768,7330.230905934394
436,6684.40026835483,15.991388201805812,360.8706542110009,7045.270922565831,65.05171772411485,7328.245894665731
437,6682.723590813615,15.987377011515827,360.67208665284824,7043.395677466464,65.03005821118397,7326.276430685114
438,6681.064760905037,15.98340851891157,360.47055799327035,7041.535318898307,65.0085092825605,7324.322334277445
439,6679.423572837583,15.97948223166886,360.2661001763838,7039.689673013967,64.98707003697209,7322.383427674796
440,6677.799822961853,15.975597662588166,360.0587448974569,7037.85856785931,64.96573958409212,7320.45953505011
441,6676.1933097638575,15.971754329578607,359.84852360424304,7036.041833368101,64.94451704434597,7318.550482511006
442,6674.60383385641,15.967951755637346,359.63546749843556,7034.239301354846,64.92340154871992,7316.6560980917775
443,6673.0311979706585,15.964189468829327,359.4196075372354,7032.450805507894,64.90239223857263,7314.776211745685
444,6671.475206947353,15.960467002266396,359.2009744350263,7030.67618138238,64.88148826544952,7312.910655337085
445,6669.935667727655,15.956783894085298,358.9795986651515,7028.915266392806,64.86068879089977,7311.05926263322
446,6668.412389341596,15.953139687420087,358.75551046178623,7027.167899803382,64.83999298629635,7309.221869293771
447,6666.905182897721,15.949533930377322,358.5287398218968,7025.433922719618,64.8194000326584,7307.398312861682
448,6665.4138615723,15.945966176010288,358.299316507283,7023.7131780795835,64.79890912047651,7305.588432753656
449,6663.93824059582,15.942435982286652,358.067270046693,7022.005510642513,64.77851944954052,7303.792070248015
450,6662.478137241602,15.938942912061249,357.83262973800623,7020.310766979608,64.75823022876963,7302.009068474756
451,6661.033370811037,15.935486533040757,357.59542465047565,7018.628795461512,64.73804067604507,7300.2392724023075
452,6659.603762620619,15.932066417752678,357.35568362702213,7016.959446247641,64.71795001804466,7298.4825288261345
453,6658.189135987106,15.928682143509823,357.1134352865727,7015.302571273679,64.69795749007977,7296.738686355526
454,6656.78931621202,15.925333292373253,356.8687080264374,7013.658024238457,64.67806233593376,7295.007595399769
455,6655.404130566198,15.922019451115306,356.62153002471314,7012.025660590911,64.65826380770292,7293.2891081544185
456,6654.033408273135,15.918740211179749,356.3719292427122,7010.405337515847,64.63856116563827,7291.583078586374
457,6652.676980492036,15.915495168641234,356.11993342740175,7008.796913919437,64.61895367798951,7289.889362418692
458,6651.334680300981,15.912283924165026,355.8655701138526,7007.200250414833,64.5994406208504,7288.207817115533
459,6650.006342678182,15.909106082962158,355.6088666276856,7005.615209305867,64.58002127800529,7286.53830186519
460,6648.6918044842105,15.905961254746915,355.34985008751,7004.041654571721,64.56069494077724,7284.8806775641015
461,6647.390904441969,15.90284905368892,355.088547407347,7002.479451849315,64.54146090787742,7283.234806798582
462,6646.103483118488,15.899769098369589,354.82498529902966,7000.928468417517,64.52231848525591,7281.600553828381
463,6644.829382904592,15.896721011733474,354.55919027457384,6999.388573179166,64.50326698595372,7279.977784568065
464,6643.568447994325,15.893704421039054,354.29118864851193,6997.859636642836,64.48430572995619,7278.366366568146
465,6642.320524365123,15.890718957811298,354.0210065401842,6996.341530905307,64.46543404404812,7276.766168996916
466,6641.085459756424,15.887764257790488,353.74866987597966,6994.834129632403,64.44665126167013,7275.177062620668
467,6639.8631036483075,15.884839960881118,353.47420439152177,6993.33730803983,64.4279567227768,7273.598919783909
468,6638.653307240988,15.881945711102842,353.197635633791,6991.850942874779,64.40934977369692,7272.031614390361
469,6637.455923431697,15.87908115653516,352.91898896318105,6990.374912394877,64.39082976699515,7270.475021881306
470,6636.270806794118,15.876245949268224,352.6382895554814,6988.909096349599,64.37239606133654,7268.9290192164135
471,6635.097813555714,15.873439745348598,352.3555624037806,6987.453375959495,64.35404802135278,7267.3934848523795
472,6633.936801576137,15.870662204727601,352.07083232028776,6986.007633896425,64.33578501751157,7265.868298722601
473,6632.787630323982,15.867912991205698,351.78412393806514,6984.571754262047,64.31760642598847,7264.353342215097
474,6631.650160856167,15.865191772383174,351.49546171266815,6983.145622568834,64.29951162854195,7262.848498152992
475,6630.524255794873,15.86249821960496,351.2048699236917,6981.729125718565,64.28150001239172,7261.353650772469
476,6629.4097793051615,15.859832007907086,350.9123726762144,6980.322151981376,64.26357097010069,7259.868685701314
477,6628.306597073763,15.857192815965941,350.6179939021425,6978.924590975906,64.24572389946061,7258.3934899385595
478,6627.214576286469,15.854580326044186,350.32175736144694,6977.536333647916,64.2279582033818,7256.927951832627
479,6626.133585607454,15.851994223941277,350.0236866432948,6976.157272250749,64.21027328978714,7255.471961061323
480,6625.063495156059,15.84943419893794,349.72380516707017,6974.787300323129,64.19266857151067,7254.0254086092
481,6624.004176487887,15.846899943750925,349.42213618328566,6973.426312671173,64.17514346620068,7252.588186749146
482,6622.95550257174,15.844391154477847,349.11870277438226,6972.074205346123,64.15769739622802,7251.160189019714
483,6621.917347769831,15.841907530549836,348.81352785541736,6970.730875625249,64.140329788599,7249.741310205654
484,6620.889587818104,15.83944877468446,348.50663417464136,6969.396221992745,64.12304007487404,7248.331446318447
485,6619.872099804937,15.837014592834777,348.19804431396386,6968.0701441189,64.10582769109125,7246.930494575147
486,6618.864762153276,15.834604694146595,347.8877806893089,6966.752542842585,64.08869207769574,7245.538353380562
487,6617.867454599635,15.832218790908216,347.5758655508633,6965.443320150498,64.07163267947416,7244.15492230621
488,6616.880058177135,15.829856598509892,347.26232098321725,6964.142379160352,64.05464894549512,7242.780102073256
489,6615.902455196481,15.82751783539828,346.9471689054024,6962.849624101884,64.03774032905477,7241.413794533272
490,6614.934529228221,15.825202223034022,346.6304310708283,6961.56496029905,64.02090628762835,7240.055902650233
491,6613.976165085767,15.822909485851119,346.31212906712176,6960.288294152889,64.00414628282684,7238.706330483185
492,6613.027248808909,15.820639351217485,345.99228431587323,6959.019533124781,63.98745978035919,7237.364983169344
493,6612.087667646925,15.818391549394558,345.6709180722929,6957.758585719218,63.97084624999987,7236.031766906717
494,6611.15731004304,15.816165813500096,345.3480514247831,6956.505361467823,63.95430516556149,7234.706588938016
495,6610.2360656207775,15.813961879475544,345.02370529443044,6955.259770915208,63.937836004872324,7233.389357536403
496,6609.323825166662,15.811779486044646,344.6979004344249,6954.0217256010865,63.92143824975882,7232.079981987537
497,6608.420480618754,15.809618374686014,344.37065742940916,6952.791138048163,63.905111386032374,7230.778372577403
498,6607.525925051038,15.807478289595785,344.0419966947661,6951.567921745804,63.88885490348066,7229.484440575945
499,6606.640052662287,15.805358977660974,343.7119384758504,6950.351991138138,63.872668295862944,7228.198098225142
500,6605.762758761638,15.803260188424971,343.38050284716905,6949.143261608807,63.85655106090889,7226.91925872376
501,6604.893939758282,15.801181674062875,343.0477097115204,6947.941649469802,63.840502700321316,7225.6478362162
502,6604.033493148535,15.799123189350562,342.7135787990958,6946.7470719476305,63.82452271978161,7224.38374577868
503,6603.181317505761,15.797084491640577,342.37812966655156,6945.5594471723125,63.80861062895836,7223.126903408282
504,6602.337312469595,15.795065340836352,342.04138169605926,6944.378694165654,63.792765941518226,7221.877226011258
505,6601.5013787355265,15.793065499367287,341.7033540943402,6943.204732829867,63.77698817513904,7220.634631391722
506,6600.673418045337,15.791084732165878,341.36406589169127,6942.037483937028,63.761276851524975,7219.399038241161
507,6599.853333178524,15.789122806647185,341.02353594100975,6940.876869119534,63.74563149642281,7218.170366128973
508,6599.041027941848,15.787179492683848,340.6817829168233,6939.722810858671,63.73005163963974,7216.948535491104
509,6598.236407162721,15.785254562590241,340.3388253143328,6938.575232477054,63.71453681506189,7215.733467622573
510,6597.439376679795,15.783347791099988,339.9946814484738,6937.434058128269,63.69908656067344,7214.525084667198
511,6596.64984333551,15.78145895534811,339.6493694530038,6936.299212788514,63.683700418575924,7213.323309609319
512,6595.867714969033,15.779587834854146,339.302907279622,6935.170622248655,63.6683779350077,7212.128066265938
513,6595.092900408213,15.777734211502901,338.95531269712615,6934.048213105339,63.65311866036279,7210.939279277916
514,6594.325309463911,15.775897869530889,338.6066032906144,6932.931912754526,63.63792214920949,7209.7568741035875
515,6593.5648529221,15.774078595507415,338.25679646073644,6931.821649382836,63.62278796030804,7208.580777010176
516,6592.811442538047,15.772276178320688,337.905909423,6930.717351961047,63.60771565662725,7207.410915067376
517,6592.064991030115,15.770490409162955,337.5539592071368,6929.618950237253,63.592704805360015,7206.2472161405685
518,6591.325412073878,15.768721081516455,337.2009626565336,6928.526374730412,63.577754977937325,7205.089608884439
519,6590.59262029576,15.76696799113818,336.8469364277328,6927.439556723492,63.5628657500408,7203.93802273617
520,6589.866531267319,15.765230936046219,336.49189699000556,6926.358428257325,63.54803670161359,7202.792387909344
521,6589.147061500873,15.763509716509265,336.1358606250022,6925.282922125875,63.5332674168693,7201.652635389257
522,6588.434128441775,15.76180413502817,335.7788434264821,6924.212971868257,63.51855748429902,7200.518696924958
523,6587.727650465336,15.760113996328556,335.4208613001279,6923.148511765465,63.503906496676635,7199.390505026008
524,6587.027546869731,15.758439107343854,335.061929963444,6922.089476833175,63.48931405106172,7198.267992955293
525,6586.333737872259,15.75677927720636,334.70206494574325,6921.035802818003,63.47477974880046,7197.151094725285
526,6585.646144602311,15.755134317230409,334.34128158822404,6919.987426190535,63.46030319552461,7196.039745091067
527,6584.964689098349,15.75350404090514,333.97959504413654,6918.944284142485,63.44588400114813,7194.93387954748
528,6584.289294300753,15.7518882638774,333.61702027904363,6917.906314579796,63.43152177986167,7193.833434322195
529,6583.619884047457,15.750286803941284,333.25357207117224,6916.873456118629,63.41721615012496,7192.738346371672
530,6582.956383068971,15.748699481026247,332.88926501185847,6915.84564808083,63.402966734657426,7191.64855337659
531,6582.2987169825865,15.747126117183221,332.5241135060876,6914.822830488674,63.38877316042609,7190.563993736528
532,6581.646812287831,15.74556653657376,332.1581317731241,6913.804944060956,63.37463505863215,7189.484606566006
533,6581.000596360456,15.744020565455637,331.7913338472366,6912.7919302076925,63.36055206469518,7188.410331689117
534,6580.359997447394,15.742488032170797,331.42373357851216,6911.783731025906,63.34652381823557,7187.34110963523
535,6579.72494466113,15.740968767131891,331.0553446337619,6910.780289294892,63.33254996305533,7186.276881634183
536,6579.095367974497,15.739462602809802,330.6861804975153,6909.781548472012,63.31863014711678,7185.21758961197
537,6578.471198215057,15.737969373720231,330.3162544731006,6908.787452688157,63.30476402251993,7184.163176186119
538,6577.852367059349,15.736488916409925,329.9455796838113,6907.79794674316,63.29095124547828,7183.11358466099
539,6577.238807027076,15.735021069442766,329.57416907415444,6906.812976101231,63.27719147629267,7182.068759023104
540,6576.630451475792,15.733565673387062,329.20203541117974,6905.832486886972,63.26348437932437,7181.028643937033
541,6576.027234594238,15.73212257079961,328.8291912858871,6904.856425880124,63.24982962296626,7179.993184740028
542,6575.429091397289,15.730691606213611,328.45564911470876,6903.884740511998,63.23622687961321,7178.962327438315
543,6574.835957719196,15.729272626122478,328.08142114106306,6902.917378860259,63.22267582563097,7177.936018701754
544,6574.247770207136,15.727865478964441,327.70651943697857,6901.954289644115,63.209176141323965,7176.914205858875
545,6573.664466316328,15.726470015110833,327.3309559047837,6900.995422221112,63.19572751090236,7175.896836893537
546,6573.085984302759,15.725086086848707,326.95474227885876,6900.040726581618,63.18232962244793,7174.883860439267
547,6572.5122632163675,15.723713548364515,326.5778901274483,6899.0901533438155,63.168982167878845,7173.875225774089
548,6571.9432428952505,15.722352255730264,326.2004108545285,6898.143653749779,63.15568484291418,7172.870882816456
549,6571.378863959102,15.721002066887804,325.8223157017284,6897.20117966083,63.14243734703701,7171.870782120442
550,6570.8190678024,15.719662841632536,325.4436157502989,6896.262683552699,63.12923938345727,7170.8748748707385
551,6570.263796587161,15.71833444159608,325.0643219231283,6895.32811851029,63.116090659073684,7169.88311287726
552,6569.71299323698,15.71701673023201,324.6844449867993,6894.397438223779,63.10299088443514,7168.895448571072
553,6569.166601429897,15.715709572798797,324.30399555368524,6893.470596983582,63.08993977370149,7167.911834999184
554,6568.6245655906605,15.714412836341292,323.92298408408016,6892.54754967474,63.07693704460366,7166.932225818766
555,6568.086830885165,15.713126389677429,323.541420888361,6891.628251773526,63.06398241840354,7165.956575293581
556,6567.553343211832,15.711850103377587,323.1593161291781,6890.71265934101,63.05107561985303,7164.984838287371
557,6567.024049195727,15.710583849750542,322.77667982366927,6889.8007290193955,63.03821637715295,7164.016970260011
558,6566.49889618054,15.709327502824259,322.3935218456962,6888.892418026237,63.02540442191119,7163.05292726155
559,6565.977832221661,15.708080938329331,322.00985192809753,6887.987684149758,63.01263948910078,7162.092665927346
560,6565.46080607942,15.706844033682822,321.62567966495686,6887.086485744377,62.999921317017424,7161.136143473403
561,6564.947767210741,15.70561666796828,321.2410145138831,6886.188781724624,62.98724964723648,7160.183317690103
562,6564.438665762786,15.70439872192054,320.8558657982974,6885.294531561083,62.9746242245699,7159.234146937963
563,6563.933452564757,15.703190077906118,320.4702427097271,6884.403695274485,62.96204479702269,7158.288590141533
564,6563.432079121247,15.701990619907289,320.08415431010036,6883.516233431347,62.94951111574903,7157.346606784856
565,6562.9344976041875,15.700800233502841,319.69760953404204,6882.63210713823,62.93702293500806,7156.408156905515
566,6562.440660846153,15.69961880585204,319.31061719116474,6881.751278037318,62.924580012119605,7155.473201090039
567,6561.950522331657,15.698446225673822,318.923185968355,6880.873708300012,62.91218210741921,7154.541700467286
568,6561.464036191645,15.6972823832336,318.53532443205114,6879.999360623697,62.8998289842134,7153.613616705025
569,6560.981157194322,15.696127170321343,318.1470410305097,6879.128198224832,62.88752040873433,7152.688912002826
570,6560.5018407382795,15.694980480235118,317.7583440960595,6878.260184834339,62.87525615009436,7151.76754908725
571,6560.026042845047,15.693842207763272,317.3692418473399,6877.395284692388,62.86303598024046,7150.849491206433
572,6559.553720152115,15.692712249167739,316.97974239152194,6876.533462543636,62.85085967390842,7149.934702125138
573,6559.084829905143,15.691590502165415,316.58985372651046,6875.674683631653,62.838727008576626,7149.023146118961
574,6558.619329949839,15.690476865908707,316.1995837431242,6874.818913692963,62.826637764420234,7148.114787968191
575,6558.157178725884,15.689371240971013,315.8089402272536,6873.966118953137,62.81459172426466,7147.209592953688
576,6557.698335259337,15.688273529328557,315.4179308619939,6873.116266121331,62.80258867353939,7146.3075268512275
577,6557.242759153748,15.68718363433911,315.02656322975224,6872.2693223835,62.7906284002314,7145.408555924507
578,6556.790410585051,15.686101460729788,314.63484481432636,6871.425255399377,62.77871069483865,7144.512646921926
579,6556.341250293204,15.685026914577044,314.24278300295555,6870.58403329616,62.76683535032372,7143.619767070068
580,6555.895239574404,15.683959903288047,313.85038508834066,6869.745624662744,62.755002162067065,7142.729884067736
581,6555.452340275503,15.682900335587329,313.4576582706333,6868.909998546136,62.743210927820776,7141.842966082157
582,6555.012514785081,15.68184812149541,313.0646096593925,6868.077124444474,62.73146144766173,7140.958981741803
583,6554.575726027548,15.680803172314707,312.6712462755082,6867.246972303056,62.71975352394573,7140.07790013222
584,6554.141937455506,15.67976540061126,312.2775750530911,6866.419512508597,62.70808696126093,7139.199690790082
585,6553.711113043461,15.67873472019967,311.8836028413265,6865.594715884788,62.6964615663817,7138.324323698548
586,6553.283217279291,15.677711046122706,311.489336406295,6864.772553685587,62.684877148222924,7137.4517692803565
587,6552.858215159089,15.676694294638969,311.0947824327544,6863.952997591843,62.67333351779405,7136.581998394247
588,6552.436072179733,15.675684383205104,310.69994752588735,6863.13601970562,62.66183048815373,7135.714982329089
589,6552.016754331196,15.674681230457407,310.3048382130105,6862.321592544207,62.650367874364576,7134.850692797693
590,6551.600228091132,15.67368475619888,309.90946094524753,6861.509689036379,62.63894549344806,7133.989101932879
591,6551.186460416973,15.672694881380318,309.513822099164,6860.700282516137,62.62756316434005,7133.1301822810165
592,6550.7754187404935,15.671711528087306,309.1179279783647,6859.893346718858,62.61622070784655,7132.273906797991
593,6550.367070960463,15.670734619522639,308.72178481505307,6859.088855775516,62.604917946599656,7131.420248843225
594,6549.961385435738,15.669764079989802,308.3253987715528,6858.28678420729,62.59365470501426,7130.569182174102
595,6549.558330980121,15.668799834880673,307.92877594179123,6857.4871069219125,62.582430809244755,7129.720680942127
596,6549.157876854696,15.667841810657167,307.5319223527455,6856.689799207442,62.57124608714267,7128.874719686512
597,6548.759992762194,15.666889934837785,307.13484396585,6855.8948367280445,62.56010036821441,7128.031273329777
598,6548.364648840292,15.66594413598156,306.7375466783672,6855.102195518659,62.548993483579714,7127.190317172231
599,6547.9718156561485,15.665004343674996,306.3400363247202,6854.311851980869,62.537925265930475,7126.351826887666
600,6547.5814641994975,15.664070488515545,305.9423186777889,6853.523782877286,62.52689554949046,7125.51577851757
601,6547.193565876767,15.663142502097529,305.5443994501683,6852.737965326935,62.515904169974995,7124.682148466327
602,6546.808092505415,15.6622203169986,305.14628429539187,6851.954376800806,62.50495096455188,7123.850913496607
603,6546.425016307465,15.66130386676427,304.7479788091168,6851.172995116582,62.49403577180249,7123.022050723923
604,6546.0443099042905,15.660393085895432,304.34948853027504,6850.393798434566,62.48315843168376,7122.19553761239
605,6545.665946310277,15.659487909833198,303.9508189421882,6849.6167652524655,62.47231878549063,7121.37135196935
606,6545.289898927079,15.658588274945165,303.551975473648,6848.841874400727,62.46151667581909,7120.54947194054
607,6544.916141538741,15.657694118513733,303.15296349996197,6848.069105038703,62.45075194653025,7119.729876006109
608,6544.544648304703,15.656805378719385,302.7537883439657,6847.298436648668,62.44002444271476,7118.912542974477
609,6544.175393755428,15.65592199463021,302.3544552770016,6846.529849032429,62.42933401065788,7118.0974519787915
610,6543.808352786671,15.655043906188208,301.95496951986473,6845.763322306536,62.41868049780564,7117.284582471991
611,6543.443500653967,15.654171054196093,301.55533624371714,6844.998836897684,62.40806375273124,7116.473914222064
612,6543.080812967326,15.653303380304608,301.1555605709697,6844.236373538296,62.397483625102474,7115.665427307492
613,6542.720265685499,15.6524408269988,300.7556475761339,6843.475913261633,62.386939965649695,7114.859102112209
614,6542.3618351120085,15.651583337588537,300.35560228664247,6842.717437398651,62.37643262613484,7114.054919322338
615,6542.005497888577,15.65073085619277,299.9554296836414,6841.960927572219,62.36596145932059,7113.252859920263
616,6541.651230991062,15.649883327729814,299.55513470275184,6841.206365693814,62.355526318940846,7112.452905181207
617,6541.299011724386,15.64904069790523,299.1547222348047,6840.453733959191,62.34512705967161,7111.6550366687625
618,6540.948817716472,15.648202913197302,298.7541971265463,6839.7030148430185,62.334763537102695,7110.859236229415
619,6540.60062691516,15.647369920849666,298.3535641813183,6838.954191096479,62.324435607710136,7110.065485990018
620,6540.254417582042,15.64654166885656,297.95282815971086,6838.207245741753,62.31414312882944,7109.273768352161
621,6539.910168288114,15.645718105952426,297.55199378018966,6837.462162068304,62.30388595862944,7108.484065988342
622,6539.56785790957,15.644899181601843,297.1510657196988,6836.718923629269,62.29366395608682,7107.696361838246
623,6539.227465622695,15.644084845987308,296.7500486142386,6835.9775142369335,62.28347698096155,7106.910639104116
624,6538.888970899043,15.64327504999771,296.34894705942077,6835.237917958463,62.27332489377308,7106.126881246376
625,6538.552353501234,15.642469745218264,295.9477656109996,6834.500119112234,62.26320755577677,7105.345071979863
626,6538.217593479637,15.641668883922577,295.54650878538246,6833.76410226502,62.25312482894171,7104.565195270916
627,6537.884671165785,15.640872419056903,295.1451810601173,6833.029852225903,62.24307657592867,7103.787235331192
628,6537.553567170039,15.640080304234543,294.74378687436,6832.297354044399,62.23306266006918,7103.0111766157
629,6537.2242623763,15.639292493723207,294.3423306293221,6831.566593005622,62.2230829453448,7102.237003817872
630,6536.896737938255,15.638508942436017,293.940816688698,6830.837554626953,62.21313729636759,7101.464701866152
631,6536.570975275412,15.637729605922038,293.5392493790747,6830.110224654487,62.20322557836102,7100.694255920357
632,6536.246956068144,15.636954440354412,293.1376329903221,6829.384589058466,62.1933476571413,7099.925651367031
633,6535.924662254801,15.636183402523447,292.73597177596696,6828.660634030768,62.18350339909979,7099.158873816852
634,6535.604076027419,15.635416449826362,292.33426995354966,6827.938345980969,62.17369267118572,7098.393909100627
635,6535.285179827556,15.634653540257311,291.93253170496473,6827.217711532521,62.1639153408898,7097.630743265392
636,6534.967956342217,15.633894632397649,291.5307611767862,6826.498717519004,62.154171276228055,7096.8693625705955
637,6534.6523885012675,15.63313968540973,291.1289624805782,6825.781350981846,62.144460345726756,7096.109753485757
638,6534.338459473021,15.632388659026367,290.7271396931904,6825.0655991662115,62.13478241840755,7095.351902686284
639,6534.026152659439,15.631641513539327,290.32529685704196,6824.351449516481,62.12513736377343,7094.595797048895
640,6533.7154516950095,15.630898209796673,289.92343798038996,6823.6388896754,62.11552505179496,7093.841423650708
641,6533.406340440882,15.630158709188713,289.521567037588,6822.92790747847,62.10594535289745,7093.0887697635735
642,6533.098802982955,15.629422973643432,289.1196879693306,6822.218490952286,62.09639813794836,7092.337822852361
643,6532.792823627446,15.628690965615899,288.7178046828884,6821.510628310334,62.086883278245395,7091.588570570701
644,6532.488386898351,15.627962648082178,288.3159210523323,6820.804307950683,62.077400645504994,7090.84100075863
645,6532.185477532822,15.627237984528282,287.9140409187465,6820.099518451569,62.06795011185151,7090.095101438123
646,6531.884080479471,15.626516938946102,287.51216809043365,6819.396248569905,62.0585315498066,7089.3508608115635
647,6531.5841808944015,15.625799475823927,287.11030634311015,6818.694487237512,62.04914483227939,7088.608267257927
648,6531.285764137404,15.62508556013733,286.7084594200934,6817.994223557497,62.03978983255681,7087.867309329119
649,6530.988815770479,15.624375157345643,286.306631032481,6817.29544680296,62.03046642429465,7087.127975748642
650,6530.693321552577,15.623668233379371,285.9048248593229,6816.5981464118995,62.021174481508844,7086.3902554064625
651,6530.39926743843,15.622964754637392,285.50304454778666,6815.902311986217,62.01191387856726,7085.654137357984
652,6530.106639574959,15.622264687978372,285.1012937133163,6815.207933288276,62.00268449018182,7084.919610820567
653,6529.815424297887,15.62156800071265,284.6995759397855,6814.515000237672,61.99348619140117,7084.186665170268
654,6529.525608129646,15.620874660597238,284.29789477964505,6813.82350290929,61.98431885760351,7083.455289939866
655,6529.237177775549,15.620184635826671,283.89625375406604,6813.133431529615,61.97518236449005,7082.725474815147
656,6528.950120121983,15.619497895028667,283.4946563530781,6812.444776475061,61.966076588078415,7081.997209633202
657,6528.664422233487,15.618814407257146,283.09310603570384,6811.7575282691905,61.957001404696854,7081.270484379622
658,6528.380071349092,15.618134141983473,282.6916062300895,6811.071677579182,61.947956690978444,7080.545289184938
659,6528.097054881014,15.617457069093334,282.2901603336332,6810.387215214647,61.93894232385563,7079.8216143234185
660,6527.815360410986,15.616783158877956,281.888771713109,6809.704132124095,61.92995818055526,7079.09945020951
661,6527.534975688343,15.61611238202953,281.4874437047903,6809.0224193931335,61.921004138593744,7078.378787396016
662,6527.255888627233,15.615444709634527,281.08617961456974,6808.342068241803,61.91208007577237,7077.659616571413
663,6526.978087303915,15.614780113167262,280.68498271807897,6807.663070021994,61.903185870173104,7076.941928557247
664,6526.701559954878,15.614118564485354,280.2838562608056,6806.9854162156835,61.89432140015457,7076.225714306356
665,6526.426294973331,15.613460035821367,279.88280345821045,6806.309098431541,61.885486544348076,7075.510964899456
666,6526.152280908768,15.612804499781742,279.48182749584385,6805.634108404613,61.876681181654114,7074.797671544808
667,6525.879506462324,15.612151929335703,279.08093152946157,6804.9604379917855,61.86790519123893,7074.085825573675
668,6525.607960486019,15.611502297813441,278.68011868514077,6804.28807917116,61.85915845253127,7073.37541843967
669,6525.3376319803265,15.610855578900303,278.2793920593966,6803.617024039723,61.85044084521931,7072.6664417164275
670,6525.068510090967,15.610211746629107,277.8787547192994,6802.9472648102665,61.84175224924792,7071.9588870944945
671,6524.800584108293,15.609570775378693,277.4782097025924,6802.278793810886,61.83309254481574,7071.252746380835
672,6524.53384346362,15.608932639865118,277.0777600178111,6801.61160348143,61.82446161237282,7070.5480114952525
673,6524.268277728391,15.60829731513969,276.67740864440407,6800.945686372795,61.815859332618075,7069.844674469683
674,6524.003876610508,15.607664776580163,276.2771585328546,6800.281035143363,61.807285586497,7069.142727444625
675,6523.74062995446,15.607034999891052,275.8770126048057,6799.617642559266,61.798740255199476,7068.442162669384
676,6523.47852773707,15.606407961093469,275.4769737531857,6798.955501490256,61.79022322015777,7067.742972497943
677,6523.217560066996,15.605783636523915,275.0770448423373,6798.294604909333,61.78173436304448,7067.045149388577
678,6522.957717182453,15.605162002828836,274.67722870814845,6797.634945890602,61.77327356577064,7066.348685901704
679,6522.6989894492035,15.604543036959816,274.2775281581862,6796.97651760739,61.764840710484,7065.653574697995
680,6522.441367357858,15.603926716167125,273.8779459718332,6796.319313329692,61.75643567956722,7064.959808535809
681,6522.184841523472,15.603313017998737,273.4784849004276,6795.663326423899,61.74805835563623,7064.267380270917
682,6521.929402682936,15.602701920294104,273.07914766740555,6795.0085503503415,61.73970862153863,7063.576282854035
683,6521.675041693164,15.602093401179816,272.67993696844746,6794.354978661611,61.73138636035212,7062.886509329143
684,6521.421749529436,15.601487439065636,272.28085547162715,6793.702605001064,61.72309145538292,7062.198052831979
685,6521.169517283581,15.600884012640146,271.8819058175653,6793.051423101146,61.71482379016456,7061.510906588362
686,6520.918336162206,15.600283100866521,271.48309061958577,6792.401426781792,61.706583248456035,7060.825063912575
687,6520.668197485502,15.59968468297967,271.08441246387554,6791.752609949377,61.6983697142407,7060.1405182063245
688,6520.419092684658,15.599088738480042,270.68587390964956,6791.104966594307,61.690183071724796,7059.45726295631
689,6520.171013300966,15.598495247131497,270.2874774893179,6790.458490790284,61.682023205335994,7058.775291733495
690,6519.92395098395,15.597904188956818,269.88922570865805,6789.813176692608,61.67388999972205,7058.094598191399
691,6519.677897490082,15.597315544234645,269.4911210469904,6789.169018537072,61.66578333974948,7057.415176064982
692,6519.432844680408,15.5967292934938,269.0931659573581,6788.526010637766,61.65770311050214,7056.73701916845
693,6519.188784520193,15.596145417512423,268.6953628667109,6787.884147386903,61.64964919727993,7056.060121395071
694,6518.945709075702,15.595563897310292,268.29771417609294,6787.243423251795,61.641621485597256,7055.384476714144
695,6518.703610514944,15.594984714150582,267.90022226083414,6786.603832775778,61.63361986118181,7054.710079171919
696,6518.462481104082,15.594407849531297,267.5028894707468,6785.965370574829,61.62564420997309,7054.036922888212
697,6518.222313207662,15.593833285185795,267.10571813032493,6785.328031337987,61.617694418120934,7053.365002056813
698,6517.983099285635,15.593261003075682,266.70871053894825,6784.691809824583,61.60977037198409,7052.694310942714
699,6517.744831893337,15.592690985390757,266.3118689710901,6784.056700864427,61.60187195812885,7052.024843882287
700,6517.507503678895,15.592123214542811,265.91519567652944,6783.422699355424,61.59399906332733,7051.356595280898
701,6517.271107383094,15.591557673165298,265.51869288056616,6782.78980026366,61.58615157455624,7050.68955961298
702,6517.035635836955,15.590994344107548,265.12236278424075,6782.157998621196,61.57832937899505,7050.023731419825
703,6516.8010819608735,15.590433210432712,264.7262075645578,6781.527289525431,61.570532364024615,7049.3591053089385
704,6516.567438763387,15.589874255414802,264.33022937471264,6780.8976681381,61.562760417225405,7048.69567595303
705,6516.334699339448,15.589317462534565,263.9344303443223,6780.26912968377,61.555013426375965,7048.033438088505
706,6516.102856870025,15.588762815478528,263.53881257965946,6779.641669449685,61.54729127945116,7047.372386515297
707,6515.871904619783,15.588210298133452,263.1433781638902,6779.015282783673,61.539593864620514,7046.712516094772
708,6515.64183593635,15.587659894584569,262.7481291573149,6778.389965093665,61.53192107024637,7046.053821749237
709,6515.412644249201,15.58711158911292,262.35306759761266,6777.765711846813,61.52427278488215,7045.396298461051
710,6515.184323068662,15.586565366192971,261.95819550008827,6777.14251856875,61.5166488972706,7044.739941271878
711,6514.9568659835595,15.586021210486985,261.5635148579231,6776.520380841483,61.5090492963417,7044.084745280569
712,6514.730266661605,15.585479106845945,261.1690276424282,6775.899294304033,61.50147387121105,7043.430705643801
713,6514.504518847232,15.584939040304384,260.77473580330025,6775.2792546505325,61.493922511177665,7042.777817574155
714,6514.279616360619,15.584400996078037,260.3806412688805,6774.660257629499,61.48639510572217,7042.12607633939
715,6514.0555530967795,15.583864959561673,259.9867459464159,6774.042299043195,61.47889154450472,7041.475477261791
716,6513.832323024093,15.58333091632558,259.59305172232297,6773.425374746416,61.471411717363,7040.826015716945
717,6513.609920184077,15.582798852115017,259.1995604624533,6772.809480646531,61.46395551431003,7040.177687133779
718,6513.388338688922,15.58226875284431,258.8062740123617,6772.194612701283,61.45652282553227,7039.530486992348
719,6513.167572721763,15.581740604597519,258.4131941975759,6771.580766919338,61.449113541387206,7038.884410824373
720,6512.947616534455,15.581214393623098,258.02032282386836,6770.967939358323,61.44172755240142,7038.239454211269
721,6512.728464447344,15.580690106333359,257.6276616775295,6770.356126124873,61.43436474926821,7037.59561278419
722,6512.510110848185,15.580167729301877,257.23521252564217,6769.745323373827,61.427025022845484,7036.952882223205
723,6512.292550191122,15.579647249261058,256.842977116358,6769.1355273074805,61.419708264153435,7036.311258256548
724,6512.075776994808,15.579128653097627,256.4509571791741,6768.526734173982,61.41241436437224,7035.670736659001
725,6511.85978584246,15.578611927852775,256.0591544252115,6767.918940267671,61.40514321483987,7035.031313252224
726,6511.644571380681,15.578097060719331,255.66757054749365,6767.312141928174,61.397894707049645,7034.39298390384
727,6511.430128318087,15.577584039038484,255.27620722122634,6766.706335539313,61.390668732647946,7033.755744526332
728,6511.216451424954,15.577072850298935,254.88506610407708,6766.101517529031,61.38346518343188,7033.11959107696
729,6511.003535531461,15.576563482132682,254.4941488364557,6765.497684367917,61.37628395134683,7032.484519556276
730,6510.791375527731,15.576055922315147,254.10345704179446,6764.8948325695255,61.36912492848415,7031.850526008431
731,6510.579966362093,15.575550158760988,253.71299232682816,6764.292958688921,61.36198800707875,7031.217606519714
732,6510.369303040318,15.575046179522293,253.32275628187443,6763.692059322193,61.35487307950666,7030.585757218047
733,6510.159380625973,15.57454397278941,252.93275048111292,6763.092131107086,61.34778003828263,7029.954974273615
734,6509.950194236691,15.574043526882035,252.54297648286425,6762.493170719555,61.34070877605775,7029.325253895406
735,6509.741739046812,15.57354483025553,252.1534358298686,6761.89517487668,61.33365918561701,7028.696592334114
736,6509.534010283847,15.573047871492458,251.76413004956248,6761.29814033341,61.326631159876854,7028.068985878874
737,6509.327003228866,15.572552639303506,251.37506065435508,6760.702063883221,61.319624591882835,7027.442430857911
738,6509.12071321548,15.57205912252507,250.98622914190298,6760.106942357383,61.31263937480723,7026.816923637794
739,6508.915135628449,15.571567310115908,250.5976369953838,6759.512772623833,61.305675401946424,7026.1924606223
740,6508.710265904046,15.571077191158004,250.20928568376775,6758.919551587814,61.29873256671888,7025.569038253041
741,6508.506099527862,15.570588754851345,249.82117666208777,6758.32727618995,61.29181076266255,7024.9466530075315
742,6508.302632035123,15.570101990514647,249.43331137170748,6757.73594340683,61.28490988343247,7024.325301399762
743,6508.099859009198,15.569616887581812,249.04569124058747,6757.145550249785,61.27802982279856,7023.704979978958
744,6507.897776081732,15.56913343560223,248.65831768354855,6756.556093765281,61.27117047464323,7023.085685329979
745,6507.696378930188,15.5686516242349,248.2711921025336,6755.967571032722,61.26433173295919,7022.467414071094
746,6507.495663279399,15.568171443252151,247.88431588686598,6755.379979166265,61.25751349184711,7021.8501628558
747,6507.295624898118,15.567692882531382,247.49769041350578,6754.793315311624,61.250715645513225,7021.2339283696065
748,6507.096259601299,15.567215932060524,247.11131704730298,6754.207576648601,61.243938088267484,7020.618707332565
749,6506.897563246937,15.566740581930473,246.7251971412476,6753.622760388185,61.23718071452113,7020.004496496352
750,6506.699531736467,15.566266822336045,246.33933203671702,6753.038863773184,61.23044341878456,7019.391292644897
751,6506.502161013757,15.565794643573582,245.95372306371962,6752.455884077477,61.2237260956654,7018.7790925936215
752,6506.305447064691,15.56532403603993,245.56837154113538,6751.873818605826,61.217028639866264,7018.167893189245
753,6506.109385916515,15.564854990230897,245.18327877695268,6751.2926646934675,61.21035094618285,7017.557691309363
754,6505.913973636108,15.5643874967371,244.79844606850173,6750.71241970461,61.203692909502024,7016.948483860943
755,6505.719206331298,15.563921546247125,244.41387470268424,6750.133081033982,61.19705442479973,7016.340267781861
756,6505.525080148302,15.56345712954139,244.02956595619872,6749.5546461045005,61.190435387139374,7015.733040038557
757,6505.331591272633,15.562994237494337,243.64552109576252,6748.977112368396,61.18383569166977,7015.126797627159
758,6505.138735926546,15.562532861068293,243.26174137832948,6748.4004773048755,61.17725523362364,7014.521537571139
759,6504.94651037101,15.562072991318205,242.87822805130327,6747.824738422313,61.170693908315684,7013.917256923486
760,6504.754910902326,15.561614619383555,242.49498235274638,6747.2498932550725,61.16415161114115,7013.313952763537
761,6504.56393385396,15.561157736492728,242.11200551158532,6746.675939365546,61.15762823757417,7012.711622198994
762,6504.373575594498,15.56070233395813,241.72929874781096,6746.102874342309,61.151123683166304,7012.110262364083
763,6504.1838325269,15.560248403174402,241.3468632726741,6745.5306957995745,61.14463784354513,7011.509870418996
764,6503.994701089561,15.55979593562096,240.96470028887668,6744.959401378438,61.13817061441276,7010.9104435511335
765,6503.8061777534895,15.559344922855239,240.5828109907589,6744.388988744248,61.131721891544856,7010.311978972469
766,6503.6182590241115,15.558895356517013,240.20119656448057,6743.819455588592,61.12529157078919,7009.714473921525
767,6503.430941438253,15.55844722832118,239.81985818819822,6743.250799626451,61.11887954806451,7009.117925660532
768,6503.244221566191,15.558000530062658,239.43879703223743,6742.683018598429,61.11248571935967,7008.522331477644
769,6503.058096008697,15.557555253609323,239.05801425926,6742.116110267957,61.10610998073264,7007.927688684144
770,6502.872561398608,15.55711139090576,238.67751102442634,6741.550072423034,61.09975222830954,7007.3339946161805
771,6502.68761439861,15.556668933967966,238.29728847555288,6740.984902874163,61.09341235828397,7006.741246632698
772,6502.503251702225,15.556227874885705,237.91734775326444,6740.420599455489,61.087090266916306,7006.149442116574
773,6502.319470031697,15.555788205817457,237.53768999114126,6739.857160022839,61.0807858505331,7005.558578472658
774,6502.136266139618,15.5553499189943,237.1583163158614,6739.294582455479,61.07449900552668,7004.96865312952
775,6501.953636806332,15.554913006713713,236.779227847338,6738.73286465367,61.068229628354615,7004.379663537013
776,6501.771578840888,15.554477461341836,236.400425698851,6738.172004539739,61.061977615539654,7003.791607167336
777,6501.590089079918,15.554043275310807,236.02191097717417,6737.612000057092,61.05574286366932,7003.204481514053
778,6501.409164387629,15.55361044111873,235.64368478269702,6737.052849170326,61.04952526939606,7002.618284092199
779,6501.228801654897,15.553178951327505,235.26574820954107,6736.494549864438,61.043324729437145,7002.03301243749
780,6501.0489977993,15.552748798562918,234.88810234567183,6735.937100144972,61.03714114057499,7001.448664106473
781,6500.8697497644425,15.55231997551302,234.51074827300474,6735.380498037447,61.03097439965724,7000.865236675956
782,6500.691054519821,15.5518924749278,234.13368706750705,6734.8247415873275,61.02482440359738,7000.282727742976
783,6500.51290906014,15.551466289617562,233.75691979929357,6734.269828859434,61.01869104937514,6999.701134924216
784,6500.33531040471,15.55104141245146,233.38044753271805,6733.715757937428,61.0125742340372,6999.12045585549
785,6500.1582555981595,15.550617836359233,233.00427132645953,6733.162526924619,61.006473854698,6998.540688192555
786,6499.981741708421,15.550195554326367,232.62839223360317,6732.610133942025,61.00038980854062,6997.961829609177
787,6499.805765827829,15.54977455939672,232.25281130171663,6732.058577129546,60.99432199281789,6997.383877798304
788,6499.6303250721485,15.549354844670212,231.8775295729214,6731.5078546450695,60.988270304853515,6996.806830471182
789,6499.455416580271,15.548936403302084,231.50254808395928,6730.9579646642305,60.98223464204352,6996.23068535712
790,6499.281037513892,15.548519228502135,231.12786786625375,6730.408905380146,60.9762149018577,6995.655440203227
791,6499.1071850570415,15.548103313533591,230.75348994596695,6729.8606750030085,60.9702109818412,6995.081092774018
792,6498.933856416374,15.547688651713813,230.37941534405155,6729.313271760425,60.96422277961649,6994.507640851756
793,6498.761048819914,15.547275236411279,230.0056450762986,6728.766693896213,60.95825019288506,6993.935082235263
794,6498.588759517612,15.546863061046919,229.63218015337992,6728.220939670991,60.95229311942978,6993.363414740511
795,6498.416985780774,15.546452119092761,229.25902158088667,6727.676007361661,60.94635145711706,6992.79263620012
796,6498.245724901629,15.546042404070882,228.8861703593629,6727.131895260992,60.940425103899315,6992.222744462953
797,6498.0749741931295,15.545633909552942,228.51362748433516,6726.588601677465,60.934513957817686,6991.653737393972
798,6497.904730988539,15.545226629159185,228.14139394633744,6726.046124934876,60.9286179170047,6991.085612873847
799,6497.734992641867,15.544820556559491,227.7694707309322,6725.504463372799,60.922736879687406,6990.5183687994395
800,6497.565756526854,15.544415685470943,227.39785881872672,6724.96361534558,60.91687074419039,6989.952003082809
801,6497.397020036928,15.544012009657722,227.0265591853859,6724.4235792223135,60.911019408939325,6989.3865136511995
802,6497.228780584702,15.54360952292991,226.65557280164086,6723.884353386343,60.90518277246444,6988.821898446563
803,6497.061035603112,15.543208219146202,226.2849006332932,6723.345936236406,60.899360733404315,6988.258155426714
804,6496.893782542903,15.542808092207903,225.91454364121626,6722.808326184119,60.89355319050979,6987.695282562837
805,6496.727018874926,15.542409136064418,225.5445027813517,6722.271521656278,60.88776004264827,6987.133277841798
806,6496.5607420877595,15.542011344707559,225.17477900470345,6721.735521092463,60.88198118880804,6986.572139263779
807,6496.3949496887435,15.541614712174027,224.80537325732683,6721.200322946071,60.87621652810292,6986.011864843318
808,6496.229639203614,15.541219232544531,224.43628648031552,6720.665925683929,60.8704659597772,6985.45245260896
809,6496.064808176132,15.5408248999429,224.0675196097841,6720.1323277859165,60.864729383210516,6984.893900602882
810,6495.900454168168,15.540431708536287,223.69907357684806,6719.599527745016,60.859006697923405,6984.336206880982
811,6495.736574758945,15.54003965253336,223.3309493076,6719.067524066545,60.85329780358274,6983.77936951213
812,6495.573167545445,15.539648726185275,222.96314772308335,6718.536315268529,60.8476026000077,6983.223386578562
813,6495.410230142382,15.539258923785603,222.59566973926252,6718.005899881644,60.84192098717559,6982.668256175858
814,6495.247760181368,15.538870239668345,222.22851626699054,6717.4762764483585,60.836252865228516,6982.113976412103
815,6495.085755311136,15.53848266820846,221.86168821197407,6716.94744352311,60.83059813447976,6981.560545408098
816,6494.924213197975,15.538096203822908,221.49518647473502,6716.419399672711,60.82495669542075,6981.007961297792
817,6494.763131524174,15.537710840966923,221.12901195057034,6715.892143474744,60.819328448728214,6980.456222226712
818,6494.602507989446,15.537326574137431,220.763165529509,6715.365673518955,60.81371329527177,6979.905326353387
819,6494.44234030997,15.536943397870742,220.3976480962665,6714.839988406236,60.80811113612152,6979.355271848365
820,6494.282626218461,15.53656130674273,220.03246053019737,6714.315086748658,60.802521872556156,6978.806056894277
821,6494.1233634634245,15.536180295367044,219.6676037052452,6713.790967168669,60.79694540607149,6978.25767968508
822,6493.964549810766,15.53580035839896,219.3030784898906,6713.267628300657,60.791381638389,6977.710138427648
823,6493.806183041458,15.535421490529805,218.93888574709777,6712.745068788556,60.785830471464884,6977.163431339428
824,6493.648260953248,15.535043686491024,218.57502633425824,6712.223287287506,60.78029180749945,6976.617556650128
825,6493.4907813598265,15.534666941052217,218.21150110313368,6711.70228246296,60.77476554894682,6976.072512600879
826,6493.333742090337,15.534291249019946,217.84831089979656,6711.182052990133,60.769251598524995,6975.528297443717
827,6493.177140990084,15.533916605239435,217.4854565645694,6710.662597554653,60.763749859226266,6974.984909442287
828,6493.020975920503,15.533543004594504,217.12293893196266,6710.143914852465,60.758260234327906,6974.442346871791
829,6492.865244757833,15.533170442004385,216.76075883061094,6709.626003588444,60.752782627403434,6973.90060801765
830,6492.709945394678,15.532798912427458,216.39891708320846,6709.108862477886,60.74731694233411,6973.359691177039
831,6492.555075738505,15.53242841085767,216.03741450644264,6708.592490244948,60.741863083320794,6972.819594657393
832,6492.400633712914,15.532058932327546,215.67625191092736,6708.076885623841,60.73642095489636,6972.28031677764
833,6492.246617256551,15.531690471905625,215.31543010113506,6707.562047357686,60.73099046193829,6971.741855867118
834,6492.09302432346,15.531323024697272,214.95494987532732,6707.047974198787,60.725571509681984,6971.204210265904
835,6491.939852883368,15.530956585845377,214.59481202548574,6706.534664908854,60.72016400373414,6970.667378325098
836,6491.787100920376,15.530591150527217,214.23501733724157,6706.022118257618,60.71476785008683,6970.131358405495
837,6491.634766434932,15.530226713959168,213.8755665898048,6705.5103330247375,60.70938295513184,6969.596148879561
838,6491.482847441945,15.529863271392212,213.5164605558927,6704.999307997838,60.704009225675655,6969.061748129527
839,6491.33134197146,15.52950081811354,213.1577000016586,6704.489041973118,60.69864656895467,6968.528154548071
840,6491.180248069125,15.529139349447668,212.79928568662004,6703.979533755745,60.69329489265091,6967.995366538777
841,6491.029563795403,15.528778860754553,212.4412183635863,6703.470782158989,60.687954104908485,6967.463382515341
842,6490.879287225601,15.528419347429667,212.0834987785868,6702.962786004187,60.68262411434998,6966.93220090161
843,6490.729416450546,15.528060804905612,211.72612767079912,6702.455544121345,60.677304830093874,6966.401820132253
844,6490.579949575512,15.52770322864955,211.36910577247718,6701.949055347989,60.67199616177213,6965.872238651697
845,6490.430884721132,15.527346614165388,211.01243380887968,6701.443318530012,60.66669801954832,6965.343454915047
846,6490.282220023515,15.526990956994055,210.65611249819932,6700.938332521714,60.66141031413635,6964.815467388207
847,6490.133953632554,15.526636252709459,210.30014255149206,6700.434096184046,60.656132956819505,6964.288274546211
848,6489.986083714199,15.52628249692392,209.9445246726072,6699.930608386806,60.65086585947013,6963.761874875501
849,6489.838608448732,15.525929685284048,209.58925955811856,6699.427868006851,60.645608934569985,6963.236266872231
850,6489.691526031837,15.525577813473296,209.23434789725582,6698.9258739290935,60.64036209523054,6962.711449043346
851,6489.544834673767,15.525226877209969,208.87979037183743,6698.424625045604,60.63512525521453,6962.1874199057875
852,6489.398532599846,15.524876872248434,208.5255876562045,6697.92412025605,60.62989832895745,6961.664177987014
853,6489.252618050827,15.524527794379969,208.1717404171556,6697.4243584679825,60.624681231589896,6961.141721825398
854,6489.107089281524,15.524179639429484,207.81824931388374,6696.925338595408,60.61947387896018,6960.620049968885
855,6488.961944562609,15.52383240325983,207.46511499791396,6696.427059560522,60.61427618765772,6960.099160976833
856,6488.817182179508,15.523486081769157,207.11233811304305,6695.9295202925505,60.60908807503672,6959.57905341896
857,6488.672800432443,15.523140670891012,206.759919295281,6695.432719727724,60.60390945924058,6959.059725875421
858,6488.528797636736,15.522796166595063,206.40785917279453,6694.936656809531,60.59874025922659,6958.541176937167
859,6488.385172122964,15.522452564887473,206.05615836585235,6694.441330488817,60.593580394791275,6958.023405206159
860,6488.241922236527,15.522109861809874,205.7048174867731,6693.9467397233,60.58842978659629,6957.506409294994
861,6488.099046338239,15.521768053440763,205.35383713987542,6693.452883478114,60.58328835619465,6956.9901878275605
862,6487.9565428038695,15.521427135894426,205.00321792143063,6692.9597607253,60.57815602605757,6956.47473943865
863,6487.814410024173,15.521087105320989,204.65296041961858,6692.467370443792,60.57303271960174,6955.960062774059
864,6487.67264640559,15.52074795790811,204.3030652144856,6691.975711620075,60.5679183612171,6955.44615649137
865,6487.53125036896,15.520409689877894,203.9535328779067,6691.484783246867,60.56281287629507,6954.93301925875
866,6487.390220351504,15.520072297491636,203.60436397354994,6690.994584325053,60.55771619125714,6954.420649757022
867,6487.249554804726,15.5197357770448,203.25555905684539,6690.505113861572,60.55262823358396,6953.9090466776615
868,6487.109252196253,15.519400124871417,202.90711867495676,6690.01637087121,60.5475489318449,6953.398208724735
869,6486.969311008481,15.519065337340864,202.55904336675803,6689.528354375239,60.54247821572788,6952.888134613656
870,6486.829729739299,15.518731410859568,202.21133366281347,6689.041063402113,60.53741601606973,6952.378823072016
871,6486.690506902777,15.518398341872672,201.86399008536227,6688.554496988139,60.53236226488654,6951.870272840396
872,6486.551641027334,15.518066126859651,201.51701314830817,6688.068654175642,60.52731689540487,6951.362482670654
873,6486.413130658171,15.517734762340123,201.1704033572131,6687.583534015384,60.5222798420929,6950.855451328489
874,6486.27497435533,15.517404244869212,200.82416120929702,6687.099135564627,60.51725104069182,6950.349177591637
875,6486.137170694414,15.517074571039267,200.4782871934421,6686.615457887856,60.51223042824759,6949.843660250733
876,6485.999718267447,15.51674573748193,200.13278179020347,6686.132500057651,60.50721794314301,6949.338898110323
877,6485.862615681686,15.516417740865279,199.78764547182496,6685.650261153512,60.50221352512965,6948.834889987826
878,6485.725861560159,15.516090577895117,199.44287870226177,6685.16874026242,60.49721711536011,6948.331634714236
879,6485.589454541863,15.515764245315463,199.09848193720933,6684.687936479073,60.49222865642042,6947.829131134502
880,6485.453393282062,15.51543873990924,198.7544556241386,6684.2078489062005,60.48724809236236,6947.327378107977
881,6485.317676451459,15.515114058496314,198.41080020233917,6683.728476653799,60.48227536873571,6946.826374507799
882,6485.182302737053,15.514790197935532,198.067516102969,6683.249818840022,60.47731043262067,6946.326119221922
883,6485.047270841822,15.514467155123976,197.72460374911213,6682.771874590934,60.47235323266008,6945.826611153006
884,6484.912579484838,15.51414492699722,197.38206355584447,6682.294643040682,60.46740371909138,6945.327849218729
885,6484.778227401452,15.51382351052979,197.03989593030767,6681.818123331759,60.46246184377844,6944.829832352196
886,6484.644213343171,15.513502902734858,196.6981012717918,6681.342314614963,60.4575275602432,6944.332559502021
887,6484.510536077721,15.513183100664403,196.35667997182694,6680.867216049548,60.4526008236968,6943.836029632629
888,6484.377194388961,15.512864101408997,196.01563241428383,6680.392826803244,60.44768159107054,6943.340241724401
889,6484.244187077293,15.512545902098786,195.67495897548454,6679.919146052777,60.44276982104612,6942.845194774328
890,6484.111512959366,15.51222849990279,195.3346600243229,6679.446172983689,60.43786547408554,6942.350887795961
891,6483.97917086842,15.511911892029712,194.99473592239474,6678.973906790814,60.43296851246027,6941.8573198200165
892,6483.847159653414,15.51159607572587,194.6551870241399,6678.502346677554,60.428078900279814,6941.364489893771
893,6483.715478180604,15.511281048278956,194.31601367699383,6678.031491857598,60.42319660351954,6940.872397082908
894,6483.584125331837,15.510966807013963,193.97721622155134,6677.561341553388,60.41832159004754,6940.381040470094
895,6483.453100006394,15.510653349297595,193.6387949917418,6677.091894998136,60.413453829650784,6939.890419157117
896,6483.322401118678,15.510340672532722,193.30075031501582,6676.623151433693,60.40859329405997,6939.4005322628545
897,6483.192027600637,15.510028774164203,192.96308251254464,6676.155110113182,60.4037399569736,6938.911378926017
898,6483.061978399905,15.509717651674412,192.6257918994321,6675.687770299337,60.398893794080706,6938.422958303588
899,6482.932252480563,15.509407302585078,192.28887878493845,6675.221131265502,60.39405478308236,6937.93526957191
900,6482.802848823568,15.509097724458297,191.95234347271878,6674.755192296287,60.38922290371188,6937.448311927434
901,6482.673766425365,15.508788914893218,191.61618626107338,6674.2899526864385,60.38439813775335,6936.962084585665
902,6482.545004299015,15.508480871528745,191.2804074432126,6673.8254117422275,60.3795804690591,6936.4765867826345
903,6482.41656147346,15.508173592041771,190.94500730753515,6673.361568780995,60.37476988356508,6935.991817774503
904,6482.288436993779,15.507867074147796,190.60998613792043,6672.8984231317,60.36996636930465,6935.507776838175
905,6482.160629920739,15.507561315599853,190.27534421403544,6672.435974134774,60.36516991642081,6935.024463271205
906,6482.033139331593,15.507256314190414,189.9410818116556,6671.9742211432485,60.36038051717624,6934.541876392965
907,6481.905964318353,15.506952067747255,189.60719920300048,6671.513163521353,60.35559816596131,6934.060015543285
908,6481.779103989039,15.506648574136458,189.27369665708397,6671.052800646123,60.35082285930053,6933.57888008408
909,6481.652557467125,15.506345831261065,188.94057444007956,6670.593131907204,60.34605459585596,6933.098469399178
910,6481.526323890462,15.50604383705852,188.6078328156998,6670.134156706162,60.341293376429306,6932.618782893629
911,6481.400402412712,15.505742589504095,188.2754720455913,6669.675874458303,60.33653920396099,6932.139819995533
912,6481.274792201622,15.505442086606752,187.94349238974405,6669.218284591367,60.33179208352703,6931.66158015471
913,6481.149492439761,15.505142326410912,187.61189410691557,6668.7613865466765,60.32705202233363,6931.184062843828
914,6481.024502323569,15.504843306994186,187.28067745506988,6668.305179778639,60.322319029708794,6930.707267557873
915,6480.899821063551,15.504545026467826,186.9498426918308,6667.849663755382,60.31759311709165,6930.23119381473
916,6480.7754478835,15.50424748297488,186.61939007494988,6667.39483795845,60.31287429801884,6929.755841154832
917,6480.6513820207365,15.503950674690756,186.28931986278798,6666.9407018835245,60.308162588108246,6929.281209141795
918,6480.527622725035,15.503654599820658,185.9596323148113,6666.487255039847,60.3034580050399,6928.80729736177
919,6480.404169259113,15.503359256600747,185.6303276921001,6666.0344969512125,60.29876056853391,6928.334105424335
920,6480.281020896871,15.50306464329395,185.30140625787172,6665.582427154743,60.294070300325544,6927.861632961159
921,6480.158176924792,15.502770758193282,184.97286827801491,6665.131045202807,60.2893872241374,6927.389879627805
922,6480.035636639381,15.502477599615743,184.6447140216374,6664.680350661019,60.28471136564836,6926.918845101589
923,6479.913399348701,15.502185165905983,184.31694376162488,6664.230343110326,60.280042752459906,6926.448529083527
924,6479.791464370001,15.501893455430626,183.98955777521076,6663.781022145212,60.275381414059055,6925.9789312963685
925,6479.669831030591,15.501602466580362,183.6625563445565,6663.332387375148,60.27072738177823,6925.510051485883
926,6479.548498666015,15.501312197765586,183.3359397573421,6662.884438423357,60.26608068875258,6925.041889419431
927,6479.42746662084,15.501022647418278,183.00970830736446,6662.4371749282045,60.26144136987363,6924.574444887155
928,6479.306734246492,15.500733813986823,182.6838622951449,6661.9905965416365,60.2568094617404,6924.107717700207
929,6479.1863009019135,15.500445695937591,182.35840202854297,6661.544702930456,60.25218500260729,6923.641707691798
930,6479.066165951439,15.500158291749853,182.0333278233773,6661.099493774816,60.24756803232903,6923.176414715448
931,6478.946328765965,15.499871599918576,181.7086400040506,6660.654968770015,60.24295859230297,6922.711838646534
932,6478.8267887199545,15.49958561894726,181.38433890418008,6660.211127624135,60.238356725408096,6922.24797937966
933,6478.707545192256,15.499300347349894,181.06042486722941,6659.767970059485,60.23376247594186,6921.784836829833
934,6478.588597565111,15.499015783648591,180.73689824714398,6659.325495812255,60.22917588955371,6921.3224109318135
935,6478.469945222011,15.498731926368448,180.4137594089854,6658.883704630996,60.22459701317638,6920.860701638314
936,6478.35158754857,15.498448774039641,180.09100872956608,6658.442596278136,60.22002589495469,6920.399708921189
937,6478.233523930439,15.498166325192438,179.76864659808157,6658.002170528521,60.21546258417165,6919.939432769667
938,6478.115753752596,15.497884578355492,179.4466734167391,6657.562427169335,60.21090713117274,6919.479873189936
939,6477.998276398897,15.497603532054779,179.1250896013817,6657.123366000279,60.20635958728745,6919.021030204979
940,6477.881091249893,15.497323184808357,178.8038955821057,6656.684986831999,60.201820004749486,6918.562903852659
941,6477.76419768376,15.497043535128613,178.48309180387042,6656.247289487631,60.19728843661445,6918.105494186904
942,6477.6475950727345,15.49676458151372,178.1626787270983,6655.810273799832,60.19276493667623,6917.648801274374
943,6477.531282784879,15.496486322451865,177.84265682826435,6655.373939613144,60.188249559381795,6917.192825196455
944,6477.4152601805035,15.496208756412688,177.52302660047286,6654.938286780976,60.18374235974433,6916.737566045864
945,6477.299526612502,15.49593188184809,177.2037885540199,6654.503315166522,60.17924339325553,6916.283023927183
946,6477.184081424771,15.495655697188447,176.88494321694003,6654.069024641711,60.17475271579665,6915.829198955426
947,6477.0689239515905,15.495380200841126,176.5664911355356,6653.635415087126,60.17027038354874,6915.376091255563
948,6476.954053515657,15.495105391185781,176.2484328748875,6653.202486390544,60.16579645290231,6914.9237009606695
949,6476.839469427271,15.494831266572419,175.93076901934396,6652.770238446615,60.16133098036654,6914.472028211209
950,6476.725170984172,15.494557825320985,175.61350017298872,6652.338671157161,60.15687402247827,6914.021073154941
951,6476.611157468545,15.494285065714221,175.29662696008384,6651.9077844286285,60.152425635710884,6913.57083594397
952,6476.4974281476125,15.494012985999072,174.98015002548797,6651.4775781731005,60.14798587638346,6913.121316735369
953,6476.38398227122,15.493741584380908,174.6640700350474,6651.048052306267,60.14355480057032,6912.672515688748
954,6476.270819071242,15.49347085902211,174.34838767595818,6650.6192067472,60.139132464011126,6912.224432965649
955,6476.157937760859,15.493200808040331,174.033103657099,6650.191041417957,60.13471892202173,6911.777068728752
956,6476.045337532237,15.492931429502958,173.71821870933186,6649.763556241569,60.13031422940622,6911.330423139486
957,6475.933017556285,15.49266272142652,173.40373358577068,6649.3367511420565,60.125918440370015,6910.884496357666
958,6475.820976981976,15.492394681775062,173.08964906201524,6648.910626043991,60.12153160843451,6910.439288540681
959,6475.709214933558,15.492127308453487,172.7759659363502,6648.485180869908,60.117153786353164,6909.994799840544
960,6475.597730511293,15.491860599309312,172.4626850299073,6648.0604155412,60.112785026029634,6909.551030404429
961,6475.486522789233,15.491594552127353,172.14980718679047,6647.636329976024,60.10842537843769,6909.107980372228
962,6475.375590814458,15.491329164627889,171.83733327416178,6647.21292408862,60.1040748935435,6908.665649875534
963,6475.26493360633,15.491064434464903,171.52526418228834,6646.790197788618,60.09973362023009,6908.224039036619
964,6475.154550155035,15.490800359222574,171.2136008245485,6646.368150979584,60.09540160622438,6907.78314796666
965,6475.044439420946,15.490536936413747,170.90234413739745,6645.946783558344,60.09107889802702,6907.342976764761
966,6474.934600333564,15.490274163477427,170.5914950802907,6645.526095413855,60.08676554084472,6906.903525516529
967,6474.82503179035,15.490012037775958,170.28105463556585,6645.106086425916,60.082461578525866,6906.464794292504
968,6474.715732656703,15.489750556594984,169.9710238082813,6644.686756464985,60.0781670534991,6906.026783147706
969,6474.606701763946,15.489489717138627,169.66140362601215,6644.268105389959,60.07388200671482,6905.589492119168
970,6474.497937909387,15.489229516529633,169.3521951386036,6643.85013304799,60.06960647759042,6905.152921225508
971,6474.389439854669,15.488969951805428,169.04339941788038,6643.432839272549,60.065340503958566,6904.717070464769
972,6474.281206326713,15.488711019920366,168.73501755731357,6643.016223884027,60.061084122018876,6904.2819398148085
973,6474.173236015025,15.488452717739294,168.4270506716446,6642.60028668667,60.05683736629352,6903.847529230047
974,6474.065527572121,15.488195042038567,168.11949989646627,6642.185027468588,60.052600269585874,6903.413838641286
975,6473.958079613506,15.487937989505996,167.8123663877616,6641.770446001267,60.04837286294309,6902.98086795507
976,6473.8508907154355,15.487681556735492,167.50565132140153,6641.356542036837,60.04415517562218,6902.548617050793
977,6473.743959416322,15.487425740230435,167.19935589260058,6640.943315308922,60.03994723505981,6902.117085781432
978,6473.637284215018,15.487170536399564,166.89348131533308,6640.53076553035,60.03574906684559,6901.686273971129
979,6473.530863571112,15.486915941557683,166.5880288217093,6640.118892392821,60.031560694699166,6901.256181414763
980,6473.424695903734,15.486661951922807,166.28299966131365,6639.707695565047,60.027382140450754,6900.826807876008
981,6473.318779592441,15.48640856361828,165.97839510050503,6639.297174692946,60.02321342402537,6900.398153087456
982,6473.213112976311,15.486155772670601,165.67421642168108,6638.887329397992,60.01905456343046,6899.970216748915
983,6473.107694353484,15.485903575008335,165.3704649225074,6638.478159275991,60.01490557474707,6899.542998526141
984,6473.0025219819845,15.485651966464077,165.06714191511338,6638.069663897098,60.01076647212453,6899.116498050839
985,6472.897594078673,15.485400942771946,164.76424872525556,6637.661842803928,60.006637267778075,6898.690714918763
986,6472.792908819814,15.485150499568935,164.46178669145064,6637.254695511265,60.00251797199023,6898.265648689422
987,6472.688464340941,15.484900632394597,164.1597571640791,6636.848221505021,59.99840859311477,6897.84129888507
988,6472.584258737135,15.48465133669171,163.85816150446206,6636.442420241598,59.994309137584295,6897.417664990089
989,6472.4802900623745,15.484402607804723,163.557001083912,6636.037291146286,59.99021960992031,6896.99474644944
990,6472.376556331002,15.484154440983257,163.25627728275975,6635.632833613761,59.986140012746134,6896.572542669207
991,6472.273055516851,15.483906831380025,162.95599148935986,6635.229047006211,59.98207034680291,6896.151053014803
992,6472.169785554559,15.483659774053969,162.65614509907536,6634.825930653635,59.978010610967644,6895.730276811344
993,6472.066744338392,15.483413263967444,162.356739513245,6634.423483851637,59.97396080227419,6895.31021334153
994,6471.963929724515,15.483167295991663,162.0577761381338,6634.021705862649,59.96992091593616,6894.89086184697
995,6471.861339529785,15.482921864903792,161.75925638386946,6633.620595913655,59.96589094537208,6894.4722215260235
996,6471.758971533451,15.48267696539103,161.46118166336686,6633.220153196818,59.96187088223297,6894.054291534531
997,6471.656823476797,15.482432592049754,161.163553391242,6632.82037686804,59.95786071643114,6893.637070984515
998,6471.554893064087,15.482188739387768,160.8663729827178,6632.421266046805,59.95386043617141,6893.22055894415
999,6471.453177962978,15.481945401825305,160.56964185252383,6632.022819815502,59.9498700279836,6892.80475443723
1000,6471.351675805817,15.481702573698126,160.27336141379175,6631.625037219608,59.94588947675648,6892.389656443499
1001,6471.250384189034,15.481460249256061,159.97753307694836,6631.227917265982,59.941918765773295,6891.975263897096
1002,6471.149300675252,15.481218422668066,159.68215824860843,6630.83145892386,59.9379578767483,6891.561575687715
1003,6471.048422792966,15.48097708802145,159.38723833046924,6630.435661123436,59.934006789864625,6891.148590659347
1004,6470.9477480378655,15.480736239325037,159.09277471820837,6630.040522756074,59.930065483812626,6890.736307610659
1005,6470.8472738737,15.480495870511245,158.79876880038688,6629.646042674087,59.92613393582974,6890.324725294946
1006,6470.74699773232,15.480255975436172,158.50522195735988,6629.25221968968,59.92221212174037,6889.913842419251
1007,6470.646917015754,15.48001654788458,158.21213556019543,6628.85905257595,59.91830001599689,6889.503657645537
1008,6470.547029095745,15.479777581568767,157.9195109696043,6628.466540065348,59.91439759172076,6889.094169589333
1009,6470.447331316093,15.479539070134194,157.62734953488194,6628.074680850976,59.91050482074425,6888.685376821213
1010,6470.347820992114,15.479301007158167,157.33565259286388,6627.683473584978,59.90662167365227,6888.277277865365
1011,6470.2484954127085,15.479063386154806,157.0444214668966,6627.292916879605,59.90274811982433,6887.869871200841
1012,6470.149351840471,15.47882620057529,156.75365746582477,6626.903009306297,59.89888412747696,6887.463155260822
1013,6470.05038751348,15.478589443812153,156.4633618829969,6626.513749396477,59.895029663705444,6887.057128433596
1014,6469.951599645396,15.478353109199512,156.17353599528965,6626.125135640686,59.89118469452596,6886.651789061873
1015,6469.852985427178,15.478117190017173,155.88418106215303,6625.737166489332,59.88734918491741,6886.247135443722
1016,6469.754542027383,15.477881679491347,155.59529832467715,6625.34984035206,59.883523098862824,6885.843165832113
1017,6469.656266594185,15.477646570799484,155.3068890046812,6624.963155598866,59.87970639939074,6885.439878436216
1018,6469.558156255341,15.477411857070193,155.01895430382666,6624.5771105591675,59.87589904861588,6885.037271420647
1019,6469.460208119886,15.477177531387287,154.73149540275415,6624.191703522641,59.87210100777956,6884.635342906482
1020,6469.362419278242,15.476943586790052,154.44451346024633,6623.806932738488,59.86831223728957,6884.234090970698
1021,6469.264786804478,15.476710016278656,154.15800961241604,6623.422796416894,59.864532696759426,6883.833513647797
1022,6469.167307757041,15.476476812815887,153.8719849719218,6623.039292728963,59.86076234504721,6883.433608929919
1023,6469.069979178379,15.476243969326266,153.58644062720967,6622.6564198055885,59.85700114029344,6883.034374765865
1024,6468.972798098015,15.476011478703386,153.30137764178343,6622.274175739799,59.85324903995874,6882.6358090636195
1025,6468.87576153253,15.47577933380988,153.01679705350233,6621.8925585860325,59.849506000860394,6882.237909689775
1026,6468.778866486039,15.475547527478563,152.7326998739074,6621.511566359946,59.84577197920842,6881.840674469503
1027,6468.682109952137,15.475316052517073,152.44908708757652,6621.131197039713,59.84204693064074,6881.444101188
1028,6468.585488914848,15.475084901710161,152.16595965150788,6620.751448566356,59.8383308102578,6881.048187590977
1029,6468.48900034905,15.474854067820694,151.8833184945328,6620.372318843582,59.83462357265624,6880.652931384637
1030,6468.39264122211,15.474623543593564,151.60116451675708,6619.993805738867,59.830925171961724,6880.2583302369
1031,6468.29640849411,15.474393321756246,151.31949858903164,6619.615907083142,59.827235561861215,6879.864381777238
1032,6468.200299119699,15.474163395023202,151.03832155245183,6619.23862067215,59.82355469563427,6879.47108359816
1033,6468.1043100483785,15.4739337560966,150.7576342178854,6618.861944266264,59.81988252618352,6879.078433255162
1034,6468.008438226052,15.47370439766998,150.47743736552897,6618.485875591581,59.81621900606446,6878.686428267962
1035,6467.912680595578,15.473475312429613,150.197731744493,6618.110412340071,59.81256408751432,6878.295066120758
1036,6467.817034097749,15.473246493056815,149.91851807241437,6617.735552170163,59.808917722480224,6877.904344262952
1037,6467.721495672984,15.47301793223202,149.6397970350969,6617.361292708081,59.80527986264654,6877.514260110594
1038,6467.62606226077,15.472789622633421,149.36156928617865,6616.987631546948,59.80165045946133,6877.124811045605
1039,6467.530730802094,15.472561556942807,149.08383544682664,6616.614566248921,59.798029464162326,6876.735994418027
1040,6467.435498240095,15.472333727847117,148.80659610545717,6616.242094345552,59.794416827801754,6876.347807546489
1041,6467.340361520126,15.472106128038579,148.52985181748284,6615.870213337609,59.79081250127071,6875.960247718137
1042,6467.245317591718,15.471878750219421,148.25360310508378,6615.498920696802,59.78721643532266,6875.573312190456
1043,6467.150363409245,15.471651587103457,147.97785045700488,6615.12821386625,59.78362858059627,6875.1869981918435
1044,6467.055495932253,15.471424631416872,147.70259432837605,6614.758090260629,59.78004888763748,6874.801302921852
1045,6466.960712127449,15.47119787590299,147.42783514055702,6614.388547268007,59.776477306920945,6874.416223553113
1046,6466.866008968582,15.470971313321966,147.15357328100438,6614.019582249586,59.77291378887072,6874.031757231174
1047,6466.7713834380775,15.47074493645473,146.87980910316153,6613.651192541239,59.76935828388055,6873.6479010761195
1048,6466.676832527923,15.470518738105078,146.60654292637014,6613.283375454293,59.76581074233303,6873.264652183441
1049,6466.582353240155,15.470292711100848,146.33377503580238,6612.916128275957,59.762271114618635,6872.882007624548
1050,6466.487942588442,15.470066848297709,146.06150568241458,6612.549448270856,59.75873935115402,6872.499964448376
1051,6466.393597598377,15.469841142579849,145.78973508291955,6612.183332681297,59.75521540239937,6872.118519681734
1052,6466.299315308766,15.469615586863078,145.5184634197788,6611.817778728545,59.751699218875906,6871.737670330655
1053,6466.205092772313,15.469390174096443,145.2476908412134,6611.452783613527,59.74819075118211,6871.357413381169
1054,6466.1109270574525,15.469164897266634,144.97741746123216,6611.088344518685,59.74468995001,6870.977745801228
1055,6466.016815247915,15.468939749396926,144.70764335967795,6610.724458607592,59.741196766160456,6870.59866454039
1056,6465.922754444794,15.46871472355214,144.43836858228994,6610.3611230270835,59.73771115055846,6870.220166532013
1057,6465.828741767061,15.468489812839858,144.16959314078295,6609.998334907844,59.734233054267605,6869.842248693908
1058,6465.734774352461,15.468265010412585,143.90131701294155,6609.6360913654025,59.73076242850418,6869.464907929396
1059,6465.6408493591625,15.46804030947168,143.6335401427297,6609.274389501892,59.72729922465106,6869.088141129124
1060,6465.546963965396,15.467815703266497,143.36626244041489,6608.913226405811,59.72384339427094,6868.7119451708895
1061,6465.453115372551,15.467591185101798,143.0994837827064,6608.552599155258,59.72039488911917,6868.336316922926
1062,6465.3593008036305,15.467366748334044,142.833204012907,6608.192504816538,59.71695366115652,6867.961253242568
1063,6465.265517506721,15.467142386379715,142.5674229410782,6607.832940447799,59.71351966256121,6867.58675097994
1064,6465.171762754349,15.466918092713755,142.3021403442178,6607.4739030985675,59.710092845740974,6867.212806977541
1065,6465.078033845332,15.466693860874,142.03735596645038,6607.115389811783,59.70667316334448,6866.839418072332
1066,6464.984328105566,15.466469684463078,141.77306951922952,6606.757397624796,59.70326056827267,6866.466581096782
1067,6464.890642889053,15.466245557150845,141.509280681552,6606.399923570605,59.69985501368977,6866.094292880156
1068,6464.796975579728,15.466021472678774,141.24598910018364,6606.042964679911,59.696456453033974,6865.722550250609
1069,6464.703323591052,15.465797424858977,140.98319438989597,6605.686517980948,59.693064840027944,6865.35135003507
1070,6464.609684368449,15.465573407580022,140.72089613371477,6605.330580502164,59.68968012868909,6864.980689061961
1071,6464.516055390444,15.465349414809676,140.45909388317884,6604.975149273623,59.68630227333957,6864.61056416265
1072,6464.422434168683,15.465125440594935,140.1977871586102,6604.620221327294,59.68293122861607,6864.240972171773
1073,6464.328818250234,15.464901479067544,139.93697544939482,6604.265793699628,59.67956694947948,6863.871909929864
1074,6464.23520521802,15.464677524445024,139.67665821427406,6603.911863432294,59.67620939122445,6863.503374284121
1075,6464.141592692218,15.464453571034015,139.41683488164716,6603.558427573866,59.672858509488464,6863.13536209014
1076,6464.047978332112,15.464229613234716,139.15750484988425,6603.205483181996,59.66951426026117,6862.767870214132
1077,6463.954359835665,15.464005645539869,138.89866748765044,6602.8530273233155,59.66617659989336,6862.400895532852
1078,6463.860734942881,15.463781662542779,138.64032213424082,6602.501057077122,59.66284548510574,6862.034434937332
1079,6463.767101434692,15.46355765893467,138.38246809992685,6602.149569534619,59.65952087299777,6861.668485332159
1080,6463.673457136065,15.463333629512118,138.12510466631403,6601.798561802379,59.65620272105633,6861.303043638974
1081,6463.579799916304,15.463109569177762,137.86823108671106,6601.448031003015,59.65289098716427,6860.938106797179
1082,6463.486127690578,15.462885472943965,137.61184658651112,6601.097974277089,59.64958562960878,6860.5736717658865
1083,6463.392438420516,15.462661335934248,137.3559503635853,6600.748388784101,59.64628660708985,6860.209735524942
1084,6463.29873011671,15.46243715338926,137.10054158868843,6600.399271705399,59.642993878728646,6859.8462950778685
1085,6463.205000838377,15.462212920665973,136.845619405878,6600.050620244255,59.63970740407562,6859.483347451984
1086,6463.111248695873,15.461988633243715,136.59118293294628,6599.702431628819,59.636427143118794,6859.120889701386
1087,6463.017471850708,15.461764286724181,136.33723126186607,6599.354703112574,59.63315305629182,6858.758918907443
1088,6462.923668518332,15.461539876838115,136.08376345925075,6599.007431977583,59.62988510448213,6858.397432182081
1089,6462.829836967432,15.461315399443617,135.83077856682863,6598.660615534261,59.62662324903893,6858.03642666758
1090,6462.735975522741,15.461090850532873,135.57827560193306,6598.314251124674,59.62336745178125,6857.675899539922
1091,6462.642082564785,15.460866226231543,135.32625355800718,6597.968336122792,59.620117675005794,6857.315848009067
1092,6462.548156532506,15.46064152280504,135.07471140512538,6597.622867937632,59.61687388149504,6856.956269322135
1093,6462.454195922528,15.460416736656766,134.82364809053124,6597.27784401306,59.61363603452496,6856.597160763243
1094,6462.3601992921085,15.460191864335188,134.57306253919228,6596.933261831301,59.610404097873,6856.2385196570485
1095,6462.266165259187,15.45996690253394,134.3229536543726,6596.589118913559,59.60717803582584,6855.880343369401
1096,6462.172092502788,15.459741848092794,134.0733203182236,6596.245412821011,59.603957813187236,6855.522629308375
1097,6462.077979765595,15.459516698003815,133.82416139239282,6595.902141157988,59.600743395285804,6855.165374927481
1098,6461.983825853458,15.459291449410188,133.57547571865268,6595.559301572111,59.597534747982635,6854.808577725835
1099,6461.8896296372395,15.45906609961062,133.3272621195479,6595.216891756788,59.59433183767912,6854.452235250692
1100,6461.795390052781,15.458840646059285,133.0795193990635,6594.874909451844,59.591134631324536,6854.096345098106
1101,6461.701106102258,15.458615086369038,132.832246343313,6594.533352445571,59.58794309642366,6853.740904915014
1102,6461.6067768549065,15.458389418313173,132.5854417212471,6594.192218576153,59.58475720104434,6853.385912400696
1103,6461.512401447205,15.458163639825848,132.339104285384,6593.8515057325885,59.581576913824904,6853.031365307726
1104,6461.417979084172,15.457937749005195,132.09323277256075,6593.511211856732,59.578402203981824,6852.677261444053
1105,6461.323509039261,15.457711744113064,131.8478259047063,6593.171334943967,59.57523304131677,6852.3235986736945
1106,6461.228990655126,15.457485623576856,131.6028823896367,6592.831873044763,59.57206939622421,6851.970374918338
1107,6461.134423344211,15.457259385990936,131.35840092187178,6592.4928242660835,59.56891123969836,6851.6175881587715
1108,6461.039806588196,15.457033030115303,131.11438018347465,6592.154186771671,59.56575854334052,6851.2652364352025
1109,6460.945139939488,15.456806554879158,130.87081884491246,6591.815958784401,59.56261127936596,6850.913317849643
1110,6460.850423020349,15.456579959378825,130.62771556593998,6591.478138586289,59.559469420610874,6850.561830565946
1111,6460.755655523181,15.456353242878425,130.38506899650463,6591.140724519686,59.55633294053905,6850.210772811031
1112,6460.660837210574,15.456126404809986,130.14287777767333,6590.8037149882475,59.553201813248705,6849.860142875879
1113,6460.565967915596,15.455899444774154,129.90114054258098,6590.467108458177,59.550076013478815,6849.50993911681
1114,6460.471047540561,15.455672362537227,129.65985591739948,6590.130903457961,59.54695551661549,6849.160159955238
1115,6460.376076057724,15.455445158032834,129.4190225223279,6589.795098580053,59.543840298698235,6848.81080387939
1116,6460.281053507949,15.455217831358729,129.17863897260213,6589.459692480551,59.540730336425696,6848.461869444002
1117,6460.185980000715,15.454990382776831,128.93870387952407,6589.124683880239,59.53762560716176,6848.113355271393
1118,6460.090855713295,15.454762812711232,128.6992158515096,6588.790071564805,59.534526088940765,6847.765260051697
1119,6459.995680890142,15.45453512174675,128.46017349515355,6588.455854385295,59.531431760473126,6847.417582543353
1120,6459.900455841593,15.45430731062582,128.22157541631225,6588.122031257905,59.5283426011502,6847.070321572909
1121,6459.805180943706,15.4540793802481,127.98342022120113,6587.788601164907,59.52525859104925,6846.7234760359715
1122,6459.709856636242,15.45385133166565,127.74570651750706,6587.455563153749,59.522179710937856,6846.377044896329
1123,6459.614483421713,15.453623166080654,127.50843291551378,6587.122916337226,59.51910594227839,6846.031027186137
1124,6459.519061864827,15.453394884844084,127.2715980292392,6586.790659894066,59.51603726723172,6845.685422006524
1125,6459.4235925899,15.453166489449522,127.03520047758315,6586.458793067483,59.512973668661,6845.340228526159
1126,6459.3280762800105,15.452937981531125,126.7992388854838,6586.127315165494,59.509915130134885,6844.995445981581
1127,6459.232513675536,15.452709362860135,126.56371188508116,6585.796225560617,59.506861635930505,6844.651073676915
1128,6459.136905571616,15.452480635338794,126.32861811688616,6585.465523688502,59.50381317103599,6844.307110982509
1129,6459.041252817435,15.452251800998647,126.09395623095301,6585.135209048388,59.50076972115263,6843.963557335402
1130,6458.945556312923,15.452022861992639,125.85972488805325,6584.805281200976,59.4977312726968,6843.620412237207
1131,6458.849817007984,15.451793820593263,125.62592276084945,6584.475739768834,59.494697812801164,6843.277675254519
1132,6458.7540358996175,15.451564679185688,125.39254853506634,6584.146584434684,59.491669329315684,6842.935346017207
1133,6458.658214029484,15.451335440261923,125.15960091065733,6583.817814940141,59.48864581080811,6842.593424217156
1134,6458.562352482617,15.451106106417743,124.92707860296431,6583.489431085582,59.48562724656401,6842.251909608135
1135,6458.466452383871,15.450876680344189,124.6949803438683,6583.161432727739,59.48261362658643,6841.91080200339
1136,6458.370514895734,15.45064716482233,124.46330488292885,6582.833819778663,59.4796049415949,6841.570101274601
1137,6458.274541216495,15.450417562718888,124.23205098850966,6582.506592205004,59.47660118302408,6841.229807351159
1138,6458.178532576592,15.450187876977493,124.0012174488885,6582.179750025481,59.473602343021994,6840.889920217626
1139,6458.082490236437,15.449958110613485,123.77080307334839,6581.853293309785,59.47060841444744,6840.550439912631
1140,6457.986415484105,15.449728266708386,123.5408066932485,6581.527222177354,59.46761939086729,6840.2113665276265
1141,6457.890309631115,15.449498348399796,123.31122716307166,6581.201536794187,59.46463526655296,6839.872700203692
1142,6457.794174010791,15.44926835887749,123.08206336144686,6580.8762373722375,59.46165603647647,6839.53444113091
1143,6457.698009975524,15.44903830137685,122.85331419214367,6580.551324167667,59.45868169630615,6839.196589546599
1144,6457.601818892972,15.44880817916979,122.6249785850371,6580.226797478009,59.45571224240133,6838.859145732455
1145,6457.505602143092,15.448577995557637,122.39705549704004,6579.902657640132,59.45274767180719,6838.522110012494
1146,6457.409361116017,15.44834775386607,122.16954391300129,6579.578905029019,59.44978798224831,6838.185482751799
1147,6457.3130972086365,15.448117457436929,121.94244284656745,6579.255540055204,59.4468331721224,6837.849264353936
1148,6457.216811821332,15.447887109620412,121.71575134100601,6578.932563162338,59.443883240492994,6837.513455258482
1149,6457.120506354824,15.447656713767522,121.48946846998824,6578.6099748248125,59.4409381870818,6837.178055938618
1150,6457.024182208296,15.44742627322559,121.26359333832966,6578.287775546626,59.437998012260685,6836.84306689996
1151,6456.927840775045,15.447195791327859,121.03812508268643,6577.965965857732,59.43506271704272,6836.508488676868
1152,6456.831483440161,15.446965271387944,120.8130628722064,6577.644546312367,59.43213230307326,6836.174321830736
1153,6456.735111577632,15.4467347166929,120.58840590913258,6577.323517486764,59.429206772620034,6835.8405669476615
1154,6456.638726547012,15.446504130495244,120.36415342935828,6577.00287997637,59.42628612856305,6835.507224635619
1155,6456.542329691323,15.44627351600795,120.14030470293234,6576.682634394256,59.42337037438401,6835.1742955228265
1156,6456.445922333056,15.44604287639487,119.91685903451325,6576.362781367569,59.42045951415494,6834.8417802541435
1157,6456.349505772544,15.445812214766852,119.69381576377152,6576.0433215363155,59.41755355252684,6834.509679489807
1158,6456.253081284368,15.44558153417313,119.47117426573918,6575.724255550107,59.414652494717565,6834.177993902128
1159,6456.156650115303,15.445350837596418,119.24893395110567,6575.405584066409,59.411756346499416,6833.846724173681
1160,6456.060213481022,15.44512012794503,119.02709426645963,6575.087307747482,59.408865114186185,6833.515870994192
1161,6455.963772564131,15.44488940804816,118.80565469447654,6574.769427258608,59.40597880462015,6833.1854350587055
1162,6455.867328511574,15.444658680649699,118.58461475405136,6574.451943265625,59.40309742515819,6832.855417065063
1163,6455.770882431952,15.444427948401797,118.36397400037656,6574.134856432328,59.40022098365808,6832.525817711241
1164,6455.674435393425,15.444197213859868,118.14373202496546,6573.81816741839,59.39734948846409,6832.196637693209
1165,6455.577988421375,15.443966479476975,117.923888455621,6573.501876876996,59.3944829483924,6831.867877702503
1166,6455.481542496616,15.443735747599561,117.70444295635036,6573.185985452967,59.39162137271634,6831.539538424283
1167,6455.385098552666,15.443505020460924,117.4853952272262,6572.870493779892,59.3887647711511,6831.211620534399
1168,6455.2886574739705,15.443274300176963,117.26674500419477,6572.555402478165,59.38591315383853,6830.8841246973625
1169,6455.192220094468,15.443043588742746,117.04849205883191,6572.2407121533,59.38306653133142,6830.557051564591
1170,6455.095787195655,15.442812888027884,116.83063619804793,6571.926423393703,59.38022491457781,6830.230401772116
1171,6454.99935950426,15.442582199770957,116.61317726374219,6571.6125367680015,59.37738831490494,6829.904175937838
1172,6454.902937691035,15.442351525576639,116.3961151324088,6571.299052823444,59.37455674400329,6829.578374659858
1173,6454.806522369812,15.442120866913426,116.17944971469471,6570.985972084507,59.3717302139103,6829.252998515017
1174,6454.710114095409,15.441890225108635,115.9631809549115,6570.673295050321,59.36890873699399,6828.928048056245
1175,6454.613713362426,15.441659601345517,115.7473088305022,6570.361022192928,59.36609232593669,6828.603523810753
1176,6454.51732060406,15.44142899666043,115.5318333514654,6570.049153955525,59.36328099371845,6828.2794262782
1177,6454.420936191269,15.441198411940835,115.31675455973738,6569.737690751006,59.36047475360073,6827.955755929169
1178,6454.324560431141,15.44096784792139,115.10207252853499,6569.426632959677,59.357673619109804,6827.632513202804
1179,6454.228193566759,15.440737305183633,114.88778736166037,6569.115980928419,59.35487760402028,6827.309698505907
1180,6454.131835775566,15.440506784152072,114.67389919276974,6568.805734968336,59.35208672233884,6826.98731221051
1181,6454.03548716922,15.440276285093827,114.46040818460833,6568.495895353828,59.34930098828758,6826.665354652879
1182,6453.939147792884,15.440045808116947,114.24731452821317,6568.186462321097,59.34652041628809,6826.34382613195
1183,6453.842817624179,15.43981535316789,114.03461844208564,6567.877436066265,59.343745020944844,6826.022726907375
1184,6453.74649657296,15.439584920031004,113.82232017133661,6567.568816744296,59.3409748170296,6825.702057198375
1185,6453.650184481114,15.439354508328023,113.61041998680517,6567.260604467919,59.338209819465,6825.3818171825915
1186,6453.553881122187,15.439124117517194,113.39891818415376,6566.95279930634,59.33545004330913,6825.0620069947345
1187,6453.457586200699,15.438893746891624,113.18781508294168,6566.64540128364,59.33269550373979,6824.742626724908
1188,6453.361299352649,15.438663395580502,112.97711102567887,6566.338410378328,59.32994621603909,6824.423676418099
1189,6453.265020144663,15.438433062547041,112.76680637686195,6566.031826521525,59.327202195578295,6824.10515607229
1190,6453.168748075107,15.438202746591164,112.55690152199503,6565.725649597102,59.32446345780271,6823.787065638544
1191,6453.072482572384,15.437972446345416,112.34739686659687,6565.41987943898,59.321730018217025,6823.469405018224
1192,6452.976222996616,15.437742160278987,112.13829283519644,6565.114515831813,59.31900189237096,6823.152174063627
1193,6452.879968639494,15.437511886697354,111.929589870319,6564.8095585098135,59.31627909584466,6822.835372576737
1194,6452.783718723748,15.437281623741024,111.7212884314645,6564.505007155213,59.313561644235065,6822.519000307636
1195,6452.6874724040445,15.437051369387666,111.51338899408015,6564.200861398124,59.310849553142035,6822.203056954292
1196,6452.591228767202,15.436821121452637,111.30589204852883,6563.897120815731,59.30814283815507,6821.887542161706
1197,6452.494986832922,15.436590877590723,111.09879809905547,6563.593784931978,59.305441514840055,6821.572455521532
1198,6452.398745553292,15.436360635294958,110.89210766275245,6563.2908532160445,59.30274559872669,6821.257796570506
1199,6452.302503814304,15.43613039190025,110.68582126852645,6562.988325082831,59.30005510529587,6820.943564790868
1200,6452.206260435523,15.435900144582591,110.47993945606734,6562.686199891591,59.297370049967476,6820.62975960895
1201,6452.110014171921,15.435669890363446,110.2744627748213,6562.384476946742,59.29469044808877,6820.316380395929
1202,6452.0137637124635,15.435439626106373,110.0693917829694,6562.083155495433,59.29201631492273,6820.003426465347
1203,6451.917507682621,15.435209348523017,109.86472704641251,6561.782234729034,59.28934766563694,6819.690897074554
1204,6451.821244644401,15.434979054173208,109.66046913776455,6561.481713782166,59.28668451529273,6819.378791423689
1205,6451.724973096467,15.434748739465231,109.45661863535433,6561.181591731821,59.28402687883478,6819.067108654752
1206,6451.628691476079,15.434518400660478,109.25317612223792,6560.8818675983175,59.28137477108092,6818.75584785252
1207,6451.532398159003,15.434288033873212,109.05014218522177,6560.582540344224,59.27872820671231,6818.445008043423
1208,6451.436091460361,15.434057635072634,108.8475174138982,6560.28360887426,59.276087200263966,6818.134588195408
1209,6451.339769636352,15.433827200086967,108.64530239969326,6559.985072036045,59.27345176611576,6817.824587218648
1210,6451.243430883589,15.433596724601887,108.44349773492851,6559.686928618517,59.27082191848338,6817.51500396392
1211,6451.147073341734,15.433366204166827,108.24210401189677,6559.389177353631,59.26819767141009,6817.2058372242645
1212,6451.050695093326,15.43313563419456,108.04112182195294,6559.091816915279,59.265579038758474,6816.897085733878
1213,6450.954294164678,15.432905009963344,107.8405517546197,6558.794845919298,59.262966034202655,6816.588748168079
1214,6450.857868528281,15.432674326622681,107.64039439670918,6558.49826292499,59.26035867122075,6816.2808231448
1215,6450.761416102009,15.432443579191409,107.44065033146072,6558.20206643347,59.25775696308772,6815.973309222901
1216,6450.664934751303,15.432212762562926,107.24132013769466,6557.906254888998,59.25516092286844,6815.666204903476
1217,6450.5684222905875,15.431981871508583,107.0424043889829,6557.61082667957,59.25257056341103,6815.359508630408
1218,6450.471876483277,15.431750900677695,106.84390365283588,6557.315780136113,59.249985897340764,6815.053218789545
1219,6450.375295043644,15.431519844602018,106.64581848990638,6557.02111353355,59.24740693705378,6814.747333709734
1220,6450.2786756388705,15.431288697700648,106.44814945320985,6556.726825092081,59.2448336947113,6814.441851664074
1221,6450.182015888425,15.431057454278529,106.25089708736162,6556.432912975786,59.24226618223433,6814.136770868506
1222,6450.085313367286,15.430826108534177,106.0540619278302,6556.139375295116,59.23970441129807,6813.832089484263
1223,6449.988565606575,15.430594654561185,105.85764450020716,6555.846210106783,59.237148393327075,6813.527805617756
1224,6449.8917700947795,15.430363086351147,105.66164531949295,6555.553415414272,59.23459813949023,6813.223917321055
1225,6449.7949242793275,15.430131397797433,105.46606488939855,6555.260989168726,59.23205366069616,6812.920422592754
1226,6449.6980255686785,15.429899582700187,105.27090370166242,6554.968929270341,59.2295149675888,6812.617319379352
1227,6449.6010713338555,15.42966763476999,105.07616223538267,6554.6772335692385,59.2269820705429,6812.3146055761
1228,6449.504058909724,15.42943554763092,104.88184095636377,6554.385899866088,59.224454979660074,6812.012279027609
1229,6449.406985596904,15.429203314825129,104.68794031647754,6554.094925913381,59.22193370476458,6811.710337529107
1230,6449.309848664052,15.428970929818306,104.49446075303769,6553.80430941709,59.21941825539952,6811.408778828078
1231,6449.21264534961,15.428738386003852,104.30140268818786,6553.514048037798,59.216908640822886,6811.107600625377
1232,6449.11537286376,15.42850567670756,104.10876652830218,6553.224139392062,59.21440487000383,6810.806800576579
1233,6449.018028390963,15.428272795193692,103.9165526633979,6552.934581054361,59.21190695161906,6810.5063762939035
1234,6448.920609091834,15.42803973466946,103.72476146655981,6552.645370558394,59.209414894048955,6810.206325347506
1235,6448.823112105869,15.427806488291552,103.53339329337578,6552.356505399244,59.206928705374,6809.906645267622
1236,6448.725534553465,15.427573049170968,103.34244848138248,6552.067983034847,59.2044483933711,6809.607333546011
1237,6448.627873539451,15.427339410381462,103.15192734952134,6551.779800888972,59.20197396550981,6809.30838763894
1238,6448.530126155132,15.427105564964432,102.96183019760383,6551.491956352736,59.19950542894848,6809.009804968662
1239,6448.432289482174,15.426871505938216,102.77215730578561,6551.20444678796,59.19704279053054,6808.711582926768
1240,6448.33436059345,15.42663722630012,102.58290893404912,6550.917269527499,59.194586056780295,6808.4137188744935
1241,6448.236336559855,15.426402719042715,102.39408532169409,6550.630421881549,59.19213523389891,6808.11621014901
1242,6448.138214449999,15.426167977153108,102.20568668683552,6550.343901136835,59.189690327760104,6807.819054062591
1243,6448.039991336723,15.425932993628523,102.01771322590875,6550.057704562631,59.18725134390557,6807.522247908621
1244,6447.941664299471,15.425697761481988,101.8301651131817,6549.771829412653,59.18481828754045,6807.225788963454
1245,6447.843230427976,15.425462273751139,101.643042500273,6549.486272928249,59.18239116352819,6806.929674489596
1246,6447.744686827654,15.425226523511133,101.45634551567699,6549.201032343331,59.179969976385365,6806.633901740607
1247,6447.646030622907,15.424990503882553,101.27007426429486,6548.916104887202,59.177554730276285,6806.338467963904
1248,6447.547258962182,15.424754208043499,101.08422882697184,6548.631487789154,59.175145429007,6806.043370405334
1249,6447.448369022343,15.424517629240055,100.89880926004074,6548.347178282384,59.17274207601926,6805.748606313068
1250,6447.349358014662,15.424280760800627,100.71381559487216,6548.063173609535,59.17034467438383,6805.454172943104
1251,6447.25022318871,15.42404359614524,100.52924783743109,6547.779471026141,59.16795322679357,6805.160067562693
1252,6447.150961839179,15.423806128801864,100.3451059678411,6547.49606780702,59.16556773555617,6804.86628745669
1253,6447.051571310395,15.423568352417213,100.16138993995591,6547.212961250351,59.16318820258617,6804.5728299316015
1254,6446.952049003197,15.423330260773199,99.97809968093972,6546.930148684137,59.16081462939664,6804.279692322012
1255,6446.852392380439,15.423091847800093,99.7952350908566,6546.647627471295,59.15844701709062,6803.986871995639
1256,6446.752598974008,15.42285310759332,99.61279604227047,6546.365395016279,59.15608536635155,6803.694366359908
1257,6446.652666391454,15.422614034429316,99.43078237985648,6546.08344877131,59.1537296774336,6803.402172868146
1258,6446.552592321499,15.422374622778706,99.24919392002529,6545.8017862415245,59.15137995015131,6803.110289024683
1259,6446.452374543552,15.42213486732907,99.06803045056196,6545.520404994114,59.1490361838685,6802.818712393942
1260,6446.352010933222,15.42189476299814,98.88729173028122,6545.239302663504,59.14669837748693,6802.527440605571
1261,6446.251499470217,15.421654304952671,98.7069774887006,6544.958476958917,59.144366529434194,6802.236471361956
1262,6446.150838246995,15.421413488629174,98.52708742573466,6544.6779256727295,59.14204063765094,6801.945802446511
1263,6446.050025475492,15.42117230974998,98.3476212114114,6544.397646686903,59.13972069957768,6801.655431730065
1264,6445.949059496174,15.420930764344915,98.16857848561472,6544.117637981789,59.13740671214094,6801.365357179602
1265,6445.847938786037,15.420688848770423,97.98995885785487,6543.837897643892,59.1350986717388,6801.075576865956
1266,6445.746661966642,15.42044655972881,97.8117619070704,6543.558423873713,59.13279657422596,6800.786088971596
1267,6445.645227813548,15.420203894290786,97.63398718146468,6543.279214995013,59.13050041489794,6800.4968917998185
1268,6445.5436352646975,15.419960849915544,97.45663419838056,6543.000269463078,59.12821018847525,6800.207983782946
1269,6445.441883428184,15.41971742446934,97.27970244421698,6542.721585872401,59.125925889086474,6799.9193634899275
1270,6445.339971592675,15.41947361625042,97.10319137439083,6542.443162967066,59.123647510251296,6799.631029636659
1271,6445.237899234939,15.41922942400703,96.92710041334882,6542.164999648287,59.1213750448628,6799.34298109344
1272,6445.13566602938,15.41898484696024,96.75142895463298,6541.887094984014,59.1191084851695,6799.055216894501
1273,6445.03327185645,15.418739884824042,96.57617636100426,6541.609448217454,59.11684782275681,6798.7677362464465
1274,6444.930716810511,15.418494537824188,96.40134196462878,6541.33205877514,59.11459304852852,6798.480538536239
1275,6444.8280012101595,15.41824880672287,96.22692506733075,6541.05492627749,59.11234415268765,6798.193623341682
1276,6444.725125604157,15.418002692832912,96.05292494091756,6540.778050545075,59.11010112471715,6797.906990437594
1277,6444.622090781464,15.41775619804178,95.87934082757985,6540.501431609044,59.10786395336082,6797.620639806163
1278,6444.518897777806,15.417509324827288,95.70617194037322,6540.225069718179,59.10563262660381,6797.334571643905
1279,6444.41554788311,15.417262076275382,95.5334174637838,6539.948965346894,59.10340713165333,6797.048786369585
1280,6444.312042648925,15.417014456097906,95.36107655438374,6539.6731192033085,59.10118745491936,6796.763284632208
1281,6444.208383894738,15.4167664686477,95.1891483415794,6539.397532236318,59.098973581995786,6796.478067317999
1282,6444.104573713469,15.416518118931744,95.01763192845672,6539.122205641926,59.096765497641755,6796.193135556668
1283,6444.000614477589,15.41626941262581,94.84652639272741,6538.847140870316,59.09456318576359,6795.908490728388
1284,6443.896508843953,15.416020356086012,94.67583078777848,6538.572339631731,59.09236662939708,6795.624134469608
1285,6443.792259756836,15.415770956356067,94.50554414382853,6538.297803900665,59.09017581069071,6795.340068677169
1286,6443.687870452453,15.415521221178118,94.33566546919292,6538.023535921646,59.08799071088963,6795.056295514016
1287,6443.583344461093,15.415271158997829,94.16619375165911,6537.749538212752,59.085811310320466,6794.772817412646
1288,6443.478685609149,15.415020778969255,93.9971279599742,6537.475813569123,59.083637588377684,6794.4896370785655
1289,6443.373898018684,15.41477009095379,93.82846704544394,6537.202365064128,59.08146952351049,6794.206757491398
1290,6443.2689861094195,15.414519105524928,93.66020994364436,6536.929196053064,59.07930709321201,6793.9241819085355
1291,6443.163954595393,15.41426783396027,93.49235557624382,6536.6563101716365,59.07715027400919,6793.6419138635765
1292,6443.058808484669,15.414016288240834,93.3249028529342,6536.383711337603,59.074999041455044,6793.359957167932
1293,6442.953553075671,15.413764481042275,93.15785067346866,6536.11140374914,59.072853370122274,6793.078315909172
1294,6442.848193951946,15.41351242572236,92.99119792980181,6535.839391881748,59.07071323359936,6792.7969944479055
1295,6442.742736978065,15.41326013631116,92.82494350832889,6535.567680486394,59.06857860448832,6792.515997415919
1296,6442.637188293003,15.413007627495224,92.65908629221684,6535.29627458522,59.06644945440505,6792.2353297118825
1297,6442.531554301731,15.412754914597443,92.49362516382277,6535.025179465554,59.06432575398195,6791.954996495376
1298,6442.4258416678185,15.412502013559374,92.328559007191,6534.7544006750095,59.06220747287307,6791.6750031820075
1299,6442.320057302827,15.412248940915854,92.16388671062127,6534.483944013448,59.06009457976204,6791.395355435413
1300,6442.214208355593,15.411995713769361,91.99960716929863,6534.213815524891,59.05798704237249,6791.1160591592115
1301,6442.108302200404,15.411742349761733,91.83571928797484,6533.944021488379,59.05588482748155,6790.837120487924
1302,6442.002346424908,15.411488867045234,91.672221983691,6533.674568408599,59.0537879009361,6790.558545777671
1303,6441.896348814646,15.411235284245565,91.50911418852905,6533.405463003175,59.05169622767216,6790.280341593549
1304,6441.790317339524,15.410981620429483,91.34639485238047,6533.136712191905,59.04960977173698,6790.002514698961
1305,6441.684260138007,15.410727895067001,91.18406294571881,6532.868323083726,59.0475284963146,6789.725072042695
1306,6441.578185499595,15.410474127989461,91.0221174623631,6532.600302961958,59.04545236375409,6789.448020744288
1307,6441.472101849629,15.410220339353181,90.86055742221788,6532.332659271848,59.043381335601126,6789.171368081713
1308,6441.36601772943,15.409966549591937,90.69938187397611,6532.065399603405,59.04131537263229,6788.895121474356
1309,6441.259941779073,15.409712779375774,90.53858989777027,6531.798531676844,59.03925443489262,6788.619288468626
1310,6441.153882717666,15.409459049563795,90.378180607758,6531.532063325424,59.03719848173578,6788.343876720975
1311,6441.047849325225,15.409205381160826,90.21815315462726,6531.266002479852,59.03514747186723,6788.068893982475
1312,6440.941850422109,15.408951795268205,90.05850672800744,6531.0003571501165,59.03310136338989,6787.794348080863
1313,6440.8358948495825,15.408698313037279,89.8992405587726,6530.735135408355,59.03106011385254,6787.520246903613
1314,6440.729991450354,15.408444955622857,89.74035392122397,6530.470345371577,59.029023680300334,6787.246598380884
1315,6440.624149048137,15.4081917441343,89.58184613513819,6530.205995183275,59.026992019327714,6786.973410467351
1316,6440.518376428253,15.407938699589122,89.4237165676705,6529.942092995923,59.024965087133296,6786.700691124953
1317,6440.412682318069,15.407685842866194,89.26596463510116,6529.67864695317,59.022942839576345,6786.428448305327
1318,6440.3070753678685,15.407433194659973,89.10858980441515,6529.415665172283,59.02092523223514,6786.156689932506
1319,6440.201564131856,15.407180775435062,88.95159159470602,6529.153155726562,59.01891222046629,6785.88542388559
1320,6440.096157050247,15.406928605383365,88.7949695783962,6528.891126628643,59.016903759465215,6785.614657982317
1321,6439.990862431261,15.406676704381008,88.63872338226685,6528.629585813528,59.01489980432753,6785.344399962353
1322,6439.88568843389,15.406425091947106,88.48285268829144,6528.368541122181,59.01290031011079,6785.074657471163
1323,6439.780643051972,15.406173787205676,88.32735723426994,6528.108000286242,59.01090523189643,6784.805438044991
1324,6439.675734098642,15.405922808848427,88.17223681425915,6527.8479709129015,59.008914524851704,6784.536749096006
1325,6439.570969191072,15.405672175098259,88.01749127879941,6527.588460469872,59.00692814429122,6784.268597897539
1326,6439.46635573734,15.405421903677846,87.8631205349361,6527.329476272275,59.00494604573787,6784.000991571235
1327,6439.361900923712,15.405172011779214,87.70912454603818,6527.07102546975,59.002968184982805,6783.733937074425
1328,6439.257611702167,15.404922516033892,87.55550333141554,6526.813115033583,59.00099451814412,6783.46744118751
1329,6439.1534947804885,15.404673432489206,87.40225696573904,6526.5557517462275,58.999025001724405,6783.201510503729
1330,6439.04955661199,15.404424776583708,87.2493855782688,6526.2989421902585,58.997059592666034,6782.936151418356
1331,6438.945803387052,15.404176563126919,87.09688935189558,6526.042692738948,58.99509824840514,6782.67137011951
1332,6438.842241026138,15.403928806282627,86.94476852200383,6525.787009548142,58.99314092692289,6782.407172580257
1333,6438.738875172364,15.40368151955111,86.79302337516347,6525.531898547527,58.991187586794666,6782.143564550083
1334,6438.635711186944,15.40343471575824,86.6416542476596,6525.277365434604,58.989238187236616,6781.880551549083
1335,6438.532754144494,15.403188407044244,86.49066152387041,6525.023415668365,58.98729268814952,6781.618138861815
1336,6438.430008830144,15.402942604856804,86.34004563450301,6524.770054464648,58.98535105015971,6781.356331532843
1337,6438.327479737041,15.402697319945075,86.18980705469869,6524.51728679174,58.98341323465711,6781.095134362498
1338,6438.225171065521,15.402452562357706,86.03994630201879,6524.2651173675395,58.98147920383013,6780.8345519042
1339,6438.123086722089,15.402208341440405,85.8904639343232,6524.013550656413,58.97954892069747,6780.574588461447
1340,6438.021230321458,15.401964665840808,85.74136054755306,6523.762590869011,58.9776223491367,6780.315248087755
1341,6437.919605186752,15.401721543508977,85.59263677343063,6523.512241960183,58.97569945390963,6780.05653458469
1342,6437.8182143524355,15.401478981704392,85.44429327708764,6523.2625076295235,58.973780200684445,6779.798451502501
1343,6437.717060568116,15.401236987005062,85.29633075463477,6523.013391322751,58.9718645560547,6779.541002141589
1344,6437.616146301819,15.400995565315355,85.14874993068418,6522.764896232503,58.96995248755512,6779.2841895533675
1345,6437.515473744579,15.400754721876984,85.00155155583656,6522.517025300415,58.96804396367432,6779.028016542398
1346,6437.415044816407,15.40051446128327,84.85473640414449,6522.2697812205515,58.96613895386453,6778.772485669862
1347,6437.314861171625,15.400274787491925,84.70830527056282,6522.023166442188,58.96423742854826,6778.517599256373
1348,6437.214924205555,15.40003570384104,84.56225896839655,6521.777183173951,58.96233935912241,6778.263359386134
1349,6437.115235061077,15.399797213064778,84.41659832675684,6521.531833387834,58.96044471795959,6778.0097679109585
1350,6437.015794636309,15.399559317311743,84.2713241880341,6521.2871188243425,58.95855347840667,6777.756826455412
1351,6436.916603592396,15.399322018163627,84.12643740539721,6521.0430409977935,58.95666561478133,6777.504536422092
1352,6436.81766236101,15.399085316653133,83.98193884032744,6520.799601201337,58.954781102365935,6777.2528989966295
1353,6436.718971153348,15.398849213285523,83.83782936019463,6520.556800513543,58.952899917399805,6777.001915154232
1354,6436.6205299680305,15.39861370805749,83.69410983588246,6520.3146398039125,58.95102203706889,6776.751585665163
1355,6436.522338600477,15.39837880047961,83.5507811394697,6520.073119739947,58.94914743949448,6776.501911101748
1356,6436.424396650744,15.398144489595081,83.40784414197276,6519.832240792716,58.94727610371948,6776.252891843896
1357,6436.3267035339,15.397910774004547,83.26529971115475,6519.592003245055,58.94540800969379,6776.004528087223
1358,6436.229258487735,15.397677651884534,83.12314870940575,6519.352407197141,58.94354313825821,6775.756819848564
1359,6436.132060582072,15.397445121009742,82.98139199169776,6519.11345257377,58.94168147112715,6775.509766973173
1360,6436.035108728707,15.397213178776811,82.84003040361796,6518.875139132325,58.939822990870525,6775.263369142612
1361,6435.938401689149,15.396981822222845,82.69906477948268,6518.637466468632,58.937967680894346,6775.017625880522
1362,6435.841938083748,15.396751048047243,82.55849594053446,6518.400434024282,58.936115525421314,6774.772536559864
1363,6435.74571640089,15.396520852633708,82.4183246932236,6518.164041094114,58.93426650947007,6774.528100410308
1364,6435.649735005908,15.396291232071551,82.27855182757553,6517.928286833484,58.93242061883448,6774.284316525414
1365,6435.553992148338,15.396062182173058,82.1391781156444,6517.693170263982,58.93057784006229,6774.041183868253
1366,6435.458485971436,15.395833698496258,82.00020431005359,6517.45869028149,58.92873816043351,6773.798701279376
1367,6435.363214519535,15.395605776362524,81.86163114262257,6517.224845662157,58.92690156793875,6773.556867482691
1368,6435.268175746363,15.395378410876468,81.72345932307977,6516.991635069443,58.92506805125737,6773.315681092413
1369,6435.173367522574,15.395151596943958,81.5856895378607,6516.759057060435,58.923237599735586,6773.075140619285
1370,6435.078787642931,15.39492532928931,81.44832244899035,6516.527110091922,58.92141020336454,6772.835244476558
1371,6434.984433834481,15.394699602474835,81.31135869304806,6516.295792527529,58.919585852758644,6772.595990987029
1372,6434.890303761607,15.394474410912936,81.17479888021366,6516.065102641821,58.917764539133806,6772.357378387052
1373,6434.796395035322,15.394249748888331,81.03864359339303,6515.835038628716,58.91594625428607,6772.11940483486
1374,6434.702705217198,15.394025610567459,80.90289338742087,6515.6055986046185,58.91413099057026,6771.882068413599
1375,6434.609231826874,15.393801990016444,80.76754878833889,6515.376780615213,58.91231874087901,6771.645367138037
1376,6434.515972348202,15.393578881215793,80.6326102927467,6515.148582640949,58.910509498621984,6771.409298959955
1377,6434.422924233391,15.393356278070314,80.49807836722374,6514.921002600615,58.90870325770527,6771.173861771633
1378,6434.330084910148,15.39313417442619,80.36395344781906,6514.694038357967,58.906900012511365,6770.939053412391
1379,6434.237451785492,15.392912564080126,80.2302359396069,6514.4676877250995,58.90509975787903,6770.704871671874
1380,6434.145022251323,15.392691440792639,80.0969262163056,6514.241948467628,58.90330248908394,6770.471314295143
1381,6434.052793688196,15.39247079829712,79.96402461995667,6514.016818308153,58.90150820181917,6770.238378986067
1382,6433.960763470637,15.39225063031253,79.83153146066232,6513.7922949313,58.89971689217644,6770.006063412267
1383,6433.868928970384,15.392030930551158,79.699447016378,6513.5683759867625,58.89792855662733,6769.774365208092
1384,6433.777287560328,15.391811692728057,79.56777153275785,6513.345059093085,58.89614319200504,6769.543281978307
1385,6433.685836618926,15.391592910571594,79.43650522305043,6513.122341841977,58.89436079548648,6769.312811302343
1386,6433.594573531746,15.391374577827145,79.30564826804202,6512.900221799789,58.89258136457443,6769.0829507356875
1387,6433.503495696699,15.391156688269616,79.17520081604525,6512.678696512745,58.89080489708056,6768.853697815045
1388,6433.412600525124,15.390939235706037,79.04516298293012,6512.457763508054,58.889031391108134,6768.625050059374
1389,6433.321885445998,15.390722213985642,78.91553485219578,6512.237420298194,58.88726084503561,6768.397004974098
1390,6433.231347906909,15.390505617002175,78.78631647507973,6512.017664381989,58.885493257500286,6768.169560052115
1391,6433.140985377454,15.390289438702043,78.65750787070304,6511.798493248157,58.88372862738236,6767.94271277727
1392,6433.050795351032,15.390073673088594,78.52910902624879,6511.579904377281,58.8819669537894,6767.716460626265
1393,6432.960775346541,15.389858314226174,78.40111989717175,6511.361895243713,58.88020823604107,6767.490801070491
1394,6432.870922909842,15.389643356243642,78.27354040743714,6511.14446331728,58.87845247365434,6767.265731577676
1395,6432.781235616171,15.389428793340123,78.1463704497865,6510.927606065958,58.87669966632888,6767.041249614488
1396,6432.6917110715,15.389214619788278,78.0196098860287,6510.711320957529,58.8749498139331,6766.817352648138
1397,6432.6023469123575,15.38900082993387,77.89325854735408,6510.495605459711,58.8732029164904,6766.594038146444
1398,6432.513140808671,15.388787418202561,77.76731623467,6510.280457043341,58.871458974165606,6766.3713035809615
1399,6432.424090464081,15.388574379100673,77.64178271895612,6510.065873183037,58.8697179872523,6766.149146427585
1400,6432.335193616139,15.388361707215644,77.51665774163756,6509.8518513577765,58.86797995616001,6765.927564167073
1401,6432.246448038418,15.388149397221095,77.39194101497448,6509.6383890533925,58.86624488140228,6765.7065542874925
1402,6432.157851540066,15.387937443875757,77.26763222246649,6509.425483762532,58.86451276358467,6765.4861142841255
1403,6432.069401966555,15.387725842025251,77.14373101927053,6509.213132985826,58.862783603393595,6765.266241660588
1404,6431.981097200747,15.387514586604658,77.02023703263063,6509.001334233378,58.86105740158516,6765.046933930274
1405,6431.892935161879,15.387303672636074,76.89714986231841,6508.790085024198,58.859334158974896,6764.828188615738
1406,6431.804913806993,15.38709309523204,76.77446908108321,6508.579382888076,58.85761387642736,6764.610003250535
1407,6431.7170311308855,15.38688284959542,76.65219423511019,6508.369225365996,58.85589655484658,6764.392375379578
1408,6431.629285165718,15.386672931018465,76.5303248444859,6508.159610010204,58.85418219516669,6764.17530255918
1409,6431.541673981426,15.386463334883794,76.40886040366976,6507.950534385096,58.85247079834308,6763.958782357889
1410,6431.454195685286,15.386254056663365,76.28780038197077,6507.741996067257,58.850762365343684,6763.742812356502
1411,6431.366848422478,15.386045091919804,76.16714422402832,6507.533992646507,58.84905689714123,6763.527390149071
1412,6431.2796303754785,15.385836436304972,76.04689135029668,6507.326521725775,58.84735439470518,6763.312513342742
1413,6431.192539763418,15.385628085558416,75.92704115753153,6507.119580920949,58.84565485899471,6763.098179557576
1414,6431.105574842745,15.38542003550896,75.80759301927873,6506.913167862024,58.84395829095139,6762.884386427662
1415,6431.018733905934,15.385212282071612,75.68854628636376,6506.707280192298,58.842264691493085,6762.671131600293
1416,6430.932015282297,15.385004821249513,75.56990028738204,6506.501915569678,58.84057406150728,6762.4584127372345
1417,6430.845417336299,15.3847976491299,75.45165432918864,6506.297071665487,58.838886401845514,6762.246227513515
1418,6430.758938468404,15.384590761886134,75.33380769738754,6506.092746165792,58.83720171331782,6762.034573618725
1419,6430.672577113546,15.384384155774034,75.21635965681939,6505.888936770366,58.83551999668755,6761.823448755957
1420,6430.586331741131,15.384177827131893,75.09930945204788,6505.685641193179,58.833841252666325,6761.612850642278
1421,6430.500200854911,15.38397177238017,74.98265630784347,6505.482857162754,58.83216548190986,6761.4027770090615
1422,6430.414182991975,15.38376598801908,74.866399429665,6505.28058242164,58.83049268501352,6761.193225601449
1423,6430.3282767222145,15.383560470627307,74.75053800413798,6505.078814726352,58.82882286250824,6760.984194178262
1424,6430.242480648145,15.38335521686159,74.63507119952995,6504.877551847675,58.82715601485725,6760.7756805123045
1425,6430.156793403952,15.38315022345443,74.5199981662218,6504.676791570174,58.82549214245228,6760.567682389841
1426,6430.071213655395,15.382945487213863,74.40531803717573,6504.4765316925705,58.82383124561083,6760.360197610978
1427,6429.985740098906,15.382741005021305,74.29102992839866,6504.276770027304,58.82217332457288,6760.153223989197
1428,6429.900371460781,15.382536773829619,74.1771329394015,6504.077504400182,58.82051837949868,6759.946759351002
1429,6429.815106497124,15.382332790662977,74.06362615365381,6503.878732650778,58.81886641046596,6759.740801536305
1430,6429.729943992936,15.382129052614678,73.95050863903384,6503.680452631969,58.817217417468086,6759.535348397955
1431,6429.644882761964,15.381925556846804,73.83777944827324,6503.482662210237,58.8155714004118,6759.3303978020285
1432,6429.559921645354,15.38172230058697,73.7254376193973,6503.285359264751,58.81392835911565,6759.125947626903
1433,6429.475059511282,15.381519281127469,73.61348217615944,6503.088541687442,58.81228829330839,6758.921995763333
1434,6429.390295255315,15.381316495826113,73.50191212847079,6502.892207383786,58.810651202627454,6758.718540115216
1435,6429.305627798267,15.381113942101116,73.39072647282406,6502.696354271091,58.80901708661794,6758.515578597879
1436,6429.221056086984,15.380911617432977,73.27992419271196,6502.500980279697,58.807385944731394,6758.313109139278
1437,6429.136579092593,15.38070951936027,73.16950425904018,6502.306083351633,58.80575777632499,6758.111129678647
1438,6429.052195811173,15.380507645481275,73.05946563053438,6502.111661441708,58.80413258066086,6757.909638167583
1439,6428.96790526205,15.38030599344988,72.9498072541417,6501.917712516192,58.80251035690542,6757.7086325687305
1440,6428.8837064878935,15.380104560975822,72.84052806542637,6501.72423455332,58.80089110412902,6757.508110856281
1441,6428.799598553797,15.379903345822482,72.7316269889594,6501.531225542757,58.799274821305524,6757.308071015436
1442,6428.7155805471875,15.379702345806669,72.62310293870253,6501.33868348589,58.79766150731224,6757.108511042698
1443,6428.631651576924,15.379501558796468,72.51495481838612,6501.14660639531,58.79605116092979,6756.909428945355
1444,6428.547810772463,15.37930098270924,72.40718152188111,6500.954992294344,58.79444378084219,6756.710822741008
1445,6428.464057284122,15.379100615512254,72.29978193356521,6500.763839217687,58.792839365637015,6756.5126904582075
1446,6428.380390282017,15.378900455220137,72.19275492868267,6500.5731452107,58.7912379138057,6756.315030135755
1447,6428.296808955484,15.378700499893503,72.08609937369853,6500.382908329183,58.789639423743836,6756.117839822468
1448,6428.213312512758,15.378500747638178,71.97981412664652,6500.193126639405,58.78804389375175,6755.921117577225
1449,6428.129900180664,15.37830119660446,71.87389803747104,6500.003798218135,58.786451322034935,6755.724861468987
1450,6428.046571204136,15.378101844985972,71.7683499483633,6499.8149211525,58.78486170670473,6755.529069576665
1451,6427.963324844426,15.377902691015374,71.66316869409117,6499.626493538517,58.78327504577909,6755.333739987656
1452,6427.880160381348,15.377703732969731,71.55835310232322,6499.438513483671,58.781691337183275,6755.138870800419
1453,6427.797077110055,15.377504969162812,71.45390199394677,6499.250979104002,58.780110578750744,6754.944460121567
1454,6427.714074341995,15.377306397947356,71.34981418337986,6499.063888525375,58.778532768224146,6754.75050606715
1455,6427.631151404346,15.377108017713747,71.24608847887744,6498.877239883223,58.776957903256175,6754.557006762388
1456,6427.548307639547,15.376909826888868,71.14272368283149,6498.691031322378,58.775385981410665,6754.363960341514
1457,6427.465542404447,15.376711823934084,71.03971859206531,6498.505260996512,58.773817000163696,6754.171364947224
1458,6427.3828550704775,15.37651400734564,70.93707199812202,6498.319927068599,58.772250956904706,6753.979218731134
1459,6427.300245023054,15.37631637565324,70.83478268754706,6498.135027710601,58.770687848937584,6753.787519853479
1460,6427.21771166095,15.37611892741854,70.73284944216502,6497.950561103115,58.769127673482025,6753.596266482762
1461,6427.135254396243,15.375921661235031,70.63127103935071,6497.766525435593,58.767570427674656,6753.405456795978
1462,6427.052872653498,15.375724575726071,70.5300462522944,6497.582918905792,58.766016108570334,6753.215088978073
1463,6426.970565870013,15.375527669545486,70.42917385026156,6497.399739720275,58.76446471314354,6753.025161222449
1464,6426.888333494893,15.375330941375342,70.32865259884686,6497.21698609374,58.762916238289556,6752.8356717302995
1465,6426.806174989277,15.3751343899265,70.22848126022251,6497.0346562495,58.76137068082587,6752.646618711092
1466,6426.724089825326,15.374938013936186,70.12865859338129,6496.852748418707,58.759828037493634,6752.458000381805
1467,6426.642077486114,15.374741812167738,70.02918335437398,6496.671260840489,58.75828830495888,6752.26981496706
1468,6426.560137465953,15.37454578341137,69.93005429654131,6496.490191762494,58.75675147981404,6752.082060699685
1469,6426.478269269044,15.374349926480967,69.83127017074068,6496.309539439785,58.75521755857925,6751.894735819605
1470,6426.3964724100615,15.374154240215459,69.73282972556741,6496.129302135629,58.75368653770381,6751.70783857464
1471,6426.314746412798,15.373958723475592,69.63473170757098,6495.949478120368,58.752158413567585,6751.521367219388
1472,6426.233090811462,15.373763375147037,69.53697486146581,6495.770065672928,58.75063318248247,6751.335320016727
1473,6426.151505148801,15.373568194135888,69.43955793033714,6495.591063079139,58.74911084069359,6751.149695236156
1474,6426.06998897673,15.373373179370168,69.34247965584174,6495.412468632572,58.747591384380996,6750.964491154629
1475,6425.988541855572,15.37317832979802,69.24573877840366,6495.234280633976,58.74607480966094,6750.779706056001
1476,6425.90716335462,15.372983644389043,69.14933403740507,6495.056497392025,58.74456111258712,6750.595338231779
1477,6425.825853050652,15.372789122130746,69.05326417137216,6494.879117222024,58.74305028915244,6750.411385979837
1478,6425.744610528875,15.3725947620308,68.95752791815636,6494.702138447031,58.74154233529,6750.227847605543
1479,6425.6634353820145,15.372400563114867,68.86212401511082,6494.525559397125,58.74003724687477,6750.044721421031
1480,6425.582327210021,15.372206524425886,68.7670511992622,6494.3493784092825,58.738535019724814,6749.862005745085
1481,6425.501285620156,15.372012645024295,68.67230820747778,6494.173593827633,58.73703564960268,6749.679698903405
1482,6425.420310227148,15.371818923988391,68.57789377662841,6493.998204003776,58.735539132216786,6749.497799228919
1483,6425.339400651601,15.371625360410528,68.48380664374659,6493.823207295348,58.734045463222614,6749.316305060366
1484,6425.258556521422,15.371431953400531,68.39004554618054,6493.648602067603,58.732554638224315,6749.135214743878
1485,6425.177777470824,15.371238702083312,68.29660922174371,6493.474386692568,58.73106665277564,6748.954526632142
1486,6425.09706313998,15.371045605598038,68.20349640886032,6493.30055954884,58.72958150238149,6748.7742390841995
1487,6425.016413175144,15.370852663098432,68.11070584670658,6493.127119021851,58.728099182499285,6748.594350465723
1488,6424.935827228405,15.370659873752166,68.0182362753479,6492.954063503753,58.726619688539806,6748.414859148901
1489,6424.855304957221,15.370467236739763,67.92608643587224,6492.781391393093,58.72514301586891,6748.2357635121225
1490,6424.774846025299,15.370274751256696,67.83425507051913,6492.609101095818,58.72366915980842,6748.057061940985
1491,6424.694450100833,15.37008241650917,67.7427409228055,6492.437191023639,58.722198115637624,6747.878752826662
1492,6424.614116857683,15.369890231716946,67.65154273764705,6492.26565959533,58.72072987859415,6747.700834567215
1493,6424.533845974307,15.369698196110782,67.5606592614764,6492.094505235784,58.71926444387545,6747.523305566642
1494,6424.453637134358,15.369506308933872,67.4700892423576,6491.923726376716,58.71780180663978,6747.3461642356
1495,6424.37349002568,15.369314569439426,67.3798314300967,6491.753321455777,58.71634196200732,6747.169408990509
1496,6424.293404341746,15.369122976894129,67.28988457634927,6491.583288918096,58.71488490506151,6746.993038255113
1497,6424.2133797790675,15.368931530571931,67.20024743472433,6491.413627213792,58.71343063084993,6746.817050457989
1498,6424.133416039432,15.368740229759407,67.11091876088506,6491.244334800317,58.711979134385494,6746.641444034894
1499,6424.053512828378,15.368549073752101,67.02189731264612,6491.075410141024,58.71053041064756,6746.466217427341
1500,6423.973669855541,15.36835806185536,66.93318185006785,6490.9068517056085,58.70908445458285,6746.291369083044
1501,6423.8938868346895,15.368167193384425,66.84477113554753,6490.738657970237,58.7076412611067,6746.116897456051
1502,6423.8141634833755,15.367976467663578,66.75666393390733,6490.570827417283,58.70620082510381,6745.942801006485
1503,6423.734499522478,15.367785884025066,66.66885901247947,6490.403358534957,58.70476314142948,6745.7690782001755
1504,6423.654894676709,15.367595441810309,66.58135514118848,6490.236249817897,58.703328204910484,6745.595727509258
1505,6423.575348674367,15.367405140369298,66.49415109263059,6490.069499766998,58.701896010346076,6745.422747412003
1506,6423.495861247075,15.367214979059987,66.40724564215049,6489.9031068892255,58.700466552508864,6745.250136392639
1507,6423.4164321296,15.367024957247848,66.32063756791516,6489.737069697516,58.69903982614576,6745.07789294125
1508,6423.337061060153,15.366835074306588,66.23432565098541,6489.571386711139,58.69761582597906,6744.906015554148
1509,6423.257747779773,15.366645329616683,66.1483086753846,6489.406056455157,58.69619454670705,6744.734502733333
1510,6423.17849203265,15.366455722566148,66.06258542816506,6489.241077460815,58.69477598300513,6744.563352986887
1511,6423.099293565977,15.366266252550185,65.97715469947201,6489.076448265449,58.6933601295265,6744.392564828889
1512,6423.020152129904,15.366076918971062,65.89201528260514,6488.912167412509,58.69194698090314,6744.222136779437
1513,6422.941067476939,15.365887721236696,65.80716597407792,6488.748233451017,58.69053653174656,6744.052067364114
1514,6422.862039362615,15.365698658762238,65.7226055736747,6488.58464493629,58.68912877664856,6743.882355114711
1515,6422.783067545156,15.365509730969272,65.63833288450563,6488.421400429662,58.68772371018212,6743.712998568954
1516,6422.704151784869,15.365320937284377,65.55434671305945,6488.2584984979285,58.68632132690218,6743.543996269953
1517,6422.625291845381,15.36513227714206,65.47064586925423,6488.0959377146355,58.68492162134627,6743.3753467674915
1518,6422.5464874918625,15.364943749980533,65.38722916648629,6487.933716658349,58.68352458803545,6743.207048616303
1519,6422.467738492076,15.3647553552442,65.30409542167692,6487.771833913753,58.68213022147478,6743.039100377168
1520,6422.389044616651,15.364567092384332,65.22124345531739,6487.610288071968,58.68073851615432,6742.87150061724
1521,6422.310405637961,15.364378960856365,65.13867209151219,6487.449077729473,58.67934946654962,6742.704247908964
1522,6422.231821330101,15.36419096011986,65.05638015802033,6487.288201488122,58.67796306712247,6742.537340830104
1523,6422.153291470251,15.364003089641749,64.97436648629501,6487.1276579565465,58.67657931232158,6742.370777965145
1524,6422.0748158370725,15.363815348892517,64.89262991152177,6486.967445748594,58.675198196583224,6742.204557903731
1525,6421.996394211372,15.36362773734778,64.81116927265472,6486.807563484026,58.67381971433187,6742.03867924137
1526,6421.918026375961,15.363440254487944,64.72998341245147,6486.648009788412,58.67244385998081,6741.873140579329
1527,6421.839712115488,15.363252899797818,64.64907117750641,6486.488783292994,58.67107062793274,6741.707940524502
1528,6421.761451216409,15.36306567276653,64.56843141828251,6486.329882634692,58.669700012580456,6741.543077689416
1529,6421.683243467287,15.362878572888246,64.4880629891418,6486.171306456429,58.66833200830737,6741.378550692566
1530,6421.605088658059,15.362691599660428,64.40796474837424,6486.013053406433,58.66696660948803,6741.214358157706
1531,6421.526986580891,15.362504752585865,64.32813555822557,6485.855122139117,58.665603810488776,6741.050498714743
1532,6421.448937029207,15.362318031170352,64.24857428492352,6485.697511314131,58.66424360566823,6740.886970998788
1533,6421.370939798515,15.362131434924677,64.16927979870296,6485.540219597217,58.662885989377884,6740.7237736510115
1534,6421.292994685209,15.361944963361744,64.09025097382977,6485.383245659039,58.66153095596256,6740.560905317476
1535,6421.2151014880055,15.361758616000014,64.01148668862352,6485.226588176629,58.66017849976096,6740.398364650589
1536,6421.137260006937,15.361572392361094,63.93298582547898,6485.070245832416,58.658828615106174,6740.236150308127
1537,6421.059470043507,15.361386291970112,63.85474727088653,6484.914217314394,58.6574812963261,6740.074260953412
1538,6420.981731400932,15.361200314356298,63.77676991545147,6484.758501316383,58.65613653774405,6739.91269525557
1539,6420.904043883196,15.36101445905071,63.69905265391235,6484.603096537108,58.65479433367902,6739.751451888612
1540,6420.826407296502,15.360828725589718,63.62159438515814,6484.448001681661,58.65345467844644,6739.590529532902
1541,6420.748821448009,15.360643113511983,63.544394012244624,6484.293215460254,58.652117566358314,6739.429926873912
1542,6420.671286146147,15.360457622359204,63.46745044240958,6484.138736588557,58.65078299172384,6739.269642602555
1543,6420.59380120122,15.36027225167756,63.39076258708724,6483.984563788307,58.649450948849704,6739.109675415803
1544,6420.516366424074,15.36008700101453,63.31432936192181,6483.830695785995,58.64812143204069,6738.950024015372
1545,6420.438981627606,15.359901869922503,63.23814968678002,6483.677131314386,58.64679443559994,6738.790687109246
1546,6420.3616466251715,15.359716857954956,63.16222248576295,6483.523869110934,58.645469953829306,6738.631663410092
1547,6420.284361232087,15.359531964670063,63.086546687216995,6483.370907919304,58.644147981029874,6738.472951636784
1548,6420.2071252645,15.359347189627991,63.01112122374397,6483.218246488244,58.642828511502245,6738.314550513279
1549,6420.129938539416,15.359162532390947,62.93594503221065,6483.065883571627,58.64151153954702,6738.156458768656
1550,6420.052800875724,15.358977992525654,62.861017053757266,6482.913817929481,58.64019705946494,6737.998675138154
1551,6419.975712092911,15.358793569600264,62.78633623380557,6482.7620483267165,58.638885065557474,6737.841198361892
1552,6419.898672011674,15.358609263185823,62.711901522066015,6482.61057353374,58.637575552127004,6737.684027185492
1553,6419.82168045401,15.358425072856482,62.63771187254433,6482.459392326554,58.63626851347723,6737.52716036018
1554,6419.744737242522,15.358240998187853,62.56376624354739,6482.30850348607,58.63496394391349,6737.370596642093
1555,6419.667842201747,15.35805703876016,62.490063597688575,6482.157905799435,58.63366183774306,6737.214334793617
1556,6419.590995156035,15.357873194153195,62.41660290189234,6482.007598057928,58.63236218927545,6737.058373581276
1557,6419.514195931561,15.357689463951102,62.343383127398255,6481.857579058958,58.63106499282271,6736.902711777737
1558,6419.437444355516,15.35750584774047,62.270403249764556,6481.707847605281,58.62977024269981,6736.747348161025
1559,6419.360740255708,15.357322345109349,62.19766224887097,6481.558402504579,58.628477933224794,6736.592281514107
1560,6419.284083461156,15.357138955648699,62.12515910892115,6481.409242570077,58.62718805871911,6736.437510625506
1561,6419.207473801372,15.35695567895065,62.05289281844447,6481.2603666198165,58.62590061350795,6736.283034288576
1562,6419.130911107602,15.356772514611487,61.98086237029729,6481.111773477899,58.62461559192042,6736.128851302753
1563,6419.054395211273,15.356589462227927,61.909066761663894,6480.963461972937,58.62333298828978,6735.974960471997
1564,6418.9779259448915,15.356406521399261,61.837504994056744,6480.815430938948,58.62205279695391,6735.821360605698
1565,6418.901503142371,15.356223691728161,61.76617607331635,6480.667679215688,58.62077501225521,6735.668050518998
1566,6418.825126637488,15.356040972816958,61.695079009610716,6480.520205647099,58.61949962854114,6735.515029031253
1567,6418.748796265669,15.355858364271935,61.62421281743427,6480.373009083103,58.61822664016434,6735.362294967818
1568,6418.672511862874,15.355675865700656,61.553576515606416,6480.22608837848,58.61695604148275,6735.20984715893
1569,6418.596273266019,15.355493476712965,61.48316912726969,6480.079442393288,58.61568782686002,6735.057684440129
1570,6418.520080312624,15.355311196920152,61.412989679887424,6479.933069992511,58.61442199066561,6734.905805651907
1571,6418.44393284117,15.355129025935813,61.34303720524109,6479.786970046411,58.61315852727508,6734.7542096400575
1572,6418.36783069102,15.354946963375646,61.27331073942724,6479.641141430447,58.611897431070176,6734.602895255602
1573,6418.291773702034,15.35476500885654,61.203809322854106,6479.495583024888,58.61063869643909,6734.451861354398
1574,6418.215761714899,15.354583161997365,61.13453200023777,6479.350293715136,58.60938231777664,6734.301106797465
1575,6418.139794571089,15.354401422418873,61.065477820598076,6479.205272391687,58.608128289484554,6734.150630450945
1576,6418.063872112876,15.354219789743723,60.996645837254064,6479.06051795013,58.60687660597148,6734.000431186106
1577,6417.987994183402,15.354038263596657,60.92803510781927,6478.916029291222,58.60562726165329,6733.850507879414
1578,6417.912160625865,15.353856843602548,60.85964469419656,6478.7718053200615,58.604380250953156,6733.700859411708
1579,6417.836371285458,15.353675529391047,60.791473662572635,6478.6278449480305,58.603135568301894,6733.5514846701435
1580,6417.76062600645,15.353494320589594,60.72352108341235,6478.484147089863,58.601893208137874,6733.402382545262
1581,6417.684924634664,15.353313216829338,60.65578603145269,6478.340710666116,58.60065316490734,6733.253551933463
1582,6417.609267016771,15.353132217743472,60.58826758569636,6478.197534602467,58.59941543306459,6733.104991736298
1583,6417.533652999822,15.352951322966081,60.520964829405266,6478.054617829227,58.59818000707201,6732.956700859991
1584,6417.458082431447,15.352770532132649,60.45387685009361,6477.9119592815405,58.596946881400314,6732.8086782156315
1585,6417.382555160004,15.352589844880391,60.38700273952075,6477.769557899524,58.5957160505286,6732.660922719324
1586,6417.3070710344655,15.352409260848004,60.32034159368383,6477.62741262815,58.594487508944574,6732.513433292059
1587,6417.231629904463,15.35222877967575,60.25389251281011,6477.485522417273,58.593261251144604,6732.366208859752
1588,6417.156231620131,15.352048401005097,60.18765460134911,6477.34388622148,58.592037271633885,6732.219248353087
1589,6417.080876032724,15.3518681244802,60.12162696796448,6477.202503000688,58.590815564926615,6732.072550708119
1590,6417.005562992861,15.351687949743686,60.05580872552565,6477.061371718387,58.58959612554601,6731.926114864512
1591,6416.930292353462,15.35150787644369,59.990198991099284,6476.920491344562,58.588378948024534,6731.7799397684685
1592,6416.855063966543,15.35132790422618,59.92479688594045,6476.779860852484,58.587164026903835,6731.634024369515
1593,6416.779877685194,15.3511480327397,59.859601535483705,6476.6394792206775,58.5859513567351,6731.488367622475
1594,6416.704733363504,15.350968261635176,59.794612069333795,6476.499345432838,58.58474093207903,6731.342968487382
1595,6416.629630855661,15.350788590563782,59.72982762125639,6476.359458476918,58.58353274750583,6731.197825928568
1596,6416.554570016104,15.350609019177282,59.665247329168324,6476.2198173452725,58.58232679759551,6731.052938914813
1597,6416.479550700569,15.350429547130549,59.60087033512794,6476.080421035697,58.58112307693794,6730.908306420377
1598,6416.404572765005,15.350250174078958,59.53669578532511,6475.941268550329,58.57992158013289,6730.763927423907
1599,6416.329636065516,15.350070899678268,59.47272283007106,6475.802358895587,58.57872230179003,6730.619800908373
1600,6416.254740459242,15.349891723586705,59.40895062378811,6475.66369108303,58.577525236529226,6730.475925861932
1601,6416.179885803714,15.34971264546343,59.34537832499913,6475.5252641287125,58.57633037898052,6730.332301277278
1602,6416.10507195646,15.349533664967607,59.28200509631693,6475.387077052777,58.5751377237842,6730.188926151239
1603,6416.030298776175,15.349354781761186,59.218830104433465,6475.249128880609,58.57394726559086,6730.045799485929
1604,6415.955566121846,15.349175995506808,59.15585252010891,6475.1114186419545,58.57275899906156,6729.902920287872
1605,6415.880873852833,15.348997305868021,59.09307151816046,6474.9739453709935,58.5715729188678,6729.760287568069
1606,6415.806221828848,15.348818712509205,59.030486277451146,6474.836708106299,58.57038901969171,6729.6179003419575
1607,6415.731609910277,15.348640215096356,58.96809598087849,6474.699705891156,58.56920729622603,6729.475757629739
1608,6415.657037958046,15.348461813296762,58.90589981536286,6474.562937773409,58.56802774317416,6729.333858456217
1609,6415.582505833265,15.348283506778145,58.84389697183587,6474.4264028051,58.56685035525025,6729.192201850439
1610,6415.508013397746,15.348105295209919,58.782086645228624,6474.290100042975,58.565675127179404,6729.0507868462055
1611,6415.433560513735,15.347927178262523,58.72046803445972,6474.154028548194,58.56450205369745,6728.909612481778
1612,6415.359147043429,15.34774915560629,58.65904034242328,6474.018187385853,58.56333112955124,6728.7686777994
1613,6415.28477285036,15.347571226914738,58.59780277597675,6473.882575626337,58.56216234949865,6728.6279818466555
1614,6415.210437797487,15.347393391860018,58.53675454592859,6473.747192343416,58.56099570830855,6728.487523674558
1615,6415.136141748802,15.347215650116752,58.475894867026014,6473.612036615828,58.55983120076094,6728.347302339139
1616,6415.061884568742,15.347038001360627,58.41522295794238,6473.477107526684,58.55866882164693,6728.207316900849
1617,6414.987666121779,15.346860445267414,58.35473804126466,6473.342404163043,58.55750856576887,6728.067566424138
1618,6414.913486273167,15.346682981514753,58.294439343480704,6473.207925616648,58.55635042794039,6727.928049978189
1619,6414.839344888236,15.346505609780468,58.23432609496646,6473.073670983203,58.55519440298633,6727.788766636193
1620,6414.765241832798,15.346328329743535,58.174397529973106,6472.939639362771,58.554040485742874,6727.649715475753
1621,6414.6911769733315,15.346151141084524,58.11465288661404,6472.805829859945,58.55288867105761,6727.510895579046
1622,6414.617150176125,15.345974043483551,58.055091406851815,6472.672241582976,58.551738953789524,6727.372306031961
1623,6414.5431613085075,15.345797036623223,57.995712336484985,6472.538873644992,58.55059132880895,6727.233945925311
1624,6414.4692102377,15.345620120185886,57.936514925134894,6472.405725162836,58.54944579099788,6727.095814353676
1625,6414.39529683129,15.34544329385476,57.877498426232336,6472.272795257522,58.54830233524967,6726.957910415858
1626,6414.32142095771,15.345266557315096,57.818662097004115,6472.1400830547145,58.54716095646923,6726.820233215356
1627,6414.247582484998,15.345089910251192,57.760005198459666,6472.007587683458,58.546021649573056,6726.682781859101
1628,6414.173781282369,15.344913352350167,57.701526995377456,6471.875308277747,58.544884409489306,6726.545555459025
1629,6414.100017218745,15.344736883298433,57.64322675629137,6471.743243975036,58.54374923115766,6726.408553130572
1630,6414.026290163578,15.34456050278368,57.58510375347706,6471.611393917055,58.542616109529554,6726.271773993508
1631,6413.95259998667,15.344384210494425,57.5271572629382,6471.479757249608,58.541485039568,6726.135217171729
1632,6413.878946558441,15.344208006120674,57.46938656439268,6471.348333122834,58.540356016247735,6725.998881793512
1633,6413.805329748997,15.344031889351667,57.4117909412587,6471.217120690256,58.53922903455525,6725.862766990571
1634,6413.7317494294,15.343855859878948,57.354369680641,6471.086119110041,58.53810408948871,6725.726871899317
1635,6413.658205470685,15.343679917393983,57.29712207331669,6470.955327544002,58.536981176058084,6725.591195659855
1636,6413.584697744304,15.343504061589245,57.24004741372138,6470.8247451580255,58.53586028928514,6725.455737416416
1637,6413.511226121958,15.343328292157794,57.183144999935024,6470.694371121894,58.53474142420336,6725.320496317178
1638,6413.437790475884,15.34315260879398,57.12641413366785,6470.564204609552,58.53362457585813,6725.185471514535
1639,6413.364390678233,15.342977011191945,57.06985412024614,6470.434244798479,58.532509739306505,6725.050662164463
1640,6413.291026601851,15.34280149904749,57.013464268598106,6470.304490870449,58.53139690961751,6724.916067427285
1641,6413.2176981193725,15.342626072055914,56.957243891239564,6470.174942010612,58.53028608187196,6724.781686466755
1642,6413.1444051043445,15.3424507299147,56.901192304259716,6470.045597408604,58.52917725116248,6724.647518451161
1643,6413.071147430295,15.34227547232128,56.84530882730675,6469.916456257602,58.52807041259365,6724.5135625523835
1644,6412.997924970666,15.342100298972884,56.789592783573525,6469.787517754239,58.52696556128182,6724.379817945815
1645,6412.924737600072,15.34192520956955,56.73404349978321,6469.658781099855,58.52586269235532,6724.246283811601
1646,6412.851585192415,15.341750203809605,56.678660306174805,6469.5302454985895,58.524761800954295,6724.1129593327405
1647,6412.77846762268,15.341575281393972,56.62344253648875,6469.401910159169,58.52366288223075,6723.979843696873
1648,6412.705384765546,15.341400442022838,56.568389527952405,6469.273774293499,58.5225659313487,6723.846936094866
1649,6412.632336496099,15.341225685397365,56.51350062126555,6469.145837117365,58.52147094348397,6723.71423572152
1650,6412.559322690337,15.3410510112209,56.4587751605859,6469.0180978509225,58.52037791382426,6723.581741776058
1651,6412.486343223326,15.34087641919456,56.404212493514535,6468.890555716841,58.51928683756928,6723.449453460267
1652,6412.413397971088,15.34070190902174,56.349811971081294,6468.763209942169,58.51819770993056,6723.3173699803665
1653,6412.340486810306,15.340527480407431,56.2955729477303,6468.636059758036,58.51711052613158,6723.185490546708
1654,6412.267609616918,15.340353133054828,56.24149478130528,6468.509104398223,58.516025281407664,6723.053814372346
1655,6412.1947662679595,15.34017886666976,56.187576833034925,6468.382343100994,58.5149419710061,6722.922340674871
1656,6412.121956640021,15.340004680956989,56.13381846751835,6468.25577510754,58.513860590186084,6722.791068674849
1657,6412.0491806105965,15.339830575623436,56.08021905271045,6468.129399663307,58.51278113421866,6722.659997597158
1658,6411.976438057041,15.339656550375697,56.026777959907115,6468.0032160169485,58.51170359838676,6722.5291266699305
1659,6411.903728856929,15.339482604920882,55.973494563730775,6467.87722342066,58.5106279779853,6722.398455124896
1660,6411.831052888097,15.339308738966738,55.92036824211562,6467.751421130212,58.509554268321025,6722.267982197409
1661,6411.758410028715,15.339134952221807,55.867398376292925,6467.625808405008,58.508482464712515,6722.137707126507
1662,6411.685800157125,15.338961244395037,55.81458435077644,6467.500384507902,58.5074125624903,6722.007629154735
1663,6411.613223152017,15.338787615196212,55.76192555334768,6467.375148705364,58.50634455699675,6721.8777475283005
1664,6411.540678891841,15.338614064334548,55.70942137504126,6467.250100266882,58.505278443586086,6721.748061496482
1665,6411.468167255883,15.33844059152125,55.65707121013021,6467.125238466013,58.50421421762445,6721.618570312679
1666,6411.395688123199,15.338267196466983,55.60487445611136,6467.00056257931,58.50315187448972,6721.48927323334
1667,6411.323241373433,15.33809387888381,55.55283051369054,6466.8760718871235,58.5020914095717,6721.360169518761
1668,6411.250826885904,15.337920638483023,55.50093878676811,6466.751765672672,58.50103281827198,6721.231258432155
1669,6411.178444540554,15.337747474977402,55.44919868242413,6466.627643222978,58.499976096004005,6721.102539240595
1670,6411.1060942177,15.337574388080622,55.397609610903785,6466.503703828604,58.49892123819298,6720.974011214743
1671,6411.033775797011,15.337401377504811,55.34617098560275,6466.379946782614,58.49786824027595,6720.845673627814
1672,6410.961489159667,15.33722844296571,55.294882223052504,6466.256371382719,58.49681709770172,6720.717525757722
1673,6410.8892341857745,15.337055584176493,55.24374274290578,6466.13297692868,58.49576780593095,6720.58956688448
1674,6410.81701075632,15.33688280085244,55.19275196792191,6466.009762724242,58.494720360435906,6720.461796292138
1675,6410.744818752416,15.33671009270913,55.1419093239522,6465.886728076368,58.49367475670072,6720.334213268016
1676,6410.672658055177,15.336537459462145,55.09121423992545,6465.763872295102,58.49263099022125,6720.206817102565
1677,6410.600528546083,15.33636490082795,55.04066614783322,6465.641194693916,58.49158905650507,6720.079607089713
1678,6410.528430106623,15.336192416523021,54.990264482715446,6465.518694589338,58.49054895107143,6719.952582526499
1679,6410.456362618961,15.336020006265457,54.94000868264582,6465.396371301606,58.48951066945129,6719.82574271372
1680,6410.384325964528,15.3358476697716,54.889898188717225,6465.274224153245,58.488474207187366,6719.69908695451
1681,6410.31232002586,15.33567540676043,54.83993244502736,6465.152252470887,58.487439559833895,6719.572614556165
1682,6410.240344685454,15.335503216950848,54.79011089866415,6465.0304555841185,58.48640672295694,6719.446324828981
1683,6410.168399825293,15.33533110006051,54.74043299969138,6464.9088328249845,58.48537569213401,6719.320217085768
1684,6410.096485328305,15.335159055809342,54.69089820113414,6464.7873835294395,58.48434646295439,6719.194290643291
1685,6410.024601077406,15.33498708391724,54.64150595896456,6464.666107036371,58.48331903101888,6719.068544821303
1686,6409.952746955772,15.334815184104718,54.5922557320873,6464.54500268786,58.48229339193993,6718.942978942799
1687,6409.880922846218,15.33464335609143,54.543146982325226,6464.424069828543,58.481269541341504,6718.817592333378
1688,6409.80912863242,15.334471599599091,54.4941791744051,6464.303307806825,58.48024747485913,6718.692384322462
1689,6409.737364197943,15.334299914349145,54.445351775943195,6464.182715973886,58.47922718813986,6718.567354242295
1690,6409.665629426451,15.33412830006328,54.39666425743112,6464.062293683883,58.47820867684232,6718.442501428147
1691,6409.593924201516,15.333956756462957,54.34811609222145,6463.942040293737,58.4771919366366,6718.317825218106
1692,6409.522248407605,15.333785283271782,54.29970675651358,6463.821955164119,58.47617696320425,6718.193324954057
1693,6409.450601928609,15.333613880211983,54.25143572933947,6463.7020376579485,58.47516375223829,6718.068999980185
1694,6409.378984649088,15.333442547007389,54.20330249254951,6463.582287141638,58.474152299443226,6717.9448496442155
1695,6409.307396453388,15.333271283381311,54.155306530798335,6463.462702984186,58.47314260053494,6717.820873296513
1696,6409.235837226443,15.333100089058478,54.10744733153077,6463.343284557975,58.47213465124075,6717.697070290872
1697,6409.164306852591,15.332928963762178,54.05972438496775,6463.224031237559,58.47112844729933,6717.573439983311
1698,6409.092805217224,15.33275790721824,54.01213718409224,6463.104942401316,58.47012398446074,6717.44998173372
1699,6409.02133220541,15.332586919151698,53.964685224635254,6462.986017430045,58.469121258486425,6717.326694904461
1700,6408.94988770244,15.332415999288134,53.91736800506184,6462.8672557075015,58.468120265149075,6717.2035788609
1701,6408.878471593806,15.332245147353603,53.87018502655722,6462.748656620363,58.46712100023274,6717.080632971376
1702,6408.807083764784,15.332074363073646,53.82313579301286,6462.630219557796,58.46612345953274,6716.957856606764
1703,6408.735724101314,15.331903646175393,53.77621981101248,6462.511943912326,58.465127638855705,6716.835249141349
1704,6408.664392489211,15.331732996385673,53.7294365898184,6462.39382907903,58.46413353401941,6716.712809952014
1705,6408.593088814541,15.331562413431916,53.682785641357654,6462.275874455899,58.463141140852976,6716.590538418609
1706,6408.521812963592,15.331391897042087,53.63626648020823,6462.1580794438005,58.462150455196664,6716.468433923906
1707,6408.450564822537,15.331221446943868,53.58987862358535,6462.0404434461225,58.46116147290188,6716.346495853246
1708,6408.379344277845,15.331051062865658,53.54362159132782,6461.922965869173,58.460174189831264,6716.224723594939
1709,6408.308151216073,15.33088074453606,53.49749490588438,6461.805646121958,58.45918860185853,6716.103116540042
1710,6408.236985523817,15.330710491683773,53.45149809230007,6461.688483616117,58.45820470486858,6715.981674082295
1711,6408.165847088335,15.33054030403908,53.40563067820266,6461.571477766537,58.45722249475738,6715.860395618732
1712,6408.094735796209,15.330370181330643,53.35989219378922,6461.454627989998,58.45624196743195,6715.739280548327
1713,6408.023651534913,15.330200123289266,53.31428217181251,6461.337933706726,58.45526311881041,6715.618328273552
1714,6407.952594191645,15.330030129645085,53.26880014756761,6461.221394339213,58.454285944821834,6715.497538199187
1715,6407.881563653677,15.329860200128415,53.22344565887853,6461.105009312556,58.453310441406344,6715.376909732673
1716,6407.810559808811,15.32969033447084,53.17821824608483,6460.988778054896,58.45233660451511,6715.256442284537
1717,6407.739582544607,15.329520532403366,53.133117452028245,6460.872699996636,58.45136443011017,6715.136135267615
1718,6407.668631748851,15.329350793657538,53.08814282203956,6460.75677457089,58.450393914164565,6715.015988097506
1719,6407.597707309328,15.3291811179649,53.04329390392523,6460.641001213254,58.44942505266223,6714.896000192334
1720,6407.526809114516,15.329011505058652,52.998570247954305,6460.525379362471,58.44845784159797,6714.776170973421
1721,6407.455937052346,15.328841954670683,52.95397140684518,6460.409908459191,58.44749227697754,6714.656499864043
1722,6407.3850910109895,15.328672466533467,52.90949693575261,6460.2945879467425,58.44652835481749,6714.536986290199
1723,6407.314270879411,15.328503040381367,52.86514639225455,6460.179417271665,58.44556607114518,6714.4176296811465
1724,6407.243476545843,15.328333675946993,52.820919336339244,6460.064395882182,58.44460542199886,6714.298429467877
1725,6407.172707899329,15.328164372964903,52.776815330392175,6459.949523229721,58.44364640342744,6714.179385084631
1726,6407.101964828316,15.32799513116822,52.73283393918318,6459.8347987675,58.4426890114907,6714.060495967484
1727,6407.031247221881,15.327825950291581,52.6889747298536,6459.720221951735,58.441733242259104,6713.941761555562
1728,6406.960554969501,15.327656830070575,52.6452372719034,6459.605792241404,58.44077909181382,6713.823181290794
1729,6406.889887959947,15.327487770239108,52.60162113717841,6459.491509097125,58.439826556246736,6713.704754616799
1730,6406.819246082911,15.327318770533282,52.55812589985762,6459.377371982769,58.438875631660395,6713.586480980492
1731,6406.748629227646,15.32714983068815,52.51475113644041,6459.2633803640865,58.437926314167996,6713.468359830717
1732,6406.6780372837375,15.326980950439562,52.47149642573397,6459.149533709471,58.43697859989333,6713.350390619007
1733,6406.607470141088,15.326812129524134,52.42836134884069,6459.035831489929,58.43603248497081,6713.232572799551
1734,6406.536927689648,15.326643367678583,52.38534548914561,6458.922273178794,58.43508796554541,6713.114905828917
1735,6406.466409819031,15.326474664638829,52.34244843230384,6458.808858251335,58.43414503777263,6712.9973891656455
1736,6406.395916419646,15.326306020142693,52.29966976622823,6458.695586185874,58.43320369781852,6712.880022271384
1737,6406.325447381307,15.32613743392657,52.25700908107687,6458.582456462384,58.4322639418597,6712.762804609473
1738,6406.255002594959,15.325968905729566,52.21446596924076,6458.469468564199,58.43132576608318,6712.645735646661
1739,6406.184581950602,15.32580043528852,52.1720400253315,6458.356621975933,58.43038916668641,6712.528814851019
1740,6406.114185338925,15.325632022341926,52.12973084616892,6458.243916185094,58.42945413987737,6712.412041693561
1741,6406.043812650556,15.325463666628124,52.08753803076906,6458.131350681325,58.42852068187432,6712.295415647478
1742,6405.973463776547,15.325295367886476,52.04546118033181,6458.018924956878,58.4275887889061,6712.17893618862
1743,6405.903138607624,15.325127125855559,52.00349989822887,6457.906638505853,58.42665845721169,6712.062602794724
1744,6405.832837034901,15.324958940274882,51.96165378999167,6457.794490824893,58.425729683040544,6711.946414946119
1745,6405.762558949368,15.324790810883655,51.9199224632993,6457.682481412668,58.42480246265241,6711.830372125206
1746,6405.692304242539,15.324622737422342,51.87830552796658,6457.570609770505,58.423876792317344,6711.7144738170855
1747,6405.622072805969,15.324454719631504,51.83680259593211,6457.4588754019005,58.42295266831555,6711.598719509073
1748,6405.551864530858,15.324286757250858,51.79541328124638,6457.347277812105,58.42203008693766,6711.483108690284
1749,6405.481679309019,15.324118850021575,51.7541372000599,6457.235816509078,58.42110904448441,6711.367640852585
1750,6405.411517032026,15.323950997684271,51.71297397061146,6457.124491002637,58.42018953726675,6711.252315489747
1751,6405.341377592132,15.323783199981177,51.671923213216374,6457.013300805348,58.41927156160578,6711.1371320983335
1752,6405.271260880903,15.32361545665288,51.63098455025484,6456.902245431158,58.41835511383283,6711.0220901763305
1753,6405.201166790753,15.323447767441992,51.59015760616012,6456.791324396912,58.41744019028932,6710.907189224671
1754,6405.1310952138365,15.323280132090519,51.54944200740719,6456.680537221244,58.41652678732669,6710.792428746115
1755,6405.06104604236,15.323112550340575,51.508837382501,6456.5698834248615,58.41561490130659,6710.677808245545
1756,6404.991019169083,15.322945021935606,51.46834336196506,6456.459362531048,58.41470452860064,6710.563327230461
1757,6404.921014486199,15.3227775466177,51.42795957833003,6456.348974064529,58.41379566559054,6710.448985209848
1758,6404.85103188654,15.32261012413048,51.38768566612222,6456.238717552662,58.41288830866796,6710.334781695367
1759,6404.781071263114,15.322442754217978,51.34752126185229,6456.128592524967,58.41198245423455,6710.220716200887
1760,6404.71113250858,15.322275436623396,51.30746600400394,6456.018598512584,58.41107809870202,6710.1067882419375
1761,6404.64121551612,15.322108171091195,51.26751953302265,6455.908735049143,58.41017523849186,6709.992997336582
1762,6404.571320178731,15.321940957365385,51.227681491304494,6455.799001670036,58.409273870035555,6709.879343004691
1763,6404.501446389829,15.321773795190978,51.18795152318492,6455.689397913014,58.408373989774546,6709.765824768533
1764,6404.431594042948,15.321606684313272,51.14832927492775,6455.579923317876,58.40747559416005,6709.652442152472
1765,6404.36176303126,15.3214396244767,51.10881439471399,6455.470577425974,58.406578679653144,6709.539194682465
1766,6404.291953248368,15.321272615426718,51.069406532630865,6455.361359780999,58.405683242724734,6709.4260818868515
1767,6404.222164588505,15.321105656910298,51.03010534066091,6455.252269929166,58.40478927985554,6709.3131032965375
1768,6404.152396944841,15.320938748671868,50.990910472670976,6455.143307417512,58.403896787536056,6709.200258443294
1769,6404.082650211827,15.320771890458916,50.95182158440135,6455.034471796228,58.40300576226648,6709.087546862087
1770,6404.012924283477,15.320605082017888,50.912838333455014,6454.925762616932,58.40211620055679,6708.974968089354
1771,6403.943219053586,15.320438323094704,50.87396037928678,6454.817179432873,58.40122809892674,6708.8625216632045
1772,6403.873534416681,15.320271613437034,50.83518738319263,6454.708721799873,58.4003414539055,6708.7502071243625
1773,6403.803870267541,15.32010495279316,50.796519008298986,6454.60038927584,58.39945626203222,6708.6380240156805
1774,6403.734226500175,15.319938340909511,50.75795491955211,6454.492181419728,58.39857251985546,6708.525971881099
1775,6403.664603009582,15.319771777534884,50.71949478370752,6454.38409779329,58.39769022393351,6708.4140502674
1776,6403.594999690192,15.319605262416728,50.68113826931941,6454.276137959511,58.396809370834205,6708.30225872264
1777,6403.525416437199,15.319438795304304,50.642885046730214,6454.168301483929,58.39592995713497,6708.190596797466
1778,6403.455853145607,15.319272375946428,50.604734788060114,6454.060587933667,58.39505197942271,6708.0790640441555
1779,6403.386309710179,15.319106004091338,50.5666871671967,6453.952996877376,58.39417543429387,6707.967660016554
1780,6403.316786026425,15.318939679489054,50.52874185978457,6453.845527886209,58.39330031835452,6707.856384271052
1781,6403.247281989585,15.318773401888958,50.490898543215046,6453.7381805328,58.392426628220015,6707.745236365557
1782,6403.177797495377,15.31860717104157,50.45315689661594,6453.630954391992,58.39155436051527,6707.634215860234
1783,6403.108332438728,15.318440986695522,50.415516600841315,6453.5238490395695,58.39068351187462,6707.523322316224
1784,6403.0388867160345,15.318274848602954,50.37797733846132,6453.416864054496,58.38981407894174,6707.412555297892
1785,6402.9694602226355,15.318108756513482,50.34053879375208,6453.309999016387,58.388946058369754,6707.301914370296
1786,6402.900052854586,15.317942710178436,50.303200652685675,6453.203253507271,58.38807944682114,6707.191399100943
1787,6402.830664508117,15.31777670934956,50.26596260292003,6453.0966271110365,58.387214240967715,6707.081009059246
1788,6402.761295079099,15.317610753777748,50.22882433378901,6452.990119412888,58.386350437490584,6706.970743815972
1789,6402.691944463995,15.3174448432153,50.19178553629245,6452.883730000288,58.38548803308008,6706.860602944186
1790,6402.622612558871,15.317278977413567,50.154845903086276,6452.777458461957,58.384627024436,6706.750586018254
1791,6402.55329926068,15.31711315612603,50.118005128472696,6452.671304389153,58.383767408267175,6706.640692615116
1792,6402.484004465713,15.316947379104576,50.08126290839037,6452.565267374103,58.3829091812918,6706.530922312722
1793,6402.414728070821,15.316781646102443,50.04461894040463,6452.459347011226,58.38205234023719,6706.421274691258
1794,6402.345469972739,15.316615956872582,50.008072923697895,6452.353542896437,58.381196881839905,6706.311749332441
1795,6402.2762300685135,15.316450311168692,49.97162455905986,6452.247854627573,58.38034280284556,6706.202345819952
1796,6402.207008255382,15.316284708744933,49.935273548878016,6452.14228180426,58.379490100009036,6706.093063739299
1797,6402.137804430257,15.316119149354682,49.89901959712797,6452.036824027386,58.37863877009428,6705.983902677296
1798,6402.068618490743,15.315953632752972,49.86286240936401,6451.931480900107,58.37778880987422,6705.87486222306
1799,6401.9994503340495,15.315788158693898,49.8268016927096,6451.826252026759,58.37694021613102,6705.765941966929
1800,6401.930299857935,15.315622726932858,49.79083715584791,6451.721137013783,58.376092985655774,6705.657141501386
1801,6401.861166959901,15.315457337224645,49.75496850901245,6451.616135468914,58.3752471152486,6705.548460420246
1802,6401.79205153782,15.315291989324928,49.71919546397773,6451.5112470017975,58.374402601718735,6705.439898319274
1803,6401.722953489449,15.315126682989112,49.68351773404997,6451.406471223499,58.37355944188423,6705.331454795695
1804,6401.653872713129,15.314961417973993,49.6479350340578,6451.301807747187,58.37271763257219,6705.223129448876
1805,6401.584809106802,15.314796194035411,49.61244708034309,6451.197256187145,58.37187717061866,6705.114921879336
1806,6401.515762568828,15.31463101093021,49.57705359075171,6451.092816159579,58.37103805286856,6705.006831689558
1807,6401.446732997469,15.314465868414997,49.5417542846245,6450.988487282093,58.370200276175694,6704.898858483457
1808,6401.377720291224,15.314300766246948,49.506548882788124,6450.884269174012,58.36936383740278,6704.791001866714
1809,6401.3087243488935,15.314135704183956,49.471437107545995,6450.78016145644,58.36852873342134,6704.683261446822
1810,6401.23974506931,15.313970681983994,49.4364186826694,6450.676163751979,58.367694961111745,6704.575636832816
1811,6401.170782350828,15.313805699403893,49.4014933333884,6450.572275684216,58.36686251736317,6704.4681276347455
1812,6401.1018360929975,15.313640756203343,49.366660786383,6450.468496879381,58.366031399073535,6704.360733465351
1813,6401.032906194721,15.313475852140481,49.33192076977428,6450.3648269644955,58.365201603149586,6704.253453938196
1814,6400.963992554975,15.313310986973626,49.297273013115515,6450.261265568091,58.364373126506706,6704.146288668396
1815,6400.895095073632,15.313146160463234,49.26271724738343,6450.157812321015,58.363545966069125,6704.039237273415
1816,6400.826213649906,15.312981372368196,49.22825320496944,6450.0544668548755,58.36272011876967,6703.932299371523
1817,6400.757348183254,15.312816622447977,49.193880619670985,6449.9512288029255,58.36189558154982,6703.825474582667
1818,6400.688498573629,15.312651910463227,49.1595992266828,6449.848097800312,58.36107235135984,6703.718762528727
1819,6400.619664720609,15.312487236173705,49.125408762588364,6449.745073483197,58.36025042515848,6703.612162832636
1820,6400.550846524437,15.312322599340757,49.091308965351246,6449.642155489788,58.35942979991316,6703.50567511941
1821,6400.482043885126,15.312157999725182,49.05729957430666,6449.5393434594325,58.35861047259994,6703.399299015242
1822,6400.413256702754,15.311993437087928,49.02338033015291,6449.436637032906,58.35779244020334,6703.29303414779
1823,6400.344484877882,15.311828911191105,48.989550974942944,6449.334035852825,58.356975699716486,6703.186880146592
1824,6400.275728310838,15.311664421796262,48.95581125207595,6449.231539562914,58.35616024814103,6703.080836642327
1825,6400.206986902012,15.311499968665101,48.92216090628895,6449.129147808301,58.35534608248711,6702.97490326712
1826,6400.1382605526,15.311335551561243,48.88859968364858,6449.0268602362485,58.354533199773314,6702.869079655263
1827,6400.069549162952,15.311171170246297,48.85512733154261,6448.924676494495,58.353721597026784,6702.763365441561
1828,6400.000852634334,15.311006824484052,48.82174359867187,6448.822596233005,58.352911271283006,6702.657760263086
1829,6399.932170867734,15.310842514037642,48.78844823504195,6448.720619102776,58.352102219585944,6702.552263757975
1830,6399.863503764182,15.310678238670292,48.75524099195499,6448.618744756137,58.351294438987935,6702.446875565734
1831,6399.794851225142,15.310513998146273,48.722121622001694,6448.516972847144,58.35048792654962,6702.341595327634
1832,6399.726213152244,15.310349792230248,48.68908987905307,6448.415303031297,58.34968267934016,6702.2364226864265
1833,6399.657589446964,15.310185620686518,48.65614551825249,6448.313734965217,58.34887869443689,6702.131357286017
1834,6399.588980011107,15.310021483280162,48.623288296007594,6448.212268307115,58.348075968925556,6702.026398771941
1835,6399.5203847461435,15.309857379775464,48.59051796998241,6448.110902716126,58.34727449990018,6701.9215467906915
1836,6399.451803554331,15.30969330993859,48.55783429908931,6448.00963785342,58.34647428446301,6701.816800990834
1837,6399.383236337913,15.309529273535677,48.5252370434812,6447.908473381394,58.34567531972458,6701.712161022197
1838,6399.314682998805,15.309365270332071,48.49272596454363,6447.807408963349,58.344877602803635,6701.607626535545
1839,6399.246143439551,15.30920130009462,48.46030082488697,6447.706444264438,58.344081130827135,6701.503197183536
1840,6399.177617562515,15.309037362589748,48.42796138833863,6447.605578950853,58.343285900930304,6701.3988726198995
1841,6399.109105270347,15.308873457584562,48.39570741993533,6447.504812690282,58.34249191025634,6701.294652499897
1842,6399.040606465855,15.308709584846541,48.36353868591534,6447.40414515177,58.341699155956846,6701.190536480182
1843,6398.9721210519965,15.308545744143533,48.33145495371091,6447.303576005707,58.340907635191314,6701.086524218789
1844,6398.90364893156,15.308381935242968,48.29945599194054,6447.203104923501,58.34011734512751,6700.982615374805
1845,6398.83519000755,15.3082181579128,48.26754157040146,6447.102731577952,58.33932828294119,6700.878809608746
1846,6398.7667441836575,15.308054411922626,48.235711460062035,6447.002455643719,58.33854044581624,6700.77510658302
1847,6398.698311362902,15.307890697040436,48.203965433054286,6446.902276795957,58.33775383094453,6700.671505960566
1848,6398.629891448956,15.30772701303578,48.172303262666354,6446.802194711622,58.33696843552598,6700.56800740616
1849,6398.56148434551,15.307563359678253,48.14072472333511,6446.702209068845,58.33618425676853,6700.464610585788
1850,6398.493089956328,15.307399736737626,48.10922959063875,6446.602319546967,58.33540129188813,6700.3613151666805
1851,6398.424708185191,15.30723614398371,48.077817641289364,6446.50252582648,58.334619538108605,6700.258120817253
1852,6398.356338936491,15.307072581187777,48.046488653125685,6446.402827589616,58.33383899266179,6700.155027207695
1853,6398.287982113892,15.30690904811936,48.01524240510571,6446.303224518998,58.33305965278737,6700.052034008623
1854,6398.219637622302,15.306745544550962,47.98407867729953,6446.203716299601,58.3322815157331,6699.94914089304
1855,6398.151305365631,15.306582070252706,47.952997250882035,6446.1043026165125,58.331504578754405,6699.846347534094
1856,6398.082985248728,15.306418624996956,47.921997908125746,6446.004983156853,58.33072883911476,6699.743653607003
1857,6398.014677176343,15.306255208555845,47.8910804323937,6445.905757608737,58.32995429408534,6699.641058788008
1858,6397.946381053283,15.306091820701635,47.86024460813227,6445.806625661416,58.32918094094519,6699.538562754527
1859,6397.878096784535,15.30592846120702,47.82949022086419,6445.7075870054,58.328408776981284,6699.436165185268
1860,6397.809824275085,15.305765129844701,47.79881705718136,6445.608641332266,58.327637799488116,6699.33386576004
1861,6397.7415634302615,15.305601826388186,47.76822490473799,6445.509788335,58.32686800576817,6699.231664160092
1862,6397.673314155432,15.305438550611083,47.73771355224355,6445.411027707676,58.3260993931316,6699.129560067799
1863,6397.605076356234,15.305275302287642,47.70728278945579,6445.31235914569,58.32533195889624,6699.0275531668885
1864,6397.536849938448,15.305112081192458,47.676932407173936,6445.213782345621,58.324565700387694,6698.925643142308
1865,6397.468634807526,15.304948887099343,47.64666219723181,6445.115297004758,58.32380061493921,6698.8238296797435
1866,6397.400430869644,15.304785719783837,47.6164719524909,6445.016902822135,58.323036699891716,6698.722112466664
1867,6397.332238030871,15.304622579021222,47.58636146683365,6444.918599497704,58.32227395259376,6698.620491191487
1868,6397.264056197416,15.304459464587119,47.55633053515672,6444.820386732573,58.321512370401535,6698.51896554382
1869,6397.1958852753905,15.304296376256914,47.526378953364144,6444.722264228754,58.32075195067888,6698.417535214207
1870,6397.127725171562,15.304133313807565,47.49650651836077,6444.624231689922,58.31999269079713,6698.31619989489
1871,6397.059575792553,15.303970277015678,47.46671302804549,6444.526288820599,58.31923458813524,6698.214959278987
1872,6396.991437044886,15.303807265657621,47.43699828130465,6444.428435326191,58.31847764007973,6698.113813060538
1873,6396.923308835658,15.303644279511143,47.407362078005555,6444.330670913663,58.31772184402456,6698.01276093517
1874,6396.855191072068,15.30348131835423,47.377804218989716,6444.232995291058,58.31696719737131,6697.911802599623
1875,6396.787083660858,15.303318381963775,47.348324506066525,6444.135408166924,58.31621369752898,6697.8109377511755
1876,6396.718986509753,15.303155470119027,47.31892274200662,6444.03790925176,58.31546134191402,6697.710166089086
1877,6396.650899526045,15.302992582598193,47.28959873053553,6443.94049825658,58.31471012795042,6697.609487313164
1878,6396.582822617483,15.30282971918058,47.260352276327176,6443.84317489381,58.31396005306945,6697.508901124662
1879,6396.5147556915235,15.302666879644793,47.23118318499754,6443.745938876521,58.31321111470997,6697.408407225509
1880,6396.4466986564275,15.302504063771357,47.20209126309827,6443.648789919525,58.31246331031808,6697.308005319409
1881,6396.378651419882,15.302341271339431,47.173076318110375,6443.551727737992,58.311716637347324,6697.207695110453
1882,6396.310613890371,15.302178502130076,47.14413815843791,6443.4547520488095,58.31097109325855,6697.107476304484
1883,6396.242585975966,15.302015755923364,47.1152765934018,6443.357862569368,58.31022667552003,6697.00734860788
1884,6396.174567585227,15.301853032500544,47.0864914332335,6443.26105901846,58.309483381607244,6696.9073117284515
1885,6396.106558626955,15.301690331643433,47.0577824890689,6443.164341116024,58.308741209003024,6696.807365375187
1886,6396.038559009493,15.301527653132759,47.0291495729421,6443.067708582435,58.308000155197476,6696.707509257544
1887,6395.970568641964,15.30136499675111,47.00059249777933,6442.971161139743,58.30726021768791,6696.607743086685
1888,6395.902587433258,15.301202362280522,46.97211107739284,6442.874698510651,58.306521393978954,6696.508066574459
1889,6395.834615293004,15.301039749504795,46.943705126474825,6442.778320419479,58.30578368158241,6696.408479434363
1890,6395.766652129903,15.30087715820551,46.91537446059145,6442.682026590494,58.305047078017225,6696.30898137987
1891,6395.698697853986,15.30071458816743,46.88711889617677,6442.585816750163,58.304311580809625,6696.209572126685
1892,6395.630752374516,15.300552039173484,46.85893825052682,6442.489690625043,58.30357718749297,6696.110251390638
1893,6395.562815601366,15.300389511008053,46.8308323417937,6442.39364794316,58.302843895607666,6696.011018889054
1894,6395.494887444185,15.300227003454989,46.80280098897963,6442.297688433165,58.30211170270141,6695.911874339916
1895,6395.4269678137425,15.30006451630082,46.774844011931094,6442.201811825674,58.30138060632881,6695.812817463204
1896,6395.3590566194935,15.299902049328931,46.746961231333046,6442.106017850827,58.30065060405175,6695.713847978452
1897,6395.291153772214,15.29973960232587,46.719152468703015,6442.010306240917,58.299921693439,6695.614965607377
1898,6395.22325918219,15.29957717507701,46.69141754638544,6441.914676728576,58.29919387206655,6695.5161700720655
1899,6395.155372760061,15.299414767368567,46.66375628754583,6441.819129047607,58.29846713751723,6695.417461095807
1900,6395.087494416994,15.299252378988022,46.63616851616511,6441.723662933159,58.29774148738106,6695.318838403266
1901,6395.019624063502,15.299090009721297,46.60865405703394,6441.628278120536,58.29701691925493,6695.220301719295
1902,6394.951761610955,15.298927659356352,46.581212735747066,6441.532974346702,58.29629343074273,6695.1218507704325
1903,6394.883906970261,15.29876532768005,46.55384437869764,6441.437751348958,58.29557101945532,6695.023485283588
1904,6394.816060053217,15.298603014481381,46.52654881307177,6441.342608866289,58.29484968301054,6694.925204987385
1905,6394.7482207712255,15.298440719548386,46.49932586684279,6441.247546638068,58.294129419032984,6694.827009610862
1906,6394.680389035949,15.298278442669734,46.472175368765875,6441.152564404714,58.29341022515432,6694.728898884136
1907,6394.612564759203,15.298116183634457,46.4450971483725,6441.057661907576,58.292692099012996,6694.630872538283
1908,6394.544747852899,15.297953942231814,46.41809103596498,6440.962838888863,58.29197503825439,6694.5329303052695
1909,6394.476938229525,15.297791718252453,46.39115686261101,6440.868095092136,58.29125904053061,6694.435071918444
1910,6394.409135800894,15.297629511485392,46.36429446013835,6440.7734302610315,58.29054410350068,6694.337297111259
1911,6394.341340479887,15.297467321722216,46.33750366112931,6440.678844141016,58.289830224830375,6694.239605619028
1912,6394.273552179004,15.297305148753598,46.31078429891556,6440.584336477919,58.289117402192296,6694.141997177456
1913,6394.205770810849,15.297142992370452,46.284136207572715,6440.489907018421,58.2884056332658,6694.044471523127
1914,6394.137996288623,15.296980852365127,46.25755922191512,6440.3955555105385,58.287694915736964,6693.9470283939945
1915,6394.0702285251555,15.29681872852908,46.231053177490544,6440.301281702646,58.28698524729861,6693.849667528395
1916,6394.002467433731,15.29665662065486,46.204617910575024,6440.207085344306,58.28627662565029,6693.752388665885
1917,6393.93471292775,15.296494528535288,46.178253258167615,6440.112966185918,58.2855690484982,6693.655191546884
1918,6393.866964920786,15.296332451963602,46.15195905798524,6440.018923978771,58.284862513555254,6693.558075912737
1919,6393.799223326427,15.296170390733078,46.12573514845763,6439.924958474884,58.284157018540995,6693.461041505538
1920,6393.731488058439,15.296008344637414,46.099581368722085,6439.831069427161,58.28345256118163,6693.3640880683015
1921,6393.663759031288,15.29584631347198,46.07349755861857,6439.737256589906,58.28274913920998,6693.26721534547
1922,6393.596036158513,15.295684297029936,46.04748355868452,6439.643519717198,58.28204675036544,6693.1704230812875
1923,6393.528319354822,15.29552229510723,46.02153921014995,6439.549858564972,58.28134539239397,6693.073711021886
1924,6393.460608534577,15.295360307498987,45.99566435493239,6439.456272889509,58.28064506304818,6692.977078913768
1925,6393.392903612323,15.295198334000773,45.969858835631996,6439.362762447955,58.27994576008714,6692.880526504334
1926,6393.325204502857,15.295036374408747,45.94412249552656,6439.269326998383,58.27924748127647,6692.7840535419355
1927,6393.257511121439,15.29487442852019,45.918455178566674,6439.175966300006,58.27855022438831,6692.687659776095
1928,6393.189823382575,15.294712496130563,45.892856729370834,6439.082680111946,58.277853987201254,6692.591344956271
1929,6393.122141202019,15.294550577038322,45.8673269932206,6438.989468195239,58.27715876750051,6692.495108833867
1930,6393.0544644950705,15.294388671040839,45.841865816055844,6438.896330311127,58.2764645630775,6692.398951160514
1931,6392.98679317727,15.294226777936052,45.81647304446987,6438.803266221739,58.27577137173026,6692.302871688766
1932,6392.919127164381,15.294064897522443,45.79114852570477,6438.710275690086,58.27507919126322,6692.206870172081
1933,6392.851466372213,15.293903029598594,45.76589210764666,6438.617358479859,58.27438801948717,6692.110946364628
1934,6392.783810717049,15.293741173964232,45.740703638820946,6438.52451435587,58.27369785421927,6692.015100021725
1935,6392.7161601146945,15.293579330417929,45.71558296838777,6438.431743083082,58.27300869328312,6691.919330898864
1936,6392.648514482165,15.293417498761162,45.69052994613724,6438.339044428302,58.272320534508566,6691.823638753414
1937,6392.580873735416,15.293255678792862,45.66554442248492,6438.246418157902,58.27163337573187,6691.728023342335
1938,6392.513237791127,15.293093870313701,45.64062624846727,6438.153864039594,58.27094721479554,6691.632484423954
1939,6392.445606566784,15.292932073126277,45.61577527573701,6438.061381842521,58.270262049548414,6691.537021758057
1940,6392.377979978835,15.292770287030706,45.59099135655863,6437.968971335394,58.26957787784558,6691.441635104022
1941,6392.310357944605,15.292608511829199,45.56627434380398,6437.876632288409,58.268894697548404,6691.346324222745
1942,6392.242740381643,15.292446747324504,45.54162409094771,6437.784364472591,58.26821250652444,6691.2510888759725
1943,6392.175127207416,15.292284993319177,45.517040452062815,6437.692167659479,58.267531302647534,6691.155928825996
1944,6392.107518339497,15.29212324961602,45.49252328181635,6437.600041621313,58.2668510837977,6691.060843835833
1945,6392.039913695817,15.2919615160187,45.468072435464954,6437.5079861312815,58.266171847861116,6690.965833669477
1946,6391.972313194145,15.29179979233049,45.44368776885051,6437.416000962995,58.26549359273014,6690.870898091371
1947,6391.9047167531535,15.291638078356826,45.41936913839586,6437.32408589155,58.26481631630334,6690.776036867469
1948,6391.837124290685,15.29147637390116,45.395116401100466,6437.232240691786,58.26414001648527,6690.681249763496
1949,6391.769535725312,15.291314678768689,45.370929414536185,6437.140465139849,58.26346469118674,6690.5865365465115
1950,6391.701950976007,15.291152992765566,45.34680803684299,6437.04875901285,58.26279033832459,6690.491896984561
1951,6391.634369961553,15.290991315697495,45.32275212672475,6436.957122088277,58.26211695582173,6690.397330846102
1952,6391.566792600811,15.29082964737036,45.29876154344515,6436.865554144256,58.261444541607176,6690.302837900247
1953,6391.499218812916,15.290667987590709,45.274836146823354,6436.774054959739,58.260773093615924,6690.208417916969
1954,6391.431648517384,15.29050633616599,45.25097579723004,6436.682624314614,58.26010260978903,6690.114070667197
1955,6391.364081633686,15.290344692903554,45.22718035558319,6436.591261989269,58.25943308807357,6690.019795922389
1956,6391.29651808139,15.29018305761098,45.2034496833441,6436.499967764734,58.258764526422596,6689.925593454672
1957,6391.228957780396,15.29002143009664,45.17978364251326,6436.408741422909,58.25809692279512,6689.831463037068
1958,6391.161400650829,15.289859810169448,45.156182095626356,6436.317582746456,58.25743027515609,6689.737404443385
1959,6391.093846612742,15.289698197638138,45.1326449057503,6436.226491518492,58.25676458147645,6689.6434174479145
1960,6391.026295586348,15.289536592311837,45.10917193647926,6436.135467522828,58.25609983973298,6689.549501825666
1961,6390.958747492613,15.289374994001466,45.08576305193068,6436.044510544543,58.255436047908454,6689.455657352945
1962,6390.891202251756,15.289213402516163,45.062418116741384,6435.9536203684975,58.25477320399147,6689.36188380586
1963,6390.823659784912,15.289051817667254,45.03913699606375,6435.862796780975,58.25411130597648,6689.268180961973
1964,6390.756120013113,15.288890239265822,45.01591955556174,6435.772039568675,58.25345035186386,6689.174548599282
1965,6390.688582857508,15.288728667123225,44.99276566140714,6435.681348518915,58.25279033965971,6689.080986496435
1966,6390.621048239533,15.288567101051514,44.96967518027577,6435.5907234198085,58.25213126737603,6688.987494432894
1967,6390.553516080646,15.288405540862788,44.94664797934366,6435.500164059989,58.25147313303063,6688.894072188673
1968,6390.485986302538,15.288243986369707,44.9236839262833,6435.409670228821,58.250815934646965,6688.800719544535
1969,6390.418458827293,15.288082437385867,44.900782889259965,6435.319241716553,58.250159670254405,6688.7074362821595
1970,6390.350933576694,15.287920893724149,44.877944736927915,6435.228878313622,58.249504337887984,6688.614222183434
1971,6390.283410473316,15.28775935519932,44.85516933842683,6435.138579811743,58.248849935588474,6688.5210770315525
1972,6390.215889439403,15.287597821625367,44.83245656337813,6435.048346002782,58.24819646140237,6688.428000609882
1973,6390.148370397449,15.287436292816864,44.80980628188127,6434.958176679331,58.24754391338189,6688.334992702542
1974,6390.0808532704,15.287274768589475,44.78721836451029,6434.868071634911,58.24689228958481,6688.242053094605
1975,6390.013337980825,15.287113248757954,44.76469268231013,6434.778030663135,58.246241588074724,6688.14918157126
1976,6389.945824452523,15.286951733140008,44.742229106793104,6434.688053559316,58.245591806920714,6688.056377919422
1977,6389.878312608112,15.286790221550506,44.719827509935456,6434.598140118047,58.24494294419764,6687.963641925307
1978,6389.81080237162,15.286628713807705,44.69748776417379,6434.508290135795,58.244294997985804,6687.870973377033
1979,6389.743293666177,15.286467209727697,44.675209742401634,6434.4185034085785,58.24364796637123,6687.778372062294
1980,6389.67578641598,15.286305709129138,44.65299331796597,6434.328779733946,58.24300184744545,6687.685837770334
1981,6389.608280544523,15.286144211829003,44.63083836466385,6434.239118909187,58.24235663930556,6687.593370290166
1982,6389.540775976408,15.28598271764691,44.60874475673904,6434.149520733147,58.241712340054214,6687.500969412383
1983,6389.47327263608,15.285821226402105,44.586712368878594,6434.059985004958,58.241068947799555,6687.408634927887
1984,6389.405770447733,15.285659737913235,44.564741076209515,6433.970511523942,58.24042646065526,6687.316366627792
1985,6389.338269336164,15.28549825200039,44.542830754295494,6433.881100090459,58.23978487674049,6687.22416430428
1986,6389.27076922642,15.285336768484258,44.520981279133565,6433.791750505554,58.239144194179836,6687.132027750236
1987,6389.203270043174,15.285175287184627,44.499192527150896,6433.702462570324,58.23850441110338,6687.039956758624
1988,6389.135771712008,15.285013807923464,44.47746437520151,6433.61323608721,58.237865525646654,6686.947951123772
1989,6389.068274158306,15.284852330522263,44.45579670056307,6433.524070858869,58.23722753595059,6686.856010640254
1990,6389.000777307732,15.284690854803188,44.43418938093373,6433.4349666886665,58.23659044016148,6686.764135103369
1991,6388.933281085775,15.284529380587978,44.41264229442894,6433.345923380204,58.235954236431056,6686.672324308679
1992,6388.865785418432,15.284367907699599,44.3911553195783,6433.256940738011,58.23531892291641,6686.580578052697
1993,6388.798290231933,15.284206435961561,44.36972833532246,6433.168018567255,58.234684497779995,6686.488896132598
1994,6388.730795452842,15.284044965198188,44.34836122101007,6433.079156673853,58.234050959189574,6686.397278346327
1995,6388.663301007265,15.28388349523269,44.32705385639463,6432.990354863659,58.23341830531824,6686.305724491794
1996,6388.595806822085,15.283722025890157,44.305806121631505,6432.901612943717,58.23278653434438,6686.214234368115
1997,6388.528312824015,15.283560556995251,44.28461789727491,6432.81293072129,58.23215564445165,6686.122807774655
1998,6388.4608189403125,15.283399088373953,44.26348906427491,6432.724308004587,58.23152563382902,6686.031444511744
1999,6388.393325098021,15.283237619851725,44.24241950397439,6432.635744601996,58.230896500670696,6685.940144379913
2000,6388.325831224629,15.283076151255093,44.22140909810625,6432.547240322735,58.23026824317611,6685.848907180551
2001,6388.258337247702,15.28291468241077,44.200457728790354,6432.458794976493,58.22964085954993,6685.757732715535
2002,6388.190843095039,15.282753213146027,44.1795652785307,6432.370408373569,58.22901434800194,6685.666620787378
2003,6388.123348694375,15.282591743287977,44.15873163021252,6432.282080324588,58.228388706747275,6685.575571198939
2004,6388.055853974189,15.282430272665524,44.13795666709946,6432.193810641288,58.227763934006084,6685.484583754214
2005,6387.98835886273,15.282268801107008,44.11724027283073,6432.105599135561,58.227140028003745,6685.393658257377
2006,6387.920863288314,15.282107328440942,44.09658233141832,6432.017445619732,58.226516986970736,6685.302794513054
2007,6387.85336717957,15.28194585449658,44.07598272724418,6431.929349906814,58.22589480914267,6685.2119923265855
2008,6387.785870465892,15.281784379105005,44.055441345057545,6431.841311810949,58.2252734927603,6685.121251504456
2009,6387.718373075831,15.281622902095288,44.03495806997215,6431.753331145803,58.22465303606941,6685.030571852705
2010,6387.650874938809,15.281461423298586,44.01453278746348,6431.665407726272,58.22403343732084,6684.9399531786175
2011,6387.583375984448,15.281299942546527,43.99416538336618,6431.577541367815,58.22341469477061,6684.849395290067
2012,6387.515876141921,15.281138459669666,43.973855743871376,6431.489731885792,58.222796806679625,6684.758897994849
2013,6387.448375341285,15.280976974500682,43.95360375552393,6431.401979096809,58.222179771313876,6684.668461102024
2014,6387.380873512633,15.280815486872328,43.933409305219975,6431.314282817853,58.22156358694438,6684.578084421061
2015,6387.313370585964,15.280653996617138,43.91327228020421,6431.226642866168,58.22094825184711,6684.487767761702
2016,6387.245866491939,15.280492503569231,43.89319256806738,6431.139059060006,58.220333764303,6684.397510934724
2017,6387.178361160586,15.28033100756121,43.873170056743724,6431.05153121733,58.21972012259799,6684.307313750632
2018,6387.110854523144,15.280169508428573,43.85320463450847,6430.964059157652,58.21910732502297,6684.2171760215015
2019,6387.043346510156,15.280008006005158,43.83329618997528,6430.876642700131,58.21849536987364,6684.127097559081
2020,6386.975837053198,15.279846500127269,43.813444612093775,6430.789281665292,58.217884255450755,6684.037078176503
2021,6386.908326083183,15.279684990629624,43.793649790147136,6430.70197587333,58.21727398005984,6683.947117686591
2022,6386.840813531619,15.27952347734837,43.773911613749625,6430.6147251453685,58.216664542011415,6683.857215903118
2023,6386.773299330461,15.279361960120719,43.754229972844186,6430.527529303305,58.216055939620716,6683.767372640655
2024,6386.705783411253,15.279200438782901,43.734604757700026,6430.440388168953,58.215448171207974,6683.677587713708
2025,6386.638265706434,15.279038913173288,43.715035858910255,6430.353301565345,58.214841235098135,6683.587860938022
2026,6386.570746147895,15.278877383128936,43.69552316738957,6430.266269315284,58.21423512962104,6683.4981921291355
2027,6386.503224668242,15.278715848488618,43.676066574371895,6430.179291242614,58.213629853111286,6683.408581103648
2028,6386.435701200229,15.278554309091458,43.65666597140808,6430.092367171637,58.21302540390821,6683.319027678638
2029,6386.368175676367,15.278392764775997,43.63732125036365,6430.005496926731,58.212421780355974,6683.22953167128
2030,6386.300648029861,15.278231215382442,43.61803230341647,6429.918680333278,58.2118189808035,6683.140092899773
2031,6386.233118193979,15.278069660751147,43.598799023054596,6429.831917217033,58.21121700360439,6683.050711182712
2032,6386.165586101999,15.277908100722486,43.57962130207397,6429.745207404073,58.21061584711701,6682.961386339032
2033,6386.098051687507,15.277746535137577,43.56049903357629,6429.658550721083,58.210015509704434,6682.8721181882975
2034,6386.0305148843145,15.277584963838073,43.5414321109668,6429.571946995281,58.20941598973435,6682.782906550626
2035,6385.962975626417,15.277423386666069,43.522420427952106,6429.485396054369,58.20881728557919,6682.693751246638
2036,6385.895433848093,15.277261803464336,43.5034638785381,6429.398897726631,58.20821939561599,6682.604652097561
2037,6385.827889483244,15.277100214074746,43.4845623570278,6429.312451840272,58.20762231822652,6682.5156089245575
2038,6385.760342466938,15.276938618341957,43.46571575801928,6429.226058224957,58.207026051797044,6682.426621550275
2039,6385.692792733646,15.2767770161092,43.44692397640357,6429.1397167100495,58.20643059471854,6682.337689797075
2040,6385.625240218418,15.276615407221096,43.428186907362644,6429.053427125781,58.205835945386504,6682.248813488212
2041,6385.557684856266,15.276453791522167,43.409504446367336,6428.967189302633,58.205242102201076,6682.159992447208
2042,6385.4901265825365,15.276292168857744,43.390876489175355,6428.881003071712,58.20464906356693,6682.0712264982285
2043,6385.42256533297,15.276130539074092,43.372302931829296,6428.794868264799,58.20405682789329,6681.982515466135
2044,6385.355001042795,15.275968902016256,43.35378367065462,6428.70878471345,58.203465393593895,6681.893859175583
2045,6385.287433648327,15.275807257531884,43.3353186022578,6428.622752250585,58.20287475908701,6681.805257452614
2046,6385.219863085751,15.275645605468304,43.3169076235243,6428.5367707092755,58.202284922795435,6681.716710123435
2047,6385.152289291043,15.275483945672352,43.29855063161665,6428.45083992266,58.201695883146414,6681.628217014347
2048,6385.084712200619,15.275322277991911,43.28024752397265,6428.364959724591,58.201107638571706,6681.539777952378
2049,6385.017131751493,15.2751606022763,43.26199819830337,6428.279129949797,58.20052018750743,6681.451392765454
2050,6384.949547880233,15.274998918373763,43.24380255259142,6428.193350432824,58.19993352839427,6681.3630612813395
2051,6384.881960524116,15.274837226134249,43.225660485089,6428.107621009205,58.19934765967726,6681.274783328801
2052,6384.81436962055,15.274675525408014,43.207571894316146,6428.021941514866,58.1987625798059,6681.186558737021
2053,6384.746775106472,15.274513816044193,43.18953667905893,6427.936311785531,58.19817828723401,6681.098387334999
2054,6384.679176920032,15.274352097894813,43.17155473836765,6427.850731658399,58.19759478041988,6681.010268953226
2055,6384.611574999022,15.274190370811057,43.15362597155507,6427.765200970577,58.19701205782607,6680.92220342212
2056,6384.543969281313,15.27402863464429,43.135750278194735,6427.679719559508,58.19643011791959,6680.834190572458
2057,6384.476359705321,15.273866889247179,43.11792755811918,6427.59428726344,58.19584895917169,6680.746230235836
2058,6384.408746209182,15.273705134471728,43.10015771141824,6427.5089039206005,58.195268580058055,6680.658322243853
2059,6384.3411287320605,15.273543370172394,43.08244063843743,6427.423569370498,58.19468897905857,6680.570466429403
2060,6384.273507212379,15.273381596201864,43.06477623977615,6427.338283452154,58.194110154657466,6680.482662624914
2061,6384.205881589213,15.273219812414386,43.04716441628617,6427.2530460054995,58.19353210534324,6680.394910663743
2062,6384.138251802083,15.27305801866527,43.02960506906989,6427.167856871152,58.19295482960865,6680.3072103799495
2063,6384.070617789956,15.272896214808506,43.01209809947876,6427.082715889434,58.19237832595073,6680.21956160732
2064,6384.002979493023,15.272734400701014,42.994643409111724,6426.997622902135,58.191802592870715,6680.131964181122
2065,6383.935336850638,15.2725725761977,42.97724089981358,6426.912577750451,58.191227628874024,6680.044417936054
2066,6383.8676898030935,15.272410741155726,42.95989047367348,6426.827580276767,58.1906534324704,6679.956922708013
2067,6383.800038290485,15.272248895431781,42.94259203302331,6426.742630323508,58.19008000217366,6679.869478332963
2068,6383.732382253234,15.272087038883337,42.92534548043622,6426.657727733671,58.18950733650182,6679.782084647454
2069,6383.664721632142,15.27192517136876,42.908150718725096,6426.572872350866,58.18893543397715,6679.694741488667
2070,6383.597056367738,15.271763292745785,42.891007650941106,6426.488064018679,58.18836429312591,6679.607448693777
2071,6383.529386401288,15.271601402873895,42.873916180372134,6426.403302581661,58.18779391247861,6679.520206100942
2072,6383.461711673993,15.271439501612424,42.85687621054144,6426.318587884534,58.187224290569866,6679.433013548513
2073,6383.394032127027,15.271277588820638,42.83988764520606,6426.233919772232,58.18665542593837,6679.345870875064
2074,6383.326347702214,15.271115664359362,42.82295038835558,6426.14929809057,58.186087317126876,6679.258777920071
2075,6383.258658341414,15.270953728089507,42.80606434421057,6426.0647226856245,58.18551996268231,6679.171734523293
2076,6383.190963986481,15.270791779871963,42.789229417221236,6425.980193403702,58.18495336115556,6679.084740524729
2077,6383.123264579721,15.27062981956871,42.772445512066085,6425.895710091787,58.18438751110159,6678.997795765079
2078,6383.055560063384,15.270467847041589,42.7557125336505,6425.811272597035,58.18382241107945,6678.91090008523
2079,6382.987850380561,15.270305862154453,42.73903038710546,6425.726880767666,58.18325805965213,6678.824053327153
2080,6382.920135473493,15.270143864769123,42.72239897778614,6425.642534451279,58.182694455386695,6678.737255332211
2081,6382.85241528552,15.269981854750048,42.7058182112707,6425.55823349679,58.18213159685416,6678.650505943106
2082,6382.784689759826,15.269819831961305,42.68928799335888,6425.473977753184,58.18156948262954,6678.563805002623
2083,6382.716958839706,15.269657796267241,42.67280823007078,6425.389767069777,58.1810081112918,6678.477152353897
2084,6382.649222468895,15.26949574753324,42.6563788276456,6425.30560129654,58.180447481423826,6678.390547840733
2085,6382.581480591142,15.269333685624742,42.63999969254036,6425.2214802836825,58.17988759161254,6678.303991307197
2086,6382.513733150425,15.269171610407716,42.623670731428675,6425.137403881853,58.179328440448685,6678.2174825978045
2087,6382.445980091294,15.269009521749506,42.607391851199566,6425.053371942493,58.178770026526884,6678.131021557885
2088,6382.37822135754,15.268847419515645,42.59116295895622,6424.969384316496,58.178212348445854,6678.044608032235
2089,6382.310456894447,15.268685303575232,42.57498396201477,6424.885440856462,58.17765540480795,6677.958241867376
2090,6382.2426866462065,15.268523173794753,42.55885476790323,6424.80154141411,58.17709919421958,6677.871922908966
2091,6382.174910558254,15.26836103004367,42.54277528436024,6424.717685842615,58.17654371529083,6677.78565100413
2092,6382.10712857577,15.268198872190837,42.526745419333935,6424.633873995103,58.17598896663588,6677.699425999969
2093,6382.039340644219,15.268036700105787,42.510765080980846,6424.5501057251995,58.17543494687244,6677.613247744094
2094,6381.97154670905,15.267874513658015,42.49483417766477,6424.466380886714,58.17488165462228,6677.527116084321
2095,6381.903746716197,15.267712312718174,42.47895261795564,6424.382699334153,58.17432908851082,6677.441030869175
2096,6381.835940611519,15.267550097156743,42.4631203106285,6424.299060922147,58.17377724716735,6677.354991947325
2097,6381.76812834147,15.267387866845622,42.44733716466232,6424.215465506133,58.17322612922487,6677.268999168261
2098,6381.700309852486,15.267225621656664,42.431603089239104,6424.131912941724,58.17267573332024,6677.183052381667
2099,6381.632485090969,15.267063361461647,42.41591799374268,6424.048403084711,58.1721260580939,6677.09715143742
2100,6381.564654003985,15.266901086133936,42.40028178775775,6423.964935791743,58.17157710219024,6677.011296186271
2101,6381.496816538558,15.26673879554679,42.38469438106886,6423.881510919627,58.17102886425719,6676.925486479146
2102,6381.428972641766,15.266576489573604,42.36915568365941,6423.798128325426,58.17048134294647,6676.839722167243
2103,6381.361122261082,15.266414168088712,42.3536656057106,6423.714787866792,58.169934536913516,6676.7540031023655
2104,6381.293265344094,15.266251830966732,42.33822405760055,6423.631489401694,58.169388444817386,6676.66832913665
2105,6381.225401839049,15.266089478083849,42.32283094990323,6423.548232788952,58.16884306532081,6676.582700123097
2106,6381.157531693621,15.265927109314884,42.307486193387575,6423.465017887009,58.1682983970903,6676.4971159143515
2107,6381.089654855916,15.265764724535684,42.292189699016504,6423.381844554932,58.1677544387958,6676.411576363694
2108,6381.021771274837,15.265602323624012,42.27694137794606,6423.298712652783,58.16721118911103,6676.326081325416
2109,6380.953880898568,15.265439906455905,42.26174114152439,6423.215622040092,58.16666864671335,6676.240630653295
2110,6380.885983676416,15.265277472910086,42.246588901290934,6423.132572577707,58.16612681028361,6676.155224202441
2111,6380.8180795569915,15.265115022863617,42.23148456897551,6423.049564125967,58.165585678506346,6676.069861827469
2112,6380.75016848991,15.264952556195956,42.216428056497406,6422.966596546407,58.16504525006961,6675.98454338421
2113,6380.682250424514,15.264790072785917,42.20141927596454,6422.883669700478,58.16450552366511,6675.899268728422
2114,6380.614325310318,15.264627572512723,42.186458139672624,6422.800783449991,58.163966497987985,6675.814037716239
2115,6380.546393097554,15.264465055257306,42.17154456010431,6422.717937657658,58.16342817173704,6675.728850204714
2116,6380.478453735811,15.264302520899069,42.15667844992833,6422.635132185739,58.16289054361454,6675.643706050462
2117,6380.410507175637,15.264139969319706,42.141859721998706,6422.552366897636,58.16235361232626,6675.558605111255
2118,6380.342553367502,15.263977400400721,42.127088289353935,6422.469641656856,58.16181737658151,6675.473547244986
2119,6380.274592261932,15.263814814023762,42.1123640652162,6422.386956327148,58.16128183509309,6675.388532309803
2120,6380.206623810204,15.263652210072259,42.097686962990565,6422.304310773195,58.16074698657731,6675.303560164806
2121,6380.138647962807,15.263489588427769,42.08305689626427,6422.221704859072,58.1602128297538,6675.218630668501
2122,6380.0706646715325,15.263326948974958,42.06847377880586,6422.139138450339,58.15967936334589,6675.1337436808935
2123,6380.002673887447,15.263164291596762,42.053937524564574,6422.056611412011,58.15914658608013,6675.048899061459
2124,6379.934675562496,15.263001616178219,42.03944804766947,6421.974123610165,58.158614496686646,6674.964096670752
2125,6379.8666696484,15.262838922603827,42.02500526242878,6421.891674910828,58.158083093898924,6674.8793363692885
2126,6379.798656097514,15.262676210759603,42.010609083329165,6421.809265180843,58.15755237645382,6674.794618018417
2127,6379.73063486198,15.262513480531053,41.99625942503502,6421.726894287015,58.15702234309168,6674.709941479464
2128,6379.66260589419,15.262350731804283,41.98195620238778,6421.644562096578,58.15649299255615,6674.625306614197
2129,6379.594569146776,15.262187964465971,41.9676993304052,6421.5622684771815,58.1559643235943,6674.540713284817
2130,6379.52652457297,15.262025178404233,41.95348872428074,6421.4800132972505,58.15543633495652,6674.456161354311
2131,6379.458472125673,15.261862373506396,41.939324299382825,6421.397796425056,58.154909025396556,6674.371650685531
2132,6379.390411757998,15.261699549660282,41.92520597125423,6421.315617729252,58.154382393671526,6674.2871811417235
2133,6379.322343423912,15.26153670675577,41.911133655611465,6421.233477079523,58.15385643854185,6674.20275258718
2134,6379.254267076738,15.261373844681192,41.89710726834407,6421.151374345082,58.15333115877122,6674.118364885737
2135,6379.186182670521,15.261210963326604,41.88312672551409,6421.069309396034,58.15280655312671,6674.034017902136
2136,6379.118090159223,15.261048062581875,41.86919194335533,6420.987282102578,58.152282620378585,6673.9497115012255
2137,6379.049989497313,15.260885142338068,41.85530283827284,6420.905292335586,58.151759359300456,6673.865445548543
2138,6378.981880639302,15.260722202486368,41.841459326842326,6420.823339966145,58.15123676866921,6673.781219909856
2139,6378.9137635398565,15.260559242918317,41.82766132580946,6420.741424865666,58.150714847264936,6673.697034451268
2140,6378.845638153883,15.260396263526035,41.81390875208944,6420.659546905972,58.15019359387097,6673.612889039311
2141,6378.777504436611,15.260233264202418,41.800201522766315,6420.577705959377,58.14967300727395,6673.528783541019
2142,6378.709362343097,15.260070244839946,41.78653955509246,6420.49590189819,58.14915308626366,6673.444717823437
2143,6378.641211828905,15.25990720533231,41.77292276648803,6420.414134595393,58.14863382963308,6673.360691754297
2144,6378.573052850043,15.259744145574265,41.75935107454041,6420.332403924583,58.148115236178455,6673.276705201959
2145,6378.504885362246,15.259581065459917,41.7458243970037,6420.25070975925,58.147597304699175,6673.192758034691
2146,6378.436709321537,15.25941796488406,41.73234265179815,6420.169051973335,58.14708003399784,6673.108850121225
2147,6378.3685246843925,15.259254843742566,41.71890575700965,6420.087430441402,58.14656342288015,6673.02498133093
2148,6378.300331407345,15.259091701931448,41.70551363088934,6420.005845038234,58.14604747015498,6672.941151533408
2149,6378.232129446884,15.258928539346613,41.69216619185289,6419.924295638737,58.14553217463441,6672.857360598397
2150,6378.163918760165,15.258765355885561,41.67886335848018,6419.842782118645,58.14501753513359,6672.773608396476
2151,6378.095699304427,15.258602151445999,41.66560504951477,6419.761304353942,58.14450355047075,6672.68989479849
2152,6378.027471036461,15.258438925924548,41.65239118386337,6419.679862220324,58.14399021946733,6672.606219675007
2153,6377.959233914442,15.258275679221153,41.63922168059548,6419.598455595037,58.14347754094779,6672.52258289816
2154,6377.890987895733,15.25811241123381,41.62609645894284,6419.517084354676,58.14296551373968,6672.438984339444
2155,6377.8227329383635,15.257949121862113,41.613015438299,6419.435748376663,58.1424541366737,6672.355423871193
2156,6377.754469000294,15.257785811005489,41.59997853821889,6419.354447538513,58.1419434085835,6672.271901365852
2157,6377.686196040255,15.257622478565203,41.5869856784184,6419.273181718673,58.14143332830587,6672.188416696804
2158,6377.617914016266,15.257459124440826,41.574036778773895,6419.19195079504,58.140923894680654,6672.104969736901
2159,6377.5496228871925,15.257295748533954,41.56113175932181,6419.110754646515,58.14041510655059,6672.02156036001
2160,6377.481322612277,15.257132350747074,41.548270540258294,6419.029593152535,58.13990696276166,6671.938188440548
2161,6377.4130131502025,15.256968930981346,41.53545304193874,6418.9484661921415,58.139399462162686,6671.854853852549
2162,6377.344694460692,15.256805489140412,41.522679184877376,6418.867373645569,58.13889260360549,6671.7715564712535
2163,6377.276366502925,15.256642025126615,41.50994888974693,6418.786315392672,58.13838638594501,6671.688296171533
2164,6377.208029236935,15.256478538844341,41.497262077378174,6418.7052913143125,58.13788080803904,6671.605072829282
2165,6377.1396826224955,15.256315030197358,41.48461866875962,6418.6243012912555,58.137375868748435,6671.521886320311
2166,6377.071326619844,15.256151499090535,41.472018585037105,6418.543345204881,58.136871566936904,6671.438736521057
2167,6377.002961188917,15.25598794542803,41.459461747513366,6418.46242293643,58.13636790147123,6671.35562330783
2168,6376.9345862906575,15.255824369116405,41.44694807764779,6418.381534368305,58.135864871221024,6671.272546558117
2169,6376.8662018855675,15.255660770061166,41.43447749705601,6418.3006793826235,58.135362475058876,6671.18950614913
2170,6376.797807934765,15.255497148169294,41.42204992750949,6418.219857862275,58.13486071186034,6671.106501958867
2171,6376.729404399102,15.255333503347135,41.40966529093536,6418.139069690038,58.134359580503734,6671.023533865229
2172,6376.660991239868,15.255169835502077,41.39732350941583,6418.058314749283,58.13385907987042,6670.94060174672
2173,6376.592568419018,15.255006144543104,41.38502450518813,6417.977592924206,58.13335920884458,6670.85770548268
2174,6376.524135897751,15.254842430377394,41.37276820064397,6417.896904098395,58.13285996631332,6670.774844951858
2175,6376.455693638085,15.254678692914078,41.360554518329366,6417.816248156414,58.1323613511665,6670.692020033988
2176,6376.387241602433,15.254514932063238,41.34838338094426,6417.735624983377,58.13186336229702,6670.60923060937
2177,6376.318779752692,15.254351147733711,41.3362547113422,6417.655034464034,58.131365998600415,6670.526476557945
2178,6376.250308051711,15.254187339836628,41.32416843253008,6417.574476484241,58.13086925897523,6670.443757760783
2179,6376.181826461899,15.254023508282055,41.31212446766785,6417.493950929566,58.13037314232276,6670.3610740986705
2180,6376.113334946165,15.253859652981257,41.30012274006819,6417.413457686233,58.129877647547076,6670.278425453063
2181,6376.044833467773,15.253695773846347,41.28816317319625,6417.332996640969,58.12938277355521,6670.195811705934
2182,6375.976321990118,15.253531870789756,41.2762456906694,6417.252567680787,58.12888851925679,6670.113232739554
2183,6375.90780047624,15.253367943723061,41.26437021625689,6417.172170692496,58.1283948835644,6670.030688436002
2184,6375.83926889008,15.253203992560001,41.252536673879604,6417.0918055639595,58.127901865393326,6669.948178678421
2185,6375.770727195535,15.253040017214198,41.240744987609844,6417.011472183145,58.1274094636616,6669.865703350073
2186,6375.702175356781,15.252876017599954,41.22899508167102,6416.931170438452,58.12691767729007,6669.783262334664
2187,6375.633613337653,15.252711993630747,41.21728688043742,6416.85090021809,58.126426505202325,6669.70085551572
2188,6375.565041102896,15.25254794522224,41.20562030843395,6416.77066141133,58.12593594632463,6669.6184827778425
2189,6375.496458617408,15.25238387229045,41.193995290335934,6416.690453907744,58.12544599958605,6669.536144005943
2190,6375.427865845484,15.252219774749962,41.1824117509688,6416.610277596453,58.1249566639184,6669.453839084497
2191,6375.359262752689,15.252055652518393,41.17086961530789,6416.530132367997,58.12446793825613,6669.371567899411
2192,6375.290649303912,15.25189150551175,41.15936880847828,6416.45001811239,58.123979821536366,6669.289330336073
2193,6375.22202546474,15.251727333647704,41.14790925575441,6416.369934720495,58.12349231269906,6669.207126280736
2194,6375.153391200828,15.251563136844087,41.13649088256005,6416.289882083388,58.123005410686716,6669.124955619875
2195,6375.0847464778435,15.251398915018765,41.125113614467935,6416.209860092312,58.1225191144446,6669.042818240146
2196,6375.016091261927,15.251234668090733,41.113777377199625,6416.1298686391265,58.122033422920566,6668.960714028831
2197,6374.947425519196,15.251070395978939,41.10248209662528,6416.049907615821,58.12154833506523,6668.878642873355
2198,6374.878749216256,15.250906098603485,41.09122769876347,6415.96997691502,58.12106384983173,6668.7966046617885
2199,6374.810062319372,15.250741775883666,41.08001410978096,6415.890076429153,58.12057996617596,6668.714599282019
2200,6374.741364795579,15.25057742774062,41.06884125599252,6415.810206051571,58.120096683056374,6668.632626622866
2201,6374.672656611905,15.250413054095466,41.0577090638607,6415.730365675766,58.11961399943402,6668.550686573304
2202,6374.6039377354,15.250248654869377,41.04661745999572,6415.650555195396,58.11913191427263,6668.468779022482
2203,6374.535208133482,15.250084229984408,41.03556637115523,6415.5707745046375,58.11865042653855,6668.386903860081
2204,6374.4664677734745,15.24991977936238,41.02455572424411,6415.491023497719,58.11816953520059,6668.305060975841
2205,6374.397716623492,15.249755302927014,41.01358544631439,6415.411302069806,58.11768923923027,6668.2232502604575
2206,6374.328954651211,15.249590800600982,41.002655464564945,6415.331610115775,58.11720953760168,6668.141471604343
2207,6374.260181824823,15.24942627230819,40.99176570634144,6415.251947531165,58.116730429291394,6668.059724898582
2208,6374.191398112916,15.249261717973484,40.98091609913609,6415.172314212053,58.1162519132786,6667.978010034814
2209,6374.122603483736,15.2490971375209,40.970106570587525,6415.092710054324,58.115773988545044,6667.896326904495
2210,6374.053797905776,15.248932530875063,40.95933704848065,6415.013134954257,58.11529665407499,6667.814675399483
2211,6373.984981348469,15.248767897962844,40.94860746074647,6414.9335888092155,58.11481990885524,6667.733055412736
2212,6373.91615378061,15.248603238709594,40.93791773546193,6414.8540715160725,58.11434375187511,6667.651466836729
2213,6373.847315171534,15.248438553041948,40.92726780084975,6414.774582972384,58.11386818212645,6667.569909564634
2214,6373.778465490529,15.248273840886434,40.91665758527835,6414.695123075808,58.113393198603596,6667.488383489734
2215,6373.709604707575,15.248109102171231,40.90608701726164,6414.615691724836,58.11291880030342,6667.406888506156
2216,6373.640732792181,15.247944336823398,40.89555602545887,6414.53628881764,58.11244498622521,6667.32542450772
2217,6373.571849714522,15.247779544771584,40.885064538674584,6414.456914253196,58.11197175537086,6667.243991389059
2218,6373.5029554449775,15.247614725944922,40.874612485858364,6414.3775679308355,58.11149910674456,6667.162589045174
2219,6373.434049953923,15.247449880272542,40.86419979610479,6414.298249750028,58.11102703935312,6667.081217371214
2220,6373.36513321171,15.247285007683516,40.853826398653254,6414.218959610363,58.11055555220575,6666.999876262457
2221,6373.296205189366,15.247120108108533,40.843492222887896,6414.1396974122545,58.110084644314036,6666.91856561502
2222,6373.227265857864,15.246955181478144,40.833197198337395,6414.060463056201,58.109614314692195,6666.837285325112
2223,6373.158315188179,15.246790227722915,40.82294125467495,6413.981256442854,58.10914456235667,6666.756035289105
2224,6373.089353151921,15.246625246774931,40.81272432171807,6413.902077473639,58.108675386326404,6666.674815404159
2225,6373.020379720454,15.24646023856568,40.80254632942854,6413.822926049883,58.10820678562282,6666.593625567342
2226,6372.951394865635,15.246295203027834,40.79240720791219,6413.743802073547,58.10773875926961,6666.51246567637
2227,6372.882398559137,15.24613014009363,40.782306887418954,6413.664705446556,58.107271306292986,6666.43133562893
2228,6372.813390773421,15.24596504969718,40.7722452983426,6413.5856360717635,58.10680442572153,6666.350235323652
2229,6372.744371480298,15.245799931771046,40.76222237122067,6413.506593851518,58.106338116586144,6666.269164658668
2230,6372.675340652813,15.245634786250749,40.75223803673447,6413.427578689548,58.10587237792018,6666.1881235335
2231,6372.606298263331,15.24546961307017,40.74229222570884,6413.34859048904,58.10540720875928,6666.107111847144
2232,6372.537244284724,15.24530441216441,40.73238486911208,6413.269629153836,58.10494260814154,6666.0261294992515
2233,6372.468178689973,15.245139183468835,40.722515898055974,6413.190694588029,58.104478575107294,6665.945176389746
2234,6372.399101452382,15.244973926919574,40.71268524379551,6413.111786696178,58.10401510869932,6665.86425241902
2235,6372.330012545226,15.244808642452695,40.702892837728925,6413.032905382955,58.10355220796269,6665.783357487592
2236,6372.26091194234,15.244643330005598,40.69313861139751,6412.954050553737,58.103089871944796,6665.702491496697
2237,6372.191799617169,15.244477989514758,40.68342249648566,6412.875222113655,58.10262809969535,6665.621654347329
2238,6372.122675543982,15.244312620918617,40.67374442482063,6412.796419968803,58.102166890266396,6665.540845941462
2239,6372.053539696599,15.244147224154542,40.664104328372545,6412.717644024971,58.10170624271226,6665.46006618077
2240,6371.984392049647,15.243981799161835,40.65450213925429,6412.638894188901,58.1012461560896,6665.37931496789
2241,6371.915232577301,15.243816345878711,40.644937789721425,6412.560170367023,58.10078662945733,6665.298592205162
2242,6371.846061254537,15.243650864245303,40.63541121217213,6412.4814724667085,58.10032766187661,6665.217897795872
2243,6371.776878056395,15.243485354201901,40.625922339147024,6412.402800395542,58.09986925241099,6665.13723164353
2244,6371.7076829573925,15.243319815687542,40.61647110332926,6412.324154060721,58.09941140012616,6665.05659365127
2245,6371.638475933037,15.243154248643629,40.60705743754429,6412.245533370581,58.09895410409018,6664.975983723373
2246,6371.569256958748,15.24298865301136,40.5976812747599,6412.166938233508,58.09849736337325,6664.895401764181
2247,6371.500026010259,15.242823028732676,40.58834254808605,6412.088368558345,58.0980411770479,6664.814847678504
2248,6371.430783062902,15.24265737574857,40.57904119077486,6412.009824253677,58.09758554418887,6664.734321370898
2249,6371.361528093396,15.242491694003341,40.56977713622055,6411.931305229617,58.097130463873135,6664.653822747465
2250,6371.292261076965,15.242325983437714,40.5605503179593,6411.852811394924,58.09667593517987,6664.5733517129565
2251,6371.222981990853,15.242160243997256,40.551360669669236,6411.774342660523,58.09622195719048,6664.492908174301
2252,6371.153690810826,15.241994475623986,40.54220812517038,6411.695898935996,58.095768528988614,6664.412492037097
2253,6371.084387513893,15.241828678262902,40.53309261842455,6411.617480132317,58.09531564966006,6664.332103208338
2254,6371.015072076625,15.241662851857955,40.524014083535306,6411.53908616016,58.09486331829278,6664.251741594733
2255,6370.9457444766385,15.241496996355595,40.51497245474789,6411.460716931387,58.09441153397707,6664.171407104187
2256,6370.876404690642,15.2413311117001,40.50596766644915,6411.382372357091,58.09396029580523,6664.091099643844
2257,6370.807052696262,15.241165197837947,40.496999653167514,6411.304052349429,58.09350960287184,6664.0108191219215
2258,6370.737688471024,15.240999254715367,40.48806834957289,6411.225756820597,58.093059454273636,6663.930565446687
2259,6370.6683119926165,15.240833282278986,40.479173690476614,6411.147485683093,58.09260984910941,6663.850338526719
2260,6370.598923239082,15.240667280476274,40.47031561083145,6411.069238849914,58.09216078648023,6663.770138271103
2261,6370.529522188353,15.240501249254434,40.46149404573144,6410.991016234085,58.09171226548927,6663.689964588963
2262,6370.4601088188265,15.240335188561787,40.45270893041195,6410.9128177492385,58.091264285241834,6663.60981739004
2263,6370.390683109038,15.24016909834698,40.44396020024952,6410.8346433092875,58.090816844845364,6663.5296965843645
2264,6370.321245037567,15.240002978558772,40.43524779076189,6410.756492828329,58.09036994340937,6663.44960208216
2265,6370.251794583397,15.239836829146883,40.42657163760788,6410.678366221005,58.089923580045564,6663.369533794203
2266,6370.182331725032,15.239670650059885,40.41793167658742,6410.6002634016195,58.08947775386775,6663.289491630944
2267,6370.112856442066,15.239504441248961,40.409327843641414,6410.522184285707,58.08903246399173,6663.209475504072
2268,6370.043368713689,15.239338202664328,40.40076007485173,6410.444128788541,58.088587709535574,6663.129485325021
2269,6369.973868519541,15.239171934257275,40.392228306441154,6410.366096825982,58.08814348961937,6663.049521005826
2270,6369.9043558392605,15.239005635979092,40.383732474773325,6410.288088314034,58.08769980336521,6662.969582458672
2271,6369.834830652444,15.238839307780966,40.37527251635272,6410.210103168797,58.08725664989733,6662.88966959585
2272,6369.765292939462,15.238672949615937,40.366848367824566,6410.1321413072865,58.08681402834205,6662.809782330574
2273,6369.695742680459,15.238506561436505,40.35845996597483,6410.0542026464345,58.08637193782774,6662.7299205759855
2274,6369.626179855895,15.238340143195922,40.350107247730136,6409.9762871036255,58.08593037748485,6662.650084245684
2275,6369.5566044458465,15.238173694846523,40.34179015015778,6409.898394596004,58.08548934644581,6662.5702732530435
2276,6369.487016431651,15.238007216343663,40.333508610465586,6409.820525042116,58.085048843845136,6662.490487512842
2277,6369.41741579424,15.237840707641721,40.325262566001996,6409.742678360241,58.08460886881937,6662.410726939605
2278,6369.3478025140885,15.237674168693992,40.31705195425588,6409.664854468344,58.084169420507166,6662.33099144755
2279,6369.2781765729105,15.237507599456723,40.30887671285662,6409.587053285767,58.083730498049036,6662.2512809522805
2280,6369.208537951924,15.237340999884985,40.30073677957398,6409.5092747314975,58.083292100587656,6662.171595369054
2281,6369.138886632969,15.237174369935332,40.2926320923181,6409.431518725287,58.08285422726766,6662.091934613901
2282,6369.069222597468,15.23700770956332,40.284562589139476,6409.353785186608,58.08241687723571,6662.012298602583
2283,6368.9995458275425,15.236841018726178,40.27652820822887,6409.276074035772,58.081980049640414,6661.932687251708
2284,6368.929856305326,15.236674297381164,40.268528887917306,6409.198385193244,58.081543743632395,6661.853100478044
2285,6368.860154012955,15.236507545485537,40.26056456667601,6409.120718579631,58.0811079583643,6661.773538198516
2286,6368.790438933189,15.23634076299806,40.252635183116396,6409.043074116305,58.080672692990696,6661.694000330815
2287,6368.720711048321,15.236173949876367,40.24474067599,6408.965451724312,58.08023794666821,6661.6144867923185
2288,6368.6509703411375,15.236007106079276,40.23688098418842,6408.887851325326,58.0798037185553,6661.534997501041
2289,6368.5812167947915,15.235840231566486,40.229056046743366,6408.810272841535,58.07937000781253,6661.455532375519
2290,6368.511450391994,15.235673326296636,40.22126580282652,6408.732716194821,58.078936813602354,6661.376091333991
2291,6368.441671116501,15.235506390230864,40.21351019174958,6408.655181308251,58.078504135089176,6661.296674295889
2292,6368.371878951703,15.235339423329433,40.20578915296413,6408.577668104667,58.07807197143927,6661.2172811804285
2293,6368.302073880997,15.235172425552625,40.1981026260617,6408.500176507059,58.077640321821015,6661.137911906981
2294,6368.232255888359,15.235005396862103,40.19045055077363,6408.4227064391325,58.07720918540458,6661.058566395643
2295,6368.162424957505,15.234838337218912,40.182832866971125,6408.345257824476,58.076778561362104,6660.979244566401
2296,6368.092581072935,15.234671246585968,40.17524951466518,6408.2678305876,58.07634844886767,6660.899946340174
2297,6368.022724218501,15.234504124924644,40.16770043400651,6408.190424652507,58.07591884709726,6660.820671637381
2298,6367.9528543788265,15.23433697219815,40.16018556528559,6408.113039944112,58.07548975522869,6660.741420379357
2299,6367.882971538751,15.234169788370219,40.152704848932515,6408.035676387683,58.07506117244182,6660.662192487805
2300,6367.813075682725,15.234002573403648,40.145258225517054,6407.958333908242,58.07463309791828,6660.582987884187
2301,6367.743166795915,15.233835327262955,40.13784563574859,6407.881012431664,58.074205530841624,6660.503806490825
2302,6367.673244863484,15.233668049912641,40.13046702047606,6407.80371188396,58.073778470397336,6660.424648230189
2303,6367.603309870422,15.2335007413168,40.12312232068791,6407.72643219111,58.07335191577275,6660.345513024721
2304,6367.533361802394,15.233333401441135,40.11581147751212,6407.649173279906,58.072925866157014,6660.266400797689
2305,6367.463400644983,15.233166030251157,40.108534432216075,6407.5719350772,58.07250032074122,6660.187311472424
2306,6367.39342638378,15.232998627712393,40.10129112620665,6407.494717509987,58.07207527871833,6660.108244972412
2307,6367.323439004812,15.232831193791416,40.09408150103005,6407.417520505842,58.07165073928305,6660.029201221723
2308,6367.253438494305,15.232663728455273,40.08690549837184,6407.340343992677,58.07122670163206,6659.950180144777
2309,6367.1834248384785,15.232496231671002,40.07976306005693,6407.263187898536,58.07080316496384,6659.871181666129
2310,6367.113398023621,15.232328703405791,40.072654128049464,6407.18605215167,58.07038012847869,6659.7922057105525
2311,6367.043358036232,15.23216114362735,40.065578644452835,6407.1089366806855,58.06995759137871,6659.7132522031825
2312,6366.97330486331,15.23199355230457,40.05853655150964,6407.03184141482,58.06953555286793,6659.634321069795
2313,6366.903238491648,15.231825929405856,40.05152779160164,6406.95476628325,58.06911401215211,6659.555412236112
2314,6366.833158908055,15.231658274899655,40.04455230724975,6406.877711215305,58.06869296843889,6659.476525628014
2315,6366.763066100104,15.23149058875623,40.037610041113965,6406.800676141218,58.06827242093767,6659.3976611722965
2316,6366.6929600550575,15.231322870945114,40.03070093599332,6406.723660991051,58.067852368859675,6659.31881879559
2317,6366.62284076039,15.231155121436341,40.02382493482587,6406.646665695216,58.06743281141789,6659.239998424884
2318,6366.552708203661,15.230987340200144,40.01698198068867,6406.569690184349,58.06701374782722,6659.161199987398
2319,6366.482562373133,15.230819527208453,40.01017201679773,6406.492734389931,58.066595177304166,6659.082423411204
2320,6366.412403256525,15.230651682431878,40.00339498650793,6406.415798243033,58.06617709906717,6659.0036686239755
2321,6366.342230841957,15.230483805842002,39.99665083331304,6406.3388816752695,58.06575951233643,6658.924935553933
2322,6366.272045117909,15.230315897411266,39.98993950084572,6406.261984618755,58.06534241633379,6658.8462241298075
2323,6366.2018460727895,15.230147957111937,39.983260932877336,6406.185107005667,58.06492581028306,6658.767534280399
2324,6366.131633695167,15.229979984916667,39.97661507331809,6406.108248768485,58.06450969340963,6658.688865934817
2325,6366.061407973853,15.229811980798692,39.970001866216826,6406.03140984007,58.06409406494075,6658.610219022563
2326,6365.991168897962,15.229643944731967,39.963421255761126,6405.954590153723,58.06367892410539,6658.531593473582
2327,6365.9209164565855,15.229475876690396,39.9568731862772,6405.877789642863,58.06326427013427,6658.452989217947
2328,6365.850650638808,15.229307776647865,39.95035760222986,6405.801008241037,58.06285010225987,6658.374406185868
2329,6365.780371434102,15.22913964457919,39.94387444822246,6405.724245882324,58.06243641971637,6658.29584430809
2330,6365.710078831999,15.228971480459329,39.93742366899694,6405.647502500997,58.062023221739686,6658.217303515565
2331,6365.639772822628,15.22880328426466,39.931005209433685,6405.570778032062,58.06161050756751,6658.138783739981
2332,6365.569453395151,15.22863505596926,39.924619014551524,6405.494072409702,58.06119827643915,6658.060284912212
2333,6365.499120540132,15.228466795550554,39.91826502950773,6405.41738556964,58.06078652759574,6657.981806964682
2334,6365.428774247761,15.228298502985075,39.911943199597886,6405.340717447359,58.060375260280054,6657.903349829577
2335,6365.358414508213,15.228130178249314,39.90565347025597,6405.264067978469,58.059964473736656,6657.824913439224
2336,6365.288041311755,15.227961821319987,39.899395787054196,6405.187437098809,58.059554167211644,6657.74649772618
2337,6365.217654649389,15.227793432175572,39.89317009570304,6405.110824745092,58.05914433995302,6657.6681026238875
2338,6365.147254511834,15.227625010793862,39.88697634205118,6405.034230853885,58.058734991210315,6657.58972806565
2339,6365.076840889982,15.227456557153067,39.88081447208547,6404.957655362067,58.05832612023482,6657.5113739850885
2340,6365.006413774845,15.227288071231687,39.87468443193083,6404.881098206776,58.05791772627947,6657.433040316092
2341,6364.9359731579025,15.227119553009336,39.86858616785037,6404.804559325753,58.057509808598915,6657.354726993158
2342,6364.865519030205,15.226951002464606,39.86251962624512,6404.728038656451,58.05710236644943,6657.276433950506
2343,6364.795051383597,15.226782419577983,39.8564847536542,6404.651536137251,58.05669539908898,6657.198161123289
2344,6364.724570209847,15.226613804329778,39.85048149675462,6404.575051706602,58.05628890577721,6657.119908446733
2345,6364.654075500429,15.22644515669959,39.8445098023613,6404.49858530279,58.0558828857754,6657.041675855913
2346,6364.583567247708,15.226276476669158,39.83856961742707,6404.422136865135,58.05547733834642,6656.963463286942
2347,6364.513045443598,15.226107764219133,39.83266088904253,6404.3457063326405,58.055072262754955,6656.885270675624
2348,6364.442510080407,15.225939019331118,39.82678356443606,6404.269293644844,58.05466765826715,6656.807097958306
2349,6364.371961150607,15.225770241987098,39.82093759097383,6404.19289874158,58.05426352415087,6656.728945071636
2350,6364.301398647058,15.225601432169995,39.81512291615962,6404.116521563217,58.053859859675576,6656.650811952806
2351,6364.230822561994,15.225432589861228,39.809339487634894,6404.040162049629,58.053456664112424,6656.572698538517
2352,6364.160232888748,15.225263715044852,39.80358725317869,6403.9638201419275,58.053053936734145,6656.494604766721
2353,6364.089629620012,15.225094807703377,39.7978661607076,6403.887495780719,58.05265167681507,6656.416530574865
2354,6364.019012749131,15.224925867820888,39.79217615827572,6403.811188907407,58.052249883631205,6656.338475901202
2355,6363.9483822690745,15.224756895380562,39.78651719407461,6403.734899463149,58.05184855646005,6656.260440683751
2356,6363.877738173885,15.224587890368145,39.78088921643324,6403.658627390318,58.05144769458086,6656.182424861744
2357,6363.807080456965,15.22441885276786,39.775292173817924,6403.5823726307835,58.05104729727438,6656.1044283739275
2358,6363.736409111947,15.224249782564467,39.76972601483226,6403.50613512678,58.050647363822954,6656.02645115941
2359,6363.66572413284,15.224080679743636,39.76419068821718,6403.4299148210575,58.05024789351059,6655.948493157828
2360,6363.595025513448,15.223911544290544,39.75868614285076,6403.353711656298,58.04984888562279,6655.870554308757
2361,6363.524313248034,15.223742376191469,39.753212327748294,6403.2775255757815,58.04945033944672,6655.792634552375
2362,6363.453587331177,15.223573175433438,39.747769192062144,6403.201356523239,58.049052254271075,6655.714733829318
2363,6363.382847757162,15.223403942002781,39.74235668508175,6403.1252044422445,58.04865462938615,6655.636852080074
2364,6363.312094520569,15.223234675886529,39.7369747562336,6403.049069276803,58.04825746408371,6655.558989245566
2365,6363.2413276164125,15.223065377072757,39.7316233550811,6402.972950971493,58.047860757657226,6655.481145267302
2366,6363.17054703913,15.222896045548158,39.726302431324584,6402.896849470454,58.04746450940168,6655.403320086351
2367,6363.09975278395,15.222726681301316,39.72101193480124,6402.820764718751,58.04706871861355,6655.32551364472
2368,6363.0289448462645,15.222557284321207,39.71575181548507,6402.74469666175,58.0466733845909,6655.24772588472
2369,6362.958123221333,15.22238785459649,39.7105220234868,6402.66864524482,58.046278506633385,6655.169956748676
2370,6362.887287904049,15.22221839211495,39.7053225090539,6402.592610413103,58.045884084042115,6655.092206178686
2371,6362.816438890799,15.22204889686794,39.700153222570464,6402.516592113369,58.0454901161198,6655.01447411849
2372,6362.745576176958,15.221879368844396,39.695014114557154,6402.440590291515,58.04509660217066,6654.936760510957
2373,6362.674699758362,15.22170980803436,39.689905135671225,6402.364604894034,58.04470354150046,6654.859065299561
2374,6362.6038096310485,15.221540214428346,39.68482623670634,6402.288635867755,58.04431093341645,6654.781388428117
2375,6362.532905791239,15.221370588017317,39.67977736859265,6402.212683159832,58.04391877722743,6654.703729840771
2376,6362.46198823513,15.221200928792177,39.67475848239661,6402.136746717527,58.043527072243734,6654.626089481787
2377,6362.391056959143,15.221031236744361,39.66976952932107,6402.060826488464,58.04313581777713,6654.548467295795
2378,6362.320111959804,15.22086151186556,39.66481046070504,6401.984922420509,58.042745013141,6654.470863227672
2379,6362.249153234163,15.220691754148715,39.65988122802383,6401.909034462186,58.04235465765015,6654.393277222965
2380,6362.17818077848,15.220521963584881,39.6549817828888,6401.833162561369,58.0419647506209,6654.31570922657
2381,6362.107194590235,15.220352140168027,39.65011207704744,6401.757306667282,58.041575291371075,6654.238159184746
2382,6362.036194666154,15.22018228389032,39.645272062383235,6401.681466728537,58.041186279219986,6654.160627043144
2383,6361.965181003801,15.220012394745936,39.64046169091565,6401.605642694717,58.040797713488416,6654.083112748392
2384,6361.894153600287,15.219842472727958,39.63568091480002,6401.529834515087,58.04040959349868,6654.005616246806
2385,6361.823112453332,15.219672517830938,39.630929686327576,6401.45404213966,58.0400219185745,6653.928137485459
2386,6361.752057560311,15.219502530048592,39.62620795792529,6401.378265518237,58.03963468804116,6653.850676411215
2387,6361.680988919299,15.219332509376313,39.621515682155845,6401.3025046014545,58.03924790122528,6653.773232971785
2388,6361.609906528075,15.219162455808792,39.616852811717585,6401.226759339793,58.038861557455036,6653.695807114722
2389,6361.53881038456,15.218992369341052,39.61221929944444,6401.151029684004,58.03847565606013,6653.618398787866
2390,6361.467700487024,15.218822249968957,39.607615098305885,6401.07531558533,58.038090196371556,6653.541007939546
2391,6361.396576834083,15.218652097689194,39.60304016140682,6400.99961699549,58.037705177721904,6653.463634518581
2392,6361.3254394235255,15.218481912496472,39.59849444198757,6400.923933865513,58.03732059944511,6653.3862784731
2393,6361.254288254549,15.218311694388872,39.593977893423826,6400.848266147972,58.03693646087666,6653.308939752786
2394,6361.18312332555,15.21814144336256,39.58949046922646,6400.772613794777,58.036552761353335,6653.231618306663
2395,6361.11194463516,15.21797115941426,39.58503212304162,6400.696976758202,58.03616950021356,6653.154314084131
2396,6361.040752182718,15.217800842542388,39.58060280865056,6400.621354991369,58.03578667679703,6653.077027035436
2397,6360.969545967355,15.217630492744869,39.57620247996959,6400.5457484473245,58.03540429044488,6652.99975711076
2398,6360.898325988034,15.217460110019221,39.571831091050036,6400.470157079084,58.03502234049974,6652.9225042602575
2399,6360.827092244146,15.217289694363986,39.567488596078164,6400.394580840224,58.0346408263056,6652.845268434653
2400,6360.755844735287,15.217119245778198,39.56317494937508,6400.319019684662,58.034259747207955,6652.768049585016
2401,6360.684583460858,15.216948764260428,39.5588901053967,6400.2434735662555,58.0338791025536,6652.690847662364
2402,6360.613308420667,15.216778249810208,39.55463401873359,6400.167942439401,58.0334988916908,6652.613662618255
2403,6360.542019614906,15.216607702428005,39.55040664411105,6400.092426259017,58.033119113969235,6652.536494404783
2404,6360.470717043084,15.21643712211264,39.54620793638892,6400.016924979473,58.03273976873998,6652.459342973491
2405,6360.39940070561,15.216266508865095,39.54203785056153,6399.941438556171,58.03236085535549,6652.3822082769675
2406,6360.328070602446,15.216095862685277,39.537896341757694,6399.865966944204,58.03198237316963,6652.305090267492
2407,6360.256726734491,15.215925183575338,39.53378336524053,6399.790510099731,58.03160432153762,6652.22798889842
2408,6360.1853691017495,15.215754471535286,39.52969887640745,6399.715067978157,58.03122669981618,6652.150904122357
2409,6360.113997705013,15.215583726567017,39.525642830790076,6399.639640535804,58.030849507363286,6652.073835892834
2410,6360.042612545078,15.215412948672435,39.52161518405421,6399.564227729132,58.03047274353834,6651.996784163523
2411,6359.971213622653,15.215242137853236,39.517615891999625,6399.488829514652,58.03009640770209,6651.919748888156
2412,6359.899800938714,15.215071294111757,39.51364491056015,6399.4134458492745,58.02972049921674,6651.842730020867
2413,6359.828374494754,15.214900417451565,39.50970219580348,6399.3380766905575,58.02934501744581,6651.7657275164465
2414,6359.75693429163,15.214729507874713,39.505787703931134,6399.262721995561,58.028969961754186,6651.6887413291915
2415,6359.685480331033,15.214558565385248,39.5019013912784,6399.187381722312,58.028595331508065,6651.611771414372
2416,6359.6140126140435,15.21438758998575,39.49804321431421,6399.112055828357,58.02822112607511,6651.534817726784
2417,6359.542531142606,15.214216581680876,39.49421312964109,6399.036744272247,58.02784734482427,6651.457880222233
2418,6359.471035918222,15.214045540474215,39.49041109399505,6398.961447012217,58.02747398712583,6651.380958856214
2419,6359.399526942912,15.213874466370603,39.48663706424556,6398.886164007158,58.0271010523515,6651.304053584887
2420,6359.328004218652,15.213703359374765,39.48289099739542,6398.810895216047,58.0267285398742,6651.2271643645
2421,6359.256467747412,15.213532219491416,39.47917285058069,6398.735640597993,58.02635644906835,6651.15029115144
2422,6359.184917531518,15.21336104672612,39.47548258107058,6398.660400112589,58.02598477930957,6651.073433902586
2423,6359.113353573294,15.213189841084436,39.4718201462674,6398.585173719562,58.02561352997493,6650.996592574953
2424,6359.04177587516,15.213018602572154,39.468185503706486,6398.509961378866,58.02524270044273,6650.919767125792
2425,6358.970184439634,15.212847331195297,39.46457861105606,6398.43476305069,58.02487229009263,6650.842957512593
2426,6358.898579269711,15.212676026961033,39.46099942611723,6398.3595786958285,58.02450229830562,6650.766163693458
2427,6358.826960367839,15.212504689875214,39.45744790682379,6398.284408274663,58.02413272446403,6650.689385626082
2428,6358.755327736963,15.21233331994489,39.45392401124223,6398.209251748206,58.02376356795148,6650.612623268795
2429,6358.683681380393,15.212161917177973,39.45042769757163,6398.134109077964,58.02339482815286,6650.535876580429
2430,6358.612021301328,15.211990481582125,39.44695892414348,6398.058980225472,58.02302650445444,6650.459145519849
2431,6358.540347502629,15.211819013164183,39.44351764942173,6397.98386515205,58.02265859624379,6650.382430045711
2432,6358.468659988055,15.211647511933146,39.44010383200258,6397.908763820058,58.02229110290969,6650.305730117715
2433,6358.396958761057,15.211475977897265,39.43671743061447,6397.833676191672,58.02192402384236,6650.229045695386
2434,6358.325243825266,15.211304411065228,39.433358404117925,6397.7586022293835,58.02155735843323,6650.152376738568
2435,6358.253515184287,15.211132811445662,39.43002671150551,6397.683541895793,58.02119110607497,6650.075723207218
2436,6358.181772842297,15.210961179048557,39.42672231190172,6397.608495154198,58.02082526616165,6649.9990850620015
2437,6358.110016802954,15.210789513882666,39.423445164562864,6397.533461967517,58.0204598380886,6649.922462263202
2438,6358.038247070674,15.21061781595855,39.42019522887699,6397.45844229955,58.02009482125234,6649.845854771998
2439,6357.966463649531,15.210446085285959,39.4169724643638,6397.383436113894,58.01973021505076,6649.769262549365
2440,6357.894666543687,15.210274321874849,39.413776830674536,6397.308443374362,58.01936601888303,6649.6926855565025
2441,6357.822855757592,15.210102525735866,39.41060828759187,6397.233464045184,58.019002232149546,6649.616123755034
2442,6357.751031296151,15.209930696880745,39.407466795029855,6397.158498091181,58.01863885425193,6649.539577107177
2443,6357.679193163714,15.20975883531989,39.404352313033726,6397.083545476748,58.01827588459315,6649.463045574728
2444,6357.607341365037,15.209586941064682,39.40126480177993,6397.008606166817,58.01791332257746,6649.386529120029
2445,6357.535475905423,15.209415014127805,39.39820422157592,6396.933680126998,58.01755116761031,6649.310027706103
2446,6357.4635967893155,15.209243054519893,39.39517053286009,6396.8587673221755,58.017189419098344,6649.233541295253
2447,6357.391704022176,15.20907106225401,39.39216369620173,6396.783867718377,58.016828076449585,6649.157069850933
2448,6357.319797609282,15.20889903734278,39.38918367230079,6396.708981281583,58.016467139073214,6649.080613336551
2449,6357.247877555694,15.20872697979831,39.38623042198787,6396.634107977681,58.016106606379786,6649.004171715434
2450,6357.175943866979,15.20855488963392,39.38330390622412,6396.5592477732025,58.015746477780866,6648.927744951549
2451,6357.1039965487635,15.208382766863071,39.38040408610113,6396.484400634865,58.015386752689494,6648.851333009065
2452,6357.0320356066495,15.208210611499162,39.37753092284071,6396.40956652949,58.0150274305198,6648.774935852251
2453,6356.960061046379,15.208038423555932,39.374684377794956,6396.334745424175,58.014668510687216,6648.698553445664
2454,6356.888072873875,15.207866203047548,39.371864412446016,6396.259937286321,58.014309992608396,6648.622185754167
2455,6356.816071095298,15.207693949988752,39.369070988406044,6396.185142083704,58.01395187570117,6648.545832743004
2456,6356.744055716528,15.207521664393608,39.36630406741705,6396.110359783946,58.01359415938462,6648.469494377268
2457,6356.672026743963,15.207349346277423,39.36356361135081,6396.035590355314,58.013236843079056,6648.393170622708
2458,6356.599984183765,15.20717699565494,39.36084958220875,6395.960833765974,58.012879926206054,6648.3168614449705
2459,6356.527928042377,15.207004612541573,39.358161942121825,6395.886089984499,58.01252340818831,6648.240566810118
2460,6356.455858326361,15.206832196953016,39.355500653350404,6395.811358979711,58.01216728844976,6648.164286684468
2461,6356.383775042441,15.206659748905361,39.352865678284175,6395.7366407207255,58.01181156641559,6648.088021034633
2462,6356.311678197451,15.206487268414955,39.350256979442015,6395.661935176893,58.01145624151214,6648.011769827471
2463,6356.239567797946,15.206314755497477,39.34767451947184,6395.587242317418,58.011101313166975,6647.935533029694
2464,6356.167443850922,15.20614221016967,39.345118261150546,6395.512562112072,58.01074678080885,6647.859310608591
2465,6356.095306363609,15.205969632448825,39.34258816738386,6395.437894530993,58.01039264386772,6647.783102531817
2466,6356.02315534318,15.205797022352106,39.34008420120622,6395.3632395443865,58.01003890177472,6647.706908767106
2467,6355.950990797022,15.205624379897182,39.33760632578063,6395.288597122803,58.009685553962214,6647.630729282539
2468,6355.878812732138,15.205451705100808,39.33515450439857,6395.2139672365365,58.00933259986372,6647.554564045944
2469,6355.806621156202,15.205278997981344,39.3327287004799,6395.139349856681,58.008980038913904,6647.478413025957
2470,6355.73441607717,15.205106258557823,39.33032887757265,6395.064744954742,58.008627870548686,6647.402276191629
2471,6355.6621975020425,15.204933486846992,39.32795499935298,6394.990152501396,58.00827609420514,6647.326153511188
2472,6355.589965439062,15.20476068286857,39.325607029625004,6394.915572468687,58.00792470932145,6647.250044954235
2473,6355.517719896215,15.204587846641662,39.323284932320696,6394.841004828535,58.007573715337074,6647.173950490252
2474,6355.445460881074,15.204414978184387,39.32098867149973,6394.766449552573,58.00722311169253,6647.097870088436
2475,6355.373188402219,15.20424207751727,39.31871821134935,6394.691906613569,58.00687289782964,6647.021803719128
2476,6355.300902467442,15.204069144658952,39.316473516184274,6394.6173759836265,58.00652307319124,6646.945751352008
2477,6355.228603085285,15.203896179629867,39.314254550446535,6394.542857635731,58.00617363722142,6646.869712957644
2478,6355.156290264053,15.203723182449886,39.31206127870536,6394.468351542758,58.0058245893654,6646.793688506497
2479,6355.083964012595,15.20355015314018,39.309893665657,6394.393857678252,58.00547592906951,6646.717677969705
2480,6355.011624338924,15.203377091719913,39.307751676124674,6394.319376015049,58.00512765578133,6646.6416813176975
2481,6354.939271252172,15.203203998210938,39.3056352750584,6394.24490652723,58.004779768949504,6646.56569852216
2482,6354.8669047612075,15.203030872634468,39.303544427534796,6394.170449188742,58.004432268023834,6646.489729554646
2483,6354.794524874691,15.202857715011222,39.301479098757035,6394.096003973448,58.00408515245531,6646.413774386629
2484,6354.722131601724,15.202684525362976,39.299439254054626,6394.021570855779,58.003738421696,6646.337832990156
2485,6354.649724951247,15.202511303711116,39.297424858883346,6393.94714981013,58.00339207519916,6646.261905337246
2486,6354.577304932995,15.202338050078934,39.29543587882506,6393.872740811819,58.00304611241911,6646.185991400843
2487,6354.504871555634,15.202164764487163,39.29347227958758,6393.798343835221,58.00270053281145,6646.110091152951
2488,6354.432424828872,15.201991446959024,39.29153402700453,6393.723958855877,58.00235533583268,6646.034204566749
2489,6354.35996476232,15.201818097517512,39.28962108703516,6393.6495858493545,58.002010520940615,6645.958331615446
2490,6354.287491365445,15.201644716185275,39.28773342576429,6393.57522479121,58.00166608759416,6645.882472272244
2491,6354.215004647857,15.201471302985304,39.2858710094021,6393.50087565726,58.00132203525322,6645.806626510611
2492,6354.142504619542,15.201297857941487,39.284033804284,6393.426538423826,58.00097836337897,6645.730794304524
2493,6354.069991290283,15.201124381077232,39.28222177687047,6393.352213067154,58.00063507143365,6645.65497562789
2494,6353.997464669926,15.20095087241609,39.280434893746914,6393.277899563673,58.00029215888051,6645.579170454803
2495,6353.924924768771,15.200777331982707,39.27867312162353,6393.203597890395,57.999949625184065,6645.503378759946
2496,6353.852371597121,15.200603759801727,39.27693642733512,6393.129308024457,57.99960746980982,6645.427600518129
2497,6353.779805164921,15.200430155896939,39.275224777840975,6393.055029942761,57.9992656922245,6645.351835703938
2498,6353.707225482733,15.20025652029362,39.27353814022469,6392.980763622957,57.998924291895754,6645.276084292704
2499,6353.6346325609775,15.200082853016692,39.27187648169405,6392.906509042671,57.99858326829248,6645.200346259743
2500,6353.562026410159,15.199909154091289,39.27023976958081,6392.83226617974,57.99824262088463,6645.124621580589
2501,6353.489407041032,15.199735423543139,39.26862797134059,6392.758035012373,57.997902349143224,6645.048910231146
2502,6353.416774464341,15.199561661397945,39.267041054552685,6392.683815518893,57.997562452540414,6644.973212187444
2503,6353.344128690929,15.199387867681649,39.265478986919966,6392.609607677849,57.99722293054937,6644.897527425739
2504,6353.271469731808,15.199214042420593,39.26394173626862,6392.535411468077,57.99688378264444,6644.82185592258
2505,6353.19879759771,15.199040185640454,39.26242927054807,6392.461226868258,57.996545008300984,6644.746197654367
2506,6353.12611229991,15.198866297368207,39.26094155783079,6392.387053857741,57.996206606995415,6644.6705525981715
2507,6353.053413849719,15.198692377630906,39.2594785663121,6392.312892416031,57.99586857820529,6644.594920731224
2508,6352.980702258395,15.19851842645549,39.25804026431007,6392.238742522704,57.99553092140923,6644.519302030834
2509,6352.907977537379,15.19834444386933,39.25662662026531,6392.164604157645,57.99519363608688,6644.443696474623
2510,6352.835239698156,15.198170429899896,39.25523760274081,6392.090477300897,57.99485672171902,6644.368104040374
2511,6352.762488752151,15.197996384574523,39.25387318042176,6392.016361932572,57.99452017778748,6644.2925247059475
2512,6352.689724711205,15.197822307921543,39.25253332211539,6391.94225803332,57.99418400377505,6644.2169584497415
2513,6352.616947586973,15.197648199968835,39.25121799675078,6391.868165583724,57.99384819916574,6644.141405250095
2514,6352.54415739136,15.19747406074488,39.24992717337873,6391.794084564739,57.993512763444485,6644.065865085722
2515,6352.471354136351,15.197299890278352,39.248660821171555,6391.720014957522,57.99317769609736,6643.9903379355455
2516,6352.398537834095,15.197125688598312,39.2474189094229,6391.645956743518,57.99284299661147,6643.914823778778
2517,6352.325708496584,15.196951455733455,39.2462014075476,6391.571909904132,57.992508664474954,6643.839322594597
2518,6352.252866135868,15.196777191712604,39.245008285081475,6391.49787442095,57.992174699176985,6643.76383436237
2519,6352.18001076459,15.196602896566006,39.243839511681166,6391.423850276272,57.991841100207836,6643.688359062176
2520,6352.107142394934,15.196428570322809,39.242695057123925,6391.349837452059,57.9915078670588,6643.612896673764
2521,6352.034261039376,15.196254213012862,39.241574891307465,6391.275835930684,57.99117499922217,6643.5374471773
2522,6351.961366710615,15.196079824666542,39.24047898424977,6391.2018456948645,57.99084249619129,6643.462010553297
2523,6351.888459421268,15.195905405314038,39.2394073060889,6391.127866727356,57.99051035746061,6643.38658678231
2524,6351.8155391839555,15.195730954985539,39.238359827082824,6391.053899011038,57.9901785825255,6643.311175845024
2525,6351.742606011871,15.19555647371261,39.237336517609236,6390.9799425294805,57.98984717088247,6643.235777722819
2526,6351.6696599175475,15.195381961525234,39.236337348165364,6390.905997265713,57.989516122028945,6643.1603923965395
2527,6351.596700913957,15.195207418454443,39.23536228936771,6390.832063203325,57.98918543546349,6643.085019847591
2528,6351.5237290146215,15.195032844532587,39.23441131195199,6390.758140326573,57.98885511068556,6643.0096600580555
2529,6351.4507442323875,15.1948582397904,39.23348438677285,6390.68422861916,57.98852514719579,6642.934313009462
2530,6351.3777465807625,15.194683604260197,39.23258148480371,6390.610328065566,57.988195544495696,6642.858978684122
2531,6351.304736073111,15.194508937973948,39.23170257713654,6390.536438650247,57.98786630208788,6642.783657064329
2532,6351.231712722603,15.194334240963165,39.230847634981714,6390.462560357585,57.98753741947591,6642.708348132305
2533,6351.158676542917,15.194159513260567,39.23001662966779,6390.388693172586,57.98720889616442,6642.633051870901
2534,6351.085627547773,15.193984754898977,39.229209532641256,6390.314837080414,57.986880731659014,6642.55776826313
2535,6351.012565750836,15.193809965911091,39.22842631546645,6390.240992066302,57.98655292546628,6642.482497292081
2536,6350.9394911657055,15.19363514632944,39.22766694982526,6390.167158115531,57.986225477093896,6642.407238940889
2537,6350.866403806631,15.193460296188112,39.22693140751696,6390.093335214147,57.98589838605041,6642.331993193467
2538,6350.793303687131,15.193285415519451,39.226219660458014,6390.019523347589,57.98557165184545,6642.256760033117
2539,6350.72019082142,15.193110504357465,39.22553168068184,6389.945722502102,57.98524527398965,6642.181539443957
2540,6350.647065223979,15.19293556273679,39.224867440338656,6389.871932664318,57.984919251994604,6642.106331410494
2541,6350.573926908595,15.192760590690419,39.22422691169526,6389.79815382029,57.98459358537293,6642.031135916663
2542,6350.500775889705,15.192585588252884,39.223610067134786,6389.72438595684,57.984268273638165,6641.955952947166
2543,6350.427612181817,15.192410555458892,39.22301687915652,6389.650629060973,57.983943316304945,6641.8807824869
2544,6350.354435799099,15.192235492342341,39.222447320375686,6389.576883119475,57.98361871288872,6641.805624520541
2545,6350.281246756205,15.19206039893829,39.22190136352326,6389.503148119728,57.98329446290609,6641.73047903337
2546,6350.20804506798,15.191885275282248,39.221378981445746,6389.4294240494255,57.98297056587456,6641.65534601098
2547,6350.134830749058,15.19171012140923,39.22088014710491,6389.355710896163,57.982647021312616,6641.580225438873
2548,6350.06160381396,15.191534937353971,39.22040483357766,6389.282008647538,57.98232382873968,6641.505117302555
2549,6349.988364278027,15.191359723153175,39.21995301405575,6389.208317292083,57.98200098767624,6641.430021588474
2550,6349.915112155839,15.19118447884172,39.21952466184561,6389.134636817685,57.981678497643635,6641.354938282434
2551,6349.841847462676,15.191009204456163,39.219119750368094,6389.060967213044,57.9813563581643,6641.279867371059
2552,6349.768570213603,15.190833900032544,39.21873825315829,6388.9873084667615,57.9810345687615,6641.204808840874
2553,6349.695280423675,15.19065856560688,39.21838014386532,6388.91366056754,57.980713128959586,6641.129762678514
2554,6349.621978108567,15.190483201216669,39.218045396252,6388.840023504819,57.98039203828375,6641.054728871353
2555,6349.548663283047,15.190307806897241,39.217733984194794,6388.766397267242,57.98007129626022,6640.979707405973
2556,6349.475335963123,15.190132382686897,39.21744588168344,6388.692781844807,57.9797509024162,6640.904698270317
2557,6349.401996164139,15.189956928622342,39.2171810628208,6388.619177226959,57.97943085627976,6640.829701451777
2558,6349.328643901712,15.189781444740937,39.21693950182262,6388.545583403535,57.97911115738002,6640.754716938138
2559,6349.255279191495,15.189605931080132,39.216721173017326,6388.4720003645125,57.97879180524693,6640.679744717337
2560,6349.181902049233,15.189430387677591,39.21652605084568,6388.3984281000785,57.978472799411506,6640.604784777519
2561,6349.10851249093,15.189254814571601,39.21635410986074,6388.32486660079,57.97815413940562,6640.529837107205
2562,6349.03511053253,15.18907921180031,39.21620532472747,6388.251315857257,57.97783582476212,6640.454901694972
2563,6348.961696189927,15.18890357940174,39.216079670222555,6388.17777586015,57.97751785501483,6640.379978529465
2564,6348.888269479341,15.188727917414692,39.21597712123422,6388.104246600576,57.977200229698425,6640.305067599764
2565,6348.814830416578,15.18855222587698,39.21589765276189,6388.03072806934,57.976882948348575,6640.230168894655
2566,6348.74137901842,15.188376504828756,39.21584123991608,6387.957220258336,57.97656601050192,6640.155282404019
2567,6348.667915300894,15.188200754308358,39.21580785791804,6387.883723158811,57.976249415695904,6640.080408117088
2568,6348.594439280476,15.188024974355205,39.21579748209958,6387.810236762575,57.97593316346902,6640.005546023665
2569,6348.520950973638,15.187849165008704,39.21581008790285,6387.736761061541,57.9756172533606,6639.93069611366
2570,6348.447450397025,15.187673326308673,39.215845650880034,6387.663296047905,57.97530168491101,6639.855858377267
2571,6348.373937567379,15.187497458295164,39.21590414669315,6387.589841714072,57.9749864576614,6639.781032804899
2572,6348.300412501047,15.18732156100729,39.215985551113796,6387.51639805216,57.974671571153934,6639.70621938668
2573,6348.226875215198,15.187145634486118,39.21608984002291,6387.44296505522,57.97435702493165,6639.631418113673
2574,6348.153325726562,15.186969678771678,39.21621698941053,6387.369542715973,57.97404281853855,6639.556628976616
2575,6348.079764052299,15.18679369390502,39.21636697537554,6387.296131027674,57.97372895151945,6639.481851966783
2576,6348.0061902089965,15.18661767992583,39.21653977412541,6387.222729983122,57.97341542342021,6639.407087075
2577,6347.932604214305,15.186441636876328,39.216735361975985,6387.149339576281,57.973102233787486,6639.332334293256
2578,6347.8590060849465,15.186265564796523,39.21695371535115,6387.075959800298,57.97278938216887,6639.257593612732
2579,6347.785395838662,15.186089463728857,39.21719481078271,6387.002590649445,57.972476868112935,6639.182865025736
2580,6347.711773492385,15.18591333371384,39.21745862491001,6386.929232117295,57.97216469116902,6639.10814852388
2581,6347.638139063788,15.18573717479375,39.21774513447977,6386.855884198268,57.97185285088744,6639.033444099628
2582,6347.5644925703855,15.185560987010492,39.218054316345786,6386.782546886731,57.97154134681945,6638.958751745396
2583,6347.490834029317,15.185384770405065,39.218386147468706,6386.7092201767855,57.97123017851709,6638.884071453334
2584,6347.417163458996,15.18520852502152,39.21874060491573,6386.635904063912,57.97091934553338,6638.809403216982
2585,6347.343480876641,15.185032250901054,39.21911766586037,6386.562598542501,57.9706088474222,6638.734747028788
2586,6347.26978630005,15.184855948086245,39.21951730758223,6386.489303607633,57.97029868373829,6638.660102881894
2587,6347.196079747451,15.184679616620697,39.219939507466684,6386.416019254918,57.969988854037354,6638.58547076998
2588,6347.122361236459,15.184503256546554,39.22038424300468,6386.342745479464,57.96967935787593,6638.510850686224
2589,6347.048630785246,15.184326867907288,39.22085149179243,6386.269482277038,57.96937019481138,6638.436242624468
2590,6346.974888411728,15.184150450745761,39.22134123153113,6386.196229643259,57.96906136440211,6638.361646578409
2591,6346.901134134415,15.183974005106256,39.221853440026734,6386.122987574441,57.96875286620718,6638.287062542442
2592,6346.827367971306,15.183797531031832,39.22238809518976,6386.049756066495,57.968444699786694,6638.2124905105675
2593,6346.753589941002,15.183621028566991,39.22294517503485,6385.976535116037,57.96813686470161,6638.137930477489
2594,6346.679800061687,15.183444497755232,39.223524657680656,6385.903324719368,57.96782936051375,6638.063382437603
2595,6346.60599835195,15.183267938641029,39.22412652134946,6385.8301248733,57.9675221867857,6637.988846385817
2596,6346.532184830277,15.183091351268606,39.224750744367,6385.756935574645,57.96721534308105,6637.914322317047
2597,6346.458359515347,15.18291473568265,39.22539730516214,6385.683756820509,57.9669088289642,6637.839810226504
2598,6346.3845224258675,15.182738091927913,39.22606618226665,6385.610588608134,57.96660264400039,6637.765310109536
2599,6346.310673580538,15.182561420049133,39.22675735431483,6385.537430934853,57.96629678775577,6637.69082196159
2600,6346.23681299846,15.182384720092008,39.22747080004338,6385.464283798503,57.96599125979732,6637.6163457786215
2601,6346.162940698436,15.182207992101521,39.22820649829106,6385.391147196727,57.96568605969284,6637.541881556391
2602,6346.089056699347,15.182031236122839,39.22896442799835,6385.318021127345,57.96538118701114,6637.467429290843
2603,6346.015161020291,15.181854452201653,39.22974456820729,6385.244905588498,57.96507664132163,6637.392988978248
2604,6345.941253680556,15.181677640384105,39.2305468980611,6385.171800578617,57.96477242219481,6637.318560615165
2605,6345.867334699355,15.18150080071616,39.231371396804,6385.098706096159,57.96446852920188,6637.244144198187
2606,6345.793404095919,15.181323933243826,39.23221804378083,6385.025622139699,57.96416496191494,6637.16973972403
2607,6345.719461889482,15.181147038013114,39.233086818436895,6384.952548707919,57.96386171990693,6637.0953471895145
2608,6345.645508099928,15.180970115071597,39.23397770031754,6384.879485800245,57.96355880275166,6637.020966592215
2609,6345.571542746438,15.180793164465163,39.23489066906798,6384.806433415506,57.96325621002371,6636.946597929109
2610,6345.497565848595,15.180616186240657,39.235825704433,6384.733391553028,57.962953941298544,6636.872241197677
2611,6345.423577426127,15.18043918044528,39.23678278625657,6384.660360212383,57.96265199615247,6636.797896395647
2612,6345.349577498685,15.18026214712604,39.237761894481736,6384.587339393167,57.962350374162654,6636.723563520774
2613,6345.275566086216,15.18008508633066,39.238763009150155,6384.514329095366,57.96204907490698,6636.649242571211
2614,6345.2015432087155,15.179907998106975,39.239786110401965,6384.441329319117,57.961748097964275,6636.574933545262
2615,6345.127508886098,15.179730882502628,39.24083117847539,6384.368340064574,57.96144744291419,6636.500636441251
2616,6345.053463138133,15.179553739564913,39.241898193706525,6384.29536133184,57.961147109337155,6636.426351257456
2617,6344.979405984889,15.17937656934184,39.242987136528996,6384.2223931214185,57.96084709681442,6636.352077992561
2618,6344.905337446939,15.179199371882628,39.24409798747369,6384.149435434412,57.9605474049281,6636.277816645849
2619,6344.831257544236,15.179022147235015,39.24523072716847,6384.076488271405,57.96024803326111,6636.203567216091
2620,6344.7571662971295,15.178844895447678,39.2463853363379,6384.003551633467,57.95994898139713,6636.129329702545
2621,6344.683063726282,15.178667616570053,39.24756179580291,6383.9306255220845,57.95965024892081,6636.05510410489
2622,6344.608949851579,15.178490310649712,39.24876008648054,6383.85770993806,57.95935183541743,6635.980890422125
2623,6344.534824694006,15.178312977736855,39.24998018938363,6383.784804883389,57.95905374047318,6635.906688654448
2624,6344.460688274134,15.178135617880702,39.25122208562054,6383.711910359754,57.95875596367507,6635.832498801741
2625,6344.386540612581,15.177958231130576,39.252485756394854,6383.6390263689755,57.95845850461083,6635.758320864033
2626,6344.312381730019,15.17778081753593,39.25377118300507,6383.566152913025,57.958161362869134,6635.684154841506
2627,6344.23821164725,15.17760337714653,39.25507834684433,6383.493289994094,57.95786453803936,6635.610000734565
2628,6344.164030385195,15.177425910012428,39.25640722940007,6383.420437614594,57.95756802971169,6635.535858543841
2629,6344.089837965126,15.177248416184513,39.2577578122538,6383.34759577738,57.957271837477144,6635.461728270406
2630,6344.015634407611,15.177070895711989,39.25913007708078,6383.274764484692,57.95697596092756,6635.387609914727
2631,6343.941419733882,15.17689334864565,39.2605240056497,6383.201943739532,57.95668039965549,6635.313503478033
2632,6343.867193965105,15.176715775036136,39.26193957982237,6383.129133544927,57.956385153254345,6635.239408961584
2633,6343.792957122638,15.17653817493454,39.2633767815535,6383.056333904191,57.956090221318334,6635.165326366926
2634,6343.7187092278755,15.176360548392047,39.26483559289026,6382.983544820766,57.955795603442404,6635.09125569574
2635,6343.644450302008,15.17618289545935,39.26631599597216,6382.91076629798,57.95550129922233,6635.017196949598
2636,6343.570180366472,15.176005216187733,39.26781797303058,6382.837998339503,57.955207308254685,6634.943150130412
2637,6343.495899442846,15.17582751062882,39.26934150638859,6382.765240949235,57.9549136301368,6634.86911524033
2638,6343.421607552858,15.17564977883459,39.27088657846055,6382.692494131319,57.9546202644668,6634.79509228175
2639,6343.347304717969,15.175472020856384,39.27245317175189,6382.619757889721,57.95432721084358,6634.72108125689
2640,6343.272990960051,15.175294236746534,39.274041268858745,6382.54703222891,57.95403446886684,6634.647082168481
2641,6343.198666300787,15.175116426556908,39.27565085246772,6382.4743171532555,57.953742038136994,6634.573095019151
2642,6343.124330762175,15.174938590340131,39.2772819053555,6382.401612667531,57.95344991825534,6634.4991198119415
2643,6343.04998436612,15.174760728148613,39.2789344103886,6382.3289187765085,57.953158108823835,6634.425156549893
2644,6342.975627134722,15.174582840035221,39.28060835052306,6382.256235485245,57.95286660944528,6634.351205236332
2645,6342.901259089984,15.174404926052592,39.28230370880413,6382.1835627987875,57.95257541972326,6634.2772658745835
2646,6342.82688025375,15.17422698625299,39.284020468365945,6382.110900722116,57.95228453926202,6634.203338467905
2647,6342.75249064888,15.1740490206911,39.28575861243122,6382.038249261311,57.95199396766668,6634.12942302066
2648,6342.678090297363,15.17387102941953,39.28751812431101,6381.965608421674,57.95170370454312,6634.055519536437
2649,6342.603679221153,15.173693012490796,39.289298987404294,6381.892978208557,57.95141374949789,6633.9816280188725
2650,6342.529257443329,15.173514969960117,39.29110118519774,6381.820358628526,57.95112410213841,6633.907748472829
2651,6342.45482498615,15.173336901880742,39.29292470126538,6381.747749687415,57.95083476207279,6633.833880902432
2652,6342.380381872104,15.17315880830647,39.29476951926829,6381.675151391372,57.9505457289099,6633.76002531213
2653,6342.305928123865,15.172980689291542,39.296635622954305,6381.602563746819,57.95025700225939,6633.686181706647
2654,6342.231463764201,15.172802544890434,39.29852299615768,6381.529986760359,57.94996858173163,6633.612350090892
2655,6342.156988815782,15.172624375157373,39.30043162279879,6381.457420438581,57.9496804669378,6633.53853046976
2656,6342.08250330152,15.172446180147176,39.30236148688383,6381.384864788403,57.94939265748977,6633.464722848484
2657,6342.008007244585,15.172267959915276,39.30431257250453,6381.31231981709,57.94910515300021,6633.390927232641
2658,6341.933500667494,15.172089714515534,39.306284863837725,6381.239785531331,57.94881795308246,6633.31714362724
2659,6341.858983593655,15.171911444003959,39.30827834514521,6381.1672619388,57.94853105735065,6633.243372038275
2660,6341.784456045924,15.171733148435226,39.31029300077331,6381.094749046698,57.94824446541969,6633.1696124712735
2661,6341.709918047787,15.171554827865519,39.312328815152576,6381.02224686294,57.94795817690517,6633.0958649324775
2662,6341.635369622307,15.171376482350016,39.31438577279758,6380.949755395104,57.9476721914234,6633.022129427796
2663,6341.560810792727,15.171198111944324,39.31646385830643,6380.877274651034,57.94738650859151,6632.948405963407
2664,6341.486241582592,15.171019716704766,39.31856305636062,6380.804804638952,57.94710112802731,6632.874694545871
2665,6341.411662015478,15.170841296687748,39.320683351724604,6380.7323453672025,57.946816049349295,6632.800995181872
2666,6341.337072114675,15.170662851948983,39.322824729245546,6380.65989684392,57.94653127217685,6632.72730787789
2667,6341.262471903912,15.170484382545245,39.32498717385297,6380.587459077765,57.94624679612991,6632.65363264093
2668,6341.187861406805,15.170305888533026,39.32717067055848,6380.515032077363,57.94596262082922,6632.57996947797
2669,6341.113240647192,15.170127369969357,39.32937520445539,6380.442615851647,57.94567874589624,6632.506318396296
2670,6341.038609648866,15.169948826911163,39.33160076071847,6380.370210409585,57.94539517095316,6632.432679403231
2671,6340.963968435625,15.16977025941537,39.333847324603596,6380.297815760229,57.9451118956229,6632.359052506189
2672,6340.889317031322,15.169591667539049,39.33611488144747,6380.22543191277,57.944828919529066,6632.285437712721
2673,6340.81465546025,15.16941305134031,39.33840341666724,6380.153058876917,57.94454624229603,6632.211835030905
2674,6340.739983746122,15.16923441087589,39.34071291576028,6380.080696661882,57.944263863548755,6632.1382444683195
2675,6340.665301913503,15.169055746204553,39.343043364303746,6380.008345277806,57.94398178291318,6632.064666033479
2676,6340.590609986128,15.16887705738308,39.34539474795437,6379.936004734082,57.94370000001565,6631.99109973415
2677,6340.515907988755,15.168698344470707,39.34776705244812,6379.863675041203,57.94341851448343,6631.9175455792065
2678,6340.441195945431,15.168519607524955,39.35016026359983,6379.791356209031,57.943137325944384,6631.844003576889
2679,6340.3664738806165,15.168340846604346,39.352574367303,6379.719048247919,57.942856434027206,6631.770473735937
2680,6340.2917418187735,15.1681620617674,39.355009349529325,6379.646751168303,57.94257583836113,6631.696956065174
2681,6340.216999784714,15.167983253073478,39.35746519632851,6379.574464981042,57.94229553857622,6631.6234505738485
2682,6340.1422478026725,15.167804420580556,39.35994189382788,6379.5021896965,57.942015534303174,6631.549957270719
2683,6340.067485897639,15.167625564348418,39.36243942823209,6379.429925325871,57.941735825173446,6631.476476165376
2684,6339.992714094122,15.167446684435697,39.364957785822824,6379.357671879945,57.94145641081913,6631.403007267008
2685,6339.917932417247,15.167267780902506,39.367496952958454,6379.285429370206,57.941177290873085,6631.329550585504
2686,6339.843140891602,15.16708885380766,39.37005691607373,6379.213197807676,57.940898464968754,6631.25610613029
2687,6339.768339542246,15.166909903211115,39.37263766167944,6379.140977203926,57.94061993274043,6631.182673911347
2688,6339.693528394252,15.166730929172852,39.37523917636218,6379.068767570614,57.94034169382296,6631.109253938744
2689,6339.618707472629,15.1665519317527,39.37786144678388,6378.996568919412,57.94006374785194,6631.035846222569
2690,6339.543876802682,15.1663729110112,39.38050445968167,6378.924381262364,57.939786094463656,6630.962450773281
2691,6339.469036409404,15.166193867008143,39.38316820186739,6378.852204611271,57.939508733295035,6630.889067601104
2692,6339.39418631817,15.166014799804234,39.385852660227464,6378.780038978397,57.93923166398379,6630.815696716726
2693,6339.319326554687,15.165835709460973,39.3885578217224,6378.707884376409,57.938954886168155,6630.742338131241
2694,6339.244457143716,15.165656596037598,39.391283673386596,6378.6357408171025,57.93867839948725,6630.668991854872
2695,6339.169578111332,15.165477459596488,39.394030202327926,6378.56360831366,57.9384022035807,6630.595657899235
2696,6339.09468948279,15.165298300198064,39.39679739572756,6378.491486878518,57.93812629808884,6630.522336275205
2697,6339.019791283775,15.165119117903767,39.3995852408395,6378.419376524615,57.937850682652794,6630.449026994154
2698,6338.944883540121,15.16493991277541,39.40239372499033,6378.347277265111,57.937575356914195,6630.375730067688
2699,6338.869966277336,15.16476068487401,39.405222835578975,6378.275189112915,57.93730032051551,6630.302445507157
2700,6338.7950395213065,15.1645814342615,39.40807256007622,6378.203112081383,57.937025573099724,6630.2291733243665
2701,6338.720103297877,15.164402160999707,39.41094288602453,6378.131046183902,57.936751114310596,6630.155913531153
2702,6338.645157633333,15.164222865151514,39.41383380103765,6378.058991434371,57.93647694379251,6630.082666139869
2703,6338.5702025534465,15.164043546778581,39.41674529280037,6377.986947846247,57.93620306119054,6630.009431162426
2704,6338.495238084202,15.163864205943067,39.41967734906818,6377.914915433271,57.935929466150384,6629.936208611025
2705,6338.420264251976,15.163684842708076,39.4226299576669,6377.8428942096425,57.93565615831848,6629.862998498328
2706,6338.345281082948,15.163505457136239,39.425603106492446,6377.77088418944,57.93538313734179,6629.789800836877
2707,6338.270288603347,15.163326049290303,39.42859678351042,6377.698885386857,57.935110402868105,6629.716615639333
2708,6338.195286839376,15.163146619232958,39.43161097675591,6377.626897816132,57.934837954545706,6629.643442918406
2709,6338.120275817798,15.162967167028224,39.43464567433308,6377.554921492131,57.934565792023655,6629.570282687434
2710,6338.045255564941,15.162787692739093,39.43770086441492,6377.482956429356,57.934293914951596,6629.497134959395
2711,6337.970226107263,15.16260819642886,39.44077653524289,6377.411002642506,57.93402232297987,6629.423999747469
2712,6337.8951874714785,15.162428678161431,39.443872675126634,6377.339060146605,57.93375101575942,6629.350877065159
2713,6337.820139683963,15.162249137999911,39.44698927244361,6377.267128956407,57.933479992941876,6629.277766925704
2714,6337.745082771958,15.162069576009468,39.450126315638855,6377.195209087597,57.93320925417953,6629.204669343278
2715,6337.670016762175,15.161889992254007,39.45328379322466,6377.1233005553995,57.932938799125246,6629.131584331594
2716,6337.594941681273,15.161710386797303,39.456461693780156,6377.051403375053,57.93266862743259,6629.058511904385
2717,6337.519857556472,15.161530759704478,39.45966000595115,6376.979517562423,57.93239873875578,6628.985452076011
2718,6337.444764414517,15.161351111039513,39.46287871844972,6376.907643132967,57.932129132749616,6628.912404860427
2719,6337.369662282642,15.161171440867564,39.4661178200539,6376.835780102696,57.93185980906962,6628.839370272149
2720,6337.294551187854,15.16099174925324,39.469377299607395,6376.763928487461,57.93159076737187,6628.766348325529
2721,6337.219431157503,15.16081203626197,39.47265714601929,6376.692088303523,57.93132200731307,6628.693339035334
2722,6337.144302218934,15.160632301959172,39.47595734826368,6376.6202595671975,57.93105352855065,6628.620342416393
2723,6337.069164398998,15.160452546409084,39.47927789537939,6376.548442294377,57.93078533074263,6628.547358483108
2724,6336.994017725825,15.160272769679008,39.48261877646971,6376.476636502294,57.93051741354762,6628.474387251226
2725,6336.918862226481,15.160092971833686,39.48597998070198,6376.404842207183,57.930249776624876,6628.401428735501
2726,6336.8436979285725,15.159913152939168,39.489361497307385,6376.33305942588,57.9299824196343,6628.328482951289
2727,6336.768524859615,15.159733313061281,39.49276331558054,6376.261288175196,57.92971534223644,6628.255549913924
2728,6336.6933430473255,15.159553452266328,39.4961854248793,6376.189528472205,57.92944854409241,6628.182629639007
2729,6336.618152519601,15.159373570621055,39.49962781462433,6376.117780334225,57.929182024863984,6628.109722142383
2730,6336.542953303848,15.159193668191023,39.50309047429891,6376.046043778147,57.92891578421354,6628.036827439476
2731,6336.467745428493,15.159013745044241,39.506573393448534,6375.974318821942,57.928649821804086,6627.96394554679
2732,6336.392528920942,15.158833801246272,39.51007656168067,6375.902605482623,57.92838413729925,6627.891076479875
2733,6336.317303809496,15.158653836864822,39.513599968664394,6375.83090377816,57.92811873036323,6627.81822025524
2734,6336.242070122065,15.158473851966663,39.51714360413008,6375.759213726195,57.92785360066091,6627.74537688907
2735,6336.1668278865545,15.158293846618552,39.520707457869165,6375.687535344424,57.92758874785777,6627.672546397605
2736,6336.091577131836,15.15811382088956,39.52429151973375,6375.61586865157,57.927324171619816,6627.599728798116
2737,6336.016317885532,15.15793377484577,39.527895779636374,6375.544213665168,57.92705987161378,6627.526924106688
2738,6335.941050176058,15.157753708555163,39.53152022754964,6375.472570403607,57.92679584750692,6627.454132340263
2739,6335.865774032112,15.157573622086392,39.53516485350597,6375.400938885618,57.92653209896718,6627.381353516125
2740,6335.790489481808,15.157393515506719,39.53882964759723,6375.329319129406,57.92626862566296,6627.3085876510395
2741,6335.715196553687,15.157213388884418,39.5425145999745,6375.257711153661,57.92600542726342,6627.235834762257
2742,6335.639895276574,15.157033242288454,39.546219700847715,6375.186114977421,57.925742503438286,6627.163094867378
2743,6335.564585678932,15.15685307578692,39.549944940485375,6375.114530619418,57.92547985385779,6627.090367983699
2744,6335.489267789399,15.156672889448322,39.55369030921422,6375.042958098613,57.92521747819288,6627.017654128752
2745,6335.413941636768,15.15649268334155,39.557455797418996,6374.971397434187,57.924955376114994,6626.944953320287
2746,6335.338607250072,15.156312457536057,39.56124139554204,6374.899848645614,57.924693547296265,6626.872265576352
2747,6335.263264657853,15.156132212100127,39.565047094083084,6374.828311751936,57.924431991409364,6626.799590914567
2748,6335.187913889417,15.155951947103869,39.568872883598914,6374.756786773016,57.92417070812755,6626.726929353371
2749,6335.112554973801,15.155771662616749,39.572718754703004,6374.6852737285035,57.92390969712467,6626.654280910996
2750,6335.037187939701,15.155591358707419,39.576584698065325,6374.6137726377665,57.92364895807518,6626.5816456053935
2751,6334.9618128166,15.155411035446413,39.58047070441194,6374.542283521012,57.92338849065414,6626.509023455357
2752,6334.886429633658,15.155230692903487,39.58437676452478,6374.4708063981825,57.92312829453711,6626.436414479419
2753,6334.811038420069,15.155050331148491,39.5883028692413,6374.3993412893105,57.92286836940035,6626.363818696202
2754,6334.735639205285,15.154869950251879,39.592249009454214,6374.32788821474,57.92260871492063,6626.2912361246445
2755,6334.660232018572,15.154689550283665,39.59621517611112,6374.2564471946835,57.92234933077526,6626.218666783556
2756,6334.584816889757,15.154509131315208,39.60020136021428,6374.185018249972,57.92209021664221,6626.146110692365
2757,6334.509393847731,15.154328693415625,39.604207552820284,6374.1136014005515,57.92183137220005,6626.073567869622
2758,6334.433962922846,15.154148236657527,39.60823374503975,6374.042196667886,57.92157279712778,6626.001038335392
2759,6334.3585241441615,15.153967761110435,39.612279928037054,6373.970804072199,57.921314491105164,6625.9285221085065
2760,6334.283077541672,15.153787266846106,39.61634609302999,6373.8994236347025,57.92105645381237,6625.856019208786
2761,6334.2076231450565,15.153606753935541,39.6204322312895,6373.828055376346,57.92079868493021,6625.783529655792
2762,6334.132160984468,15.15342622245088,39.62453833413936,6373.756699318607,57.920541184140106,6625.711053469617
2763,6334.056691089566,15.153245672463076,39.628664392955905,6373.685355482522,57.92028395112396,6625.6385906699115
2764,6333.981213490358,15.153065104043918,39.63281039916768,6373.614023889525,57.92002698556432,6625.5661412767295
2765,6333.905728216743,15.152884517264935,39.63697634425521,6373.542704560999,57.919770287144225,6625.493705310076
2766,6333.830235299172,15.152703912198977,39.64116221975066,6373.471397518923,57.91951385554733,6625.421282790554
2767,6333.754734767629,15.152523288917774,39.64536801723754,6373.400102784866,57.91925769045787,6625.348873738358
2768,6333.679226652362,15.152342647493688,39.64959372835046,6373.328820380712,57.91900179156055,6625.276478174001
2769,6333.603710983447,15.152161987998676,39.65383934477477,6373.257550328221,57.918746158540706,6625.204096117874
2770,6333.5281877916095,15.151981310506242,39.65810485824629,6373.186292649856,57.91849079108423,6625.131727591072
2771,6333.452657107227,15.15180061508906,39.66239026055102,6373.115047367778,57.918235688877544,6625.059372614395
2772,6333.3771189605395,15.151619901819473,39.666695543524845,6373.043814504064,57.91798085160763,6624.987031208558
2773,6333.3015733824195,15.151439170771338,39.671020699053216,6372.972594081472,57.91772627896203,6624.9147033949575
2774,6333.226020403071,15.151258422016916,39.67536571907091,6372.901386122142,57.91747197062882,6624.842389194378
2775,6333.150460053691,15.15107765563084,39.679730595561715,6372.8301906492525,57.917217926296644,6624.770088628643
2776,6333.074892364384,15.150896871685129,39.68411532055814,6372.759007684942,57.91696414565466,6624.697801718539
2777,6332.99931736649,15.15071607025476,39.688519886141066,6372.687837252631,57.91671062839263,6624.625528486139
2778,6332.923735090732,15.150535251413235,39.69294428443955,6372.616679375172,57.91645737420083,6624.5532689529455
2779,6332.84814556795,15.15035441523433,39.697388507630436,6372.545534075581,57.91620438277005,6624.48102314063
2780,6332.772548829169,15.15017356179227,39.70185254793815,6372.474401377107,57.915951653791645,6624.4087910711005
2781,6332.696944905395,15.149992691161232,39.706336397634345,6372.403281303029,57.91569918695757,6624.336572766294
2782,6332.621333827778,15.149811803415735,39.71084004903767,6372.332173876815,57.915446981960216,6624.264368248342
2783,6332.545715627669,15.149630898630786,39.715363494513426,6372.261079122182,57.91519503849251,6624.192177539625
2784,6332.4700903359335,15.149449976880224,39.71990672647329,6372.189997062407,57.91494335624805,6624.120000662087
2785,6332.394457984259,15.149269038239854,39.72446973737503,6372.1189277216345,57.914691934920846,6624.04783763854
2786,6332.318818603864,15.149088082784363,39.729052519722245,6372.047871123586,57.91444077420543,6623.97568849138
2787,6332.243172225821,15.148907110588087,39.733655066064046,6371.976827291885,57.91418987379698,6623.903553242902
2788,6332.167518882371,15.14872612172816,39.738277368994744,6371.905796251366,57.91393923339108,6623.8314319166175
2789,6332.0918586044545,15.1485451162786,39.74291942115366,6371.834778025608,57.91368885268392,6623.759324534783
2790,6332.016191423878,15.148364094315497,39.74758121522473,6371.763772639102,57.913438731372196,6623.687231120572
2791,6331.940517372261,15.1481830559145,39.75226274393623,6371.692780116197,57.91318886915312,6623.615151697013
2792,6331.864836481467,15.148002001151836,39.756964000060556,6371.621800481527,57.91293926572441,6623.543086287428
2793,6331.78914878314,15.147820930103206,39.761684976413875,6371.550833759554,57.91268992078432,6623.4710349149655
2794,6331.713454309235,15.147639842845061,39.76642566585588,6371.4798799750915,57.91244083403169,6623.39899760313
2795,6331.637753091691,15.147458739453805,39.771186061289434,6371.408939152981,57.91219200516574,6623.326974375452
2796,6331.562045162427,15.147277620005807,39.77596615566041,6371.338011318087,57.91194343388635,6623.254965255493
2797,6331.48633055342,15.14709648457756,39.780765941957284,6371.267096495378,57.911695119893814,6623.182970266916
2798,6331.410609297106,15.146915333246666,39.78558541321094,6371.196194710317,57.911447062889025,6623.110989433884
2799,6331.33488142543,15.146734166089544,39.79042456249428,6371.125305987924,57.91119926257332,6623.039022780117
2800,6331.259146970371,15.146552983182707,39.795283382922065,6371.054430353293,57.91095171864857,6622.967070329415
2801,6331.183405964642,15.146371784604407,39.80016186765053,6370.9835678322925,57.91070443081717,6622.895132106347
2802,6331.107658440254,15.14619057043123,39.80506000987713,6370.912718450131,57.91045739878201,6622.823208134833
2803,6331.031904430089,15.14600934074184,39.80997780284031,6370.841882232929,57.91021062224647,6622.751298439701
2804,6330.956143965989,15.145828095612414,39.814915239819136,6370.771059205808,57.90996410091452,6622.679403044786
2805,6330.88037708116,15.145646835122392,39.81987231413308,6370.700249395293,57.90971783449047,6622.607521975327
2806,6330.804603807659,15.145465559348466,39.82484901914169,6370.629452826801,57.90947182267932,6622.535655255456
2807,6330.728824178448,15.145284268369494,39.82984534824435,6370.558669526692,57.90922606518645,6622.463802910253
2808,6330.653038226013,15.14510296226319,39.834861294879936,6370.487899520894,57.90898056171779,6622.391964964366
2809,6330.577245983421,15.144921641108661,39.839896852526635,6370.417142835948,57.90873531197975,6622.32014144306
2810,6330.501447483446,15.144740304984321,39.84495201470155,6370.346399498148,57.90849031567922,6622.248332371352
2811,6330.4256427587925,15.144558953968403,39.8500267749605,6370.275669533753,57.90824557252362,6622.17653777423
2812,6330.349831842562,15.1443775881401,39.855121126897686,6370.20495296946,57.90800108222088,6622.104757677121
2813,6330.274014767852,15.144196207578593,39.860235064145414,6370.134249831998,57.90775684447936,6622.032992105484
2814,6330.198191567636,15.144014812362766,39.86536858037388,6370.06356014801,57.90751285900798,6621.961241084695
2815,6330.12236227496,15.143833402571675,39.87052166929082,6369.992883944251,57.90726912551607,6621.889504640246
2816,6330.0465269232645,15.143651978285321,39.87569432464124,6369.922221247905,57.90702564371352,6621.817782798059
2817,6329.970685545779,15.143470539583204,39.880886540207165,6369.851572085986,57.90678241331067,6621.746075583887
2818,6329.8948381757245,15.143289086544796,39.88609830980734,6369.780936485532,57.90653943401841,6621.674383023512
2819,6329.81898484672,15.143107619250527,39.89132962729692,6369.710314474017,57.906296705547994,6621.60270514315
2820,6329.743125591678,15.142926137779135,39.89658048656726,6369.639706078246,57.90605422761129,6621.531041968355
2821,6329.667260444838,15.14274464221253,39.90185088154556,6369.569111326383,57.90581199992053,6621.459393526037
2822,6329.59138943916,15.142563132629569,39.90714080619467,6369.498530245354,57.905570022188506,6621.387759841874
2823,6329.515512608768,15.142381609111887,39.91245025451271,6369.427962863281,57.90532829412848,6621.31614094274
2824,6329.439629986782,15.142200071738714,39.91777922053291,6369.357409207315,57.90508681545417,6621.2445368545405
2825,6329.363741607501,15.142018520592107,39.923127698323164,6369.2868693058235,57.90484558587974,6621.1729476044
2826,6329.287847504433,15.14183695575223,39.92849568198595,6369.216343186418,57.90460460511991,6621.10137321869
2827,6329.211947711735,15.1416553773008,39.93388316565791,6369.145830877393,57.90436387288979,6621.029813724464
2828,6329.136042262963,15.141473785318095,39.93929014350959,6369.075332406473,57.904123388905035,6620.958269148209
2829,6329.060131192235,15.14129217988573,39.94471660974522,6369.00484780198,57.90388315288171,6620.8867395170155
2830,6328.984214533857,15.141110561085782,39.95016255860239,6368.93437709246,57.903643164536355,6620.815224858193
2831,6328.908292321568,15.140928928998967,39.9556279843518,6368.86392030592,57.90340342358606,6620.743725198519
2832,6328.832364589827,15.14074728370772,39.96111288129692,6368.793477471124,57.90316392974826,6620.672240565529
2833,6328.756431372716,15.14056562529358,39.96661724377378,6368.72304861649,57.90292468274096,6620.600770986413
2834,6328.680492704568,15.140383953838679,39.97214106615067,6368.652633770718,57.90268568228251,6620.529316488647
2835,6328.60454861972,15.140202269425167,39.977684342827864,6368.582232962548,57.90244692809187,6620.457877099748
2836,6328.528599152667,15.140020572135567,39.98324706823731,6368.511846220905,57.90220841988834,6620.386452847419
2837,6328.452644337939,15.139838862052486,39.98882923684236,6368.441473574781,57.901970157391744,6620.315043759436
2838,6328.376684209461,15.139657139257084,39.994430843137614,6368.371115052599,57.90173214032228,6620.243649863
2839,6328.30071880285,15.139475403834568,40.000051881648425,6368.300770684498,57.901494368400755,6620.172271187042
2840,6328.22474815203,15.1392936558661,40.005692346930815,6368.230440498961,57.9012568413483,6620.100907758826
2841,6328.148772291754,15.139111895434818,40.011352233571024,6368.160124525325,57.901019558886546,6620.029559606482
2842,6328.072791257071,15.138930122624572,40.0170315361854,6368.089822793257,57.90078252073756,6619.958226758465
2843,6327.996805082709,15.138748337518443,40.022730249420036,6368.01953533213,57.900545726623875,6619.886909242943
2844,6327.920813803299,15.13856654019928,40.02844836795048,6367.94926217125,57.90030917626848,6619.815607088018
2845,6327.844817454342,15.138384730752014,40.034185886481445,6367.879003340823,57.90007286939479,6619.74432032269
2846,6327.768816070162,15.13820290925876,40.03994279974663,6367.808758869908,57.899836805726686,6619.673048974819
2847,6327.692809686534,15.138021075805105,40.04571910250833,6367.738528789042,57.89960098498855,6619.601793073743
2848,6327.616798338091,15.137839230473903,40.05151478955721,6367.668313127649,57.89936540690502,6619.530552647685
2849,6327.540782059996,15.137657373349272,40.057329855712005,6367.598111915708,57.8991300712014,6619.4593277254335
2850,6327.464760887651,15.137475504515912,40.06316429581926,6367.527925183471,57.898894977603305,6619.388118336045
2851,6327.388734856581,15.137293624058808,40.06901810475309,6367.457752961334,57.89866012583684,6619.316924508725
2852,6327.312704001815,15.13711173206176,40.07489127741485,6367.3875952792305,57.89842551562853,6619.245746272215
2853,6327.23666835885,15.136929828609688,40.0807838087328,6367.317452167583,57.898191146705344,6619.174583655751
2854,6327.160627963303,15.136747913787808,40.0866956936619,6367.247323656965,57.89795701879466,6619.103436688722
2855,6327.084582850677,15.136565987681045,40.092626927183595,6367.177209777861,57.897723131624346,6619.0323054004275
2856,6327.008533056236,15.13638405037377,40.098577504305396,6367.1071105605415,57.89748948492266,6618.961189819955
2857,6326.932478616112,15.136202101952422,40.10454742006067,6367.037026036173,57.89725607841833,6618.890089977293
2858,6326.856419565811,15.13602014250194,40.11053666950837,6366.966956235319,57.897022911840466,6618.819005901825
2859,6326.780355941135,15.135838172107979,40.11654524773277,6366.896901188868,57.896789984918634,6618.747937623263
2860,6326.704287777783,15.13565619085594,40.12257314984314,6366.8268609276265,57.89655729738283,6618.676885171242
2861,6326.628215111559,15.135474198831481,40.12862037097343,6366.756835482533,57.89632484896349,6618.605848575524
2862,6326.5521379788315,15.135292196121606,40.13468690628212,6366.686824885113,57.89609263939144,6618.534827866466
2863,6326.476056415484,15.135110182812163,40.14077275095179,6366.616829166436,57.89586066839791,6618.463823073967
2864,6326.399970457436,15.134928158989082,40.146877900189004,6366.546848357625,57.8956289357147,6618.392834227984
2865,6326.323880140896,15.134746124738985,40.15300234922386,6366.47688249012,57.89539744107384,6618.3218613587915
2866,6326.247785501901,15.134564080148088,40.15914609330981,6366.40693159521,57.895166184207916,6618.2509044965145
2867,6326.171686576722,15.134382025303163,40.16530912772338,6366.336995704445,57.89493516484983,6618.179963671542
2868,6326.095583401962,15.134199960291776,40.17149144776382,6366.267074849726,57.894704382732975,6618.109038914614
2869,6326.0194760137,15.13401788520024,40.177693048752865,6366.197169062453,57.89447383759118,6618.0381302559745
2870,6325.9433644484325,15.133835800115866,40.183913926034485,6366.127278374467,57.89424352915861,6617.967237726307
2871,6325.867248742778,15.133653705126264,40.19015407497457,6366.057402817753,57.89401345716988,6617.896361356443
2872,6325.791128932763,15.133471600317614,40.196413490960616,6365.987542423723,57.893783621360015,6617.82550117664
2873,6325.715005055638,15.13328948577904,40.20269216940149,6365.91769722504,57.893554021464496,6617.75465721841
2874,6325.638877147606,15.133107361597142,40.20899010572711,6365.847867253333,57.89332465721915,6617.683829512236
2875,6325.5627452457875,15.132925227860735,40.21530729538825,6365.778052541175,57.89309552836025,6617.6130180895425
2876,6325.486609386377,15.132743084656404,40.22164373385611,6365.708253120232,57.89286663462445,6617.542222980848
2877,6325.410469606672,15.132560932073378,40.2279994166222,6365.638469023294,57.89263797574884,6617.471444217802
2878,6325.33432594338,15.132378770199473,40.23437433919785,6365.568700282577,57.89240955147089,6617.400681831476
2879,6325.258178433363,15.132196599122878,40.24076849711413,6365.498946930477,57.892181361528515,6617.329935853127
2880,6325.182027113855,15.132014418932668,40.24718188592147,6365.429208999776,57.89195340565994,6617.259206314397
2881,6325.105872021969,15.131832229717629,40.25361450118932,6365.359486523158,57.89172568360392,6617.188493246835
2882,6325.029713194222,15.131650031565123,40.26006633850598,6365.289779532727,57.89149819509951,6617.11779668141
2883,6324.953550668555,15.131467824565922,40.26653739347822,6365.220088062033,57.891270939886226,6617.047116650538
2884,6324.877384481868,15.131285608808296,40.27302766173104,6365.150412143599,57.89104391770389,6616.976453185611
2885,6324.801214671121,15.13110338438067,40.27953713890743,6365.080751810028,57.89081712829285,6616.905806318102
2886,6324.725041274199,15.13092115137368,40.28606582066793,6365.011107094867,57.89059057139375,6616.83517608043
2887,6324.648864328443,15.130738909876657,40.29261370269054,6364.941478031134,57.89036424674764,6616.764562504486
2888,6324.572683871023,15.130556659978526,40.29918078067028,6364.871864651694,57.89013815409605,6616.693965622011
2889,6324.496499939574,15.130374401769316,40.30576705031892,6364.802266989893,57.88991229318076,6616.623385465229
2890,6324.420312571772,15.130192135339168,40.31237250736478,6364.732685079137,57.88968666374404,6616.552822066424
2891,6324.344121805168,15.130009860777912,40.31899714755233,6364.66311895272,57.889461265528524,6616.482275457769
2892,6324.267927677569,15.129827578176002,40.325640966641984,6364.593568644211,57.88923609827722,6616.411745671717
2893,6324.191730226587,15.129645287623415,40.332303960409774,6364.524034186998,57.88901116173354,6616.3412327405385
2894,6324.115529490064,15.129462989210678,40.33898612464704,6364.4545156147105,57.88878645564128,6616.27073669675
2895,6324.039325506047,15.12928068302882,40.345687455160196,6364.385012961207,57.8885619797446,6616.200257573097
2896,6323.9631183122565,15.129098369168078,40.35240794777035,6364.315526260027,57.88833773378808,6616.129795402005
2897,6323.886907946903,15.128916047719864,40.359147598313086,6364.246055545216,57.888113717516624,6616.059350216414
2898,6323.810694447724,15.128733718774459,40.36590640263819,6364.176600850362,57.887889930675584,6615.9889220488
2899,6323.73447785301,15.128551382423469,40.37268435660927,6364.107162209619,57.88766637301063,6615.918510932215
2900,6323.6582582012215,15.128369038758903,40.37948145610349,6364.037739657325,57.88744304426787,6615.84811689989
2901,6323.582035529924,15.128186687870631,40.38629769701131,6363.968333226935,57.887219944193696,6615.777739984178
2902,6323.50580987793,15.128004329851507,40.393133075236165,6363.898942953167,57.886997072534996,6615.707380218694
2903,6323.429581283322,15.127821964792636,40.399987586694195,6363.8295688700155,57.886774429038965,6615.637037636335
2904,6323.353349784518,15.127639592785929,40.40686122731391,6363.760211011832,57.88655201345312,6615.5667122703535
2905,6323.277115419862,15.127457213923114,40.41375399303591,6363.690869412898,57.88632982552548,6615.496404153933
2906,6323.200878228353,15.127274828297494,40.42066587981259,6363.621544108166,57.88610786500429,6615.426113320935
2907,6323.124638248014,15.127092436000034,40.42759688360782,6363.552235131622,57.88588613163827,6615.355839804249
2908,6323.048395517757,15.126910037123821,40.43454700039674,6363.482942518153,57.885664625176496,6615.285583637671
2909,6322.9721500760725,15.12672763176094,40.44151622616531,6363.413666302238,57.8854433453683,6615.2153448545905
2910,6322.895901961945,15.126545220004653,40.448504556910116,6363.344406518855,57.885222291963544,6615.145123488896
2911,6322.819651213954,15.126362801947257,40.45551198863802,6363.275163202592,57.88500146471236,6615.074919574091
2912,6322.743397871,15.126180377681818,40.46253851736593,6363.205936388365,57.88478086336528,6615.004733144005
2913,6322.667141972185,15.125997947301878,40.469584139120386,6363.1367261113055,57.88456048767315,6614.934564232683
2914,6322.590883556308,15.125815510900258,40.47664884993737,6363.067532406245,57.884340337387165,6614.864412873879
2915,6322.51462266248,15.125633068570528,40.48373264586189,6362.998355308342,57.884120412259,6614.7942791016685
2916,6322.438359329657,15.125450620405879,40.490835522947776,6362.929194852605,57.88390071204053,6614.724162949981
2917,6322.362093597259,15.125268166500621,40.49795747725731,6362.860051074516,57.88368123648415,6614.654064453222
2918,6322.28582550405,15.125085706947488,40.50509850486098,6362.790924008911,57.88346198534245,6614.5839836451505
2919,6322.209555089776,15.124903241841569,40.5122586018371,6362.721813691613,57.88324295836853,6614.5139205605155
2920,6322.133282393599,15.124720771276554,40.51943776427157,6362.652720157871,57.88302415531566,6614.4438752334945
2921,6322.057007454632,15.12453829534601,40.526635988257524,6362.583643442889,57.88280557593764,6614.373847698218
2922,6321.980730312542,15.124355814144836,40.53385326989506,6362.514583582437,57.88258721998853,6614.303837989387
2923,6321.904451007193,15.124173327768403,40.541089605290864,6362.4455406124835,57.88236908722277,6614.233846141902
2924,6321.828169577315,15.123990836309366,40.54834499055801,6362.376514567873,57.882151177395144,6614.1638721895415
2925,6321.751886063339,15.123808339864448,40.555619421815535,6362.307505485154,57.88193349026075,6614.093916167789
2926,6321.675600504317,15.123625838527074,40.56291289518821,6362.238513399505,57.88171602557509,6614.023978110757
2927,6321.599312940382,15.12344333239326,40.570225406806195,6362.169538347189,57.88149878309396,6613.954058053648
2928,6321.523023411033,15.123260821557496,40.57755695280469,6362.100580363838,57.88128176257353,6613.884156031033
2929,6321.446731956426,15.123078306115852,40.58490752932368,6362.03163948575,57.88106496377033,6613.814272078151
2930,6321.370438616361,15.122895786163543,40.59227713250759,6361.9627157488685,57.88084838644117,6613.744406229887
2931,6321.294143430567,15.122713261795614,40.59966575850501,6361.893809189071,57.880632030343264,6613.674558521065
2932,6321.217846439349,15.12253073310849,40.607073403468306,6361.8249198428175,57.880415895234165,6613.604728987086
2933,6321.14154768269,15.122348200197822,40.61450006355337,6361.756047746243,57.88019998087169,6613.534917663035
2934,6321.0652472005595,15.122165663159233,40.621945734919294,6361.687192935478,57.87998428701407,6613.46512458399
2935,6320.988945033632,15.121983122090029,40.629410413727996,6361.61835544736,57.879768813419886,6613.3953497857365
2936,6320.912641221625,15.121800577085226,40.63689409614399,6361.5495353177685,57.87955355984796,6613.325593303107
2937,6320.836335805181,15.12161802824206,40.644396778333984,6361.480732583515,57.87933852605752,6613.255855171866
2938,6320.760028824814,15.12143547565745,40.65191845646662,6361.411947281281,57.87912371180816,6613.186135427646
2939,6320.683720320543,15.121252919427137,40.65945912671207,6361.343179447255,57.87890911685972,6613.1164341055955
2940,6320.607410332931,15.12107035964816,40.66701878524186,6361.2744291181725,57.8786947409724,6613.0467512414025
2941,6320.531098902803,15.12088779641819,40.674597428228374,6361.2056963310315,57.87848058390675,6612.977086871026
2942,6320.454786070582,15.120705229833927,40.682195051844666,6361.136981122426,57.87826664542366,6612.907441030019
2943,6320.378471877073,15.120522659992998,40.689811652264055,6361.068283529337,57.878052925284294,6612.837813754324
2944,6320.302156362697,15.120340086992098,40.69744722565987,6360.999603588357,57.8778394232502,6612.768205079496
2945,6320.22583956869,15.12015751092988,40.70510176820499,6360.930941336896,57.87762613908325,6612.698615041908
2946,6320.149521535623,15.119974931903403,40.712775276071696,6360.862296811694,57.87741307254554,6612.629043677267
2947,6320.073202304358,15.119792350010426,40.72046774543118,6360.793670049789,57.87720022339964,6612.559491021578
2948,6319.996881915935,15.119609765349127,40.72817917245338,6360.725061088388,57.87698759140834,6612.4899571110145
2949,6319.920560411527,15.119427178018007,40.7359095533065,6360.656469964833,57.87677517633476,6612.42044198189
2950,6319.844237831831,15.119244588114428,40.743658884156716,6360.587896715988,57.876562977942434,6612.350945670038
2951,6319.767914218564,15.119061995738193,40.75142716116794,6360.519341379732,57.87635099599506,6612.281468212311
2952,6319.691589612572,15.118879400987014,40.75921438050134,6360.450803993073,57.87613923025678,6612.212009644691
2953,6319.615264055121,15.118696803959619,40.767020538315144,6360.382284593436,57.875927680492,6612.142570003577
2954,6319.538937587484,15.118514204754746,40.774845630764204,6360.313783218248,57.87571634646545,6612.073149325373
2955,6319.462610251345,15.118331603472116,40.78268965399972,6360.245299905345,57.875505227942185,6612.003747646893
2956,6319.386282087933,15.118149000210366,40.790552604168866,6360.176834692102,57.87529432468754,6611.934365004492
2957,6319.309953138701,15.117966395068661,40.79843447741452,6360.108387616116,57.87508363646719,6611.865001434748
2958,6319.233623445198,15.117783788146406,40.806335269874836,6360.039958715072,57.87487316304714,6611.795656974327
2959,6319.157293049175,15.117601179543481,40.814254977682964,6359.971548026858,57.87466290419367,6611.7263316601
2960,6319.080961992362,15.117418569359717,40.82219359696666,6359.903155589329,57.8744528596734,6611.657025528908
2961,6319.004630316307,15.117235957694515,40.83015112384804,6359.834781440155,57.87424302925322,6611.587738617406
2962,6318.928298062952,15.11705334464821,40.83812755444309,6359.766425617396,57.874033412700385,6611.518470962643
2963,6318.851965274254,15.116870730321182,40.84612288486145,6359.698088159116,57.87382400978234,6611.449222601669
2964,6318.775631991824,15.116688114812977,40.85413711120607,6359.62976910303,57.873614820267036,6611.379993571192
2965,6318.699298258013,15.116505498224912,40.86217022957278,6359.561468487586,57.87340584392247,6611.310783908649
2966,6318.622964114458,15.116322880656599,40.870222236050026,6359.493186350508,57.87319708051721,6611.241593650758
2967,6318.546629603707,15.116140262209825,40.87829312671844,6359.424922730425,57.87298852981992,6611.172422835142
2968,6318.4702947675505,15.11595764298457,40.88638289765059,6359.3566776652015,57.872780191599645,6611.1032714986595
2969,6318.393959648505,15.115775023082549,40.89449154491059,6359.288451193416,57.87257206562579,6611.034139678888
2970,6318.3176242887275,15.11559240260461,40.90261906455371,6359.220243353281,57.8723641516679,6610.965027413036
2971,6318.241288730667,15.115409781652314,40.91076545262604,6359.152054183293,57.87215644949599,6610.895934738601
2972,6318.1649530166715,15.115227160326965,40.9189307051642,6359.083883721835,57.87194895888024,6610.8268616929645
2973,6318.088617189022,15.11504453872972,40.92711481819495,6359.015732007218,57.871741679591224,6610.757808313439
2974,6318.012281290663,15.114861916963308,40.93531778773482,6358.947599078398,57.87153461139975,6610.688774637986
2975,6317.9359453638845,15.11467929512891,40.943539609789816,6358.879484973674,57.871327754076965,6610.6197607039085
2976,6317.859609451387,15.114496673328677,40.951780280354996,6358.811389731742,57.87112110739426,6610.550766548907
2977,6317.783273595958,15.114314051664971,40.96003979541411,6358.743313391373,57.87091467112336,6610.4817922107595
2978,6317.706937840411,15.114131430240219,40.96831815093929,6358.67525599135,57.870708445036236,6610.412837727258
2979,6317.630602227522,15.113948809156751,40.97661534289073,6358.607217570413,57.87050242890518,6610.34390313615
2980,6317.554266800301,15.113766188517467,40.98493136721619,6358.5391981675175,57.87029662250283,6610.274988475405
2981,6317.4779316013555,15.113583568424296,40.993266219850796,6358.471197821206,57.87009102560194,6610.2060937825745
2982,6317.40159667414,15.113400948981196,41.00161989671656,6358.403216570857,57.86988563797577,6610.137219096051
2983,6317.325262061612,15.113218330290938,41.009992393722065,6358.3352544553345,57.8696804593977,6610.068364453715
2984,6317.248927806911,15.113035712456725,41.01838370676209,6358.267311513673,57.869475489641474,6609.999529893614
2985,6317.172593953112,15.112853095581606,41.02679383171729,6358.199387784829,57.86927072848111,6609.930715453722
2986,6317.096260543762,15.112670479769765,41.03522276445379,6358.131483308215,57.86906617569085,6609.86192117247
2987,6317.019927622206,15.112487865124894,41.04367050082285,6358.063598123029,57.868861831045336,6609.793147088076
2988,6316.9435952314725,15.112305251749934,41.05213703666047,6357.995732268133,57.86865769431938,6609.724393238423
2989,6316.867263415487,15.11212263974997,41.06062236778698,6357.927885783274,57.86845376528813,6609.655659662278
2990,6316.790932217464,15.111940029228382,41.0691264900068,6357.860058707471,57.86825004372699,6609.586946397683
2991,6316.7146016812585,15.111757420290092,41.07764939910793,6357.792251080366,57.86804652941168,6609.5182534833075
2992,6316.638271850201,15.111574813038757,41.086191090861696,6357.7244629410625,57.867843222118154,6609.449580957276
2993,6316.561942768297,15.111392207579657,41.094751561022335,6357.656694329319,57.86764012162267,6609.380928858378
2994,6316.485614479203,15.111209604017231,41.10333080532655,6357.5889452845295,57.86743722770173,6609.312297225032
2995,6316.40928702698,15.11102700245689,41.111928819493286,6357.521215846473,57.867234540132166,6609.243686096048
2996,6316.332960455197,15.110844403002865,41.12054559922325,6357.45350605442,57.86703205869099,6609.175095509726
2997,6316.256634807973,15.1106618057607,41.129181140198526,6357.3858159481715,57.86682978315561,6609.106525504898
2998,6316.180310129626,15.110479210836427,41.13783543808225,6357.318145567709,57.86662771330364,6609.0379761205795
2999,6316.103986463812,15.110296618334479,41.14650848851825,6357.250494952331,57.86642584891292,6608.969447395102
