epoch,nll_total,nll_per_row,penalty,loss_base,bce_sum,loss_total
0,32262.525768018753,77.18307600004486,1.2000000000000004,32263.725768018754,0.0,32263.725768018754
1,30731.732127981435,73.52089025832879,1.2465362179232857,30732.97866419936,0.0,30732.97866419936
2,29395.22707943755,70.32350975941998,1.2946620127863402,29396.52174145034,0.0,29396.52174145034
3,28239.615068325456,67.55888772326664,1.3442920465369297,28240.959360371995,0.0,28240.959360371995
4,27249.503078704773,65.19019875288222,1.395315748997753,27250.898394453772,0.0,27250.898394453772
5,26408.102657857937,63.17727908578454,1.447598715527298,26409.550256573464,0.0,26409.550256573464
6,25698.16530345022,61.4788643623211,1.5009849413835097,25699.666288391603,0.0,25699.666288391603
7,25102.3177164044,60.05339166603923,1.555300316490271,25103.87301672089,0.0,25103.87301672089
8,24603.37231122253,58.85974237134577,1.6103579149931995,24604.982669137524,0.0,24604.982669137524
9,24184.882362018994,57.85857024406458,1.6659646497252893,24186.54832666872,0.0,24186.54832666872
10,23831.691750021626,57.013616626845995,1.721928346862089,23833.413678368488,0.0,23833.413678368488
11,23530.300283410514,56.292584410073,1.778064501388259,23532.0783479119,0.0,23532.0783479119
12,23269.03416540778,55.667545850257845,1.8342023848761042,23270.868367792653,0.0,23270.868367792653
13,23038.072429367374,55.11500581188367,1.8901904319211518,23039.962619799295,0.0,23039.962619799295
14,22829.375370266014,54.61573055087563,1.945900925670327,22831.321271191686,0.0,22831.321271191686
15,22636.547163406954,54.15441905121281,2.0012340058310603,22638.548397412786,0.0,22638.548397412786
16,22454.655857416757,53.71927238616449,2.056120971030838,22456.71197838779,0.0,22456.71197838779
17,22280.03074310169,53.30150895478874,2.110526795429117,22282.14126989712,0.0,22282.14126989712
18,22110.05551762952,52.89486965940077,2.1644517877068763,22112.219969417227,0.0,22112.219969417227
19,21942.971394538734,52.49514687688692,2.2179323839142917,21945.18932692265,0.0,21945.18932692265
20,21777.698113996623,52.09975625358044,2.271041123027139,21779.96915511965,0.0,21779.96915511965
21,21613.67567786735,51.70735808102237,2.3238858713152544,21615.999563738667,0.0,21615.999563738667
22,21450.726830611547,51.31752830289844,2.3766083533924642,21453.10343896494,0.0,21453.10343896494
23,21288.93929250658,50.93047677633153,2.4293820390483365,21291.36867454563,0.0,21291.36867454563
24,21128.566602278304,50.54681005329738,2.4824094365213107,21131.049011714826,0.0,21131.049011714826
25,20969.946520317568,50.167336173008536,2.535918854654669,20972.48243917222,0.0,20972.48243917222
26,20813.436014166422,49.792909124800055,2.5901607162603337,20816.02617488268,0.0,20816.02617488268
27,20659.361866302872,49.4243106849351,2.6454035309579984,20662.00726983383,0.0,20662.00726983383
28,20507.98595917628,49.06216736645043,2.7019296619922386,20510.68788883827,0.0,20510.68788883827
29,20359.48427023996,48.706900168038175,2.7600310372006573,20362.24430127716,0.0,20362.24430127716
30,20213.93842314543,48.35870436159194,2.820004950067788,20216.758428095498,0.0,20216.758428095498
31,20071.338227541422,48.01755556828091,2.8821500730636385,20074.220377614485,0.0,20074.220377614485
32,19931.59310969799,47.68323710454065,2.9467627719725242,19934.539872469963,0.0,19934.539872469963
33,19794.549891385614,47.35538251527659,3.0141337776934884,19797.56402516331,0.0,19797.56402516331
34,19660.014162593223,47.03352670476848,3.0845452471176444,19663.09870784034,0.0,19663.09870784034
35,19527.772553862153,46.71715921976592,3.158268228068077,19530.93082209022,0.0,19530.93082209022
36,19397.613511859934,46.40577395181803,3.2355605334536985,19400.849072393386,0.0,19400.849072393386
37,19269.34465911235,46.098910667732895,3.3166650251085383,19272.661324137458,0.0,19272.661324137458
38,19142.805417546362,45.796185209441056,3.4018083071073333,19146.207225853468,0.0,19146.207225853468
39,19017.874238898483,45.49730679162317,3.491199830664592,19021.365438729146,0.0,19021.365438729146
40,18894.470450508616,45.202082417484725,3.5850314167537896,18898.05548192537,0.0,18898.05548192537
41,18772.551323142783,44.91040986397795,3.683477206660787,18776.234800349444,0.0,18776.234800349444
42,18652.10543106246,44.622261796800146,3.7866940529927273,18655.892125115453,0.0,18655.892125115453
43,18533.143653334628,44.33766424242734,3.894822362584555,18537.038475697213,0.0,18537.038475697213
44,18415.689238963652,44.05667282048721,4.00798739717861,18419.69722636083,0.0,18419.69722636083
45,18299.768240618032,43.77934985793787,4.126301027322176,18303.894541645353,0.0,18303.894541645353
46,18185.401355634534,43.50574486993908,4.249863920081711,18189.651219554617,0.0,18189.651219554617
47,18072.597859351197,43.23588004629473,4.378768123167523,18076.976627474363,0.0,18076.976627474363
48,17961.351939145177,42.96974148120856,4.513099988810019,17965.865039133987,0.0,17965.865039133987
49,17851.641394095703,42.70727606242991,4.652943362502235,17856.294337458206,0.0,17856.294337458206
50,17743.428394990988,42.44839328945212,4.798382946769102,17748.226777937758,0.0,17748.226777937758
51,17636.661823209073,42.19297086892123,4.9495077402551715,17641.611330949327,0.0,17641.611330949327
52,17531.280627408625,41.940862744996714,5.10641444870748,17536.38704185733,0.0,17536.38704185733
53,17427.217642275635,41.691908235109175,5.269210767050309,17432.486853042687,0.0,17432.486853042687
54,17324.403383215373,41.44594110817075,5.438018440057774,17329.84140165543,0.0,17329.84140165543
55,17222.7694407015,41.202797705027514,5.612976021879459,17228.38241672338,0.0,17228.38241672338
56,17122.25122468695,40.96232350403576,5.794241270320423,17128.045465957268,0.0,17128.045465957268
57,17022.789933584412,40.72437783154166,5.981993128785993,17028.771926713198,0.0,17028.771926713198
58,16924.33372990001,40.48883667440194,6.176433265872189,16930.51016316588,0.0,16930.51016316588
59,16826.838187397047,40.2555937497537,6.377787158758647,16833.215974555806,0.0,16833.215974555806
60,16730.26612974501,40.024560119007205,6.586304721240229,16736.85243446625,0.0,16736.85243446625
61,16634.587009072704,39.79566270113087,6.8022604901067005,16641.38926956281,0.0,16641.38926956281
62,16539.775978715257,39.568842054342724,7.02595339454005,16546.801932109796,0.0,16546.801932109796
63,16445.81280325364,39.34404976854938,7.257706142261473,16453.0705093959,0.0,16453.0705093959
64,16352.680726754526,39.12124575778595,7.497864263405156,16360.178591017931,0.0,16360.178591017931
65,16260.365392535667,38.900395675922645,7.746794858641742,16268.112187394308,0.0,16268.112187394308
66,16168.853879469636,38.681468611171375,8.004885102065245,16176.858764571702,0.0,16176.858764571702
67,16078.133894075962,38.464435153291774,8.272540551956986,16086.40643462792,0.0,16086.40643462792
68,15988.193136378824,38.24926587650437,8.55018332391824,15996.743319702742,0.0,15996.743319702742
69,15899.018841349523,38.035930242462975,8.838250181172235,15907.857091530695,0.0,15907.857091530695
70,15810.597486444804,37.82439590058566,9.137190596185441,15819.73467704099,0.0,15819.73467704099
71,15722.91464843416,37.61462834553627,9.44746483619359,15732.362113270354,0.0,15732.362113270354
72,15635.954988352085,37.406590881225085,9.769542122717002,15645.724530474801,0.0,15645.724530474801
73,15549.70234105844,37.20024483506804,10.103898911633156,15559.806239970074,0.0,15559.806239970074
74,15464.139884894588,36.99554996386265,10.451017335737486,15474.590902230326,0.0,15474.590902230326
75,15379.250366873428,36.79246499252016,10.811383845875653,15390.061750719304,0.0,15390.061750719304
76,15295.016359643476,36.590948228812145,11.185488079638564,15306.201847723114,0.0,15306.201847723114
77,15211.420528097806,36.39095820119093,11.573821978336012,15222.994350076142,0.0,15222.994350076142
78,15128.44588597708,36.19245427267244,11.97687916368319,15140.422765140764,0.0,15140.422765140764
79,15046.076026085362,35.99539719159178,12.39515457564898,15058.47118066101,0.0,15058.47118066101
80,14964.295311619839,35.79974954932976,12.82914436264119,14977.124455982479,0.0,14977.124455982479
81,14883.089020350297,35.605476125239946,13.279346005140422,14896.368366355437,0.0,14896.368366355437
82,14802.443437645165,35.41254410919896,13.746258644578898,14816.189696289743,0.0,14816.189696289743
83,14722.345898345771,35.22092320178414,14.230383581216175,14736.576281926988,0.0,14736.576281926988
84,14642.784780961378,35.03058560038607,14.73222489844606,14657.517005859823,0.0,14657.517005859823
85,14563.749460465937,34.84150588628214,15.252290166718902,14579.001750632655,0.0,14579.001750632655
86,14485.230228033019,34.653660832614875,15.791091178281874,14501.0213192113,0.0,14501.0213192113
87,14407.218187320148,34.467029156268296,16.3491446642767,14423.567331984425,0.0,14423.567331984425
88,14329.705137482557,34.28159123799655,16.92697294830409,14346.63211043086,0.0,14346.63211043086
89,14252.683453002865,34.097328834935084,17.525104495173764,14270.208557498037,0.0,14270.208557498037
90,14176.14596978979,33.914224808109545,18.144074319943755,14194.290044109734,0.0,14194.290044109734
91,14100.08588589633,33.73226288491945,18.78442423021156,14118.87031012654,0.0,14118.87031012654
92,14024.496683781634,33.5514274731618,19.446702883630167,14043.943386665263,0.0,14043.943386665263
93,13949.372079319775,33.37170353904253,20.131465652431974,13969.503544972207,0.0,13969.503544972207
94,13874.706000794256,33.193076556924055,20.839274296922902,13895.545275091179,0.0,13895.545275091179
95,13800.492598916091,33.01553253329208,21.570696459871588,13822.063295375963,0.0,13822.063295375963
96,13726.726286397272,32.83905810142888,22.326305002631056,13749.052591399903,0.0,13749.052591399903
97,13653.401802888282,32.66364067676623,23.106677210572208,13676.508480098853,0.0,13676.508480098853
98,13580.514298254986,32.48926865611241,23.91239389864973,13604.426692153636,0.0,13604.426692153636
99,13508.059424631429,32.31593163787423,24.744038446407608,13532.803463077837,0.0,13532.803463077837
100,13436.033425997648,32.14362063635801,25.602195784770107,13461.635621782418,0.0,13461.635621782418
101,13364.4332137831,31.972328262638996,26.487451344981153,13390.920665128082,0.0,13390.920665128082
102,13293.256418643683,31.802048848429862,27.400389964945372,13320.656808608628,0.0,13320.656808608628
103,13222.501411983041,31.632778497567084,28.341594733187367,13250.843006716228,0.0,13250.843006716228
104,13152.167295405638,31.464515060779036,29.311645739380914,13181.478941145018,0.0,13181.478941145018
105,13082.253861019788,31.297258040717196,30.311118695911553,13112.5649797157,0.0,13112.5649797157
106,13012.761529281592,31.131008443257397,31.340583398474312,13044.102112680066,0.0,13044.102112680066
107,12943.69127312888,30.965768596002103,32.40060200437619,12976.091875133256,0.0,12976.091875133256
108,12875.0445373675,30.80154195542464,33.49172712240443,12908.536264489903,0.0,12908.536264489903
109,12806.823160950684,30.63833292093465,34.614499724520414,12841.437660675205,0.0,12841.437660675205
110,12739.029307622683,30.476146668953785,35.769446904262644,12774.798754526946,0.0,12774.798754526946
111,12671.665408003639,30.314989014362773,36.95707951761729,12708.622487521256,0.0,12708.622487521256
112,12604.734114079918,30.154866301626598,38.17788974845796,12642.912003828376,0.0,12642.912003828376
113,12538.238265472748,29.995785324097483,39.43234864265383,12577.670614115403,0.0,12577.670614115403
114,12472.180865853823,29.837753267592877,40.720903653381114,12512.901769507203,0.0,12512.901769507203
115,12406.565067385976,29.68077767317219,42.04397623606035,12448.609043622037,0.0,12448.609043622037
116,12341.394160967579,29.524866413798033,43.401959525669426,12384.796120493247,0.0,12384.796120493247
117,12276.671570212899,29.370027679935163,44.795216122780026,12321.466786335679,0.0,12321.466786335679
118,12212.400847415674,29.216269969893958,46.22407600816349,12258.624923423838,0.0,12258.624923423838
119,12148.585670109938,29.063602081602724,47.68883459965393,12196.274504709592,0.0,12196.274504709592
120,12085.22983722172,28.912033103401242,49.18975095943207,12134.419588181152,0.0,12134.419588181152
121,12022.337264145506,28.761572402261976,50.72704615518174,12073.064310300688,0.0,12073.064310300688
122,11959.911976374593,28.612229608551658,52.30090177476538,12012.212878149357,0.0,12012.212878149357
123,11897.958101542457,28.464014596991525,53.9114585912078,11951.869560133666,0.0,11951.869560133666
124,11836.479859890644,28.316937463853215,55.558815372863435,11892.038675263508,0.0,11892.038675263508
125,11775.481553295866,28.171008500707813,57.243027832636706,11832.724581128503,0.0,11832.724581128503
126,11714.967553035978,28.026238165157842,58.964107709961546,11773.93166074594,0.0,11773.93166074594
127,11654.942286503876,27.882637049052335,60.722021979828185,11715.664308483703,0.0,11715.664308483703
128,11595.410223057395,27.740215844634918,62.516692184349225,11657.926915241744,0.0,11657.926915241744
129,11536.375859187992,27.598985309062183,64.34799388403086,11600.723853072022,0.0,11600.723853072022
130,11477.843703136834,27.45895622760008,66.21575622787984,11544.059459364713,0.0,11544.059459364713
131,11419.818259076075,27.320139375780084,68.11976164354313,11487.938020719619,0.0,11487.938020719619
132,11362.30401092687,27.18254548068629,70.0597456506439,11432.363756577513,0.0,11432.363756577513
133,11305.305405869178,27.04618518150521,72.03539680215269,11377.34080267133,0.0,11377.34080267133
134,11248.826837580547,26.911068989427147,74.04635675984679,11322.873194340395,0.0,11322.873194340395
135,11192.872629215986,26.777207246928196,76.0922205105278,11268.964849726513,0.0,11268.964849726513
136,11137.447016141516,26.644610086462958,78.1725367295968,11215.619552871112,0.0,11215.619552871112
137,11082.554128414617,26.513287388551714,80.28680829779695,11162.840936712413,0.0,11162.840936712413
138,11028.197973002458,26.38324873924033,82.43449297544437,11110.632465977902,0.0,11110.632465977902
139,10974.382415723041,26.254503386897227,84.6150042363651,11058.997419959405,0.0,11058.997419959405
140,10921.11116289919,26.12706019832342,86.82771226116529,11007.938875160355,0.0,11007.938875160355
141,10868.387742722298,26.000927614168177,89.07194508655833,10957.459687808856,0.0,10957.459687808856
142,10816.215486346684,25.8761136037002,91.3469899044511,10907.562476251134,0.0,10907.562476251134
143,10764.597508759442,25.752625619041726,93.65209450156917,10858.24960326101,0.0,10858.24960326101
144,10713.53668952491,25.630470549102654,95.98646882778047,10809.523158352691,0.0,10809.523158352691
145,10663.035653542598,25.509654673546887,98.3492866791639,10761.384940221762,0.0,10761.384940221762
146,10613.096752027684,25.39018361729111,100.73968748042515,10713.83643950811,0.0,10713.83643950811
147,10563.722043980431,25.272062306173282,103.156778150631,10666.878822131062,0.0,10666.878822131062
148,10514.913278479951,25.155294924593186,105.5996350365028,10620.512913516453,0.0,10620.512913516453
149,10466.671878188728,25.03988487604959,108.06730589872771,10574.739184087457,0.0,10574.739184087457
150,10418.99892450918,24.92583474762962,110.55881193890028,10529.55773644808,0.0,10529.55773644808
151,10371.89514486702,24.81314627958617,113.073149857721,10484.96829472474,0.0,10484.96829472474
152,10325.36090261864,24.70182034119292,115.60929393880642,10440.970196557448,0.0,10440.970196557448
153,10279.3961900742,24.59185691405311,118.1661981566753,10397.562388230876,0.0,10397.562388230876
154,10234.000625117458,24.48325508401306,120.74279831184818,10354.743423429307,0.0,10354.743423429307
155,10189.173451842536,24.376013042685493,123.33801420010984,10312.511466042646,0.0,10312.511466042646
156,10144.913545562304,24.27012809943135,125.950751826328,10270.86429738863,0.0,10270.86429738863
157,10101.21942241497,24.165596704342033,128.5799056752062,10229.799328090176,0.0,10229.799328090176
158,10058.089253652674,24.062414482422664,131.22436105135134,10189.313614704024,0.0,10189.313614704024
159,10015.520884490474,23.960576278685345,133.88299649847667,10149.40388098895,0.0,10149.40388098895
160,9973.511857170755,23.860076213327165,136.5546863019829,10110.066543472738,0.0,10110.066543472738
161,9932.059437618136,23.760907745497935,139.23830307038855,10071.297740688524,0.0,10071.297740688524
162,9891.160644797263,23.66306374353412,141.9327203793352,10033.093365176597,0.0,10033.093365176597
163,9850.81228160687,23.56653655886811,144.63681544792237,9995.449097054792,0.0,9995.449097054792
164,9811.010965930025,23.471318100311066,147.3494718022619,9958.360437732286,0.0,9958.360437732286
165,9771.753160315424,23.377399905060823,150.06958186723875,9921.822742182663,0.0,9921.822742182663
166,9733.035198748365,23.284773202747285,152.7960494167246,9885.83124816509,0.0,9885.83124816509
167,9694.853309091228,23.19342896911777,155.52779180708353,9850.381100898312,0.0,9850.381100898312
168,9657.20363004641,23.103357966618205,158.26374192047592,9815.467371966886,0.0,9815.467371966886
169,9620.082221900153,23.01455077009606,161.0028497540261,9781.085071654179,0.0,9781.085071654179
170,9583.485070801085,22.92699777703609,163.7440836079966,9747.229154409082,0.0,9747.229154409082
171,9547.408086850572,22.840689202991797,166.48643084904904,9713.89451769962,0.0,9713.89451769962
172,9511.847096748137,22.75561506399076,169.22889825078173,9681.075994998919,0.0,9681.075994998919
173,9476.797832117356,22.671765148606113,171.97051193980832,9648.768344057164,0.0,9648.768344057164
174,9442.255914845475,22.58912898288391,174.71031699858008,9616.966231844055,0.0,9616.966231844055
175,9408.216840837416,22.507695791477072,177.44737679357797,9585.664217630994,0.0,9585.664217630994
176,9374.675963502832,22.427454458140748,180.18077210813044,9554.856735610963,0.0,9554.856735610963
177,9341.628478122453,22.348393488331226,182.90960016290612,9524.538078285359,0.0,9524.538078285359
178,9309.069408011012,22.2705009761029,185.63297360511567,9494.702381616127,0.0,9494.702381616127
179,9276.993593181604,22.193764576989484,188.35001954138264,9465.343612722987,0.0,9465.343612722987
180,9245.39568204896,22.118171488155408,191.05987868116145,9436.45556073012,0.0,9436.45556073012
181,9214.270126610685,22.043708436867668,193.76170464938912,9408.031831260074,0.0,9408.031831260074
182,9183.611181512846,21.970361678260396,196.45466352017627,9380.065845033023,0.0,9380.065845033023
183,9153.412907450607,21.898117003470354,199.137933618407,9352.550841069014,0.0,9352.550841069014
184,9123.669179383054,21.826959759289604,201.81070563284499,9325.479885015899,0.0,9325.479885015899
185,9094.373700060713,21.75687488052802,204.4721830814458,9298.845883142158,0.0,9298.845883142158
186,9065.520019267686,21.687846936047094,207.12158316487688,9272.641602432563,0.0,9272.641602432563
187,9037.101558936898,21.619860188844253,209.75813803494765,9246.859696971846,0.0,9246.859696971846
188,9009.111643852935,21.55289866950463,212.38109648790666,9221.492740340842,0.0,9221.492740340842
189,8981.54353704628,21.48694626087627,214.98972606633714,9196.533263112617,0.0,9196.533263112617
190,8954.390478240828,21.42198679004983,217.58331551745277,9171.973793758281,0.0,9171.973793758281
191,8927.64572302256,21.35800412206354,220.16117751256155,9147.806900535123,0.0,9147.806900535123
192,8901.302579891631,21.294982248544574,222.7226514881171,9124.025231379748,0.0,9124.025231379748
193,8875.354442260586,21.232905364259775,225.2671064315865,9100.621548692174,0.0,9100.621548692174
194,8849.794812847358,21.17175792547215,227.7939434147206,9077.58875626208,0.0,9077.58875626208
195,8824.617318802715,21.1115246861309,230.30259768038363,9054.919916483099,0.0,9054.919916483099
196,8799.81571713344,21.05219071084555,232.79254012012913,9032.608257253569,0.0,9032.608257253569
197,8775.383891284207,20.99374136670863,235.2632780353825,9010.64716931959,0.0,9010.64716931959
198,8751.315840856783,20.936162298700438,237.71435514675846,8989.030196003541,0.0,8989.030196003541
199,8727.60566711921,20.879439395022032,240.14535089136768,8967.751018010576,0.0,8967.751018010576
200,8704.247557138888,20.823558749136094,242.55587911416848,8946.803436253056,0.0,8946.803436253056
201,8681.235769053801,20.768506624530623,244.94558630638363,8926.181355360184,0.0,8926.181355360184
202,8658.564620367484,20.71426942671647,247.31414956627367,8905.878769933757,0.0,8905.878769933757
203,8636.228480332735,20.660833685006544,249.6612744547611,8885.889754787497,0.0,8885.889754787497
204,8614.22176670072,20.608186044738567,251.98669289439812,8866.208459595118,0.0,8866.208459595118
205,8592.53894644176,20.55631326899943,254.29016122150986,8846.82910766327,0.0,8846.82910766327
206,8571.17453957304,20.505202247782393,256.5714584556315,8827.745998028671,0.0,8827.745998028671
207,8550.123124979049,20.4548400119116,258.83038480488284,8808.953509783933,0.0,8808.953509783933
208,8529.379347058984,20.405213748944938,261.066760386714,8790.446107445698,0.0,8790.446107445698
209,8508.93792214483,20.356310818528303,263.2804241147182,8772.21834625955,0.0,8772.21834625955
210,8488.793643869321,20.308118765237612,265.4712326860874,8754.26487655541,0.0,8754.26487655541
211,8468.941386934814,20.26062532759525,267.6390596008976,8736.58044653571,0.0,8736.58044653571
212,8449.37610904306,20.213818442686748,269.7837941521309,8719.15990319519,0.0,8719.15990319519
213,8430.092851004072,20.167686246421226,271.9053403412742,8701.998191345347,0.0,8701.998191345347
214,8411.086735247598,20.12221706997033,274.003615694922,8685.09035094252,0.0,8685.09035094252
215,8392.352963098325,20.07739943324958,276.07854997945776,8668.431513077783,0.0,8668.431513077783
216,8373.886811230765,20.033222036437238,278.1300838305044,8652.01689506127,0.0,8652.01689506127
217,8355.683627716433,19.98967375051778,280.1581673291945,8635.841795045628,0.0,8635.841795045628
218,8337.7388280236,19.94674360771196,282.16275856720705,8619.901586590806,0.0,8619.901586590806
219,8320.04789125073,19.90442079246586,284.1438222466933,8604.191713497423,0.0,8604.191713497423
220,8302.606356787535,19.862694633463004,286.101328360208,8588.707685147743,0.0,8588.707685147743
221,8285.409821506119,19.82155459690459,288.0352509905873,8573.445072496706,0.0,8573.445072496706
222,8268.453937516992,19.78099028114113,289.94556726263806,8558.399504779629,0.0,8558.399504779629
223,8251.734410465768,19.74099141259753,291.83225646882255,8543.56666693459,0.0,8543.56666693459
224,8235.246998309343,19.70154784284532,293.6952993809524,8528.942297690295,0.0,8528.942297690295
225,8218.987510491419,19.66264954663019,295.5346777501843,8514.522188241603,0.0,8514.522188241603
226,8202.95180742704,19.624286620638852,297.35037398898646,8500.302181416026,0.0,8500.302181416026
227,8187.135800208782,19.586449282796128,299.14237102163787,8486.27817123042,0.0,8486.27817123042
228,8171.535450461526,19.549127871917527,300.91065228444506,8472.446102745971,0.0,8472.446102745971
229,8156.14677027596,19.512312847550145,302.65520185325363,8458.801972129213,0.0,8458.801972129213
230,8140.965822175387,19.47599478989327,304.3760046739297,8445.341826849317,0.0,8445.341826849317
231,8125.988719078052,19.44016439970826,306.0730468711353,8432.061765949187,0.0,8432.061765949187
232,8111.211624231429,19.404812498161313,307.7463161117219,8418.95794034315,0.0,8418.95794034315
233,8096.630751106716,19.36993002657109,309.3958020012041,8406.02655310792,0.0,8406.02655310792
234,8082.242363252403,19.33550804605838,311.02149649482226,8393.263859747225,0.0,8393.263859747225
235,8068.042774106856,19.301537737097743,312.6233943084336,8380.66616841529,0.0,8380.66616841529
236,8054.028346785495,19.26801039900836,314.2014933186871,8368.229840104183,0.0,8368.229840104183
237,8040.1954938530125,19.23491744940912,315.7557949464388,8355.951288799452,0.0,8355.951288799452
238,8026.540677101286,19.202250423687286,317.2863045219683,8343.826981623253,0.0,8343.826981623253
239,8013.060407351355,19.170000974524772,318.79303163510605,8331.853438986462,0.0,8331.853438986462
240,7999.751244305913,19.138160871545246,320.2759904777105,8320.027234783623,0.0,8320.027234783623
241,7986.609796476652,19.106722001140316,321.735200189896,8308.344996666548,0.0,8308.344996666548
242,7973.632721212489,19.075676366537056,323.17068522485215,8296.80340643734,0.0,8296.80340643734
243,7960.816724859487,19.045016088180592,324.5824757498565,8285.399200609343,0.0,8285.399200609343
244,7948.158563081412,19.014733404500983,325.9706081030061,8274.129171184417,0.0,8274.129171184417
245,7935.655041370318,18.98482067313473,327.3351253261012,8262.99016669642,0.0,8262.99016669642
246,7923.3030157770245,18.955270372672306,328.6760777938297,8251.979093570853,0.0,8251.979093570853
247,7911.09939388601,18.926075104990456,329.99352395774457,8241.092917843755,0.0,8241.092917843755
248,7899.041136053871,18.897227598215004,331.2875312203366,8230.328667274207,0.0,8230.328667274207
249,7887.125256923042,18.868720710342206,332.55817694963156,8219.683433872673,0.0,8219.683433872673
250,7875.348827211538,18.840547433520427,333.8055496381322,8209.15437684967,0.0,8209.15437684967
251,7863.708975758043,18.812700898942687,335.0297502015626,8198.738725959605,0.0,8198.738725959605
252,7852.202891792162,18.785174382277898,336.23089340291557,8188.433785195077,0.0,8188.433785195077
253,7840.827827368299,18.75796130949354,337.40910937603087,8178.23693674433,0.0,8178.23693674433
254,7829.581099883719,18.73105526287971,338.56454521081724,8168.145645094536,0.0,8168.145645094536
255,7818.460094577532,18.704449987027587,339.69736654995893,8158.157461127491,0.0,8158.157461127491
256,7807.462266886517,18.67813939446535,340.8077591353487,8148.270026021865,0.0,8148.270026021865
257,7796.585144515002,18.652117570610052,341.8959302325863,8138.4810747475885,0.0,8138.4810747475885
258,7785.826329079151,18.62637877770132,342.9621098547234,8128.788438933874,0.0,8128.788438933874
259,7775.183497175099,18.600917457356694,344.0065517030825,8119.190048878181,0.0,8119.190048878181
260,7764.654400754574,18.575728231470272,345.0295337443009,8109.683934498876,0.0,8109.683934498876
261,7754.236866706147,18.55080590121088,346.031358349372,8100.268225055519,0.0,8100.268225055519
262,7743.928795590364,18.526145443996086,347.01235193257037,8090.941147522934,0.0,8090.941147522934
263,7733.728159529531,18.501742008443852,347.97286404548584,8081.701023575017,0.0,8081.701023575017
264,7723.632999300615,18.47759090741774,348.9132659031595,8072.546265203774,0.0,8072.546265203774
265,7713.641420747144,18.45368760944293,349.8339483442363,8063.47536909138,0.0,8063.47536909138
266,7703.751590662879,18.430027728858562,350.7353192534763,8054.486909916355,0.0,8054.486909916355
267,7693.961732350868,18.406607015193465,351.61780050101993,8045.579532851888,0.0,8045.579532851888
268,7684.270121067602,18.383421342266992,352.4818244765592,8036.751945544162,0.0,8036.751945544162
269,7674.675079582968,18.36046669756691,353.3278303163027,8028.00290989927,0.0,8028.00290989927
270,7665.174974050562,18.337739172369766,354.1562599349419,8019.331233985504,0.0,8019.331233985504
271,7655.768210366718,18.315234953030426,354.96755398283267,8010.735764349551,0.0,8010.735764349551
272,7646.453231143289,18.292950313739926,355.76214784997785,8002.215378993266,0.0,8002.215378993266
273,7637.2285133635105,18.27088161091749,356.54046783335355,7993.768981196864,0.0,7993.768981196864
274,7628.092566743573,18.249025279290844,357.3029275734094,7985.395494316983,0.0,7985.395494316983
275,7619.043932760311,18.22737782957012,358.0499248502938,7977.093857610605,0.0,7977.093857610605
276,7610.081184273635,18.20593584754458,358.7818388118683,7968.863023085503,0.0,7968.863023085503
277,7601.202925627073,18.18469599432314,359.4990276853151,7960.701953312388,0.0,7960.701953312388
278,7592.4077931019765,18.163655007420996,360.20182700348755,7952.609620105464,0.0,7952.609620105464
279,7583.694455585029,18.142809702356526,360.8905483573211,7944.585003942349,0.0,7944.585003942349
280,7575.061615316867,18.122156974442266,361.56547866759576,7936.627093984463,0.0,7936.627093984463
281,7566.508008602522,18.1016938004845,362.2268799538083,7928.73488855633,0.0,7928.73488855633
282,7558.032406383669,18.08141724015232,362.8749895653132,7920.9073959489815,0.0,7920.9073959489815
283,7549.6336145981595,18.0613244368377,363.5100208303692,7913.143635428529,0.0,7913.143635428529
284,7541.310474275122,18.04141261788307,364.132164072255,7905.442638347377,0.0,7905.442638347377
285,7533.061861341886,18.021679094119342,364.74158793794373,7897.80344927983,0.0,7897.80344927983
286,7524.886686140018,18.00212125870818,365.3384409836397,7890.225127123658,0.0,7890.225127123658
287,7516.783892663609,17.98273658531964,365.92285346235144,7882.70674612596,0.0,7882.70674612596
288,7508.75245755469,17.963522625728924,366.49493926117555,7875.247396815866,0.0,7875.247396815866
289,7500.791388890232,17.944477006914433,367.05479793966117,7867.846186829894,0.0,7867.846186829894
290,7492.89972481448,17.925597427785835,367.6025168251134,7860.502241639593,0.0,7860.502241639593
291,7485.076532057506,17.906881655639964,368.13817312561173,7853.214705183117,0.0,7853.214705183117
292,7477.32090439688,17.888327522480573,368.66183602658316,7845.982740423463,0.0,7845.982740423463
293,7469.631961098011,17.869932921287106,369.173568741718,7838.8055298397285,0.0,7838.8055298397285
294,7462.008845379531,17.851695802343375,369.6734304936914,7831.682275873222,0.0,7831.682275873222
295,7454.450722933358,17.83361416969703,370.16147840441874,7824.612201337776,0.0,7824.612201337776
296,7446.956780526706,17.815686077815087,370.6377692783579,7817.594549805064,0.0,7817.594549805064
297,7439.526224704613,17.797909628479935,371.102361265646,7810.628585970259,0.0,7810.628585970259
298,7432.158280606292,17.780282967957636,371.55531539462925,7803.713596000921,0.0,7803.713596000921
299,7424.852190899796,17.762804284449274,371.9966969656376,7796.848887865434,0.0,7796.848887865434
300,7417.607214838469,17.74547180583366,372.4265767997244,7790.033791638193,0.0,7790.033791638193
301,7410.422627432974,17.72828379768654,372.84503233760466,7783.267659770579,0.0,7783.267659770579
302,7403.297718734374,17.711238561565487,373.25214858524276,7776.549867319617,0.0,7776.549867319617
303,7396.231793215753,17.69433443353051,373.6480189035506,7769.879812119304,0.0,7769.879812119304
304,7389.224169243547,17.6775697828793,374.03274564051964,7763.256914884067,0.0,7763.256914884067
305,7382.274178624256,17.660943011062813,374.40644060490087,7756.680619229157,0.0,7756.680619229157
306,7375.381166216446,17.644452550757048,374.76922538131987,7750.150391597766,0.0,7750.150391597766
307,7368.544489592927,17.62809686505485,375.1212314875246,7743.6657210804515,0.0,7743.6657210804515
308,7361.763518744949,17.61187444675825,375.46260037534876,7737.226119120298,0.0,7737.226119120298
309,7355.037635817768,17.595783817745858,375.7934832779638,7730.831119095732,0.0,7730.831119095732
310,7348.366234869061,17.579823528394883,376.11404090710323,7724.4802757761645,0.0,7724.4802757761645
311,7341.748721645107,17.56399215704571,376.4244430051815,7718.1731646502885,0.0,7718.1731646502885
312,7335.184513369961,17.548288309497515,376.72486775858374,7711.909381128545,0.0,7711.909381128545
313,7328.673038546984,17.532710618533454,377.0155010798625,7705.688539626846,0.0,7705.688539626846
314,7322.21373677023,17.51725774346945,377.2965357681057,7699.510272538336,0.0,7699.510272538336
315,7315.806058548368,17.501928369732937,377.568170558306,7693.374229106674,0.0,7693.374229106674
316,7309.449465144199,17.486721208478944,377.83060907211586,7687.280074216315,0.0,7687.280074216315
317,7303.143428431044,17.471634996246518,378.08405868386626,7681.227487114911,0.0,7681.227487114911
318,7296.887430773849,17.45666849467428,378.3287293171071,7675.216160090956,0.0,7675.216160090956
319,7290.680964934512,17.441820490273955,378.5648321881354,7669.245797122648,0.0,7669.245797122648
320,7284.523534008067,17.427089794277673,378.79257851396835,7663.316112522036,0.0,7663.316112522036
321,7278.414651391177,17.412475242562625,379.012178202929,7657.4268295941065,0.0,7657.4268295941065
322,7272.353840785,17.397975695657895,379.22383854642544,7651.577679331425,0.0,7651.577679331425
323,7266.340636229935,17.383590038827595,379.42776293056215,7645.768399160497,0.0,7645.768399160497
324,7260.374582173967,17.36931718223437,379.62414958592456,7639.998731759892,0.0,7639.998731759892
325,7254.455233565875,17.35515606116238,379.81319039320795,7634.268423959083,0.0,7634.268423959083
326,7248.582155970493,17.341105636293044,379.99506976133176,7628.577225731825,0.0,7628.577225731825
327,7242.754925697649,17.327164894013514,380.1699635933019,7622.924889290951,0.0,7622.924889290951
328,7236.973129933849,17.313332846731697,380.33803835340007,7617.3111682872495,0.0,7617.3111682872495
329,7231.236366867243,17.299608533175224,380.4994502473239,7611.735817114567,0.0,7611.735817114567
330,7225.544245795174,17.28599101864874,380.65434452473716,7606.198590319911,0.0,7606.198590319911
331,7219.896387202369,17.272479395220977,380.80285491136243,7600.699242113731,0.0,7600.699242113731
332,7214.292422796334,17.25907278180941,380.9451031753411,7595.2375259716755,0.0,7595.2375259716755
333,7208.73199549431,17.245770324149067,381.0811988301401,7589.81319432445,0.0,7589.81319432445
334,7203.214759348362,17.232571194613307,381.2112389738876,7584.42599832225,0.0,7584.42599832225
335,7197.740379403155,17.219474591873578,381.3353082627086,7579.075687665863,0.0,7579.075687665863
336,7192.308531481176,17.20647974038559,381.45347901348134,7573.762010494657,0.0,7573.762010494657
337,7186.9189018899715,17.193585889688926,381.5658114294689,7568.484713319441,0.0,7568.484713319441
338,7181.571187055306,17.18079231352944,381.67235394056144,7563.243540995867,0.0,7563.243540995867
339,7176.265093074419,17.168098308790476,381.77314364839117,7558.03823672281,0.0,7558.03823672281
340,7171.000335200459,17.15550319425947,381.86820686540244,7552.868542065861,0.0,7552.868542065861
341,7165.77663725757,17.143006309228635,381.95755973605526,7547.734196993625,0.0,7547.734196993625
342,7160.593730998891,17.13060701195907,382.04120892773227,7542.634939926624,0.0,7542.634939926624
343,7155.451355412932,17.118304678021367,382.11915237858386,7537.570507791515,0.0,7537.570507791515
344,7150.34925599054,17.10609869854196,382.1913800894821,7532.540636080022,0.0,7532.540636080022
345,7145.287183962003,17.093988478377998,382.25787494742684,7527.54505890943,0.0,7527.54505890943
346,7140.2648955160885,17.081973434249015,382.3186135681414,7522.58350908423,0.0,7522.58350908423
347,7135.282151012742,17.07005299285345,382.3735671461856,7517.655718158928,0.0,7517.655718158928
348,7130.338714199282,17.058226588993495,382.42270230165303,7512.7614165009345,0.0,7512.7614165009345
349,7125.434351442251,17.046493663737444,382.4659819134027,7507.900333355654,0.0,7507.900333355654
350,7120.568830983815,17.034853662640707,382.50336592974776,7503.072196913563,0.0,7503.072196913563
351,7115.741922230621,17.02330603404455,382.5348121485723,7498.276734379193,0.0,7498.276734379193
352,7110.953395084075,17.011850227473865,382.5602769599376,7493.513672044012,0.0,7493.513672044012
353,7106.203019319069,17.000485692150885,382.57971604534544,7488.782735364415,0.0,7488.782735364415
354,7101.490564013976,16.989211875631522,382.59308502893106,7484.083649042907,0.0,7484.083649042907
355,7096.815797036849,16.978028222576196,382.6003400769304,7479.41613711378,0.0,7479.41613711378
356,7092.178484593009,16.966934173667486,382.6014384428065,7474.779923035815,0.0,7474.779923035815
357,7087.57839083034,16.955929164665886,382.59633895639297,7470.174729786733,0.0,7470.174729786733
358,7083.0152775077,16.945012625616506,382.58500245632825,7465.600279964028,0.0,7465.600279964028
359,7078.488903723026,16.934183980198625,382.5673921658816,7461.056295888908,0.0,7461.056295888908
360,7073.999025700136,16.923442645215637,382.5434740130304,7456.542499713167,0.0,7456.542499713167
361,7069.5453966319,16.912788030219858,382.5132168963111,7452.058613528211,0.0,7452.058613528211
362,7065.127766578535,16.90221953726922,382.47659289854425,7447.604359477079,0.0,7447.604359477079
363,7060.745882415433,16.89173656080247,382.4335774510229,7443.1794598664555,0.0,7443.1794598664555
364,7056.399487826667,16.881338487623605,382.384149451163,7438.783637277829,0.0,7438.783637277829
365,7052.088323342666,16.871024696992023,382.32829133692746,7434.416614679593,0.0,7434.416614679593
366,7047.812126416273,16.86079456080448,382.26598912158306,7430.078115537855,0.0,7430.078115537855
367,7043.570631531675,16.85064744385568,382.1972323925115,7425.767863924186,0.0,7425.767863924186
368,7039.363570343666,16.84058270417145,382.1220142778924,7421.485584621558,0.0,7421.485584621558
369,7035.19067184414,16.830599693407034,382.04033138511,7417.23100322925,0.0,7417.23100322925
370,7031.051662546503,16.820697757288286,381.9521837147079,7413.003846261211,0.0,7413.003846261211
371,7026.946266691461,16.810876236103972,381.8575745536381,7408.803841245099,0.0,7408.803841245099
372,7022.874206464241,16.801134465225456,381.756510351429,7404.63071681567,0.0,7404.63071681567
373,7018.835202221961,16.791471775650624,381.6490005827344,7400.484202804695,0.0,7400.484202804695
374,7014.828972730058,16.781887494569517,381.5350575995271,7396.364030329585,0.0,7396.364030329585
375,7010.855235399644,16.772380945932163,381.4146964759833,7392.269931875627,0.0,7392.269931875627
376,7006.913706528895,16.762951451026066,381.2879348488556,7388.201641377751,0.0,7388.201641377751
377,7003.004101541008,16.753598329045474,381.1547927558737,7384.158894296882,0.0,7384.158894296882
378,6999.1261352212205,16.744320897658422,381.01529247444364,7380.141427695664,0.0,7380.141427695664
379,6995.279521944991,16.73511847355261,380.8694583626369,7376.148980307627,0.0,7376.148980307627
380,6991.463975902421,16.725990372972298,380.7173167041866,7372.181292606608,0.0,7372.181292606608
381,6987.6792113132215,16.716935912232586,380.5588955589293,7368.238106872151,0.0,7368.238106872151
382,6983.924942631762,16.707954408209957,380.3942246198694,7364.319167251631,0.0,7364.319167251631
383,6980.200884742164,16.699045178809005,380.2233350777768,7360.424219819941,0.0,7360.424219819941
384,6976.50675314171,16.69020754340122,380.04625949399144,7356.553012635702,0.0,7356.553012635702
385,6972.842264114861,16.681440823241292,379.8630316818728,7352.7052957967335,0.0,7352.7052957967335
386,6969.2071348917725,16.672744341846347,379.6736865971247,7348.880821488897,0.0,7348.880821488897
387,6965.601083799158,16.66411742535684,379.4782602370264,7345.079344036184,0.0,7345.079344036184
388,6962.023830396935,16.65555940286348,379.2767895484374,7341.300619945373,0.0,7341.300619945373
389,6958.475095602312,16.647069606704093,379.0693123442817,7337.544407946593,0.0,7337.544407946593
390,6954.954601805938,16.638647372741477,378.8558672280957,7333.810469034034,0.0,7333.810469034034
391,6951.462072974197,16.63029204060813,378.63649352611134,7330.098566500309,0.0,7330.098566500309
392,6947.997234742775,16.62200295393008,378.4112312262613,7326.408465969036,0.0,7326.408465969036
393,6944.559814499282,16.613779460524597,378.18012092342883,7322.739935422711,0.0,7322.739935422711
394,6941.149541458628,16.60562091258045,377.9432037702188,7319.092745228847,0.0,7319.092745228847
395,6937.766146727801,16.59752666681292,377.700521432502,7315.466668160303,0.0,7315.466668160303
396,6934.409363364065,16.589496084603027,377.452116048977,7311.861479413042,0.0,7311.861479413042
397,6931.078926426103,16.581528532119865,377.19803019400445,7308.276956620108,0.0,7308.276956620108
398,6927.7745730176775,16.573623380425065,376.9383068429902,7304.712879860668,0.0,7304.712879860668
399,6924.49604232729,16.565780005567678,376.67298933963593,7301.169031666926,0.0,7301.169031666926
400,6921.243075659477,16.557997788659037,376.4021213644191,7297.645197023896,0.0,7297.645197023896
401,6918.015416464943,16.55027611594484,376.12574690372935,7294.141163368672,0.0,7294.141163368672
402,6914.812810364138,16.542614378861575,375.8439102191496,7290.656720583288,0.0,7290.656720583288
403,6911.635005167405,16.535011974084703,375.55665581644564,7287.191660983851,0.0,7287.191660983851
404,6908.481750892904,16.52746830357154,375.2640284139046,7283.745779306808,0.0,7283.745779306808
405,6905.352799779087,16.519982774591117,374.966072909741,7280.318872688828,0.0,7280.318872688828
406,6902.247906298086,16.512554799756185,374.6628343483678,7276.910740646454,0.0,7276.910740646454
407,6899.166827162748,16.505183797040065,374.35435788541383,7273.521185048162,0.0,7273.521185048162
408,6896.109321333515,16.4978691897931,374.0406887514366,7270.150010084952,0.0,7270.150010084952
409,6893.075150022511,16.490610406752417,373.72187221436616,7266.797022236877,0.0,7266.797022236877
410,6890.064076695285,16.483406882046136,373.39795354076904,7263.462030236054,0.0,7263.462030236054
411,6887.075867071224,16.476258055194315,373.0689779560987,7260.144845027323,0.0,7260.144845027323
412,6884.110289119251,16.469163371098688,372.7349906041456,7256.845279723397,0.0,7256.845279723397
413,6881.167113056079,16.462122280038468,372.39603650595416,7253.563149562033,0.0,7253.563149562033
414,6878.24611133735,16.455134237649162,372.05216051851716,7250.298271855867,0.0,7250.298271855867
415,6875.34705864856,16.44819870490086,371.703407293588,7247.050465942148,0.0,7247.050465942148
416,6872.46973189541,16.441315148075144,371.349821236983,7243.819553132394,0.0,7243.819553132394
417,6869.613910188686,16.434483038728914,370.99144646876175,7240.605356657447,0.0,7240.605356657447
418,6866.779374828752,16.4277018536573,370.6283267846828,7237.407701613435,0.0,7237.407701613435
419,6863.965909287639,16.42097107485081,370.26050561933994,7234.226414906979,0.0,7234.226414906979
420,6861.173299187654,16.41429018944415,369.888026011376,7231.06132519903,0.0,7231.06132519903
421,6858.401332278412,16.40765868966127,369.5109305711627,7227.912262849575,0.0,7227.912262849575
422,6855.649798412624,16.401076072757473,369.1292614513182,7224.779059863942,0.0,7224.779059863942
423,6852.918489518146,16.394541840952503,368.74306032041443,7221.661549838561,0.0,7221.661549838561
424,6850.207199569372,16.388055501362135,368.35236834019474,7218.559567909567,0.0,7218.559567909567
425,6847.515724556639,16.381616565924972,367.9572261465981,7215.472950703237,0.0,7215.472950703237
426,6844.84386245545,16.375224551328827,367.5576738348497,7212.4015362903,0.0,7212.4015362903
427,6842.191413192873,16.36887897893032,367.1537509488427,7209.345164141716,0.0,7209.345164141716
428,6839.558178616194,16.36257937467989,366.74549647499805,7206.3036750911915,0.0,7206.3036750911915
429,6836.943962460426,16.35632526904408,366.33294884075497,7203.276911301181,0.0,7203.276911301181
430,6834.348570316897,16.350116196930376,365.9161459178011,7200.264716234698,0.0,7200.264716234698
431,6831.771809603698,16.343951697616504,365.4951250301201,7197.266934633818,0.0,7197.266934633818
432,6829.213489538626,16.337831314685708,365.06992296689367,7194.28341250552,0.0,7194.28341250552
433,6826.673421115902,16.331754595971056,364.64057600026047,7191.313997116163,0.0,7191.313997116163
434,6824.15141708581,16.325721093506722,364.2071199079061,7188.358536993716,0.0,7188.358536993716
435,6821.647291940344,16.319730363493647,363.7695900004202,7185.416881940764,0.0,7185.416881940764
436,6819.160861905242,16.313781966280484,363.32802115333516,7182.488883058577,0.0,7182.488883058577
437,6816.691944938191,16.30787546635931,362.8824478437281,7179.574392781919,0.0,7179.574392781919
438,6814.240360735299,16.3020104323811,362.43290419125,7176.673264926549,0.0,7176.673264926549
439,6811.805930748249,16.296186437196766,361.97942400341833,7173.785354751667,0.0,7173.785354751667
440,6809.388478207891,16.290403057913615,361.52204082499105,7170.910519032882,0.0,7170.910519032882
441,6806.987828162422,16.284659875986655,361.06078799122116,7168.048616153644,0.0,7168.048616153644
442,6804.603807524541,16.278956477331437,360.59569868477126,7165.199506209312,0.0,7165.199506209312
443,6802.236245132071,16.27329245246907,360.1268059960488,7162.36305112812,0.0,7162.36305112812
444,6799.884971820763,16.26766739670039,359.65414298670555,7159.539114807469,0.0,7159.539114807469
445,6797.5498205099975,16.262080910311,359.1777427560237,7156.727563266021,0.0,7156.727563266021
446,6795.230626301176,16.25653259880664,358.69763850989125,7153.9282648110675,0.0,7153.9282648110675
447,6792.927226589853,16.251022073181467,358.2138636320449,7151.141090221898,0.0,7151.141090221898
448,6790.6394611886735,16.245548950212136,357.7264517572357,7148.365912945909,0.0,7148.365912945909
449,6788.367172462333,16.2401128527807,357.2354368459428,7145.6026093082755,0.0,7145.6026093082755
450,6786.110205472727,16.234713410221836,356.7408532602316,7142.851058732958,0.0,7142.851058732958
451,6783.868408132268,16.229350258689635,356.2427358403201,7140.111143972588,0.0,7140.111143972588
452,6781.641631364079,16.22402304154086,355.74111998137994,7137.382751345459,0.0,7137.382751345459
453,6779.42972926591,16.21873140972706,355.23604171006576,7134.665770975976,0.0,7134.665770975976
454,6777.23255927615,16.213475022191748,354.7275377602243,7131.9600970363745,0.0,7131.9600970363745
455,6775.0499823386335,16.20825354626467,354.2156456472015,7129.265627985835,0.0,7129.265627985835
456,6772.881863061548,16.20306665804198,353.70040374012694,7126.582266801674,0.0,7126.582266801674
457,6770.728069868966,16.19791404274872,353.18185133152326,7123.9099212004885,0.0,7123.9099212004885
458,6768.588475141081,16.192795395074356,352.66002870355965,7121.248503844641,0.0,7121.248503844641
459,6766.462955338385,16.18771041946982,352.1349771902453,7118.59793252863,0.0,7118.59793252863
460,6764.351391105711,16.182658830396438,351.6067392348465,7115.958130340558,0.0,7115.958130340558
461,6762.253667356402,16.177640352527277,351.0753584418035,7113.329025798205,0.0,7113.329025798205
462,6760.1696733282715,16.17265472088103,350.5408796224334,7110.710552950705,0.0,7110.710552950705
463,6758.099302612946,16.167701680892215,350.00334883372136,7108.102651446668,0.0,7108.102651446668
464,6756.042453153571,16.16278098840567,349.46281340953567,7105.5052665631065,0.0,7105.5052665631065
465,6753.999027212573,16.15789240959946,348.91932198365197,7102.918349196225,0.0,7102.918349196225
466,6751.968931303226,16.153035720821116,348.3729245040258,7100.341855807252,0.0,7100.341855807252
467,6749.952076091449,16.14821070835275,347.82367223783496,7097.775748329284,0.0,7097.775748329284
468,6747.948376263607,16.143417168094754,347.2716177668934,7095.219994030501,0.0,7095.219994030501
469,6745.957750363661,16.13865490517622,346.71681497314154,7092.6745653368025,0.0,7092.6745653368025
470,6743.980120602747,16.133923733499394,346.15931901402337,7090.139439616771,0.0,7090.139439616771
471,6742.015412641516,16.12922347521894,345.5991862876782,7087.6145989291945,0.0,7087.6145989291945
472,6740.063555352089,16.12455396017246,345.0364743879944,7085.100029740083,0.0,7085.100029740083
473,6738.124480561823,16.119915025267517,344.4712420496942,7082.595722611517,0.0,7082.595722611517
474,6736.198122782414,16.115306513833527,343.9035490837441,7080.1016718661585,0.0,7080.1016718661585
475,6734.2844189303305,16.110728274952944,343.3334563035012,7077.617875233832,0.0,7077.617875233832
476,6732.383308046435,16.106180162790512,342.7610254421194,7075.144333488554,0.0,7075.144333488554
477,6730.494731011444,16.101662035912547,342.18631906184726,7072.681050073291,0.0,7072.681050073291
478,6728.618630270158,16.09717375662717,341.60940045594054,7070.228030726099,0.0,7070.228030726099
479,6726.754949563709,16.0927151903438,341.03033354399577,7067.785283107704,0.0,7067.785283107704
480,6724.903633676848,16.088286204968536,340.44918276158285,7065.352816438431,0.0,7065.352816438431
481,6723.064628198974,16.083886670332472,339.8660129451072,7062.930641144081,0.0,7062.930641144081
482,6721.237879307675,16.079516457673865,339.2808892128729,7060.518768520548,0.0,7060.518768520548
483,6719.423333572111,16.07517543916773,338.69387684334555,7058.117210415457,0.0,7058.117210415457
484,6717.620937780119,16.070863487512245,338.10504115161956,7055.725978931739,0.0,7055.725978931739
485,6715.830638789406,16.066580475572742,337.5144473650983,7053.345086154504,0.0,7053.345086154504
486,6714.052383403026,16.062326276083795,336.9221604993709,7050.974543902397,0.0,7050.974543902397
487,6712.2861182702945,16.058100761412188,336.3282452352444,7048.614363505539,0.0,7048.614363505539
488,6710.531789810037,16.05390380337329,335.73276579785,7046.264555607887,0.0,7046.264555607887
489,6708.78934415739,16.049735273103803,335.13578583868787,7043.925129996078,0.0,7043.925129996078
490,6707.058727132882,16.045595040987756,334.5373683214194,7041.596095454302,0.0,7041.596095454302
491,6705.339884228426,16.04148297662303,333.9375754121472,7039.277459640573,0.0,7039.277459640573
492,6703.632760615212,16.03739894884022,333.33646837485276,7036.969228990065,0.0,7036.969228990065
493,6701.9373011639145,16.033342825750992,332.7341074725829,7034.671408636497,0.0,7034.671408636497
494,6700.253450480441,16.02931447483359,332.130551874902,7032.384002355343,0.0,7032.384002355343
495,6698.581152952875,16.025313763045155,331.525859572041,7030.107012524915,0.0,7030.107012524915
496,6696.920352808674,16.02134055695855,330.92008729609694,7027.840440104771,0.0,7027.840440104771
497,6695.270994177652,16.017394722913043,330.3132904495575,7025.58428462721,0.0,7025.58428462721
498,6693.6330211620625,16.013476127181967,329.70552304134486,7023.338544203408,0.0,7023.338544203408
499,6692.006377910161,16.00958463614871,329.0968376305029,7021.103215540664,0.0,7021.103215540664
500,6690.391008690079,16.00572011648344,328.4872852775774,7018.878293967656,0.0,7018.878293967656
501,6688.786857966912,16.00188243532754,327.87691550367555,7016.663773470587,0.0,7016.663773470587
502,6687.19387047596,15.998071460468802,327.26577625713037,7014.45964673309,0.0,7014.45964673309
503,6685.611991295812,15.994287060516296,326.6539138876392,7012.265905183451,0.0,7012.265905183451
504,6684.041165916486,15.990529105063363,326.04137312769836,7010.082539044184,0.0,7010.082539044184
505,6682.481340304458,15.986797464843201,325.42819708110994,7007.909537385568,0.0,7007.909537385568
506,6680.932460962385,15.983092011871735,324.8144272183026,7005.746888180688,0.0,7005.746888180688
507,6679.394474981882,15.97941261957388,324.20010337817536,7003.594578360057,0.0,7003.594578360057
508,6677.867330092426,15.97575916290054,323.58526377614623,7001.452593868572,0.0,7001.452593868572
509,6676.350974701325,15.972131518424222,322.9699450180701,6999.3209197193955,0.0,6999.3209197193955
510,6674.845357928072,15.968529564421225,322.3541821196711,6997.1995400477435,0.0,6997.1995400477435
511,6673.350429631718,15.964953180937124,321.7380085311278,6995.088438162846,0.0,6995.088438162846
512,6671.866140430378,15.96140224983344,321.1214561664363,6992.987596596815,0.0,6992.987596596815
513,6670.392441714063,15.957876654818334,320.50455543718016,6990.896997151243,0.0,6990.896997151243
514,6668.9292856499715,15.954376281459261,319.8873352903281,6988.8166209403,0.0,6988.8166209403
515,6667.47662518248,15.950901017182968,319.26982324968634,6986.746448432166,0.0,6986.746448432166
516,6666.034414023233,15.947450751251752,318.65204546063455,6984.686459483867,0.0,6984.686459483867
517,6664.602606638098,15.944025374732293,318.03402673777975,6982.636633375878,0.0,6982.636633375878
518,6663.181158226305,15.940624780445706,317.41579061516927,6980.596948841475,0.0,6980.596948841475
519,6661.770024693481,15.937248862903065,316.7973593987093,6978.56738409219,0.0,6978.56738409219
520,6660.3691626196305,15.93389751822878,316.17875422044585,6976.547916840076,0.0,6976.547916840076
521,6658.978529222852,15.930570644073807,315.55999509437146,6974.538524317223,0.0,6974.538524317223
522,6657.598082316579,15.927268139513346,314.9411009734305,6972.5391832900095,0.0,6972.5391832900095
523,6656.227780265082,15.923989904940388,314.3220898074027,6970.549870072485,0.0,6970.549870072485
524,6654.867581931925,15.920735841942404,313.7029786013574,6968.570560533282,0.0,6968.570560533282
525,6653.517446629361,15.91750585318029,313.0837834743766,6966.601230103738,0.0,6966.601230103738
526,6652.177334061684,15.914299842252833,312.46451971825496,6964.641853779939,0.0,6964.641853779939
527,6650.847204267559,15.911117713558754,311.8452018558984,6962.692406123458,0.0,6962.692406123458
528,6649.527017561535,15.907959372156782,311.22584369914875,6960.752861260684,0.0,6960.752861260684
529,6648.216734472635,15.904824723618743,310.6064584057766,6958.823192878412,0.0,6958.823192878412
530,6646.916315683548,15.901713673884087,309.98705853539536,6956.903374218944,0.0,6956.903374218944
531,6645.625721970117,15.898626129115113,309.3676561040615,6954.9933780741785,0.0,6954.9933780741785
532,6644.34491413931,15.89556199554859,308.7482626373429,6953.093176776653,0.0,6953.093176776653
533,6643.07385296892,15.892521179351483,308.12888922164814,6951.202742190568,0.0,6951.202742190568
534,6641.812499150539,15.889503586484544,307.50954655362864,6949.322045704168,0.0,6949.322045704168
535,6640.560813229283,15.886509122558092,306.8902449874821,6947.451058216765,0.0,6947.451058216765
536,6639.31875555099,15.883537692705719,306.27099458000254,6945.589750130993,0.0,6945.589750130993
537,6638.086286208052,15.88058920145467,305.6518051332421,6943.738091341294,0.0,6943.738091341294
538,6636.863364989567,15.87766355260662,305.03268623467073,6941.896051224238,0.0,6941.896051224238
539,6635.649951333913,15.874760649124195,304.4136472947373,6940.063598628651,0.0,6940.063598628651
540,6634.4460042845685,15.871880393025284,303.7946975817602,6938.240701866329,0.0,6938.240701866329
541,6633.251482449788,15.869022685286575,303.17584625409467,6936.427328703883,0.0,6936.427328703883
542,6632.066343965501,15.866187425754786,302.55710238954515,6934.623446355046,0.0,6934.623446355046
543,6630.890546461729,15.863374513066338,301.93847501201344,6932.829021473743,0.0,6932.829021473743
544,6629.724047033504,15.86058384457776,301.31997311539396,6931.044020148897,0.0,6931.044020148897
545,6628.566802215003,15.857815316303835,300.7016056847448,6929.268407899748,0.0,6929.268407899748
546,6627.418767957545,15.85506882286494,300.0833817147872,6927.502149672332,0.0,6927.502149672332
547,6626.2798996126,15.852344257446411,299.46531022580007,6925.7452098384,0.0,6925.7452098384
548,6625.150151916581,15.849641511762156,298.8474002769936,6923.997552193575,0.0,6923.997552193575
549,6624.0294789811105,15.846960476031365,298.22966097746416,6922.259139958574,0.0,6922.259139958574
550,6622.917834286656,15.844301038963293,297.6121014948413,6920.529935781497,0.0,6920.529935781497
551,6621.815170678587,15.841663087747815,296.99473106175503,6918.809901740342,0.0,6918.809901740342
552,6620.721440368292,15.839046508058114,296.3775589802575,6917.098999348549,0.0,6917.098999348549
553,6619.636594935166,15.83645118405542,295.7605946243424,6915.397189559508,0.0,6915.397189559508
554,6618.560585334591,15.833876998408114,295.14384744071316,6913.704432775305,0.0,6913.704432775305
555,6617.493361905986,15.83132383231097,294.52732694795435,6912.02068885394,0.0,6912.02068885394
556,6616.434874384763,15.828791565513788,293.9110427342607,6910.345917119024,0.0,6910.345917119024
557,6615.385071916675,15.826280076355681,293.29500445388567,6908.6800763705605,0.0,6908.6800763705605
558,6614.343903073567,15.823789241802793,292.67922182246093,6907.023124896028,0.0,6907.023124896028
559,6613.3113158727265,15.821318937494562,292.06370461134543,6905.375020484072,0.0,6905.375020484072
560,6612.287257795375,15.818869037787978,291.4484626411504,6903.735720436525,0.0,6903.735720436525
561,6611.271675809627,15.816439415812503,290.8335057745878,6902.105181584215,0.0,6902.105181584215
562,6610.264516392129,15.81402994352184,290.21884390877875,6900.483360300907,0.0,6900.483360300907
563,6609.2657255521435,15.81164049175154,289.6044869671542,6898.870212519298,0.0,6898.870212519298
564,6608.275248856982,15.809270930279862,288.99044489106944,6897.2656937480515,0.0,6897.2656937480515
565,6607.293031456844,15.806921127887186,288.3767276312488,6895.669759088093,0.0,6895.669759088093
566,6606.319018111414,15.804590952419652,287.76334513916277,6894.082363250577,0.0,6894.082363250577
567,6605.3531532156385,15.80228027085081,287.1503073584356,6892.503460574074,0.0,6892.503460574074
568,6604.395380826799,15.799988949346409,286.53762421636753,6890.933005043166,0.0,6890.933005043166
569,6603.445644691603,15.797716853329193,285.9253056156499,6889.370950307253,0.0,6889.370950307253
570,6602.503888272617,15.795463847542145,285.31336142633774,6887.817249698955,0.0,6887.817249698955
571,6601.570054774499,15.793229796111241,284.70180147813966,6886.271856252639,0.0,6886.271856252639
572,6600.644087170736,15.791014562609417,284.0906355530724,6884.734722723809,0.0,6884.734722723809
573,6599.725928229278,15.78881801011789,283.479873378521,6883.205801607799,0.0,6883.205801607799
574,6598.815520538934,15.786640001289316,282.86952462073685,6881.685045159671,0.0,6881.685045159671
575,6597.912806532748,15.784480398403703,282.25959887879753,6880.172405411546,0.0,6880.172405411546
576,6597.017728514104,15.782339063430872,281.65010567904807,6878.667834193153,0.0,6878.667834193153
577,6596.130228679095,15.78021585808396,281.04105447003286,6877.171283149128,0.0,6877.171283149128
578,6595.250249140695,15.77811064387726,280.4324546179264,6875.682703758621,0.0,6875.682703758621
579,6594.377731950274,15.77602328217769,279.82431540246046,6874.202047352735,0.0,6874.202047352735
580,6593.512619119923,15.77395363425819,279.21664601334726,6872.729265133271,0.0,6872.729265133271
581,6592.654852642818,15.771901561346453,278.6094555471869,6871.264308190005,0.0,6871.264308190005
582,6591.8043745131945,15.769866924672714,278.00275300485083,6869.8071275180455,0.0,6869.8071275180455
583,6590.961126746107,15.767849585517002,277.3965472893242,6868.357674035431,0.0,6868.357674035431
584,6590.125051395403,15.76584940525216,276.790847203992,6866.9158985993945,0.0,6866.9158985993945
585,6589.296090571101,15.763866245385408,276.18566145134827,6865.481752022449,0.0,6865.481752022449
586,6588.474186457118,15.76189996760076,275.58099863211,6864.055185089228,0.0,6864.055185089228
587,6587.659281326056,15.759950433794392,274.9768672447108,6862.636148570767,0.0,6862.636148570767
588,6586.851317555343,15.75801750611326,274.373275685154,6861.224593240497,0.0,6861.224593240497
589,6586.0502376410805,15.756101046988231,273.77023224720045,6859.820469888281,0.0,6859.820469888281
590,6585.2559842117735,15.754200919166923,273.16774512286696,6858.4237293346405,0.0,6858.4237293346405
591,6584.468500040854,15.75231698574367,272.5658224032123,6857.034322444067,0.0,6857.034322444067
592,6583.687728059733,15.750449110190749,271.9644720793853,6855.652200139118,0.0,6855.652200139118
593,6582.913611367676,15.748597156381999,271.3637020439136,6854.27731341159,0.0,6854.27731341159
594,6582.146093243988,15.74676098862198,270.763520092207,6852.9096133361945,0.0,6852.9096133361945
595,6581.3851171567785,15.744940471666935,270.1639339242554,6851.549051081034,0.0,6851.549051081034
596,6580.630626772244,15.743135470746996,269.56495114649726,6850.195577918741,0.0,6850.195577918741
597,6579.882565964314,15.74134585158927,268.96657927383797,6848.849145238152,0.0,6848.849145238152
598,6579.140878822071,15.739571480435576,268.3688257317987,6847.50970455387,0.0,6847.50970455387
599,6578.405509656209,15.737812224057915,267.7716978587744,6846.177207514983,0.0,6846.177207514983
600,6577.676403007686,15.736067949779152,267.1752029083838,6844.851605916069,0.0,6844.851605916069
601,6576.953503651683,15.734338525482494,266.57934805189365,6843.532851703576,0.0,6843.532851703576
602,6576.236756605302,15.732623819629909,265.98414038070007,6842.220896986002,0.0,6842.220896986002
603,6575.526107131422,15.730923701271344,265.3895869088527,6840.9156940402745,0.0,6840.9156940402745
604,6574.821500744165,15.72923804005781,264.79569457560706,6839.617195319772,0.0,6839.617195319772
605,6574.122883211695,15.727566706248075,264.2024702479909,6838.325353459686,0.0,6838.325353459686
606,6573.430200561686,15.725909570721738,263.60992072337444,6837.040121285061,0.0,6837.040121285061
607,6572.743399082938,15.724266504983104,263.01805273203223,6835.76145181497,0.0,6835.76145181497
608,6572.062425329148,15.72263738117021,262.4268729396863,6834.489298268834,0.0,6834.489298268834
609,6571.387226120623,15.721022072058908,261.836387950024,6833.223614070647,0.0,6833.223614070647
610,6570.717748546521,15.719420451068231,261.24660430718023,6831.964352853701,0.0,6831.964352853701
611,6570.053939966698,15.717832392264826,260.6575284981779,6830.711468464876,0.0,6830.711468464876
612,6569.395748012384,15.716257770364553,260.0691669553227,6829.464914967706,0.0,6829.464914967706
613,6568.743120587472,15.714696460735578,259.48152605854364,6828.224646646016,0.0,6828.224646646016
614,6568.09600586835,15.713148339397968,258.89461213767845,6826.990618006029,0.0,6826.990618006029
615,6567.454352304953,15.711613283026205,258.30843147469886,6825.762783779652,0.0,6825.762783779652
616,6566.818108620174,15.710091168947784,257.72299030587294,6824.541098926047,0.0,6824.541098926047
617,6566.187223809107,15.708581875141405,257.13829482386296,6823.325518632971,0.0,6823.325518632971
618,6565.561647139375,15.70708528023774,256.55435117975736,6822.115998319133,0.0,6822.115998319133
619,6564.9413281484885,15.705601263513131,255.971165485036,6820.912493633525,0.0,6820.912493633525
620,6564.326216644539,15.704129704891242,255.38874381346713,6819.714960458006,0.0,6819.714960458006
621,6563.716262702955,15.702670484935298,254.80709220293787,6818.523354905893,0.0,6818.523354905893
622,6563.111416665458,15.701223484845594,254.22621665721633,6817.337633322674,0.0,6817.337633322674
623,6562.511629138668,15.699788586456142,253.64612314764793,6816.157752286315,0.0,6816.157752286315
624,6561.916850990663,15.698365672226467,253.06681761478526,6814.983668605449,0.0,6814.983668605449
625,6561.327033349349,15.696954625237678,252.48830596995236,6813.8153393193015,0.0,6813.8153393193015
626,6560.742127599677,15.69555532918583,251.91059409674557,6812.652721696422,0.0,6812.652721696422
627,6560.162085380461,15.694167668374307,251.33368785247103,6811.495773232931,0.0,6811.495773232931
628,6559.586858582299,15.692791527708849,250.7575930695198,6810.344451651819,0.0,6810.344451651819
629,6559.016399343047,15.691426792686714,250.18231555668237,6809.19871489973,0.0,6809.19871489973
630,6558.45066004577,15.690073349391794,249.6078611004031,6808.058521146173,0.0,6808.058521146173
631,6557.889593313951,15.688731084483136,249.0342354659754,6806.923828779926,0.0,6806.923828779926
632,6557.333152009389,15.687399885189926,248.46144439867908,6805.794596408068,0.0,6805.794596408068
633,6556.781289226573,15.686079639298022,247.88949362485948,6804.670782851433,0.0,6804.670782851433
634,6556.2339582907625,15.684770235145365,247.31838885295016,6803.552347143713,0.0,6803.552347143713
635,6555.691112752115,15.68347156160793,246.74813577443877,6802.439248526554,0.0,6802.439248526554
636,6555.152706382898,15.682183508093058,246.17874006477575,6801.331446447673,0.0,6801.331446447673
637,6554.618693172519,15.680905964527557,245.61020738422746,6800.228900556746,0.0,6800.228900556746
638,6554.089027323296,15.679638821347599,245.04254337867198,6799.1315707019685,0.0,6799.1315707019685
639,6553.563663247149,15.678381969490786,244.4757536803379,6798.039416927487,0.0,6798.039416927487
640,6553.042555559006,15.677135300380398,243.90984390848507,6796.952399467491,0.0,6796.952399467491
641,6552.525659074767,15.675898705920494,243.3448196700276,6795.870478744794,0.0,6795.870478744794
642,6552.012928804621,15.674672078479954,242.78068656009543,6794.793615364716,0.0,6794.793615364716
643,6551.504319950243,15.67345531088575,242.21745016253703,6793.72177011278,0.0,6793.72177011278
644,6550.9997878988615,15.67224829640876,241.65511605035726,6792.654903949218,0.0,6792.654903949218
645,6550.4992882199695,15.671050928755907,241.09368978609268,6791.592978006062,0.0,6791.592978006062
646,6550.002776659504,15.66986310205623,240.53317692211925,6790.535953581623,0.0,6790.535953581623
647,6549.510209136038,15.668684710851764,239.97358300089164,6789.483792136929,0.0,6789.483792136929
648,6549.021541736505,15.667515650087333,239.41491355511147,6788.436455291617,0.0,6788.436455291617
649,6548.5367307110755,15.666355815098267,238.8571741078207,6787.393904818896,0.0,6787.393904818896
650,6548.05573246956,15.665205101601819,238.3003701724184,6786.356102641978,0.0,6786.356102641978
651,6547.578503576,15.66406340568421,237.74450725259646,6785.323010828596,0.0,6785.323010828596
652,6547.105000746069,15.662930623794423,237.1895908421908,6784.29459158826,0.0,6784.29459158826
653,6546.635180841276,15.661806652730327,236.6356264249439,6783.270807266221,0.0,6783.270807266221
654,6546.169000866392,15.660691389632516,236.08261947417517,6782.251620340567,0.0,6782.251620340567
655,6545.706417965289,15.659584731974375,235.53057545235282,6781.236993417641,0.0,6781.236993417641
656,6545.247389416834,15.658486577552235,234.97949981056405,6780.226889227399,0.0,6780.226889227399
657,6544.791872631815,15.657396824478026,234.42939798787614,6779.221270619691,0.0,6779.221270619691
658,6544.339825149963,15.65631537117216,233.88027541058509,6778.220100560548,0.0,6778.220100560548
659,6543.891204636724,15.655242116355799,233.33213749134268,6777.223342128067,0.0,6777.223342128067
660,6543.445968880593,15.65417695904448,232.78498962815885,6776.230958508751,0.0,6776.230958508751
661,6543.004075790846,15.653119798542695,232.23883720326893,6775.242912994116,0.0,6775.242912994116
662,6542.565483395107,15.652070534438055,231.69368558186142,6774.259168976968,0.0,6774.259168976968
663,6542.130149837779,15.651029066597557,231.14954011065646,6773.279689948436,0.0,6773.279689948436
664,6541.69803337907,15.649995295165239,230.60640611632775,6772.304439495398,0.0,6772.304439495398
665,6541.269092393379,15.648969120558322,230.06428890375915,6771.333381297138,0.0,6771.333381297138
666,6540.843285369032,15.647950443466584,229.52319375412767,6770.3664791231595,0.0,6770.3664791231595
667,6540.420570908113,15.646939164851945,228.98312592280104,6769.403696830915,0.0,6769.403696830915
668,6540.000907727307,15.645935185950496,228.44409063704347,6768.444998364351,0.0,6768.444998364351
669,6539.584254658725,15.644938408274461,227.90609309351686,6767.490347752241,0.0,6767.490347752241
670,6539.170570651306,15.643948733615565,227.36913845556757,6766.5397091068735,0.0,6766.5397091068735
671,6538.759814772993,15.642966064050222,226.833231850288,6765.593046623281,0.0,6765.593046623281
672,6538.3519462148715,15.641990301949454,226.2983783653418,6764.650324580213,0.0,6764.650324580213
673,6537.946924292889,15.641021349982989,225.76458304554086,6763.71150733843,0.0,6763.71150733843
674,6537.544708453955,15.640059111133862,225.23185088916233,6762.776559343117,0.0,6762.776559343117
675,6537.145258280976,15.63910348871047,224.70018684399395,6761.84544512497,0.0,6761.84544512497
676,6536.7485334985895,15.638154386360261,224.16959580309592,6760.918129301685,0.0,6760.918129301685
677,6536.354493980675,15.63721170808774,223.64008260026588,6759.994576580941,0.0,6759.994576580941
678,6535.963099758548,15.63627535827404,223.11165200519707,6759.074751763746,0.0,6759.074751763746
679,6535.574311030938,15.635345241700808,222.58430871831604,6758.158619749253,0.0,6758.158619749253
680,6535.18808817313,15.634421263572083,222.0580573652889,6757.246145538419,0.0,6757.246145538419
681,6534.804391749953,15.633503329545341,221.53290249118606,6756.337294241139,0.0,6756.337294241139
682,6534.423182527875,15.632591345760465,221.00884855429257,6755.432031082168,0.0,6755.432031082168
683,6534.044421489593,15.631685218874626,220.48589991955723,6754.530321409151,0.0,6754.530321409151
684,6533.668069849889,15.630784856100213,219.96406085166936,6753.632130701559,0.0,6753.632130701559
685,6533.294089072917,15.629890165246213,219.44333550775696,6752.737424580674,0.0,6752.737424580674
686,6532.922440890245,15.629001054761352,218.92372792969985,6751.846168819944,0.0,6751.846168819944
687,6532.553087322116,15.628117433784967,218.4052420360535,6750.958329358169,0.0,6750.958329358169
688,6532.185990698295,15.627239212196878,217.8878816135802,6750.073872311876,0.0,6750.073872311876
689,6531.821113683323,15.626366300677807,217.3716503083901,6749.192763991713,0.0,6749.192763991713
690,6531.45841930003,15.625498610765622,216.8565516166916,6748.314970916722,0.0,6748.314970916722
691,6531.097870958031,15.62463605492352,216.34258887515887,6747.44045983319,0.0,6747.44045983319
692,6530.739432482671,15.62377854660926,215.82976525092516,6746.569197733596,0.0,6746.569197733596
693,6530.383068144905,15.622926000346663,215.31808373121402,6745.701151876119,0.0,6745.701151876119
694,6530.028742694794,15.622078331805728,214.80754711262648,6744.836289807421,0.0,6744.836289807421
695,6529.67642139587,15.621235457884858,214.2981579901055,6743.974579385976,0.0,6743.974579385976
696,6529.326070061626,15.620397296798147,213.7899187456038,6743.11598880723,0.0,6743.11598880723
697,6528.977655092174,15.619563768163097,213.28283153648843,6742.260486628663,0.0,6742.260486628663
698,6528.631143516384,15.618734793101398,212.77689828371848,6741.408041800103,0.0,6741.408041800103
699,6528.286503030941,15.617910294332395,212.2721206598423,6740.558623690784,0.0,6740.558623690784
700,6527.943702044613,15.617090196278978,211.76850007686184,6739.712202121475,0.0,6739.712202121475
701,6527.602709722154,15.616274425172618,211.26603767402491,6738.868747396179,0.0,6738.868747396179
702,6527.263496029618,15.615462909161765,210.76473430560767,6738.028230335226,0.0,6738.028230335226
703,6526.926031780972,15.614655578423378,210.26459052875992,6737.190622309732,0.0,6737.190622309732
704,6526.590288686102,15.613852365277756,209.76560659149254,6736.355895277595,0.0,6736.355895277595
705,6526.25623939695,15.613053204298923,209.26778242089358,6735.524021817844,0.0,6735.524021817844
706,6525.923857558557,15.612258032436738,208.7711176116656,6734.694975170222,0.0,6734.694975170222
707,6525.593117854502,15.611466789125604,208.27561141508667,6733.8687292695895,0.0,6733.8687292695895
708,6525.263996057138,15.610679416404636,207.78126272850014,6733.045258785638,0.0,6733.045258785638
709,6524.936469073326,15.609895859027096,207.28807008544808,6732.224539158775,0.0,6732.224539158775
710,6524.610514991348,15.609116064572603,206.79603164656504,6731.406546637913,0.0,6731.406546637913
711,6524.2861131252275,15.608339983553176,206.30514519135673,6730.591258316585,0.0,6730.591258316585
712,6523.9632440574605,15.607567569515457,205.81540811098833,6729.778652168449,0.0,6729.778652168449
713,6523.64188968019,15.60679877913921,205.32681740221162,6728.968707082401,0.0,6728.968707082401
714,6523.322033231042,15.606033572323067,204.83936966255982,6728.161402893602,0.0,6728.161402893602
715,6523.003659328744,15.605271912269723,204.35306108693808,6727.3567204156825,0.0,6727.3567204156825
716,6522.686754002315,15.604513765555778,203.86788746573671,6726.554641468052,0.0,6726.554641468052
717,6522.371304717371,15.603759102194667,203.3838441845867,6725.755148901957,0.0,6725.755148901957
718,6522.057300397878,15.603007895688703,202.90092622587449,6724.958226623752,0.0,6724.958226623752
719,6521.744731440787,15.602260123064084,202.41912817212182,6724.163859612909,0.0,6724.163859612909
720,6521.433589726643,15.601515764896275,201.93844421132775,6723.372033937971,0.0,6723.372033937971
721,6521.1238686247725,15.600774805322422,201.45886814435647,6722.582736769129,0.0,6722.582736769129
722,6520.815562989346,15.600037232031928,200.98039339444063,6721.795956383787,0.0,6721.795956383787
723,6520.508669151529,15.599303036247678,200.50301301885312,6721.011682170382,0.0,6721.011682170382
724,6520.203184902792,15.598572212686104,200.02671972278196,6720.229904625574,0.0,6720.229904625574
725,6519.899109471814,15.597844759501948,199.55150587542323,6719.4506153472375,0.0,6719.4506153472375
726,6519.596443494418,15.597120678216312,199.07736352828505,6718.673807022703,0.0,6718.673807022703
727,6519.295188975817,15.596399973626356,198.6042844356733,6717.89947341149,0.0,6717.89947341149
728,6518.995349244649,15.595682653695333,198.13226007730702,6717.127609321957,0.0,6717.127609321957
729,6518.696928902108,15.59496872943088,197.66128168298587,6716.358210585094,0.0,6716.358210585094
730,6518.399933761937,15.594258214741476,197.19134025921028,6715.591274021147,0.0,6715.591274021147
731,6518.104370784874,15.593551126279603,196.72242661762894,6714.826797402503,0.0,6714.826797402503
732,6517.810248006672,15.59284748326955,196.2545314051667,6714.064779411839,0.0,6714.064779411839
733,6517.517574460154,15.592147307320943,195.78764513566412,6713.305219595818,0.0,6713.305219595818
734,6517.226360091341,15.59145062222809,195.32175822283784,6712.548118314179,0.0,6712.548118314179
735,6516.936615672433,15.590757453761801,194.85686101435516,6711.7934766867875,0.0,6711.7934766867875
736,6516.6483527088785,15.590067829447078,194.39294382679742,6711.041296535676,0.0,6711.041296535676
737,6516.361583343565,15.589381778333887,193.92999698127466,6710.29158032484,0.0,6710.29158032484
738,6516.076320259401,15.588699330764117,193.46801083944337,6709.544331098844,0.0,6709.544331098844
739,6515.792576577608,15.58802051812825,193.00697583966985,6708.799552417278,0.0,6708.799552417278
740,6515.510365757881,15.58734537262651,192.54688253307975,6708.057248290961,0.0,6708.057248290961
741,6515.229701494655,15.586673927020707,192.0877216192305,6707.3174231138855,0.0,6707.3174231138855
742,6514.950597616436,15.586006214393388,191.62948398114796,6706.5800815975845,0.0,6706.5800815975845
743,6514.67306798571,15.585342267908397,191.1721607194718,6705.845228705182,0.0,6705.845228705182
744,6514.39712639895,15.58468212057165,190.71574318546496,6705.1128695844145,0.0,6705.1128695844145
745,6514.122786491719,15.584025805004114,190.26022301265238,6704.383009504371,0.0,6704.383009504371
746,6513.85006164486,15.583373353217368,189.80559214686966,6703.6556537917295,0.0,6703.6556537917295
747,6513.578964896032,15.58272479640199,189.35184287451892,6702.930807770551,0.0,6702.930807770551
748,6513.30950885417,15.582080164722896,188.89896784884766,6702.208476703018,0.0,6702.208476703018
749,6513.041705620245,15.581439487129773,188.4469601140891,6701.488665734334,0.0,6701.488665734334
750,6512.7755667117935,15.58080279117654,187.99581312732283,6700.771379839116,0.0,6700.771379839116
751,6512.511102994413,15.580170102857448,187.54552077793963,6700.056623772352,0.0,6700.056623772352
752,6512.248324618499,15.57954144645574,187.09607740461766,6699.344402023117,0.0,6699.344402023117
753,6511.987240961521,15.578916844405553,186.64747780974255,6698.634718771264,0.0,6698.634718771264
754,6511.727860578076,15.57829631717243,186.1997172712283,6697.927577849304,0.0,6697.927577849304
755,6511.470191154876,15.577679883145636,185.75279155171899,6697.222982706596,0.0,6697.222982706596
756,6511.214239472251,15.577067558546055,185.30669690517692,6696.520936377428,0.0,6696.520936377428
757,6510.960011373627,15.576459357353174,184.86143008088277,6695.82144145451,0.0,6695.82144145451
758,6510.707511738383,15.575855291240151,184.41698832489675,6695.12450006328,0.0,6695.12450006328
759,6510.45674446337,15.575255369529595,183.97336937904726,6694.430113842418,0.0,6694.430113842418
760,6510.207712449166,15.574659599160684,183.5305714775342,6693.7382839267,0.0,6693.7382839267
761,6509.960417591922,15.57406798466967,183.08859334124725,6693.0490109331695,0.0,6693.0490109331695
762,6509.714860780316,15.573480528182573,182.64743416991723,6692.362294950233,0.0,6692.362294950233
763,6509.471041899604,15.572897229424889,182.20709363222696,6691.678135531831,0.0,6691.678135531831
764,6509.228959837321,15.572318085735217,181.767571854023,6690.996531691344,0.0,6690.996531691344
765,6508.988612495686,15.571743092094941,181.3288694047734,6690.317481900459,0.0,6690.317481900459
766,6508.749996807915,15.57117224116726,180.89098728242703,6689.640984090342,0.0,6689.640984090342
767,6508.5131087573345,15.570605523342905,180.4539268968313,6688.967035654166,0.0,6688.967035654166
768,6508.277943400089,15.57004292679447,180.01769005187037,6688.295633451959,0.0,6688.295633451959
769,6508.044494892114,15.569484437540943,179.58227892648495,6687.626773818599,0.0,6687.626773818599
770,6507.812756516868,15.568930039514038,179.1476960547352,6686.960452571603,0.0,6686.960452571603
771,6507.582720717103,15.568379714634219,178.71394430506595,6686.296665022169,0.0,6686.296665022169
772,6507.354379127606,15.56783344288901,178.2810268589302,6685.635405986536,0.0,6685.635405986536
773,6507.1277226094535,15.56729120241496,177.84894718892167,6684.976669798375,0.0,6684.976669798375
774,6506.902741286822,15.566752969585698,177.41770903656152,6684.320450323383,0.0,6684.320450323383
775,6506.679424583637,15.566218719099611,176.9873163898797,6683.666740973517,0.0,6683.666740973517
776,6506.457761260968,15.565688424069302,176.55777346092054,6683.015534721889,0.0,6683.015534721889
777,6506.23773945595,15.565162056114712,176.12908466329796,6682.366824119248,0.0,6682.366824119248
778,6506.019346720434,15.564639585455584,175.7012545899144,6681.720601310349,0.0,6681.720601310349
779,6505.802570059372,15.564120981003281,175.27428799095213,6681.076858050324,0.0,6681.076858050324
780,6505.58739596891,15.563606210451937,174.8481897522317,6680.435585721141,0.0,6680.435585721141
781,6505.373810475226,15.563095240371354,174.42296487402902,6679.796775349255,0.0,6679.796775349255
782,6505.161799171676,15.562588036295875,173.99861845042926,6679.160417622105,0.0,6679.160417622105
783,6504.951347255563,15.562084562812352,173.5751556492881,6678.5265029048505,0.0,6678.5265029048505
784,6504.742439564878,15.561584783648033,173.15258169286295,6677.895021257741,0.0,6677.895021257741
785,6504.535060612416,15.56108866175219,172.73090183916645,6677.265962451582,0.0,6677.265962451582
786,6504.329194621095,15.560596159380609,172.3101213640872,6676.639315985182,0.0,6676.639315985182
787,6504.124825556306,15.56010723817298,171.89024554431538,6676.015071100622,0.0,6676.015071100622
788,6503.921937157782,15.559621859229143,171.471279641101,6675.393216798883,0.0,6675.393216798883
789,6503.720512970487,15.559139983182984,171.0532288848681,6674.773741855355,0.0,6674.773741855355
790,6503.520536373437,15.55866157027138,170.63609846069926,6674.156634834136,0.0,6674.156634834136
791,6503.321990609014,15.55818658040434,170.2198934946998,6673.541884103714,0.0,6673.541884103714
792,6503.12485880813,15.557714973225192,169.80461904124445,6672.929477849374,0.0,6672.929477849374
793,6502.9291240164775,15.557246708173391,169.39028007110463,6672.319404087582,0.0,6672.319404087582
794,6502.734769218594,15.556781744542091,168.97688146044854,6671.711650679043,0.0,6671.711650679043
795,6502.541777359798,15.556320041530618,168.5644279807032,6671.106205340501,0.0,6671.106205340501
796,6502.350131368377,15.555861558297554,168.15292428926256,6670.50305565764,0.0,6670.50305565764
797,6502.159814175844,15.555406254009196,167.7423749210223,6669.902189096866,0.0,6669.902189096866
798,6501.970808734257,15.554954087880997,167.33278428072043,6669.303593014977,0.0,6669.303593014977
799,6501.783098035379,15.554505019223395,166.92415663605755,6668.707254671437,0.0,6668.707254671437
800,6501.596665125574,15.55405900747745,166.51649611157086,6668.113161237145,0.0,6668.113161237145
801,6501.411493122248,15.553616012254183,166.1098066832332,6667.521299805481,0.0,6667.521299805481
802,6501.227565226458,15.553175993364732,165.7040921737456,6666.931657400203,0.0,6666.931657400203
803,6501.044864736779,15.55273891085354,165.2993562484939,6666.344220985273,0.0,6666.344220985273
804,6500.863375060142,15.552304725024264,164.89560241213496,6665.758977472277,0.0,6665.758977472277
805,6500.683079723535,15.551873396467787,164.49283400578145,6665.175913729317,0.0,6665.175913729317
806,6500.503962382867,15.551444886083415,164.0910542047507,6664.5950165876175,0.0,6664.5950165876175
807,6500.326006832528,15.551019155101741,163.69026601684513,6664.016272849373,0.0,6664.016272849373
808,6500.149197012854,15.55059616510252,163.29047228113072,6663.4396692939845,0.0,6663.4396692939845
809,6499.973517016959,15.550175878031002,162.89167566718075,6662.865192684139,0.0,6662.865192684139
810,6499.798951098141,15.549758256215647,162.49387867475275,6662.292829772893,0.0,6662.292829772893
811,6499.625483673943,15.549343262377853,162.09708363386622,6661.722567307809,0.0,6661.722567307809
812,6499.453099332402,15.548930859646896,161.70129270525135,6661.154392037653,0.0,6661.154392037653
813,6499.2817828354855,15.548521011568146,161.30650788113755,6660.588290716623,0.0,6660.588290716623
814,6499.111519122354,15.548113682110895,160.91273098635358,6660.024250108708,0.0,6660.024250108708
815,6498.942293313539,15.547708835678323,160.5199636797104,6659.46225699325,0.0,6659.46225699325
816,6498.774090711564,15.547306437109004,160.1282074556403,6658.902298167204,0.0,6658.902298167204
817,6498.606896805229,15.54690645168715,159.73746364606714,6658.344360451296,0.0,6658.344360451296
818,6498.440697268703,15.546508845140437,159.34773342248138,6657.788430691185,0.0,6657.788430691185
819,6498.275477964755,15.546113583647738,158.95901779819846,6657.234495762953,0.0,6657.234495762953
820,6498.111224943364,15.545720633835797,158.57131763077692,6656.682542574141,0.0,6656.682542574141
821,6497.947924443601,15.545329962783734,158.18463362457595,6656.132558068177,0.0,6656.132558068177
822,6497.785562893415,15.544941538022524,157.79896633343313,6655.584529226848,0.0,6655.584529226848
823,6497.624126908271,15.544555327531748,157.41431616344266,6655.038443071714,0.0,6655.038443071714
824,6497.463603291698,15.544171299740905,157.03068337581777,6654.494286667516,0.0,6654.494286667516
825,6497.303979033387,15.54378942352485,156.6480680898211,6653.952047123208,0.0,6653.952047123208
826,6497.145241309343,15.54340966820417,156.26647028574757,6653.41171159509,0.0,6653.41171159509
827,6496.9873774799635,15.543032003540583,155.88588980794682,6652.8732672879105,0.0,6652.8732672879105
828,6496.8303750880805,15.54265639973225,155.506326367871,6652.336701455952,0.0,6652.336701455952
829,6496.6742218582785,15.54228282741215,155.12777954713806,6651.802001405416,0.0,6651.802001405416
830,6496.5189056946465,15.541911257642695,154.7502488005983,6651.269154495245,0.0,6651.269154495245
831,6496.3644146790475,15.541541661911596,154.3737334593952,6650.738148138443,0.0,6650.738148138443
832,6496.210737069065,15.541174012126948,153.99823273401165,6650.208969803076,0.0,6650.208969803076
833,6496.057861295656,15.540808280611618,153.62374571729356,6649.68160701295,0.0,6649.68160701295
834,6495.905775961866,15.540444440100158,153.25027138744383,6649.15604734931,0.0,6649.15604734931
835,6495.754469839516,15.540082463730899,152.87780861098037,6648.632278450496,0.0,6648.632278450496
836,6495.603931868273,15.539722325043716,152.50635614565257,6648.110288013926,0.0,6648.110288013926
837,6495.454151151467,15.539363997970018,152.13591264331177,6647.590063794779,0.0,6647.590063794779
838,6495.305116955356,15.539007456830996,151.76647665273111,6647.071593608088,0.0,6647.071593608088
839,6495.1568187067705,15.538652676331987,151.3980466223717,6646.554865329143,0.0,6646.554865329143
840,6495.009245989415,15.538299631553624,151.03062090309172,6646.039866892506,0.0,6646.039866892506
841,6494.8623885428215,15.537948297949333,150.6641977507964,6645.526586293618,0.0,6645.526586293618
842,6494.716236258564,15.537598651336278,150.29877532902725,6645.015011587591,0.0,6645.015011587591
843,6494.570779180145,15.537250667895083,149.93435171148838,6644.505130891634,0.0,6644.505130891634
844,6494.426007498161,15.53690432415828,149.57092488450994,6643.996932382671,0.0,6643.996932382671
845,6494.281911549183,15.536559597007615,149.20849274944706,6643.49040429863,0.0,6643.49040429863
846,6494.138481813455,15.536216463668552,148.8470531250152,6642.98553493847,0.0,6642.98553493847
847,6493.995708912516,15.535874901704585,148.48660374956134,6642.482312662078,0.0,6642.482312662078
848,6493.853583606247,15.535534889010162,148.12714228327172,6641.980725889519,0.0,6641.980725889519
849,6493.7120967918145,15.535196403808168,147.76866631031677,6641.480763102131,0.0,6641.480763102131
850,6493.571239500502,15.534859424642349,147.4111733409347,6640.982412841437,0.0,6640.982412841437
851,6493.431002895973,15.53452393037314,147.05466081345415,6640.485663709427,0.0,6640.485663709427
852,6493.291378271465,15.534189900170968,146.69912609625828,6639.990504367724,0.0,6639.990504367724
853,6493.152357048955,15.533857313514247,146.34456648969103,6639.496923538646,0.0,6639.496923538646
854,6493.013930775914,15.533526150181611,145.99097922790847,6639.004910003822,0.0,6639.004910003822
855,6492.876091123917,15.533196390248605,145.63836148067577,6638.514452604592,0.0,6638.514452604592
856,6492.738829886108,15.532868014081597,145.28671035511306,6638.025540241221,0.0,6638.025540241221
857,6492.602138976569,15.53254100233629,144.93602289739195,6637.538161873961,0.0,6637.538161873961
858,6492.466010426164,15.532215335947761,144.58629609438478,6637.052306520549,0.0,6637.052306520549
859,6492.33043638306,15.531890996131724,144.23752687526894,6636.567963258329,0.0,6636.567963258329
860,6492.1954091098,15.53156796437751,143.88971211308962,6636.085121222889,0.0,6636.085121222889
861,6492.060920981058,15.531246222442723,143.54284862628197,6635.60376960734,0.0,6635.60376960734
862,6491.92696448323,15.530925752352225,143.1969331801563,6635.123897663387,0.0,6635.123897663387
863,6491.79353221181,15.53060653639189,142.85196248834896,6634.645494700159,0.0,6634.645494700159
864,6491.660616870464,15.530288557106372,142.50793321424067,6634.168550084704,0.0,6634.168550084704
865,6491.528211268571,15.529971797293232,142.1648419723458,6633.693053240917,0.0,6633.693053240917
866,6491.396308320541,15.529656240001295,141.82268532967493,6633.218993650215,0.0,6633.218993650215
867,6491.264901044396,15.529341868527263,141.4814598070734,6632.746360851469,0.0,6632.746360851469
868,6491.133982559951,15.529028666411365,141.14116188053845,6632.275144440489,0.0,6632.275144440489
869,6491.0035460874315,15.528716617434046,140.801787982518,6631.80533406995,0.0,6631.80533406995
870,6490.873584946855,15.528405705614485,140.4633345031936,6631.336919450048,0.0,6631.336919450048
871,6490.744092556218,15.528095915206263,140.12579779175002,6630.869890347968,0.0,6630.869890347968
872,6490.615062430387,15.527787230694706,139.78917415763507,6630.404236588022,0.0,6630.404236588022
873,6490.486488180274,15.527479636794915,139.45345987181094,6629.939948052085,0.0,6629.939948052085
874,6490.358363511781,15.527173118449237,139.11865116800155,6629.477014679783,0.0,6629.477014679783
875,6490.230682224587,15.526867660824372,138.78474424393747,6629.015426468525,0.0,6629.015426468525
876,6490.103438211108,15.526563249308872,138.45173526260095,6628.555173473709,0.0,6628.555173473709
877,6489.97662545637,15.526259869512847,138.11962035347528,6628.096245809846,0.0,6628.096245809846
878,6489.850238036726,15.525957507264895,137.7883956137995,6627.638633650526,0.0,6627.638633650526
879,6489.724270118688,15.5256561486093,137.4580571098323,6627.18232722852,0.0,6627.18232722852
880,6489.598715959344,15.525355779807043,137.12860087812763,6626.727316837472,0.0,6626.727316837472
881,6489.473569904959,15.525056387332437,136.8000229268241,6626.273592831783,0.0,6626.273592831783
882,6489.34882639108,15.524757957873398,136.47231923695233,6625.821145628032,0.0,6625.821145628032
883,6489.224479941257,15.524460478328367,136.14548576376126,6625.369965705018,0.0,6625.369965705018
884,6489.100525168,15.524163935808613,135.81951843806777,6624.920043606067,0.0,6624.920043606067
885,6488.976956771118,15.523868317634253,135.4944131676309,6624.471369938749,0.0,6624.471369938749
886,6488.853769538502,15.52357361133613,135.17016583855485,6624.023935377057,0.0,6624.023935377057
887,6488.730958346003,15.523279804655509,134.84677231672208,6623.577730662725,0.0,6623.577730662725
888,6488.608518156764,15.522986885542498,134.52422844926016,6623.132746606025,0.0,6623.132746606025
889,6488.4864440218025,15.522694842157422,134.2025300660449,6622.688974087848,0.0,6622.688974087848
890,6488.364731080515,15.522403662872046,133.8816729812419,6622.246404061757,0.0,6622.246404061757
891,6488.243374560055,15.522113336268074,133.56165299489,6621.805027554945,0.0,6621.805027554945
892,6488.122369776398,15.521823851139708,133.24246589452878,6621.364835670927,0.0,6621.364835670927
893,6488.00171213462,15.521535196494305,132.9241074568725,6620.925819591493,0.0,6620.925819591493
894,6487.881397129177,15.521247361553053,132.60657344953364,6620.48797057871,0.0,6620.48797057871
895,6487.7614203448975,15.520960335753344,132.28985963279806,6620.051279977695,0.0,6620.051279977695
896,6487.6417774579,15.520674108750958,131.9739617614544,6619.6157392193545,0.0,6619.6157392193545
897,6487.522464235732,15.520388670420411,131.65887558668007,6619.181339822411,0.0,6619.181339822411
898,6487.403476538456,15.52010401085755,131.3445968579864,6618.748073396442,0.0,6618.748073396442
899,6487.284810320458,15.519820120383871,131.03112132522438,6618.315931645682,0.0,6618.315931645682
900,6487.166461630861,15.519536989547515,130.71844474065432,6617.884906371515,0.0,6617.884906371515
901,6487.048426614643,15.519254609125941,130.40656286108026,6617.454989475724,0.0,6617.454989475724
902,6486.930701514177,15.51897297012961,130.09547145005166,6617.026172964228,0.0,6617.026172964228
903,6486.8132826704405,15.518692063804881,129.78516628013386,6616.5984489505745,0.0,6616.5984489505745
904,6486.6961665248655,15.518411881638434,129.47564313524904,6616.171809660114,0.0,6616.171809660114
905,6486.579349620147,15.518132415359203,129.1668978130886,6615.746247433235,0.0,6615.746247433235
906,6486.462828602354,15.517853656943432,128.85892612759872,6615.321754729953,0.0,6615.321754729953
907,6486.346600222657,15.517575598618796,128.5517239115395,6614.898324134197,0.0,6614.898324134197
908,6486.230661338345,15.517298232866855,128.24528701911856,6614.4759483574635,0.0,6614.4759483574635
909,6486.115008914804,15.51702155242776,127.93961132869994,6614.054620243504,0.0,6614.054620243504
910,6485.999640028069,15.516745550306386,127.63469274558703,6613.634332773656,0.0,6613.634332773656
911,6485.884551865272,15.51647021977338,127.33052720488159,6613.215079070154,0.0,6613.215079070154
912,6485.769741727248,15.516195554371407,127.02711067441571,6612.796852401664,0.0,6612.796852401664
913,6485.655207030174,15.515921547919076,126.72443915775798,6612.379646187932,0.0,6612.379646187932
914,6485.540945307019,15.5156481945144,126.42250869729119,6611.96345400431,0.0,6611.96345400431
915,6485.426954209246,15.515375488538867,126.1213153773605,6611.548269586607,0.0,6611.548269586607
916,6485.31323150892,15.515103424662486,125.8208553274896,6611.13408683641,0.0,6611.13408683641
917,6485.199775099441,15.514831997845551,125.52112472566225,6610.720899825103,0.0,6610.720899825103
918,6485.086582997793,15.514561203344002,125.22211980166642,6610.30870279946,0.0,6610.30870279946
919,6484.9736533456935,15.514291036712185,124.92383684049673,6609.89749018619,0.0,6609.89749018619
920,6484.860984409659,15.514021493803012,124.62627218581174,6609.487256595471,0.0,6609.487256595471
921,6484.748574583708,15.513752570774422,124.32942224344067,6609.077996827149,0.0,6609.077996827149
922,6484.636422389338,15.513484264089325,124.03328348493497,6608.669705874273,0.0,6608.669705874273
923,6484.524526475632,15.513216570515867,123.73785245115823,6608.262378926791,0.0,6608.262378926791
924,6484.4128856210755,15.51294948713176,123.44312575590828,6607.856011376984,0.0,6607.856011376984
925,6484.301498731752,15.51268301131998,123.14910008956457,6607.450598821317,0.0,6607.450598821317
926,6484.190364842863,15.512417140772401,122.85577222275252,6607.046137065616,0.0,6607.046137065616
927,6484.079483117623,15.512151873487136,122.56313901001762,6606.642622127641,0.0,6606.642622127641
928,6483.968852845979,15.5118872077655,122.27119739349922,6606.2400502394785,0.0,6606.2400502394785
929,6483.858473444736,15.511623142212287,121.97994440659535,6605.8384178513315,0.0,6605.8384178513315
930,6483.748344453842,15.511359675726895,121.68937717760843,6605.437721631451,0.0,6605.437721631451
931,6483.638465537331,15.511096807505577,121.3994929333609,6605.0379584706925,0.0,6605.0379584706925
932,6483.528836478427,15.51083453702973,121.11028900276979,6604.639125481197,0.0,6604.639125481197
933,6483.419457178314,15.51057286406295,120.82176282036917,6604.241219998683,0.0,6604.241219998683
934,6483.310327652678,15.51031178864277,120.53391192976724,6603.844239582445,0.0,6603.844239582445
935,6483.201448026908,15.510051311069159,120.24673398702689,6603.448182013935,0.0,6603.448182013935
936,6483.092818534387,15.509791431900448,119.96022676395533,6603.053045298343,0.0,6603.053045298343
937,6482.984439508973,15.509532151935343,119.67438815129134,6602.658827660264,0.0,6602.658827660264
938,6482.8763113827745,15.509273472207594,119.38921616177495,6602.2655275445495,0.0,6602.2655275445495
939,6482.7684346785945,15.50901539396793,119.10470893308715,6601.873143611681,0.0,6601.873143611681
940,6482.660810004538,15.508757918671144,118.82086473064525,6601.481674735183,0.0,6601.481674735183
941,6482.553438048933,15.508501047963954,118.53768195024044,6601.091119999173,0.0,6601.091119999173
942,6482.446319570977,15.508244783662624,118.25515912050334,6600.701478691481,0.0,6600.701478691481
943,6482.3394553957005,15.50798912774091,117.97329490518445,6600.3127503008845,0.0,6600.3127503008845
944,6482.232846405192,15.50773408230907,117.6920881052358,6599.924934510427,0.0,6599.924934510427
945,6482.126493530937,15.507479649595544,117.41153766068058,6599.538031191618,0.0,6599.538031191618
946,6482.020397745267,15.507225831926474,117.13164265225842,6599.152040397525,0.0,6599.152040397525
947,6481.91456005273,15.506972631705096,116.85240230283397,6598.766962355564,0.0,6598.766962355564
948,6481.808981481299,15.506720051390667,116.57381597855719,6598.382797459856,0.0,6598.382797459856
949,6481.703663073023,15.50646809347613,116.29588318976442,6597.999546262787,0.0,6597.999546262787
950,6481.598605874086,15.506216760464321,116.0186035916103,6597.617209465697,0.0,6597.617209465697
951,6481.49381092701,15.505966054849306,115.74197698442143,6597.2357879114315,0.0,6597.2357879114315
952,6481.389279258619,15.505715979087606,115.46600331376303,6596.855282572383,0.0,6596.855282572383
953,6481.2850118727,15.505466535580622,115.19068267021196,6596.475694542912,0.0,6596.475694542912
954,6481.1810097383695,15.505217726646817,114.91601528883008,6596.097025027199,0.0,6596.097025027199
955,6481.077273781744,15.50496955450178,114.64200154833263,6595.719275330077,0.0,6595.719275330077
956,6480.973804875695,15.504722021233722,114.3686419699485,6595.342446845644,0.0,6595.342446845644
957,6480.870603831301,15.504475128783017,114.09593721596985,6594.966541047271,0.0,6594.966541047271
958,6480.7676713874425,15.504228878917326,113.82388808799061,6594.591559475433,0.0,6594.591559475433
959,6480.665008203306,15.50398327321365,113.55249552483389,6594.2175037281395,0.0,6594.2175037281395
960,6480.562614848663,15.503738313035077,113.28176060017057,6593.8443754488335,0.0,6593.8443754488335
961,6480.460491796381,15.503493999512873,113.0116845198325,6593.472176316213,0.0,6593.472176316213
962,6480.358639414146,15.503250333526664,112.7422686188249,6593.10090803297,0.0,6593.10090803297
963,6480.257057957106,15.503007315686856,112.47351435804455,6592.73057231515,0.0,6592.73057231515
964,6480.155747561352,15.502764946319024,112.2054233207112,6592.361170882063,0.0,6592.361170882063
965,6480.054708237007,15.502523225447385,111.93799720852167,6591.992705445528,0.0,6591.992705445528
966,6479.953939862503,15.502282152781108,111.6712378375364,6591.625177700039,0.0,6591.625177700039
967,6479.853442179801,15.502041727702874,111.40514713381134,6591.258589313613,0.0,6591.258589313613
968,6479.753214788462,15.501801949254695,111.13972712878665,6590.892941917249,0.0,6590.892941917249
969,6479.653257143174,15.501562816131996,110.87497995444757,6590.528237097622,0.0,6590.528237097622
970,6479.553568548965,15.501324326672165,110.6109078382722,6590.164476387237,0.0,6590.164476387237
971,6479.454148158722,15.501086478848617,110.3475130979819,6589.801661256704,0.0,6589.801661256704
972,6479.354994971469,15.500849270266672,110.08479813611201,6589.439793107581,0.0,6589.439793107581
973,6479.256107830161,15.500612698158282,109.82276543442032,6589.0788732645815,0.0,6589.0788732645815
974,6479.157485421038,15.500376759380472,109.56141754815185,6588.718902969189,0.0,6588.718902969189
975,6479.059126273171,15.500141450414286,109.3007571001786,6588.35988337335,0.0,6588.35988337335
976,6478.961028759373,15.499906767366921,109.04078677503406,6588.001815534407,0.0,6588.001815534407
977,6478.863191095598,15.499672705970331,108.78150931286194,6587.64470040846,0.0,6587.64470040846
978,6478.765611344377,15.49943926158942,108.52292750329907,6587.288538847676,0.0,6587.288538847676
979,6478.668287415306,15.49920642922322,108.26504417931184,6586.933331594618,0.0,6586.933331594618
980,6478.5712170682045,15.498974203512452,108.00786221100705,6586.579079279211,0.0,6586.579079279211
981,6478.4743979161885,15.498742578746862,107.75138449943566,6586.225782415624,0.0,6586.225782415624
982,6478.377827428812,15.498511548872758,107.49561397040915,6585.8734413992215,0.0,6585.8734413992215
983,6478.281502936799,15.498281107504305,107.24055356834809,6585.522056505148,0.0,6585.522056505148
984,6478.185421635638,15.498051247932148,106.98620625017945,6585.1716278858175,0.0,6585.1716278858175
985,6478.089580590112,15.497821963134239,106.73257497930268,6584.8221555694145,0.0,6584.8221555694145
986,6477.993976740791,15.497593245791366,106.47966271963965,6584.473639460431,0.0,6584.473639460431
987,6477.898606908141,15.497365088296988,106.2274724297857,6584.126079337927,0.0,6584.126079337927
988,6477.803467798538,15.497137482771622,105.97600705727693,6583.779474855814,0.0,6583.779474855814
989,6477.708556009991,15.496910421076533,105.72526953298798,6583.433825542979,0.0,6583.433825542979
990,6477.613868038376,15.49668389482865,105.47526276567399,6583.08913080405,0.0,6583.08913080405
991,6477.519400283965,15.496457895416185,105.22598963666888,6582.745389920634,0.0,6582.745389920634
992,6477.425149057892,15.496232414014095,104.97745299475163,6582.4026020526435,0.0,6582.4026020526435
993,6477.331110587771,15.496007441597538,104.72965565119046,6582.060766238961,0.0,6582.060766238961
994,6477.2372810248435,15.495782968958956,104.48260037497414,6581.7198813998175,0.0,6581.7198813998175
995,6477.143656450702,15.495558986724168,104.23628988823907,6581.379946338941,0.0,6581.379946338941
996,6477.050232884006,15.495335485368434,103.9907268618976,6581.040959745903,0.0,6581.040959745903
997,6476.957006286324,15.49511245523044,103.7459139114752,6580.702920197799,0.0,6580.702920197799
998,6476.86397256921,15.494889886529212,103.50185359315975,6580.36582616237,0.0,6580.36582616237
999,6476.771127600956,15.494667769380277,103.25854840006764,6580.029676001023,0.0,6580.029676001023
1000,6476.678467212145,15.494446093808959,103.0160007587284,6579.694467970873,0.0,6579.694467970873
1001,6476.585987203085,15.494224849768147,102.77421302579044,6579.360200228875,0.0,6579.360200228875
1002,6476.493683348839,15.494004027150332,102.53318748494803,6579.026870833787,0.0,6579.026870833787
1003,6476.401551405713,15.49378361580314,102.29292634408932,6578.694477749802,0.0,6578.694477749802
1004,6476.3095871172745,15.493563605543718,102.0534317326647,6578.363018849939,0.0,6578.363018849939
1005,6476.2177862199815,15.493343986172205,101.81470569927335,6578.032491919254,0.0,6578.032491919254
1006,6476.126144448323,15.493124747484027,101.57675020946573,6577.702894657789,0.0,6577.702894657789
1007,6476.034657540671,15.492905879283903,101.33956714375827,6577.3742246844295,0.0,6577.3742246844295
1008,6475.943321243891,15.492687371396867,101.10315829585687,6577.046479539747,0.0,6577.046479539747
1009,6475.852131318724,15.492469213681158,100.86752537108472,6576.719656689808,0.0,6576.719656689808
1010,6475.761083543772,15.492251396037732,100.63266998500906,6576.3937535287805,0.0,6576.3937535287805
1011,6475.67017372128,15.492033908424114,100.39859366226207,6576.068767383542,0.0,6576.068767383542
1012,6475.57939767988,15.491816740860957,100.16529783554988,6575.744695515429,0.0,6575.744695515429
1013,6475.488751279452,15.491599883443666,99.93278384484361,6575.421535124296,0.0,6575.421535124296
1014,6475.39823041485,15.491383326351317,99.70105293674592,6575.099283351597,0.0,6575.099283351597
1015,6475.307831019418,15.491167059855066,99.47010626402702,6574.777937283445,0.0,6574.777937283445
1016,6475.217549068352,15.490951074326201,99.23994488532256,6574.457493953675,0.0,6574.457493953675
1017,6475.127380582119,15.490735360244305,99.0105697649873,6574.137950347106,0.0,6574.137950347106
1018,6475.037321629194,15.490519908203813,98.78198177309704,6573.819303402291,0.0,6573.819303402291
1019,6474.947368328002,15.490304708918666,98.5541816855921,6573.501550013594,0.0,6573.501550013594
1020,6474.857516851255,15.490089753232668,98.32717018455475,6573.18468703581,0.0,6573.18468703581
1021,6474.767763426691,15.48987503212127,98.1009478586146,6572.868711285306,0.0,6572.868711285306
1022,6474.6781043396895,15.489660536697821,97.87551520347367,6572.553619543163,0.0,6572.553619543163
1023,6474.588535935325,15.48944625821848,97.6508726225452,6572.239408557871,0.0,6572.239408557871
1024,6474.49905462015,15.489232188086483,97.42702042769903,6571.926075047849,0.0,6571.926075047849
1025,6474.409656863073,15.489018317854242,97.20395884010684,6571.61361570318,0.0,6571.61361570318
1026,6474.320339197968,15.488804639229588,96.98168799118065,6571.302027189148,0.0,6571.302027189148
1027,6474.23109822373,15.48859114407591,96.76020792359843,6570.991306147329,0.0,6570.991306147329
1028,6474.141930605663,15.488377824415462,96.53951859241013,6570.681449198073,0.0,6570.681449198073
1029,6474.052833077043,15.488164672433117,96.31961986621863,6570.372452943262,0.0,6570.372452943262
1030,6473.963802438424,15.487951680474698,96.10051152842925,6570.064313966854,0.0,6570.064313966854
1031,6473.874835560087,15.48773884105284,95.88219327856208,6569.75702883865,0.0,6569.75702883865
1032,6473.785929380997,15.487526146844491,95.66466473362246,6569.45059411462,0.0,6569.45059411462
1033,6473.697080909395,15.487313590692331,95.44792542952285,6569.1450063389175,0.0,6569.1450063389175
1034,6473.608287223417,15.487101165606262,95.23197482255256,6568.84026204597,0.0,6568.84026204597
1035,6473.519545471543,15.486888864764458,95.01681229088916,6568.536357762432,0.0,6568.536357762432
1036,6473.43085287136,15.486676681510431,94.80243713614766,6568.233290007508,0.0,6568.233290007508
1037,6473.342206710444,15.48646460935513,94.58884858496246,6567.931055295407,0.0,6567.931055295407
1038,6473.253604345896,15.486252641975828,94.37604579059831,6567.629650136494,0.0,6567.629650136494
1039,6473.165043203731,15.486040773214668,94.16402783458537,6567.329071038317,0.0,6567.329071038317
1040,6473.076520778843,15.48582899707857,93.95279372837514,6567.029314507218,0.0,6567.029314507218
1041,6472.988034634383,15.48561730773776,93.74234241501318,6566.730377049396,0.0,6566.730377049396
1042,6472.899582401068,15.485405699524087,93.53267277082524,6566.432255171893,0.0,6566.432255171893
1043,6472.811161776824,15.4851941669302,93.32378360711301,6566.134945383937,0.0,6566.134945383937
1044,6472.722770526003,15.484982704607663,93.11567367185683,6565.83844419786,0.0,6565.83844419786
1045,6472.63440647833,15.484771307364426,92.90834165142195,6565.542748129752,0.0,6565.542748129752
1046,6472.546067528478,15.484559970163822,92.70178617226556,6565.247853700743,0.0,6565.247853700743
1047,6472.457751635173,15.484348688122424,92.49600580264187,6564.953757437815,0.0,6564.953757437815
1048,6472.369456820474,15.48413745650831,92.2909990543026,6564.660455874777,0.0,6564.660455874777
1049,6472.281181167847,15.483926270736475,92.08676438419083,6564.367945552038,0.0,6564.367945552038
1050,6472.192922822505,15.48371512636963,91.88330019612525,6564.076223018631,0.0,6564.076223018631
1051,6472.104679989509,15.483504019113658,91.68060484247347,6563.785284831983,0.0,6563.785284831983
1052,6472.016450933455,15.48329294481688,91.47867662581179,6563.4951275592675,0.0,6563.4951275592675
1053,6471.928233976565,15.483081899465466,91.27751380057003,6563.205747777135,0.0,6563.205747777135
1054,6471.840027497927,15.482870879181643,91.07711457465936,6562.917142072586,0.0,6562.917142072586
1055,6471.751829933277,15.482659880223151,90.87747711108166,6562.629307044359,0.0,6562.629307044359
1056,6471.663639772188,15.482448898976525,90.67859952951923,6562.342239301707,0.0,6562.342239301707
1057,6471.575455558271,15.482237931957586,90.48047990790289,6562.055935466174,0.0,6562.055935466174
1058,6471.4872758880265,15.482026975808676,90.28311628395767,6561.770392171984,0.0,6561.770392171984
1059,6471.399099408337,15.481816027292671,90.08650665672494,6561.485606065062,0.0,6561.485606065062
1060,6471.310924817368,15.481605083295138,89.89064898805991,6561.201573805428,0.0,6561.201573805428
1061,6471.22275086156,15.481394140817129,89.6955412041033,6560.918292065663,0.0,6560.918292065663
1062,6471.134576335494,15.481183196974866,89.50118119672695,6560.635757532221,0.0,6560.635757532221
1063,6471.046400080539,15.480972248996505,89.30756682495183,6560.353966905491,0.0,6560.353966905491
1064,6470.958220983845,15.480761294219725,89.11469591633886,6560.072916900184,0.0,6560.072916900184
1065,6470.870037976871,15.480550330088207,88.92256626835072,6559.792604245222,0.0,6559.792604245222
1066,6470.781850034296,15.480339354149034,88.73117564968564,6559.513025683982,0.0,6559.513025683982
1067,6470.693656173196,15.480128364050708,88.5405218015811,6559.234177974778,0.0,6559.234177974778
1068,6470.605455452029,15.479917357540739,88.35060243908899,6558.956057891118,0.0,6558.956057891118
1069,6470.517246968766,15.479706332461163,88.16141525232021,6558.678662221086,0.0,6558.678662221086
1070,6470.429029860767,15.479495286748245,87.97295790766006,6558.401987768427,0.0,6558.401987768427
1071,6470.340803302946,15.479284218428102,87.78522804895297,6558.1260313519,0.0,6558.1260313519
1072,6470.252566507477,15.479073125615974,87.59822329865784,6557.850789806135,0.0,6557.850789806135
1073,6470.16431872181,15.478862006511505,87.41194125897273,6557.576259980782,0.0,6557.576259980782
1074,6470.076059228751,15.478650859398925,87.22637951293021,6557.302438741681,0.0,6557.302438741681
1075,6469.987787344162,15.478439682641536,87.0415356254624,6557.029322969624,0.0,6557.029322969624
1076,6469.899502417401,15.478228474682778,86.85740714443656,6556.756909561837,0.0,6556.756909561837
1077,6469.811203829251,15.478017234041271,86.67399160166134,6556.485195430912,0.0,6556.485195430912
1078,6469.7228909915275,15.477805959309874,86.4912865138636,6556.2141775053915,0.0,6556.2141775053915
1079,6469.634563345959,15.47759464915301,86.30928938363652,6555.943852729595,0.0,6555.943852729595
1080,6469.546220363129,15.477383302304135,86.1279977003594,6555.674218063488,0.0,6555.674218063488
1081,6469.457861542374,15.477171917565489,85.94740894108874,6555.405270483463,0.0,6555.405270483463
1082,6469.369486409311,15.47696049380218,85.76752057142204,6555.1370069807335,0.0,6555.1370069807335
1083,6469.281094517124,15.476749029945273,85.58833004633408,6554.869424563458,0.0,6554.869424563458
1084,6469.1926854439735,15.476537524985583,85.40983481098628,6554.60252025496,0.0,6554.60252025496
1085,6469.104258792484,15.476325977972449,85.23203230150969,6554.336291093994,0.0,6554.336291093994
1086,6469.0158141902775,15.476114388015018,85.05491994576197,6554.070734136039,0.0,6554.070734136039
1087,6468.9273512876125,15.475902754276586,84.8784951640591,6553.805846451672,0.0,6553.805846451672
1088,6468.838869756996,15.475691075973675,84.70275536988197,6553.541625126878,0.0,6553.541625126878
1089,6468.750369293241,15.475479352376176,84.52769797055882,6553.2780672638,0.0,6553.2780672638
1090,6468.661849612186,15.475267582804273,84.35332036792362,6553.01516998011,0.0,6553.01516998011
1091,6468.57331044982,15.475055766626365,84.17961995895139,6552.752930408772,0.0,6552.752930408772
1092,6468.48475156189,15.47484390325811,84.00659413637065,6552.491345698261,0.0,6552.491345698261
1093,6468.396172723189,15.47463199216074,83.83424028925373,6552.230413012443,0.0,6552.230413012443
1094,6468.3075737268055,15.474420032839248,83.66255580358549,6551.970129530391,0.0,6551.970129530391
1095,6468.218954384183,15.474208024842543,83.49153806281109,6551.710492446994,0.0,6551.710492446994
1096,6468.130314523457,15.473995967759466,83.32118444836304,6551.45149897182,0.0,6551.45149897182
1097,6468.04165398944,15.473783861218758,83.1514923401687,6551.193146329609,0.0,6551.193146329609
1098,6467.952972643358,15.473571704888418,82.982459117138,6550.935431760497,0.0,6550.935431760497
1099,6467.864270361316,15.473359498472048,82.81408215763278,6550.6783525189485,0.0,6550.6783525189485
1100,6467.775547035659,15.473147241712102,82.64635883991751,6550.421905875576,0.0,6550.421905875576
1101,6467.686802571674,15.472934934381994,82.47928654259255,6550.1660891142665,0.0,6550.1660891142665
1102,6467.598036889927,15.472722576291693,82.31286264501016,6549.910899534937,0.0,6549.910899534937
1103,6467.509249923454,15.47251016728099,82.14708452767383,6549.656334451128,0.0,6549.656334451128
1104,6467.420441619463,15.472297707223596,81.98194957262145,6549.402391192085,0.0,6549.402391192085
1105,6467.331611936941,15.47208519602139,81.81745516379303,6549.149067100734,0.0,6549.149067100734
1106,6467.242760847304,15.471872633605992,81.65359868738308,6548.896359534688,0.0,6548.896359534688
1107,6467.153888333627,15.471660019936907,81.49037753217868,6548.644265865806,0.0,6548.644265865806
1108,6467.064994390601,15.471447355001438,81.32778908988297,6548.392783480484,0.0,6548.392783480484
1109,6466.9760790237315,15.471234638812755,81.16583075542545,6548.141909779157,0.0,6548.141909779157
1110,6466.887142248843,15.471021871408714,81.00449992725865,6547.891642176101,0.0,6547.891642176101
1111,6466.798184092456,15.470809052852765,80.8437940076425,6547.641978100099,0.0,6547.641978100099
1112,6466.709204590388,15.470596183230594,80.68371040291595,6547.392914993305,0.0,6547.392914993305
1113,6466.620203788547,15.470383262652026,80.5242465237569,6547.144450312304,0.0,6547.144450312304
1114,6466.531181741389,15.470170291247344,80.36539978543074,6546.89658152682,0.0,6546.89658152682
1115,6466.442138512679,15.469957269169088,80.20716760802773,6546.649306120707,0.0,6546.649306120707
1116,6466.353074175051,15.469744196591032,80.04954741668976,6546.402621591741,0.0,6546.402621591741
1117,6466.263988808065,15.469531073703504,79.89253664182675,6546.156525449892,0.0,6546.156525449892
1118,6466.1748825007035,15.469317900719386,79.73613271932334,6545.9110152200265,0.0,6545.9110152200265
1119,6466.085755348906,15.469104677868195,79.58033309073573,6545.6660884396415,0.0,6545.6660884396415
1120,6465.996607455848,15.468891405396766,79.42513520347981,6545.421742659328,0.0,6545.421742659328
1121,6465.90743893243,15.468678083570406,79.2705365110099,6545.177975443439,0.0,6545.177975443439
1122,6465.818249896087,15.468464712670064,79.11653447298947,6544.934784369077,0.0,6544.934784369077
1123,6465.729040470755,15.468251292992235,78.96312655545339,6544.692167026208,0.0,6544.692167026208
1124,6465.639810787135,15.468037824849604,78.81031023096243,6544.450121018097,0.0,6544.450121018097
1125,6465.550560982049,15.467824308569496,78.65808297875012,6544.208643960799,0.0,6544.208643960799
1126,6465.461291197966,15.467610744492742,78.50644228486242,6543.967733482828,0.0,6543.967733482828
1127,6465.372001583439,15.467397132974734,78.35538564229039,6543.727387225729,0.0,6543.727387225729
1128,6465.282692292396,15.467183474383722,78.2049105510961,6543.487602843492,0.0,6543.487602843492
1129,6465.193363484643,15.466969769102016,78.05501451853219,6543.248378003175,0.0,6543.248378003175
1130,6465.104015324169,15.466756017521936,77.90569505915514,6543.009710383324,0.0,6543.009710383324
1131,6465.014647980691,15.466542220049499,77.75694969493267,6542.7715976756235,0.0,6542.7715976756235
1132,6464.925261628859,15.466328377102533,77.60877595534544,6542.534037584204,0.0,6542.534037584204
1133,6464.8358564471655,15.466114489108051,77.4611713774833,6542.2970278246485,0.0,6542.2970278246485
1134,6464.746432619284,15.465900556505463,77.31413350613622,6542.06056612542,0.0,6542.06056612542
1135,6464.656990332891,15.465686579743759,77.16765989388038,6541.824650226771,0.0,6541.824650226771
1136,6464.567529779907,15.465472559282075,77.02174810115913,6541.589277881067,0.0,6541.589277881067
1137,6464.478051156745,15.4652584955903,76.8763956963598,6541.3544468531045,0.0,6541.3544468531045
1138,6464.38855466266,15.465044389145119,76.7316002558856,6541.120154918545,0.0,6541.120154918545
1139,6464.299040501177,15.464830240433438,76.58735936422363,6540.886399865401,0.0,6540.886399865401
1140,6464.209508879632,15.464616049951273,76.44367061400877,6540.653179493641,0.0,6540.653179493641
1141,6464.11996000868,15.464401818202584,76.30053160608352,6540.420491614764,0.0,6540.420491614764
1142,6464.030394102321,15.464187545699334,76.15793994955436,6540.188334051875,0.0,6540.188334051875
1143,6463.94081137756,15.463973232960669,76.01589326184444,6539.956704639404,0.0,6539.956704639404
1144,6463.851212054865,15.46375888051403,75.87438916874282,6539.725601223608,0.0,6539.725601223608
1145,6463.761596357214,15.463544488892857,75.73342530445063,6539.495021661665,0.0,6539.495021661665
1146,6463.671964511379,15.463330058639663,75.592999311624,6539.264963823003,0.0,6539.264963823003
1147,6463.582316745653,15.463115590300605,75.45310884141388,6539.035425587067,0.0,6539.035425587067
1148,6463.492653292201,15.462901084431103,75.31375155350341,6538.8064048457045,0.0,6538.8064048457045
1149,6463.402974385134,15.46268654159123,75.17492511614212,6538.577899501276,0.0,6538.577899501276
1150,6463.313280260943,15.462471962346754,75.0366272061779,6538.349907467122,0.0,6538.349907467122
1151,6463.223571158907,15.462257347270114,74.89885550908623,6538.122426667994,0.0,6538.122426667994
1152,6463.133847320477,15.46204269693894,74.76160771899715,6537.895455039474,0.0,6537.895455039474
1153,6463.044108989074,15.461828011935584,74.62488153871999,6537.6689905277935,0.0,6537.6689905277935
1154,6462.954356410887,15.461613292849012,74.48867467976586,6537.443031090653,0.0,6537.443031090653
1155,6462.864589833591,15.461398540271748,74.35298486236815,6537.217574695959,0.0,6537.217574695959
1156,6462.774809506887,15.461183754801166,74.2178098155008,6536.992619322388,0.0,6536.992619322388
1157,6462.6850156827095,15.460968937039976,74.08314727689519,6536.7681629596045,0.0,6536.7681629596045
1158,6462.595208614419,15.460754087594303,73.94899499305467,6536.544203607474,0.0,6536.544203607474
1159,6462.505388557467,15.46053920707528,73.81535071926768,6536.3207392767345,0.0,6536.3207392767345
1160,6462.415555768588,15.4603242960971,73.68221221961915,6536.097767988207,0.0,6536.097767988207
1161,6462.325710506997,15.460109355279897,73.5495772670003,6535.875287773997,0.0,6535.875287773997
1162,6462.235853032369,15.459894385244903,73.41744364311693,6535.653296675486,0.0,6535.653296675486
1163,6462.14598360662,15.459679386618708,73.28580913849635,6535.431792745116,0.0,6535.431792745116
1164,6462.05610249269,15.45946436003036,73.15467155249283,6535.210774045183,0.0,6535.210774045183
1165,6461.966209955443,15.4592493061135,73.02402869329174,6534.990238648736,0.0,6534.990238648736
1166,6461.876306260205,15.459034225502883,72.89387837791257,6534.770184638117,0.0,6534.770184638117
1167,6461.786391674527,15.458819118838582,72.76421843221055,6534.550610106738,0.0,6534.550610106738
1168,6461.696466466414,15.458603986761755,72.63504669087726,6534.331513157291,0.0,6534.331513157291
1169,6461.606530905177,15.458388829916693,72.50636099744013,6534.112891902618,0.0,6534.112891902618
1170,6461.516585261554,15.458173648951085,72.37815920426078,6533.894744465814,0.0,6533.894744465814
1171,6461.426629807189,15.457958444514805,72.25043917253254,6533.677068979721,0.0,6533.677068979721
1172,6461.336664814565,15.457743217259724,72.12319877227684,6533.4598635868415,0.0,6533.4598635868415
1173,6461.246690557222,15.457527967840244,71.99643588233872,6533.243126439561,0.0,6533.243126439561
1174,6461.156707309534,15.45731269691276,71.87014839038159,6533.026855699915,0.0,6533.026855699915
1175,6461.0667153468385,15.457097405135977,71.7443341928809,6532.8110495397195,0.0,6532.8110495397195
1176,6460.976714945351,15.456882093170696,71.61899119511732,6532.595706140468,0.0,6532.595706140468
1177,6460.886706382066,15.456666761679584,71.49411731116884,6532.3808236932355,0.0,6532.3808236932355
1178,6460.796689934199,15.456451411325835,71.36971046390232,6532.166400398101,0.0,6532.166400398101
1179,6460.706665880407,15.456236042776093,71.24576858496432,6531.952434465371,0.0,6531.952434465371
1180,6460.616634499504,15.456020656697376,71.1222896147712,6531.738924114275,0.0,6531.738924114275
1181,6460.526596071124,15.455805253758669,70.99927150249853,6531.525867573622,0.0,6531.525867573622
1182,6460.436550875559,15.455589834630524,70.87671220607008,6531.313263081629,0.0,6531.313263081629
1183,6460.346499193303,15.45537439998398,70.7546096921459,6531.101108885449,0.0,6531.101108885449
1184,6460.256441305593,15.45515895049185,70.63296193611019,6530.889403241704,0.0,6530.889403241704
1185,6460.166377494044,15.454943486827858,70.51176692205833,6530.678144416102,0.0,6530.678144416102
1186,6460.076308040884,15.454728009667187,70.3910226427835,6530.467330683668,0.0,6530.467330683668
1187,6459.986233228485,15.45451251968537,70.27072709976282,6530.256960328247,0.0,6530.256960328247
1188,6459.8961533395905,15.45429701755883,70.15087830314303,6530.047031642734,0.0,6530.047031642734
1189,6459.806068657708,15.45408150396581,70.03147427172561,6529.837542929434,0.0,6529.837542929434
1190,6459.715979466049,15.453865979583849,69.91251303295145,6529.6284924990005,0.0,6529.6284924990005
1191,6459.625886048439,15.453650445091958,69.79399262288533,6529.419878671324,0.0,6529.419878671324
1192,6459.53578868859,15.453434901168876,69.67591108619965,6529.21169977479,0.0,6529.21169977479
1193,6459.44568767107,15.453219348495383,69.558266476158,6529.003954147228,0.0,6529.003954147228
1194,6459.355583279921,15.453003787751008,69.44105685459832,6528.796640134519,0.0,6528.796640134519
1195,6459.265475799944,15.452788219617092,69.32428029191556,6528.58975609186,0.0,6528.58975609186
1196,6459.1753655153,15.452572644773443,69.2079348670442,6528.383300382344,0.0,6528.383300382344
1197,6459.085252711027,15.45235706390198,69.0920186674403,6528.177271378468,0.0,6528.177271378468
1198,6458.995137671804,15.45214147768374,68.97652978906324,6527.971667460867,0.0,6527.971667460867
1199,6458.905020682612,15.451925886800508,68.86146633635715,6527.766487018969,0.0,6527.766487018969
1200,6458.814902027864,15.45171029193269,68.74682642223219,6527.561728450097,0.0,6527.561728450097
1201,6458.7247819927925,15.451494693762662,68.63260816804518,6527.357390160838,0.0,6527.357390160838
1202,6458.634660861713,15.451279092970605,68.51880970358044,6527.153470565294,0.0,6527.153470565294
1203,6458.5445389194065,15.451063490237814,68.40542916702991,6526.9499680864365,0.0,6526.9499680864365
1204,6458.454416450853,15.450847886246061,68.29246470497334,6526.7468811558265,0.0,6526.7468811558265
1205,6458.364293740015,15.450632281674675,68.17991447235804,6526.544208212373,0.0,6526.544208212373
1206,6458.274171071412,15.450416677204334,68.06777663247848,6526.341947703891,0.0,6526.341947703891
1207,6458.184048729312,15.450201073515101,67.95604935695563,6526.140098086267,0.0,6526.140098086267
1208,6458.093926997651,15.449985471286245,67.8447308257161,6525.938657823367,0.0,6525.938657823367
1209,6458.003806160143,15.449769871196514,67.733819226971,6525.737625387113,0.0,6525.737625387113
1210,6457.913686500302,15.449554273924168,67.62331275719465,6525.536999257497,0.0,6525.536999257497
1211,6457.823568301345,15.44933868014676,67.51320962110317,6525.336777922448,0.0,6525.336777922448
1212,6457.733451846671,15.449123090542276,67.40350803163264,6525.136959878304,0.0,6525.136959878304
1213,6457.643337418574,15.448907505786064,67.29420620991732,6524.937543628492,0.0,6524.937543628492
1214,6457.553225299607,15.448691926554083,67.18530238526752,6524.7385276848745,0.0,6524.7385276848745
1215,6457.463115771865,15.448476353521208,67.07679479514742,6524.539910567012,0.0,6524.539910567012
1216,6457.373009116799,15.448260787360763,66.96868168515262,6524.341690801952,0.0,6524.341690801952
1217,6457.282905616001,15.448045228746413,66.86096130898753,6524.143866924988,0.0,6524.143866924988
1218,6457.192805550373,15.447829678350175,66.75363192844267,6523.946437478816,0.0,6523.946437478816
1219,6457.102709200315,15.447614136842859,66.64669181337187,6523.749401013687,0.0,6523.749401013687
1220,6457.012616845985,15.4473986048947,66.54013924166901,6523.5527560876535,0.0,6523.5527560876535
1221,6456.922528766818,15.447183083174206,66.43397249924502,6523.356501266063,0.0,6523.356501266063
1222,6456.832445242233,15.44696757234984,66.32818988000447,6523.160635122237,0.0,6523.160635122237
1223,6456.7423665504975,15.446752073087314,66.22278968582212,6522.96515623632,0.0,6522.96515623632
1224,6456.652292970137,15.446536586052959,66.11777022651933,6522.770063196656,0.0,6522.770063196656
1225,6456.562224778286,15.446321111909775,66.01312981984032,6522.575354598126,0.0,6522.575354598126
1226,6456.472162252329,15.446105651321362,65.90886679142828,6522.381029043758,0.0,6522.381029043758
1227,6456.382105668703,15.44589020494905,65.80497947480146,6522.187085143504,0.0,6522.187085143504
1228,6456.292055303307,15.445674773452888,65.70146621132905,6521.993521514636,0.0,6521.993521514636
1229,6456.202011431403,15.445459357491394,65.59832535020698,6521.80033678161,0.0,6521.80033678161
1230,6456.111974327889,15.445243957722221,65.49555524843353,6521.607529576322,0.0,6521.607529576322
1231,6456.021944266326,15.445028574799823,65.39315427078508,6521.415098537111,0.0,6521.415098537111
1232,6455.931921520589,15.444813209379399,65.2911207897913,6521.22304231038,0.0,6521.22304231038
1233,6455.841906363307,15.444597862113175,65.18945318571082,6521.031359549018,0.0,6521.031359549018
1234,6455.751899066503,15.444382533651922,65.08814984650625,6520.840048913009,0.0,6520.840048913009
1235,6455.661899901519,15.444167224644783,64.98720916781954,6520.649109069339,0.0,6520.649109069339
1236,6455.571909139044,15.443951935739339,64.8866295529469,6520.458538691991,0.0,6520.458538691991
1237,6455.481927048952,15.443736667581224,64.7864094128139,6520.268336461765,0.0,6520.268336461765
1238,6455.391953900822,15.443521420815363,64.68654716595027,6520.078501066772,0.0,6520.078501066772
1239,6455.301989962607,15.443306196082792,64.58704123846485,6519.889031201072,0.0,6519.889031201072
1240,6455.212035502258,15.44309099402454,64.48789006402014,6519.699925566279,0.0,6519.699925566279
1241,6455.122090786455,15.442875815278601,64.38909208380711,6519.511182870263,0.0,6519.511182870263
1242,6455.032156081526,15.44266066048212,64.29064574651973,6519.322801828046,0.0,6519.322801828046
1243,6454.942231652477,15.442445530269083,64.19254950832934,6519.134781160807,0.0,6519.134781160807
1244,6454.85231776418,15.442230425273157,64.09480183285929,6518.947119597039,0.0,6518.947119597039
1245,6454.762414679791,15.4420153461239,63.99740119115911,6518.75981587095,0.0,6518.75981587095
1246,6454.672522662173,15.441800293450175,63.90034606167892,6518.572868723852,0.0,6518.572868723852
1247,6454.582641973629,15.441585267879494,63.803634930243476,6518.386276903872,0.0,6518.386276903872
1248,6454.4927728747,15.441370270035167,63.70726629002653,6518.200039164726,0.0,6518.200039164726
1249,6454.40291562584,15.441155300540288,63.61123864152478,6518.014154267365,0.0,6518.014154267365
1250,6454.313070485974,15.440940360014292,63.51555049253194,6517.8286209785065,0.0,6517.8286209785065
1251,6454.223237713615,15.440725449075634,63.420200358112695,6517.643438071728,0.0,6517.643438071728
1252,6454.133417565942,15.440510568339574,63.325186760576614,6517.458604326519,0.0,6517.458604326519
1253,6454.043610299841,15.440295718420673,63.230508229452056,6517.274118529293,0.0,6517.274118529293
1254,6453.953816170266,15.440080899928866,63.136163301459916,6517.089979471726,0.0,6517.089979471726
1255,6453.864035432046,15.439866113473794,63.04215052048738,6516.906185952534,0.0,6516.906185952534
1256,6453.7742683386205,15.439651359661772,62.948468437561694,6516.7227367761825,0.0,6516.7227367761825
1257,6453.6845151426405,15.439436639097226,62.85511561082374,6516.539630753464,0.0,6516.539630753464
1258,6453.594776095682,15.439221952382015,62.76209060550172,6516.356866701184,0.0,6516.356866701184
1259,6453.505051448084,15.439007300115032,62.66939199388468,6516.174443441968,0.0,6516.174443441968
1260,6453.415341449793,15.438792682894242,62.577018355296126,6515.992359805089,0.0,6515.992359805089
1261,6453.325646348731,15.438578101312755,62.48496827606735,6515.810614624799,0.0,6515.810614624799
1262,6453.235966392916,15.438363555963916,62.39324034951106,6515.629206742427,0.0,6515.629206742427
1263,6453.146301828544,15.438149047436708,62.301833175894686,6515.448135004439,0.0,6515.448135004439
1264,6453.056652901009,15.437934576318204,62.210745362413824,6515.267398263423,0.0,6515.267398263423
1265,6452.967019854372,15.437720143192276,62.11997552316554,6515.086995377537,0.0,6515.086995377537
1266,6452.877402932118,15.43750574864143,62.02952227912174,6514.9069252112395,0.0,6514.9069252112395
1267,6452.787802376415,15.437291393245012,61.93938425810234,6514.727186634517,0.0,6514.727186634517
1268,6452.698218428198,15.43707707757942,61.84956009474875,6514.547778522947,0.0,6514.547778522947
1269,6452.608651326906,15.436862802217478,61.76004843049689,6514.368699757402,0.0,6514.368699757402
1270,6452.519101312248,15.43664856773265,61.67084791355051,6514.189949225798,0.0,6514.189949225798
1271,6452.429568621057,15.436434374691524,61.5819571988544,6514.011525819911,0.0,6514.011525819911
1272,6452.340053490171,15.436220223660696,61.493374948067476,6513.833428438239,0.0,6513.833428438239
1273,6452.250556155033,15.43600611520343,61.40509982953601,6513.655655984569,0.0,6513.655655984569
1274,6452.161076850004,15.435792049880392,61.31713051826675,6513.478207368271,0.0,6513.478207368271
1275,6452.071615807706,15.4355780282481,61.229465695899975,6513.301081503606,0.0,6513.301081503606
1276,6451.982173260574,15.435364050862617,61.142104050682676,6513.124277311257,0.0,6513.124277311257
1277,6451.892749438939,15.435150118274974,61.05504427744162,6512.947793716381,0.0,6512.947793716381
1278,6451.803344572508,15.434936231034708,60.96828507755639,6512.771629650064,0.0,6512.771629650064
1279,6451.713958889659,15.43472238968818,60.88182515893252,6512.595784048592,0.0,6512.595784048592
1280,6451.624592617298,15.434508594778224,60.795663235974516,6512.4202558532725,0.0,6512.4202558532725
1281,6451.535245981482,15.434294846845651,60.70979802955893,6512.2450440110415,0.0,6512.2450440110415
1282,6451.445919207172,15.43408114642864,60.62422826700737,6512.070147474179,0.0,6512.070147474179
1283,6451.356612517806,15.433867494061737,60.53895268205963,6511.895565199866,0.0,6511.895565199866
1284,6451.267326135226,15.433653890275659,60.45397001484665,6511.721296150073,0.0,6511.721296150073
1285,6451.178060281019,15.433440335600523,60.36927901186356,6511.5473392928825,0.0,6511.5473392928825
1286,6451.088815174644,15.433226830561349,60.28487842594282,6511.373693600587,0.0,6511.373693600587
1287,6450.999591034686,15.433013375681067,60.20076701622719,6511.200358050914,0.0,6511.200358050914
1288,6450.910388078548,15.43279997147978,60.11694354814275,6511.02733162669,0.0,6511.02733162669
1289,6450.8212065224625,15.43258661847479,60.03340679337208,6510.854613315834,0.0,6510.854613315834
1290,6450.732046580606,15.432373317178483,59.95015552982721,6510.6822021104335,0.0,6510.6822021104335
1291,6450.642908466949,15.432160068102748,59.86718854162271,6510.510097008571,0.0,6510.510097008571
1292,6450.55379239345,15.431946871754665,59.78450461904889,6510.3382970124985,0.0,6510.3382970124985
1293,6450.464698571284,15.431733728639436,59.70210255854468,6510.166801129829,0.0,6510.166801129829
1294,6450.375627209979,15.431520639258324,59.61998116267093,6509.99560837265,0.0,6509.99560837265
1295,6450.286578517873,15.431307604109744,59.538139240083474,6509.824717757956,0.0,6509.824717757956
1296,6450.1975527019185,15.4310946236888,59.45657560550619,6509.654128307425,0.0,6509.654128307425
1297,6450.108549967887,15.430881698487767,59.37528907970429,6509.483839047591,0.0,6509.483839047591
1298,6450.019570520275,15.430668828995874,59.29427848945739,6509.313849009733,0.0,6509.313849009733
1299,6449.930614562241,15.430456015699141,59.21354266753269,6509.144157229774,0.0,6509.144157229774
1300,6449.841682295203,15.430243259079433,59.133080452658284,6508.974762747861,0.0,6508.974762747861
1301,6449.752773920164,15.430030559617618,59.05289068949634,6508.80566460966,0.0,6508.80566460966
1302,6449.663889636002,15.429817917789478,58.97297222861631,6508.636861864618,0.0,6508.636861864618
1303,6449.575029640514,15.429605334068215,58.89332392646828,6508.468353566982,0.0,6508.468353566982
1304,6449.486194130166,15.429392808923842,58.813944645356315,6508.300138775522,0.0,6508.300138775522
1305,6449.397383300086,15.429180342823173,58.73483325341168,6508.132216553498,0.0,6508.132216553498
1306,6449.30859734411,15.42896793622993,58.65598862456629,6507.964585968676,0.0,6507.964585968676
1307,6449.219836454562,15.428755589604215,58.57740963852615,6507.797246093088,0.0,6507.797246093088
1308,6449.131100822697,15.42854330340358,58.499095180744625,6507.630196003442,0.0,6507.630196003442
1309,6449.042390638042,15.42833107808144,58.421044142396084,6507.463434780438,0.0,6507.463434780438
1310,6448.953706088899,15.428118914088275,58.34325542034931,6507.296961509248,0.0,6507.296961509248
1311,6448.865047362693,15.427906811872472,58.265727917140964,6507.130775279834,0.0,6507.130775279834
1312,6448.776414644592,15.427694771877013,58.1884605409493,6506.964875185541,0.0,6506.964875185541
1313,6448.687808119187,15.42748279454351,58.11145220556766,6506.799260324755,0.0,6506.799260324755
1314,6448.599227969104,15.42727088030886,58.034701830378154,6506.633929799482,0.0,6506.633929799482
1315,6448.510674376064,15.42705902960781,57.958208340325385,6506.46888271639,0.0,6506.46888271639
1316,6448.422147520109,15.426847242871075,57.881970665890066,6506.304118185999,0.0,6506.304118185999
1317,6448.333647580108,15.426635520526574,57.80598774306292,6506.139635323171,0.0,6506.139635323171
1318,6448.245174733459,15.426423862998705,57.73025851331842,6505.975433246777,0.0,6505.975433246777
1319,6448.156729155897,15.426212270707888,57.65478192358863,6505.811511079485,0.0,6505.811511079485
1320,6448.068311022425,15.426000744072788,57.57955692623714,6505.647867948663,0.0,6505.647867948663
1321,6447.979920505803,15.425789283506706,57.504582479033026,6505.484502984837,0.0,6505.484502984837
1322,6447.89155777829,15.425577889421746,57.42985754512482,6505.321415323415,0.0,6505.321415323415
1323,6447.803223010134,15.425366562225202,57.35538109301455,6505.158604103149,0.0,6505.158604103149
1324,6447.7149163704435,15.425155302321635,57.28115209653189,6504.996068466975,0.0,6504.996068466975
1325,6447.62663802689,15.424944110112177,57.20716953480824,6504.833807561698,0.0,6504.833807561698
1326,6447.538388145731,15.424732985994572,57.133432392251,6504.671820537982,0.0,6504.671820537982
1327,6447.450166891709,15.42452193036294,57.059939658517735,6504.510106550227,0.0,6504.510106550227
1328,6447.3619744284315,15.424310943608688,56.98669032849054,6504.348664756922,0.0,6504.348664756922
1329,6447.2738109179245,15.424100026119437,56.913683402250435,6504.187494320175,0.0,6504.187494320175
1330,6447.185676520868,15.423889178279587,56.8409178850517,6504.026594405919,0.0,6504.026594405919
1331,6447.0975713963935,15.423678400469841,56.76839278729639,6503.86596418369,0.0,6503.86596418369
1332,6447.0094957025285,15.42346769306825,56.69610712450894,6503.705602827037,0.0,6503.705602827037
1333,6446.921449595626,15.423257056448865,56.624059917310625,6503.545509512936,0.0,6503.545509512936
1334,6446.8334332307295,15.423046490982607,56.55225019139431,6503.385683422124,0.0,6503.385683422124
1335,6446.745446761399,15.42283599703684,56.480676977499165,6503.226123738898,0.0,6503.226123738898
1336,6446.657490340189,15.422625574976529,56.40933931138537,6503.066829651574,0.0,6503.066829651574
1337,6446.5695641179245,15.4224152251625,56.33823623380903,6502.907800351733,0.0,6502.907800351733
1338,6446.481668243523,15.422204947951013,56.26736679049708,6502.74903503402,0.0,6502.74903503402
1339,6446.39380286553,15.421994743697441,56.19673003212217,6502.590532897652,0.0,6502.590532897652
1340,6446.305968130432,15.42178461275223,56.12632501427777,6502.43229314471,0.0,6502.43229314471
1341,6446.218164183485,15.421574555462882,56.05615079745326,6502.2743149809385,0.0,6502.2743149809385
1342,6446.130391168233,15.421364572172806,55.98620644700908,6502.1165976152415,0.0,6502.1165976152415
1343,6446.042649227367,15.421154663223367,55.91649103315201,6501.959140260519,0.0,6501.959140260519
1344,6445.9549385016735,15.420944828951372,55.84700363091038,6501.8019421325835,0.0,6501.8019421325835
1345,6445.867259130919,15.420735069691194,55.77774332010952,6501.645002451029,0.0,6501.645002451029
1346,6445.779611253277,15.42052538577339,55.708709185347175,6501.488320438624,0.0,6501.488320438624
1347,6445.691995005577,15.420315777525305,55.639900315969044,6501.331895321546,0.0,6501.331895321546
1348,6445.60441052303,15.420106245270407,55.57131580604431,6501.175726329075,0.0,6501.175726329075
1349,6445.516857939893,15.419896789329888,55.50295475434137,6501.019812694235,0.0,6501.019812694235
1350,6445.4293373885985,15.41968741002057,55.43481626430346,6500.864153652902,0.0,6500.864153652902
1351,6445.341849000316,15.419478107656259,55.36689944402457,6500.708748444341,0.0,6500.708748444341
1352,6445.254392904766,15.419268882547287,55.29920340622528,6500.553596310991,0.0,6500.553596310991
1353,6445.166969230616,15.419059735001474,55.231727268228646,6500.398696498844,0.0,6500.398696498844
1354,6445.079578104548,15.418850665321886,55.16447015193635,6500.244048256484,0.0,6500.244048256484
1355,6444.992219652506,15.418641673809823,55.09743118380471,6500.08965083631,0.0,6500.08965083631
1356,6444.904893998454,15.418432760761853,55.030609494820844,6499.935503493275,0.0,6499.935503493275
1357,6444.817601265372,15.418223926472182,54.964004220479055,6499.781605485851,0.0,6499.781605485851
1358,6444.730341574632,15.418015171231177,54.89761450075704,6499.627956075389,0.0,6499.627956075389
1359,6444.643115046122,15.417806495325651,54.831439480092314,6499.474554526215,0.0,6499.474554526215
1360,6444.5559217986165,15.417597899039752,54.765478307358805,6499.321400105975,0.0,6499.321400105975
1361,6444.468761949614,15.41738938265458,54.699730135843296,6499.168492085458,0.0,6499.168492085458
1362,6444.381635614774,15.417180946446827,54.63419412322216,6499.015829737996,0.0,6499.015829737996
1363,6444.294542908789,15.416972590690882,54.568869431538054,6498.863412340326,0.0,6498.863412340326
1364,6444.2074839446705,15.416764315657106,54.50375522717678,6498.711239171847,0.0,6498.711239171847
1365,6444.120458834035,15.416556121612524,54.43885068084411,6498.55930951488,0.0,6498.55930951488
1366,6444.033467687516,15.41634800882181,54.37415496754282,6498.407622655059,0.0,6498.407622655059
1367,6443.9465106140815,15.41613997754565,54.30966726654971,6498.256177880631,0.0,6498.256177880631
1368,6443.859587721408,15.415932028041647,54.245386761392815,6498.1049744828015,0.0,6498.1049744828015
1369,6443.772699115869,15.41572416056428,54.1813126398285,6497.954011755697,0.0,6497.954011755697
1370,6443.685844902098,15.415516375363872,54.1174440938189,6497.803288995917,0.0,6497.803288995917
1371,6443.5990251837175,15.415308672688319,54.053780319509244,6497.652805503227,0.0,6497.652805503227
1372,6443.512240063183,15.415101052782733,53.99032051720536,6497.502560580388,0.0,6497.502560580388
1373,6443.425489641063,15.41489351588771,53.927063891351246,6497.352553532414,0.0,6497.352553532414
1374,6443.33877401718,15.414686062242058,53.864009650506645,6497.202783667687,0.0,6497.202783667687
1375,6443.252093289397,15.414478692079896,53.801157007324846,6497.053250296722,0.0,6497.053250296722
1376,6443.165447554711,15.414271405633281,53.73850517853049,6496.903952733242,0.0,6496.903952733242
1377,6443.078836908209,15.414064203129687,53.67605338489747,6496.754890293107,0.0,6496.754890293107
1378,6442.992261444513,15.413857084795486,53.61380085122691,6496.60606229574,0.0,6496.60606229574
1379,6442.905721255905,15.413650050851446,53.55174680632529,6496.45746806223,0.0,6496.45746806223
1380,6442.81921643432,15.413443101517512,53.4898904829825,6496.309106917302,0.0,6496.309106917302
1381,6442.732747069452,15.413236237008258,53.42823111795022,6496.160978187402,0.0,6496.160978187402
1382,6442.646313250309,15.413029457536624,53.36676795192018,6496.013081202229,0.0,6496.013081202229
1383,6442.559915064159,15.412822763311386,53.30550022950261,6495.8654152936615,0.0,6495.8654152936615
1384,6442.473552597439,15.412616154539329,53.244427199204736,6495.717979796644,0.0,6495.717979796644
1385,6442.387225934675,15.412409631422669,53.183548113409394,6495.570774048085,0.0,6495.570774048085
1386,6442.300935159601,15.412203194161725,53.12286222835377,6495.423797387954,0.0,6495.423797387954
1387,6442.214680354169,15.411996842952558,53.062368804108075,6495.277049158277,0.0,6495.277049158277
1388,6442.128461599737,15.411790577989802,53.002067104554484,6495.1305287042915,0.0,6495.1305287042915
1389,6442.042278975196,15.41158439946219,52.94195639736613,6494.984235372562,0.0,6494.984235372562
1390,6441.956132559288,15.411378307558104,52.882035953985984,6494.838168513274,0.0,6494.838168513274
1391,6441.870022428963,15.411172302461635,52.8223050496062,6494.6923274785695,0.0,6494.6923274785695
1392,6441.783948659711,15.410966384353376,52.7627629631472,6494.546711622858,0.0,6494.546711622858
1393,6441.6979113262205,15.410760553412011,52.70340897723703,6494.401320303457,0.0,6494.401320303457
1394,6441.61191050155,15.41055480981232,52.64424237819077,6494.2561528797405,0.0,6494.2561528797405
1395,6441.5259462572285,15.410349153725427,52.58526245598999,6494.111208713219,0.0,6494.111208713219
1396,6441.440018664334,15.410143585321373,52.526468504262354,6493.966487168596,0.0,6493.966487168596
1397,6441.354127791934,15.409938104765391,52.46785982026136,6493.821987612196,0.0,6493.821987612196
1398,6441.2682737079,15.409732712219856,52.40943570484595,6493.6777094127465,0.0,6493.6777094127465
1399,6441.182456479026,15.409527407844559,52.35119546246048,6493.533651941486,0.0,6493.533651941486
1400,6441.096676171095,15.409322191796878,52.293138401114646,6493.38981457221,0.0,6493.38981457221
1401,6441.010932848125,15.409117064229964,52.23526383236346,6493.2461966804885,0.0,6493.2461966804885
1402,6440.925226573208,15.408912025294757,52.17757107128742,6493.102797644496,0.0,6493.102797644496
1403,6440.839557408056,15.40870707513889,52.120059436472694,6492.959616844529,0.0,6492.959616844529
1404,6440.753925413144,15.408502213907044,52.06272824999146,6492.816653663136,0.0,6492.816653663136
1405,6440.6683306480345,15.40829744174171,52.00557683738224,6492.673907485417,0.0,6492.673907485417
1406,6440.582773170389,15.408092758780835,51.948604527630444,6492.53137769802,0.0,6492.53137769802
1407,6440.497253037191,15.407888165160744,51.891810653148866,6492.38906369034,0.0,6492.38906369034
1408,6440.411770304122,15.407683661014646,51.835194549758405,6492.246964853881,0.0,6492.246964853881
1409,6440.32632502524,15.407479246471867,51.77875555666883,6492.1050805819095,0.0,6492.1050805819095
1410,6440.240917254084,15.407274921660488,51.72249301645952,6491.963410270543,0.0,6491.963410270543
1411,6440.155547042563,15.407070686704696,51.66640627506052,6491.821953317623,0.0,6491.821953317623
1412,6440.07021444112,15.406866541725167,51.61049468173345,6491.680709122853,0.0,6491.680709122853
1413,6439.984919499724,15.406662486841446,51.55475758905271,6491.539677088776,0.0,6491.539677088776
1414,6439.899662266154,15.406458522167833,51.499194352886626,6491.398856619041,0.0,6491.398856619041
1415,6439.814442788164,15.406254647818574,51.44380433237872,6491.258247120543,0.0,6491.258247120543
1416,6439.729261111492,15.40605086390309,51.38858688992915,6491.1178480014205,0.0,6491.1178480014205
1417,6439.644117280895,15.405847170528459,51.33354139117613,6490.977658672072,0.0,6490.977658672072
1418,6439.559011339743,15.405643567798428,51.27866720497749,6490.837678544721,0.0,6490.837678544721
1419,6439.473943331,15.405440055815788,51.22396370339235,6490.697907034392,0.0,6490.697907034392
1420,6439.388913295489,15.405236634678204,51.16943026166284,6490.558343557152,0.0,6490.558343557152
1421,6439.303921273674,15.405033304482474,51.1150662581959,6490.41898753187,0.0,6490.41898753187
1422,6439.2189673044395,15.404830065321626,51.06087107454524,6490.279838378985,0.0,6490.279838378985
1423,6439.134051425476,15.404626917285828,51.00684409539327,6490.14089552087,0.0,6490.14089552087
1424,6439.049173673613,15.404423860463188,50.952984708533286,6490.002158382146,0.0,6490.002158382146
1425,6438.964334084435,15.40422089493884,50.899292304851556,6489.863626389287,0.0,6489.863626389287
1426,6438.879532691995,15.404018020794247,50.845766278309654,6489.725298970305,0.0,6489.725298970305
1427,6438.7947695295725,15.403815238109026,50.79240602592677,6489.587175555499,0.0,6489.587175555499
1428,6438.71004462959,15.40361254696074,50.739210947762174,6489.449255577352,0.0,6489.449255577352
1429,6438.625358023142,15.403409947423786,50.68618044689771,6489.31153847004,0.0,6489.31153847004
1430,6438.540709739857,15.403207439569037,50.63331392942047,6489.174023669278,0.0,6489.174023669278
1431,6438.45609980856,15.403005023465454,50.58061080440549,6489.036710612965,0.0,6489.036710612965
1432,6438.371528257179,15.402802699179855,50.52807048389844,6488.899598741078,0.0,6488.899598741078
1433,6438.28699511208,15.402600466775311,50.47569238289866,6488.762687494979,0.0,6488.762687494979
1434,6438.202500398875,15.402398326313097,50.423475919341996,6488.625976318217,0.0,6488.625976318217
1435,6438.118044141831,15.40219627785127,50.371420514083944,6488.489464655915,0.0,6488.489464655915
1436,6438.033626364592,15.401994321446393,50.31952559088267,6488.3531519554745,0.0,6488.3531519554745
1437,6437.949247089014,15.40179245715075,50.26779057638238,6488.217037665396,0.0,6488.217037665396
1438,6437.864906336579,15.401590685015739,50.216214900096475,6488.081121236675,0.0,6488.081121236675
1439,6437.780604127296,15.401389005089225,50.16479799439112,6487.945402121687,0.0,6487.945402121687
1440,6437.6963404802445,15.401187417416853,50.11353929446856,6487.809879774713,0.0,6487.809879774713
1441,6437.612115413529,15.400985922041935,50.06243823835075,6487.674553651879,0.0,6487.674553651879
1442,6437.527928943838,15.400784519004397,50.01149426686303,6487.539423210701,0.0,6487.539423210701
1443,6437.443781087414,15.400583208343097,49.96070682361777,6487.4044879110315,0.0,6487.4044879110315
1444,6437.359671858829,15.400381990092892,49.91007535499836,6487.269747213827,0.0,6487.269747213827
1445,6437.275601272235,15.400180864287643,49.8595993101429,6487.135200582377,0.0,6487.135200582377
1446,6437.191569340137,15.399979830957266,49.80927814092836,6487.000847481066,0.0,6487.000847481066
1447,6437.1075760746535,15.399778890130749,49.75911130195455,6486.866687376608,0.0,6486.866687376608
1448,6437.023621486285,15.399578041833218,49.70909825052825,6486.732719736813,0.0,6486.732719736813
1449,6436.939705584717,15.399377286087839,49.65923844664758,6486.598944031364,0.0,6486.598944031364
1450,6436.855828379165,15.399176622916663,49.609531352986174,6486.465359732151,0.0,6486.465359732151
1451,6436.7719898771575,15.398976052337698,49.55997643487769,6486.331966312036,0.0,6486.331966312036
1452,6436.688190085351,15.39877557436687,49.510573160300176,6486.198763245651,0.0,6486.198763245651
1453,6436.604429009685,15.398575189018386,49.46132099986074,6486.065750009546,0.0,6486.065750009546
1454,6436.520706654909,15.398374896303611,49.41221942678018,6485.932926081689,0.0,6485.932926081689
1455,6436.4370230249,15.398174696231818,49.363267916877625,6485.800290941777,0.0,6485.800290941777
1456,6436.353378122592,15.39797458881003,49.314465948555466,6485.667844071148,0.0,6485.667844071148
1457,6436.269771949546,15.397774574041977,49.265813002784135,6485.53558495233,0.0,6485.53558495233
1458,6436.186204506996,15.397574651930611,49.217308563087165,6485.403513070083,0.0,6485.403513070083
1459,6436.102675794718,15.397374822475403,49.168952115526174,6485.271627910244,0.0,6485.271627910244
1460,6436.019185812169,15.397175085675045,49.120743148686046,6485.139928960855,0.0,6485.139928960855
1461,6435.935734556868,15.396975441523606,49.07268115366007,6485.0084157105275,0.0,6485.0084157105275
1462,6435.852322026556,15.396775890015684,49.0247656240353,6484.877087650591,0.0,6484.877087650591
1463,6435.76894821711,15.396576431141412,48.9769960558779,6484.745944272988,0.0,6484.745944272988
1464,6435.685613123742,15.396377064889334,48.92937194771858,6484.61498507146,0.0,6484.61498507146
1465,6435.602316741231,15.396177791246965,48.88189280053809,6484.48420954177,0.0,6484.48420954177
1466,6435.519059062677,15.395978610197792,48.834558117752906,6484.35361718043,0.0,6484.35361718043
1467,6435.435840080956,15.395779521724775,48.78736740520079,6484.223207486157,0.0,6484.223207486157
1468,6435.352659787406,15.395580525807192,48.74032017112668,6484.092979958533,0.0,6484.092979958533
1469,6435.269518173171,15.395381622423853,48.69341592616843,6483.962934099339,0.0,6483.962934099339
1470,6435.186415227938,15.39518281155009,48.64665418334276,6483.83306941128,0.0,6483.83306941128
1471,6435.103350940598,15.394984093159325,48.600034458031196,6483.7033853986295,0.0,6483.7033853986295
1472,6435.020325299289,15.394785467223178,48.553556267966194,6483.573881567255,0.0,6483.573881567255
1473,6434.93733829172,15.39458693371225,48.50721913321725,6483.444557424938,0.0,6483.444557424938
1474,6434.854389903707,15.3943884925926,48.46102257617713,6483.315412479884,0.0,6483.315412479884
1475,6434.771480121091,15.394190143830363,48.41496612154812,6483.186446242639,0.0,6483.186446242639
1476,6434.688608928392,15.393991887388497,48.369049296328434,6483.05765822472,0.0,6483.05765822472
1477,6434.605776309722,15.393793723229,48.3232716297986,6482.929047939521,0.0,6482.929047939521
1478,6434.522982247718,15.39359565131033,48.277632653508064,6482.800614901225,0.0,6482.800614901225
1479,6434.440226724511,15.39339767158974,48.23213190126167,6482.672358625773,0.0,6482.672358625773
1480,6434.357509721824,15.393199784023501,48.186768909106405,6482.54427863093,0.0,6482.54427863093
1481,6434.274831219893,15.393001988564336,48.14154321531805,6482.416374435211,0.0,6482.416374435211
1482,6434.192191198335,15.392804285163482,48.09645436038808,6482.288645558723,0.0,6482.288645558723
1483,6434.109589636049,15.392606673770453,48.05150188701046,6482.161091523059,0.0,6482.161091523059
1484,6434.027026511016,15.392409154332574,48.00668534006863,6482.033711851084,0.0,6482.033711851084
1485,6433.944501800692,15.392211726795914,47.96200426662254,6481.906506067315,0.0,6481.906506067315
1486,6433.862015481567,15.392014391104228,47.917458215895735,6481.779473697463,0.0,6481.779473697463
1487,6433.779567528978,15.391817147198513,47.87304673926249,6481.6526142682405,0.0,6481.6526142682405
1488,6433.697157918054,15.391619995019267,47.82876939023507,6481.525927308288,0.0,6481.525927308288
1489,6433.61478662275,15.391422934504186,47.78462572445107,6481.399412347201,0.0,6481.399412347201
1490,6433.532453616531,15.391225965589786,47.740615299660696,6481.273068916192,0.0,6481.273068916192
1491,6433.450158871892,15.391029088210269,47.69673767571436,6481.146896547607,0.0,6481.146896547607
1492,6433.36790236079,15.390832302298541,47.65299241455003,6481.02089477534,0.0,6481.02089477534
1493,6433.285684053932,15.390635607784525,47.60937908018093,6480.895063134112,0.0,6480.895063134112
1494,6433.203503922048,15.390439004598202,47.565897238683135,6480.769401160731,0.0,6480.769401160731
1495,6433.121361934318,15.390242492665832,47.52254645818336,6480.6439083925015,0.0,6480.6439083925015
1496,6433.039258059717,15.390046071913199,47.47932630884664,6480.518584368564,0.0,6480.518584368564
1497,6432.957192266384,15.389849742264076,47.43623636286432,6480.393428629248,0.0,6480.393428629248
1498,6432.875164521631,15.389653503640265,47.39327619444188,6480.268440716072,0.0,6480.268440716072
1499,6432.793174791995,15.38945735596171,47.350445379786954,6480.143620171782,0.0,6480.143620171782
1500,6432.711223043525,15.389261299147188,47.30774349709744,6480.018966540622,0.0,6480.018966540622
1501,6432.629309241525,15.389065333113697,47.265170126549556,6479.894479368075,0.0,6479.894479368075
1502,6432.547433350405,15.388869457776089,47.222724850286056,6479.770158200691,0.0,6479.770158200691
1503,6432.4655953337115,15.388673673047156,47.18040725240455,6479.646002586116,0.0,6479.646002586116
1504,6432.3837951550895,15.388477978839926,47.138216918945716,6479.522012074035,0.0,6479.522012074035
1505,6432.302032776802,15.388282375064119,47.09615343788178,6479.398186214684,0.0,6479.398186214684
1506,6432.2203081602465,15.388086861627384,47.054216399104945,6479.274524559351,0.0,6479.274524559351
1507,6432.138621266954,15.38789143843769,47.01240539441589,6479.1510266613695,0.0,6479.1510266613695
1508,6432.056972057306,15.387696105400252,46.97072001751241,6479.027692074818,0.0,6479.027692074818
1509,6431.975360490564,15.387500862417616,46.92915986397799,6478.904520354542,0.0,6478.904520354542
1510,6431.89378652642,15.387305709393349,46.887724531270536,6478.78151105769,0.0,6478.78151105769
1511,6431.812250123046,15.387110646227384,46.84641361871122,6478.658663741758,0.0,6478.658663741758
1512,6431.730751238379,15.386915672819088,46.80522672747319,6478.535977965852,0.0,6478.535977965852
1513,6431.649289829208,15.386720789065091,46.76416346057064,6478.413453289779,0.0,6478.413453289779
1514,6431.567865852499,15.386525994862438,46.72322342284762,6478.291089275347,0.0,6478.291089275347
1515,6431.486479263945,15.386331290105131,46.68240622096711,6478.168885484912,0.0,6478.168885484912
1516,6431.405130018769,15.386136674686052,46.64171146340014,6478.04684148217,0.0,6478.04684148217
1517,6431.323818071808,15.385942148497149,46.60113876041497,6477.924956832223,0.0,6477.924956832223
1518,6431.242543376906,15.385747711428005,46.560687724066135,6477.803231100972,0.0,6477.803231100972
1519,6431.161305887665,15.385553363367618,46.5203579681839,6477.6816638558485,0.0,6477.6816638558485
1520,6431.080105556688,15.385359104202603,46.480149108363534,6477.560254665052,0.0,6477.560254665052
1521,6430.998942336622,15.38516493381967,46.44006076195464,6477.439003098577,0.0,6477.439003098577
1522,6430.917816178492,15.384970852101656,46.40009254805069,6477.317908726543,0.0,6477.317908726543
1523,6430.83672703407,15.384776858933181,46.36024408747849,6477.196971121548,0.0,6477.196971121548
1524,6430.755674853179,15.384582954194208,46.32051500278776,6477.076189855967,0.0,6477.076189855967
1525,6430.674659585971,15.384389137765481,46.28090491824076,6476.955564504212,0.0,6476.955564504212
1526,6430.593681182088,15.384195409526527,46.24141345980205,6476.8350946418905,0.0,6476.8350946418905
1527,6430.512739590046,15.384001769354178,46.202040255128054,6476.714779845174,0.0,6476.714779845174
1528,6430.431834758029,15.383808217124471,46.162784933557084,6476.594619691587,0.0,6476.594619691587
1529,6430.3509666339,15.383614752712678,46.12364712609909,6476.474613759999,0.0,6476.474613759999
1530,6430.27013516442,15.383421375991436,46.08462646542555,6476.354761629846,0.0,6476.354761629846
1531,6430.1893402963,15.383228086833252,46.045722585859544,6476.23506288216,0.0,6476.23506288216
1532,6430.108581976076,15.383034885110229,46.00693512336572,6476.115517099442,0.0,6476.115517099442
1533,6430.027860148507,15.382841770690208,45.96826371554043,6475.996123864047,0.0,6475.996123864047
1534,6429.947174759045,15.382648743442692,45.929708001601796,6475.876882760647,0.0,6475.876882760647
1535,6429.866525752121,15.382455803234738,45.89126762238004,6475.757793374501,0.0,6475.757793374501
1536,6429.785913071688,15.382262949932267,45.85294222030767,6475.638855291995,0.0,6475.638855291995
1537,6429.705336661076,15.382070183399703,45.814731439409755,6475.520068100486,0.0,6475.520068100486
1538,6429.624796463295,15.381877503500705,45.77663492529442,6475.401431388589,0.0,6475.401431388589
1539,6429.54429242078,15.38168491009756,45.738652325143114,6475.2829447459235,0.0,6475.2829447459235
1540,6429.46382447547,15.381492403051363,45.70078328770126,6475.164607763171,0.0,6475.164607763171
1541,6429.383392569016,15.381299982222526,45.66302746326869,6475.046420032285,0.0,6475.046420032285
1542,6429.30299664208,15.38110764746909,45.6253845036902,6474.92838114577,0.0,6474.92838114577
1543,6429.222636635339,15.380915398649137,45.58785406234633,6474.810490697685,0.0,6474.810490697685
1544,6429.142312488914,15.380723235619412,45.55043579414392,6474.692748283058,0.0,6474.692748283058
1545,6429.062024142309,15.38053115823519,45.51312935550697,6474.575153497816,0.0,6474.575153497816
1546,6428.981771534431,15.380339166350312,45.47593440436732,6474.457705938798,0.0,6474.457705938798
1547,6428.901554604272,15.380147259818832,45.438850600155696,6474.340405204428,0.0,6474.340405204428
1548,6428.821373289927,15.379955438492647,45.40187760379239,6474.223250893719,0.0,6474.223250893719
1549,6428.74122752896,15.379763702222393,45.365015077678436,6474.106242606638,0.0,6474.106242606638
1550,6428.661117258846,15.379572050858485,45.32826268568648,6473.989379944533,0.0,6473.989379944533
1551,6428.581042416428,15.379380484249829,45.29162009315192,6473.872662509581,0.0,6473.872662509581
1552,6428.501002938064,15.379189002244171,45.25508696686397,6473.756089904928,0.0,6473.756089904928
1553,6428.420998759993,15.37899760468898,45.21866297505688,6473.63966173505,0.0,6473.63966173505
1554,6428.341029817631,15.37880629142974,45.1823477874011,6473.523377605033,0.0,6473.523377605033
1555,6428.261096046153,15.378615062311372,45.146141074994674,6473.407237121148,0.0,6473.407237121148
1556,6428.181197380463,15.378423917178141,45.110042510354376,6473.291239890817,0.0,6473.291239890817
1557,6428.101333754568,15.378232855872174,45.07405176740721,6473.175385521976,0.0,6473.175385521976
1558,6428.021505102983,15.3780418782368,45.03816852148185,6473.059673624464,0.0,6473.059673624464
1559,6427.941711358995,15.37785098411243,45.002392449300004,6472.944103808295,0.0,6472.944103808295
1560,6427.861952455698,15.37766017333899,44.96672322896799,6472.8286756846655,0.0,6472.8286756846655
1561,6427.782228325954,15.377469445755871,44.93116053996837,6472.713388865922,0.0,6472.713388865922
1562,6427.702538902147,15.37727880120131,44.89570406315145,6472.598242965299,0.0,6472.598242965299
1563,6427.622884116454,15.377088239513048,44.86035348072705,6472.483237597181,0.0,6472.483237597181
1564,6427.5432639002665,15.376897760526953,44.825108476256176,6472.3683723765225,0.0,6472.3683723765225
1565,6427.463678185081,15.376707364079142,44.789968734642756,6472.253646919724,0.0,6472.253646919724
1566,6427.384126901705,15.376517050004079,44.754933942125525,6472.1390608438305,0.0,6472.1390608438305
1567,6427.304609980803,15.376326818135894,44.72000378626984,6472.024613767073,0.0,6472.024613767073
1568,6427.22512735256,15.37613666830756,44.68517795595957,6471.910305308519,0.0,6471.910305308519
1569,6427.145678947106,15.375946600351927,44.65045614138912,6471.796135088495,0.0,6471.796135088495
1570,6427.0662646935025,15.375756614099288,44.61583803405538,6471.682102727558,0.0,6471.682102727558
1571,6426.986884521269,15.375566709381026,44.58132332674978,6471.568207848019,0.0,6471.568207848019
1572,6426.907538358944,15.375376886026183,44.54691171355043,6471.454450072495,0.0,6471.454450072495
1573,6426.828226135291,15.375187143864332,44.5126028898142,6471.3408290251045,0.0,6471.3408290251045
1574,6426.748947778404,15.374997482723455,44.47839655216896,6471.227344330573,0.0,6471.227344330573
1575,6426.6697032164275,15.374807902431645,44.44429239850581,6471.113995614934,0.0,6471.113995614934
1576,6426.590492376765,15.374618402815226,44.41029012797131,6471.000782504736,0.0,6471.000782504736
1577,6426.511315186425,15.374428983699582,44.376389440959905,6470.887704627386,0.0,6470.887704627386
1578,6426.432171572704,15.374239644910775,44.3425900391062,6470.77476161181,0.0,6470.77476161181
1579,6426.353061462123,15.374050386273021,44.30889162527747,6470.6619530874,0.0,6470.6619530874
1580,6426.273984780755,15.373861207609462,44.27529390356602,6470.5492786843215,0.0,6470.5492786843215
1581,6426.194941455187,15.373672108744467,44.24179657928178,6470.436738034469,0.0,6470.436738034469
1582,6426.115931410836,15.373483089499608,44.20839935894482,6470.324330769781,0.0,6470.324330769781
1583,6426.03695457321,15.373294149696674,44.17510195027796,6470.212056523488,0.0,6470.212056523488
1584,6425.958010867711,15.373105289157204,44.141904062199416,6470.0999149299105,0.0,6470.0999149299105
1585,6425.879100218792,15.37291650770046,44.108805404815456,6469.987905623607,0.0,6469.987905623607
1586,6425.800222551788,15.372727805147818,44.07580568941313,6469.8760282412,0.0,6469.8760282412
1587,6425.72137779031,15.372539181316531,44.042904628453094,6469.764282418763,0.0,6469.764282418763
1588,6425.642565859131,15.372350636026628,44.010101935562375,6469.652667794693,0.0,6469.652667794693
1589,6425.563786681867,15.372162169095375,43.977397325527264,6469.541184007394,0.0,6469.541184007394
1590,6425.485040182268,15.371973780340353,43.94479051428621,6469.429830696554,0.0,6469.429830696554
1591,6425.406326283394,15.371785469577498,43.9122812189227,6469.318607502317,0.0,6469.318607502317
1592,6425.327644908595,15.371597236623433,43.87986915765837,6469.207514066254,0.0,6469.207514066254
1593,6425.248995980834,15.37140908129386,43.84755404984595,6469.096550030679,0.0,6469.096550030679
1594,6425.170379422313,15.371221003402663,43.8153356159623,6468.985715038275,0.0,6468.985715038275
1595,6425.091795155952,15.371033002765436,43.78321357760166,6468.875008733554,0.0,6468.875008733554
1596,6425.013243103644,15.37084507919532,43.75118765746866,6468.764430761113,0.0,6468.764430761113
1597,6424.934723187398,15.370657232505737,43.719257579371636,6468.65398076677,0.0,6468.65398076677
1598,6424.8562353292,15.370469462510048,43.68742306821575,6468.543658397416,0.0,6468.543658397416
1599,6424.777779449933,15.370281769018979,43.655683849996365,6468.43346329993,0.0,6468.43346329993
1600,6424.699355471614,15.370094151845965,43.62403965179233,6468.323395123406,0.0,6468.323395123406
1601,6424.620963314936,15.369906610801282,43.59249020175936,6468.213453516695,0.0,6468.213453516695
1602,6424.542602900603,15.369719145695223,43.561035229123405,6468.103638129726,0.0,6468.103638129726
1603,6424.464274149924,15.36953175633953,43.5296744641741,6467.9939486140975,0.0,6467.9939486140975
1604,6424.385976982771,15.369344442542515,43.4984076382583,6467.884384621029,0.0,6467.884384621029
1605,6424.307711319868,15.369157204114517,43.467234483773524,6467.7749458036415,0.0,6467.7749458036415
1606,6424.229477081313,15.368970040864387,43.436154734161576,6467.665631815475,0.0,6467.665631815475
1607,6424.151274186721,15.36878295259981,43.405168123902136,6467.556442310623,0.0,6467.556442310623
1608,6424.073102555939,15.36859593912904,43.37427438850638,6467.447376944446,0.0,6467.447376944446
1609,6423.994962108508,15.368409000259588,43.34347326451065,6467.338435373019,0.0,6467.338435373019
1610,6423.916852764141,15.368222135799382,43.31276448947028,6467.229617253612,0.0,6467.229617253612
1611,6423.838774441787,15.368035345554514,43.2821478019532,6467.12092224374,0.0,6467.12092224374
1612,6423.760727060404,15.36784862933111,43.251622941533874,6467.012350001938,0.0,6467.012350001938
1613,6423.682710539231,15.36766198693596,43.22118964878704,6466.903900188018,0.0,6466.903900188018
1614,6423.604724796622,15.367475418173736,43.190847665281645,6466.795572461903,0.0,6466.795572461903
1615,6423.526769751465,15.367288922850394,43.160596733574735,6466.687366485039,0.0,6466.687366485039
1616,6423.448845321945,15.367102500770203,43.13043659720541,6466.57928191915,0.0,6466.57928191915
1617,6423.370951426685,15.366916151738481,43.10036700068881,6466.471318427373,0.0,6466.471318427373
1618,6423.293087983533,15.366729875558692,43.070387689510184,6466.3634756730435,0.0,6466.3634756730435
1619,6423.215254910434,15.366543672034531,43.040498410118914,6466.255753320553,0.0,6466.255753320553
1620,6423.137452125373,15.366357540969792,43.0106989099226,6466.148151035295,0.0,6466.148151035295
1621,6423.059679546276,15.366171482168125,42.98098893728128,6466.040668483557,0.0,6466.040668483557
1622,6422.981937090284,15.365985495431302,42.95136824150153,6465.933305331786,0.0,6465.933305331786
1623,6422.904224675398,15.365799580563152,42.92183657283074,6465.826061248229,0.0,6465.826061248229
1624,6422.826542218645,15.36561373736518,42.89239368245135,6465.718935901096,0.0,6465.718935901096
1625,6422.748889637209,15.365427965639256,42.86303932247507,6465.611928959684,0.0,6465.611928959684
1626,6422.67126684828,15.365242265187272,42.83377324593736,6465.505040094217,0.0,6465.505040094217
1627,6422.5936737691345,15.365056635811326,42.80459520679162,6465.398268975926,0.0,6465.398268975926
1628,6422.516110316215,15.36487107731152,42.775504959903714,6465.291615276119,0.0,6465.291615276119
1629,6422.4385764065755,15.364685589489415,42.74650226104637,6465.185078667622,0.0,6465.185078667622
1630,6422.361071956624,15.364500172145034,42.71758686689363,6465.078658823518,0.0,6465.078658823518
1631,6422.283596883524,15.364314825080202,42.6887585350154,6464.972355418539,0.0,6464.972355418539
1632,6422.206151103045,15.364129548093409,42.66001702387192,6464.866168126917,0.0,6464.866168126917
1633,6422.128734532183,15.363944340986086,42.63136209280845,6464.760096624992,0.0,6464.760096624992
1634,6422.051347086933,15.363759203557255,42.60279350204979,6464.654140588983,0.0,6464.654140588983
1635,6421.973988683447,15.363574135606331,42.574311012695006,6464.548299696142,0.0,6464.548299696142
1636,6421.896659238157,15.363389136933389,42.54591438671202,6464.442573624869,0.0,6464.442573624869
1637,6421.819358666795,15.36320420733683,42.517603386932436,6464.336962053727,0.0,6464.336962053727
1638,6421.742086885529,15.363019346616097,42.48937777704623,6464.231464662575,0.0,6464.231464662575
1639,6421.664843810198,15.362834554569853,42.46123732159656,6464.126081131795,0.0,6464.126081131795
1640,6421.587629356813,15.36264983099716,42.4331817859746,6464.020811142787,0.0,6464.020811142787
1641,6421.510443440937,15.362465175696022,42.40521093641435,6463.9156543773515,0.0,6463.9156543773515
1642,6421.433285978186,15.36228058846456,42.377324539987654,6463.810610518174,0.0,6463.810610518174
1643,6421.356156884373,15.362096069101371,42.349522364598926,6463.705679248972,0.0,6463.705679248972
1644,6421.279056075078,15.361911617404493,42.321804178980315,6463.600860254059,0.0,6463.600860254059
1645,6421.2019834657585,15.36172723317167,42.29416975268657,6463.496153218445,0.0,6463.496153218445
1646,6421.124938971847,15.361542916200591,42.26661885609015,6463.391557827937,0.0,6463.391557827937
1647,6421.047922508945,15.361358666289341,42.23915126037622,6463.287073769321,0.0,6463.287073769321
1648,6420.970933992439,15.361174483235501,42.21176673753781,6463.182700729977,0.0,6463.182700729977
1649,6420.893973337354,15.360990366835773,42.18446506037088,6463.078438397724,0.0,6463.078438397724
1650,6420.817040459198,15.360806316888034,42.15724600246954,6462.974286461668,0.0,6462.974286461668
1651,6420.740135273121,15.360622333189285,42.130109338221224,6462.870244611342,0.0,6462.870244611342
1652,6420.6632576946395,15.360438415537415,42.10305484280191,6462.766312537441,0.0,6462.766312537441
1653,6420.586407638506,15.360254563728484,42.07608229217143,6462.662489930677,0.0,6462.662489930677
1654,6420.509585020077,15.360070777559992,42.04919146306867,6462.558776483145,0.0,6462.558776483145
1655,6420.43278975449,15.359887056828923,42.022382133007014,6462.455171887497,0.0,6462.455171887497
1656,6420.356021756762,15.359703401331966,41.99565408026962,6462.3516758370315,0.0,6462.3516758370315
1657,6420.27928094204,15.359519810866123,41.969007083904856,6462.248288025945,0.0,6462.248288025945
1658,6420.202567225361,15.359336285228137,41.942440923721676,6462.145008149083,0.0,6462.145008149083
1659,6420.125880521884,15.359152824215034,41.91595538028519,6462.04183590217,0.0,6462.04183590217
1660,6420.049220746264,15.358969427622641,41.88955023491197,6461.938770981176,0.0,6461.938770981176
1661,6419.972587813957,15.358786095248702,41.86322526966577,6461.835813083623,0.0,6461.835813083623
1662,6419.895981639758,15.358602826889374,41.83698026735293,6461.7329619071115,0.0,6461.7329619071115
1663,6419.819402138617,15.35841962234119,41.810815011518024,6461.630217150135,0.0,6461.630217150135
1664,6419.742849225457,15.358236481400613,41.7847292864395,6461.5275785118965,0.0,6461.5275785118965
1665,6419.666322815694,15.358053403865297,41.75872287712529,6461.425045692819,0.0,6461.425045692819
1666,6419.589822823898,15.357870389530857,41.73279556930842,6461.3226183932065,0.0,6461.3226183932065
1667,6419.513349165002,15.357687438193786,41.706947149442904,6461.2202963144455,0.0,6461.2202963144455
1668,6419.4369017545505,15.357504549652035,41.681177404699305,6461.11807915925,0.0,6461.11807915925
1669,6419.360480506862,15.357321723700625,41.655486122960625,6461.015966629822,0.0,6461.015966629822
1670,6419.284085337444,15.357138960137425,41.62987309281799,6460.913958430262,0.0,6460.913958430262
1671,6419.20771616097,15.356956258758302,41.60433810356663,6460.812054264537,0.0,6460.812054264537
1672,6419.131372892805,15.356773619360778,41.57888094520163,6460.710253838007,0.0,6460.710253838007
1673,6419.05505544793,15.356591041741458,41.55350140841386,6460.608556856343,0.0,6460.608556856343
1674,6418.978763741383,15.356408525697088,41.5281992845859,6460.506963025969,0.0,6460.506963025969
1675,6418.9024976880555,15.356226071024055,41.502974365788,6460.405472053843,0.0,6460.405472053843
1676,6418.826257203379,15.356043677520045,41.47782644477407,6460.304083648153,0.0,6460.304083648153
1677,6418.7500422024605,15.355861344981962,41.45275531497766,6460.202797517438,0.0,6460.202797517438
1678,6418.673852600186,15.355679073206188,41.42776077050804,6460.101613370694,0.0,6460.101613370694
1679,6418.597688312251,15.355496861991032,41.40284260614627,6460.000530918397,0.0,6460.000530918397
1680,6418.521549253487,15.355314711132744,41.3780006173413,6459.899549870828,0.0,6459.899549870828
1681,6418.445435339226,15.355132620428769,41.353234600206086,6459.798669939431,0.0,6459.798669939431
1682,6418.369346485166,15.354950589677431,41.328544351513784,6459.69789083668,0.0,6459.69789083668
1683,6418.2932826061315,15.354768618674955,41.303929668693904,6459.597212274825,0.0,6459.597212274825
1684,6418.21724361772,15.354586707219426,41.27939034982856,6459.496633967548,0.0,6459.496633967548
1685,6418.1412294352585,15.354404855108275,41.254926193648714,6459.396155628907,0.0,6459.396155628907
1686,6418.0652399746095,15.354223062140214,41.23053699953048,6459.29577697414,0.0,6459.29577697414
1687,6417.9892751509005,15.354041328112203,41.20622256749135,6459.195497718392,0.0,6459.195497718392
1688,6417.9133348799505,15.353859652822848,41.18198269818664,6459.095317578137,0.0,6459.095317578137
1689,6417.837419077079,15.353678036069567,41.157817192905775,6458.995236269985,0.0,6458.995236269985
1690,6417.761527658272,15.353496477651369,41.1337258535687,6458.895253511841,0.0,6458.895253511841
1691,6417.6856605387675,15.353314977365473,41.10970848272234,6458.79536902149,0.0,6458.79536902149
1692,6417.609817634987,15.353133535011931,41.085764883536996,6458.695582518524,0.0,6458.695582518524
1693,6417.533998862459,15.352952150388658,41.06189485980288,6458.595893722262,0.0,6458.595893722262
1694,6417.458204137158,15.352770823294636,41.03809821592655,6458.4963023530845,0.0,6458.4963023530845
1695,6417.382433374852,15.352589553528354,41.01437475692751,6458.396808131779,0.0,6458.396808131779
1696,6417.306686491726,15.352408340889298,40.99072428843474,6458.297410780161,0.0,6458.297410780161
1697,6417.230963403965,15.352227185176949,40.96714661668328,6458.198110020648,0.0,6458.198110020648
1698,6417.155264027433,15.35204608619003,40.94364154851089,6458.098905575944,0.0,6458.098905575944
1699,6417.0795882786515,15.351865043728832,40.920208891354626,6457.999797170006,0.0,6457.999797170006
1700,6417.003936073649,15.351684057592463,40.896848453247614,6457.900784526897,0.0,6457.900784526897
1701,6416.928307328968,15.351503127581264,40.873560042815626,6457.801867371783,0.0,6457.801867371783
1702,6416.852701960923,15.35132225349503,40.85034346927388,6457.703045430197,0.0,6457.703045430197
1703,6416.777119886029,15.351141435134041,40.82719854242378,6457.604318428453,0.0,6457.604318428453
1704,6416.70156102094,15.3509606722989,40.804125072649725,6457.50568609359,0.0,6457.50568609359
1705,6416.626025282402,15.350779964790435,40.78112287091584,6457.407148153318,0.0,6457.407148153318
1706,6416.550512586899,15.350599312408848,40.7581917487629,6457.308704335662,0.0,6457.308704335662
1707,6416.475022851371,15.350418714955433,40.73533151830513,6457.210354369677,0.0,6457.210354369677
1708,6416.399555992875,15.350238172231759,40.71254199222711,6457.112097985102,0.0,6457.112097985102
1709,6416.324111928193,15.350057684038738,40.68982298378069,6457.013934911974,0.0,6457.013934911974
1710,6416.24869057445,15.34987725017811,40.66717430678193,6456.915864881232,0.0,6456.915864881232
1711,6416.173291848667,15.349696870451355,40.644595775608074,6456.817887624275,0.0,6456.817887624275
1712,6416.097915668472,15.349516544661416,40.62208720519452,6456.720002873666,0.0,6456.720002873666
1713,6416.022561950679,15.34933627260928,40.59964841103184,6456.622210361711,0.0,6456.622210361711
1714,6415.947230613203,15.349156054098572,40.57727920916285,6456.524509822366,0.0,6456.524509822366
1715,6415.871921573298,15.348975888931335,40.55497941617966,6456.426900989478,0.0,6456.426900989478
1716,6415.796634748582,15.348795776910482,40.53274884922079,6456.329383597803,0.0,6456.329383597803
1717,6415.72137005685,15.348615717839355,40.51058732596821,6456.231957382818,0.0,6456.231957382818
1718,6415.646127415547,15.348435711520448,40.48849466464458,6456.134622080192,0.0,6456.134622080192
1719,6415.570906742989,15.348255757758347,40.46647068401043,6456.037377426999,0.0,6456.037377426999
1720,6415.495707956986,15.348075856356425,40.44451520336125,6455.940223160347,0.0,6455.940223160347
1721,6415.420530975814,15.347896007119171,40.4226280425248,6455.843159018338,0.0,6455.843159018338
1722,6415.345375717422,15.347716209850292,40.400809021858336,6455.746184739281,0.0,6455.746184739281
1723,6415.27024209991,15.347536464353853,40.37905796224587,6455.649300062156,0.0,6455.649300062156
1724,6415.195130042222,15.347356770435939,40.357374685095465,6455.552504727318,0.0,6455.552504727318
1725,6415.120039462378,15.347177127900427,40.33575901233655,6455.455798474715,0.0,6455.455798474715
1726,6415.044970279315,15.346997536553385,40.31421076641731,6455.359181045732,0.0,6455.359181045732
1727,6414.969922411405,15.346817996199533,40.292729770301975,6455.2626521817065,0.0,6455.2626521817065
1728,6414.894895777611,15.346638506645002,40.27131584746827,6455.166211625079,0.0,6455.166211625079
1729,6414.819890296959,15.346459067696074,40.249968821904844,6455.069859118864,0.0,6455.069859118864
1730,6414.744905888302,15.346279679158618,40.228688518108655,6454.9735944064105,0.0,6454.9735944064105
1731,6414.6699424710405,15.34610034083981,40.207474761082466,6454.877417232123,0.0,6454.877417232123
1732,6414.594999964069,15.34592105254562,40.186327376332336,6454.781327340401,0.0,6454.781327340401
1733,6414.520078286898,15.345741814083487,40.16524618986515,6454.685324476763,0.0,6454.685324476763
1734,6414.445177359052,15.34556262526089,40.14423102818611,6454.589408387238,0.0,6454.589408387238
1735,6414.370297100055,15.345383485885298,40.12328171829636,6454.493578818351,0.0,6454.493578818351
1736,6414.295437429637,15.345204395764682,40.10239808769046,6454.397835517328,0.0,6454.397835517328
1737,6414.220598267704,15.345025354707426,40.08157996435411,6454.302178232058,0.0,6454.302178232058
1738,6414.145779533817,15.344846362521094,40.060827176761734,6454.206606710579,0.0,6454.206606710579
1739,6414.070981148394,15.344667419015297,40.04013955387408,6454.111120702268,0.0,6454.111120702268
1740,6413.996203031376,15.344488523998509,40.019516925135996,6454.015719956512,0.0,6454.015719956512
1741,6413.921445103308,15.34430967728064,39.99895912047401,6453.920404223782,0.0,6453.920404223782
1742,6413.846707284263,15.344130878670486,39.978465970294195,6453.825173254558,0.0,6453.825173254558
1743,6413.771989495186,15.343952127978914,39.95803730547976,6453.730026800666,0.0,6453.730026800666
1744,6413.697291656227,15.343773425014898,39.93767295738892,6453.634964613616,0.0,6453.634964613616
1745,6413.622613688487,15.343594769589682,39.91737275785263,6453.53998644634,0.0,6453.53998644634
1746,6413.5479555125485,15.343416161513273,39.897136539172436,6453.445092051721,0.0,6453.445092051721
1747,6413.473317049812,15.343237600597636,39.876964134118275,6453.350281183931,0.0,6453.350281183931
1748,6413.398698221067,15.343059086653271,39.85685537592633,6453.255553596993,0.0,6453.255553596993
1749,6413.324098947708,15.342880619492124,39.83681009829691,6453.160909046005,0.0,6453.160909046005
1750,6413.249519151157,15.342702198926213,39.81682813539238,6453.06634728655,0.0,6453.06634728655
1751,6413.1749587528275,15.34252382476753,39.79690932183503,6452.971868074663,0.0,6452.971868074663
1752,6413.100417674255,15.342345496828361,39.77705349270504,6452.87747116696,0.0,6452.87747116696
1753,6413.025895837458,15.342167214922148,39.75726048353844,6452.783156320997,0.0,6452.783156320997
1754,6412.951393164254,15.341988978861853,39.73753013032508,6452.68892329458,0.0,6452.68892329458
1755,6412.876909576562,15.341810788460675,39.71786226950665,6452.594771846068,0.0,6452.594771846068
1756,6412.8024449963905,15.341632643532035,39.6982567379747,6452.500701734365,0.0,6452.500701734365
1757,6412.727999346151,15.341454543890313,39.67871337306872,6452.406712719219,0.0,6452.406712719219
1758,6412.653572548426,15.341276489350303,39.6592320125741,6452.312804561,0.0,6452.312804561
1759,6412.579164525341,15.341098479725696,39.63981249472034,6452.218977020061,0.0,6452.218977020061
1760,6412.504775199798,15.340920514832053,39.62045465817909,6452.1252298579775,0.0,6452.1252298579775
1761,6412.430404494699,15.340742594484926,39.60115834206231,6452.031562836762,0.0,6452.031562836762
1762,6412.356052332493,15.340564718498788,39.58192338592037,6451.937975718413,0.0,6451.937975718413
1763,6412.281718636681,15.340386886690624,39.562749629740296,6451.844468266421,0.0,6451.844468266421
1764,6412.207403330397,15.340209098876548,39.54363691394388,6451.751040244341,0.0,6451.751040244341
1765,6412.133106336679,15.340031354872437,39.524585079385936,6451.657691416065,0.0,6451.657691416065
1766,6412.058827579263,15.339853654495846,39.5055939673525,6451.564421546615,0.0,6451.564421546615
1767,6411.984566981373,15.339675997563093,39.48666341955912,6451.471230400932,0.0,6451.471230400932
1768,6411.910324467146,15.339498383892694,39.46779327814907,6451.378117745295,0.0,6451.378117745295
1769,6411.836099960104,15.339320813301683,39.44898338569166,6451.285083345795,0.0,6451.285083345795
1770,6411.761893384301,15.339143285608376,39.43023358518059,6451.192126969482,0.0,6451.192126969482
1771,6411.687704663822,15.338965800631152,39.41154372003215,6451.0992483838545,0.0,6451.0992483838545
1772,6411.613533723077,15.338788358189179,39.39291363408374,6451.006447357161,0.0,6451.006447357161
1773,6411.539380486234,15.33861095810104,39.374343171592045,6450.913723657826,0.0,6450.913723657826
1774,6411.465244877982,15.338433600186558,39.35583217723157,6450.821077055213,0.0,6450.821077055213
1775,6411.391126822638,15.338256284264686,39.33738049609295,6450.728507318731,0.0,6450.728507318731
1776,6411.317026245297,15.338079010156212,39.318987973681395,6450.636014218978,0.0,6450.636014218978
1777,6411.242943070872,15.33790177768151,39.30065445591516,6450.5435975267865,0.0,6450.5435975267865
1778,6411.168877224185,15.33772458666073,39.28237978912392,6450.451257013309,0.0,6450.451257013309
1779,6411.0948286306575,15.337547436915449,39.26416382004733,6450.358992450705,0.0,6450.358992450705
1780,6411.020797215237,15.337370328266116,39.246006395833504,6450.26680361107,0.0,6450.26680361107
1781,6410.94678290382,15.337193260535456,39.22790736403742,6450.174690267858,0.0,6450.174690267858
1782,6410.8727856216665,15.337016233544656,39.209866572619624,6450.082652194286,0.0,6450.082652194286
1783,6410.798805294854,15.336839247116876,39.19188386994462,6449.990689164799,0.0,6449.990689164799
1784,6410.724841849091,15.33666230107438,39.17395910477949,6449.898800953871,0.0,6449.898800953871
1785,6410.650895210063,15.336485395239386,39.156092126292506,6449.806987336356,0.0,6449.806987336356
1786,6410.576965304115,15.336308529435682,39.138282784051704,6449.715248088167,0.0,6449.715248088167
1787,6410.503052057696,15.336131703487311,39.12053092802345,6449.623582985719,0.0,6449.623582985719
1788,6410.429155397169,15.335954917218107,39.10283640857112,6449.53199180574,0.0,6449.53199180574
1789,6410.3552752487685,15.335778170451599,39.08519907645378,6449.440474325223,0.0,6449.440474325223
1790,6410.281411539538,15.335601463013248,39.067618782824766,6449.3490303223625,0.0,6449.3490303223625
1791,6410.207564196041,15.33542479472737,39.050095379230434,6449.257659575272,0.0,6449.257659575272
1792,6410.133733145427,15.335248165419681,39.03262871760881,6449.1663618630355,0.0,6449.1663618630355
1793,6410.0599183145405,15.335071574915169,39.01521865028834,6449.075136964829,0.0,6449.075136964829
1794,6409.986119630807,15.334895023040207,38.99786502998663,6448.983984660793,0.0,6448.983984660793
1795,6409.912337021588,15.334718509621025,38.98056770980913,6448.892904731398,0.0,6448.892904731398
1796,6409.83857041416,15.334542034483636,38.963326543247945,6448.801896957408,0.0,6448.801896957408
1797,6409.764819736427,15.334365597455568,38.946141384180606,6448.710961120608,0.0,6448.710961120608
1798,6409.691084915945,15.334189198363504,38.92901208686887,6448.620097002814,0.0,6448.620097002814
1799,6409.617365880606,15.334012837034942,38.91193850595752,6448.529304386563,0.0,6448.529304386563
1800,6409.543662558577,15.333836513298031,38.894920496473155,6448.43858305505,0.0,6448.43858305505
1801,6409.469974878192,15.333660226981321,38.877957913823096,6448.347932792015,0.0,6448.347932792015
1802,6409.396302767229,15.333483977912032,38.86105061379419,6448.257353381023,0.0,6448.257353381023
1803,6409.322646154671,15.333307765920265,38.844198452551716,6448.166844607223,0.0,6448.166844607223
1804,6409.249004968828,15.333131590834515,38.82740128663821,6448.076406255466,0.0,6448.076406255466
1805,6409.175379138378,15.332955452484159,38.81065897297245,6447.98603811135,0.0,6447.98603811135
1806,6409.101768592206,15.332779350699058,38.793971368848275,6447.8957399610545,0.0,6447.8957399610545
1807,6409.028173259543,15.332603285309911,38.77733833193362,6447.805511591477,0.0,6447.805511591477
1808,6408.954593069053,15.33242725614606,38.76075972026931,6447.715352789322,0.0,6447.715352789322
1809,6408.881027950436,15.332251263039321,38.74423539226821,6447.625263342704,0.0,6447.625263342704
1810,6408.807477832672,15.332075305819789,38.72776520671402,6447.535243039386,0.0,6447.535243039386
1811,6408.733942645632,15.331899384319694,38.71134902276034,6447.445291668392,0.0,6447.445291668392
1812,6408.660422318617,15.331723498369897,38.694986699929665,6447.355409018546,0.0,6447.355409018546
1813,6408.586916781678,15.331547647803058,38.6786780981124,6447.26559487979,0.0,6447.26559487979
1814,6408.513425964581,15.33137183245115,38.66242307756587,6447.175849042147,0.0,6447.175849042147
1815,6408.439949797685,15.331196052147572,38.646221498913306,6447.086171296598,0.0,6447.086171296598
1816,6408.366488210737,15.33102030672425,38.63007322314307,6446.99656143388,0.0,6446.99656143388
1817,6408.293041134209,15.330844596014852,38.61397811160749,6446.907019245816,0.0,6446.907019245816
1818,6408.219608498599,15.330668919853107,38.5979360260221,6446.817544524621,0.0,6446.817544524621
1819,6408.146190234482,15.330493278072924,38.58194682846466,6446.728137062946,0.0,6446.728137062946
1820,6408.07278627246,15.330317670508277,38.5660103813743,6446.638796653834,0.0,6446.638796653834
1821,6407.999396543581,15.330142096994212,38.550126547550605,6446.549523091131,0.0,6446.549523091131
1822,6407.926020978735,15.329966557365395,38.53429519015273,6446.460316168888,0.0,6446.460316168888
1823,6407.852659508584,15.329791051455944,38.5185161726986,6446.371175681283,0.0,6446.371175681283
1824,6407.77931206504,15.329615579102967,38.50278935906399,6446.282101424104,0.0,6446.282101424104
1825,6407.705978579033,15.329440140141228,38.48711461348172,6446.193093192515,0.0,6446.193093192515
1826,6407.632658982246,15.329264734407285,38.47149180054084,6446.104150782787,0.0,6446.104150782787
1827,6407.559353206176,15.329089361737262,38.45592078518583,6446.015273991362,0.0,6446.015273991362
1828,6407.486061182614,15.328914021967977,38.44040143271574,6445.92646261533,0.0,6445.92646261533
1829,6407.412782843342,15.328738714936225,38.42493360878345,6445.837716452125,0.0,6445.837716452125
1830,6407.339518120627,15.328563440479968,38.409517179394896,6445.749035300022,0.0,6445.749035300022
1831,6407.266266946325,15.328388198436185,38.39415201090825,6445.660418957234,0.0,6445.660418957234
1832,6407.193029252986,15.328212988643507,38.378837970033246,6445.57186722302,0.0,6445.57186722302
1833,6407.119804972348,15.328037810938632,38.363574923830335,6445.483379896178,0.0,6445.483379896178
1834,6407.04659403768,15.327862665161913,38.34836273971005,6445.39495677739,0.0,6445.39495677739
1835,6406.973396381311,15.327687551151463,38.33320128543219,6445.306597666744,0.0,6445.306597666744
1836,6406.900211935759,15.327512468745836,38.318090429105155,6445.218302364864,0.0,6445.218302364864
1837,6406.827040634194,15.327337417785154,38.30303003918527,6445.13007067338,0.0,6445.13007067338
1838,6406.753882409729,15.3271623981094,38.288019984476016,6445.041902394205,0.0,6445.041902394205
1839,6406.680737195033,15.326987409557495,38.273060134127405,6444.95379732916,0.0,6444.95379732916
1840,6406.607604923876,15.326812451970996,38.258150357635316,6444.865755281512,0.0,6444.865755281512
1841,6406.534485529195,15.326637525189462,38.24329052484074,6444.777776054036,0.0,6444.777776054036
1842,6406.461378944949,15.326462629054902,38.2284805059292,6444.6898594508775,0.0,6444.6898594508775
1843,6406.388285104544,15.326287763407999,38.21372017143013,6444.602005275974,0.0,6444.602005275974
1844,6406.315203941475,15.326112928089653,38.1990093922162,6444.514213333691,0.0,6444.514213333691
1845,6406.242135389857,15.325938122942242,38.18434803950265,6444.42648342936,0.0,6444.42648342936
1846,6406.169079383639,15.325763347807749,38.16973598484675,6444.3388153684855,0.0,6444.3388153684855
1847,6406.096035857054,15.325588602528837,38.15517310014713,6444.251208957201,0.0,6444.251208957201
1848,6406.023004744276,15.325413886948027,38.140659257643236,6444.163664001919,0.0,6444.163664001919
1849,6405.949985979472,15.325239200907829,38.126194329914675,6444.076180309387,0.0,6444.076180309387
1850,6405.876979497339,15.325064544252006,38.11177818988066,6443.98875768722,0.0,6443.98875768722
1851,6405.803985232181,15.324889916823398,38.09741071079947,6443.90139594298,0.0,6443.90139594298
1852,6405.731003118909,15.32471531846629,38.08309176626783,6443.814094885177,0.0,6443.814094885177
1853,6405.658033092395,15.32454074902487,38.068821230220365,6443.7268543226155,0.0,6443.7268543226155
1854,6405.585075087465,15.324366208343218,38.05459897692911,6443.639674064394,0.0,6443.639674064394
1855,6405.512129039068,15.324191696265713,38.040424881002856,6443.552553920071,0.0,6443.552553920071
1856,6405.439194882654,15.324017212637928,38.0262988173867,6443.4654937000405,0.0,6443.4654937000405
1857,6405.366272553206,15.32384275730432,38.012220661361496,6443.378493214567,0.0,6443.378493214567
1858,6405.293361986417,15.323668330111046,37.99819028854331,6443.29155227496,0.0,6443.29155227496
1859,6405.2204631175855,15.323493930903314,37.98420757488296,6443.204670692468,0.0,6443.204670692468
1860,6405.147575882627,15.323319559527816,37.970272396665464,6443.117848279293,0.0,6443.117848279293
1861,6405.074700216752,15.32314521582955,37.95638463050955,6443.031084847262,0.0,6443.031084847262
1862,6405.001836056294,15.322970899656207,37.94254415336718,6442.944380209661,0.0,6442.944380209661
1863,6404.9289833371095,15.32279661085433,37.928750842523066,6442.857734179633,0.0,6442.857734179633
1864,6404.856141995306,15.322622349271066,37.915004575594146,6442.7711465709,0.0,6442.7711465709
1865,6404.783311966802,15.322448114753115,37.90130523052917,6442.684617197331,0.0,6442.684617197331
1866,6404.710493188219,15.322273907148848,37.88765268560822,6442.598145873827,0.0,6442.598145873827
1867,6404.63768559583,15.322099726305813,37.8740468194422,6442.511732415272,0.0,6442.511732415272
1868,6404.564889126319,15.321925572072534,37.860487510972476,6442.425376637291,0.0,6442.425376637291
1869,6404.492103716151,15.321751444297012,37.84697463947033,6442.3390783556215,0.0,6442.3390783556215
1870,6404.419329301971,15.32157734282768,37.83350808453661,6442.252837386507,0.0,6442.252837386507
1871,6404.346565821038,15.321403267514444,37.82008772610122,6442.1666535471395,0.0,6442.1666535471395
1872,6404.273813209895,15.32122921820549,37.8067134444227,6442.0805266543175,0.0,6442.0805266543175
1873,6404.20107140578,15.321055194750668,37.79338512008786,6441.9944565258675,0.0,6441.9944565258675
1874,6404.128340345938,15.320881196999853,37.7801026340113,6441.9084429799495,0.0,6441.9084429799495
1875,6404.055619967264,15.320707224802065,37.76686586743502,6441.822485834698,0.0,6441.822485834698
1876,6403.982910207662,15.32053327800876,37.75367470192802,6441.7365849095895,0.0,6441.7365849095895
1877,6403.910211004423,15.320359356469911,37.74052901938584,6441.650740023809,0.0,6441.650740023809
1878,6403.837522295108,15.320185460036143,37.727428702030245,6441.564950997138,0.0,6441.564950997138
1879,6403.764844017494,15.320011588558598,37.71437363240879,6441.479217649903,0.0,6441.479217649903
1880,6403.6921761091135,15.31983774188783,37.70136369339437,6441.393539802508,0.0,6441.393539802508
1881,6403.619518508058,15.319663919875737,37.68839876818497,6441.307917276243,0.0,6441.307917276243
1882,6403.546871152549,15.31949012237452,37.675478740303156,6441.222349892852,0.0,6441.222349892852
1883,6403.474233980325,15.319316349235228,37.66260349359575,6441.136837473921,0.0,6441.136837473921
1884,6403.401606929934,15.319142600310848,37.6497729122335,6441.051379842168,0.0,6441.051379842168
1885,6403.328989939601,15.318968875453592,37.63698688071059,6440.965976820312,0.0,6440.965976820312
1886,6403.2563829475475,15.318795174515664,37.624245283844395,6440.880628231392,0.0,6440.880628231392
1887,6403.183785892317,15.31862149735004,37.61154800677509,6440.795333899092,0.0,6440.795333899092
1888,6403.111198712939,15.318447843810858,37.59889493496522,6440.710093647904,0.0,6440.710093647904
1889,6403.038621347757,15.318274213750614,37.58628595419948,6440.624907301956,0.0,6440.624907301956
1890,6402.966053735497,15.31810060702272,37.5737209505842,6440.539774686081,0.0,6440.539774686081
1891,6402.893495815251,15.317927023481463,37.56119981054717,6440.454695625798,0.0,6440.454695625798
1892,6402.820947526044,15.317753462980965,37.54872242083714,6440.369669946881,0.0,6440.369669946881
1893,6402.748408807067,15.317579925375759,37.536288668523596,6440.28469747559,0.0,6440.28469747559
1894,6402.675879597133,15.317406410519457,37.523898440996334,6440.199778038129,0.0,6440.199778038129
1895,6402.603359835887,15.317232918267672,37.51155162596521,6440.114911461852,0.0,6440.114911461852
1896,6402.530849462691,15.317059448475337,37.49924811145972,6440.03009757415,0.0,6440.03009757415
1897,6402.458348417063,15.316886000997757,37.48698778582874,6439.945336202892,0.0,6439.945336202892
1898,6402.385856638415,15.316712575689989,37.474770537740156,6439.8606271761555,0.0,6439.8606271761555
1899,6402.31337406647,15.316539172407822,37.46259625618055,6439.77597032265,0.0,6439.77597032265
1900,6402.2409006410935,15.316365791007401,37.45046483045488,6439.691365471548,0.0,6439.691365471548
1901,6402.168436302108,15.316192431344755,37.43837615018616,6439.6068124522935,0.0,6439.6068124522935
1902,6402.095980989372,15.31601909327601,37.42633010531516,6439.522311094687,0.0,6439.522311094687
1903,6402.023534643195,15.31584577665836,37.41432658610003,6439.437861229295,0.0,6439.437861229295
1904,6401.951097203319,15.315672481347653,37.402365483116064,6439.353462686435,0.0,6439.353462686435
1905,6401.8786686102585,15.315499207201576,37.390446687255306,6439.269115297514,0.0,6439.269115297514
1906,6401.806248804393,15.315325954077496,37.37857008972632,6439.184818894119,0.0,6439.184818894119
1907,6401.733837726088,15.315152721832746,37.36673558205382,6439.100573308141,0.0,6439.100573308141
1908,6401.661435315546,15.314979510324275,37.354943056078376,6439.016378371625,0.0,6439.016378371625
1909,6401.589041513608,15.314806319410547,37.34319240395613,6438.932233917564,0.0,6438.932233917564
1910,6401.516656261019,15.314633148949808,37.33148351815848,6438.8481397791775,0.0,6438.8481397791775
1911,6401.444279498644,15.314459998800585,37.319816291471724,6438.764095790116,0.0,6438.764095790116
1912,6401.371911166916,15.314286868820373,37.30819061699685,6438.680101783913,0.0,6438.680101783913
1913,6401.299551207017,15.314113758868462,37.296606388149186,6438.596157595167,0.0,6438.596157595167
1914,6401.227199560016,15.313940668803866,37.28506349865803,6438.512263058674,0.0,6438.512263058674
1915,6401.154856167218,15.313767598486168,37.27356184256652,6438.428418009785,0.0,6438.428418009785
1916,6401.0825209694085,15.313594547773704,37.26210131423115,6438.34462228364,0.0,6438.34462228364
1917,6401.010193908026,15.313421516526377,37.25068180832159,6438.260875716347,0.0,6438.260875716347
1918,6400.937874924338,15.31324850460368,37.23930321982032,6438.1771781441585,0.0,6438.1771781441585
1919,6400.865563960277,15.31307551186669,37.22796544402242,6438.093529404299,0.0,6438.093529404299
1920,6400.793260956786,15.312902538174129,37.216668376535154,6438.009929333321,0.0,6438.009929333321
1921,6400.7209658561305,15.312729583387872,37.205411913277764,6437.926377769409,0.0,6437.926377769409
1922,6400.64867859928,15.3125566473667,37.19419595048113,6437.842874549761,0.0,6437.842874549761
1923,6400.576399128659,15.31238372997287,37.18302038468747,6437.759419513347,0.0,6437.759419513347
1924,6400.504127385828,15.312210831066574,37.171885112750076,6437.676012498578,0.0,6437.676012498578
1925,6400.431863312782,15.31203795050905,37.160790031833,6437.592653344615,0.0,6437.592653344615
1926,6400.359606851485,15.311865088161449,37.14973503941076,6437.509341890896,0.0,6437.509341890896
1927,6400.2873579442785,15.311692243885833,37.13872003326801,6437.426077977547,0.0,6437.426077977547
1928,6400.2151165331925,15.311519417543522,37.127744911499285,6437.342861444692,0.0,6437.342861444692
1929,6400.142882560421,15.311346608996223,37.116809572508686,6437.25969213293,0.0,6437.25969213293
1930,6400.070655968531,15.311173818106534,37.10591391500959,6437.176569883541,0.0,6437.176569883541
1931,6399.998436700077,15.311001044737026,37.095057838024296,6437.093494538101,0.0,6437.093494538101
1932,6399.9262246974795,15.310828288749951,37.084241240883834,6437.010465938363,0.0,6437.010465938363
1933,6399.854019902833,15.310655550006777,37.07346402322758,6436.927483926061,0.0,6436.927483926061
1934,6399.781822259494,15.310482828371995,37.06272608500295,6436.8445483444975,0.0,6436.8445483444975
1935,6399.709631710011,15.310310123708161,37.05202732646518,6436.761659036477,0.0,6436.761659036477
1936,6399.637448197145,15.310137435878337,37.041367648176895,6436.678815845322,0.0,6436.678815845322
1937,6399.56527166382,15.30996476474598,37.03074695100797,6436.596018614828,0.0,6436.596018614828
1938,6399.493102053164,15.309792110175033,37.02016513613505,6436.513267189299,0.0,6436.513267189299
1939,6399.420939307869,15.309619472028395,37.009622105041366,6436.430561412911,0.0,6436.430561412911
1940,6399.348783371619,15.309446850171337,36.99911775951639,6436.347901131136,0.0,6436.347901131136
1941,6399.276634187196,15.309274244466975,36.988652001655524,6436.265286188851,0.0,6436.265286188851
1942,6399.204491698066,15.309101654780061,36.97822473385979,6436.182716431926,0.0,6436.182716431926
1943,6399.132355847694,15.308929080975345,36.96783585883553,6436.10019170653,0.0,6436.10019170653
1944,6399.060226579525,15.308756522917523,36.9574852795941,6436.017711859119,0.0,6436.017711859119
1945,6398.988103836824,15.308583980470871,36.94717289945152,6435.935276736275,0.0,6435.935276736275
1946,6398.915987563338,15.308411453500808,36.936898622028195,6435.852886185366,0.0,6435.852886185366
1947,6398.843877702742,15.30823894187259,36.92666235124857,6435.770540053991,0.0,6435.770540053991
1948,6398.771774198939,15.308066445452008,36.916463991340855,6435.68823819028,0.0,6435.68823819028
1949,6398.699676995502,15.307893964104073,36.90630344683663,6435.6059804423385,0.0,6435.6059804423385
1950,6398.627586036429,15.307721497694807,36.89618062257062,6435.523766659,0.0,6435.523766659
1951,6398.555501265559,15.307549046089854,36.88609542368029,6435.441596689239,0.0,6435.441596689239
1952,6398.483422627428,15.307376609156526,36.876047755605555,6435.359470383033,0.0,6435.359470383033
1953,6398.411350065375,15.30720418675927,36.86603752408849,6435.277387589464,0.0,6435.277387589464
1954,6398.339283524315,15.307031778766303,36.85606463517293,6435.195348159487,0.0,6435.195348159487
1955,6398.267222948085,15.306859385043266,36.84612899520415,6435.113351943289,0.0,6435.113351943289
1956,6398.195168280911,15.306687005456725,36.83623051082859,6435.03139879174,0.0,6435.03139879174
1957,6398.123119467585,15.306514639874605,36.82636908899347,6434.949488556578,0.0,6434.949488556578
1958,6398.051076452257,15.306342288163293,36.816544636946446,6434.867621089204,0.0,6434.867621089204
1959,6397.979039179716,15.306169950190709,36.806757062235306,6434.785796241951,0.0,6434.785796241951
1960,6397.9070075945765,15.305997625824345,36.7970062727076,6434.704013867284,0.0,6434.704013867284
1961,6397.834981641327,15.305825314931406,36.78729217651032,6434.622273817838,0.0,6434.622273817838
1962,6397.76296126478,15.305653017379855,36.77761468208953,6434.5405759468695,0.0,6434.5405759468695
1963,6397.690946409674,15.305480733037498,36.767973698190055,6434.458920107864,0.0,6434.458920107864
1964,6397.618937021118,15.30530846177301,36.758369133855076,6434.377306154973,0.0,6434.377306154973
1965,6397.546933044004,15.305136203454554,36.7488008984258,6434.295733942429,0.0,6434.295733942429
1966,6397.474934423273,15.304963957950415,36.73926890154113,6434.214203324815,0.0,6434.214203324815
1967,6397.402941104181,15.30479172512962,36.7297730531373,6434.132714157318,0.0,6434.132714157318
1968,6397.330953031661,15.304619504860433,36.720313263447444,6434.051266295109,0.0,6434.051266295109
1969,6397.2589701513525,15.304447297012805,36.710889443001335,6433.969859594354,0.0,6433.969859594354
1970,6397.1869924082785,15.304275101455211,36.70150150262498,6433.888493910903,0.0,6433.888493910903
1971,6397.115019747732,15.304102918056774,36.692149353440215,6433.807169101172,0.0,6433.807169101172
1972,6397.043052115426,15.303930746687621,36.68283290686436,6433.72588502229,0.0,6433.72588502229
1973,6396.971089456683,15.303758587216945,36.6735520746099,6433.644641531293,0.0,6433.644641531293
1974,6396.899131717352,15.303586439515197,36.66430676868402,6433.563438486036,0.0,6433.563438486036
1975,6396.827178842831,15.30341430345175,36.655096901388255,6433.482275744219,0.0,6433.482275744219
1976,6396.755230778872,15.303242178896824,36.64592238531814,6433.40115316419,0.0,6433.40115316419
1977,6396.683287471448,15.303070065721169,36.63678313336281,6433.320070604811,0.0,6433.320070604811
1978,6396.611348866141,15.302897963794596,36.62767905870458,6433.239027924846,0.0,6433.239027924846
1979,6396.539414908859,15.3027258729877,36.61861007481861,6433.158024983677,0.0,6433.158024983677
1980,6396.467485545972,15.30255379317218,36.60957609547247,6433.077061641444,0.0,6433.077061641444
1981,6396.395560723373,15.302381724218595,36.600577034725745,6432.9961377580985,0.0,6432.9961377580985
1982,6396.323640387188,15.302209665998058,36.591612806929675,6432.915253194117,0.0,6432.915253194117
1983,6396.251724483359,15.302037618381242,36.58268332672669,6432.834407810085,0.0,6432.834407810085
1984,6396.17981295843,15.301865581240264,36.573788509050104,6432.753601467481,0.0,6432.753601467481
1985,6396.107905758756,15.301693554446784,36.56492826912359,6432.67283402788,0.0,6432.67283402788
1986,6396.036002830581,15.301521537872205,36.55610252246087,6432.592105353042,0.0,6432.592105353042
1987,6395.964104120481,15.301349531388711,36.54731118486523,6432.511415305346,0.0,6432.511415305346
1988,6395.892209574839,15.301177534868037,36.538554172429144,6432.430763747268,0.0,6432.430763747268
1989,6395.820319140483,15.301005548182973,36.529831401533826,6432.350150542016,0.0,6432.350150542016
1990,6395.748432763692,15.300833571205006,36.52114278884887,6432.269575552541,0.0,6432.269575552541
1991,6395.676550391785,15.300661603808098,36.51248825133176,6432.189038643117,0.0,6432.189038643117
1992,6395.604671971087,15.300489645863843,36.503867706227425,6432.108539677314,0.0,6432.108539677314
1993,6395.532797448718,15.300317697245736,36.49528107106791,6432.0280785197865,0.0,6432.0280785197865
1994,6395.4609267714595,15.300145757826458,36.486728263671836,6431.947655035131,0.0,6431.947655035131
1995,6395.389059886185,15.299973827478912,36.47820920214403,6431.8672690883295,0.0,6431.8672690883295
1996,6395.317196740232,15.29980190607711,36.469723804875045,6431.786920545107,0.0,6431.786920545107
1997,6395.24533728058,15.29962999349421,36.46127199054075,6431.706609271121,0.0,6431.706609271121
1998,6395.17348145451,15.29945808960409,36.452853678101825,6431.6263351326115,0.0,6431.6263351326115
1999,6395.101629209222,15.299286194280436,36.44446878680341,6431.546097996025,0.0,6431.546097996025
2000,6395.029780491918,15.299114307396934,36.43611723617458,6431.465897728092,0.0,6431.465897728092
2001,6394.957935250295,15.298942428828457,36.4277989460279,6431.385734196323,0.0,6431.385734196323
2002,6394.886093431719,15.298770558449089,36.419513836458954,6431.305607268178,0.0,6431.305607268178
2003,6394.814254983397,15.29859869613253,36.411261827845955,6431.225516811243,0.0,6431.225516811243
2004,6394.742419853492,15.298426841754765,36.403042840849196,6431.145462694341,0.0,6431.145462694341
2005,6394.670587989115,15.298254995189271,36.394856796410615,6431.065444785526,0.0,6431.065444785526
2006,6394.598759338209,15.298083156311504,36.38670361575333,6430.985462953962,0.0,6430.985462953962
2007,6394.526933848778,15.297911324997076,36.37858322038118,6430.905517069159,0.0,6430.905517069159
2008,6394.4551114684145,15.297739501120608,36.37049553207821,6430.825607000493,0.0,6430.825607000493
2009,6394.383292145189,15.297567684557869,36.3624404729082,6430.7457326180975,0.0,6430.7457326180975
2010,6394.311475826729,15.297395875183563,36.35441796521424,6430.665893791944,0.0,6430.665893791944
2011,6394.239662461801,15.297224072875123,36.34642793161818,6430.58609039342,0.0,6430.58609039342
2012,6394.167851997901,15.29705227750694,36.33847029502015,6430.506322292921,0.0,6430.506322292921
2013,6394.096044383483,15.2968804889557,36.3305449785981,6430.426589362081,0.0,6430.426589362081
2014,6394.024239566617,15.29670870709717,36.32265190580729,6430.346891472424,0.0,6430.346891472424
2015,6393.952437496019,15.296536931808658,36.31479100037977,6430.267228496399,0.0,6430.267228496399
2016,6393.880638119583,15.29636516296551,36.3069621863239,6430.187600305907,0.0,6430.187600305907
2017,6393.808841386103,15.296193400445222,36.29916538792388,6430.108006774027,0.0,6430.108006774027
2018,6393.737047244275,15.29602164412506,36.29140052973917,6430.028447774014,0.0,6430.028447774014
2019,6393.665255642098,15.295849893880616,36.28366753660409,6429.948923178702,0.0,6429.948923178702
2020,6393.593466528774,15.295678149590369,36.27596633362715,6429.8694328624015,0.0,6429.8694328624015
2021,6393.521679852745,15.29550641113097,36.268296846190694,6429.789976698936,0.0,6429.789976698936
2022,6393.449895562964,15.295334678380296,36.2606589999503,6429.710554562915,0.0,6429.710554562915
2023,6393.378113608154,15.29516295121568,36.253052720834276,6429.631166328989,0.0,6429.631166328989
2024,6393.306333937306,15.294991229515086,36.24547793504311,6429.5518118723485,0.0,6429.5518118723485
2025,6393.2345564995,15.2948195131567,36.237934569049,6429.472491068549,0.0,6429.472491068549
2026,6393.162781243713,15.294647802018451,36.230422549595296,6429.393203793308,0.0,6429.393203793308
2027,6393.09100811893,15.294476095978302,36.22294180369596,6429.313949922626,0.0,6429.313949922626
2028,6393.0192370747545,15.294304394915681,36.21549225863503,6429.23472933339,0.0,6429.23472933339
2029,6392.947468060065,15.29413269870829,36.20807384196614,6429.1555419020315,0.0,6429.1555419020315
2030,6392.875701024363,15.293961007235318,36.200686481511866,6429.076387505875,0.0,6429.076387505875
2031,6392.803935917018,15.293789320375641,36.19333010536331,6428.997266022381,0.0,6428.997266022381
2032,6392.732172687827,15.293617638009156,36.18600464187947,6428.918177329707,0.0,6428.918177329707
2033,6392.6604112855,15.293445960013159,36.17871001968673,6428.839121305187,0.0,6428.839121305187
2034,6392.588651660508,15.293274286269158,36.17144616767829,6428.760097828186,0.0,6428.760097828186
2035,6392.516893762146,15.293102616655851,36.16421301501363,6428.68110677716,0.0,6428.68110677716
2036,6392.44513754016,15.292930951053016,36.15701049111796,6428.602148031278,0.0,6428.602148031278
2037,6392.3733829444645,15.292759289340824,36.149838525681616,6428.523221470146,0.0,6428.523221470146
2038,6392.301629924892,15.292587631399263,36.14269704865959,6428.444326973552,0.0,6428.444326973552
2039,6392.2298784313925,15.292415977108595,36.13558599027084,6428.365464421663,0.0,6428.365464421663
2040,6392.158128414165,15.292244326349676,36.128505280997864,6428.286633695163,0.0,6428.286633695163
2041,6392.086379822969,15.292072679002318,36.12145485158601,6428.207834674556,0.0,6428.207834674556
2042,6392.014632608339,15.291901034948179,36.11443463304298,6428.129067241382,0.0,6428.129067241382
2043,6391.942886720047,15.291729394067097,36.107444556638264,6428.050331276685,0.0,6428.050331276685
2044,6391.871142108993,15.291557756241609,36.1004845539025,6427.971626662896,0.0,6427.971626662896
2045,6391.799398725172,15.291386121352087,36.09355455662692,6427.892953281799,0.0,6427.892953281799
2046,6391.727656518968,15.291214489279827,36.08665449686284,6427.814311015831,0.0,6427.814311015831
2047,6391.6559154411825,15.291042859907135,36.07978430692099,6427.735699748104,0.0,6427.735699748104
2048,6391.584175442125,15.290871233115132,36.07294391937095,6427.657119361496,0.0,6427.657119361496
2049,6391.512436472863,15.290699608786753,36.0661332670406,6427.578569739903,0.0,6427.578569739903
2050,6391.440698483768,15.290527986803273,36.05935228301549,6427.500050766784,0.0,6427.500050766784
2051,6391.3689614255545,15.290356367046781,36.05260090063828,6427.4215623261925,0.0,6427.4215623261925
2052,6391.29722524946,15.290184749400622,36.04587905350811,6427.343104302969,0.0,6427.343104302969
2053,6391.225489906237,15.29001313374698,36.03918667548007,6427.264676581717,0.0,6427.264676581717
2054,6391.15375534689,15.289841519968636,36.03252370066451,6427.186279047554,0.0,6427.186279047554
2055,6391.082021522497,15.289669907948557,36.02589006342656,6427.107911585923,0.0,6427.107911585923
2056,6391.010288384512,15.289498297570603,36.019285698385396,6427.029574082898,0.0,6427.029574082898
2057,6390.938555883812,15.289326688717253,36.012710540413735,6426.951266424226,0.0,6426.951266424226
2058,6390.866823971832,15.289155081272325,36.0061645246372,6426.872988496469,0.0,6426.872988496469
2059,6390.795092599951,15.288983475119501,35.999647586433696,6426.794740186385,0.0,6426.794740186385
2060,6390.723361719708,15.288811870142842,35.993159661432806,6426.71652138114,0.0,6426.71652138114
2061,6390.651631282469,15.288640266226002,35.98670068551521,6426.638331967984,0.0,6426.638331967984
2062,6390.579901240026,15.28846866325365,35.98027059481205,6426.560171834838,0.0,6426.560171834838
2063,6390.508171544088,15.28829706111026,35.97386932570429,6426.482040869792,0.0,6426.482040869792
2064,6390.436442146314,15.288125459680177,35.96749681482216,6426.403938961136,0.0,6426.403938961136
2065,6390.364712998514,15.28795385884812,35.96115299904453,6426.325865997558,0.0,6426.325865997558
2066,6390.2929840525085,15.287782258498824,35.95483781549816,6426.247821868006,0.0,6426.247821868006
2067,6390.221255260413,15.287610658517735,35.948551201557294,6426.16980646197,0.0,6426.16980646197
2068,6390.149526574377,15.287439058790376,35.94229309484289,6426.09181966922,0.0,6426.09181966922
2069,6390.077797946353,15.2872674592018,35.93606343322203,6426.013861379575,0.0,6426.013861379575
2070,6390.0060693286305,15.287095859637873,35.929862154807296,6425.935931483437,0.0,6425.935931483437
2071,6389.934340673542,15.286924259984549,35.923689197956165,6425.858029871498,0.0,6425.858029871498
2072,6389.862611933192,15.286752660127254,35.91754450127033,6425.780156434463,0.0,6425.780156434463
2073,6389.790883060594,15.286581059953575,35.911428003595134,6425.702311064189,0.0,6425.702311064189
2074,6389.719154007464,15.286409459347999,35.90533964401887,6425.624493651482,0.0,6425.624493651482
2075,6389.647424727075,15.286237858198744,35.8992793618722,6425.546704088947,0.0,6425.546704088947
2076,6389.575695172127,15.286066256392647,35.893247096727514,6425.468942268854,0.0,6425.468942268854
2077,6389.503965294649,15.28589465381495,35.88724278839826,6425.391208083047,0.0,6425.391208083047
2078,6389.432235048033,15.285723050354147,35.881266376938356,6425.313501424972,0.0,6425.313501424972
2079,6389.360504385236,15.285551445897694,35.87531780264149,6425.235822187878,0.0,6425.235822187878
2080,6389.2887732590125,15.285379840332565,35.86939700604053,6425.158170265053,0.0,6425.158170265053
2081,6389.217041622256,15.285208233546067,35.86350392790691,6425.080545550163,0.0,6425.080545550163
2082,6389.145309428546,15.285036625427145,35.857638509249895,6425.002947937796,0.0,6425.002947937796
2083,6389.073576630953,15.284865015863524,35.85180069131605,6424.925377322269,0.0,6424.925377322269
2084,6389.001843182841,15.284693404743638,35.84599041558847,6424.84783359843,0.0,6424.84783359843
2085,6388.9301090371755,15.284521791954965,35.84020762378624,6424.770316660962,0.0,6424.770316660962
2086,6388.858374147943,15.284350177387424,35.83445225786377,6424.692826405807,0.0,6424.692826405807
2087,6388.786638468258,15.284178560928847,35.8287242600101,6424.615362728268,0.0,6424.615362728268
2088,6388.7149019521985,15.284006942469375,35.82302357264831,6424.537925524847,0.0,6424.537925524847
2089,6388.6431645531175,15.28383532189741,35.81735013843483,6424.460514691552,0.0,6424.460514691552
2090,6388.571426224893,15.283663699102615,35.811703900258806,6424.383130125152,0.0,6424.383130125152
2091,6388.499686921545,15.283492073974987,35.80608480124147,6424.305771722786,0.0,6424.305771722786
2092,6388.427946596923,15.283320446404122,35.80049278473544,6424.228439381658,0.0,6424.228439381658
2093,6388.3562052049765,15.283148816279848,35.79492779432413,6424.151132999301,0.0,6424.151132999301
2094,6388.284462699788,15.282977183492315,35.78938977382107,6424.073852473609,0.0,6424.073852473609
2095,6388.21271903579,15.282805547932512,35.78387866726921,6423.996597703059,0.0,6423.996597703059
2096,6388.1409741670195,15.282633909490478,35.77839441894033,6423.91936858596,0.0,6423.91936858596
2097,6388.069228047837,15.282462268057026,35.772936973334396,6423.842165021171,0.0,6423.842165021171
2098,6387.997480633079,15.282290623524114,35.76750627517882,6423.764986908258,0.0,6423.764986908258
2099,6387.92573187686,15.28211897578196,35.76210226942789,6423.687834146287,0.0,6423.687834146287
2100,6387.8539817339415,15.281947324722347,35.75672490126208,6423.610706635203,0.0,6423.610706635203
2101,6387.782230158988,15.281775670236813,35.75137411608739,6423.533604275075,0.0,6423.533604275075
2102,6387.710477106886,15.28160401221743,35.746049859534686,6423.456526966421,0.0,6423.456526966421
2103,6387.638722532403,15.281432350555988,35.740752077459085,6423.379474609862,0.0,6423.379474609862
2104,6387.566966390485,15.2812606851447,35.73548071593923,6423.302447106424,0.0,6423.302447106424
2105,6387.495208636293,15.281089015876299,35.7302357212767,6423.225444357569,0.0,6423.225444357569
2106,6387.4234492249325,15.280917342643379,35.72501703999533,6423.148466264928,0.0,6423.148466264928
2107,6387.351688111432,15.280745665338355,35.71982461884051,6423.071512730273,0.0,6423.071512730273
2108,6387.279925251327,15.280573983854849,35.71465840477861,6422.9945836561055,0.0,6422.9945836561055
2109,6387.208160600088,15.280402298086337,35.709518344996226,6422.917678945085,0.0,6422.917678945085
2110,6387.136394112788,15.280230607925331,35.70440438689961,6422.840798499688,0.0,6422.840798499688
2111,6387.064625745249,15.280058913266146,35.69931647811394,6422.763942223363,0.0,6422.763942223363
2112,6386.992855453161,15.279887214002777,35.69425456648275,6422.687110019643,0.0,6422.687110019643
2113,6386.921083192194,15.279715510029172,35.68921860006715,6422.6103017922605,0.0,6422.6103017922605
2114,6386.849308918136,15.279543801239559,35.68420852714531,6422.533517445281,0.0,6422.533517445281
2115,6386.777532586946,15.279372087528579,35.679224296211665,6422.456756883158,0.0,6422.456756883158
2116,6386.705754154642,15.27920036879101,35.67426585597633,6422.380020010618,0.0,6422.380020010618
2117,6386.633973577276,15.279028644921713,35.669333155364455,6422.3033067326405,0.0,6422.3033067326405
2118,6386.562190811375,15.278856915816688,35.66442614351553,6422.226616954891,0.0,6422.226616954891
2119,6386.490405812368,15.278685181369303,35.65954476978274,6422.149950582151,0.0,6422.149950582151
2120,6386.418618537515,15.278513441477308,35.654688983732335,6422.073307521247,0.0,6422.073307521247
2121,6386.3468289429475,15.27834169603576,35.6498587351429,6421.99668767809,0.0,6421.99668767809
2122,6386.275036984793,15.278169944939695,35.64505397400479,6421.920090958797,0.0,6421.920090958797
2123,6386.203242620454,15.27799818808721,35.6402746505194,6421.843517270973,0.0,6421.843517270973
2124,6386.131445806255,15.277826425373817,35.63552071509858,6421.766966521353,0.0,6421.766966521353
2125,6386.059646498885,15.277654656695896,35.630792118363885,6421.690438617249,0.0,6421.690438617249
2126,6385.987844655334,15.27748288195056,35.626088811146,6421.6139334664795,0.0,6421.6139334664795
2127,6385.916040232776,15.27731110103535,35.62141074448404,6421.53745097726,0.0,6421.53745097726
2128,6385.8442331883925,15.27713931384783,35.616757869624955,6421.4609910580175,0.0,6421.4609910580175
2129,6385.772423479056,15.276967520284822,35.6121301380228,6421.384553617078,0.0,6421.384553617078
2130,6385.7006110620705,15.276795720244188,35.60752750133811,6421.308138563409,0.0,6421.308138563409
2131,6385.628795895,15.276623913624402,35.60294991143728,6421.231745806437,0.0,6421.231745806437
2132,6385.556977935151,15.276452100323327,35.59839732039187,6421.155375255543,0.0,6421.155375255543
2133,6385.48515714039,15.276280280240167,35.593869680477994,6421.0790268208675,0.0,6421.0790268208675
2134,6385.413333468042,15.276108453272828,35.589366944175616,6421.002700412218,0.0,6421.002700412218
2135,6385.341506875845,15.275936619320204,35.58488906416794,6420.926395940013,0.0,6420.926395940013
2136,6385.269677321836,15.275764778281903,35.58043599334077,6420.850113315177,0.0,6420.850113315177
2137,6385.197844763856,15.275592930057071,35.57600768478181,6420.773852448638,0.0,6420.773852448638
2138,6385.126009160075,15.275421074545635,35.571604091780095,6420.697613251856,0.0,6420.697613251856
2139,6385.0541704683765,15.275249211646834,35.56722516782525,6420.621395636202,0.0,6420.621395636202
2140,6384.9823286473775,15.27507734126167,35.562870866606914,6420.545199513985,0.0,6420.545199513985
2141,6384.91048365496,15.274905463289379,35.55854114201408,6420.469024796975,0.0,6420.469024796975
2142,6384.838635449756,15.274733577630995,35.55423594813443,6420.39287139789,0.0,6420.39287139789
2143,6384.766783990426,15.274561684187622,35.54995523925371,6420.31673922968,0.0,6420.31673922968
2144,6384.694929235121,15.27438978285914,35.54569896985509,6420.240628204976,0.0,6420.240628204976
2145,6384.623071143156,15.27421787354822,35.54146709461849,6420.164538237775,0.0,6420.164538237775
2146,6384.551209672933,15.27404595615534,35.537259568419955,6420.088469241353,0.0,6420.088469241353
2147,6384.479344783525,15.273874030582597,35.5330763463311,6420.012421129856,0.0,6420.012421129856
2148,6384.407476433769,15.273702096731505,35.5289173836183,6419.936393817387,0.0,6419.936393817387
2149,6384.335604582926,15.273530154504607,35.524782635742206,6419.860387218668,0.0,6419.860387218668
2150,6384.263729190152,15.273358203804191,35.520672058357036,6419.784401248509,0.0,6419.784401248509
2151,6384.191850214679,15.273186244532726,35.516585607309935,6419.708435821989,0.0,6419.708435821989
2152,6384.119967616076,15.273014276593482,35.51252323864041,6419.632490854717,0.0,6419.632490854717
2153,6384.048081353684,15.272842299889197,35.50848490857961,6419.556566262264,0.0,6419.556566262264
2154,6383.976191387321,15.272670314323735,35.50447057354975,6419.480661960871,0.0,6419.480661960871
2155,6383.904297676396,15.27249831979999,35.50048019016346,6419.404777866559,0.0,6419.404777866559
2156,6383.83240018066,15.272326316221676,35.49651371522315,6419.3289138958835,0.0,6419.3289138958835
2157,6383.760498860351,15.272154303493663,35.492571105720394,6419.253069966071,0.0,6419.253069966071
2158,6383.688593675319,15.271982281519902,35.488652318835335,6419.177245994154,0.0,6419.177245994154
2159,6383.61668458563,15.271810250204856,35.48475731193598,6419.101441897566,0.0,6419.101441897566
2160,6383.544771551361,15.271638209453016,35.48088604257763,6419.025657593938,0.0,6419.025657593938
2161,6383.472854533304,15.271466159170583,35.477038468502265,6418.949893001806,0.0,6418.949893001806
2162,6383.400933491297,15.271294099261477,35.47321454763789,6418.874148038935,0.0,6418.874148038935
2163,6383.329008385952,15.271122029631464,35.46941423809794,6418.79842262405,0.0,6418.79842262405
2164,6383.257079177991,15.270949950186582,35.46563749818066,6418.722716676171,0.0,6418.722716676171
2165,6383.1851458284145,15.270777860833528,35.46188428636847,6418.647030114783,0.0,6418.647030114783
2166,6383.113208297537,15.270605761477363,35.45815456132739,6418.571362858865,0.0,6418.571362858865
2167,6383.041266546525,15.27043365202518,35.45444828190634,6418.495714828431,0.0,6418.495714828431
2168,6382.969320536355,15.270261532383623,35.45076540713664,6418.420085943491,0.0,6418.420085943491
2169,6382.89737022827,15.270089402459977,35.44710589623133,6418.344476124502,0.0,6418.344476124502
2170,6382.825415583051,15.269917262160408,35.44346970858455,6418.268885291635,0.0,6418.268885291635
2171,6382.753456562763,15.269745111394169,35.439856803770994,6418.193313366534,0.0,6418.193313366534
2172,6382.681493128361,15.269572950067849,35.43626714154524,6418.117760269906,0.0,6418.117760269906
2173,6382.609525241254,15.269400778089125,35.43270068184117,6418.042225923095,0.0,6418.042225923095
2174,6382.537552863432,15.269228595367062,35.42915738477141,6417.9667102482035,0.0,6417.9667102482035
2175,6382.465575956563,15.269056401809959,35.42563721062663,6417.89121316719,0.0,6417.89121316719
2176,6382.3935944825325,15.268884197326633,35.42214011987503,6417.815734602407,0.0,6417.815734602407
2177,6382.3216084030355,15.268711981825444,35.41866607316169,6417.740274476198,0.0,6417.740274476198
2178,6382.249617680474,15.268539755216446,35.41521503130801,6417.664832711783,0.0,6417.664832711783
2179,6382.177622276797,15.268367517408604,35.41178695531112,6417.589409232108,0.0,6417.589409232108
2180,6382.105622154339,15.268195268311814,35.40838180634325,6417.514003960682,0.0,6417.514003960682
2181,6382.0336172754505,15.268023007836007,35.40499954575115,6417.438616821201,0.0,6417.438616821201
2182,6381.961607602857,15.267850735892003,35.40164013505554,6417.363247737912,0.0,6417.363247737912
2183,6381.889593098927,15.267678452389779,35.398303535950454,6417.287896634878,0.0,6417.287896634878
2184,6381.81757372632,15.26750615724,35.394989710302724,6417.212563436623,0.0,6417.212563436623
2185,6381.745549447907,15.267333850353845,35.39169862015133,6417.137248068058,0.0,6417.137248068058
2186,6381.673520226561,15.26716153164249,35.38843022770686,6417.061950454267,0.0,6417.061950454267
2187,6381.601486025545,15.266989201018049,35.385184495350956,6416.986670520895,0.0,6416.986670520895
2188,6381.5294468076845,15.26681685839159,35.38196138563562,6416.91140819332,0.0,6416.91140819332
2189,6381.457402536403,15.266644503675604,35.3787608612828,6416.836163397686,0.0,6416.836163397686
2190,6381.385353175007,15.266472136782314,35.37558288518366,6416.760936060191,0.0,6416.760936060191
2191,6381.31329868699,15.266299757624378,35.37242742039813,6416.685726107387,0.0,6416.685726107387
2192,6381.2412390358895,15.266127366114569,35.369294430154255,6416.610533466044,0.0,6416.610533466044
2193,6381.169174185311,15.265954962165816,35.36618387784766,6416.535358063159,0.0,6416.535358063159
2194,6381.097104099187,15.265782545691835,35.363095727040964,6416.460199826228,0.0,6416.460199826228
2195,6381.025028741169,15.265610116605668,35.36002994146323,6416.385058682632,0.0,6416.385058682632
2196,6380.952948075548,15.265437674821886,35.35698648500938,6416.309934560558,0.0,6416.309934560558
2197,6380.880862066141,15.265265220253927,35.353965321739665,6416.234827387881,0.0,6416.234827387881
2198,6380.808770677276,15.265092752816448,35.3509664158791,6416.159737093155,0.0,6416.159737093155
2199,6380.736673873633,15.264920272424959,35.34798973181688,6416.084663605449,0.0,6416.084663605449
2200,6380.664571619077,15.264747778993007,35.34503523410586,6416.009606853183,0.0,6416.009606853183
2201,6380.59246387854,15.264575272436698,35.34210288746196,6415.934566766002,0.0,6415.934566766002
2202,6380.520350616645,15.264402752671401,35.339192656763665,6415.859543273409,0.0,6415.859543273409
2203,6380.448231797887,15.26423021961217,35.33630450705141,6415.784536304938,0.0,6415.784536304938
2204,6380.376107387418,15.264057673175643,35.333438403527076,6415.709545790945,0.0,6415.709545790945
2205,6380.303977350257,15.263885113278127,35.330594311553455,6415.634571661811,0.0,6415.634571661811
2206,6380.231841651227,15.263712539835472,35.32777219665363,6415.55961384788,0.0,6415.55961384788
2207,6380.159700255785,15.263539952765035,35.32497202451056,6415.484672280295,0.0,6415.484672280295
2208,6380.087553129544,15.263367351984556,35.32219376096642,6415.40974689051,0.0,6415.40974689051
2209,6380.015400237079,15.26319473740928,35.319437372022136,6415.334837609102,0.0,6415.334837609102
2210,6379.943241544728,15.26302210895868,35.316702823836856,6415.259944368565,0.0,6415.259944368565
2211,6379.871077017717,15.26284946654956,35.313990082727315,6415.185067100444,0.0,6415.185067100444
2212,6379.798906622213,15.262676810100986,35.3112991151674,6415.11020573738,0.0,6415.11020573738
2213,6379.7267303237795,15.262504139530574,35.30862988778763,6415.035360211567,0.0,6415.035360211567
2214,6379.654548088354,15.262331454756827,35.305982367374554,6414.960530455729,0.0,6414.960530455729
2215,6379.582359882218,15.262158755699087,35.30335652087028,6414.885716403089,0.0,6414.885716403089
2216,6379.510165671809,15.261986042277055,35.30075231537196,6414.810917987181,0.0,6414.810917987181
2217,6379.437965423181,15.261813314409522,35.29816971813122,6414.736135141312,0.0,6414.736135141312
2218,6379.365759102677,15.261640572015972,35.29560869655366,6414.66136779923,0.0,6414.66136779923
2219,6379.293546676956,15.26146781501664,35.293069218198355,6414.586615895154,0.0,6414.586615895154
2220,6379.221328112852,15.261295043332181,35.29055125077737,6414.511879363629,0.0,6414.511879363629
2221,6379.149103376894,15.261122256882523,35.28805476215516,6414.43715813905,0.0,6414.43715813905
2222,6379.076872436355,15.260949455589367,35.2855797203481,6414.3624521567035,0.0,6414.3624521567035
2223,6379.004635257953,15.260776639373093,35.28312609352402,6414.287761351477,0.0,6414.287761351477
2224,6378.932391808881,15.260603808155219,35.28069385000161,6414.213085658883,0.0,6414.213085658883
2225,6378.860142056232,15.260430961857013,35.27828295825002,6414.138425014482,0.0,6414.138425014482
2226,6378.787885967631,15.260258100401032,35.275893386888264,6414.063779354519,0.0,6414.063779354519
2227,6378.71562351067,15.260085223709737,35.27352510468479,6413.989148615356,0.0,6413.989148615356
2228,6378.643354652389,15.259912331704278,35.271178080556965,6413.914532732945,0.0,6413.914532732945
2229,6378.5710793607905,15.259739424308112,35.26885228357054,6413.839931644361,0.0,6413.839931644361
2230,6378.498797603708,15.259566501444278,35.26654768293919,6413.765345286647,0.0,6413.765345286647
2231,6378.426509349243,15.259393563036467,35.26426424802404,6413.690773597267,0.0,6413.690773597267
2232,6378.354214565214,15.259220609007688,35.26200194833313,6413.6162165135465,0.0,6413.6162165135465
2233,6378.281913219438,15.259047639280952,35.25976075352095,6413.541673972959,0.0,6413.541673972959
2234,6378.209605281042,15.258874653782398,35.257540633387976,6413.46714591443,0.0,6413.46714591443
2235,6378.137290717665,15.258701652434604,35.25534155788016,6413.392632275545,0.0,6413.392632275545
2236,6378.064969498068,15.258528635162843,35.25316349708845,6413.318132995157,0.0,6413.318132995157
2237,6377.992641590935,15.25835560189219,35.25100642124834,6413.243648012183,0.0,6413.243648012183
2238,6377.920306964957,15.258182552547742,35.248870300739355,6413.169177265696,0.0,6413.169177265696
2239,6377.847965588937,15.258009487054872,35.2467551060846,6413.094720695021,0.0,6413.094720695021
2240,6377.775617431726,15.257836405339056,35.244660807950304,6413.0202782396755,0.0,6413.0202782396755
2241,6377.703262462673,15.257663307326968,35.24258737714528,6412.945849839818,0.0,6412.945849839818
2242,6377.630900650758,15.257490192944397,35.240534784620564,6412.871435435379,0.0,6412.871435435379
2243,6377.558531965474,15.257317062118359,35.23850300146885,6412.797034966942,0.0,6412.797034966942
2244,6377.486156375906,15.257143914774895,35.236491998924095,6412.72264837483,0.0,6412.72264837483
2245,6377.413773852056,15.256970750842239,35.234501748361005,6412.648275600417,0.0,6412.648275600417
2246,6377.341384363197,15.256797570246883,35.23253222129465,6412.573916584492,0.0,6412.573916584492
2247,6377.268987879171,15.256624372916676,35.2305833893799,6412.49957126855,0.0,6412.49957126855
2248,6377.196584370014,15.256451158779937,35.22865522441109,6412.425239594425,0.0,6412.425239594425
2249,6377.124173805856,15.256277927765206,35.226747698321475,6412.350921504178,0.0,6412.350921504178
2250,6377.051756156258,15.25610467979966,35.2248607831828,6412.276616939441,0.0,6412.276616939441
2251,6376.979331392108,15.255931414813656,35.22299445120489,6412.202325843313,0.0,6412.202325843313
2252,6376.906899483169,15.255758132734853,35.221148674735176,6412.128048157904,0.0,6412.128048157904
2253,6376.834460400581,15.255584833494211,35.219323426258256,6412.053783826839,0.0,6412.053783826839
2254,6376.76201411441,15.25541151702012,35.217518678395436,6411.979532792805,0.0,6411.979532792805
2255,6376.689560595438,15.255238183242675,35.21573440390432,6411.905294999342,0.0,6411.905294999342
2256,6376.617099814753,15.25506483209271,35.21397057567834,6411.831070390431,0.0,6411.831070390431
2257,6376.544631742929,15.25489146349983,35.212227166746366,6411.756858909675,0.0,6411.756858909675
2258,6376.472156351148,15.254718077395092,35.2105041502722,6411.68266050142,0.0,6411.68266050142
2259,6376.3996736107365,15.254544673709896,35.208801499554234,6411.608475110291,0.0,6411.608475110291
2260,6376.327183492831,15.254371252375194,35.20711918802497,6411.534302680856,0.0,6411.534302680856
2261,6376.254685968981,15.254197813322921,35.205457189250545,6411.460143158231,0.0,6411.460143158231
2262,6376.182181010276,15.254024356483914,35.20381547693045,6411.385996487206,0.0,6411.385996487206
2263,6376.109668588903,15.253850881791635,35.202194024896954,6411.3118626138,0.0,6411.3118626138
2264,6376.037148676371,15.25367738917792,35.20059280711478,6411.2377414834855,0.0,6411.2377414834855
2265,6375.964621244464,15.253503878575273,35.199011797680654,6411.163633042144,0.0,6411.163633042144
2266,6375.89208626535,15.253330349917107,35.197450970822864,6411.089537236173,0.0,6411.089537236173
2267,6375.819543710984,15.253156803136326,35.19591030090088,6411.015454011886,0.0,6411.015454011886
2268,6375.746993553841,15.252983238167085,35.19438976240492,6410.941383316246,0.0,6410.941383316246
2269,6375.6744357658645,15.25280965494226,35.192889329955605,6410.86732509582,0.0,6410.86732509582
2270,6375.601870320055,15.25263605339726,35.191408978303464,6410.793279298358,0.0,6410.793279298358
2271,6375.529297188228,15.252462433464661,35.18994868232851,6410.719245870557,0.0,6410.719245870557
2272,6375.456716343666,15.25228879508054,35.18850841703999,6410.645224760706,0.0,6410.645224760706
2273,6375.384127759075,15.252115138179606,35.1870881575758,6410.571215916651,0.0,6410.571215916651
2274,6375.311531407306,15.251941462696903,35.185687879202185,6410.497219286508,0.0,6410.497219286508
2275,6375.238927261355,15.251767768567834,35.18430755731336,6410.423234818668,0.0,6410.423234818668
2276,6375.166315294583,15.251594055728667,35.18294716743104,6410.349262462014,0.0,6410.349262462014
2277,6375.093695479929,15.251420324114664,35.181606685204066,6410.275302165133,0.0,6410.275302165133
2278,6375.021067791036,15.251246573662767,35.1802860864081,6410.2013538774445,0.0,6410.2013538774445
2279,6374.948432201423,15.251072804309626,35.17898534694509,6410.127417548369,0.0,6410.127417548369
2280,6374.875788684854,15.250899015992475,35.17770444284303,6410.053493127697,0.0,6410.053493127697
2281,6374.8031372147225,15.250725208647662,35.17644335025542,6409.979580564978,0.0,6409.979580564978
2282,6374.730477765013,15.25055138221295,35.175202045461006,6409.905679810475,0.0,6409.905679810475
2283,6374.65781030968,15.25037753662603,35.17398050486339,6409.831790814544,0.0,6409.831790814544
2284,6374.585134823235,15.250203671825922,35.17277870499058,6409.757913528226,0.0,6409.757913528226
2285,6374.51245127933,15.250029787749593,35.171596622494654,6409.684047901825,0.0,6409.684047901825
2286,6374.439759652565,15.24985588433628,35.1704342341514,6409.610193886717,0.0,6409.610193886717
2287,6374.36705991739,15.249681961524857,35.169291516859914,6409.53635143425,0.0,6409.53635143425
2288,6374.294352048304,15.249508019254316,35.16816844764221,6409.462520495947,0.0,6409.462520495947
2289,6374.221636019892,15.249334057463855,35.16706500364291,6409.388701023535,0.0,6409.388701023535
2290,6374.148911807084,15.249160076093503,35.16598116212884,6409.314892969212,0.0,6409.314892969212
2291,6374.076179385085,15.248986075083936,35.164916900488656,6409.241096285574,0.0,6409.241096285574
2292,6374.003438728476,15.248812054374344,35.16387219623252,6409.1673109247085,0.0,6409.1673109247085
2293,6373.930689812624,15.248638013905799,35.16284702699168,6409.093536839616,0.0,6409.093536839616
2294,6373.85793261305,15.248463953619737,35.16184137051812,6409.0197739835685,0.0,6409.0197739835685
2295,6373.785167104454,15.248289873455631,35.1608552046843,6408.946022309138,0.0,6408.946022309138
2296,6373.712393263036,15.248115773356545,35.15988850748266,6408.872281770518,0.0,6408.872281770518
2297,6373.6396110639425,15.24794165326302,35.15894125702534,6408.798552320968,0.0,6408.798552320968
2298,6373.5668204832655,15.24776751311786,35.158013431543814,6408.724833914809,0.0,6408.724833914809
2299,6373.494021496619,15.247593352862726,35.157105009388545,6408.651126506008,0.0,6408.651126506008
2300,6373.421214080121,15.24741917244048,35.15621596902865,6408.577430049149,0.0,6408.577430049149
2301,6373.3483982098915,15.247244971793998,35.15534628905151,6408.503744498943,0.0,6408.503744498943
2302,6373.275573861922,15.247070750865841,35.15449594816245,6408.430069810084,0.0,6408.430069810084
2303,6373.202741012889,15.246896509600214,35.153664925184415,6408.356405938074,0.0,6408.356405938074
2304,6373.129899638925,15.246722247940012,35.15285319905759,6408.282752837983,0.0,6408.282752837983
2305,6373.0570497167555,15.246547965829558,35.152060748839105,6408.209110465595,0.0,6408.209110465595
2306,6372.984191223088,15.246373663213129,35.151287553702645,6408.1354787767905,0.0,6408.1354787767905
2307,6372.911324134503,15.246199340034696,35.15053359293817,6408.061857727441,0.0,6408.061857727441
2308,6372.838448428108,15.246024996239493,35.14979884595151,6407.988247274059,0.0,6407.988247274059
2309,6372.7655640807025,15.245850631772015,35.14908329226416,6407.914647372967,0.0,6407.914647372967
2310,6372.692671069788,15.24567624657844,35.148386911512794,6407.841057981301,0.0,6407.841057981301
2311,6372.6197693726,15.245501840604305,35.14770968344903,6407.767479056049,0.0,6407.767479056049
2312,6372.5468589660395,15.245327413794353,35.14705158793909,6407.693910553979,0.0,6407.693910553979
2313,6372.473939828035,15.245152966095779,35.14641260496346,6407.6203524329985,0.0,6407.6203524329985
2314,6372.4010119361665,15.244978497454944,35.145792714616576,6407.546804650783,0.0,6407.546804650783
2315,6372.328075267943,15.244804007818045,35.14519189710652,6407.473267165049,0.0,6407.473267165049
2316,6372.25512980149,15.24462949713275,35.144610132754636,6407.399739934244,0.0,6407.399739934244
2317,6372.182175514563,15.244454965345843,35.144047401995294,6407.326222916558,0.0,6407.326222916558
2318,6372.10921238544,15.244280412405358,35.14350368537551,6407.252716070815,0.0,6407.252716070815
2319,6372.036240392134,15.244105838258692,35.14297896355469,6407.1792193556885,0.0,6407.1792193556885
2320,6371.963259512958,15.243931242853966,35.14247321730427,6407.105732730262,0.0,6407.105732730262
2321,6371.890269726318,15.243756626139518,35.14198642750741,6407.032256153826,0.0,6407.032256153826
2322,6371.817271011079,15.243581988064783,35.141518575158706,6406.958789586238,0.0,6406.958789586238
2323,6371.744263345339,15.243407328577367,35.141069641363856,6406.885332986703,0.0,6406.885332986703
2324,6371.671246708494,15.243232647627977,35.140639607339416,6406.811886315834,0.0,6406.811886315834
2325,6371.598221078806,15.243057945164608,35.140228454412416,6406.738449533219,0.0,6406.738449533219
2326,6371.525186435856,15.242883221138412,35.13983616402009,6406.6650225998765,0.0,6406.6650225998765
2327,6371.452142758528,15.24270847549887,35.13946271770956,6406.591605476237,0.0,6406.591605476237
2328,6371.379090026046,15.242533708196282,35.13910809713757,6406.5181981231835,0.0,6406.5181981231835
2329,6371.306028217472,15.242358919180555,35.1387722840702,6406.444800501542,0.0,6406.444800501542
2330,6371.232957312739,15.242184108403682,35.13845526038248,6406.371412573121,0.0,6406.371412573121
2331,6371.159877291276,15.242009275816448,35.1381570080582,6406.298034299334,0.0,6406.298034299334
2332,6371.086788132771,15.241834421370266,35.13787750918957,6406.224665641961,0.0,6406.224665641961
2333,6371.01368981709,15.241659545016963,35.137616745976906,6406.151306563067,0.0,6406.151306563067
2334,6370.94058232411,15.241484646708399,35.13737470072837,6406.077957024839,0.0,6406.077957024839
2335,6370.867465633661,15.241309726396317,35.13715135585973,6406.00461698952,0.0,6406.00461698952
2336,6370.794339726304,15.241134784034221,35.13694669389393,6405.931286420198,0.0,6405.931286420198
2337,6370.721204582149,15.240959819574519,35.13676069746098,6405.85796527961,0.0,6405.85796527961
2338,6370.648060181477,15.240784832970041,35.13659334929752,6405.784653530774,0.0,6405.784653530774
2339,6370.574906505025,15.240609824174701,35.136444632246665,6405.711351137272,0.0,6405.711351137272
2340,6370.501743533134,15.240434793141468,35.13631452925762,6405.638058062392,0.0,6405.638058062392
2341,6370.428571246681,15.240259739824594,35.136203023385455,6405.564774270067,0.0,6405.564774270067
2342,6370.355389626513,15.24008466417826,35.13611009779083,6405.491499724304,0.0,6405.491499724304
2343,6370.282198653545,15.239909566156806,35.13603573573972,6405.418234389284,0.0,6405.418234389284
2344,6370.208998308928,15.23973444571514,35.13597992060307,6405.344978229531,0.0,6405.344978229531
2345,6370.1357885739,15.239559302808372,35.13594263585666,6405.271731209757,0.0,6405.271731209757
2346,6370.062569429771,15.239384137391797,35.13592386508071,6405.198493294853,0.0,6405.198493294853
2347,6369.989340857597,15.239208949420089,35.13592359195969,6405.125264449557,0.0,6405.125264449557
2348,6369.916102839354,15.239033738850129,35.135941800281984,6405.052044639636,0.0,6405.052044639636
2349,6369.84285535652,15.238858505637607,35.135978473939645,6404.97883383046,0.0,6404.97883383046
2350,6369.7695983908925,15.238683249738978,35.136033596928165,6404.905631987821,0.0,6404.905631987821
2351,6369.696331924249,15.238507971110643,35.136107153346174,6404.832439077595,0.0,6404.832439077595
2352,6369.623055938656,15.238332669709703,35.13619912739517,6404.759255066051,0.0,6404.759255066051
2353,6369.549770416322,15.238157345493592,35.136309503379294,6404.686079919701,0.0,6404.686079919701
2354,6369.476475339152,15.237981998419023,35.13643826570505,6404.612913604857,0.0,6404.612913604857
2355,6369.403170689715,15.237806628444295,35.13658539888106,6404.539756088596,0.0,6404.539756088596
2356,6369.329856450433,15.23763123552735,35.13675088751778,6404.46660733795,0.0,6404.46660733795
2357,6369.256532603893,15.237455819626538,35.13693471632723,6404.39346732022,0.0,6404.39346732022
2358,6369.183199132609,15.237280380700021,35.13713687012285,6404.320336002732,0.0,6404.320336002732
2359,6369.109856019254,15.237104918706349,35.13735733381908,6404.247213353073,0.0,6404.247213353073
2360,6369.036503247204,15.23692943360575,35.137596092431245,6404.174099339635,0.0,6404.174099339635
2361,6368.963140799112,15.236753925356727,35.13785313107521,6404.1009939301875,0.0,6404.1009939301875
2362,6368.889768658164,15.236578393919054,35.13812843496726,6404.027897093131,0.0,6404.027897093131
2363,6368.816386807586,15.236402839252598,35.13842198942364,6403.95480879701,0.0,6403.95480879701
2364,6368.74299523075,15.236227261317584,35.138733779860544,6403.881729010611,0.0,6403.881729010611
2365,6368.669593910927,15.236051660073988,35.13906379179369,6403.808657702721,0.0,6403.808657702721
2366,6368.596182831905,15.235876035483026,35.139412010838164,6403.735594842743,0.0,6403.735594842743
2367,6368.522761977211,15.23570038750529,35.13977842270818,6403.66254039992,0.0,6403.66254039992
2368,6368.449331330713,15.235524716102184,35.14016301321678,6403.58949434393,0.0,6403.58949434393
2369,6368.37589087621,15.235349021234953,35.14056576827566,6403.5164566444855,0.0,6403.5164566444855
2370,6368.302440597991,15.235173302866007,35.14098667389491,6403.443427271886,0.0,6403.443427271886
2371,6368.228980479927,15.234997560956762,35.14142571618274,6403.370406196109,0.0,6403.370406196109
2372,6368.155510506244,15.234821795469484,35.1418828813453,6403.29739338759,0.0,6403.29739338759
2373,6368.082030661208,15.234646006366525,35.14235815568642,6403.224388816894,0.0,6403.224388816894
2374,6368.008540929675,15.234470193611664,35.14285152560737,6403.151392455283,0.0,6403.151392455283
2375,6367.935041295713,15.234294357166776,35.14336297760659,6403.078404273319,0.0,6403.078404273319
2376,6367.861531744445,15.23411849699628,35.14389249827955,6403.005424242724,0.0,6403.005424242724
2377,6367.788012260331,15.233942613062993,35.14444007431845,6402.9324523346495,0.0,6402.9324523346495
2378,6367.714482828267,15.233766705330783,35.14500569251203,6402.859488520779,0.0,6402.859488520779
2379,6367.640943433489,15.233590773764329,35.1455893397453,6402.786532773234,0.0,6402.786532773234
2380,6367.567394061056,15.233414818327885,35.14619100299933,6402.713585064055,0.0,6402.713585064055
2381,6367.493834696017,15.233238838985686,35.14681066935106,6402.640645365368,0.0,6402.640645365368
2382,6367.420265323906,15.233062835703125,35.147448325973,6402.567713649879,0.0,6402.567713649879
2383,6367.34668592998,15.232886808444928,35.14810396013309,6402.494789890113,0.0,6402.494789890113
2384,6367.273096499869,15.23271075717672,35.14877755919442,6402.421874059063,0.0,6402.421874059063
2385,6367.199497019319,15.232534681864399,35.149469110615044,6402.3489661299345,0.0,6402.3489661299345
2386,6367.125887474109,15.232358582473944,35.15017860194774,6402.276066076057,0.0,6402.276066076057
2387,6367.052267849787,15.232182458970783,35.15090602083977,6402.203173870627,0.0,6402.203173870627
2388,6366.978638132904,15.232006311322737,35.15165135503275,6402.130289487936,0.0,6402.130289487936
2389,6366.904998309248,15.231830139495809,35.15241459236232,6402.05741290161,0.0,6402.05741290161
2390,6366.83134836478,15.231653943456411,35.153195720757964,6401.984544085538,0.0,6401.984544085538
2391,6366.757688286287,15.231477723172935,35.15399472824288,6401.911683014529,0.0,6401.911683014529
2392,6366.684018059779,15.231301478611911,35.154811602933655,6401.838829662713,0.0,6401.838829662713
2393,6366.610337672328,15.23112520974241,35.155646333040096,6401.7659840053675,0.0,6401.7659840053675
2394,6366.53664710999,15.230948916531077,35.156498906865,6401.693146016854,0.0,6401.693146016854
2395,6366.462946359845,15.230772598946997,35.15736931280401,6401.620315672649,0.0,6401.620315672649
2396,6366.389235408629,15.230596256958442,35.15825753934533,6401.547492947974,0.0,6401.547492947974
2397,6366.315514243317,15.230419890534252,35.159163575069535,6401.474677818386,0.0,6401.474677818386
2398,6366.241782850997,15.230243499643533,35.160087408649375,6401.401870259647,0.0,6401.401870259647
2399,6366.168041218794,15.230067084255488,35.16102902884959,6401.329070247644,0.0,6401.329070247644
2400,6366.094289334171,15.229890644340122,35.16198842452666,6401.256277758697,0.0,6401.256277758697
2401,6366.020527184425,15.229714179867045,35.16296558462864,6401.183492769054,0.0,6401.183492769054
2402,6365.946754756803,15.22953769080575,35.1639604981949,6401.110715254998,0.0,6401.110715254998
2403,6365.8729720391475,15.229361177127148,35.16497315435603,6401.037945193503,0.0,6401.037945193503
2404,6365.7991790193955,15.229184638802382,35.16600354233352,6400.965182561729,0.0,6400.965182561729
2405,6365.7253756848795,15.229008075801147,35.167051651439614,6400.892427336319,0.0,6400.892427336319
2406,6365.651562023822,15.228831488095269,35.16811747107712,6400.8196794949,0.0,6400.8196794949
2407,6365.5777380242225,15.228654875656035,35.16920099073919,6400.746939014962,0.0,6400.746939014962
2408,6365.503903674117,15.228478238454827,35.17030220000915,6400.6742058741265,0.0,6400.6742058741265
2409,6365.430058961911,15.2283015764639,35.171421088560265,6400.601480050471,0.0,6400.601480050471
2410,6365.356203875886,15.22812488965523,35.17255764615557,6400.528761522042,0.0,6400.528761522042
2411,6365.282338404268,15.22794817800064,35.17371186264763,6400.456050266916,0.0,6400.456050266916
2412,6365.208462535778,15.227771441473154,35.17488372797845,6400.383346263757,0.0,6400.383346263757
2413,6365.134576259339,15.227594680046266,35.176073232179164,6400.310649491518,0.0,6400.310649491518
2414,6365.060679563221,15.227417893691916,35.17728036536991,6400.237959928591,0.0,6400.237959928591
2415,6364.986772436553,15.227241082384099,35.178505117759656,6400.1652775543125,0.0,6400.1652775543125
2416,6364.912854868409,15.227064246096672,35.17974747964593,6400.092602348055,0.0,6400.092602348055
2417,6364.838926847739,15.226887384803202,35.18100744141469,6400.019934289153,0.0,6400.019934289153
2418,6364.764988363693,15.226710498477734,35.18228499354013,6399.947273357233,0.0,6399.947273357233
2419,6364.691039405607,15.226533587094753,35.1835801265845,6399.874619532191,0.0,6399.874619532191
2420,6364.617079962893,15.22635665062893,35.184892831197885,6399.80197279409,0.0,6399.80197279409
2421,6364.543110025184,15.226179689055465,35.18622309811805,6399.729333123302,0.0,6399.729333123302
2422,6364.469129581648,15.22600270234844,35.18757091817022,6399.656700499819,0.0,6399.656700499819
2423,6364.395138622322,15.225825690484022,35.188936282266965,6399.584074904588,0.0,6399.584074904588
2424,6364.321137136927,15.225648653437625,35.19031918140791,6399.511456318335,0.0,6399.511456318335
2425,6364.247125115438,15.22547159118526,35.19171960667964,6399.438844722118,0.0,6399.438844722118
2426,6364.173102547787,15.22529450370284,35.193137549255525,6399.3662400970425,0.0,6399.3662400970425
2427,6364.099069424064,15.225117390966659,35.194573000395465,6399.293642424459,0.0,6399.293642424459
2428,6364.025025734524,15.224940252953408,35.196025951445755,6399.2210516859695,0.0,6399.2210516859695
2429,6363.950971469463,15.224763089639865,35.197496393838875,6399.148467863302,0.0,6399.148467863302
2430,6363.876906619403,15.224585901003355,35.198984319093384,6399.075890938496,0.0,6399.075890938496
2431,6363.8028311745375,15.224408687020425,35.200489718813664,6399.003320893351,0.0,6399.003320893351
2432,6363.728745125913,15.224231447669647,35.202012584689776,6398.930757710602,0.0,6398.930757710602
2433,6363.654648464108,15.224054182928487,35.20355290849728,6398.8582013726045,0.0,6398.8582013726045
2434,6363.580541179813,15.223876892774673,35.20511068209705,6398.78565186191,0.0,6398.78565186191
2435,6363.506423263945,15.223699577186471,35.20668589743511,6398.71310916138,0.0,6398.71310916138
2436,6363.432294707658,15.223522236142722,35.208278546542495,6398.640573254201,0.0,6398.640573254201
2437,6363.3581555019955,15.223344869621998,35.20988862153498,6398.568044123531,0.0,6398.568044123531
2438,6363.284005638405,15.22316747760384,35.211516114613,6398.495521753018,0.0,6398.495521753018
2439,6363.2098451079255,15.222990060066808,35.21316101806144,6398.423006125987,0.0,6398.423006125987
2440,6363.135673901925,15.22281261699025,35.21482332424949,6398.350497226174,0.0,6398.350497226174
2441,6363.061492012255,15.222635148354678,35.216503025630374,6398.277995037885,0.0,6398.277995037885
2442,6362.987299430464,15.222457654139866,35.21820011474134,6398.205499545205,0.0,6398.205499545205
2443,6362.913096148087,15.222280134325567,35.21991458420335,6398.13301073229,0.0,6398.13301073229
2444,6362.83888215711,15.222102588892607,35.221646426721,6398.060528583831,0.0,6398.060528583831
2445,6362.76465744931,15.221925017821317,35.22339563508231,6397.988053084392,0.0,6397.988053084392
2446,6362.690422016842,15.221747421092923,35.2251622021586,6397.915584219,0.0,6397.915584219
2447,6362.616175851784,15.221569798688478,35.22694612090421,6397.843121972688,0.0,6397.843121972688
2448,6362.541918946443,15.221392150589576,35.2287473843565,6397.770666330799,0.0,6397.770666330799
2449,6362.467651293,15.221214476777511,35.23056598563554,6397.698217278636,0.0,6397.698217278636
2450,6362.393372884008,15.22103677723447,35.23240191794403,6397.6257748019525,0.0,6397.6257748019525
2451,6362.3190837118145,15.22085905194214,35.2342551745671,6397.553338886381,0.0,6397.553338886381
2452,6362.244783768974,15.220681300882713,35.236125748872155,6397.480909517846,0.0,6397.480909517846
2453,6362.170473048752,15.220503524040076,35.23801363430871,6397.408486683061,0.0,6397.408486683061
2454,6362.096151543134,15.220325721395056,35.23991882440825,6397.336070367542,0.0,6397.336070367542
2455,6362.0218192457305,15.220147892932369,35.24184131278402,6397.263660558515,0.0,6397.263660558515
2456,6361.947476149235,15.219970038634532,35.243781093130885,6397.191257242365,0.0,6397.191257242365
2457,6361.87312224671,15.219792158484953,35.245738159225205,6397.118860405935,0.0,6397.118860405935
2458,6361.798757531555,15.219614252467833,35.24771250492463,6397.046470036479,0.0,6397.046470036479
2459,6361.724381996708,15.219436320566286,35.249704124167984,6396.974086120876,0.0,6396.974086120876
2460,6361.649995636011,15.219258362765578,35.25171301097504,6396.901708646987,0.0,6396.901708646987
2461,6361.575598442634,15.219080379049364,35.253739159446425,6396.82933760208,0.0,6396.82933760208
2462,6361.501190410102,15.218902369402159,35.25578256376341,6396.756972973865,0.0,6396.756972973865
2463,6361.426771532462,15.218724333809718,35.2578432181878,6396.68461475065,0.0,6396.68461475065
2464,6361.352341803304,15.218546272256708,35.259921117061744,6396.6122629203655,0.0,6396.6122629203655
2465,6361.277901216297,15.218368184727984,35.2620162548076,6396.539917471105,0.0,6396.539917471105
2466,6361.2034497657105,15.218190071209834,35.26412862592777,6396.467578391638,0.0,6396.467578391638
2467,6361.128987445367,15.21801193168748,35.266258225004535,6396.395245670371,0.0,6396.395245670371
2468,6361.054514249642,15.21783376614747,35.268405046699925,6396.322919296342,0.0,6396.322919296342
2469,6360.980030172341,15.217655574574978,35.27056908575552,6396.250599258096,0.0,6396.250599258096
2470,6360.905535208442,15.217477356957996,35.27275033699238,6396.178285545435,0.0,6396.178285545435
2471,6360.83102935207,15.217299113282463,35.2749487953108,6396.1059781473805,0.0,6396.1059781473805
2472,6360.756512597831,15.217120843535481,35.277164455690205,6396.033677053521,0.0,6396.033677053521
2473,6360.681984940089,15.216942547703562,35.279397313188966,6395.961382253278,0.0,6395.961382253278
2474,6360.607446373908,15.216764225774899,35.28164736294434,6395.889093736852,0.0,6395.889093736852
2475,6360.532896893908,15.216585877736623,35.283914600172174,6395.816811494081,0.0,6395.816811494081
2476,6360.458336494998,15.21640750357655,35.28619902016684,6395.744535515165,0.0,6395.744535515165
2477,6360.383765172284,15.216229103282977,35.288500618301114,6395.672265790586,0.0,6395.672265790586
2478,6360.309182920932,15.216050676844334,35.29081939002597,6395.600002310957,0.0,6395.600002310957
2479,6360.234589735801,15.215872224248328,35.29315533087044,6395.527745066672,0.0,6395.527745066672
2480,6360.159985612457,15.215693745484346,35.29550843644146,6395.455494048898,0.0,6395.455494048898
2481,6360.085370546156,15.215515240541043,35.29787870242375,6395.38324924858,0.0,6395.38324924858
2482,6360.010744532412,15.215336709407683,35.30026612457967,6395.311010656992,0.0,6395.311010656992
2483,6359.936107566804,15.215158152073693,35.30267069874902,6395.238778265553,0.0,6395.238778265553
2484,6359.861459644895,15.214979568528458,35.305092420848936,6395.166552065744,0.0,6395.166552065744
2485,6359.786800762502,15.214800958761966,35.30753128687374,6395.094332049376,0.0,6395.094332049376
2486,6359.712130915558,15.214622322764493,35.309987292894775,6395.022118208453,0.0,6395.022118208453
2487,6359.637450099532,15.214443660525195,35.31246043506025,6394.949910534592,0.0,6394.949910534592
2488,6359.562758310951,15.214264972035767,35.314950709595166,6394.877709020546,0.0,6394.877709020546
2489,6359.4880555455675,15.214086257286047,35.31745811280108,6394.805513658369,0.0,6394.805513658369
2490,6359.413341800027,15.213907516268009,35.31998264105597,6394.733324441084,0.0,6394.733324441084
2491,6359.33861707009,15.213728748971507,35.32252429081423,6394.6611413609035,0.0,6394.6611413609035
2492,6359.26388135233,15.213549955388348,35.32508305860628,6394.588964410937,0.0,6394.588964410937
2493,6359.189134643462,15.213371135510675,35.32765894103865,6394.516793584501,0.0,6394.516793584501
2494,6359.114376939631,15.213192289329262,35.3302519347937,6394.444628874425,0.0,6394.444628874425
2495,6359.039608237732,15.213013416836679,35.33286203662954,6394.372470274361,0.0,6394.372470274361
2496,6358.964828534496,15.21283451802511,35.33548924337987,6394.3003177778755,0.0,6394.3003177778755
2497,6358.890037826526,15.212655592886426,35.33813355195384,6394.22817137848,0.0,6394.22817137848
2498,6358.815236111075,15.212476641414055,35.34079495933589,6394.156031070411,0.0,6394.156031070411
2499,6358.74042338477,15.212297663599928,35.34347346258561,6394.083896847355,0.0,6394.083896847355
2500,6358.665599645177,15.212118659438223,35.346169058837646,6394.011768704015,0.0,6394.011768704015
2501,6358.590764888999,15.21193962892105,35.34888174530148,6393.9396466343005,0.0,6393.9396466343005
2502,6358.51591911363,15.211760572042177,35.35161151926139,6393.867530632891,0.0,6393.867530632891
2503,6358.441062316748,15.211581488796048,35.354358378076206,6393.795420694824,0.0,6393.795420694824
2504,6358.366194495252,15.211402379175244,35.35712231917924,6393.723316814431,0.0,6393.723316814431
2505,6358.291315647186,15.211223243175086,35.359903340078134,6393.651218987264,0.0,6393.651218987264
2506,6358.216425769764,15.21104408078891,35.362701438354684,6393.579127208119,0.0,6393.579127208119
2507,6358.141524861039,15.210864892012056,35.36551661166471,6393.507041472704,0.0,6393.507041472704
2508,6358.066612918539,15.21068567683861,35.36834885773798,6393.434961776277,0.0,6393.434961776277
2509,6357.9916899402215,15.210506435263687,35.37119817437799,6393.3628881146,0.0,6393.3628881146
2510,6357.91675592406,15.210327167282442,35.37406455946187,6393.290820483522,0.0,6393.290820483522
2511,6357.841810868192,15.210147872890412,35.37694801094026,6393.218758879132,0.0,6393.218758879132
2512,6357.766854770465,15.209968552082453,35.379848526837115,6393.146703297302,0.0,6393.146703297302
2513,6357.691887629448,15.209789204855138,35.38276610524963,6393.074653734697,0.0,6393.074653734697
2514,6357.6169094434035,15.209609831204315,35.38570074434808,6393.002610187752,0.0,6393.002610187752
2515,6357.541920210586,15.209430431125803,35.388652442375616,6392.930572652962,0.0,6392.930572652962
2516,6357.4669199294285,15.209251004615858,35.391621197648256,6392.858541127077,0.0,6392.858541127077
2517,6357.391908598756,15.209071551671666,35.39460700855463,6392.786515607311,0.0,6392.786515607311
2518,6357.316886216758,15.208892072288894,35.397609873555915,6392.714496090313,0.0,6392.714496090313
2519,6357.241852782654,15.20871256646568,35.40062979118566,6392.6424825738395,0.0,6392.6424825738395
2520,6357.166808295353,15.208533034199409,35.40366676004971,6392.570475055402,0.0,6392.570475055402
2521,6357.091752753143,15.208353475485987,35.406720778826,6392.498473531969,0.0,6392.498473531969
2522,6357.016686155537,15.208173890324252,35.40979184626447,6392.426478001802,0.0,6392.426478001802
2523,6356.941608501262,15.207994278711153,35.41287996118684,6392.354488462449,0.0,6392.354488462449
2524,6356.866519789721,15.207814640645266,35.415985122486624,6392.2825049122075,0.0,6392.2825049122075
2525,6356.791420020095,15.207634976124629,35.41910732912884,6392.210527349223,0.0,6392.210527349223
2526,6356.716309191768,15.207455285147772,35.42224658015002,6392.138555771919,0.0,6392.138555771919
2527,6356.641187303804,15.20727556771245,35.42540287465796,6392.066590178462,0.0,6392.066590178462
2528,6356.566054356142,15.20709582381852,35.42857621183163,6391.994630567973,0.0,6391.994630567973
2529,6356.490910348155,15.206916053464486,35.43176659092104,6391.922676939076,0.0,6391.922676939076
2530,6356.415755279641,15.20673625664986,35.434974011247135,6391.850729290889,0.0,6391.850729290889
2531,6356.340589150029,15.206556433373274,35.438198472201556,6391.77878762223,0.0,6391.77878762223
2532,6356.265411959312,15.206376583634716,35.441439973246645,6391.7068519325585,0.0,6391.7068519325585
2533,6356.190223707672,15.206196707434621,35.44469851391519,6391.634922221587,0.0,6391.634922221587
2534,6356.115024394598,15.206016804771764,35.447974093810394,6391.562998488408,0.0,6391.562998488408
2535,6356.03981402037,15.205836875646817,35.451266712605694,6391.491080732975,0.0,6391.491080732975
2536,6355.96459258513,15.20565692006012,35.45457637004457,6391.419168955174,0.0,6391.419168955174
2537,6355.8893600892925,15.205476938012662,35.45790306594052,6391.347263155233,0.0,6391.347263155233
2538,6355.814116532916,15.205296929504584,35.461246800176866,6391.275363333093,0.0,6391.275363333093
2539,6355.738861916489,15.205116894537056,35.46460757270659,6391.203469489196,0.0,6391.203469489196
2540,6355.663596240549,15.204936833111361,35.46798538355229,6391.131581624101,0.0,6391.131581624101
2541,6355.5883195054685,15.204756745228394,35.47138023280599,6391.0596997382745,0.0,6391.0596997382745
2542,6355.513031711786,15.204576630889441,35.47479212062902,6390.987823832415,0.0,6390.987823832415
2543,6355.43773286089,15.204396490097823,35.478221047251836,6390.915953908142,0.0,6390.915953908142
2544,6355.362422952807,15.204216322853604,35.48166701297397,6390.844089965781,0.0,6390.844089965781
2545,6355.287101988498,15.204036129159086,35.48513001816381,6390.772232006661,0.0,6390.772232006661
2546,6355.211769969302,15.203855909017468,35.488610063258555,6390.70038003256,0.0,6390.70038003256
2547,6355.136426896036,15.203675662430708,35.49210714876403,6390.6285340448,0.0,6390.6285340448
2548,6355.061072770008,15.203495389401933,35.49562127525453,6390.556694045263,0.0,6390.556694045263
2549,6354.985707592174,15.20331508993343,35.499152443372786,6390.484860035546,0.0,6390.484860035546
2550,6354.910331363714,15.203134764028025,35.502700653829685,6390.413032017544,0.0,6390.413032017544
2551,6354.83494408618,15.202954411689426,35.50626590740426,6390.341209993585,0.0,6390.341209993585
2552,6354.759545760919,15.202774032920859,35.509848204943516,6390.269393965862,0.0,6390.269393965862
2553,6354.684136389316,15.202593627725637,35.51344754736228,6390.197583936679,0.0,6390.197583936679
2554,6354.608715973307,15.20241319610839,35.51706393564312,6390.12577990895,0.0,6390.12577990895
2555,6354.533284514142,15.20223273807211,35.52069737083615,6390.053981884978,0.0,6390.053981884978
2556,6354.457842013927,15.202052253621835,35.52434785405893,6389.982189867986,0.0,6389.982189867986
2557,6354.382388474229,15.201871742761313,35.52801538649631,6389.910403860725,0.0,6389.910403860725
2558,6354.306923896926,15.201691205495038,35.53169996940031,6389.838623866326,0.0,6389.838623866326
2559,6354.231448284256,15.201510641828364,35.53540160409006,6389.766849888346,0.0,6389.766849888346
2560,6354.1559616378145,15.201330051765106,35.53912029195153,6389.695081929766,0.0,6389.695081929766
2561,6354.08046396004,15.2011494353111,35.542856034437456,6389.623319994477,0.0,6389.623319994477
2562,6354.004955253058,15.20096879247143,35.54660883306725,6389.551564086126,0.0,6389.551564086126
2563,6353.929435519278,15.200788123251861,35.550378689426815,6389.479814208705,0.0,6389.479814208705
2564,6353.853904760816,15.200607427657454,35.55416560516844,6389.408070365984,0.0,6389.408070365984
2565,6353.778362980211,15.200426705694284,35.55796958201068,6389.336332562221,0.0,6389.336332562221
2566,6353.702810179864,15.200245957368097,35.561790621738155,6389.264600801603,0.0,6389.264600801603
2567,6353.627246362546,15.200065182685519,35.56562872620149,6389.192875088748,0.0,6389.192875088748
2568,6353.5516715307795,15.199884381652582,35.56948389731714,6389.121155428096,0.0,6389.121155428096
2569,6353.476085687078,15.199703554275306,35.57335613706726,6389.049441824145,0.0,6389.049441824145
2570,6353.400488834638,15.199522700561335,35.577245447499585,6388.977734282138,0.0,6388.977734282138
2571,6353.324880976292,15.199341820517445,35.58115183072727,6388.906032807019,0.0,6388.906032807019
2572,6353.249262114627,15.199160914149825,35.58507528892881,6388.834337403556,0.0,6388.834337403556
2573,6353.173632253069,15.198979981466671,35.58901582434785,6388.762648077417,0.0,6388.762648077417
2574,6353.097991394619,15.198799022475166,35.59297343929308,6388.690964833912,0.0,6388.690964833912
2575,6353.0223395423245,15.198618037182595,35.59694813613809,6388.619287678463,0.0,6388.619287678463
2576,6352.946676699401,15.198437025596654,35.60093991732123,6388.547616616722,0.0,6388.547616616722
2577,6352.871002869142,15.19825598772522,35.60494878534547,6388.475951654487,0.0,6388.475951654487
2578,6352.795318055462,15.19807492357766,35.60897474277831,6388.404292798241,0.0,6388.404292798241
2579,6352.719622261091,15.197893833160505,35.613017792251625,6388.332640053342,0.0,6388.332640053342
2580,6352.643915490077,15.197712716483439,35.61707793646147,6388.260993426538,0.0,6388.260993426538
2581,6352.56819774563,15.197531573554139,35.621155178168,6388.189352923798,0.0,6388.189352923798
2582,6352.492469031841,15.197350404382394,35.625249520195304,6388.117718552036,0.0,6388.117718552036
2583,6352.416729352356,15.197169208976929,35.62936096543132,6388.046090317787,0.0,6388.046090317787
2584,6352.340978710781,15.196987987346366,35.63348951682767,6387.974468227609,0.0,6387.974468227609
2585,6352.265217111171,15.19680673950041,35.63763517739951,6387.902852288571,0.0,6387.902852288571
2586,6352.189444557511,15.19662546544859,35.64179795022538,6387.8312425077365,0.0,6387.8312425077365
2587,6352.11366105376,15.196444165200383,35.645977838447116,6387.759638892207,0.0,6387.759638892207
2588,6352.037866604374,15.196262838766446,35.6501748452697,6387.6880414496445,0.0,6387.6880414496445
2589,6351.96206121303,15.196081486155574,35.654388973961076,6387.616450186992,0.0,6387.616450186992
2590,6351.886244884154,15.195900107378359,35.65862022785205,6387.544865112006,0.0,6387.544865112006
2591,6351.810417622357,15.19571870244583,35.662868610336155,6387.473286232693,0.0,6387.473286232693
2592,6351.734579431658,15.195537271367602,35.667134124869506,6387.401713556527,0.0,6387.401713556527
2593,6351.658730317047,15.195355814155615,35.671416774970645,6387.330147092018,0.0,6387.330147092018
2594,6351.582870282284,15.19517433081886,35.67571656422039,6387.258586846504,0.0,6387.258586846504
2595,6351.506999332674,15.194992821370034,35.680033496261785,6387.187032828936,0.0,6387.187032828936
2596,6351.431117472552,15.194811285819501,35.68436757479986,6387.115485047351,0.0,6387.115485047351
2597,6351.355224706838,15.19462972417904,35.6887188036015,6387.04394351044,0.0,6387.04394351044
2598,6351.279321040164,15.194448136459723,35.69308718649535,6386.972408226659,0.0,6386.972408226659
2599,6351.203406477614,15.194266522673718,35.69747272737165,6386.900879204986,0.0,6386.900879204986
2600,6351.1274810241375,15.194084882832865,35.701875430182085,6386.829356454319,0.0,6386.829356454319
2601,6351.051544684658,15.193903216948943,35.70629529893967,6386.757839983598,0.0,6386.757839983598
2602,6350.975597464233,15.19372152503405,35.71073233771858,6386.686329801952,0.0,6386.686329801952
2603,6350.899639368083,15.193539807100676,35.71518655065403,6386.614825918737,0.0,6386.614825918737
2604,6350.823670401658,15.193358063161861,35.71965794194214,6386.5433283436005,0.0,6386.5433283436005
2605,6350.747690569811,15.193176293229214,35.72414651583975,6386.471837085651,0.0,6386.471837085651
2606,6350.671699878567,15.192994497317146,35.72865227666428,6386.400352155231,0.0,6386.400352155231
2607,6350.595698332648,15.192812675436956,35.73317522879362,6386.3288735614415,0.0,6386.3288735614415
2608,6350.51968593791,15.192630827602656,35.73771537666596,6386.257401314576,0.0,6386.257401314576
2609,6350.443662700061,15.192448953827897,35.74227272477967,6386.185935424841,0.0,6386.185935424841
2610,6350.367628624784,15.192267054126276,35.7468472776931,6386.114475902476,0.0,6386.114475902476
2611,6350.291583717353,15.192085128510413,35.75143904002448,6386.043022757378,0.0,6386.043022757378
2612,6350.215527983826,15.1919031769948,35.75604801645182,6385.971576000278,0.0,6385.971576000278
2613,6350.139461430155,15.191721199593673,35.76067421171263,6385.900135641868,0.0,6385.900135641868
2614,6350.063384062019,15.19153919632062,35.76531763060392,6385.828701692623,0.0,6385.828701692623
2615,6349.98729588561,15.191357167190455,35.76997827798189,6385.757274163592,0.0,6385.757274163592
2616,6349.911196906801,15.191175112217227,35.774656158762,6385.685853065563,0.0,6385.685853065563
2617,6349.835087131844,15.190993031415896,35.77935127791853,6385.614438409763,0.0,6385.614438409763
2618,6349.7589665669,15.190810924801196,35.784063640484696,6385.543030207385,0.0,6385.543030207385
2619,6349.682835218198,15.190628792388035,35.788793251552384,6385.471628469751,0.0,6385.471628469751
2620,6349.606693091969,15.190446634191312,35.79354011627199,6385.400233208241,0.0,6385.400233208241
2621,6349.530540194743,15.190264450226657,35.79830423985229,6385.328844434594,0.0,6385.328844434594
2622,6349.454376532872,15.190082240509263,35.803085627560264,6385.257462160432,0.0,6385.257462160432
2623,6349.378202112904,15.189900005054794,35.80788428472098,6385.186086397624,0.0,6385.186086397624
2624,6349.30201694142,15.189717743878996,35.81270021671741,6385.114717158138,0.0,6385.114717158138
2625,6349.225821024858,15.189535456997268,35.81753342899031,6385.043354453848,0.0,6385.043354453848
2626,6349.149614370321,15.189353144426605,35.822383927038004,6384.971998297358,0.0,6384.971998297358
2627,6349.073396984134,15.189170806182139,35.827251716416285,6384.90064870055,0.0,6384.90064870055
2628,6348.997168873597,15.188988442281332,35.83213680273826,6384.829305676335,0.0,6384.829305676335
2629,6348.920930045397,15.188806052740183,35.83703919167415,6384.757969237071,0.0,6384.757969237071
2630,6348.844680506224,15.188623637574699,35.841958888951176,6384.686639395175,0.0,6384.686639395175
2631,6348.768420263641,15.18844119680297,35.84689590035335,6384.615316163994,0.0,6384.615316163994
2632,6348.692149324456,15.188258730441284,35.85185023172134,6384.543999556177,0.0,6384.543999556177
2633,6348.615867695709,15.188076238506481,35.85682188895235,6384.472689584662,0.0,6384.472689584662
2634,6348.539575385089,15.187893721016959,35.86181087799988,6384.401386263089,0.0,6384.401386263089
2635,6348.463272399216,15.187711177988556,35.866817204873655,6384.33008960409,0.0,6384.33008960409
2636,6348.386958745959,15.187528609440093,35.871840875639364,6384.258799621599,0.0,6384.258799621599
2637,6348.310634432621,15.187346015389044,35.87688189641857,6384.187516329039,0.0,6384.187516329039
2638,6348.234299466457,15.187163395852767,35.881940273388516,6384.116239739846,0.0,6384.116239739846
2639,6348.157953855308,15.186980750850019,35.88701601278199,6384.0449698680895,0.0,6384.0449698680895
2640,6348.081597606606,15.18679808039858,35.89210912088712,6383.973706727493,0.0,6383.973706727493
2641,6348.005230728186,15.186615384517191,35.89721960404722,6383.902450332233,0.0,6383.902450332233
2642,6347.928853227524,15.186432663223743,35.90234746866062,6383.831200696185,0.0,6383.831200696185
2643,6347.852465112695,15.186249916537548,35.907492721180546,6383.759957833876,0.0,6383.759957833876
2644,6347.776066391378,15.186067144476981,35.91265536811485,6383.688721759492,0.0,6383.688721759492
2645,6347.699657071545,15.185884347061112,35.917835416025895,6383.61749248757,0.0,6383.61749248757
2646,6347.62323716102,15.18570152430866,35.923032871530445,6383.546270032551,0.0,6383.546270032551
2647,6347.546806668238,15.185518676239804,35.92824774129936,6383.475054409537,0.0,6383.475054409537
2648,6347.470365600911,15.185335802872991,35.93348003205755,6383.403845632968,0.0,6383.403845632968
2649,6347.3939139674185,15.185152904228273,35.93872975058375,6383.332643718002,0.0,6383.332643718002
2650,6347.317451775988,15.18496998032533,35.943996903710314,6383.261448679698,0.0,6383.261448679698
2651,6347.240979034704,15.184787031183502,35.94928149832309,6383.190260533027,0.0,6383.190260533027
2652,6347.164495752206,15.184604056823458,35.954583541361195,6383.119079293567,0.0,6383.119079293567
2653,6347.088001936935,15.184421057265395,35.95990303981687,6383.047904976752,0.0,6383.047904976752
2654,6347.011497597183,15.184238032529146,35.96524000073532,6382.976737597918,0.0,6382.976737597918
2655,6346.934982741335,15.184054982634773,35.970594431214494,6382.90557717255,0.0,6382.90557717255
2656,6346.858457378423,15.183871907603882,35.97596633840488,6382.834423716828,0.0,6382.834423716828
2657,6346.781921516806,15.183688807456473,35.98135572950939,6382.763277246315,0.0,6382.763277246315
2658,6346.705375165252,15.183505682213521,35.98676261178313,6382.692137777035,0.0,6382.692137777035
2659,6346.6288183327515,15.183322531896534,35.99218699253325,6382.621005325284,0.0,6382.621005325284
2660,6346.552251027715,15.183139356525635,35.99762887911878,6382.549879906834,0.0,6382.549879906834
2661,6346.475673259556,15.182956156123339,36.003088278950315,6382.478761538507,0.0,6382.478761538507
2662,6346.399085036771,15.182772930709978,36.00856519948994,6382.40765023626,0.0,6382.40765023626
2663,6346.322486369034,15.182589680308693,36.01405964825104,6382.3365460172845,0.0,6382.3365460172845
2664,6346.245877264711,15.1824064049395,36.019571632798105,6382.2654488975095,0.0,6382.2654488975095
2665,6346.169257733322,15.182223104625173,36.02510116074648,6382.1943588940685,0.0,6382.1943588940685
2666,6346.092627784079,15.182039779387749,36.030648239762186,6382.123276023841,0.0,6382.123276023841
2667,6346.015987426127,15.181856429249107,36.03621287756181,6382.052200303689,0.0,6382.052200303689
2668,6345.9393366689665,15.181673054231977,36.041795081912184,6381.981131750878,0.0,6381.981131750878
2669,6345.862675522056,15.181489654358986,36.047394860630334,6381.910070382686,0.0,6381.910070382686
2670,6345.786003994337,15.181306229651524,36.05301222158313,6381.83901621592,0.0,6381.83901621592
2671,6345.7093220961,15.18112278013421,36.0586471726872,6381.767969268787,0.0,6381.767969268787
2672,6345.632629836178,15.180939305828177,36.064299721908654,6381.696929558087,0.0,6381.696929558087
2673,6345.555927224461,15.180755806757084,36.06996987726292,6381.625897101724,0.0,6381.625897101724
2674,6345.47921427091,15.18057228294476,36.0756576468146,6381.554871917725,0.0,6381.554871917725
2675,6345.402490984974,15.180388734413814,36.08136303867708,6381.4838540236515,0.0,6381.4838540236515
2676,6345.325757376602,15.180205161188043,36.08708606101256,6381.412843437615,0.0,6381.412843437615
2677,6345.249013455663,15.18002156329106,36.09282672203167,6381.341840177694,0.0,6381.341840177694
2678,6345.172259231783,15.179837940745893,36.09858502999333,6381.270844261776,0.0,6381.270844261776
2679,6345.095494715404,15.179654293577522,36.10436099320449,6381.199855708609,0.0,6381.199855708609
2680,6345.018719916352,15.179470621809454,36.110154620020026,6381.128874536372,0.0,6381.128874536372
2681,6344.941934845064,15.17928692546666,36.115965918842434,6381.057900763906,0.0,6381.057900763906
2682,6344.865139511005,15.179103204571781,36.12179489812161,6380.986934409126,0.0,6380.986934409126
2683,6344.7883339248665,15.178919459150398,36.12764156635472,6380.915975491222,0.0,6380.915975491222
2684,6344.711518097149,15.178735689227628,36.13350593208588,6380.845024029235,0.0,6380.845024029235
2685,6344.634692037531,15.17855189482663,36.13938800390602,6380.774080041437,0.0,6380.774080041437
2686,6344.5578557571225,15.178368075973978,36.14528779045255,6380.703143547575,0.0,6380.703143547575
2687,6344.481009265902,15.178184232693544,36.15120530040927,6380.632214566311,0.0,6380.632214566311
2688,6344.404152574611,15.17800036501103,36.15714054250607,6380.561293117116,0.0,6380.561293117116
2689,6344.327285693799,15.177816472951672,36.16309352551872,6380.490379219318,0.0,6380.490379219318
2690,6344.250408634135,15.177632556540994,36.16906425826863,6380.419472892404,0.0,6380.419472892404
2691,6344.17352140609,15.177448615804042,36.175052749622616,6380.348574155712,0.0,6380.348574155712
2692,6344.096624020972,15.177264650767874,36.18105900849271,6380.277683029464,0.0,6380.277683029464
2693,6344.0197164888805,15.177080661456651,36.187083043835884,6380.206799532716,0.0,6380.206799532716
2694,6343.942798821338,15.176896647897939,36.19312486465385,6380.135923685993,0.0,6380.135923685993
2695,6343.865871028653,15.176712610116393,36.19918447999279,6380.065055508646,0.0,6380.065055508646
2696,6343.788933122371,15.176528548139645,36.205261898943114,6379.994195021314,0.0,6379.994195021314
2697,6343.711985113346,15.17634446199365,36.21135713063923,6379.923342243985,0.0,6379.923342243985
2698,6343.635027012516,15.176160351704583,36.21747018425933,6379.852497196775,0.0,6379.852497196775
2699,6343.558058831337,15.17597621729985,36.223601069025115,6379.781659900362,0.0,6379.781659900362
2700,6343.48108058083,15.175792058805813,36.22974979420155,6379.710830375032,0.0,6379.710830375032
2701,6343.40409227231,15.175607876249545,36.23591636909663,6379.640008641406,0.0,6379.640008641406
2702,6343.3270939173335,15.175423669658693,36.24210080306111,6379.569194720395,0.0,6379.569194720395
2703,6343.2500855271555,15.175239439060181,36.24830310548825,6379.498388632644,0.0,6379.498388632644
2704,6343.173067112991,15.17505518448084,36.25452328581362,6379.427590398805,0.0,6379.427590398805
2705,6343.0960386867955,15.174870905949271,36.26076135351476,6379.35680004031,0.0,6379.35680004031
2706,6343.019000260037,15.17468660349291,36.26701731811095,6379.286017578148,0.0,6379.286017578148
2707,6342.941951844039,15.17450227713885,36.273291189163,6379.215243033202,0.0,6379.215243033202
2708,6342.864893450859,15.174317926915931,36.27958297627291,6379.144476427132,0.0,6379.144476427132
2709,6342.787825092037,15.174133552851762,36.28589268908369,6379.073717781121,0.0,6379.073717781121
2710,6342.710746779499,15.173949154974878,36.292220337279026,6379.002967116778,0.0,6379.002967116778
2711,6342.633658525136,15.173764733313721,36.29856593058299,6378.932224455719,0.0,6378.932224455719
2712,6342.556560340799,15.173580287896648,36.30492947875985,6378.861489819558,0.0,6378.861489819558
2713,6342.479452238618,15.173395818752676,36.31131099161377,6378.790763230232,0.0,6378.790763230232
2714,6342.402334230426,15.173211325910112,36.31771047898847,6378.720044709415,0.0,6378.720044709415
2715,6342.3252063285545,15.173026809398456,36.324127950767036,6378.649334279322,0.0,6378.649334279322
2716,6342.248068545043,15.172842269246514,36.3305634168716,6378.578631961915,0.0,6378.578631961915
2717,6342.170920892129,15.172657705483562,36.33701688726303,6378.507937779393,0.0,6378.507937779393
2718,6342.093763382174,15.172473118139173,36.34348837194074,6378.437251754115,0.0,6378.437251754115
2719,6342.016596027537,15.172288507242913,36.349977880942276,6378.366573908479,0.0,6378.366573908479
2720,6341.939418840504,15.172103872824172,36.35648542434316,6378.295904264847,0.0,6378.295904264847
2721,6341.862231833726,15.171919214913219,36.36301101225645,6378.225242845982,0.0,6378.225242845982
2722,6341.785035019304,15.171734533539004,36.369554654832584,6378.154589674136,0.0,6378.154589674136
2723,6341.707828410229,15.171549828732605,36.376116362259005,6378.083944772488,0.0,6378.083944772488
2724,6341.630612019156,15.171365100524296,36.38269614475989,6378.013308163916,0.0,6378.013308163916
2725,6341.553385858651,15.171180348944143,36.3892940125958,6377.9426798712475,0.0,6377.9426798712475
2726,6341.476149941438,15.170995574022578,36.3959099760634,6377.872059917501,0.0,6377.872059917501
2727,6341.39890428041,15.170810775790454,36.402544045495205,6377.801448325905,0.0,6377.801448325905
2728,6341.3216488884145,15.170625954278504,36.409196231259216,6377.730845119674,0.0,6377.730845119674
2729,6341.244383778548,15.170441109518057,36.41586654375865,6377.660250322307,0.0,6377.660250322307
2730,6341.16710896353,15.170256241539546,36.42255499343159,6377.589663956962,0.0,6377.589663956962
2731,6341.089824456556,15.170071350374537,36.42926159075065,6377.519086047307,0.0,6377.519086047307
2732,6341.0125302708475,15.169886436054659,36.435986346222705,6377.44851661707,0.0,6377.44851661707
2733,6340.935226419426,15.169701498611067,36.44272927038854,6377.377955689814,0.0,6377.377955689814
2734,6340.857912915815,15.169516538076113,36.449490373822506,6377.3074032896375,0.0,6377.3074032896375
2735,6340.780589772844,15.169331554480488,36.45626966713225,6377.236859439976,0.0,6377.236859439976
2736,6340.703257004321,15.169146547857228,36.46306716095832,6377.16632416528,0.0,6377.16632416528
2737,6340.62591462328,15.168961518237511,36.46988286597384,6377.0957974892535,0.0,6377.0957974892535
2738,6340.548562643824,15.168776465655082,36.47671679288422,6377.025279436708,0.0,6377.025279436708
2739,6340.4712010788035,15.168591390140678,36.48356895242675,6376.9547700312305,0.0,6376.9547700312305
2740,6340.393829942148,15.168406291727626,36.490439355370356,6376.884269297519,0.0,6376.884269297519
2741,6340.316449247672,15.168221170448975,36.49732801251511,6376.813777260187,0.0,6376.813777260187
2742,6340.239059008827,15.168036026336907,36.504234934692036,6376.743293943519,0.0,6376.743293943519
2743,6340.16165923958,15.167850859424833,36.51116013276263,6376.672819372343,0.0,6376.672819372343
2744,6340.084249953581,15.167665669745409,36.518103617618614,6376.602353571199,0.0,6376.602353571199
2745,6340.006831164987,15.167480457332504,36.52506540018146,6376.531896565168,0.0,6376.531896565168
2746,6339.929402887733,15.167295222219456,36.532045491402144,6376.461448379135,0.0,6376.461448379135
2747,6339.8519651357765,15.167109964439657,36.5390439022607,6376.391009038037,0.0,6376.391009038037
2748,6339.774517923097,15.166924684026547,36.54606064376588,6376.320578566862,0.0,6376.320578566862
2749,6339.697061264109,15.166739381014615,36.55309572695478,6376.250156991064,0.0,6376.250156991064
2750,6339.619595173077,15.166554055437983,36.560149162892486,6376.179744335969,0.0,6376.179744335969
2751,6339.54211966416,15.166368707330527,36.5672209626717,6376.109340626832,0.0,6376.109340626832
2752,6339.464634751476,15.16618333672602,36.57431113741228,6376.0389458888885,0.0,6376.0389458888885
2753,6339.38714044987,15.165997943659974,36.581419698260945,6375.968560148131,0.0,6375.968560148131
2754,6339.309636773562,15.165812528166414,36.5885466563909,6375.898183429952,0.0,6375.898183429952
2755,6339.2321237371125,15.165627090280173,36.59569202300135,6375.8278157601135,0.0,6375.8278157601135
2756,6339.154601355156,15.16544163003626,36.6028558093172,6375.757457164474,0.0,6375.757457164474
2757,6339.077069642601,15.165256147470336,36.6100380265886,6375.68710766919,0.0,6375.68710766919
2758,6338.999528613911,15.165070642617012,36.61723868609054,6375.616767300002,0.0,6375.616767300002
2759,6338.9219782838645,15.164885115511638,36.624457799122474,6375.546436082987,0.0,6375.546436082987
2760,6338.844418667573,15.164699566190366,36.63169537700787,6375.476114044581,0.0,6375.476114044581
2761,6338.766849779783,15.164513994688477,36.638951431093915,6375.405801210877,0.0,6375.405801210877
2762,6338.689271635403,15.164328401041635,36.64622597275096,6375.335497608155,0.0,6375.335497608155
2763,6338.611684249631,15.164142785286199,36.65351901337217,6375.265203263003,0.0,6375.265203263003
2764,6338.534087637656,15.163957147458508,36.66083056437305,6375.194918202029,0.0,6375.194918202029
2765,6338.456481814534,15.163771487594579,36.668160637191114,6375.124642451725,0.0,6375.124642451725
2766,6338.378866795548,15.163585805730975,36.67550924328534,6375.054376038833,0.0,6375.054376038833
2767,6338.301242596143,15.16340010190465,36.68287639413585,6374.984118990279,0.0,6374.984118990279
2768,6338.2236092317,15.163214376152393,36.690262101243356,6374.913871332943,0.0,6374.913871332943
2769,6338.145966717637,15.163028628511093,36.697666376128836,6374.843633093766,0.0,6374.843633093766
2770,6338.068315069269,15.16284285901739,36.705089230332966,6374.773404299603,0.0,6374.773404299603
2771,6337.990654302579,15.16265706770952,36.712530675415785,6374.703184977995,0.0,6374.703184977995
2772,6337.912984432967,15.162471254624323,36.71999072295617,6374.632975155923,0.0,6374.632975155923
2773,6337.835305476385,15.162285419799964,36.727469384551355,6374.562774860936,0.0,6374.562774860936
2774,6337.757617448386,15.16209956327365,36.734966671816565,6374.492584120202,0.0,6374.492584120202
2775,6337.679920364937,15.161913685083581,36.74248259638442,6374.4224029613215,0.0,6374.4224029613215
2776,6337.60221424196,15.161727785267846,36.75001716990462,6374.3522314118645,0.0,6374.3522314118645
2777,6337.524499095573,15.161541863865008,36.757570404043406,6374.282069499617,0.0,6374.282069499617
2778,6337.446774941774,15.161355920913334,36.76514231048297,6374.211917252256,0.0,6374.211917252256
2779,6337.369041796842,15.161169956451776,36.772732900921106,6374.141774697763,0.0,6374.141774697763
2780,6337.2912996769755,15.16098397051908,36.780342187070715,6374.071641864046,0.0,6374.071641864046
2781,6337.213548597997,15.160797963153103,36.787970180659265,6374.001518778657,0.0,6374.001518778657
2782,6337.135788576899,15.160611934394495,36.79561689342832,6373.931405470327,0.0,6373.931405470327
2783,6337.0580196297215,15.160425884281631,36.80328233713303,6373.861301966855,0.0,6373.861301966855
2784,6336.980241773205,15.160239812854558,36.810966523541616,6373.791208296747,0.0,6373.791208296747
2785,6336.902455023908,15.16005372015289,36.8186694644349,6373.721124488343,0.0,6373.721124488343
2786,6336.824659398516,15.159867606216546,36.826391171605735,6373.651050570122,0.0,6373.651050570122
2787,6336.7468549134355,15.159681471084774,36.83413165685857,6373.580986570294,0.0,6373.580986570294
2788,6336.669041585586,15.159495314798052,36.84189093200885,6373.5109325175945,0.0,6373.5109325175945
2789,6336.591219432283,15.159309137397806,36.84966900888255,6373.440888441165,0.0,6373.440888441165
2790,6336.513388470094,15.15912293892367,36.85746589931557,6373.370854369409,0.0,6373.370854369409
2791,6336.435548715896,15.15893671941602,36.86528161515322,6373.30083033105,0.0,6373.30083033105
2792,6336.357700187045,15.158750478916376,36.87311616824973,6373.230816355295,0.0,6373.230816355295
2793,6336.279842900891,15.158564217466246,36.88096957046765,6373.160812471358,0.0,6373.160812471358
2794,6336.201976874147,15.158377935105614,36.88884183367735,6373.090818707824,0.0,6373.090818707824
2795,6336.124102124637,15.158191631877122,36.89673296975649,6373.020835094393,0.0,6373.020835094393
2796,6336.046218669506,15.158005307821785,36.904642990589295,6372.950861660095,0.0,6372.950861660095
2797,6335.968326526405,15.15781896298183,36.91257190806618,6372.8808984344705,0.0,6372.8808984344705
2798,6335.890425712767,15.157632597398964,36.92051973408306,6372.81094544685,0.0,6372.81094544685
2799,6335.812516246164,15.157446211115225,36.928486480540855,6372.741002726704,0.0,6372.741002726704
2800,6335.734598144497,15.157259804173437,36.936472159344824,6372.671070303842,0.0,6372.671070303842
2801,6335.656671425489,15.157073376616001,36.94447678240407,6372.601148207893,0.0,6372.601148207893
2802,6335.578736106967,15.156886928485568,36.95250036163087,6372.531236468598,0.0,6372.531236468598
2803,6335.500792207113,15.156700459825629,36.960542908940155,6372.461335116052,0.0,6372.461335116052
2804,6335.4228397436855,15.156513970678674,36.96860443624887,6372.391444179934,0.0,6372.391444179934
2805,6335.344878735043,15.156327461088619,36.97668495547535,6372.321563690518,0.0,6372.321563690518
2806,6335.266909199179,15.156140931098514,36.984784478538764,6372.251693677718,0.0,6372.251693677718
2807,6335.188931154261,15.15595438075182,36.992903017358465,6372.18183417162,0.0,6372.18183417162
2808,6335.110944619002,15.155767810093307,37.00104058385335,6372.111985202855,0.0,6372.111985202855
2809,6335.03294961187,15.155581219167154,37.00919718994127,6372.042146801811,0.0,6372.042146801811
2810,6334.954946151192,15.155394608017208,37.01737284753835,6371.972318998731,0.0,6371.972318998731
2811,6334.876934255773,15.155207976688454,37.0255675685584,6371.902501824332,0.0,6371.902501824332
2812,6334.798913944115,15.155021325225157,37.03378136491226,6371.832695309027,0.0,6371.832695309027
2813,6334.720885235061,15.154834653672395,37.04201424850715,6371.762899483569,0.0,6371.762899483569
2814,6334.642848147797,15.15464796207607,37.05026623124602,6371.6931143790425,0.0,6371.6931143790425
2815,6334.564802700581,15.154461250479859,37.05853732502686,6371.623340025608,0.0,6371.623340025608
2816,6334.48674891327,15.154274518931269,37.06682754174216,6371.553576455012,0.0,6371.553576455012
2817,6334.408686804659,15.15408776747526,37.075136893278014,6371.483823697937,0.0,6371.483823697937
2818,6334.330616393951,15.153900996157777,37.08346539151361,6371.414081785464,0.0,6371.414081785464
2819,6334.252537700629,15.153714205025427,37.091813048320546,6371.344350748949,0.0,6371.344350748949
2820,6334.174450743811,15.153527394123948,37.100179875562056,6371.274630619373,0.0,6371.274630619373
2821,6334.09635554321,15.153340563500501,37.10856588509239,6371.204921428302,0.0,6371.204921428302
2822,6334.018252118534,15.153153713202235,37.11697108875607,6371.13522320729,0.0,6371.13522320729
2823,6333.940140489429,15.152966843276145,37.125395498387206,6371.0655359878165,0.0,6371.0655359878165
2824,6333.862020675443,15.152779953769002,37.13383912580881,6370.995859801252,0.0,6370.995859801252
2825,6333.783892696596,15.152593044728699,37.142301982832045,6370.926194679428,0.0,6370.926194679428
2826,6333.705756573071,15.152406116203519,37.150784081255495,6370.856540654327,0.0,6370.856540654327
2827,6333.627612324407,15.152219168240208,37.15928543286445,6370.786897757272,0.0,6370.786897757272
2828,6333.549459971571,15.152032200888927,37.1678060494302,6370.717266021002,0.0,6370.717266021002
2829,6333.471299534025,15.151845214196232,37.176345942709204,6370.647645476734,0.0,6370.647645476734
2830,6333.393131032637,15.15165820821205,37.18490512444249,6370.57803615708,0.0,6370.57803615708
2831,6333.314954487651,15.151471182984812,37.193483606354725,6370.508438094006,0.0,6370.508438094006
2832,6333.236769919576,15.151284138563579,37.20208140015362,6370.438851319729,0.0,6370.438851319729
2833,6333.158577349308,15.151097074998344,37.210698517529046,6370.369275866837,0.0,6370.369275866837
2834,6333.080376797284,15.150909992337999,37.21933497015229,6370.299711767436,0.0,6370.299711767436
2835,6333.002168284739,15.150722890633347,37.22799076967536,6370.230159054415,0.0,6370.230159054415
2836,6332.9239518323575,15.15053576993387,37.236665927730066,6370.160617760088,0.0,6370.160617760088
2837,6332.845727461246,15.150348630290061,37.24536045592731,6370.091087917173,0.0,6370.091087917173
2838,6332.767495192569,15.150161471752558,37.254074365856304,6370.021569558426,0.0,6370.021569558426
2839,6332.689255047684,15.14997429437245,37.262807669083685,6369.952062716768,0.0,6369.952062716768
2840,6332.611007047823,15.149787098200532,37.27156037715281,6369.882567424976,0.0,6369.882567424976
2841,6332.532751214756,15.14959988328889,37.28033250158285,6369.813083716339,0.0,6369.813083716339
2842,6332.454487569723,15.149412649688331,37.28912405386799,6369.743611623591,0.0,6369.743611623591
2843,6332.3762161345885,15.149225397451168,37.297935045476656,6369.674151180066,0.0,6369.674151180066
2844,6332.297936931303,15.149038126629913,37.306765487850576,6369.604702419154,0.0,6369.604702419154
2845,6332.219649981266,15.148850837275756,37.31561539240401,6369.53526537367,0.0,6369.53526537367
2846,6332.14135530715,15.148663529442942,37.32448477052288,6369.4658400776725,0.0,6369.4658400776725
2847,6332.063052930722,15.148476203183545,37.333373633563916,6369.396426564285,0.0,6369.396426564285
2848,6331.984742874487,15.148288858551405,37.3422819928538,6369.327024867341,0.0,6369.327024867341
2849,6331.90642516051,15.148101495599306,37.35120985968829,6369.257635020198,0.0,6369.257635020198
2850,6331.828099811227,15.147914114380926,37.360157245331315,6369.1882570565585,0.0,6369.1882570565585
2851,6331.749766849547,15.14772671495107,37.369124161014156,6369.118891010561,0.0,6369.118891010561
2852,6331.671426297933,15.147539297363476,37.37811061793443,6369.049536915867,0.0,6369.049536915867
2853,6331.5930781795905,15.14735186167366,37.38711662725533,6368.980194806846,0.0,6368.980194806846
2854,6331.514722517103,15.147164407935653,37.39614220010467,6368.910864717208,0.0,6368.910864717208
2855,6331.436359333458,15.146976936204446,37.40518734757395,6368.841546681032,0.0,6368.841546681032
2856,6331.357988652004,15.146789446535895,37.414252080717446,6368.772240732721,0.0,6368.772240732721
2857,6331.279610496136,15.146601938985972,37.42333641055131,6368.702946906687,0.0,6368.702946906687
2858,6331.201224889099,15.146414413610284,37.432440348052594,6368.633665237151,0.0,6368.633665237151
2859,6331.1228318547255,15.146226870465851,37.44156390415834,6368.564395758884,0.0,6368.564395758884
2860,6331.044431416342,15.146039309608474,37.45070708976465,6368.495138506107,0.0,6368.495138506107
2861,6330.966023597898,15.14585173109545,37.45986991572568,6368.425893513624,0.0,6368.425893513624
2862,6330.887608423325,15.145664134984031,37.469052392852696,6368.356660816178,0.0,6368.356660816178
2863,6330.8091859166125,15.14547652133161,37.478254531913144,6368.287440448526,0.0,6368.287440448526
2864,6330.730756101855,15.145288890195825,37.487476343629645,6368.218232445485,0.0,6368.218232445485
2865,6330.652319003806,15.1451012416359,37.49671783867897,6368.149036842485,0.0,6368.149036842485
2866,6330.573874646481,15.144913575709285,37.505979027691126,6368.079853674172,0.0,6368.079853674172
2867,6330.495423054467,15.144725892474803,37.5152599212483,6368.010682975715,0.0,6368.010682975715
2868,6330.416964252814,15.144538191992378,37.52456052988386,6367.941524782698,0.0,6367.941524782698
2869,6330.338498265862,15.144350474320243,37.533880864081354,6367.8723791299435,0.0,6367.8723791299435
2870,6330.260025118927,15.144162739518963,37.54322093427352,6367.8032460532,0.0,6367.8032460532
2871,6330.181544837015,15.143974987648361,37.552580750841166,6367.734125587856,0.0,6367.734125587856
2872,6330.103057445388,15.143787218768871,37.56196032411226,6367.6650177695,0.0,6367.6650177695
2873,6330.024562969525,15.143599432941446,37.571359664360784,6367.5959226338855,0.0,6367.5959226338855
2874,6329.9460614347045,15.143411630226566,37.580778781805726,6367.52684021651,0.0,6367.52684021651
2875,6329.867552866882,15.14322381068632,37.590217686610025,6367.457770553492,0.0,6367.457770553492
2876,6329.789037291564,15.14303597438173,37.599676388879466,6367.388713680443,0.0,6367.388713680443
2877,6329.710514734788,15.142848121375092,37.60915489866166,6367.31966963345,0.0,6367.31966963345
2878,6329.631985223075,15.142660251729845,37.61865322594495,6367.250638449021,0.0,6367.250638449021
2879,6329.553448782126,15.142472365507478,37.62817138065731,6367.1816201627835,0.0,6367.1816201627835
2880,6329.474905438458,15.142284462771432,37.637709372665206,6367.112614811123,0.0,6367.112614811123
2881,6329.396355218704,15.142096543585417,37.647267211772586,6367.043622430477,0.0,6367.043622430477
2882,6329.317798149565,15.141908608013312,37.656844907719695,6366.974643057284,0.0,6366.974643057284
2883,6329.239234257728,15.141720656118967,37.66644247018196,6366.90567672791,0.0,6366.90567672791
2884,6329.160663570356,15.141532687967358,37.67605990876891,6366.836723479125,0.0,6366.836723479125
2885,6329.082086114531,15.14134470362328,37.685697233023,6366.7677833475545,0.0,6366.7677833475545
2886,6329.003501917483,15.141156703151873,37.695354452418414,6366.6988563699015,0.0,6366.6988563699015
2887,6328.924911006623,15.140968686618715,37.70503157636006,6366.629942582983,0.0,6366.629942582983
2888,6328.846313409793,15.140780654090413,37.71472861418228,6366.5610420239755,0.0,6366.5610420239755
2889,6328.767709154527,15.140592605632841,37.72444557514778,6366.492154729675,0.0,6366.492154729675
2890,6328.689098269071,15.140404541313567,37.7341824684464,6366.423280737517,0.0,6366.423280737517
2891,6328.610480781012,15.140216461198593,37.74393930319387,6366.354420084205,0.0,6366.354420084205
2892,6328.53185671891,15.140028365356244,37.75371608843077,6366.28557280734,0.0,6366.28557280734
2893,6328.453226111356,15.139840253854919,37.76351283312122,6366.216738944478,0.0,6366.216738944478
2894,6328.374588986559,15.139652126762101,37.773329546151686,6366.147918532711,0.0,6366.147918532711
2895,6328.2959453735,15.13946398414713,37.783166236329826,6366.07911160983,0.0,6366.07911160983
2896,6328.217295301221,15.139275826079476,37.793022912383194,6366.0103182136045,0.0,6366.0103182136045
2897,6328.138638798382,15.139087652627708,37.80289958295807,6365.94153838134,0.0,6365.94153838134
2898,6328.059975894721,15.13889946386297,37.812796256618164,6365.872772151339,0.0,6365.872772151339
2899,6327.981306619344,15.138711259854889,37.82271294184342,6365.8040195611875,0.0,6365.8040195611875
2900,6327.902631001817,15.138523040674203,37.83264964702875,6365.735280648846,0.0,6365.735280648846
2901,6327.823949072252,15.138334806392947,37.84260638048273,6365.666555452734,0.0,6365.666555452734
2902,6327.7452608604835,15.138146557082496,37.85258315042642,6365.59784401091,0.0,6365.59784401091
2903,6327.666566396641,15.13795829281493,37.862579964992015,6365.529146361633,0.0,6365.529146361633
2904,6327.587865710789,15.137770013662173,37.87259683222161,6365.46046254301,0.0,6365.46046254301
2905,6327.509158833762,15.137581719697994,37.8826337600658,6365.391792593828,0.0,6365.391792593828
2906,6327.430445796378,15.13739341099612,37.89269075638251,6365.323136552761,0.0,6365.323136552761
2907,6327.351726629064,15.137205087629338,37.90276782893558,6365.2544944579995,0.0,6365.2544944579995
2908,6327.273001363044,15.137016749672355,37.91286498539359,6365.185866348438,0.0,6365.185866348438
2909,6327.194270029686,15.136828397200205,37.92298223332831,6365.117252263014,0.0,6365.117252263014
2910,6327.115532660386,15.136640030288005,37.93311958021361,6365.048652240599,0.0,6365.048652240599
2911,6327.0367892867125,15.136451649011274,37.943277033423925,6364.980066320137,0.0,6364.980066320137
2912,6326.958039940495,15.13626325344616,37.953454600233066,6364.911494540728,0.0,6364.911494540728
2913,6326.879284653691,15.136074843669117,37.96365228781275,6364.8429369415035,0.0,6364.8429369415035
2914,6326.8005234588245,15.135886419757954,37.97387010323125,6364.774393562056,0.0,6364.774393562056
2915,6326.7217563880595,15.135697981789615,37.984108053452054,6364.705864441512,0.0,6364.705864441512
2916,6326.642983473957,15.135509529842004,37.99436614533252,6364.63734961929,0.0,6364.63734961929
2917,6326.5642047494575,15.135321063993917,38.00464438562236,6364.56884913508,0.0,6364.56884913508
2918,6326.485420247424,15.135132584323982,38.014942780962386,6364.500363028386,0.0,6364.500363028386
2919,6326.406630001489,15.134944090912654,38.025261337882995,6364.431891339373,0.0,6364.431891339373
2920,6326.327834044314,15.134755583838071,38.03560006280279,6364.3634341071165,0.0,6364.3634341071165
2921,6326.249032410304,15.134567063182544,38.04595896202724,6364.2949913723305,0.0,6364.2949913723305
2922,6326.170225133098,15.13437852902655,38.05633804174715,6364.226563174845,0.0,6364.226563174845
2923,6326.091412246557,15.134189981451094,38.06673730803725,6364.158149554594,0.0,6364.158149554594
2924,6326.01259378498,15.13400142053823,38.07715676685477,6364.089750551834,0.0,6364.089750551834
2925,6325.933769783145,15.13381284637116,38.08759642403798,6364.021366207183,0.0,6364.021366207183
2926,6325.854940275469,15.133624259032223,38.09805628530472,6363.9529965607735,0.0,6363.9529965607735
2927,6325.7761052969045,15.133435658605034,38.10853635625099,6363.884641653155,0.0,6363.884641653155
2928,6325.697264882889,15.133247045174375,38.11903664234933,6363.816301525238,0.0,6363.816301525238
2929,6325.6184190683825,15.133058418823882,38.12955714894751,6363.74797621733,0.0,6363.74797621733
2930,6325.5395678891255,15.132869779639057,38.140097881266975,6363.679665770393,0.0,6363.679665770393
2931,6325.460711381041,15.132681127705839,38.15065884440126,6363.6113702254415,0.0,6363.6113702254415
2932,6325.381849579964,15.132492463109962,38.16124004331463,6363.543089623279,0.0,6363.543089623279
2933,6325.302982522672,15.132303785939408,38.17184148284048,6363.474824005512,0.0,6363.474824005512
2934,6325.224110244971,15.132115096279835,38.18246316767981,6363.406573412651,0.0,6363.406573412651
2935,6325.14523278404,15.13192639422019,38.19310510239978,6363.338337886439,0.0,6363.338337886439
2936,6325.066350177003,15.131737679849289,38.203767291432065,6363.270117468435,0.0,6363.270117468435
2937,6324.987462460696,15.131548953255255,38.214449739071384,6363.201912199768,0.0,6363.201912199768
2938,6324.908569672857,15.131360214528366,38.22515244947392,6363.133722122331,0.0,6363.133722122331
2939,6324.8296718508445,15.131171463758001,38.235875426655724,6363.065547277501,0.0,6363.065547277501
2940,6324.750769032908,15.130982701035665,38.24661867449118,6362.997387707399,0.0,6362.997387707399
2941,6324.671861257258,15.13079392645277,38.25738219671153,6362.929243453969,0.0,6362.929243453969
2942,6324.592948562084,15.130605140100679,38.26816599690317,6362.861114558987,0.0,6362.861114558987
2943,6324.514030986336,15.130416342072575,38.278970078506134,6362.793001064842,0.0,6362.793001064842
2944,6324.435108568636,15.130227532460852,38.28979444481242,6362.724903013448,0.0,6362.724903013448
2945,6324.356181348558,15.130038711360186,38.300639098964496,6362.6568204475225,0.0,6362.6568204475225
2946,6324.277249365236,15.1298498788642,38.3115040439536,6362.588753409189,0.0,6362.588753409189
2947,6324.198312658675,15.1296610350686,38.32238928261815,6362.520701941293,0.0,6362.520701941293
2948,6324.119371268567,15.129472180068342,38.33329481764215,6362.452666086209,0.0,6362.452666086209
2949,6324.040425235223,15.129283313959863,38.34422065155355,6362.3846458867765,0.0,6362.3846458867765
2950,6323.96147459889,15.12909443683945,38.35516678672259,6362.3166413856125,0.0,6362.3166413856125
2951,6323.882519400949,15.128905548806097,38.36613322536019,6362.248652626309,0.0,6362.248652626309
2952,6323.803559681789,15.128716649956433,38.37711996951623,6362.180679651306,0.0,6362.180679651306
2953,6323.72459548305,15.128527740390071,38.38812702107797,6362.112722504127,0.0,6362.112722504127
2954,6323.645626846203,15.128338820206228,38.39915438176844,6362.044781227972,0.0,6362.044781227972
2955,6323.5666538129535,15.128149889504673,38.41020205314459,6361.976855866098,0.0,6361.976855866098
2956,6323.487676425526,15.127960948386425,38.42127003659574,6361.908946462122,0.0,6361.908946462122
2957,6323.408694726345,15.127771996952978,38.4323583333419,6361.841053059687,0.0,6361.841053059687
2958,6323.329708758167,15.12758303530662,38.44346694443204,6361.773175702599,0.0,6361.773175702599
2959,6323.250718563668,15.127394063549444,38.45459587074244,6361.70531443441,0.0,6361.70531443441
2960,6323.171724186328,15.127205081785474,38.46574511297487,6361.637469299303,0.0,6361.637469299303
2961,6323.092725669678,15.127016090118847,38.476914671655116,6361.569640341333,0.0,6361.569640341333
2962,6323.013723057289,15.126827088653801,38.488104547131044,6361.50182760442,0.0,6361.50182760442
2963,6322.934716393542,15.126638077496512,38.499314739570984,6361.4340311331125,0.0,6361.4340311331125
2964,6322.855705722442,15.126449056752252,38.51054524896202,6361.366250971404,0.0,6361.366250971404
2965,6322.776691089267,15.126260026529346,38.521796075108156,6361.298487164375,0.0,6361.298487164375
2966,6322.69767253843,15.126070986934044,38.53306721762873,6361.230739756059,0.0,6361.230739756059
2967,6322.6186501156935,15.125881938075821,38.54435867595648,6361.16300879165,0.0,6361.16300879165
2968,6322.539623866307,15.125692880062935,38.55567044933602,6361.095294315643,0.0,6361.095294315643
2969,6322.460593836449,15.12550381300586,38.567002536821946,6361.027596373271,0.0,6361.027596373271
2970,6322.381560071822,15.125314737013927,38.57835493727706,6360.959915009099,0.0,6360.959915009099
2971,6322.302522619468,15.125125652199683,38.589727649370694,6360.892250268838,0.0,6360.892250268838
2972,6322.223481526207,15.124936558675136,38.60112067157687,6360.824602197784,0.0,6360.824602197784
2973,6322.144436838673,15.124747456551848,38.61253400217264,6360.7569708408455,0.0,6360.7569708408455
2974,6322.065388604828,15.124558345944564,38.62396763923611,6360.689356244064,0.0,6360.689356244064
2975,6321.986336872264,15.124369226967138,38.63542158064486,6360.621758452909,0.0,6360.621758452909
2976,6321.907281689029,15.12418009973452,38.646895824074065,6360.554177513103,0.0,6360.554177513103
2977,6321.82822310353,15.123990964362513,38.658390366994674,6360.486613470524,0.0,6360.486613470524
2978,6321.749161164293,15.123801820967207,38.66990520667168,6360.419066370964,0.0,6360.419066370964
2979,6321.670095920891,15.123612669667203,38.681440340162226,6360.351536261053,0.0,6360.351536261053
2980,6321.591027422436,15.123423510579991,38.692995764313906,6360.28402318675,0.0,6360.28402318675
2981,6321.511955718488,15.123234343824134,38.704571475762876,6360.216527194251,0.0,6360.216527194251
2982,6321.4328808594455,15.123045169520205,38.71616747093209,6360.149048330378,0.0,6360.149048330378
2983,6321.353802895341,15.122855987787897,38.72778374602944,6360.08158664137,0.0,6360.08158664137
2984,6321.274721877288,15.122666798749494,38.73942029704595,6360.014142174335,0.0,6360.014142174335
2985,6321.195637855821,15.122477602525887,38.75107711975406,6359.946714975575,0.0,6359.946714975575
2986,6321.116550882887,15.122288399241357,38.76275420970554,6359.879305092592,0.0,6359.879305092592
2987,6321.037461010032,15.122099189019215,38.77445156222989,6359.8119125722615,0.0,6359.8119125722615
2988,6320.958368289276,15.121909971983914,38.78616917243243,6359.744537461708,0.0,6359.744537461708
2989,6320.879272773282,15.121720748261438,38.79790703519238,6359.677179808474,0.0,6359.677179808474
2990,6320.800174514509,15.121531517977296,38.80966514516114,6359.609839659671,0.0,6359.609839659671
2991,6320.721073566599,15.121342281259807,38.82144349676041,6359.54251706336,0.0,6359.54251706336
2992,6320.641969982604,15.121153038235894,38.83324208418031,6359.4752120667845,0.0,6359.4752120667845
2993,6320.562863816736,15.120963789035255,38.845060901377536,6359.4079247181135,0.0,6359.4079247181135
2994,6320.483755123114,15.120774533787355,38.85689994207351,6359.340655065187,0.0,6359.340655065187
2995,6320.404643956244,15.120585272622595,38.868759199752546,6359.273403155997,0.0,6359.273403155997
2996,6320.325530371338,15.120396005673056,38.88063866765998,6359.206169038997,0.0,6359.206169038997
2997,6320.246414423307,15.120206733070113,38.892538338800286,6359.138952762108,0.0,6359.138952762108
2998,6320.167296168536,15.120017454948652,38.90445820593526,6359.071754374471,0.0,6359.071754374471
2999,6320.088175662484,15.11982817144135,38.9163982615821,6359.004573924066,0.0,6359.004573924066
