epoch,nll_total,nll_per_row,penalty,loss_base,bce_sum,loss_total
0,32262.525768018753,77.18307600004486,1.2000000000000004,32263.725768018754,28.386638125509293,32387.20764386472
1,30738.473750873884,73.53701854276049,1.2465362179232857,30739.720287091808,28.416234789872355,30863.330908427753
2,29409.410464483564,70.35744130259226,1.2946546271250665,29410.70511911069,28.452198175376324,29534.47218117358
3,28261.851102710367,67.612083977776,1.3442626840293925,28263.195365394397,28.494628639187567,28387.146999974862
4,27280.254206876245,65.26376604515848,1.3952410924431191,27281.649447968688,28.54364235771821,27405.81429222476
5,26447.664886283514,63.271925565271566,1.4474461871917903,26449.112332470704,28.599372208091953,26573.519601575903
6,25746.658023789063,61.59487565499776,1.5007136757648083,25748.158737464826,28.661962692781678,25872.838275178427
7,25159.664670805767,60.190585336855904,1.5548638596073716,25161.219534665375,28.731563624610203,25286.20183643243
8,24669.29208493948,59.017445179281054,1.6097087257507448,24670.90179366523,28.808324436377376,24796.218004963474
9,24258.893126172312,58.03562948845051,1.665060256294405,24260.558186428607,28.89238900081972,24386.240078582174
10,23913.12450444929,57.20843182882605,1.7207388007803792,23914.84524325007,28.98389069727164,24040.925167783204
11,23618.318048329555,56.50315322566879,1.7765806718948496,23620.09462900145,29.08294761661597,23746.60545113373
12,23362.658840615957,55.891528326832436,1.8324446180434069,23364.491285234002,29.18965784352342,23491.46629685333
13,23136.22058917308,55.34981002194517,1.8882171350947314,23138.108806308177,29.30409474483796,23265.58161844822
14,22930.9011762679,54.85861525422943,1.9438167454041266,22932.844993013303,29.426302190291786,23060.84940754107
15,22740.286186346777,54.40259853193009,1.9991973902196998,22742.285383736995,29.55628965483867,22870.855243735543
16,22559.46149845961,53.9700035848316,2.0543508942215327,22561.51584935383,29.694027192128587,22690.68486763959
17,22384.799181862276,53.55215115278057,2.109308296979544,22386.908490159254,29.839440311037734,22516.710055512267
18,22213.741376754908,53.14292195395911,2.1641399694450705,22215.905516724353,29.992404825503282,22346.372477715293
19,22044.59822415083,52.738273263518735,2.2189546692027684,22046.817178820034,30.15274178524734,22177.98160558586
20,21876.366150697653,52.3358041882719,2.2738977747954325,21878.640048472447,30.32021263713907,22010.532973444002
21,21708.56756104665,51.93437215561399,2.3291488954464237,21710.896709942095,30.49451481786808,21843.54784939982
22,21541.111187358496,51.53375882143181,2.3849189940529976,21543.496106352548,30.675278038064235,21676.933565818126
23,21374.171944490077,51.13438264232076,2.4414471360345584,21376.613391626113,30.862061580650206,21510.863359501942
24,21208.08921065076,50.737055527872634,2.4989969784530546,21210.588207629215,31.054352991832268,21345.674643143684
25,21043.28266768324,50.34278150163455,2.5578531243903035,21045.840520807633,31.25156857799157,21181.784844121896
26,20880.185027189047,49.952595758825474,2.618317472059802,20882.803344661108,31.45305612033839,21019.62413878458
27,20719.191034380518,49.5674426659821,2.680705678670762,20721.87174005919,31.658100165947452,20859.58447578106
28,20560.622030804287,49.188090982785376,2.745343834957632,20563.367374639245,31.86593013535815,20701.984170728054
29,20404.705072127323,48.81508390461082,2.8125654126529964,20407.517637539975,32.07573129704159,20547.047068682106
30,20251.56518390088,48.448720535648036,2.8827085120420866,20254.44789241292,32.286658406495604,20394.894856481176
31,20101.22887173014,48.08906428643574,2.9561134076564266,20104.1849851378,32.49785152448092,20245.55063926929
32,19953.636569408824,47.735972654088094,3.0331203717735438,19956.669689780596,32.708453271164664,20098.95146151016
33,19808.661390385,47.38914208226077,3.11406774861005,19811.775458133612,32.91762660757993,19954.967133876584
34,19666.13140541548,47.04816125697483,3.199290254894902,19669.330695670375,33.124572211897075,19813.422584792126
35,19525.85273545627,46.712566352766196,3.2891174914258925,19529.141852947694,33.328544637172804,19674.121022119394
36,19387.631027258536,46.381892409709415,3.3838726617889514,19391.014899920327,33.52886664612187,19536.86546983096
37,19251.289347348433,46.0557161419819,3.4838715059984864,19254.773218854432,33.72494133537714,19401.476713663324
38,19116.681144445276,45.73368694843367,3.589421466573992,19120.27056591185,33.916261822352126,19267.806304839083
39,18983.697628854774,45.41554456663822,3.700821111138757,18987.398449965913,34.102418356169046,19135.74396981525
40,18852.26962195959,45.101123497510976,3.8183598379154393,18856.087981797504,34.28310275803135,19005.21947879494
41,18722.364553453586,44.790345821659294,3.9423178880001726,18726.306871341585,34.45811013796581,18876.199650441737
42,18593.9797508324,44.48320514553206,4.072966681593696,18598.052717513994,34.627337901718846,18748.68163738647
43,18467.133425076543,44.17974503606828,4.210569486046012,18471.34399456259,34.7907821567309,18622.68389694437
44,18341.854797906457,43.88003540169009,4.355382413497086,18346.210180319955,34.948531734319516,18498.236293364243
45,18218.174666535593,43.58414991994161,4.507655736360631,18222.682322271954,35.10076014566277,18375.370628905588
46,18096.117414549815,43.292146924760324,4.667635500299909,18100.785050050115,35.24771586521816,18254.112614063815
47,17975.69511686297,43.00405530349993,4.8355654064873,17980.53068226946,35.38971137835249,18134.47592676529
48,17856.9040153873,42.71986606551985,5.011688927542841,17861.91570431484,35.527111439543944,18016.458639076856
49,17739.72331164877,42.43952945370519,5.196251614589005,17744.91956326336,35.66032096831666,17900.041959475537
50,17624.115967805934,42.162956860779744,5.389503546625177,17629.50547135256,35.78977296956138,17785.190983770153
51,17510.031044800533,41.89002642296778,5.591701868371832,17515.622746668905,35.9159168111242,17671.856984797294
52,17397.407035490516,41.62059099399645,5.803113359303007,17403.21014884982,36.03920713171796,17559.98069987279
53,17286.175658930355,41.354487222321424,6.0240169750754795,17292.19967590543,36.16009359199852,17449.496083030623
54,17176.26564936184,41.09154461569818,6.2547063030776595,17182.520355664918,36.2790116249752,17340.334056233558
55,17067.606177290745,40.83159372557594,6.4954918762819265,17074.101669167027,36.396374291102234,17232.42589733332
56,16960.129658846716,40.57447286805434,6.7467032937748765,16966.87636214049,36.51256529944061,17125.70602119306
57,16853.77382590786,40.320033076334596,7.0086911019613645,16860.782517009822,36.627933219315935,17020.114026513846
58,16748.48303071003,40.068141221794335,7.281828397155811,16755.76485910719,36.742786876555584,16915.595982020204
59,16644.20883754558,39.81868142953488,7.566512117753107,16651.77534966333,36.85739190412062,16812.105004446254
60,16540.910008008344,39.571555043082164,7.863164002100774,16548.773172010446,36.97196839822699,16709.601234542733
61,16438.552015970094,39.32667946404329,8.172231196300459,16446.724247166396,37.08668961744401,16608.051347002278
62,16337.106237427146,39.08398621394054,8.494186504220583,16345.600423931366,37.201681653381364,16507.427739123574
63,16236.548953242607,38.84341854842729,8.829528279820712,16245.378481522428,37.31702399699142,16407.70753590934
64,16136.860284749024,38.60492891088283,9.17877996933219,16146.039064718356,37.432750923593886,16308.87153123599
65,16038.023157995345,38.36847645453432,9.542489317808059,16047.565647313153,37.5488536215834,16210.90316056704
66,15940.022366237941,38.1340247996123,9.921227260975634,15949.943593498916,37.665282993229646,16113.787574519465
67,15842.843775162226,37.901540131967046,10.315586529140003,15853.159361691365,37.781953059648686,16017.510857500836
68,15746.473693361544,37.670989697037186,10.726179995041122,15757.199873356585,37.89874490449292,15922.05941369113
69,15650.898412883089,37.44234070067725,11.153638801993981,15662.052051685083,38.01551109092101,15827.419524930589
70,15556.103911456044,37.21555959678479,11.598610312253362,15567.702521768299,38.13208048308789,15733.577071869731
71,15462.075699107247,36.99061172035226,12.061755918231682,15474.137455025479,38.248263396412,15640.51740079987
72,15368.798786608373,36.767461211981754,12.543748760832433,15381.342535369206,38.36385699055648,15548.225313278126
73,15276.257750848408,36.54607117427849,13.045271399610407,15289.30302224802,38.47865080638727,15456.685153255803
74,15184.436872012293,36.326404000029406,13.56701347861537,15198.003885490909,38.592432334691686,15365.880966146819
75,15093.320318737631,36.1084218151618,14.1096694295367,15107.429988167169,38.704992492082674,15275.796705507728
76,15002.892359669433,35.892086984855105,14.673936250119102,15017.566295919552,38.816130870329076,15186.416465205484
77,14913.137582678326,35.67736263798643,15.260511390815136,14928.398094069142,38.92566062124101,15097.72471777154
78,14824.041106155946,35.46421317262188,15.870090776414752,14839.91119693236,39.03341284167743,15009.706542793658
79,14735.588770097653,35.25260471315228,16.503366982167847,14752.09213707982,39.13924033307048,14922.347832528678
80,14647.767297963757,35.04250549752095,17.16102757599217,14664.92832553975,39.2430206271503,14835.635465267853
81,14560.564423493215,34.83388618060578,17.84375363009595,14578.40817712331,39.344658193592736,14749.557440265438
82,14473.968979624216,34.62672004694789,18.55221839713924,14492.521198021355,39.444085774688034,14664.102971141248
83,14387.970949367556,34.42098313245827,19.287086138314503,14407.25803550587,39.541264824908296,14579.262537494222
84,14302.561480805296,34.21665426029975,20.04901108382944,14322.610491889125,39.63618506722335,14495.027896931546
85,14217.732870269385,34.01371500064446,20.838636500558767,14238.571506769944,39.728863210941434,14411.392061737539
86,14133.478519154667,33.81214956735566,21.656593837361076,14155.135112992028,39.819340905713666,14328.349245931882
87,14049.792870684792,33.61194466671003,22.503501915910704,14072.296372600704,39.90768203151993,14245.894789437816
88,13966.671333314327,33.413089314149104,23.37996613395497,13990.051299448281,39.99396944384371,14164.025066529002
89,13884.110197291477,33.215574634668606,24.286577648664107,13908.39677494014,40.07830130628696,14082.737385622488
90,13802.106550340774,33.01939366110233,25.223912510094127,13827.330462850869,40.16078714953411,14002.029886951343
91,13720.658197490458,32.82454114232167,26.192530718556533,13746.850728209014,40.241543796234396,13921.901443722634
92,13639.763588885984,32.63101337054063,27.192975184647878,13666.956564070631,40.32069128674027,13842.351571167952
93,13559.421758119925,32.43880803377972,28.22577057655893,13587.647528696483,40.398348931612254,13763.380346548996
94,13479.63227227105,32.247924096342224,29.291422045757965,13508.923694316809,40.474631604347756,13684.98834179572
95,13400.39519358577,32.058361707142986,30.390413828915726,13430.785607414686,40.54964637286573,13607.17656913665
96,13321.711051671164,31.8701221331846,31.52320773071508,13353.23425940188,40.62348955173842,13529.946438951942
97,13243.58082422565,31.683207713458494,32.69024149868411,13276.271065724333,40.69624423973471,13453.29972816718
98,13166.005923796823,31.497621827265128,33.891927107161145,13199.897850903984,40.76797838950414,13377.238556898328
99,13088.98818780249,31.313368870340884,35.128648972726346,13124.116836775216,40.83874343862359,13301.765370733228
100,13012.529869089707,31.130454232272026,36.4007621277428,13048.93063121745,40.90857351406853,13226.88292600365
101,12936.633624579856,30.9488842693298,37.70859038190074,12974.342214961756,40.97748520569888,13152.594275606547
102,12861.302500023374,30.7686662679985,39.0524245037539,12900.354924527128,41.04547788876539,13078.902753343258
103,12786.539909467352,30.58980839585491,40.43252045511903,12826.97242992247,41.1125345609469,13005.81195526259
104,12712.349608703336,30.41231963804626,41.84909771085919,12754.198706414196,41.17862314624667,12933.32571710037
105,12638.735662581043,30.236209719093402,43.30233769501609,12682.03800027606,41.243698206463606,12861.448087474177
106,12565.702406677927,30.061489011191213,44.792382361567874,12610.494789039494,41.30770299119583,12790.183297051197
107,12493.254404276431,29.88816843128333,46.319332944384485,12539.573737220815,41.370571749711694,12719.535724332061
108,12421.396399970818,29.716259330073726,47.883248896394605,12469.279648867212,41.43223222279825,12649.509859036385
109,12350.133271446033,29.545773376665153,49.48414703276068,12399.617418478794,41.4926082300759,12580.110264279625
110,12279.469981060098,29.376722442727505,51.12200088719338,12330.591981947291,41.55162226839467,12511.341538814808
111,12209.411528831693,29.209118490027976,52.79674028463365,12262.208269116327,41.609198039870435,12443.208280589763
112,12139.962908288562,29.042973464805172,54.50825112757592,12194.471159416138,41.66526283386971,12375.715052743471
113,12071.129066394253,28.878299201900127,56.256375387450134,12127.385441781702,41.71974969571103,12308.866352958044
114,12002.914868458134,28.715107340808935,58.0409112868335,12060.955779744967,41.77259932581108,12242.666586812245
115,11935.325068553006,28.553409254911497,59.86161365292066,11995.186682205926,41.823761666104886,12177.120045453481
116,11868.364285575388,28.393215994199494,61.71819441774427,11930.082479993132,41.87319714526207,12112.230887575022
117,11802.036984653598,28.23453824079808,63.61032323627712,11865.647307889874,41.92087756973092,12048.003125318204
118,11736.347463249635,28.07738627571683,65.53762819002687,11801.88509143966,41.96678666297779,11984.440613423614
119,11671.299840982094,27.92176995450262,67.499696541449,11738.799537523542,42.01092026930062,11921.547040695
120,11606.89805200844,27.767698689015408,69.49607550394671,11676.394127512387,42.05328625010693,11859.325922700353
121,11543.145838743352,27.615181432400362,71.52627299392611,11614.672111737278,42.093904108541665,11797.780594609434
122,11480.0467457918,27.464226664573683,73.58975833577331,11553.636504127573,42.13280438218324,11736.91420319007
123,11417.604113224892,27.314842376136106,75.68596289792791,11493.29007612282,42.17002784310799,11676.729697240338
124,11355.821068679197,27.167036049471765,77.81428064830267,11433.6353493275,42.20562454051612,11617.229816078745
125,11294.700518188045,27.020814636813505,79.97406862955951,11374.674586817604,42.23965271449892,11558.417076125674
126,11234.245136067815,26.876184536047404,82.16464736819506,11316.409783436011,42.27217760203941,11500.293756004883
127,11174.457354514943,26.733151565825224,84.38530124468215,11258.842655759625,42.30327014977286,11442.861880911138
128,11115.33935378691,26.591720942073948,86.63527886357883,11201.97463265049,42.33300564401883,11386.123207201972
129,11056.893053880087,26.451897258086333,88.91379347114213,11145.806847351228,42.36146226827983,11330.079208218245
130,10999.120108493917,26.31368447008114,91.22002347244825,11090.340131966364,42.388719602222345,11274.731062236031
131,10942.021901786778,26.177085889442054,93.55311309967479,11035.575014886454,42.41485708374551,11220.079643200746
132,10885.599548055381,26.042104181950673,95.91217327798773,10981.511721333369,42.439952465951244,11166.125514560257
133,10829.853894053032,25.908741373332614,98.29628272597675,10928.150176779009,42.46408031189943,11112.86892613577
134,10774.785523285133,25.77699885953381,100.70448931494977,10875.490012600083,42.48731057985224,11060.30981362244
135,10720.394761353944,25.646877419507042,103.13581169720493,10823.530573051148,42.50970735817506,11008.44780005921
136,10666.681681311808,25.51837722801868,105.58924119937821,10772.270922511187,42.53132781041841,10957.282198486506
137,10613.64610804588,25.39149786613847,108.0637439647144,10721.709852010594,42.55222138631869,10906.81201504108
138,10561.28762092995,25.26623832758361,110.55826331878774,10671.845884248738,42.57242934341643,10857.0359518926
139,10509.60555430197,25.142597019861174,113.07172232732822,10622.677276629298,42.59198460759269,10807.952409672325
140,10458.598995683766,25.02057176000901,115.60302651222247,10574.202022195988,42.610911980824966,10759.559489312576
141,10408.266781988168,24.900159765521934,118.15106669170143,10526.41784867987,42.62922868317074,10711.854993451663
142,10358.607494206644,24.78135764164269,120.71472191211654,10479.32221611876,42.646945195849916,10664.836427720707
143,10309.619451216678,24.664161366547077,123.29286244040796,10432.912313657087,42.66406635549184,10618.501002303476
144,10261.300703367822,24.548566275999576,125.88435278745291,10387.185056155275,42.6805926377134,10572.845634129328
145,10213.649026455163,24.434567048935797,128.48805473238454,10342.137081187548,42.69652156200053,10527.86694998225
146,10166.661916551155,24.322157695098458,131.10283031650968,10297.764746867664,42.71184914936735,10483.561290667412
147,10120.336585995761,24.211331545444406,133.72754477277755,10254.064130768538,42.72657136874828,10439.924716222593
148,10074.669960653391,24.102081245582276,136.36106935324608,10211.031030006638,42.740685516295,10396.953012002521
149,10029.658678351163,23.994398752036275,139.00228401317145,10168.660962364334,42.75419148215525,10354.64169531171
150,9985.299088235017,23.88827533070578,141.65007990680368,10126.94916814182,42.76709287029411,10312.9860221276
151,9941.587250622302,23.783701556512685,144.3033616473534,10085.890612269655,42.7793979470497,10271.98099333932
152,9898.51893683382,23.680667312999567,146.96104928258177,10045.479986116401,42.79112040233847,10231.621359866573
153,9856.089628437425,23.579161790520153,149.62207993877965,10005.711708376204,42.80227991322306,10191.901625998724
154,9814.294515364976,23.479173481734392,152.28540909024235,9966.579924455218,42.81290250299975,10152.816050343266
155,9773.128492485002,23.380690173409096,154.95001141933642,9928.078503904339,42.823020690657216,10114.358643908698
156,9732.58615440297,23.2836989339784,157.6148812443423,9890.201035647313,42.83267342645854,10076.523165052407
157,9692.661788548792,23.188186097006678,160.27903250859737,9852.94082105739,42.841905810524494,10039.30311133317
158,9653.34936694244,23.094137241489094,162.9414983448309,9816.290865287272,42.85076859342224,10002.691708668659
159,9614.64253741652,23.001537170852917,165.60133025228458,9780.243867668803,42.85931746116974,9966.68189862489
160,9576.53461545476,22.910369893432442,168.2575969500354,9744.792212404796,42.86761211144572,9931.266325089586
161,9539.018578164594,22.82061860804927,170.90938299618145,9709.927961160776,42.87571513238127,9896.437321986636
162,9502.087062163084,22.732265698954745,173.55578728701227,9675.642849450096,42.883690699212835,9862.186903991671
163,9465.732367287892,22.645292744707877,176.1959215703952,9641.928288858287,42.89160310673895,9828.506762372603
164,9429.94646795441,22.55968054534548,178.82890912051917,9608.77537707493,42.899515157133486,9795.38826800846
165,9394.721033633243,22.475409171371393,181.45388372398102,9576.174917357224,42.90748642433432,9762.822483303078
166,9360.047459259404,22.39245803650575,184.06998911751285,9544.117448376917,42.915571419730526,9730.800184052745
167,9325.916905440059,22.31080599387574,186.67637899403985,9512.593284434099,42.92381769093235,9699.311891389654
168,9292.3203472186,22.230431452676076,189.2722176568106,9481.592564875411,42.93226389656898,9668.347912825486
169,9259.248629082198,22.151312509766026,191.8566813544271,9451.105310436626,42.940937913629845,9637.898390360915
170,9226.692523177724,22.073427088941923,194.4289602791575,9421.121483456882,42.949855045564085,9607.953352905086
171,9194.642787579978,21.996753080334877,196.98826116547792,9391.631048745456,42.95901640334596,9578.50277010001
172,9163.090222080347,21.921268473876427,199.53381039365814,9362.624032474005,42.96840752327492,9549.53660520025
173,9132.0257201185,21.84695148353708,202.0648574890242,9334.090577607523,42.977997264331734,9521.044865707367
174,9101.440316778237,21.77378066214889,204.5806789094742,9306.020995687712,42.98773700167851,9493.017651645014
175,9071.325233524098,21.701735008430855,207.08058202299367,9278.405815547092,42.99756011541213,9465.445202049135
176,9041.671920153452,21.630794067352756,209.5639091803659,9251.235829333818,43.0073817809123,9438.317940080788
177,9012.472093116807,21.560938021810543,212.03004177494503,9224.502134891753,43.01709910852864,9411.626516013852
178,8983.717767415292,21.492147768936103,214.47840414853363,9198.196171563824,43.02659175057693,9385.361845678834
179,8955.40127755669,21.424404970231315,216.90846715902723,9172.309744715718,43.03572316922957,9359.515140501866
180,8927.515282467337,21.35769206331899,219.31975118987685,9146.835033657213,43.04434280384187,9334.077924853926
181,8900.052750336896,21.291992225686354,221.71182837357952,9121.764578710476,43.052289355639495,9309.042037407507
182,8873.00692198073,21.22728928703524,224.0843238334179,9097.091245814148,43.05939530411439,9284.399615387047
183,8846.371254634507,21.163567594819394,226.43691581746467,9072.808170451972,43.06549259371481,9260.143063234631
184,8820.139351150392,21.100811844857397,228.76933469082886,9048.908685841221,43.070419219141655,9236.265009444487
185,8794.304881483342,21.03900689350082,231.08136084424268,9025.386242327584,43.07402624442322,9212.758256490824
186,8768.861503845572,20.978137569008545,233.37282165052693,9002.234325496098,43.07618466263256,9189.61572877855
187,8743.802792201825,20.91818849809049,235.64358764645368,8979.446379848278,43.07679146899174,9166.830422738392
188,8719.122175404147,20.859143960297004,237.8935681387838,8957.01574354293,43.075774385594066,9144.395362120264
189,8694.81289183631,20.800987779512706,240.1227064405109,8934.935598276821,43.073094825607484,9122.303560768214
190,8670.867962331533,20.743703259166345,242.3309749492662,8913.198937280798,43.06874889009276,9100.547994952702
191,8647.28018345665,20.687273166164236,244.51837029327402,8891.798553749924,43.06276641804212,9079.121587668407
192,8624.042142840342,20.631679767560627,246.6849087921617,8870.727051632504,43.055208327177965,9058.017207855728
193,8601.14625766018,20.57690492263201,248.83062250162467,8849.976880161805,43.04616266002881,9037.22768773293
194,8578.58483620735,20.522930230161126,250.95555611485526,8829.540392322206,43.03573986162827,9016.745860720288
195,8556.350160252228,20.4697372254838,253.05976495712605,8809.409925209355,43.02406784223491,8996.564620323077
196,8534.434582704176,20.417307614124823,255.14331421306872,8789.577896917244,43.011287310444686,8976.676996717679
197,8512.830631429333,20.36562352016587,257.2062793628805,8770.036910792214,42.9975477045445,8957.076243306983
198,8491.531107212279,20.314667720603538,259.24874759256215,8750.779854804841,42.983003831089455,8937.75592147008
199,8470.529163212706,20.264423835437096,261.2708197315274,8731.799982944234,42.96781309122571,8918.709969891066
200,8449.81835582009,20.21487644933036,263.27261212390295,8713.090967943994,42.95213300200719,8899.932746502725
201,8429.392662321368,20.166011153878873,265.2542578160762,8694.646920137444,42.93611865730054,8881.419036296702
202,8409.246467659399,20.117814515931578,267.2159065652253,8676.462374224624,42.91991984195363,8863.164025537122
203,8389.374528463191,20.070273991538734,269.1577234130009,8658.532251876193,42.90367768794323,8845.163249818746
204,8369.771925563298,20.02337781235239,271.07988585493143,8640.85181141823,42.88752097912557,8827.412527677427
205,8350.434015789247,19.977114870309205,272.98257988784366,8623.41659567709,42.871562398938195,8809.907892112471
206,8331.35639074644,19.931474619010622,274.8659953744716,8606.222386120911,42.85589511925509,8792.64552988967
207,8312.534846063822,19.886447000152682,276.73032120586976,8589.265167269692,42.84059013027188,8775.621734336375
208,8293.965360773753,19.84202239419558,278.5757406849092,8572.541101458663,42.8256946259382,8758.832873081494
209,8275.64408398411,19.798191588478733,280.40242743643705,8556.046511420547,42.81123162184306,8742.275368975565
210,8257.567325027892,19.754945753655246,282.2105420137637,8539.777867041656,42.79720083107014,8725.94569065681
211,8239.73154358608,19.71227642006239,284.0002292502717,8523.731772836352,42.783580689197095,8709.84034883436
212,8222.133337357813,19.670175448224434,285.7716163181242,8507.904953675938,42.770331320682914,8693.955894920908
213,8204.769426190674,19.62863499088678,287.52481140859663,8492.294237599272,42.757398181566415,8678.288919689085
214,8187.636632809831,19.587647446913472,289.25990293564547,8476.896535745476,42.74471609476614,8662.836050757709
215,8170.731861157339,19.547205409467317,290.9769591756461,8461.708820332986,42.73221340613216,8647.59394864966
216,8154.052073816805,19.507301612001925,292.6760282800015,8446.728102096808,42.71981602172778,8632.559301791323
217,8137.59427008555,19.46792887580275,294.35713862331914,8431.95140870887,42.707451130241274,8617.72882112542
218,8121.355466068246,19.429080062364225,296.0202994709076,8417.375765539153,42.695050461605376,8603.099235047137
219,8105.332677818709,19.39074803305911,297.6655019618174,8402.998179780527,42.68255297894477,8588.667285238937
220,8089.522908161696,19.352925617611714,299.2927204068314,8388.815628568527,42.66990694317496,8574.429723771338
221,8073.923137448093,19.315605591981086,300.90191389611573,8374.825051344209,42.65707132681737,8560.383311615864
222,8058.53031817916,19.27878066550038,302.4930282011238,8361.023346380283,42.64401658566764,8546.524818527938
223,8043.341373215175,19.242443476591326,304.0659979425395,8347.407371157715,42.63072482402436,8532.851024142221
224,8028.35319711619,19.206586595971746,305.6207489829868,8333.973946099177,42.617189411462036,8519.358720039038
225,8013.562660087902,19.17120253609546,307.15720099178435,8320.719861079686,42.60341412671164,8506.044712530882
226,7998.966613963045,19.13628376546183,308.67527012038965,8307.641884083436,42.58941191708708,8492.905825922764
227,7984.561899651491,19.101822726438975,310.1748717219955,8294.736771373487,42.575203370018485,8479.938906033069
228,7970.345355522454,19.067811855316876,311.65592304712624,8282.00127856958,42.56081499663749,8467.140823804953
229,7956.313826218538,19.034243603393634,313.11834584885213,8269.43217206739,42.546277426154084,8454.508478871161
230,7942.4641714649515,19.001110458050125,314.56206883596155,8257.026240300913,42.53162360430126,8442.038802979623
231,7928.793274490708,18.968404962896432,315.98702991956145,8244.78030441027,42.516887079921595,8429.728763207928
232,7915.298049751935,18.93611973624865,317.39317820751586,8232.69122795945,42.502100451512796,8417.575364923532
233,7901.975449715993,18.904247487358834,318.78047571129406,8220.755925427287,42.487294031040726,8405.575654462315
234,7888.822470533339,18.872781029984065,320.1488987406084,8208.971369273948,42.472494766433385,8393.726721507934
235,7875.836156500273,18.841713293062856,321.4984389721734,8197.334595472446,42.45772544776069,8382.025701170205
236,7863.013603281283,18.811037328424124,322.8291041895522,8185.842707470835,42.443004206010535,8370.469775766982
237,7850.351959919481,18.780746315596843,324.1409187009887,8174.492878620469,42.42834429833384,8359.056176318221
238,7837.848429727335,18.750833563940994,325.4339234510346,8163.28235317837,42.4137541602745,8347.782183775564
239,7825.500270184351,18.721292512402755,326.70817584942057,8152.208446033772,42.39923769431823,8336.645130004055
240,7813.304792016996,18.692116727313387,327.9637493468095,8141.2685413638055,42.38479475542983,8325.642398549926
241,7801.259357644058,18.663299898669994,329.20073279169924,8130.460090435757,42.37042178830349,8314.771425214876
242,7789.361379195925,18.63483583539695,330.4192296057755,8119.7806088017005,42.35611256788105,8304.029698471983
243,7777.608316302582,18.606718460054026,331.6193568164684,8109.22767311905,42.34185899422234,8293.414759743917
244,7765.997673840234,18.578941803445534,332.8012439854419,8098.798917825676,42.327651894842944,8282.924203568242
245,7754.526999800122,18.551499999521823,333.96503207036017,8088.492031870483,42.31348179186503,8272.555677665096
246,7743.193883418068,18.52438728090447,335.11087225473574,8078.304755672804,42.29933959736981,8262.306882921363
247,7731.995953663192,18.497597975270796,336.2389247771642,8068.234878440357,42.28521720774256,8252.175573294036
248,7720.930878152187,18.471126502756427,337.3493577870438,8058.280235939231,42.271107976074866,8242.159555635157
249,7709.99636251608,18.44496737444038,338.44234624919306,8048.438708765273,42.25700705032865,8232.256689434204
250,7699.190150210112,18.41911519189022,339.51807091486137,8038.7082211249735,42.24291157348512,8222.464886469634
251,7688.5100227290095,18.393564647677056,340.5767173717049,8029.086740100714,42.2288207498478,8212.782110362552
252,7677.9538001573765,18.368310526692287,341.6184751805587,8019.572275337935,42.21473578865637,8203.20637601859
253,7667.519341976061,18.3433477080767,342.6435371024569,8010.162879078518,42.20065974188958,8193.735748955738
254,7657.204548017613,18.318671167506253,343.6520984154649,8000.856646433078,42.18659725737953,8184.368344502679
255,7647.00735947478,18.294275979604738,344.6443563175779,7991.651715792358,42.17255427101304,8175.102326871265
256,7636.92575985342,18.270157320223493,345.6205094092845,7982.546269262704,42.158537662847834,8165.935908096092
257,7626.957775779188,18.246310468371263,346.58075724739194,7973.53853302658,42.14455490150185,8156.867346848113
258,7617.1014775764415,18.22273080759914,347.52529996036975,7964.6267775368115,42.13061369934671,8147.89494712897
259,7607.354979552551,18.199413826680743,348.45433791474863,7955.8093174673,42.11672169807903,8139.017056853944
260,7597.716439949604,18.176355119496662,349.3680714219485,7947.084511371552,42.102886200428166,8130.232066343415
261,7588.184060539001,18.153550384064594,350.2667004752408,7938.450761014242,42.08911395938671,8121.538406737574
262,7578.75608585945,18.13099542071639,351.150424507283,7929.906510366733,42.075411031724244,8112.934548354733
263,7569.430802121812,18.10868612947802,352.0194421597219,7921.450244281534,42.06178269795798,8104.418999017651
264,7560.206535818694,18.086618506743285,352.87395105764745,7913.080486876341,42.04823344666953,8095.990302369353
265,7551.081652091687,18.064788641367674,353.7141475831161,7904.795799674803,42.03476701729686,8087.647036200044
266,7542.054552925469,18.043192710348013,354.5402266434776,7896.594779568946,42.021386492467414,8079.387810811179
267,7533.123675235243,18.021826974246995,355.3523814317549,7888.476056666998,42.008094428687684,8071.21126743179
268,7524.2874889263385,18.00068777255105,356.15080317779314,7880.4382921041315,41.99489301282682,8063.116076709928
269,7515.544494992635,17.979771519121137,356.9356808902626,7872.480175882898,41.98178423132962,8055.100937289182
270,7506.8932237260815,17.959074697909287,357.70720109083015,7864.600424816912,41.9687700394211,8047.164574488394
271,7498.332233086359,17.938593859058276,358.4655475428791,7856.797780629238,41.95585251862964,8039.305739085277
272,7489.860107284398,17.918325615512913,359.2109009780369,7849.071008262435,41.943034012630854,8031.523206217379
273,7481.475455604936,17.898266640203197,359.94343882445196,7841.418894429387,41.93031723355164,8023.815774395337
274,7473.1769114915005,17.878413663855266,360.6633349412448,7833.8402464327455,41.917705333304625,8016.182264632621
275,7464.963131896682,17.85876347343704,361.37075936383576,7826.333891260518,41.905201937081834,8008.621519686823
276,7456.832796886785,17.839312911212406,362.0658780649407,7818.898674951726,41.892811138659,8001.132403404893
277,7448.784609483962,17.820058874363546,362.74885273593,7811.5334622198925,41.8805374595036,7993.7138001687335
278,7440.817295714587,17.800998315106668,363.4198405929834,7804.237136307571,41.868385775715424,7986.364614431933
279,7432.929604821938,17.78212824120081,364.0789942120664,7797.008599034004,41.85636121846559,7979.0837703343295
280,7425.120309607644,17.7634457167647,364.72646139621475,7789.8467710038585,41.84446905477223,7971.870211392118
281,7417.388206849042,17.744947863275222,365.3623850779823,7782.750591927024,41.832714556130455,7964.722900246192
282,7409.732117751073,17.7266318606485,365.9869032591878,7775.719021010261,41.82110286269946,7957.640818463004
283,7402.15088838827,17.708494948297297,366.6001489893364,7768.751037377606,41.80963885047272,7950.622966377162
284,7394.643390098735,17.69053442607353,367.2022503833007,7761.845640482035,41.798327008170446,7943.668362967577
285,7387.208519795167,17.672747655012362,367.7933306780567,7755.001850473224,41.787171329573724,7936.77604575687
286,7379.845200168787,17.655132057820065,368.3735083274996,7748.218708496287,41.776175225751096,7929.945070728304
287,7372.552379768818,17.63768511906416,368.94289713364907,7741.495276902468,41.765341460207566,7923.174512254371
288,7365.329032943886,17.62040438503322,369.5016064118798,7734.830639355766,41.75467210850681,7916.463463027771
289,7358.174159646892,17.603287463270075,370.0497411872426,7728.223900834135,41.744168542470554,7909.811033993882
290,7351.086785106749,17.58633202178648,370.5874024184339,7721.674187525183,41.733831437725186,7903.216354279288
291,7344.065959376472,17.56953578798199,371.11468724558046,7715.180646622052,41.7236608022133,7896.67857111168
292,7337.110756777967,17.55289654731571,371.6316892577069,7708.742446035674,41.71365602236589,7890.196849732966
293,7330.2202752590465,17.536412141768054,372.13849877555964,7702.3587740346065,41.703815922976034,7883.770373299552
294,7323.393635688534,17.520080468154386,372.6352031453706,7696.028838833905,41.694138836440274,7877.39834277242
295,7316.6299811100025,17.50389947633972,373.1218870391468,7689.751868149149,41.68462267693804,7871.07997679383
296,7309.928475979394,17.487867167414816,373.5986327571685,7683.527108736562,41.675265015285795,7864.814511553055
297,7303.288305405818,17.47198159187995,374.0655205285509,7677.3538259343695,41.66606315059708,7858.601200639467
298,7296.708674415917,17.45624084788497,374.52262880597544,7671.231303221893,41.65701417546292,7852.439314885156
299,7290.188807253545,17.440643079553936,374.97003455099605,7665.158841804541,41.648115032086835,7846.328142194119
300,7283.727946732033,17.425186475435485,375.40781350668306,7659.135760238716,41.63936255761408,7840.266987364337
301,7277.325353640245,17.409869267081927,375.83604045475255,7653.161394094998,41.63075351772906,7834.25517189712
302,7270.980306211483,17.39468972777867,376.2547894547447,7647.2350956662285,41.62228462840976,7828.292033799811
303,7264.692099649974,17.37964617141142,376.66413406323636,7641.35623371321,41.6139525664741,7822.376927377372
304,7258.460045714232,17.364736951469457,377.0641475315052,7635.5241932457375,41.60575397019639,7816.509223016092
305,7252.28347235198,17.349960460172202,377.4549029804856,7629.738375332466,41.59768543177866,7810.688306960703
306,7246.1617233734605,17.335315127687704,377.83647355226344,7623.998196925724,41.58974348381811,7804.913581080333
307,7240.094158159433,17.32079942143405,378.20893253775495,7618.303090697188,41.58192458210527,7799.184462629346
308,7234.080151388934,17.30641184542807,378.57235348057367,7612.6525048695075,41.57422508712345,7793.500383998495
309,7228.119092778761,17.292150939662108,378.9268102574318,7607.045903036193,41.5666412465075,7787.8607924585
310,7222.210386824894,17.27801527948539,379.2723771357315,7601.482763960626,41.55916918047866,7782.2651498957075
311,7216.353452537524,17.264003474970153,379.6091288092707,7595.962581346796,41.55180487192716,7776.712932539679
312,7210.547723161912,17.25011417024381,379.93714041323915,7590.4848635751505,41.544544162394764,7771.203630681568
313,7204.792645883342,17.236346042783115,380.25648751987944,7585.049133403221,41.537382754745714,7765.736748386365
314,7199.087681509794,17.22269780265501,380.56724611637276,7579.654927626167,41.530316222838856,7760.3118031955155
315,7193.432304133965,17.20916819170805,380.86949256664946,7574.301796700614,41.52334002805449,7754.9283258226515
316,7187.82600077468,17.195755982714545,381.1633035589395,7568.98930433362,41.51644954211335,7749.585859841813
317,7182.268270999956,17.182459978468795,381.4487560409677,7563.717027040924,41.50964007527302,7744.283961368362
318,7176.758626536756,17.169279010853483,381.7259271447524,7558.484553681508,41.50290690871439,7739.022198734416
319,7171.2965908708575,17.156211939882436,381.99489410300316,7553.291484973861,41.49624532974854,7733.800152158267
320,7165.881698842487,17.143257652733222,382.25573415912265,7548.13743300161,41.4896506683847,7728.617413409083
321,7160.513496241519,17.130415062778752,382.50852447280033,7543.022020714319,41.48311833380128,7723.473585466355
322,7155.191539412182,17.117683108641582,382.7533420231569,7537.944881435338,41.47664384934779,7718.368282180001
323,7149.915394864121,17.105060753263448,382.9902635113382,7532.905658375459,41.470222884861464,7713.301127924607
324,7144.684638900626,17.09254698301585,383.2193652643882,7527.904004165014,41.46385128529678,7708.271757256055
325,7139.498857261431,17.080140806845527,383.4407231421379,7522.939580403569,41.457525094918,7703.279814566463
326,7134.357644785847,17.067841255468533,383.65441244873836,7518.012057234585,41.4512405765795,7698.3249537427055
327,7129.260605093133,17.05564738060558,383.8605078503474,7513.12111294348,41.44499422589474,7693.406837826122
328,7124.207350281913,17.04355825426295,384.05908330033935,7508.266433582252,41.43878278035858,7688.525138676811
329,7119.197500647206,17.031572968055517,384.2502119732611,7503.4477126204665,41.43260322372225,7683.679536643658
330,7114.230684409656,17.019690632558984,384.4339662085952,7498.664650618251,41.426452786115796,7678.869720237854
331,7109.306537460227,17.007910376699108,384.6104174652238,7493.916954925451,41.42032894056054,7674.09538581689
332,7104.424703110531,16.996231347154378,384.7796362873067,7489.204339397837,41.414229396608874,7669.356237273086
333,7099.58483184974,16.984652707774497,384.9416922821025,7484.526524131843,41.40815209189089,7664.651985731568
334,7094.786581104338,16.973173639005594,385.09665411007757,7479.883235214416,41.402095182337845,7659.982349257586
335,7090.029614997239,16.96179333731397,385.24458948744837,7475.274204484687,41.39605703179841,7655.34705257301
336,7085.313604103667,16.950511014602075,385.3855652011196,7470.699169304787,41.390036201670824,7650.745826782055
337,7080.638225202103,16.939325897612687,385.5196471357831,7466.157872337886,41.38403144105378,7646.17840910647
338,7076.0031610214755,16.928237227324104,385.646900312761,7461.650061334237,41.37804167777993,7641.64454263258
339,7071.4080999788985,16.917244258322725,385.767388939994,7457.175488918892,41.37206601055042,7637.143976064786
340,7066.852735915412,16.906346258170842,385.8811764724037,7452.7339123878155,41.366103702245354,7632.676463492583
341,7062.336767821986,16.895542506751163,385.9883256816969,7448.325093503682,41.36015417435463,7628.241764162125
342,7057.859899566334,16.88483229561324,386.0888987345328,7443.948798300867,41.35421700236128,7623.839642261139
343,7053.421839613413,16.874214927304816,386.1829572778344,7439.604796891247,41.348291911823765,7619.469866707681
344,7049.022300750001,16.86368971471292,386.27056252991736,7435.2928632799185,41.34237877484524,7615.132210950495
345,7044.660999806561,16.853255980398473,386.35177537600316,7431.012775182565,41.336477606590755,7610.8264527712345
346,7040.3376573880905,16.84291305595237,386.42665646661203,7426.764313854703,41.33058856151422,7606.552374097289
347,7036.051997608145,16.8326602813592,386.49526631727485,7422.54726392542,41.32471192898568,7602.309760816508
348,7031.803747831872,16.82249700438247,386.5576654079696,7418.361413239842,41.31884812806025,7598.098402596904
349,7027.59263842936,16.812422579974545,386.6139142806868,7414.206552710047,41.31299770119789,7593.918092710257
350,7023.41840253956,16.802436369711867,386.6640736335414,7410.082476173101,41.30716130682314,7589.768627857781
351,7019.280775845539,16.79253774125727,386.70820440989786,7405.988980255437,41.30133971069769,7585.649807996972
352,7015.179496362531,16.782726067852945,386.7463678810451,7401.925864243576,41.2955337761628,7581.5614361698845
353,7011.114304238794,16.773000727844003,386.77862572104885,7397.892929959843,41.289744453384245,7577.503318332065
354,7007.084941567402,16.763361104228235,386.8050400725346,7393.889981639936,41.283972767798595,7573.47526317986
355,7003.091152211498,16.753806584238035,386.8256736022914,7389.91682581379,41.27821980800901,7569.477081978629
356,6999.132681640125,16.74433655894767,386.8405895457497,7385.973271185875,41.27248671341205,7565.508588389217
357,6995.209276772907,16.734950422901694,386.84985173956676,7382.059128512474,41.266774661851116,7561.569598291526
358,6991.320685839786,16.725647573779394,386.85352464174343,7378.174210481529,41.26108485758847,7557.659929612039
359,6987.466658243088,16.716427412064803,386.85167333890536,7374.318331581993,41.25541851986695,7553.779402143415
360,6983.646944434215,16.70728934075171,386.844363540588,7370.491307974803,41.24977687229784,7549.927837369299
361,6979.861295795609,16.698232765061267,386.8316615605819,7366.692957356191,41.24416113326478,7546.1050582858925
362,6976.109464531676,16.689257092181045,386.8136342856063,7362.923098817282,41.23857250747992,7542.31088922482
363,6972.391203568075,16.680361731024103,386.79034913178447,7359.18155269986,41.23301217877074,7538.545155677512
364,6968.706266457838,16.671546092004398,386.76187398959235,7355.46814044743,41.2274813041182,7534.807684120345
365,6965.054407297716,16.66280958683664,386.7282771581298,7351.782684455846,41.22198100891293,7531.098301844617
366,6961.435380652309,16.654151628354807,386.6896272697322,7348.125007922041,41.21651238334813,7527.416836789605
367,6957.848941486232,16.64557163034984,386.6459932060759,7344.494934692309,41.21107647982936,7523.763117379566
368,6954.294845108237,16.637069007435972,386.5974440070523,7340.892289115289,41.20567431125275,7520.136972369239
369,6950.77284712311,16.62864317493567,386.54404877377533,7337.316895896885,41.20030684998632,7516.538230694326
370,6947.282703394272,16.620293548790126,386.48587656714585,7333.768579961418,41.19497502738298,7512.966721330534
371,6943.824170018364,16.61201954549848,386.4229963034368,7330.247166321801,41.18967973365898,7509.422273163218
372,6940.3970033080905,16.60382058207677,386.35547664835997,7326.752479956451,41.18442181798518,7505.904714864686
373,6937.0009597856,16.595696076042106,386.28338591106,7323.284345696659,41.17920208866055,7502.413874782333
374,6933.6357961876765,16.587645445425064,386.20679193942493,7319.842588127101,41.17402131326401,7498.9495808398
375,6930.301269478037,16.579668108799133,386.12576201803347,7316.42703149607,41.168880218710775,7495.511660447462
376,6926.997136869123,16.57176348533283,386.0403627699593,7313.037499639082,41.163779491170686,7492.0999404256745
377,6923.723155852216,16.56393099486176,385.95066006354114,7309.673815915758,41.15871977583504,7488.71424694064
378,6920.479084232988,16.556170057973656,385.8567189250949,7306.335803158083,41.153701676545595,7485.354405451056
379,6917.264680173261,16.54848009610828,385.7586034584025,7303.023283631664,41.14872575532111,7482.020240667311
380,6914.07970223702,16.540860531667512,385.6563767716611,7299.7360790086805,41.14379253183317,7478.711576522155
381,6910.923909441114,16.533310788136635,385.55010091242264,7296.474010353537,41.1389024828934,7475.428236154123
382,6907.797061304412,16.52583029020194,385.439836810896,7293.236898115308,41.134056042018145,7472.170041898086
383,6904.698917901473,16.518418463879122,385.3256442318292,7290.0245621333015,41.1292535991346,7468.936815289537
384,6901.629239915672,16.511074736640364,385.2075817350433,7286.836821650715,41.12449550048575,7465.728377077829
385,6898.587788690351,16.503798537536724,385.0857066445446,7283.673495334895,41.11978204877929,7462.544547247085
386,6895.574326278834,16.496589297317783,384.9600750260147,7280.534401304849,41.11511350361233,7459.385145045562
387,6892.588615494493,16.48944644855142,384.8307416723554,7277.419357166848,41.11049008218687,7456.249989024362
388,6889.630419955987,16.482369425732028,384.69776009686245,7274.328180052849,41.10591196031487,7453.138897080219
389,6886.699504132223,16.475357665388096,384.56118253351167,7271.260686665735,41.10137927369573,7450.051686506312
390,6883.795633384282,16.468410606182495,384.42105994376107,7268.216693328043,41.09689211943529,7446.988174047587
391,6880.918574004774,16.461527689006637,384.2774420292179,7265.196016033992,41.09245055776403,7443.948175960266
392,6878.0680932570995,16.454708357074402,384.13037724946804,7262.198470506568,41.08805461390404,7440.93150807705
393,6875.2439594102825,16.44795205600546,383.9799128443392,7259.223872254622,41.08370428002968,7437.937985872751
394,6872.445941776282,16.44125823391455,383.82609485985097,7256.272036636133,41.07939951726623,7434.967424536241
395,6869.673810744035,16.43462634149291,383.66896817710153,7253.342778921136,41.075140257672714,7432.019639042012
396,6866.927337814384,16.42805583209183,383.50857654335005,7250.435914357735,41.07092640616057,7429.094444224534
397,6864.20629563619,16.421546161809065,383.3449626045739,7247.551258240764,41.06675784230758,7426.1916548548015
398,6861.510458041492,16.415096789572946,383.1781679388116,7244.688625980303,41.06263442203561,7423.311085716158
399,6858.839600083647,16.408707177233605,383.00823308963686,7241.847833173284,41.05855597913079,7420.452551682503
400,6856.19349807656,16.40237678965684,382.83519759915833,7239.028695675718,41.054522326595304,7417.615867796408
401,6853.571929635969,16.396105094822893,382.65910003999227,7236.2310296759615,41.05053325782966,7414.800849347521
402,6850.974673722565,16.38989156392958,382.4799780457057,7233.454651768271,41.046588547652874,7412.007311950561
403,6848.401510687667,16.383735671501594,382.2978683392967,7230.6993790269635,41.04268795317509,7409.235071623275
404,6845.852222322345,16.377636895508004,382.11280675933256,7227.965029081678,41.03883121454248,7406.483944864938
405,6843.326591907655,16.371594717482427,381.9248282834361,7225.251420191091,41.03501805557714,7403.753748732851
406,6840.8244042683855,16.36560862265164,381.7339670488723,7222.558371317258,41.03124818433571,7401.0443009191185
407,6838.345445830035,16.359678100071854,381.5402563700518,7219.885702200087,41.02752129360982,7398.35541982729
408,6835.88950467638,16.35380264276646,381.3437287528313,7217.233233429211,41.023837061388534,7395.686924646251
409,6833.456370610795,16.347981747872716,381.1444159055527,7214.600786516347,41.02019515129952,7393.0386354245
410,6831.045835219533,16.34221491679314,380.94234874681973,7211.988183966352,41.0165952130405,7390.410373143079
411,6828.657691937474,16.33650165535281,380.7375574100696,7209.3952493475435,41.01303688280787,7387.801959787757
412,6826.291736113466,16.33084147395566,380.5300712450483,7206.821807358514,41.00951978372352,7385.213218417712
413,6823.947765079844,16.325233887750823,380.3199188163502,7204.267683896194,41.00604352625683,7382.643973235411
414,6821.625578221327,16.319678416797434,380.1071278992241,7201.732706120551,41.00260770863396,7380.094049653108
415,6819.324977044844,16.314174586231683,379.8917254728947,7199.216702517739,40.99921191722378,7377.5632743576625
416,6817.045765250459,16.308721926436505,379.6737377116835,7196.7195029621425,40.995855726887854,7375.0514753741045
417,6814.78774880073,16.303319973207486,379.4531899742442,7194.240938774974,40.992538701280495,7372.558482125544
418,6812.550735991348,16.297968267921885,379.23010679126367,7191.780842782612,40.98926039308586,7370.084125492535
419,6810.334537518895,16.292666357700703,379.00451185199444,7189.339049370889,40.986020344179835,7367.628237868072
420,6808.138966547516,16.28741379556822,378.7764279900141,7186.91539453753,40.98281808570735,7365.190653210357
421,6805.963838774819,16.282210140609614,378.5458771686149,7184.509715943434,40.97965313806801,7362.77120709403
422,6803.808972490822,16.277054958112014,378.31288046624167,7182.121852957064,40.97652501080687,7360.369736754074
423,6801.674188638256,16.271947819708746,378.07745806240337,7179.751646700659,40.973433202410675,7357.9860811311455
424,6799.559310864872,16.266888303504476,377.8396292244801,7177.3989400893515,40.97037720001298,7355.620080909408
425,6797.4641655724145,16.26187599419238,377.5994122958511,7175.063577868265,40.967356479015315,7353.271578551982
426,6795.388581959926,16.256910483157718,377.35682468575874,7172.745406645685,40.96437050263391,7350.940418332142
427,6793.332392059977,16.25199136856454,377.11188286131033,7170.444274921288,40.96141872138393,7348.626446359308
428,6791.295430768545,16.24711825542714,376.86460234200945,7168.160033110555,40.958500572514225,7346.329510600992
429,6789.277535867477,16.24229075566382,376.6149976971808,7165.892533564658,40.95561547940679,7344.049460900078
430,6787.278548038512,16.237508488130413,376.36308254663743,7163.641630585149,40.95276285095481,7341.786148986803
431,6785.298310868099,16.232771078631817,376.10886956490276,7161.4071804330015,40.9499420809328,7339.539428485059
432,6783.336670844268,16.228078159914517,375.8523704892748,7159.189041333543,40.94715254737104,7337.3091549146075
433,6781.393477343769,16.22342937163581,375.5935961319818,7156.987073475751,40.9443936119453,7335.095185687713
434,6779.468582608321,16.21882436030699,375.3325563966419,7154.801139004963,40.94166461939084,7332.8973800993135
435,6777.561841712659,16.214262779216888,375.06926029919816,7152.631102011857,40.938964896948,7330.715599313581
436,6775.673112520671,16.209744288326963,374.80371599345744,7150.476828514128,40.93629375384478,7328.549706343353
437,6773.802255633419,16.205268554146937,374.53593080131554,7148.338186434735,40.93365048082029,7326.399566026303
438,6771.949134325183,16.20083524958178,374.2659112477068,7146.21504557289,40.93103434969139,7324.2650449940475
439,6770.11361447116,16.196444053758757,373.9936631002636,7144.107277571424,40.92844461296393,7322.146011637817
440,6768.295564464448,16.192094651828825,373.7191914136291,7142.014755878077,40.92588050348908,7320.042336068254
441,6766.49485512469,16.187786734748062,373.4425005783112,7139.937355703001,40.92334123416496,7317.953890071619
442,6764.7113595966775,16.183519999035113,373.16359437392407,7137.874953970601,40.92082599768371,7315.880547060526
443,6762.944953243066,16.17929414651451,372.8824760266096,7135.827429269676,40.91833396632435,7313.8221820231865
444,6761.195513525454,16.175108884032188,372.5991482703927,7133.794661795847,40.91586429179222,7311.778671465143
445,6759.462919882586,16.17096392316408,372.31361341217405,7131.77653329476,40.9134161051062,7309.749893351972
446,6757.747053598838,16.166858979901527,372.02587340002964,7129.772926998868,40.910988516535966,7307.735727045799
447,6756.047797670562,16.16279377433149,371.73592989444114,7127.783727565004,40.908580615591525,7305.7360532428265
448,6754.365036663097,16.158768030294492,371.4437843420568,7125.808821005154,40.90619147106843,7303.750753904302
449,6752.698656569331,16.154781475046246,371.1494380515412,7123.848094620873,40.90382013115189,7301.779712191384
450,6751.048544661229,16.15083383890246,370.8528922710582,7121.901436932288,40.90146562358345,7299.822812394876
451,6749.41458934039,16.146924854881316,370.5541482669006,7119.968737607291,40.8991269558939,7297.879939865429
452,6747.7966799892765,16.14305425834755,370.25320740277175,7118.049887392048,40.896803115705495,7295.950980945367
453,6746.194706820215,16.139221786651234,369.9500712192077,7116.144778039423,40.894493071106346,7294.035822898735
454,6744.608560725151,16.135427178768303,369.6447415126288,7114.253302237779,40.89219577109906,7292.134353842061
455,6743.03813312965,16.131670174951317,369.33722041350404,7112.375353543154,40.88991014612485,7290.246462678797
456,6741.483315846024,16.12795051637805,369.0275104631222,7110.510826309146,40.8876351086634,7288.372039031832
457,6739.944000932788,16.124267944815283,368.7156146884675,7108.659615621255,40.88536955390778,7286.510973180754
458,6738.420080556962,16.120622202289383,368.40153667472055,7106.8216172316825,40.88311236051276,7284.663155999913
459,6736.911446861983,16.117013030770295,368.0852806349179,7104.9967274969,40.880862391413764,7282.828478899551
460,6735.417991840733,16.113440171867783,367.7668514763334,7103.184843317066,40.87861849471314,7281.006833769068
461,6733.939607215965,16.10990336654537,367.4462548631695,7101.385862079134,40.876379504629355,7279.198112924272
462,6732.476184327326,16.10640235485006,367.12349727518045,7099.599681602507,40.87414424250447,7277.402209057402
463,6731.027614026518,16.102936875661527,366.79858606188293,7097.826200088401,40.871911517864405,7275.6190151911105
464,6729.593786578039,16.099506666454637,366.47152949204894,7096.065316070088,40.86968012952677,7273.848424633529
465,6728.174591572992,16.09611146309328,366.14233679821484,7094.316928371207,40.867448866750436,7272.090330941572
466,6726.769917846537,16.092750999632866,365.81101821598065,7092.580936062518,40.86521651042126,7270.344627882851
467,6725.379653407981,16.089425008153064,365.4775850179206,7090.857238425901,40.86298183426855,7268.6112094049695
468,6724.003685377844,16.08613321860728,365.1420495419618,7089.145734919805,40.86074360610678,7266.88996960637
469,6722.641899935654,16.082875358697738,364.80442521414136,7087.4463251497955,40.85850058909767,7265.180802712371
470,6721.29418227508,16.079651153768133,364.46472656568403,7085.758908840764,40.85625154302777,7263.483603052935
471,6719.960416569914,16.07646032672228,364.122969244396,7084.08338581431,40.853995225596904,7261.798265045656
472,6718.640485948756,16.07330259796353,363.77917002040033,7082.419655969156,40.85173039371335,7260.12468318181
473,6717.334272476694,16.070177685350945,363.4333467862898,7080.767619262984,40.84945580479152,7258.462752013827
474,6716.04165714875,16.067085304183614,363.0855185518011,7079.127175700552,40.84717021804822,7256.812366149061
475,6714.7625198881515,16.064025167196533,362.7357054331557,7077.4982253213075,40.84487239579361,7255.17342024301
476,6713.496739555974,16.06099698458367,362.38392863724243,7075.8806681932165,40.84256110471304,7253.545808998718
477,6712.244193965648,16.058000464032652,362.0302104408487,7074.274404406497,40.84023511713608,7251.929427166038
478,6711.0047599062655,16.05503531078054,361.67457416517044,7072.679334071436,40.83789321228848,7250.3241695448905
479,6709.778313171779,16.052101227683682,361.3170441458624,7071.095357317641,40.83553417752375,7248.72993098987
480,6708.564728597537,16.049197915305115,360.95764569890173,7069.522374296439,40.83315680952995,7247.146606417894
481,6707.3638801022935,16.046325072015055,360.59640508256405,7067.960285184858,40.8307599155081,7245.5740908173175
482,6706.175640735215,16.043482394103386,360.2333494558215,7066.4089901910365,40.82834231431795,7244.01227925832
483,6704.999882727985,16.04066957590427,359.86850683348223,7064.868389561468,40.825902837587584,7242.461066904973
484,6703.836477552149,16.03788630993337,359.501906038406,7063.338383590554,40.82344033078284,7240.920349029459
485,6702.6852959800035,16.035132287033502,359.13357665112727,7061.818872631131,40.8209536542331,7239.390021027045
486,6701.546208147829,16.032407196525906,358.7635489572274,7060.309757105057,40.81844168411009,7237.869978430936
487,6700.419083624753,16.029710726375008,358.3918538927915,7058.8109375175445,40.81590331335649,7236.360116930645
488,6699.303791481358,16.02704256335253,358.0185229882868,7057.322314469644,40.81333745256183,7234.860332388288
489,6698.200200362653,16.02440239321209,357.6435883111944,7055.8437886738475,40.81074303078306,7233.370520857754
490,6697.108178561345,16.021789900864462,357.2670824077138,7054.375260969059,40.808118996307996,7231.890578602999
491,6696.027594092735,16.019204770556783,356.8890382438594,7052.916632336594,40.80546431735999,7230.42040211711
492,6694.958314770415,16.016646686053626,356.509489146247,7051.467803916662,40.80277798274277,7228.959888141593
493,6693.900208283607,16.014115330822026,356.1284687428653,7050.028677026472,40.800059002424504,7227.508933687019
494,6692.853142271951,16.011610388210407,355.74601090410613,7048.5991531760565,40.797306408061026,7226.067436051122
495,6691.816984402847,16.009131541633604,355.3621496843159,7047.179134087163,40.79451925345806,7224.6352928397055
496,6690.791602446624,16.00667847475269,354.9769192641155,7045.768521710739,40.791696614972814,7223.212401985871
497,6689.776864351155,16.004250871653483,354.5903538937132,7044.367218244868,40.78883759185558,7221.79866176944
498,6688.772638315353,16.001848417022376,354.2024878374289,7042.975126152782,40.78594130653238,7220.393970836198
499,6687.778792861516,15.999470796319416,353.81335531961525,7041.592148181131,40.7830069048295,7218.9982282171395
500,6686.795196905707,15.997117695946667,353.4229904721594,7040.218187377866,40.78003355614157,7217.611333347082
501,6685.8217198264865,15.994788803412646,353.03142728371813,7038.853147110205,40.77702045354425,7216.233186083123
502,6684.858231530664,15.992483807489627,352.63869955082754,7037.496931081491,40.773966813853534,7214.863686721754
503,6683.904602519526,15.990202398372071,352.24484083101174,7036.149443350538,40.77087187763301,7213.502736018241
504,6682.960703948738,15.987944267819948,351.8498843979926,7034.810588346731,40.767734909151095,7212.150235201538
505,6682.02640768927,15.985709109304473,351.4538631990908,7033.480270888361,40.76455519629003,7210.8060859922225
506,6681.101586384034,15.983496618143622,351.05680981488933,7032.158396198924,40.761332050408654,7209.470190618201
507,6680.186113502301,15.9813064916323,350.6587564212158,7030.844869923517,40.758064806160874,7208.1424518303165
508,6679.2798633907305,15.979138429164427,350.25973475348485,7029.539598144215,40.7547528212721,7206.822772916749
509,6678.382711322934,15.976992132351516,349.85977607342727,7028.242487396361,40.751395476275704,7205.51105771816
510,6677.494533544908,15.97486730513136,349.4589111382208,7026.953444683129,40.74799217421182,7204.2072106409505
511,6676.615207318825,15.972763653872788,349.05717017202164,7025.672377490847,40.74454234029071,7202.911136671111
512,6675.744610962496,15.970680887470087,348.65458283988835,7024.399193802385,40.74104542152321,7201.622741386011
513,6674.882623887591,15.968618717434428,348.2511782240754,7023.133802111666,40.73750088632055,7200.341930967161
514,6674.029126633903,15.966576857975843,347.84698480266485,7021.876111436568,40.733908224066056,7199.068612211256
515,6673.184000901391,15.964555026079884,347.4420304304981,7020.626031331889,40.73026694466132,7197.802692541166
516,6672.347129579579,15.96255294157794,347.0363423223555,7019.383471901934,40.72657657804918,7196.544080016448
517,6671.518396773848,15.960570327210162,346.62994703833294,7018.14834381218,40.72283667371617,7195.2926833428455
518,6670.697687828794,15.958606908681325,346.2228704713485,7016.920558300143,40.719046800176756,7194.048411880912
519,6669.884889349921,15.95666241471273,345.81513783671585,7015.700027186636,40.715206544441855,7192.811175654959
520,6669.079889223023,15.954736577088573,345.40677366370846,7014.486662886731,40.71131551147421,7191.580885361644
521,6668.282576628947,15.95282913069126,344.99780178904024,7013.280378417987,40.70737332363238,7190.357452375788
522,6667.492842059672,15.950939813539884,344.5882453521821,7012.081087411853,40.70337962010623,7189.140788759315
523,6666.710577327964,15.94906836681331,344.1781267924314,7010.888704120395,40.69933405634545,7187.930807265498
524,6665.935675578506,15.947214534876808,343.7674678476502,7009.703143426156,40.695236303483355,7186.727421346309
525,6665.168031294247,15.945378065297241,343.35628955458645,7008.524320848834,40.69108604775789,7185.53054515658
526,6664.407540303073,15.943558708859026,342.9446122506913,7007.352152553764,40.68688298993142,7184.340093559966
527,6663.654099781008,15.94175621957179,342.53245557734346,7006.186555358351,40.68262684471104,7183.155982132844
528,6662.907608253288,15.939970354672939,342.11983848439644,7005.027446737685,40.678317340170906,7181.978127167428
529,6662.167965595625,15.938200874630681,341.70677923595974,7003.874744831584,40.673954217178036,7180.806445676309
530,6661.435073032561,15.9364475431401,341.2932954173277,7002.728368449889,40.669537228822804,7179.640855395268
531,6660.708833133953,15.93471012711472,340.87940394297436,7001.588237076927,40.66506613985534,7178.4812747852975
532,6659.98914981138,15.932988396677944,340.4651210655274,7000.454270876908,40.66054072612901,7177.327623035569
533,6659.275928311721,15.931282125147659,340.0504623856432,6999.326390697364,40.65596077405186,7176.17982006449
534,6658.569075211712,15.929591089023234,339.635442862701,6998.204518074413,40.65132608004711,7175.037786522617
535,6657.868498408188,15.927915067962173,339.22007682624155,6997.08857523443,40.64663645002335,7173.901443792031
536,6657.174107110237,15.926253844761332,338.80437798807395,6995.978485098311,40.64189169885533,7172.770713988331
537,6656.485811828997,15.924607205332528,338.3883594549782,6994.874171283975,40.63709164987615,7171.645519960935
538,6655.803524366767,15.922974938676477,337.97203374193725,6993.775558108705,40.632236134381074,7170.525785293263
539,6655.127157805302,15.92135683685479,337.55541278582655,6992.682570591129,40.62732499114408,7169.411434302606
540,6654.456626493682,15.919752694960962,337.1385079595019,6991.595134453184,40.6223580659471,7168.302392040054
541,6653.791846035277,15.918162311089178,336.72133008622257,6990.513176121499,40.61733521112273,7167.198584289883
542,6653.132733274017,15.916585486301475,336.30388945435016,6989.436622728366,40.61225628511061,7166.099937568598
543,6652.479206279868,15.915022024592986,335.886195832272,6988.36540211214,40.60712115202779,7165.006379123461
544,6651.831184336201,15.913471732861725,335.4682584834911,6987.299442819692,40.601929681253196,7163.917836933143
545,6651.188587922277,15.911934420866691,335.0500861818387,6986.238674104116,40.596681747026594,7162.834239703682
546,6650.551338700145,15.910409901196518,334.63168722675795,6985.183025926903,40.591377228061944,7161.755516868972
547,6649.919359498071,15.908897989229834,334.2130694586189,6984.132428956689,40.58601600717513,7160.681598587901
548,6649.292574294873,15.907398503097781,333.7942402740207,6983.086814568894,40.58059797092637,7159.612415742424
549,6648.670908205029,15.905911263648395,333.3752066410438,6982.046114846073,40.57512300927685,7158.547899936427
550,6648.054287460863,15.904436094403978,332.9559751144177,6981.010262575281,40.5695910152598,7157.487983491661
551,6647.442639398516,15.90297282152755,332.5365518505675,6979.979191249084,40.56400188466561,7156.432599447379
552,6646.8358924402455,15.901521273780492,332.1169426225134,6978.952835062759,40.55835551574104,7155.381681556232
553,6646.233976078822,15.90008128248522,331.6971528345905,6977.931128913412,40.55265180890217,7154.335164282136
554,6645.636820861461,15.89865268148675,331.27718753696604,6976.9140083984275,40.54689066646084,7153.292982797532
555,6645.04435837391,15.897235307114617,330.8570514399297,6975.90140981384,40.54107199236445,7152.255072980625
556,6644.456521223816,15.8958289981431,330.4367489279344,6974.893270151751,40.53519569194878,7151.221371411728
557,6643.8732430250475,15.894433595753702,330.01628407337034,6973.889527098418,40.52926167170351,7150.191815370328
558,6643.294458382347,15.893048943498439,329.59566065005424,6972.890119032401,40.52326983905027,7149.16634283227
559,6642.7201028751315,15.89167488726108,329.1748821464174,6971.894985021549,40.51722010213278,7148.144892465826
560,6642.150113042515,15.890311275221327,328.75395177838186,6970.904064820897,40.51111236961887,7147.127403628739
561,6641.584426367258,15.888957957816407,328.3328725019102,6969.917298869168,40.50494655051405,7146.113816363904
562,6641.022981261698,15.887614787707411,327.9116470252208,6968.934628286919,40.498722553986305,7145.1040713967595
563,6640.465717051671,15.88628161974084,327.4902778206606,6967.955994872332,40.49244028920181,7144.09811013036
564,6639.91257396311,15.88495831091653,327.06876713622705,6966.981341099337,40.48609966517118,7143.095874642832
565,6639.36349310611,15.883644720349544,326.64711700673547,6966.010610112845,40.47970059060608,7142.097307681981
566,6638.818416462425,15.882340709240252,326.22532926462725,6965.043745727053,40.47324297378566,7141.102352663021
567,6638.277286869499,15.881046140836123,325.8034055504166,6964.080692419916,40.46672672243269,7140.110953662498
568,6637.740048008559,15.879760880403252,325.3813473227737,6963.121395331333,40.46015174359889,7139.123055415987
569,6637.206644390193,15.87848479519185,324.959155868246,6962.165800258439,40.45351794355931,7138.138603312922
570,6636.677021341156,15.87721775440468,324.53683231061564,6961.213853651772,40.44682522771515,7137.1575433923335
571,6636.151124991237,15.87595962916564,324.11437761989765,6960.265502611135,40.44007350050507,7136.179822338332
572,6635.628902261418,15.87471029249143,323.69179262097964,6959.320694882398,40.433262665324236,7135.205387476559
573,6635.110300849882,15.873469619258092,323.2690780019079,6958.3793788517905,40.42639262445116,7134.234186768153
574,6634.595269221766,15.872237486176473,322.8462343218239,6957.44150354359,40.41946327898175,7133.266168807161
575,6634.0837565947995,15.871013771757893,322.4232620185549,6956.507018613354,40.41247452877038,7132.301282813505
576,6633.575712929679,15.869798356291097,322.0001614158689,6955.575874345548,40.405426272377575,7131.339478630391
577,6633.071088917538,15.868591121812292,321.57693273039337,6954.648021647931,40.398318407024156,7130.380706718486
578,6632.5698359688695,15.867391952078636,321.1535760782118,6953.723412047081,40.391150828551396,7129.42491815128
579,6632.0719062026865,15.866200732542312,320.73009148114016,6952.801997683827,40.383923431386954,7128.47206461036
580,6631.577252435673,15.865017350324576,320.30647887269413,6951.883731308367,40.37663610851635,7127.522098380413
581,6631.085828171038,15.863841694189086,319.8827381037536,6950.968566274792,40.36928875145968,7126.574972343641
582,6630.597587590026,15.862673654521593,319.4588689479343,6950.05645653796,40.361881250253155,7125.630639976561
583,6630.112485539138,15.861513123299373,319.03487110667385,6949.147356645812,40.35441349343559,7124.689055342256
584,6629.630477522767,15.860359994073606,318.6107442140422,6948.241221736809,40.346885368039096,7123.750173087779
585,6629.151519691978,15.859214161942532,318.1864878412852,6947.338007533263,40.33929675958424,7122.813948437455
586,6628.675568835526,15.858075523529967,317.76210150111075,6946.437670336637,40.331647552078906,7121.88033718818
587,6628.202582371356,15.856943976964965,317.3375846517265,6945.540167023082,40.32393762802114,7120.949295704974
588,6627.732518335392,15.855819421855006,316.9129367006385,6944.64545503603,40.3161668684054,7120.020780913594
589,6627.265335375512,15.85470175927156,316.4881570082214,6943.753492383734,40.30833515273215,7119.094750298119
590,6626.80099274059,15.8535908917239,316.0632448910666,6942.864237631657,40.30044235902055,7118.171161893396
591,6626.3394502731,15.852486723141388,315.6381996251215,6941.977649898221,40.292488363824006,7117.249974280855
592,6625.880668400375,15.851389158852571,315.2130204486263,6941.093688849001,40.284473042248464,7116.331146582782
593,6625.424608126332,15.850298105565386,314.78770656485784,6940.21231469119,40.27639626797317,7115.414638456873
594,6624.971231023978,15.84921347134923,314.3622571446909,6939.33348816867,40.2682579132737,7114.50041009141
595,6624.520499226888,15.848135165614565,313.93667132898395,6938.457170555872,40.26005784904724,7113.588422199227
596,6624.072375422285,15.847063099096376,313.51094823079956,6937.583323653085,40.25179594483962,7112.678636013137
597,6623.626822842571,15.845997183833902,313.0850869374665,6936.711909780037,40.24347206887431,7111.77101327964
598,6623.183805258683,15.844937333154743,312.65908651249305,6935.842891771175,40.23508608808292,7110.865516254336
599,6622.743286971944,15.843883461655368,312.23294599733856,6934.976232969283,40.226637868137225,7109.96210769568
600,6622.305232808155,15.842835485186974,311.8066644130519,6934.111897221207,40.21812727348238,7109.0607508608555
601,6621.869608109464,15.841793320836038,311.3802407617833,6933.249848871247,40.209554167371444,7108.161409499313
602,6621.4363787280045,15.840756886909102,310.95367402817806,6932.390052756183,40.200918411900815,7107.264047847952
603,6621.005511018765,15.839726102915705,310.52696318065836,6931.532474199424,40.19221986804656,7106.368630625426
604,6620.576971833767,15.838700889554467,310.10010717259985,6930.6770790063665,40.18345839570155,7105.475123027668
605,6620.150728514284,15.83768116869446,309.6731049434103,6929.8238334576945,40.1746338537132,7104.583490721347
606,6619.726748885696,15.83666686336291,309.24595541951595,6928.972704305212,40.16574609992173,7103.693699839871
607,6619.305001250257,15.835657897727888,308.81865751526135,6928.1236587655185,40.15679499119882,7102.805716977234
608,6618.885454380934,15.834654197083573,308.3912101337293,6927.276664514663,40.1477803834866,7101.91950918283
609,6618.468077516356,15.833655687838172,307.96361216748505,6926.431689683841,40.1387021318368,7101.035043957331
610,6618.052840353332,15.83266229749601,307.5358624992512,6925.588702852583,40.129560090450056,7100.152289246041
611,6617.639713041952,15.831673954645817,307.10796000251713,6924.747673044469,40.12035411271518,7099.271213434779
612,6617.228666179776,15.830690588946833,306.6799035420887,6923.908569721865,40.111084051248355,7098.391785344796
613,6616.819670805638,15.829712131113968,306.2516919745815,6923.07136278022,40.10174975793221,7097.513974227225
614,6616.41269839428,15.828738512904975,305.82332414886287,6922.236022543142,40.09235108395462,7096.637749758344
615,6616.00772085081,15.827769667107201,305.39479890644577,6921.4025197572555,40.08288787984722,7095.763082034591
616,6615.604710505735,15.826805527525682,304.96611508183895,6920.570825587574,40.07335999552348,7094.889941568102
617,6615.203640108813,15.825846028968451,304.5372715028563,6919.740911611669,40.06376728031641,7094.018299281045
618,6614.8044828246375,15.824891107235976,304.1082669908891,6918.912749815527,40.05410958301564,7093.148126501645
619,6614.407212226799,15.823940699107174,303.67910036114375,6918.086312587942,40.044386751904035,7092.279394958725
620,6614.01180229306,15.822994742327895,303.24977042284917,6917.261572715909,40.03459863479361,7091.412076777261
621,6613.618227400915,15.822053175600276,302.8202759794341,6916.438503380349,40.02474507906079,7090.546144474263
622,6613.226462322185,15.821115938569822,302.39061582868004,6915.617078150865,40.01482593168091,7089.681570953678
623,6612.836482218178,15.820182971813823,301.9607887628489,6914.797270981027,40.004841039262004,7088.818329501817
624,6612.4482626347735,15.819254216829602,301.5307935687906,6913.979056203564,39.99479024807771,7087.956393782702
625,6612.061779498996,15.818329616026306,301.1006290280304,6913.162408527026,39.98467340409935,7087.0957378348585
626,6611.6770091128,15.817409112710049,300.6702939168391,6912.347303029639,39.974490353027136,7086.236336065307
627,6611.293928150199,15.81649265107703,300.2397870062871,6911.533715156485,39.96424094032047,7085.37816324688
628,6610.912513651369,15.815580176199449,299.8091070622853,6910.721620713654,39.95392501122728,7084.521194512493
629,6610.532743019814,15.814671634018694,299.3782528456132,6909.910995865427,39.94354241081237,7083.665405352461
630,6610.15459401698,15.813766971332488,298.9472231119356,6909.101817128915,39.933092983984835,7082.810771609249
631,6609.7780447591795,15.81286613578751,298.5160166118102,6908.29406137099,39.92257657552446,7081.957269474521
632,6609.4030737121775,15.811969075866454,298.08463209068725,6907.487705802865,39.91199303010704,7081.10487548383
633,6609.029659689102,15.81107574088302,297.65306828890095,6906.682727978003,39.90134219232873,7080.253566514632
634,6608.657781844695,15.810186080968169,297.2213239416564,6905.879105786351,39.89062390672932,7079.403319780624
635,6608.287419672845,15.809300047064223,296.78939777901036,6905.076817451855,39.879838017814464,7078.554112829348
636,6607.918553002226,15.808417590914416,296.3572885258491,6904.275841528075,39.86898437007684,7077.705923537909
637,6607.551161992602,15.807538665054071,295.92499490186276,6903.476156894465,39.85806280801624,7076.858730109336
638,6607.185227131935,15.806663222803673,295.4925156215181,6902.677742753453,39.84707317615863,7076.012511069743
639,6606.820729231851,15.805791218258017,295.0598493940301,6901.880578625881,39.83601531907409,7075.167245263853
640,6606.457649425396,15.804922606280853,294.6269949233333,6901.08464434873,39.82488908139375,7074.3229118527925
641,6606.095969162826,15.804057342494799,294.19395090805375,6900.28992007088,39.8136943078256,7073.479490309921
642,6605.735670208924,15.803195383274938,293.7607160414824,6899.496386250406,39.80243084316932,7072.636960418193
643,6605.37673463942,15.802336685740238,293.3272890115509,6898.704023650971,39.79109853233007,7071.795302266607
644,6605.01914483765,15.801481207745574,292.8936685008098,6897.91281333846,39.779697220331165,7070.954496246901
645,6604.662883492915,15.800628907877787,292.45985318641124,6897.122736679326,39.76822675232586,7070.114523051944
646,6604.307933595472,15.799779745443713,292.02584174009576,6896.333775335567,39.75668697360804,7069.275363670762
647,6603.954278435631,15.798933680468016,291.5916328281841,6895.545911263815,39.745077729622,7068.43699938767
648,6603.601901599378,15.798090673682722,291.1572251115759,6894.759126710954,39.73339886597124,7067.599411777928
649,6603.250786966467,15.797250686522649,290.7226172457538,6893.973404212221,39.72165022842633,7066.7625827058755
650,6602.90091870756,15.796413681118564,290.28780788079695,6893.188726588357,39.70983166293186,7065.926494322111
651,6602.552281281754,15.795579620291278,289.8527956614009,6892.405076943155,39.69794301561254,7065.091129061069
652,6602.204859433658,15.794748467544638,289.417579226908,6891.622438660566,39.68598413277843,7064.256469638152
653,6601.8586381912855,15.793920187060492,288.98215721134716,6890.8407954026325,39.67395486092933,7063.422499047675
654,6601.513602863322,15.793094743692158,288.54652824348426,6890.060131106807,39.661855046758426,7062.589200560205
655,6601.169739036904,15.7922721029591,288.11069094688435,6889.280429983788,39.64968453715516,7061.756557720413
656,6600.827032575519,15.791452231041912,287.67464393998597,6888.501676515505,39.63744317920741,7060.924554345057
657,6600.485469616224,15.790635094775656,287.23838583618885,6887.723855452413,39.62513082020294,7060.093174520296
658,6600.145036567778,15.789820661645402,286.8019152439556,6886.946951811734,39.61274730763035,7059.262402599926
659,6599.805720108933,15.789008899782138,286.36523076692845,6886.170950875861,39.60029248917927,7058.432223203791
660,6599.467507185304,15.788199777955274,285.92833100406153,6885.395838189366,39.587766212740156,7057.602621214786
661,6599.130385007544,15.787393265568287,285.49121454977046,6884.621599557314,39.575168326403556,7056.773581777169
662,6598.794341050805,15.786589332657428,285.053879994099,6883.848221044904,39.56249867845888,7055.9450902962
663,6598.45936304998,15.785787949880335,284.61632592290465,6883.075688972885,39.54975711739288,7055.117132433544
664,6598.125439000772,15.784989088518593,284.1785509180633,6882.303989918835,39.53694349188778,7054.289694108547
665,6597.792557155624,15.784192720468,283.7405535576953,6881.53311071332,39.52405765081907,7053.462761494383
666,6597.460706022413,15.783398818235439,283.3023324164115,6880.763038438825,39.51109944325319,7052.636321016977
667,6597.129874363441,15.782607354936461,282.8638860655833,6879.993760429024,39.49806871844497,7051.81035935426
668,6596.800051192022,15.781818304287134,282.42521307363444,6879.225264265656,39.484965325835155,7050.984863433038
669,6596.471225772346,15.781031640603699,281.986312006358,6878.457537778704,39.47178911504771,7050.159820429161
670,6596.143387616459,15.780247338795357,281.5471814272582,6877.690569043717,39.458539935887366,7049.335217764827
671,6595.816526483204,15.779465374361733,281.1078198979189,6876.924346381123,39.44521763833715,7048.511043107889
672,6595.490632375973,15.778685723387495,280.66822597839825,6876.158858354372,39.431822072556315,7047.687284369991
673,6595.1656955411,15.777908362538517,280.22839822765195,6875.394093768752,39.418353088878376,7046.863929705373
674,6594.841706466998,15.777133269059805,279.7883352039857,6874.630041670984,39.40481053780962,7046.040967510456
675,6594.518655880314,15.776360420766302,279.34803546553644,6873.866691345851,39.391194270027995,7045.218386420473
676,6594.196534746983,15.775589796045415,278.90749757078515,6873.1040323177685,39.37750413638267,7044.396175311033
677,6593.8753342675645,15.774821373845848,278.46672007910075,6872.3420543466655,39.36373998789405,7043.574323294005
678,6593.55504587778,15.7740551336789,278.02570155131633,6871.580747429096,39.349901675754595,7042.752819718628
679,6593.235661245686,15.77329105561169,277.58444055033806,6870.820101796024,39.33598905133047,7041.9316541693115
680,6592.917172270232,15.772529120263714,277.1429356417886,6870.060107912021,39.322001966164024,7041.110816464834
681,6592.599571079054,15.771769308801565,276.7011853946841,6869.300756473738,39.30794027197727,7040.290296656839
682,6592.282850027005,15.771011602935419,276.2591883821472,6868.542038409152,39.29380382067653,7039.470085029095
683,6591.967001694142,15.770255984914215,275.81694318215443,6867.783944876296,39.27959246435816,7038.650172096254
684,6591.652018884001,15.769502437521535,275.3744483783212,6867.0264672623225,39.26530605531565,7037.830548602946
685,6591.337894621285,15.76875094407006,274.9317025607219,6866.269597182007,39.25094444604804,7037.011205522315
686,6591.024622150898,15.768001488399277,274.48870432674886,6865.513326477647,39.23650748926987,7036.192134055971
687,6590.712194934673,15.767254054867639,274.04545228200647,6864.757647216679,39.22199503792274,7035.373325631643
688,6590.40060664961,15.76650862834835,273.6019450412447,6864.002551690855,39.20740694518851,7034.554771902425
689,6590.089851187378,15.765765194228178,273.15818122932916,6863.248032416707,39.192743064504334,7033.736464747301
690,6589.779922649633,15.76502373839625,272.71415948224995,6862.494082131882,39.17800324957966,7032.918396267554
691,6589.470815347913,15.764284247243811,272.26987844816745,6861.74069379608,39.16318735441509,7032.100558787786
692,6589.162523799891,15.763546707655241,271.8253367884965,6860.987860588387,39.148295233323545,7031.282944853344
693,6588.8550427287555,15.762811107006591,271.3805331790274,6860.235575907783,39.1333267409535,7030.4655472309305
694,6588.548367059427,15.762077433156524,270.935466311085,6859.483833370512,39.11828173231469,7029.648358906081
695,6588.242491916355,15.76134567444104,270.4901348927241,6858.732626809079,39.1031600628061,7028.831373082286
696,6587.937412621801,15.76061581966938,270.04453764996094,6857.981950271762,39.087961588246614,7028.014583180635
697,6587.633124692529,15.759887858116098,269.5986733280416,6857.231798020571,39.07268616490826,7027.197982837922
698,6587.3296238375115,15.759161779515578,269.1525406927439,6856.482164530255,39.05733364955219,7026.381565905807
699,6587.0269059554885,15.758437574056192,268.70613853171454,6855.733044487203,39.04190389946748,7025.565326449887
700,6586.724967131537,15.757715232372098,268.2594656558392,6854.984432787376,39.02639677251294,7024.749258747807
701,6586.4238036345305,15.756994745537154,267.81252090064515,6854.236324535175,39.01081212716184,7023.93335728833
702,6586.123411914942,15.756276105059671,267.3653031277346,6853.488715042677,38.99514982254992,7023.117616770769
703,6585.823788600785,15.75555930287269,266.91781122624786,6852.741599827033,38.97940971852641,7022.302032102622
704,6585.524930494963,15.754844331327662,266.4700441143552,6851.994974609318,38.9635916757085,7021.48659839865
705,6585.226834572306,15.754131183187335,266.02200074077535,6851.248835313081,38.94769555553914,7020.6713109796765
706,6584.929497976554,15.753419851618549,265.57368008631965,6850.503178062873,38.93172122034824,7019.856165371388
707,6584.632918016105,15.752710330182069,265.1250811654592,6849.757999181564,38.91566853341752,7019.04115730193
708,6584.337092162266,15.752002612828388,264.67620302791454,6849.0132951901805,38.89953735904877,7018.226282702042
709,6584.042018043557,15.751296693884107,264.2270447602647,6848.269062803822,38.88332756263601,7017.411537701289
710,6583.747693444774,15.750592568049699,263.7776054875736,6847.525298932348,38.86703901074112,7016.596918629072
711,6583.454116301013,15.749890230385198,263.32788437503365,6846.782000676047,38.85067157117339,7015.782422010651
712,6583.161284695954,15.749189676306111,262.87788062962073,6846.039165325575,38.834225113072854,7014.968044567441
713,6582.8691968566445,15.74849090157092,262.4275935017622,6845.296790358407,38.81769950699746,7014.153783213846
714,6582.577851150744,15.747793902274507,261.9770222870124,6844.554873437756,38.80109462501413,7013.339635056567
715,6582.287246081636,15.74709867483645,261.5261663277352,6843.813412409371,38.784410340793805,7012.525597391825
716,6581.997380285605,15.74640521599427,261.07502501478996,6843.072405300395,38.767646529710305,7011.711667704635
717,6581.708252526618,15.745713522790952,260.62359778921893,6842.331850315837,38.75080306894323,7010.89784366574
718,6581.419861693406,15.745023592567957,260.1718841439328,6841.591745837339,38.733879837584794,7010.084123130832
719,6581.132206794421,15.74433542295316,259.7198836253928,6840.852090419814,38.71687671675066,7009.270504137679
720,6580.845286954022,15.743649011851728,259.26759583528514,6840.112882789307,38.69979358969465,7008.456984904479
721,6580.559101408041,15.742964357435504,258.8150204321866,6839.374121840227,38.68263034192738,7007.643563827612
722,6580.273649499683,15.742281458133213,258.36215713321724,6838.6358066329,38.665386861338874,7006.830239479725
723,6579.988930674878,15.741600312619326,257.90900571567823,6837.897936390556,38.648063038325084,7006.01701060727
724,6579.704944478038,15.740920919803917,257.4555660186717,6837.160510496709,38.63065876591802,7005.203876128453
725,6579.421690547377,15.740243278821476,257.0018379447,6836.423528492077,38.61317393991996,7004.390835130729
726,6579.1391686111565,15.739567389021905,256.5478214612415,6835.686990072398,38.59560845904116,7003.577886869227
727,6578.857378481903,15.738893249956705,256.0935166022999,6834.950895084203,38.577962225041325,7002.765030763133
728,6578.576320052249,15.738220861369015,255.63892346992583,6834.215243522174,38.56023514287463,7001.952266393679
729,6578.295993291028,15.737550223184277,255.18404223570565,6833.480035526733,38.54242712083828,7001.13959350238
730,6578.0163982378945,15.736881335497355,254.72887314221748,6832.745271380112,38.52453807072443,7000.327011987763
731,6577.737534998643,15.736214198561347,254.2734165044502,6832.010951503094,38.506567907975445,6999.514521902786
732,6577.459403740946,15.735548812777383,253.81767271118383,6831.27707645213,38.48851655184238,6998.702123452645
733,6577.182004689101,15.73488517868206,253.36164222632874,6830.543646915429,38.470383925546514,6997.8898169915565
734,6576.905338119211,15.73422329693591,252.90532559022154,6829.810663709432,38.45216995644386,6997.077603019963
735,6576.629404355484,15.733563168314555,252.4487234208758,6829.07812777636,38.43387457619255,6996.265482182797
736,6576.354203763767,15.732904793693223,251.99183641518522,6828.3460401789525,38.41549772092288,6995.4534552649675
737,6576.079736748265,15.73224817403891,251.53466535007738,6827.614402098342,38.3970393314099,6994.6415231899755
738,6575.8060037456735,15.731593310396349,251.07721108361713,6826.88321482929,38.37849935324846,6993.829687015921
739,6575.533005221192,15.73094020387845,250.61947455605744,6826.15247977725,38.359877737030494,6993.017947933333
740,6575.26074166292,15.730288855652919,250.1614567908358,6825.422198453755,38.34117443852432,6992.206307261336
741,6574.989213577877,15.72963926693272,249.70315889551657,6824.692372473394,38.32238941885594,6991.394766445417
742,6574.718421486245,15.728991438962307,249.2445820626762,6823.963003548921,38.30352264469204,6990.583327053331
743,6574.448365917217,15.728345373007697,248.78572757073215,6823.234093487949,38.28457408842457,6989.771990772596
744,6574.17904740368,15.727701070343732,248.32659678471373,6822.5056441883935,38.26554372835663,6988.960759406745
745,6573.910466478225,15.727058532244557,247.86719115697449,6821.7776576352,38.24643154888969,6988.14963487287
746,6573.642623667447,15.72641775996997,247.40751222784644,6821.050135895293,38.22723754071161,6987.338619197389
747,6573.375519487265,15.725778754754222,246.94756162623486,6820.3230811135,38.20796170098566,6986.5277145127875
748,6573.109154438498,15.72514151779545,246.48734107015443,6819.596495508653,38.188604033539974,6985.716923054551
749,6572.843529001941,15.724506050243876,246.02685236720708,6818.870381369148,38.169164549057484,6984.906247157548
750,6572.578643633304,15.723872353189721,245.5660974150011,6818.144741048305,38.14964326526606,6984.095689252213
751,6572.314498758475,15.723240427651854,245.1050782015129,6817.419576959987,38.13004020712858,6983.285251860997
752,6572.051094768882,15.722610274566703,244.64379680539145,6816.694891574273,38.11035540703287,6982.474937594866
753,6571.7884320163785,15.721981894776025,244.18225539620735,6815.970687412586,38.09058890498112,6981.664749149254
754,6571.526510808768,15.721355289016191,243.72045623464663,6815.246967043415,38.07074074877879,6980.854689300602
755,6571.26533140446,15.720730457905407,243.25840167265116,6814.5237330771115,38.05081099422259,6980.044760901979
756,6571.004894008653,15.720107401934575,242.7960941535068,6813.800988162159,38.030799705287464,6979.23496688016
757,6570.745198766912,15.719486121451942,242.33353621188172,6813.078734978793,38.010706954312326,6978.425310230052
758,6570.486245761845,15.71886661665513,241.87073047381546,6812.35697623566,37.99053282218442,6977.615794012162
759,6570.228035006905,15.718248887576328,241.40767965666208,6811.635714663567,37.970277398521944,6976.806421347138
760,6569.970566442469,15.717632934072892,240.94438656898834,6810.914953011457,37.9499407818549,6975.997195412526
761,6569.713839930275,15.717018755814054,240.48085411043004,6810.194694040705,37.92952307980397,6975.188119437852
762,6569.457855248923,15.71640635227015,240.01708527150868,6809.474940520431,37.90902440925708,6974.379196700699
763,6569.202612088217,15.715795722699085,239.55308313341072,6808.755695221628,37.88844489654369,6973.570430521593
764,6568.948110044511,15.715186866135193,239.08885086773233,6808.036960912244,37.867784677606465,6972.761824259832
765,6568.694348615454,15.714579781376685,238.624391736193,6807.318740351647,37.84704389817024,6971.953381308687
766,6568.441327195103,15.713974466973932,238.15970909031958,6806.601036285423,37.826222713908074,6971.145105090924
767,6568.189045068114,15.713370921215583,237.69480637110496,6805.883851439219,37.80532129060424,6970.336999053347
768,6567.937501404695,15.712769142116494,237.22968710864404,6805.167188513338,37.78433980431411,6969.529066662105
769,6567.686695255447,15.712169127405376,236.7643549217501,6804.451050177197,37.76327844152058,6968.721311397812
770,6567.436625545271,15.711570874510219,236.29881351755446,6803.735439062826,37.74213739928712,6967.913736749725
771,6567.1872910680395,15.710974380545549,235.83306669109393,6803.020357759134,37.72091688540716,6967.106346210655
772,6566.938690481838,15.71037964230105,235.36711832488763,6802.305808806726,37.699617118549824,6966.299143272418
773,6566.690822301095,15.709786656222715,234.9009723885078,6801.5917946896025,37.67823832840185,6965.49213141815
774,6566.443684892589,15.709195418403322,234.4346329381478,6800.878317830737,37.656780755805485,6964.68531411849
775,6566.197276468425,15.70860592456561,233.96810411619015,6800.165380584615,37.635244652892624,6963.878694824698
776,6565.951595080015,15.708018170047882,233.50139015077866,6799.452985230793,37.613630283214675,6963.072276962777
777,6565.706638611637,15.707432149788604,233.0344953553977,6798.741133967034,37.59193792186835,6962.266063927162
778,6565.462404773751,15.70684785831041,232.56742412846162,6798.029828902212,37.57016785561737,6961.4600590741475
779,6565.218891097081,15.706265289705936,232.10018095291872,6797.31907205,37.54832038300987,6960.654265716093
780,6564.976094924725,15.70568443761896,231.63277039587197,6796.608865320597,37.52639581449163,6959.848687113636
781,6564.734013405639,15.705105295228803,231.16519710822018,6795.8992105138595,37.504394472514996,6959.0433264693
782,6564.492643487065,15.704527855232213,230.69746582432305,6795.190109311388,37.482316691643675,6958.238186920038
783,6564.251981907427,15.70395210982638,230.2295813616928,6794.48156326912,37.46016281865322,6957.433271530262
784,6564.0120251878925,15.703378050688737,229.76154862071525,6793.773573808608,37.43793321262736,6956.6285832835365
785,6563.772769625043,15.702805668959433,229.29337258440427,6793.066142209447,37.41562824505023,6955.824125075415
786,6563.534211282025,15.702234955220156,228.82505831819083,6792.359269600216,37.39324829989451,6955.019899704757
787,6563.2963459810035,15.701665899476085,228.35661096975122,6791.652956950755,37.37079377370554,6954.215909866374
788,6563.0591692930975,15.701098491131813,227.88803576887517,6790.947205061972,37.348265075681695,6953.412158141188
789,6562.822676529652,15.700532718970459,227.41933802737753,6790.2420145570295,37.32566262775076,6952.6086469877455
790,6562.5868627334285,15.699968571132604,226.95052313905563,6789.537385872484,37.30298686464293,6951.805378733681
791,6562.3517226684535,15.699406035091995,226.48159657969344,6788.833319248147,37.28023823396019,6951.002355565874
792,6562.1172508095115,15.69884509763041,226.01256390711586,6788.129814716627,37.257417196242386,6950.199579520282
793,6561.88344133214,15.698285744813733,225.5434307612939,6787.426872093434,37.23452422503028,6949.397052472316
794,6561.6502881015385,15.697727961965404,225.0742028645019,6786.72449096604,37.21155980692567,6948.594776126167
795,6561.417784661585,15.697171733640156,224.60488602152964,6786.0226706831145,37.18852444164891,6947.792752004288
796,6561.185924223097,15.696617043595925,224.13548611994815,6785.321410343045,37.16541864209393,6946.990981436154
797,6560.954699651418,15.696063874764159,223.66600913043192,6784.62070878185,37.14224293438137,6946.189465546409
798,6560.7241034541885,15.695512209220547,223.19646110713614,6783.920564561325,37.11899785790972,6945.388205243232
799,6560.494127768796,15.694962028155015,222.72684818813025,6783.220975956926,37.09568396540518,6944.587201206438
800,6560.264764348069,15.694413311837485,222.2571765958873,6782.521940943956,37.07230182297037,6943.786453873877
801,6560.0360045465495,15.693866039585046,221.78745263782773,6781.823457184377,37.04885201013237,6942.985963428453
802,6559.807839306544,15.693320189728574,221.31768270691677,6781.125522013461,37.02533511989054,6942.185729784985
803,6559.58025914302,15.692775739576604,220.84787328231442,6780.428132425334,37.00175175876453,6941.38575257596
804,6559.353254127215,15.692232665376112,220.3780309300746,6779.73128505729,36.97810254684295,6940.586031136057
805,6559.126813871697,15.691690942276788,219.9081623038921,6779.034976175589,36.95438811783331,6939.786564488164
806,6558.90092751288,15.691150544289187,219.43827414589222,6778.339201658772,36.93060911911374,6938.987351326917
807,6558.675583694161,15.690611444244405,218.96837328746085,6777.643956981622,36.90676621178706,6938.188390002896
808,6558.450770548133,15.690073613751514,218.49846665010853,6776.9492371982415,36.882860070737806,6937.3896785059505
809,6558.226475677126,15.689537023151019,218.02856124636335,6776.255036923489,36.858891384693116,6936.591214446904
810,6558.002686135415,15.689001641472286,217.55866418068578,6775.561350316101,36.834860856287825,6935.792995040953
811,6557.7793884083285,15.688467436383561,217.08878265039758,6774.868171058726,36.81076920213485,6934.995017088013
812,6557.556568392885,15.687934374145659,216.61892394661515,6774.1754923395,36.7866171529015,6934.197276954622
813,6557.334211374814,15.687402419556971,216.14909545517762,6773.483306829991,36.762405453392695,6933.39977055225
814,6557.112302008637,15.68687153590583,215.6793046575572,6772.791606666195,36.73813486264179,6932.602493318686
815,6556.890824294488,15.686341684915043,215.20955913173765,6772.100383426226,36.71380615401023,6931.80544019617
816,6556.669761554465,15.685812826685323,214.73986655304617,6771.409628107512,36.68942011529681,6931.008605609053
817,6556.449096408908,15.685284919638537,214.2702346949202,6770.719331103828,36.664977548857735,6930.211983441359
818,6556.228810752582,15.684757920460722,213.80067142958916,6770.029482182171,36.640479271738506,6929.415567014234
819,6556.008885728805,15.684231784040202,213.33118472864925,6769.340070457454,36.61592611581892,6928.619349061267
820,6555.789301703775,15.68370646340616,212.86178266350376,6768.651084367279,36.59131892797224,6927.823321703958
821,6555.570038240152,15.683181909665436,212.39247340564236,6767.962511645795,36.566658570239944,6927.027476426339
822,6555.351074070431,15.682658071938832,211.9232652267249,6767.274339297156,36.54194592002328,6926.231804049257
823,6555.132387069307,15.682134897294992,211.4541664984339,6766.58655356774,36.51718187029312,6925.436294703515
824,6554.9139542254525,15.681612330682901,210.9851856920552,6765.8991399175075,36.49236732981935,6924.640937802222
825,6554.695751613986,15.681090314865996,210.51633137774016,6765.212082991727,36.4675032234215,6923.845722013611
826,6554.477754367866,15.680568790353746,210.0476122233978,6764.525366591263,36.44259049224187,6923.050635232516
827,6554.25993664927,15.680047695333181,209.57903699316105,6763.838973642431,36.41763009404288,6922.255664551517
828,6554.042271620069,15.679526965598251,209.11061454536082,6763.15288616543,36.39262300353007,6921.4607962307855
829,6553.824731415867,15.679006534487721,208.64235382993937,6762.467085245807,36.3675702127024,6920.666015671062
830,6553.607287115781,15.678486332812874,208.17426388522154,6761.781551001002,36.342472731231325,6919.871307381859
831,6553.389908716012,15.677966288794286,207.7063538339582,6761.09626254997,36.31733158687027,6919.076654952855
832,6553.17256510378,15.677446327999473,207.23863287854383,6760.411197982324,36.29214782589597,6918.2820410249715
833,6552.955224031365,15.676926373280779,206.77111029530187,6759.726334326667,36.26692251358307,6917.4874472607535
834,6552.737852093177,15.676406344720519,206.30379542772056,6759.041647520898,36.24165673471346,6916.6928543169015
835,6552.5204147031745,15.675886159576972,205.83669767850915,6758.357112381684,36.21635159412142,6915.898241816112
836,6552.302876076621,15.67536573224072,205.36982650033494,6757.672702576956,36.19100821727583,6915.103588322106
837,6552.085199213671,15.674844974195386,204.90319138508545,6756.988390598757,36.165627750900065,6914.308871315173
838,6551.867345885729,15.674323793984998,204.4368018514907,6756.30414773722,36.14021136363045,6913.514067169012
839,6551.649276628301,15.673802097196893,203.9706674309224,6755.619944059224,36.11476024671353,6912.719151132427
840,6551.430950736206,15.673279786450253,203.50479765117797,6754.935748387384,36.08927561474191,6911.924097311511
841,6551.212326267104,15.672756761404555,203.0392020180403,6754.251528285145,36.063758706428374,6911.128878658108
842,6550.9933600506065,15.672232918781356,202.57388999439092,6753.567250044997,36.038210785417235,6910.333466961562
843,6550.774007703583,15.671708152400917,202.10887097664454,6752.882878680228,36.01263314113116,6909.537832844148
844,6550.554223657807,15.67118235324834,201.64415426825792,6752.1983779260645,35.987027089651164,6908.741945766047
845,6550.333961195342,15.670655409558236,201.17974905006014,6751.513710245403,35.961393974626525,6907.945774035028
846,6550.113172494984,15.670127206925798,200.7156643471421,6750.828836842125,35.93573516821064,6907.149284823841
847,6549.89180869326,15.669597628452776,200.2519089920412,6750.143717685301,35.910052072017336,6906.352444198576
848,6549.669819958736,15.669066554925207,199.78849158395718,6749.458311542693,35.884346118091216,6905.5552171563895
849,6549.447155582061,15.668533865028854,199.32542044374276,6748.772576025804,35.85861876988426,6904.7575676748
850,6549.223764083714,15.667999435606971,198.86270356442458,6748.086467648139,35.832871523229116,6903.959458774186
851,6548.999593340868,15.667463141963799,198.4003485570326,6747.399941897901,35.80710590729798,6903.160852594648
852,6548.774590734696,15.666924858216976,197.93836259154503,6746.712953326241,35.781323485533804,6902.361710488313
853,6548.54870332071,15.666384457705048,197.47675233279972,6746.02545565351,35.755525856538895,6901.561993129454
854,6548.321878022287,15.665841813450447,197.01552387127572,6745.337401893563,35.72971465490319,6900.761660642392
855,6548.094061849645,15.665296798683361,196.5546826487178,6744.648744498363,35.703891551952296,6899.960672749356
856,6547.865202144872,15.664749287427922,196.0942333786609,6743.959435523532,35.67805825639295,6899.1589889388415
857,6547.635246855129,15.66419915515581,195.63417996201332,6743.269426817142,35.65221651483026,6898.3565686566535
858,6547.404144832267,15.66364627950303,195.17452539797404,6742.578670230241,35.626368112128716,6897.553371518001
859,6547.171846162306,15.663090541058148,194.71527169069958,6741.887117853005,35.60051487158581,6896.749357544403
860,6546.938302520421,15.662531824211532,194.25641975229047,6741.194722272711,35.574658654883955,6895.944487421457
861,6546.703467552779,15.66197001806885,193.79796930283868,6740.501436855618,35.5488013617838,6895.1387227793775
862,6546.467297283592,15.661405017424862,193.33991876846906,6739.807216052061,35.52294492951883,6894.332026495468
863,6546.229750543431,15.660836723788112,192.8822651785078,6739.112015721938,35.497091331848864,6893.524363015481
864,6545.990789414867,15.660265046447051,192.4250040631208,6738.415793477988,35.471242577727494,6892.715698691102
865,6545.750379693656,15.65968990357334,191.96812935298144,6737.718509046637,35.44540070953683,6891.9060021331225
866,6545.508491355736,15.65911122333908,191.51163328273455,6737.02012463847,35.419567800841676,6891.095244572131
867,6545.265099027688,15.658528945042315,191.05550630022663,6736.320605327915,35.39374595361474,6890.283400226139
868,6545.020182449845,15.65794302021494,190.59973698364837,6735.619919433494,35.367937294885095,6889.470446666244
869,6544.773726927126,15.657353413701257,190.14431196888654,6734.918038896012,35.342143972763374,6888.656365177533
870,6544.525723753065,15.656760104672404,189.68921588948837,6734.214939642553,35.316368151800795,6887.8411411028865
871,6544.276170605703,15.656163087573452,189.2344313316969,6733.5106019374,35.29061200764267,6887.0247641706455
872,6544.025071896431,15.655562372957968,188.77993880701007,6732.8050107034405,35.26487772094404,6886.207228789547
873,6543.772439069084,15.654957988203549,188.32571674463537,6732.098155813719,35.23916747052247,6885.388534310492
874,6543.518290836273,15.654349978077208,187.87174150605898,6731.390032342332,35.21348342573319,6884.568685244271
875,6543.2626533451985,15.653738405132053,187.4179874237035,6730.680640768902,35.1878277380639,6883.74769142948
876,6543.005560264728,15.653123349915617,186.9644268653285,6729.969987130056,35.16220253196022,6882.925568144084
877,6542.747052788443,15.652504910977138,186.51103032542022,6729.258083113864,35.13660989490903,6882.102336156719
878,6542.48717954818,15.651883204660718,186.0577665443359,6728.5449460925165,35.11105186682484,6881.278021713205
879,6542.225996436029,15.651258364679496,185.60460265542517,6727.830599091454,35.08553042880338,6880.452656456749
880,6541.963566334618,15.650630541470377,185.1515043597555,6727.115070694374,35.0600474913276,6879.626277281649
881,6541.699958756377,15.649999901331045,184.6984361274454,6726.398394883822,35.03460488203222,6878.798926120662
882,6541.435249398354,15.649366625354915,184.24536142397557,6725.68061082233,35.00920433315473,6877.9706496715535
883,6541.169519616637,15.648730908173773,183.7922429592258,6724.961762575863,34.98384746882142,6877.141499065236
884,6540.902855830932,15.648092956533329,183.33904295640195,6724.241898787333,34.95853579233693,6876.311529483999
885,6540.635348868407,15.647452987723462,182.88572343749,6723.521072305897,34.933270673662584,6875.48079973633
886,6540.367093258239,15.646811227890524,182.43224652142644,6722.799339779665,34.908053337284215,6874.6493717968515
887,6540.098186491734,15.646167910267305,181.97857473082024,6722.0767612225545,34.88288485067996,6873.817310323012
888,6539.828728258077,15.645523273344681,181.5246713028175,6721.353399560894,34.85776611360487,6872.9846821550755
889,6539.558819672817,15.644877559025877,181.0705004995691,6720.629320172386,34.832697848410206,6872.15155581297
890,6539.288562508414,15.644231010785678,180.61602791375267,6719.904590422167,34.807680591609675,6871.318000995669
891,6539.018058442598,15.643583871872243,180.16122076470305,6719.179279207301,34.78271468689449,6870.4840880952925
892,6538.747408333795,15.642936383573671,179.70604818092428,6718.453456514719,34.757800279781165,6869.649887731767
893,6538.476711535515,15.642288783577788,179.25048146506722,6717.727193000583,34.73293731405321,6868.815470316714
894,6538.206065256274,15.641641304440848,178.79449433785754,6717.000559594132,34.70812553012859,6867.980905650192
895,6537.9355639740015,15.640994172186607,178.33806315792557,6716.273627131927,34.68336446545131,6867.14626255664
896,6537.66529890995,15.640347605047728,177.88116711500612,6715.546466024956,34.65865345696756,6866.311608562765
897,6537.395357565035,15.639701812356543,177.4237883945267,6714.819145959562,34.63399164570646,6865.477009618385
898,6537.125823320972,15.639056993590842,176.96591231216516,6714.091735633137,34.60937798344308,6864.642529861115
899,6536.856775108915,15.638413337581136,176.50752741751958,6713.364302526435,34.58481124137988,6863.8082314264375
900,6536.588287141787,15.637771021870304,176.04862556657582,6712.636912708363,34.56029002074078,6862.974174298585
901,6536.3204287135,15.637130212233254,175.58920196317203,6711.909630676672,34.53581276513537,6862.140416205011
902,6536.053264056141,15.636491062335267,175.12925517013147,6711.182519226273,34.51137777451515,6861.307012545414
903,6535.786852258125,15.635853713536184,174.66878709115826,6710.455639349283,34.48698322051586,6860.474016358527
904,6535.521247236495,15.63521829482415,174.20780292496175,6709.729050161456,34.46262716295608,6859.641478320315
905,6535.2564977591555,15.634584922868793,173.74631109338566,6709.002808852541,34.43830756724627,6858.809446770063
906,6534.992647513092,15.633953702184431,173.2843231455726,6708.276970658665,34.41402232245258,6857.977967761334
907,6534.729735214927,15.633324725394562,172.82185364039165,6707.551588855319,34.38976925975715,6857.147085135262
908,6534.467794756627,15.632698073580448,172.35892000949602,6706.826714766123,34.36554617106071,6856.316840610237
909,6534.206855385156,15.6320738167109,171.89554240346712,6706.102397788623,34.34135082748301,6855.487273888175
910,6533.946941909341,15.63145201413718,171.431743523543,6705.378685432885,34.31718099753247,6854.6584227721505
911,6533.688074930682,15.630832715145171,170.9675484414265,6704.6556233721085,34.29303446473587,6853.83032329371
912,6533.430271091855,15.630215959549892,170.50298440963212,6703.933255501487,34.26890904454247,6853.003009845247
913,6533.173543343024,15.629601778332594,170.03808066475827,6703.211624007782,34.24480260034225,6852.176515319271
914,6532.9179012193445,15.628990194304652,169.57286822597763,6702.490769445322,34.22071305846495,6851.350871249645
915,6532.663351125068,15.628381222787246,169.10737969091974,6701.770730815988,34.19663842205353,6850.5261079519205
916,6532.409896625346,15.62777487230944,168.6416490309901,6701.051545656336,34.17257678373215,6849.702254665571
917,6532.157538738262,15.627171145306846,168.17571138802464,6700.333250126287,34.148526337013635,6848.879339692296
918,6531.90627622537,15.626570038816674,167.70960287402994,6699.6158790993995,34.12448538641458,6848.057390530303
919,6531.656105880122,15.625971545167756,167.24336037560545,6698.899466255727,34.10045235626651,6847.236434005486
920,6531.407022808535,15.625375652651996,166.777021364492,6698.184044173026,34.07642579823005,6846.416496395327
921,6531.159020700527,15.624782346173511,166.310623715539,6697.469644416066,34.05240439753362,6845.597603545338
922,6530.912092091623,15.624191607874696,165.8442055332388,6696.756297624862,34.028386977971465,6844.779780979038
923,6530.666228607977,15.623603417722434,165.37780498783334,6696.044033595811,34.00437250570581,6843.9630539956315
924,6530.421421197819,15.623017754061767,164.9114601618712,6695.33288135969,33.98036009192602,6843.147447759568
925,6530.177660344013,15.622434594124433,164.4452089079627,6694.622869251975,33.956348994424175,6842.33298737772
926,6529.934936254445,15.62185391448432,163.97908871836898,6693.914024972814,33.932338618151014,6841.519697961771
927,6529.693239032134,15.621275691464437,163.51313660694922,6693.2063756390835,33.90832851482047,6840.707604678552
928,6529.452558819261,15.620699901481485,163.04738900389248,6692.499947823153,33.88431838163333,6839.896732783258
929,6529.212885914417,15.620126521326355,162.5818816635641,6691.794767577981,33.86030805919357,6839.087107635472
930,6528.974210862596,15.619555528379417,162.11664958571254,6691.090860448308,33.83629752869268,6838.278754698122
931,6528.736524512791,15.618986900748304,161.65172695019754,6690.388251462989,33.81228690843913,6837.471699514699
932,6528.499818044866,15.618420617332214,161.18714706532603,6689.6869651101915,33.78827644981194,6836.665967666873
933,6528.264082962137,15.617856657804156,160.7229423298072,6688.9870252919445,33.764266532718935,6835.8615847092715
934,6528.029311046788,15.617295002504278,160.25914420826638,6688.288455255055,33.74025766064135,6835.058576078844
935,6527.795494282736,15.61673563225535,159.7957832201887,6687.591277502925,33.71625045534775,6834.256966983688
936,6527.562624735497,15.61617852807535,159.3328889420938,6686.89551367759,33.692245651360814,6833.45678226101
937,6527.330694397224,15.615623670806755,158.8704900226742,6686.201184419898,33.66824409026066,6832.658046212531
938,6527.09969499036,15.615071040646795,158.4086142105589,6685.508309200919,33.64424671490793,6831.8607824107685
939,6526.869617733158,15.614520616586502,157.94728839429376,6684.816906127451,33.62025456366874,6831.0650134794105
940,6526.6404530630225,15.613972375748858,157.4865386540556,6684.126991717078,33.59626876472141,6830.270760843617
941,6526.412190324481,15.6134262926423,157.0263903245419,6683.438580649024,33.57229053052234,6829.478044456796
942,6526.184817414358,15.612882338311861,156.56686806839843,6682.751685482756,33.54832115250453,6828.686882496151
943,6525.958320393397,15.61234047941004,156.1079959594669,6682.066316352864,33.524361996077786,6827.8972910358025
944,6525.732683060143,15.611800677177376,155.64979757504662,6681.3824806351895,33.50041449599449,6827.1092836927655
945,6525.507886491841,15.611262886344118,155.1922960962765,6680.700182588118,33.47648015213864,6826.322871249921
946,6525.283908553831,15.610727053956532,154.73551441564857,6680.019422969479,33.45256052578955,6825.538061256663
947,6525.060723382132,15.610193118139073,154.27947525056354,6679.340198632695,33.42865723640419,6824.754857611054
948,6524.838300840004,15.60966100679427,153.82420126173395,6678.662502101738,33.404771958954775,6823.973260123192
949,6524.616605955214,15.609130636256493,153.36971517512555,6677.98632113034,33.38090642185033,6823.193264065389
950,6524.395598340244,15.60860190990489,152.9160399060077,6677.311638246251,33.357062405462585,6822.414859710014
951,6524.1752316026395,15.608074716752727,152.46319868354942,6676.638430286189,33.33324174126833,6821.638031860706
952,6523.955452749757,15.607548930023341,152.0112151742579,6675.9666679240145,33.30944631161148,6820.8627593795245
953,6523.736201595747,15.607024405731451,151.56011360239884,6675.296315198146,33.28567805007944,6820.089014715992
954,6523.517410175946,15.606500981282167,151.1099188653696,6674.6273290413155,33.26193894247874,6819.316763441098
955,6523.2990021804935,15.605978474116013,150.66065664181136,6673.959658822305,33.23823102838595,6818.545963795784
956,6523.080892413031,15.60545668041395,150.21235349004547,6673.293245903076,33.21455640323915,6817.776566257166
957,6522.862986287034,15.604935373892426,149.7650369341994,6672.628023221233,33.190917220925165,6817.008513132258
958,6522.645179373023,15.604414304720152,149.3187355351552,6671.963914908179,33.167315696806135,6816.241738189286
959,6522.427357009272,15.603893198586775,148.87347894320038,6671.300835952472,33.14375411111685,6815.47616633583
960,6522.20939399252,15.603371755962966,148.42929792900125,6670.638691921521,33.120234812651084,6814.711713356553
961,6521.991154370556,15.6028496516042,147.98622438924946,6669.977378759805,33.09676022264087,6813.948285728293
962,6521.772491355646,15.60232653434365,147.54429132306794,6669.316782678714,33.07333283871669,6813.185780527131
963,6521.553247387359,15.601802027242487,147.10353277501468,6668.656780162374,33.04995523882016,6812.424085451242
964,6521.333254371809,15.601275728162221,146.66398374031226,6667.9972381121215,33.02663008492202,6811.663078981533
965,6521.112334132055,15.600747210842238,146.22568002778124,6667.338014159836,33.00336012637883,6810.902630709585
966,6520.890299107728,15.600216026573513,145.78865807590836,6666.678957183637,32.98014820274136,6810.142601865562
967,6520.666953340836,15.599681706557023,145.35295471757257,6666.019908058408,32.956997245805994,6809.382846077664
968,6520.442093794907,15.599143765059587,144.91860688924538,6665.360700684152,32.93391028067904,6808.623210405106
969,6520.21551204822,15.598601703464642,144.4856512810399,6664.70116332926,32.91089042560278,6807.863536680633
970,6519.986996402946,15.598055015318053,144.0541239248775,6664.041120327824,32.8879408902727,6807.10366320051
971,6519.756334450062,15.597503192464263,143.62405971935343,6663.380394169416,32.865064972358766,6806.343426799176
972,6519.523316114009,15.596945732330164,143.19549189168276,6662.718808005691,32.84226605193229,6805.582665331597
973,6519.287737190538,15.596382146388846,142.76845139946167,6662.05618859,32.81954758349485,6804.821220578202
974,6519.049403370793,15.595811969786586,142.3429662779091,6661.392369648702,32.796913085311,6804.058941569805
975,6518.8081347117095,15.595234772037582,141.91906094175596,6660.727195653465,32.77436612576353,6803.295688300536
976,6518.563770483279,15.594650168620284,141.49675545492812,6660.060525938207,32.75191030648297,6802.5313357714085
977,6518.316174283018,15.594057833212961,141.07606478547436,6659.392239068492,32.72954924205406,6801.765778271427
978,6518.065239261891,15.593457510195913,140.65699806754932,6658.722237329441,32.70728653617451,6800.9989337618
979,6517.8108932714895,15.592849026965286,140.23955789632268,6658.050451167812,32.68512575423598,6800.230748198738
980,6517.553103700477,15.592232305503533,139.8237396850123,6657.376843385489,32.663070392416316,6799.461199592501
981,6517.291881750442,15.591607372608713,139.409531115346,6656.701412865788,32.641123843511295,6798.690301585062
982,6517.027285884118,15.590974368143824,138.9969117131782,6656.024197597297,32.61928935989357,6797.9181063128335
983,6516.7594242077,15.590333550736124,138.58585257933692,6655.345276787037,32.59757001415585,6797.144706348615
984,6516.4884555663575,15.589685300397985,138.17631630182728,6654.664771868185,32.575968658168904,6796.37023553122
985,6516.214589208279,15.589030117723155,137.76825706927715,6653.982846277556,32.55448788144943,6795.5948685618605
986,6515.938082936107,15.58836861946437,137.36162099723967,6653.299703933347,32.53312996987635,6794.818819302309
987,6515.65923976697,15.58770153054299,136.95634666921097,6652.615586436181,32.51189686590244,6794.042337802856
988,6515.378403203809,15.587029672736385,136.55236588371938,6651.9307690875285,32.49079013147022,6793.265706159424
989,6515.095951312093,15.5863539505074,136.14960458848378,6651.2455559005775,32.46981091484497,6792.489233380154
990,6514.812289863058,15.585675334600618,135.7479839733079,6650.560273836366,32.448959922518924,6791.713249499323
991,6514.527844854208,15.584994844148822,135.34742168585666,6649.875266540064,32.428237397217075,6790.938099217959
992,6514.243054731866,15.584313528066666,134.94783312932108,6649.190887861188,32.40764310285151,6790.164135358592
993,6513.9583626406375,15.583632446508702,134.5491327985165,6648.507495439154,32.387176317036236,6789.391712418262
994,6513.674208993343,15.582952653094123,134.1512356111828,6647.825444604526,32.36683583150443,6788.62118047157
995,6513.391024605773,15.58227517848271,133.7540581939167,6647.14508279969,32.3466199604802,6787.852879627779
996,6513.109224589229,15.581601015763704,133.3575200868143,6646.466744676043,32.326526556768115,6787.087135197984
997,6512.829203126007,15.580931107956955,132.96154483697984,6645.790747962987,32.30655303505415,6786.3242536654725
998,6512.551329200126,15.580266337799344,132.56606095795914,6645.117390158085,32.2866964016775,6785.564519505382
999,6512.275943296523,15.57960751984814,132.17100273932894,6644.446946035852,32.266953289948624,6784.808192847129
1000,6512.00335504056,15.578955394833875,131.7763108976284,6643.779665938188,32.24731999996115,6784.055507938019
1001,6511.7338417183855,15.57831062612054,131.38193306619428,6643.11577478458,32.22779254178066,6783.306672341326
1002,6511.467647588569,15.577673798058777,130.98782412700277,6642.455471715572,32.20836668088692,6782.56186677743
1003,6511.204983886941,15.577045415997466,130.59394639219067,6641.798930279131,32.1890379847957,6781.821245512992
1004,6510.946029419345,15.576425907701783,130.2002696464825,6641.146299065827,32.16980186987986,6781.084937199805
1005,6510.690931632871,15.57581562591596,129.80677106431426,6640.497702697186,32.150653647536586,6780.3530460639695
1006,6510.43980806746,15.575214851836028,129.41343501710094,6639.853243084561,32.131588568996136,6779.625653359694
1007,6510.192748091491,15.574623799261941,129.02025278694876,6639.21300087844,32.11260186822242,6778.902819005208
1008,6509.949814838423,15.574042619230676,128.62722220329653,6638.577037041719,32.093688802508126,6778.18458333263
1009,6509.711047270866,15.573471404954226,128.23434721860409,6637.94539448947,32.074844690504705,6777.470968893166
1010,6509.476462309853,15.572910196913524,127.84163743842069,6637.318099748273,32.05606494754441,6776.761982270092
1011,6509.246056974756,15.572358987977886,127.44910762006504,6636.695164594821,32.037345118202275,6776.057615859001
1012,6509.019810495356,15.57181772845779,127.05677715283787,6636.076587648194,32.018680906109516,6775.35784958977
1013,6508.797686359025,15.571286331002451,126.66466953124718,6635.462355890272,32.00006820106576,6774.662652564908
1014,6508.579634267366,15.57076467528078,126.27281183122085,6634.852446098586,31.9815031035104,6773.971984598857
1015,6508.365591987246,15.57025261240968,125.88123419777762,6634.246826185024,31.962981946406465,6773.285797651892
1016,6508.155487078091,15.569749969086342,125.48996935115424,6633.645456429245,31.944501314569866,6772.604037147624
1017,6507.949238491558,15.569256551415211,125.09905211698995,6633.048290608548,31.926058061449822,6771.926643175855
1018,6507.74675803922,15.568772148419187,124.70851898486507,6632.455277024085,31.907649323336813,6771.2535515806
1019,6507.547951725939,15.56829653522952,124.3184076982968,6631.866359424236,31.88927253095006,6770.584694933869
1020,6507.352720955787,15.567829475970782,123.92875687822456,6631.281477834012,31.870925418339915,6769.92000340379
1021,6507.160963610839,15.56737072634172,123.53960568106945,6630.700569291908,31.85260602903635,6769.259405518216
1022,6506.972575012345,15.566920035914702,123.15099349163506,6630.12356850398,31.83431271938278,6768.6028288332955
1023,6506.787448769644,15.56647715016661,122.76295965042124,6629.550408420065,31.816044159017355,6767.95020051179
1024,6506.605477527579,15.566041812266935,122.37554321434665,6628.981020741926,31.797799328497664,6767.301447820891
1025,6506.426553617619,15.565613764635453,121.98878274941642,6628.415336367036,31.779577514110255,6766.656498553415
1026,6506.2505696242115,15.565192750297157,121.60271615351128,6627.853285777723,31.76137829995804,6766.01528138254
1027,6506.077418871894,15.564778514047594,121.21738050721547,6627.2947993791095,31.743201557474485,6765.377726154124
1028,6505.9069958442815,15.564370803455219,120.83281195042417,6626.7398077947055,31.72504743256896,6764.7437641263805
1029,6505.739196539077,15.56396936971071,120.44904558237366,6626.1882421214505,31.706916330659254,6764.113328159819
1030,6505.573918769029,15.563573968346958,120.06611538270289,6625.640034151732,31.68880889989205,6763.486352866263
1031,6505.411062411718,15.563184359836647,119.68405415118055,6625.0951165628985,31.670726012886817,6762.862774718956
1032,6505.250529619179,15.562800310093731,119.30289346380047,6624.55342308298,31.652668747361794,6762.242532134003
1033,6505.092224984566,15.562421590872168,118.92266364305662,6624.014888627623,31.634638366010815,6761.62556551977
1034,6504.93605567898,15.562047980093253,118.54339374034637,6623.479449419327,31.616636295997218,6761.011817306914
1035,6504.781931555496,15.561679262094488,118.16511152860777,6622.947043084104,31.59866410841549,6760.401231955711
1036,6504.629765228101,15.561315227818424,117.78784350347037,6622.417608731571,31.580723498045007,6759.793755948067
1037,6504.479472127085,15.560955674945179,117.41161489137846,6621.891087018463,31.562816263684255,6759.189337765489
1038,6504.33097053265,15.560600407972847,117.03644966332843,6621.367420195978,31.54494428931122,6758.587927854483
1039,6504.184181592041,15.56024923825847,116.66237055304138,6620.846552145082,31.527109526267985,6757.989478584347
1040,6504.039029320527,15.559901984020401,116.28939907856716,6620.328428399094,31.509313976618277,6757.3939441973835
1041,6503.895440587688,15.559558470305475,115.91755556647726,6619.812996154165,31.491559677777673,6756.801280752498
1042,6503.753345092578,15.55921852892961,115.5468591779588,6619.300204270537,31.473848688469772,6756.21144606538
1043,6503.612675328639,15.558881998393874,115.17732793625652,6618.790003264896,31.456183076019766,6755.624399645581
1044,6503.4733665397525,15.558548723779312,114.80897875503516,6618.282345294788,31.438564904960884,6755.0401026313675
1045,6503.335356669644,15.558218556625944,114.44182746733861,6617.777184136983,31.420996226899593,6754.458517723996
1046,6503.198586304908,15.55789135479643,114.07588885491627,6617.274475159824,31.4034790715638,6753.879609121126
1047,6503.062998612724,15.557566982327092,113.71117667775994,6616.774175290484,31.386015438942994,6753.303342449886
1048,6502.928539276986,15.557245309275087,113.34770370375739,6616.2762429807435,31.368607292421334,6752.7296847027765
1049,6502.7951564294,15.556926211553588,112.98548173841404,6615.780638167814,31.351256552802617,6752.158604172505
1050,6502.662800579197,15.55660957076363,112.62452165462989,6615.287322233827,31.333965093128892,6751.590070388937
1051,6502.531424542464,15.556295274025034,112.26483342254045,6614.796257965005,31.316734734201546,6751.024054058781
1052,6502.400983369094,15.55598321380166,111.90642613944475,6614.307409508539,31.29956724072327,6750.460527005685
1053,6502.271434270979,15.555673287729615,111.5493080598475,6613.820742330826,31.2824643179906,6749.899462114085
1054,6502.1427365478885,15.555365398439925,111.19348662564136,6613.33622317353,31.265427609078582,6749.340833273021
1055,6502.014851515396,15.555059453386114,110.83896849644705,6612.853820011843,31.2484586924705,6748.78461532409
1056,6501.887742433141,15.554755364672587,110.48575958011926,6612.373502013261,31.2315590800959,6748.230784011678
1057,6501.761374431286,15.554453048878674,110.13386506341118,6611.895239494697,31.21473021574894,6747.6793159332055
1058,6501.6357144407775,15.554152426891813,109.78328944277621,6611.419003883554,31.19797347386567,6747.13018849487
1059,6501.510731120834,15.553853423734052,109.43403655526994,6610.944767676104,31.181290158643666,6746.583379866203
1060,6501.38639479055,15.553555968398445,109.08610960949915,6610.47250440005,31.164681503490065,6746.038868940232
1061,6501.262677358066,15.553259993679584,108.73951121655267,6610.002188574618,31.14814867078485,6745.496635292532
1062,6501.139552252905,15.552965436011734,108.39424342083478,6609.533795673739,31.13169275194581,6744.956659144704
1063,6501.016994357755,15.552672235305634,108.0503077307133,6609.067302088468,31.115314767779847,6744.41892132831
1064,6500.894979942451,15.552380334790552,107.7077051488865,6608.602685091338,31.0990156691029,6743.883403251935
1065,6500.773486598105,15.55208968085671,107.36643620236796,6608.139922800473,31.082796337608322,6743.350086869069
1066,6500.6524931729,15.551800222901674,107.02650097198702,6607.678994144887,31.066657586960883,6742.818954648167
1067,6500.531979708865,15.551511913179104,106.68789912130205,6607.219878830167,31.050600164091666,6742.289989543965
1068,6500.411927381254,15.551224706653718,106.35062992482709,6606.762557306081,31.034624750667668,6741.763174971486
1069,6500.292318438131,15.550938560856771,106.01469229547773,6606.307010733608,31.01873196470918,6741.238494780093
1070,6500.173136142535,15.550653435747693,105.6800848111487,6605.853220953684,31.002922362328587,6740.715933229813
1071,6500.054364716674,15.55036929358056,105.34680574034468,6605.401170457018,30.987196439565075,6740.195474969127
1072,6499.935989286898,15.550086098772484,105.01485306679567,6604.950842353694,30.971554634291742,6739.677105012863
1073,6499.817995833342,15.549803817783115,104.68422451299936,6604.502220346341,30.955997328174206,6739.160808723899
1074,6499.700371137337,15.549522418988845,104.35491756264476,6604.055288699982,30.940524848662537,6738.646571791664
1075,6499.583102736326,15.549241872574942,104.0269294818826,6603.610032218208,30.925137471001825,6738.134380217066
1076,6499.466178876013,15.548962150421085,103.70025733942107,6603.166436215434,30.90983542024973,6737.624220293521
1077,6499.349588467978,15.548683225999946,103.37489802543556,6602.724486493414,30.894618873292533,6737.116078592237
1078,6499.233321047683,15.548405074276753,103.05084826929374,6602.284169316977,30.879487960854114,6736.609941946692
1079,6499.117366735844,15.548127671616852,102.72810465610664,6601.845471391951,30.86444276949433,6736.105797439252
1080,6499.001716200197,15.547850995694251,102.40666364212602,6601.408379842323,30.849483343595622,6735.603632386964
1081,6498.886360620141,15.547575025407037,102.08652156901708,6600.972882189159,30.83460968733715,6735.103434329075
1082,6498.7712916541495,15.547299740799401,101.76767467704235,6600.538966331192,30.819821766657356,6734.605191016151
1083,6498.656501406587,15.547025122982266,101.45011911719921,6600.106620523787,30.80511951120512,6734.108890397529
1084,6498.54198239885,15.546751154064236,101.13385096235822,6599.675833361209,30.790502816280043,6733.614520612027
1085,6498.427727539992,15.54647781708132,100.81886621745272,6599.246593757444,30.775971544761155,6733.122069977156
1086,6498.313730100204,15.546205095933503,100.50516082877385,6598.818890928978,30.761525529022613,6732.631526980227
1087,6498.199983685401,15.545932975323925,100.19273069242557,6598.392714377826,30.747164572833988,6732.142880269655
1088,6498.086482212151,15.545661440698927,99.88157166199585,6597.968053874147,30.732888453241035,6731.656118645746
1089,6497.973219886724,15.545390478197904,99.57167955549906,6597.544899442223,30.71869692242243,6731.171231054761
1090,6497.860191181477,15.545120074596834,99.26305016164434,6597.123241343121,30.70458970951642,6730.688206579517
1091,6497.747390815672,15.544850217262372,98.95567924548246,6596.703070061154,30.69056652241099,6730.207034433642
1092,6497.634813736528,15.544580894106526,98.64956255348211,6596.284376290009,30.67662704949068,6729.727703955294
1093,6497.522455100354,15.544312093541517,98.34469581808342,6595.867150918437,30.66277096133279,6729.250204600235
1094,6497.410310256379,15.544043804441097,98.04107476177393,6595.451385018153,30.648997912346424,6728.77452593686
1095,6497.298374730581,15.543776016101868,97.73869510072925,6595.03706983131,30.635307542347736,6728.300657640522
1096,6497.186644210775,15.543508718207596,97.43755254805747,6594.624196758832,30.621699478065835,6727.828589488418
1097,6497.075114533116,15.543241900796929,97.13764281668288,6594.212757349799,30.60817333457468,6727.3583113551995
1098,6496.96378166918,15.542975554232488,96.83896162190226,6593.802743291082,30.594728716647282,6726.889813208498
1099,6496.852641713636,15.542709669171378,96.5415046836432,6593.39414639728,30.58136522002982,6726.423085104409
1100,6496.74169087345,15.542444236539355,96.2452677284518,6592.986958601902,30.568082432634377,6725.958117183862
1101,6496.630925458173,15.54217924750759,95.95024649123403,6592.581171949407,30.554879935650213,6725.494899669485
1102,6496.520341869537,15.541914693467792,95.65643671677307,6592.17677858631,30.541757304574567,6725.03342286121
1103,6496.409936594253,15.54165056601496,95.36383416104246,6591.773770755295,30.528714110164934,6724.573677134513
1104,6496.299706194606,15.541386856924895,95.07243459233364,6591.37214078694,30.515749919315425,6724.115652935961
1105,6496.189647302581,15.541123558140146,94.78223379221369,6590.971881094794,30.50286429586076,6723.659340781788
1106,6496.079756612241,15.540860661751772,94.49322755632906,6590.57298416857,30.49005680131137,6723.2047312542745
1107,6495.970030874903,15.540598159987807,94.20541169506869,6590.175442569972,30.47732699552389,6722.751815000501
1108,6495.860466892886,15.540336045198291,93.91878203409952,6589.779248926985,30.464674437311032,6722.300582729288
1109,6495.7510615146475,15.540074309843654,93.63333441478613,6589.384395929434,30.452098684994954,6721.851025209162
1110,6495.641811631251,15.539812946486245,93.3490646945057,6588.990876325756,30.439599296907964,6721.403133267306
1111,6495.53271417156,15.53955194777885,93.06596874686872,6588.5986829184285,30.4271758318444,6720.956897786951
1112,6495.423766099241,15.539291306457514,92.78404246185531,6588.2078085610965,30.414827849466874,6720.512309706277
1113,6495.314964409325,15.539031015333313,92.50328174587625,6587.8182461552005,30.402554910669995,6720.069360016615
1114,6495.206306125788,15.538771067286573,92.22368252176761,6587.429988647556,30.39035657790437,6719.628039761439
1115,6495.097788298896,15.538511455260517,91.94524072872707,6587.043029027624,30.378232415463106,6719.188340034888
1116,6494.989408003223,15.538252172256513,91.6679523221999,6586.657360325423,30.36618198973319,6718.750251980762
1117,6494.881162335398,15.537993211328702,91.39181327372154,6586.272975609119,30.354204869413465,6718.313766791068
1118,6494.773048412764,15.537734565580775,91.11681957072366,6585.889867983487,30.34230062570117,6717.878875705287
1119,6494.665063372811,15.537476228164621,90.8429672163097,6585.508030589121,30.330468832448616,6717.445570010272
1120,6494.557204370962,15.537218192275027,90.57025222900552,6585.127456599967,30.318709066291614,6717.013841038336
1121,6494.449468579864,15.536960451148,90.29867064249025,6584.7481392223535,30.307020906751415,6716.583680166722
1122,6494.341853189717,15.536702998061523,90.02821850531163,6584.370071695029,30.295403936311715,6716.155078817985
1123,6494.2343554060935,15.536445826330366,89.75889188058973,6583.993247286683,30.283857740472595,6715.728028457739
1124,6494.126972450839,15.536188929308228,89.49068684571228,6583.617659296551,30.272381907783107,6715.302520595407
1125,6494.019701561917,15.53593230038736,89.22359949202419,6583.243301053941,30.26097602985446,6714.878546783808
1126,6493.912539992121,15.535675932995506,88.95762592451393,6582.870165916635,30.249639701355868,6714.456098617534
1127,6493.8054850105145,15.535419820599317,88.69276226149725,6582.498247272012,30.238372519994847,6714.0351677339895
1128,6493.698533901491,15.535163956702132,88.42900463430087,6582.127538535792,30.227174086484293,6713.615745811999
1129,6493.591683965688,15.534908334846145,88.16634918694544,6581.758033152634,30.21604400449816,6713.197824572201
1130,6493.484932519815,15.534652948611997,87.90479207582945,6581.389724595644,30.20498188061775,6712.781395776331
1131,6493.378276897478,15.53439779162076,87.64432946941298,6581.022606366891,30.193987324270665,6712.366451227468
1132,6493.271714449083,15.534142857533693,87.38495754790186,6580.656671996985,30.183059947663935,6711.952982769323
1133,6493.165242542975,15.533888140054964,87.12667250293173,6580.2919150459065,30.17219936571324,6711.540982286759
1134,6493.058858565346,15.53363363293145,86.86947053725098,6579.928329102597,30.16140519596964,6711.130441705065
1135,6492.952559920634,15.533379329953668,86.61334786440301,6579.565907785037,30.15067705854491,6710.721352989707
1136,6492.846344033174,15.533125224959747,86.35830070840619,6579.2046447415805,30.140014576036965,6710.3137081473415
1137,6492.740208346308,15.532871311833272,86.10432530343161,6578.844533649739,30.12941737345597,6709.907499224272
1138,6492.634150324341,15.532617584507992,85.85141789347819,6578.4855682178195,30.11888507815212,6709.502718307781
1139,6492.528167451865,15.532364036966184,85.59957473204463,6578.1277421839095,30.108417319745563,6709.099357524803
1140,6492.422257235818,15.532110663243582,85.34879208179815,6577.7710493176155,30.09801373005891,6708.697409043371
1141,6492.316417204422,15.531857457426845,85.09906621424038,6577.415483418662,30.08767394305258,6708.296865070941
1142,6492.210644909004,15.531604413657904,84.8503934093701,6577.061038318374,30.07739759476322,6707.897717855594
1143,6492.104937924858,15.531351526136024,84.60276995534412,6576.707707880202,30.067184323245215,6707.499959686319
1144,6491.999293850244,15.531098789115415,84.35619214813592,6576.35548599838,30.057033768515268,6707.103582891421
1145,6491.893710308847,15.530846196911119,84.11065629119449,6576.004366600042,30.0469455725,6706.708579840417
1146,6491.788184949046,15.530593743897239,83.86615869510263,6575.654343644149,30.03691937898654,6706.31494294274
1147,6491.682715444938,15.530341424509421,83.62269567723774,6575.305411122176,30.026954833575815,6705.922664648231
1148,6491.577299497439,15.53008923324746,83.38026356143524,6574.957563058874,30.01705158363858,6705.531737447702
1149,6491.471934833957,15.529837164674538,83.13885867765666,6574.610793511613,30.007209278273923,6705.142153872105
1150,6491.366619209591,15.529585213420074,82.89847736166422,6574.265096571255,29.997427568270233,6704.75390649323
1151,6491.26135040708,15.529333374179616,82.659115954703,6573.920466361783,29.987706106068416,6704.36698792318
1152,6491.156126237931,15.529081641717537,82.42077080319271,6573.576897041124,29.97804454572726,6703.981390815037
1153,6491.050944542735,15.528830010867788,82.18343825843081,6573.234382801166,29.968442542890987,6703.597107862742
1154,6490.945803190836,15.5285784765331,81.94711467630798,6572.892917867144,29.95889975475871,6703.214131800345
1155,6490.840700082412,15.52832703368998,81.71179641703816,6572.55249649945,29.949415840055902,6702.8324554036935
1156,6490.735633147375,15.528075677386065,81.47747984490383,6572.213112992278,29.93999045900768,6702.452071488961
1157,6490.630600346325,15.527824402742404,81.24416132801827,6571.874761674343,29.930623273313955,6702.072972913259
1158,6490.525599671395,15.527573204955491,81.01183723810547,6571.537436909501,29.921313946126226,6701.69515257515
1159,6490.420629145481,15.52732207929541,80.7805039502987,6571.20113309578,29.91206214202615,6701.318603413594
1160,6490.315686823363,15.527071021108524,80.55015784295846,6570.865844666321,29.9028675270057,6700.943318408796
1161,6490.21077079247,15.526820025819305,80.32079529751007,6570.53156608998,29.89372976844873,6700.569290582732
1162,6490.1058791714495,15.526569088926912,80.09241269830133,6570.19829186975,29.8846485351142,6700.196512997497
1163,6490.001010112113,15.52631820600984,79.86500643248021,6569.866016544594,29.8756234971206,6699.8249787570685
1164,6489.896161798502,15.52606737272369,79.63857288989252,6569.534734688395,29.866654325931798,6699.4546810061975
1165,6489.791332447754,15.52581658480324,79.41310846299906,6569.204440910753,29.857740694344052,6699.08561293115
1166,6489.686520309632,15.525565838061322,79.18860954681185,6568.875129856444,29.848882276474214,6698.717767759107
1167,6489.581723666946,15.525315128389824,78.96507253884877,6568.5467962057955,29.840078747748997,6698.351138758504
1168,6489.476940836203,15.525064451761251,78.7424938391059,6568.219434675309,29.83132978489532,6697.985719239603
1169,6489.372170165802,15.524813804224408,78.52086985004652,6567.893040015849,29.82263506593162,6697.621502552652
1170,6489.267410038601,15.52456318191053,78.30019697660572,6567.567607015207,29.81399427016013,6697.258482090403
1171,6489.162658869412,15.524312581027301,78.08047162620974,6567.243130495622,29.805407078160048,6696.896651285618
1172,6489.057915107489,15.524061997864806,77.86169020880884,6566.919605316298,29.796873171781687,6696.536003613548
1173,6488.953177233915,15.523811428789271,77.64384913692238,6566.597026370838,29.78839223414146,6696.176532589353
1174,6488.848443763583,15.523560870247808,77.42694482569532,6566.275388589279,29.779963949617777,6695.818231770117
1175,6488.743713243947,15.523310318765423,77.21097369296447,6565.9546869369115,29.77158800384788,6695.461094753649
1176,6488.638984255445,15.523059770946041,76.99593215933406,6565.63491641478,29.763264083725545,6695.105115178986
1177,6488.53425541094,15.52280922347115,76.78181664825892,6565.3160720591995,29.75499187739971,6694.750286725888
1178,6488.429525356098,15.522558673100711,76.56862358613463,6564.998148942233,29.746771074274037,6694.396603115325
1179,6488.324792769096,15.522308116672479,76.35634940239353,6564.68114217149,29.738601365007355,6694.044058109273
1180,6488.2200563598035,15.522057551100009,76.14499052960599,6564.365046889409,29.730482441515054,6693.69264551
1181,6488.115314870973,15.521806973375533,75.93454340358593,6564.049858274559,29.722413996971333,6693.342359161384
1182,6488.010567076219,15.521556380565116,75.72500446349973,6563.735571539718,29.714395725812317,6692.993192947001
1183,6487.9058117815275,15.521305769812267,75.51637015197849,6563.422181933506,29.706427323740005,6692.645140791775
1184,6487.80104782413,15.52105513833524,75.3086369152328,6563.109684739363,29.698508487727015,6692.298196660975
1185,6487.696274072421,15.520804483426845,75.10180120316916,6562.79807527559,29.690638916022017,6691.952354560286
1186,6487.591489425477,15.520553802453295,74.8958594695089,6562.487348894986,29.682818308155817,6691.607608535463
1187,6487.48669281388,15.520303092856173,74.69080817190783,6562.177500985787,29.675046364947978,6691.263952673311
1188,6487.381883197636,15.520052352147454,74.48664377207761,6561.8685269697135,29.667322788514063,6690.92138109975
1189,6487.277059567739,15.519801577913253,74.28336273590818,6561.560422303647,29.659647282273042,6690.579887981535
1190,6487.17222094466,15.519550767810191,74.08096153359122,6561.253182478251,29.652019550955227,6690.239467524906
1191,6487.067366378857,15.519299919566643,73.87943663974433,6560.946803018601,29.644439300610237,6689.900113976255
1192,6486.9624949498975,15.519049030980616,73.67878453353669,6560.641279483434,29.63690623861518,6689.56182162141
1193,6486.857605766496,15.518798099919847,73.47900169881518,6560.336607465311,29.629420073682773,6689.224584785831
1194,6486.752697966103,15.518547124320822,73.28008462423173,6560.032782590335,29.621980515869446,6688.888397834367
1195,6486.647770714733,15.518296102188357,73.08202980337165,6559.729800518105,29.614587276583283,6688.553255171242
1196,6486.542823206957,15.518045031595591,72.8848337348829,6559.42765694184,29.607240068591686,6688.219151240213
1197,6486.437854664245,15.51779391068001,72.6884929226064,6559.126347586851,29.599938606028836,6687.886080523076
1198,6486.332864336635,15.517542737647451,72.49300387570753,6558.825868212342,29.59268260440272,6687.554037541494
1199,6486.227851500955,15.517291510767834,72.2983631088084,6558.526214609763,29.585471780601807,6687.223016855381
1200,6486.122815461222,15.517040228376128,72.10456714212141,6558.227382603343,29.5783058529013,6686.893013063464
1201,6486.017755547609,15.516788888869879,71.9116125015835,6557.929368049193,29.571184540968908,6686.564020802408
1202,6485.912671117261,15.516537490711151,71.71949571899142,6557.6321668362525,29.564107565870124,6686.236034747788
1203,6485.807561552641,15.516286032422586,71.52821333213775,6557.335774884779,29.557074650073083,6685.909049612597
1204,6485.702426262218,15.516034512589039,71.33776188494753,6557.040188147165,29.550085517452853,6685.583060148085
1205,6485.597264680182,15.515782929856895,71.14813792761544,6556.745402607798,29.54313989329528,6685.258061143632
1206,6485.4920762647835,15.515531282930104,70.95933801674319,6556.451414281527,29.536237504300313,6684.934047425233
1207,6485.386860499728,15.515279570573512,70.7713587154774,6556.1582192152055,29.529378078584948,6684.61101385705
1208,6485.281616892731,15.515027791609404,70.58419659364708,6555.865813486378,29.52256134568561,6684.28895534011
1209,6485.176344975764,15.514775944918094,70.39784822790101,6555.574193203664,29.515787036560212,6683.967866812702
1210,6485.071044304278,15.514524029436071,70.21231020184476,6555.283354506123,29.50905488358973,6683.647743249739
1211,6484.965714457138,15.514272044155833,70.0275791061769,6554.993293563315,29.502364620579435,6683.328579662835
1212,6484.860355036153,15.514019988124769,69.84365153882435,6554.704006574977,29.495715982759748,6683.010371099982
1213,6484.7549656658075,15.513767860444515,69.6605241050766,6554.415489770884,29.48910870678679,6682.6931126454065
1214,6484.649545993372,15.513515660271226,69.4781934177187,6554.127739411091,29.482542530742577,6682.3767994198215
1215,6484.5440956873845,15.513263386811925,69.2966560971625,6553.840751784547,29.47601719413496,6682.061426579035
1216,6484.438614438786,15.51301103932724,69.11590877157627,6553.554523210362,29.46953243789727,6681.746989315216
1217,6484.333101959564,15.512758617128144,68.93594807701251,6553.269050036577,29.463088004387764,6681.433482855664
1218,6484.227557982649,15.512506119575717,68.7567706575334,6552.984328640183,29.45668363738878,6681.120902462824
1219,6484.12198226166,15.512253546080528,68.57837316533417,6552.700355426995,29.450319082105764,6680.809243434155
1220,6484.016374571014,15.512000896102904,68.40075226086407,6552.417126831879,29.443994085165997,6680.498501102351
1221,6483.910734704634,15.511748169149842,68.22390461294484,6552.134639317579,29.437708394617275,6680.188670834164
1222,6483.805062476495,15.511495364776303,68.04782689888641,6551.852889375381,29.43146175992631,6679.87974803106
1223,6483.6993577199355,15.511242482583578,67.87251580460016,6551.5718735245355,29.425253931977053,6679.571728128636
1224,6483.593620287431,15.510989522218734,67.6979680247092,6551.29158831214,29.41908466306885,6679.26460659649
1225,6483.487850049723,15.510736483372543,67.5241802626559,6551.0120303123795,29.41295370691448,6678.958378937457
1226,6483.3820468969625,15.510483365782207,67.35114923080675,6550.73319612777,29.406860818638016,6678.653040688845
1227,6483.276210736481,15.51023016922603,67.178871650554,6550.455082387035,29.40080575477266,6678.348587420296
1228,6483.17034149395,15.509976893526197,67.00734425241471,6550.177685746365,29.394788273258385,6678.045014735038
1229,6483.064439112364,15.509723538546325,66.83656377612684,6549.901002888491,29.388808133439504,6677.742318268954
1230,6482.958503551994,15.509470104191374,66.66652697074244,6549.625030522737,29.382865096062147,6677.440493690607
1231,6482.852534790047,15.50921659040681,66.49723059471812,6549.349765384765,29.37695892327156,6677.139536700996
1232,6482.746532820137,15.508962997177361,66.32867141600263,6549.07520423614,29.37108937860941,6676.839443033091
1233,6482.640497652196,15.508709324526786,66.16084621212164,6548.8013438643175,29.365256227010885,6676.540208451815
1234,6482.534429312544,15.508455572518047,65.99375177025998,6548.528181082804,29.359459234801726,6676.241828754191
1235,6482.428327842259,15.508201741249424,65.82738488734095,6548.2557127296,29.353698169695203,6675.944299767774
1236,6482.32219329889,15.507947830858589,65.66174237010327,6547.983935668994,29.347972800788856,6675.647617352425
1237,6482.216025754556,15.507693841518076,65.49682103517523,6547.712846789731,29.342282898561255,6675.351777398472
1238,6482.109825295972,15.507439773435339,65.3326177091464,6547.442443005119,29.33662823486858,6675.056775826797
1239,6482.003592024698,15.507185626853346,65.16912922863688,6547.172721253335,29.331008582941077,6674.762608589129
1240,6481.897326056696,15.506931402049513,65.00635244036404,6546.90367849706,29.325423717379444,6674.469271667661
1241,6481.7910275212525,15.50667709933314,64.84428420120688,6546.63531172246,29.319873414151047,6674.176761074017
1242,6481.684696561822,15.506422719047421,64.68292137826806,6546.367617940091,29.31435745058606,6673.88507285014
1243,6481.578333335174,15.506168261567401,64.52226084893358,6546.100594184108,29.308875605373444,6673.594203067482
1244,6481.471938011119,15.505913727299328,64.36229950093019,6545.834237512049,29.30342765855683,6673.304147826771
1245,6481.365510772328,15.50565911668021,64.20303423238052,6545.5685450047085,29.29801339153029,6673.014903257866
1246,6481.259051813855,15.505404430176686,64.04446195185598,6545.303513765711,29.29263258703394,6672.7264655193085
1247,6481.152561343658,15.505149668286263,63.8865795784276,6545.039140922086,29.28728502914948,6672.438830798886
1248,6481.046039580717,15.504894831532814,63.729384041714496,6544.775423622431,29.28197050329561,6672.151995311767
1249,6480.9394867568435,15.504639920470918,63.57287228193034,6544.512359038774,29.276688796223283,6671.865955302345
1250,6480.832903115106,15.504384935682072,63.41704124992765,6544.249944365034,29.2714396960109,6671.580707042682
1251,6480.72628890915,15.504129877773085,63.261887907240045,6543.98817681639,29.26622299205938,6671.296246831848
1252,6480.619644404085,15.503874747378195,63.107409226122435,6543.727053630208,29.26103847508712,6671.012570996837
1253,6480.51296987615,15.503619545158255,62.95360218958899,6543.4665720657395,29.255885937124866,6670.729675892233
1254,6480.406265611503,15.503364271797853,62.80046379144943,6543.206729402952,29.250765171510476,6670.447557899022
1255,6480.299531907213,15.503108928007688,62.64799103634289,6542.947522943557,29.245675972883596,6670.1662134256
1256,6480.192769069214,15.50285351451965,62.496180939770184,6542.688950008984,29.24061813718025,6669.885638905718
1257,6480.0859774147,15.502598032092584,62.34503052812389,6542.431007942824,29.23559146162735,6669.605830800903
1258,6479.979157269378,15.502342481505691,62.194536838716616,6542.173694108095,29.230595744737116,6669.326785597702
1259,6479.87230896847,15.502086863560933,62.04469691980727,6541.917005888277,29.225630786301423,6669.048499808689
1260,6479.765432856475,15.501831179082476,61.89550783062559,6541.6609406871,29.220696387386067,6668.77096997223
1261,6479.658529286736,15.501575428915636,61.74696664139475,6541.40549592813,29.215792350324996,6668.494192652044
1262,6479.551598620582,15.501319613924837,61.59907043335208,6541.150669053934,29.210918478714426,6668.218164436341
1263,6479.444641228979,15.501063734997558,61.45181629876821,6540.896457527747,29.20607457740695,6667.942881939467
1264,6479.337657489963,15.50080779303819,61.30520134096429,6540.642858830927,29.201260452505508,6667.668341799326
1265,6479.2306477896645,15.500551788970489,61.15922267432758,6540.389870463992,29.19647591135741,6667.394540678397
1266,6479.1236125229,15.500295723738995,61.01387742432533,6540.137489947225,29.1917207625482,6667.121475264309
1267,6479.016552090656,15.500039598303005,60.86916272751707,6539.885714818173,29.186994815895538,6666.849142267319
1268,6478.909466902583,15.499783413642541,60.725075731565184,6539.634542634148,29.182297882442974,6666.5775384227745
1269,6478.802357374242,15.499527170751776,60.58161359524411,6539.383970969486,29.177629774453756,6666.30666048836
1270,6478.695223928962,15.49927087064345,60.43877348844777,6539.13399741741,29.172990305404518,6666.036505245919
1271,6478.58806699615,15.499014514344855,60.296552592195724,6538.884619588345,29.16837928997897,6665.767069499754
1272,6478.480887012459,15.49875810290062,60.15494809863778,6538.635835111097,29.16379654406151,6665.498350077764
1273,6478.373684420238,15.498501637368989,60.01395721105709,6538.387641631295,29.15924188473086,6665.230343829874
1274,6478.2664596681225,15.49824511882326,59.87357714387214,6538.140036811995,29.154715130253607,6664.963047628598
1275,6478.159213210989,15.497988548351648,59.73380512263704,6537.893018333626,29.150216100077753,6664.696458368964
1276,6478.051945509402,15.497731927055986,59.59463838404082,6537.646583893443,29.14574461482617,6664.430572967936
1277,6477.9446570286345,15.497475256049364,59.456074175905265,6537.40073120454,29.141300496290135,6664.165388363402
1278,6477.837348240632,15.497218536460842,59.318109757181645,6537.155457997814,29.136883567422743,6663.900901516103
1279,6477.730019621804,15.496961769430152,59.180742397946126,6536.91076201975,29.13249365233234,6663.637109407396
1280,6477.622671653656,15.496704956109225,59.043969379394085,6536.66664103305,29.12813057627592,6663.3740090398505
1281,6477.515304822649,15.49644809766184,58.90778799383334,6536.4230928164825,29.12379416565252,6663.111597437071
1282,6477.407919619816,15.496191195262718,58.772195544676116,6536.180115164492,29.11948424799656,6662.849871643277
1283,6477.300516540987,15.495934250098054,58.637189346430176,6535.937705887417,29.11520065197125,6662.588828723492
1284,6477.193096085884,15.495677263363358,58.50276672468871,6535.695862810572,29.110943207361878,6662.328465762596
1285,6477.085658759089,15.495420236265762,58.36892501611929,6535.454583775208,29.10671174506917,6662.068779866259
1286,6476.978205068143,15.495163170019481,58.235661568451945,6535.213866636595,29.102506097102612,6661.809768158992
1287,6476.870735525684,15.494906065850918,58.10297374046608,6534.97370926615,29.098326096573757,6661.551427786246
1288,6476.763250646998,15.494648924992818,57.97085890197668,6534.734109548975,29.094171577689544,6661.293755911925
1289,6476.655750951819,15.494391748688562,57.839314433819524,6534.495065385639,29.090042375745654,6661.036749720132
1290,6476.548236962543,15.494134538187902,57.708337727835485,6534.256574690379,29.08593832711974,6660.78040641335
1291,6476.440709205031,15.493877294748879,57.57792618685414,6534.018635391885,29.08185926926482,6660.524723213187
1292,6476.3331682083935,15.493620019637305,57.4480772246764,6533.78124543307,29.077805040702575,6660.269697360126
1293,6476.22561450482,15.493362714126365,57.31878826605648,6533.544402770877,29.073775481016675,6660.0153261133
1294,6476.118048628959,15.493105379495116,57.19005674668297,6533.308105375641,29.069770430846116,6659.761606749822
1295,6476.010471118299,15.492848017029424,57.061880113159376,6533.072351231459,29.06578973187858,6659.508536565131
1296,6475.90288251272,15.49259062802086,56.93425582298368,6532.8371383357035,29.06183322684379,6659.256112872474
1297,6475.795283354776,15.492333213767408,56.80718134452743,6532.602464699304,29.057900759506854,6659.0043330031585
1298,6475.687674189097,15.492075775572003,56.68065415701406,6532.368328346111,29.053992174661715,6658.75319430589
1299,6475.580055562772,15.491818314743474,56.554671750496546,6532.134727313269,29.050107318124496,6658.502694147111
1300,6475.472428024152,15.491560832593665,56.4292316258345,6531.901659649986,29.046246036726952,6658.2528299097485
1301,6475.364792124168,15.491303330440594,56.30433129467059,6531.669123418838,29.042408178309923,6658.003598994486
1302,6475.257148415469,15.491045809606385,56.17996827940651,6531.437116694875,29.038593591716765,6657.754998818843
1303,6475.1494974517855,15.490788271415754,56.056140113178174,6531.205637564964,29.03480212678685,6657.507026816486
1304,6475.041839788677,15.490530717197792,55.93284433983057,6530.974684128508,29.0310336343491,6657.259680437926
1305,6474.934175983548,15.490273148286,55.810078513891995,6530.74425449744,29.027287966215482,6657.012957150478
1306,6474.826506594185,15.490015566014797,55.68784020054789,6530.514346794733,29.023564975174573,6656.7668544367425
1307,6474.7188321803005,15.489757971723208,55.566126975614,6530.284959155914,29.01986451498516,6656.5213697961
1308,6474.611153302245,15.489500366751782,55.444936425509255,6530.056089727755,29.016186440369836,6656.276500743364
1309,6474.503470521224,15.489242752443118,55.32426614722817,6529.827736668452,29.01253060700868,6656.03224480894
1310,6474.395784399986,15.488985130143508,55.20411374831282,6529.599898148299,29.00889687153287,6655.788599539467
1311,6474.288095500966,15.488727501198483,55.0844768468243,6529.37257234779,29.005285091518402,6655.545562495895
1312,6474.180404387907,15.488469866956716,54.96535307131397,6529.145757459221,29.00169512547986,6655.303131255058
1313,6474.072711625015,15.488212228767978,54.84674006079425,6528.919451685809,28.99812683286412,6655.061303408767
1314,6473.965017776419,15.487954587981863,54.72863546470904,6528.693653241128,28.99458007404418,6654.82007656322
1315,6473.857323407476,15.4876969459509,54.61103694290383,6528.468360350379,28.99105471031298,6654.579448340241
1316,6473.749629083009,15.487439304026337,54.49394216559547,6528.243571248604,28.987550603877267,6654.33941637547
1317,6473.641935367907,15.487181663559586,54.37734881334167,6528.019284181249,28.984067617851473,6654.099978318903
1318,6473.534242827783,15.486924025903786,54.261254577010206,6527.7954974047925,28.980605616251665,6653.861131835487
1319,6473.426552027428,15.486666392410116,54.145657157747806,6527.572209185177,28.977164463989492,6653.622874603531
1320,6473.31886353196,15.486408764430527,54.03055426694878,6527.349417798909,28.973744026866207,6653.385204315777
1321,6473.21117790634,15.486151143316603,53.91594362622351,6527.127121532563,28.97034417156666,6653.148118678878
1322,6473.103495714464,15.485893530417378,53.80182296736648,6526.90531868183,28.96696476565341,6652.911615412422
1323,6472.995817520847,15.485635927083365,53.68819003232436,6526.684007553171,28.963605677560825,6652.67569225056
1324,6472.888143888992,15.485378334662661,53.57504257316368,6526.463186462156,28.9602667765892,6652.440346940319
1325,6472.7804753814125,15.485120754500986,53.462378352038336,6526.242853733451,28.956947932898977,6652.2055772415615
1326,6472.6728125609425,15.484863187944839,53.35019514115708,6526.0230077021,28.95364901750492,6651.971380928246
1327,6472.565155988951,15.484605636337204,53.23849072275058,6525.803646711702,28.95036990227041,6651.737755786578
1328,6472.45750622605,15.48434810101926,53.12726288903846,6525.584769115088,28.947110459901708,6651.504699615661
1329,6472.3498638323235,15.484090583330918,53.01650944219625,6525.36637327452,28.94387056394231,6651.272210227669
1330,6472.242229366635,15.483833084609175,52.90622819432209,6525.1484575609575,28.940650088767292,6651.040285447095
1331,6472.134603387023,15.483575606189051,52.796416967403275,6524.931020354426,28.93744890957774,6650.80892311109
1332,6472.026986450142,15.483318149402255,52.68707359328281,6524.714060043425,28.934266902395166,6650.578121068844
1333,6471.919379111627,15.483060715578054,52.5781959136258,6524.497575025252,28.93110394405603,6650.347877181896
1334,6471.81178192613,15.482803306043373,52.469781779885665,6524.281563706016,28.927959912206223,6650.118189324113
1335,6471.7041954467395,15.482545922121387,52.36182905327034,6524.06602450001,28.92483468529564,6649.889055381046
1336,6471.59662022534,15.482288565132393,52.25433560470846,6523.850955830048,28.92172814257279,6649.66047325024
1337,6471.489056811916,15.482031236392144,52.14729931481528,6523.636356126732,28.918640164079413,6649.432440840477
1338,6471.381505755783,15.481773937214792,52.040718073858656,6523.422223829642,28.915570630645156,6649.204956072948
1339,6471.273967604027,15.481516668909157,51.934589781725045,6523.208557385752,28.912519423882305,6648.978016879641
1340,6471.1664429024995,15.4812594327811,51.82891234788519,6522.995355250385,28.909486426180504,6648.75162120427
1341,6471.058932195181,15.481002230132011,51.72368369136013,6522.782615886541,28.906471520701572,6648.525767001593
1342,6470.95143602453,15.480745062259642,51.618901740686795,6522.570337765217,28.903474591374312,6648.300452237695
1343,6470.843954931219,15.48048793045746,51.514564433883834,6522.358519365102,28.900495522889372,6648.075674889671
1344,6470.736489453947,15.480230836014227,51.41066971841734,6522.147159172364,28.89753420069416,6647.851432945384
1345,6470.62904012981,15.479973780214857,51.30721555116649,6521.9362556809765,28.89459051098777,6647.627724403773
1346,6470.521607493639,15.479716764338848,51.20419989838932,6521.725807392028,28.891664340715955,6647.404547274143
1347,6470.414192078637,15.47945978966181,51.101620735688336,6521.515812814325,28.88875557756616,6647.181899576738
1348,6470.306794415525,15.479202857453409,50.9994760479762,6521.3062704635,28.885864109962554,6646.959779341838
1349,6470.199415033772,15.478945968980316,50.8977638294415,6521.097178863214,28.882989827061117,6646.73818461093
1350,6470.0920544599685,15.478689125502317,50.796482083514356,6520.888536543483,28.880132618744774,6646.517113435022
1351,6469.984713218531,15.478432328273998,50.69562882283215,6520.6803420413635,28.877292375618534,6646.296563875304
1352,6469.877391832491,15.47817557854663,50.595202069205286,6520.472593901697,28.87446898900472,6646.076534003868
1353,6469.770090821708,15.477918877563896,50.495199853582946,6520.265290675291,28.871662350938156,6645.857021901872
1354,6469.662810704603,15.477662226566036,50.39562021601885,6520.0584309206215,28.868872354161475,6645.638025661224
1355,6469.5555519962345,15.47740562678525,50.29646120563708,6519.852013201871,28.866098892120405,6645.419543382595
1356,6469.44831521054,15.477149079451053,50.19772088059794,6519.646036091139,28.86334185895909,6645.201573177611
1357,6469.341100858097,15.47689258578492,50.09939730806381,6519.440498166161,28.860601149515496,6644.9841131665535
1358,6469.233909447761,15.476636147004212,50.00148856416512,6519.235398011926,28.857876659316794,6644.767161479954
1359,6469.126741485114,15.476379764318454,49.90399273396633,6519.03073421908,28.8551682845748,6644.55071625698
1360,6469.019597473765,15.476123438932452,49.80690791143189,6518.826505385197,28.852475922181487,6644.3347756466865
1361,6468.912477915164,15.475867172045847,49.710232199392436,6518.622710114557,28.849799469704433,6644.119337807771
1362,6468.805383307406,15.475610964850254,49.613963709510784,6518.4193470169175,28.84713882538243,6643.904400907331
1363,6468.698314146246,15.47535481853169,49.51810056224822,6518.216414708494,28.84449388812101,6643.68996312182
1364,6468.591270925144,15.47509873427068,49.42264088683074,6518.013911811975,28.84186455748808,6643.476022637048
1365,6468.4842541344715,15.474842713240362,49.327582821215316,6517.811836955687,28.839250733709576,6643.262577647323
1366,6468.377264262217,15.474586756608176,49.23292451205629,6517.610188774273,28.83665231766509,6643.049626356116
1367,6468.2703017937,15.474330865535167,49.13866411467188,6517.408965908372,28.834069210883648,6642.837166975716
1368,6468.163367211092,15.474075041174862,49.04479979301058,6517.2081670041025,28.831501315539377,6642.625197726698
1369,6468.056460994419,15.473819284675642,48.951329719617824,6517.007790714037,28.828948534447335,6642.4137168388825
1370,6467.949583619985,15.473563597176998,48.85825207560263,6516.8078356955875,28.82641077105926,6642.202722549695
1371,6467.842735562374,15.473307979814292,48.765565050604266,6516.608300612978,28.823887929459456,6641.992213106127
1372,6467.735917292631,15.473052433714427,48.67326684275915,6516.40918413539,28.821379914360612,6641.782186762859
1373,6467.629129279245,15.472796959998194,48.58135565866762,6516.210484937912,28.818886631099737,6641.572641783196
1374,6467.522371987541,15.472541559778806,48.489829713361004,6516.012201700903,28.816407985634044,6641.363576438411
1375,6467.41564588043,15.472286234163708,48.39868723026855,6515.8143331106985,28.813943884536915,6641.154989008434
1376,6467.308951417284,15.472030984251877,48.307926441184605,6515.616877858469,28.81149423499391,6640.946877780692
1377,6467.202289054992,15.471775811136345,48.21754558623578,6515.419834641229,28.809058944798764,6640.739241051103
1378,6467.095659247474,15.471520715903049,48.127542913848245,6515.223202161323,28.806637922349402,6640.532077123543
1379,6466.989062445284,15.471265699629866,48.03791668071508,6515.026979125999,28.80423107664405,6640.325384309401
1380,6466.882499096553,15.471010763388882,47.9486651517637,6514.831164248317,28.801838317277323,6640.119160928473
1381,6466.775969645847,15.470755908243653,47.8597866001234,6514.635756245971,28.799459554436332,6639.913405307769
1382,6466.669474535196,15.470501135251665,47.77127930709297,6514.440753842289,28.797094698896842,6639.7081157824905
1383,6466.5630142033515,15.470246445462564,47.68314156210836,6514.24615576546,28.7947436620195,6639.503290695245
1384,6466.456589085952,15.469991839918546,47.59537166271049,6514.051960748663,28.792406355745968,6639.298928396158
1385,6466.3501996157465,15.469737319654897,47.5079679145131,6513.858167530259,28.790082692595213,6639.095027243048
1386,6466.243846222027,15.46948288569863,47.42092863117068,6513.664774853198,28.78777258565976,6638.891585600818
1387,6466.137529331803,15.469228539071299,47.33425213434654,6513.47178146615,28.785475948601977,6638.6886018425685
1388,6466.031249368274,15.468974280785345,47.24793675368094,6513.279186121955,28.783192695650364,6638.486074348034
1389,6465.925006751764,15.468720111846325,47.16198082675922,6513.086987578524,28.78092274159596,6638.284001504466
1390,6465.818801899406,15.468466033252168,47.076382699080156,6512.895184598487,28.778666001788622,6638.082381706267
1391,6465.712635225415,15.468212045993816,46.99114072402438,6512.70377594944,28.776422392133497,6637.88121335522
1392,6465.606507140352,15.467958151053473,46.90625326282273,6512.512760403175,28.77419182908739,6637.6804948597055
1393,6465.500418052425,15.467704349407715,46.821718684524896,6512.32213673695,28.771974229655214,6637.4802246359495
1394,6465.394368366033,15.467450642024001,46.737535365968,6512.131903732001,28.769769511386475,6637.280401106532
1395,6465.288358482809,15.46719702986318,46.653701691745354,6511.942060174554,28.767577592371723,6637.081022701371
1396,6465.1823888006265,15.466943513877098,46.57021605417522,6511.752604854802,28.76539839123913,6636.882087856692
1397,6465.0764597154475,15.466690095013032,46.487076853269755,6511.563536568718,28.763231827150953,6636.683595016824
1398,6464.970571618329,15.466436774206528,46.40428249670396,6511.374854115033,28.761077819800146,6636.485542631163
1399,6464.864724898825,15.466183552389534,46.321831399784756,6511.18655629861,28.75893628940694,6636.287929157531
1400,6464.758919942111,15.46593043048352,46.23972198542005,6510.998641927531,28.756807156715404,6636.090753059243
1401,6464.653157130551,15.465677409403233,46.157952684088066,6510.811109814639,28.754690342990155,6635.894012806646
1402,6464.54743684357,15.465424490056387,46.076521933806625,6510.623958777376,28.752585770012942,6635.697706876933
1403,6464.4417594572315,15.46517167334266,45.9954281801025,6510.437187637334,28.750493360079364,6635.501833753679
1404,6464.336125344052,15.464918960153234,45.9146698759809,6510.250795220032,28.74841303599552,6635.306391926612
1405,6464.230534874213,15.464666351373715,45.83424548189506,6510.064780356108,28.74634472107477,6635.111379892783
1406,6464.124988413541,15.464413847879285,45.75415346571587,6509.879141879257,28.744288339134492,6634.916796154492
1407,6464.019486325942,15.464161450540532,45.67439230270155,6509.693878628644,28.742243814492774,6634.722639221687
1408,6463.9140289707775,15.46390916021717,45.5949604754675,6509.508989446245,28.740211071965263,6634.528907609294
1409,6463.808616705162,15.463656977763547,45.515856473956156,6509.324473179118,28.738190036861937,6634.335599839467
1410,6463.703249882742,15.4634049040257,45.43707879540695,6509.140328678149,28.73618063498394,6634.142714440329
1411,6463.597928853946,15.463152939841976,45.358625944326356,6508.956554798272,28.734182792620416,6633.9502499461705
1412,6463.492653965794,15.462901086042569,45.280496432457994,6508.773150398251,28.7321964365454,6633.758204897224
1413,6463.387425562842,15.462649343451774,45.202688778752844,6508.590114341594,28.730221494014685,6633.566577840558
1414,6463.282243985384,15.462397712883694,45.12520150933946,6508.407445494724,28.728257892762716,6633.375367328242
1415,6463.177109571276,15.462146195146593,45.0480331574944,6508.22514272877,28.726305560999556,6633.184571919118
1416,6463.072022654834,15.461894791040272,44.9711822636126,6508.0432049184465,28.724364427407792,6632.99419017767
1417,6462.9669835677005,15.461643501358136,44.894647375177854,6507.861630942878,28.72243442113952,6632.804220674835
1418,6462.861992637532,15.461392326884049,44.81842704673346,6507.680419684266,28.720515471813314,6632.614661986654
1419,6462.757050189407,15.46114126839571,44.7425198398528,6507.49957002926,28.718607509511244,6632.425512695634
1420,6462.6521565450785,15.460890326662867,44.66692432311008,6507.319080868188,28.716710464775915,6632.236771389964
1421,6462.547312022999,15.460639502447366,44.5916390720512,6507.13895109505,28.714824268607455,6632.048436663493
1422,6462.442516938673,15.460388796504002,44.51666266916449,6506.9591796078375,28.712948852460624,6631.860507116041
1423,6462.337771604007,15.460138209578963,44.441993703851765,6506.779765307859,28.71108414824186,6631.672981352711
1424,6462.233076328502,15.459887742412684,44.367630772399295,6506.600707100901,28.7092300883064,6631.485857985033
1425,6462.128431418016,15.45963739573688,44.2935724779489,6506.422003895965,28.707386605455376,6631.299135629695
1426,6462.023837174756,15.459387170274537,44.21981743046909,6506.243654605226,28.705553632932943,6631.112812908485
1427,6461.919293898906,15.459137066743795,44.146364246726364,6506.065658145632,28.70373110442346,6630.926888449874
1428,6461.814801886828,15.458887085853656,44.07321155025639,6505.888013437084,28.701918954048615,6630.741360887196
1429,6461.710361431715,15.458637228305538,44.00035797133549,6505.7107194030505,28.700117116364638,6630.556228859236
1430,6461.60597282406,15.458387494794401,43.927802146952,6505.533774971012,28.698325526359497,6630.3714910106755
1431,6461.501636350804,15.458137886006709,43.85554272077783,6505.357179071581,28.6965441194501,6630.187145991189
1432,6461.397352295991,15.45788840262199,43.783578343139986,6505.1809306391315,28.69477283147956,6630.003192456067
1433,6461.293120940676,15.457639045312622,43.71190767099228,6505.005028611668,28.693011598714428,6629.819629066076
1434,6461.18894256272,15.457389814743348,43.640529367886984,6504.829471930607,28.69126035784197,6629.636454487219
1435,6461.084817436544,15.457140711570679,43.56944210394662,6504.654259540491,28.68951904596743,6629.4536673904495
1436,6460.980745834114,15.456891736445248,43.49864455583584,6504.47939038995,28.68778760061138,6629.27126645261
1437,6460.876728024036,15.456642890009656,43.428135406733276,6504.30486343077,28.686065959707,6629.089250355495
1438,6460.772764271864,15.456394172899195,43.35791334630361,6504.130677618167,28.684354061597418,6628.907617786116
1439,6460.668854840155,15.456145585741998,43.287977070669484,6503.956831910825,28.682651845033078,6628.726367436719
1440,6460.564999988292,15.455897129158593,43.21832528238376,6503.783325270675,28.680959249169096,6628.545498004561
1441,6460.4611999726985,15.455648803762436,43.148956690401555,6503.6101566631005,28.67927621356263,6628.365008192098
1442,6460.357455047024,15.455400610160344,43.079870010052595,6503.437325057076,28.67760267817031,6628.184896707117
1443,6460.25376546161,15.45515254895122,43.01106396301344,6503.264829424624,28.675938583345626,6628.005162262177
1444,6460.150131463737,15.454904620726644,42.942537277279904,6503.092668741017,28.67428386983636,6627.825803574806
1445,6460.0465532983035,15.454656826072496,42.87428868713944,6502.920841985443,28.672638478782044,6627.646819368145
1446,6459.943031206214,15.454409165565105,42.806316933143634,6502.749348139358,28.671002351711415,6627.468208369302
1447,6459.839565426418,15.45416163977612,42.738620762080856,6502.578186188499,28.669375430539883,6627.289969311348
1448,6459.73615619438,15.453914249268852,42.67119892694873,6502.407355121329,28.667757657567034,6627.112100931745
1449,6459.6328037423755,15.453666994598985,42.60405018692698,6502.236853929302,28.66614897547413,6626.9346019726145
1450,6459.529508300643,15.453419876317328,42.53717330735006,6502.066681607993,28.66454932732161,6626.7574711818415
1451,6459.426270095619,15.453172894965595,42.470567059679986,6501.896837155299,28.66295865654667,6626.580707311277
1452,6459.323089351102,15.45292605107919,42.40423022147929,6501.727319572581,28.66137690696078,6626.40430911786
1453,6459.219966288346,15.45267934518743,42.33816157638381,6501.55812786473,28.65980402274724,6626.22827536368
1454,6459.116901125063,15.452432777811156,42.27235991407588,6501.3892610391395,28.6582399484588,6626.052604814935
1455,6459.013894076923,15.452186349466324,42.20682403025716,6501.22071810718,28.656684629015196,6625.877296243396
1456,6458.910945355661,15.451940060659476,42.141552726621974,6501.052498082283,28.65513800970081,6625.702348424481
1457,6458.808055171261,15.451693911892969,42.07654481083037,6500.8845999820915,28.653600036162267,6625.527760139397
1458,6458.705223730027,15.451447903660352,42.0117990964814,6500.717022826509,28.652070654406074,6625.353530173175
1459,6458.602451236018,15.451202036449804,41.94731440308644,6500.549765639104,28.650549810796257,6625.179657316068
1460,6458.499737890239,15.450956310742198,41.88308955604249,6500.382827446281,28.649037452052063,6625.006140362708
1461,6458.397083890714,15.450710727011279,41.81912338660574,6500.21620727732,28.6475335252456,6624.832978112138
1462,6458.294489433066,15.450465285725038,41.75541473186493,6500.049904164931,28.64603797779954,6624.660169368359
1463,6458.191954710061,15.450219987344642,41.691962434715,6499.883917144775,28.644550757484822,6624.487712939835
1464,6458.089479911225,15.449974832323504,41.62876534383065,6499.718245255055,28.643071812418384,6624.315607639075
1465,6457.987065223948,15.449729821109923,41.56582231364001,6499.552887537588,28.641601091060878,6624.1438522837025
1466,6457.884710832424,15.449484954144555,41.50313220429845,6499.387843036723,28.640138542214434,6623.972445695355
1467,6457.782416918581,15.449240231862634,41.44069388166233,6499.2231108002425,28.638684115020386,6623.801386700581
1468,6457.680183661229,15.448995654691936,41.37850621726283,6499.058689878492,28.63723775895709,6623.630674129956
1469,6457.5780112365865,15.448751223054035,41.31656808827998,6498.894579324867,28.635799423837682,6623.460306818561
1470,6457.475899818673,15.448506937365245,41.254878377516526,6498.730778196189,28.634369059807874,6623.290283606353
1471,6457.373849577854,15.448262798033145,41.19343597337212,6498.567285551227,28.632946617343773,6623.120603336672
1472,6457.271860682806,15.448018805461258,41.13223976981728,6498.404100452623,28.631532047249706,6622.951264858159
1473,6457.169933299073,15.44777496004563,41.07128866636767,6498.241221965441,28.63012530065608,6622.7822670232945
1474,6457.068067589527,15.447531262175902,41.010581568058306,6498.0786491575855,28.62872632901717,6622.61360868881
1475,6456.9662637146885,15.447287712236097,40.95011738541785,6497.916381100106,28.62733508410906,6622.4452887159805
1476,6456.864521832324,15.447044310603644,40.88989503444296,6497.754416866766,28.62595151802747,6622.277305970186
1477,6456.762842097539,15.446801057649614,40.82991343657276,6497.592755534111,28.624575583185646,6622.109659320969
1478,6456.66122466309,15.44655795373945,40.770171518663275,6497.431396181753,28.623207232312282,6621.942347642312
1479,6456.559669679153,15.446314999232422,40.71066821296203,6497.270337892115,28.621846418449437,6621.77536981237
1480,6456.4581772928495,15.446072194480502,40.6514024570826,6497.109579749932,28.62049309495043,6621.608724712966
1481,6456.3567476497055,15.44582953983183,40.59237319397937,6496.949120843685,28.61914721547781,6621.4424112310135
1482,6456.255380891951,15.445587035626676,40.53357937192221,6496.788960263873,28.617808734001297,6621.276428256779
1483,6456.154077159574,15.445344682199938,40.475019944471285,6496.629097104045,28.616477604795733,6621.110774684907
1484,6456.052836590293,15.445102479881083,40.41669387045198,6496.469530460745,28.61515378243909,6620.945449414355
1485,6455.951659318653,15.444860428991992,40.358600113929775,6496.310259432583,28.613837221810414,6620.780451347458
1486,6455.850545477619,15.444618529850763,40.30073764418526,6496.151283121804,28.61252787808786,6620.615779391486
1487,6455.749495197209,15.444376782768444,40.24310543568917,6495.992600632899,28.61122570674669,6620.4514324572465
1488,6455.648508605328,15.444135188051025,40.185702468077594,6495.834211073406,28.60993066355731,6620.28740945988
1489,6455.547585826967,15.44389374599753,40.12852772612707,6495.676113553094,28.608642704583275,6620.123709318032
1490,6455.446726985114,15.443652456902186,40.071580199729894,6495.518307184844,28.607361786179382,6619.960330954725
1491,6455.345932200335,15.443411321053432,40.014858883869444,6495.360791084204,28.606087864989686,6619.797273296909
1492,6455.245201590511,15.44317033873328,39.958362778595536,6495.203564369107,28.604820897945594,6619.6345352751705
1493,6455.144535271726,15.442929510219441,39.902090888999936,6495.046626160726,28.603560842263953,6619.472115824575
1494,6455.043933357474,15.44268883578343,39.8460422251918,6494.889975582666,28.602307655445124,6619.310013883853
1495,6454.943395958336,15.442448315689798,39.79021580227334,6494.733611760609,28.601061295271116,6619.148228395038
1496,6454.84292318366,15.442207950200142,39.7346106403154,6494.5775338239755,28.59982171980368,6618.986758305122
1497,6454.742515139919,15.441967739569185,39.6792257643333,6494.421740904253,28.598588887382437,6618.825602564367
1498,6454.642171930722,15.441727684044789,39.62406020426246,6494.266232134984,28.597362756623053,6618.664760126295
1499,6454.541893658747,15.4414877838726,39.569112994934386,6494.111006653681,28.59614328641534,6618.504229949588
1500,6454.441680423129,15.441248039289782,39.514383176052526,6493.956063599181,28.594930435921462,6618.344010995439
1501,6454.341532321653,15.441008450530271,39.45986979216831,6493.8014021138215,28.593724164574095,6618.1841022297185
1502,6454.241449449488,15.440769017821742,39.40557189265717,6493.647021342145,28.5925244320746,6618.02450262167
1503,6454.141431899479,15.440529741386314,39.351488531694685,6493.492920431174,28.591331198391245,6617.865211144176
1504,6454.041479762611,15.440290621441653,39.29761876823277,6493.339098530843,28.590144423757383,6617.706226774188
1505,6453.941593127429,15.440051658199591,39.243961665975995,6493.185554793405,28.588964068669704,6617.547548492118
1506,6453.841772080308,15.439812851866765,39.19051629335783,6493.032288373666,28.587790093886433,6617.389175282072
1507,6453.742016705766,15.439574202645375,39.13728172351711,6492.879298429283,28.58662246042561,6617.231106132134
1508,6453.64232708596,15.43933571073196,39.08425703427453,6492.726584120234,28.585461129563292,6617.073340033835
1509,6453.542703300667,15.439097376317386,39.03144130810912,6492.574144608776,28.584306062831843,6616.915875982095
1510,6453.44314542808,15.438859199588709,38.978833632134965,6492.421979060216,28.58315722201823,6616.758712975995
1511,6453.343653544089,15.438621180727486,38.92643309807781,6492.2700866421665,28.58201456916227,6616.601850018023
1512,6453.2442277224345,15.43838331991013,38.87423880225184,6492.1184665246865,28.580878066554927,6616.445286114201
1513,6453.144868034879,15.438145617308324,38.822249845536525,6491.967117880416,28.579747676736652,6616.28902027422
1514,6453.045574550835,15.437908073088122,38.77046533335354,6491.816039884189,28.578623362495655,6616.133051511045
1515,6452.946347338336,15.437670687412286,38.71888437564372,6491.66523171398,28.577505086866264,6615.977378841848
1516,6452.847186462324,15.437433460436182,38.667506086844085,6491.514692549168,28.576392813127246,6615.822001286271
1517,6452.748091987092,15.437196392313618,38.616329585865,6491.364421572957,28.57528650480016,6615.666917868838
1518,6452.649063973708,15.436959483190687,38.56535399606739,6491.214417969775,28.574186125647714,6615.512127616343
1519,6452.550102482336,15.436722733211331,38.51457844523991,6491.064680927576,28.573091639672135,6615.35762956015
1520,6452.451207570149,15.436486142512317,38.46400206557643,6490.915209635725,28.572003011113527,6615.203422734068
1521,6452.352379293057,15.43624971122741,38.41362399365329,6490.766003286711,28.570920204448306,6615.049506176061
1522,6452.253617705093,15.436013439485869,38.363443370406934,6490.617061075501,28.56984318438756,6614.895878927587
1523,6452.154922857734,15.435777327410847,38.313459341111404,6490.468382198846,28.568771915875452,6614.742540032904
1524,6452.056294801227,15.435541375122552,38.26367105535594,6490.319965856583,28.567706364087673,6614.589488540364
1525,6451.957733583251,15.435305582735051,38.214077667022806,6490.171811250274,28.56664649442985,6614.436723501044
1526,6451.85923925046,15.435069950359951,38.16467833426498,6490.023917584725,28.565592272535984,6614.284243970256
1527,6451.760811846695,15.434834478102141,38.11547221948404,6489.876284066179,28.564543664266896,6614.132049005741
1528,6451.662451415038,15.434599166064684,38.06645848930815,6489.728909904346,28.563500635708714,6613.98013766968
1529,6451.564157995677,15.434364014343725,38.017636314570034,6489.5817943102475,28.562463153171304,6613.828509026543
1530,6451.465931627485,15.43412902303226,37.969004870285076,6489.43493649777,28.561431183186755,6613.677162144632
1531,6451.36777234747,15.433894192218828,37.92056333562948,6489.2883356831,28.560404692507902,6613.526096095509
1532,6451.269680190888,15.433659521987769,37.872310893918566,6489.141991084806,28.55938364810677,6613.375309954071
1533,6451.171655191307,15.433425012419395,37.82424673258503,6488.995901923892,28.558368017173137,6613.224802798595
1534,6451.073697380464,15.433190663589627,37.77637004315737,6488.850067423621,28.55735776711301,6613.074573710563
1535,6450.975806787943,15.432956475569242,37.72868002123837,6488.704486809182,28.556352865547154,6612.924621774312
1536,6450.87798344228,15.432722448426508,37.68117586648366,6488.559159308764,28.555353280309653,6612.774946078111
1537,6450.780227369793,15.432488582224384,37.63385678258037,6488.414084152373,28.55435897944644,6612.6255457129655
1538,6450.682538595171,15.43225487702194,37.58672197722578,6488.269260572396,28.553369931213847,6612.4764197731765
1539,6450.584917141623,15.432021332874696,37.53977066210616,6488.124687803729,28.552386104077183,6612.327567356465
1540,6450.487363030383,15.431787949833451,37.49300205287563,6487.980365083258,28.551407466709293,6612.178987563444
1541,6450.3898762815425,15.431554727946274,37.44641536913512,6487.836291650678,28.550433987989145,6612.030679498431
1542,6450.292456912529,15.431321667254855,37.40000983441138,6487.69246674694,28.54946563700043,6611.882642267892
1543,6450.195104940192,15.431088767799503,37.353784676136094,6487.548889616329,28.54850238303017,6611.73487498251
1544,6450.097820379233,15.43085602961539,37.30773912562508,6487.405559504858,28.547544195567273,6611.587376755575
1545,6450.000603243091,15.430623452734668,37.26187241805755,6487.2624756611485,28.546591044301238,6611.440146703859
1546,6449.903453542849,15.430391037183849,37.21618379245544,6487.119637335304,28.54564289912073,6611.293183946479
1547,6449.806371289136,15.430158782988364,37.170672491662835,6486.977043780799,28.544699730112196,6611.146487606788
1548,6449.709356489546,15.429926690166377,37.125337762325564,6486.834694251871,28.543761507558592,6611.000056809751
1549,6449.612409151648,15.429694758736,37.080178854870645,6486.692588006518,28.542828201937944,6610.853890684948
1550,6449.515529280439,15.429462988709185,37.03519502348608,6486.550724303926,28.541899783922084,6610.707988363986
1551,6449.418716879863,15.429231380095365,36.990385526100525,6486.4091024059635,28.540976224375278,6610.562348981996
1552,6449.321971951896,15.428999932899272,36.94574962436319,6486.267721576259,28.54005749435293,6610.416971676694
1553,6449.225294497641,15.428768647123542,36.90128658362367,6486.126581081265,28.53914356510027,6610.271855589451
1554,6449.128684515996,15.42853752276554,36.856995672912014,6485.985680188907,28.538234408051036,6610.126999863929
1555,6449.0321420052005,15.428306559821054,36.812876164918784,6485.845018170119,28.5373299948262,6609.982403647613
1556,6448.935666961145,15.428075758280253,36.76892733597516,6485.704594297121,28.536430297232684,6609.838066090083
1557,6448.839259378698,15.427845118130858,36.72514846603326,6485.564407844731,28.535535287262075,6609.693986344321
1558,6448.742919251708,15.427614639358154,36.68153883864641,6485.424458090355,28.534644937089347,6609.550163566693
1559,6448.6466465716,15.427384321941627,36.638097740949576,6485.28474431255,28.533759219071626,6609.406596915512
1560,6448.550441329237,15.42715416585942,36.5948244636398,6485.145265792878,28.53287810574693,6609.263285552876
1561,6448.454303513792,15.426924171085627,36.551718300956864,6485.006021814749,28.53200156983293,6609.120228643523
1562,6448.358233112922,15.426694337590723,36.508778550663855,6484.867011663586,28.531129584225702,6608.977425354968
1563,6448.262230113056,15.42646466534224,36.46600451402794,6484.728234627084,28.530262121998508,6608.834874857777
1564,6448.166294499097,15.42623515430406,36.42339549580114,6484.5896899948975,28.529399156400597,6608.69257632524
1565,6448.070426255017,15.42600580443784,36.380950804201305,6484.451377059218,28.528540660855974,6608.550528933942
1566,6447.974625362771,15.425776615700409,36.33866975089306,6484.313295113664,28.527686608962195,6608.40873186265
1567,6447.878891803679,15.42554758804708,36.296551650968844,6484.175443454647,28.526836974489203,6608.267184293675
1568,6447.783225557161,15.425318721428615,36.254595822930085,6484.037821380091,28.525991731378106,6608.125885411586
1569,6447.6876266016725,15.425090015793474,36.21280158866844,6483.900428190341,28.52515085374003,6607.98483440411
1570,6447.592094914378,15.424861471087029,36.171168273447115,6483.763263187825,28.52431431585493,6607.844030461794
1571,6447.496630471078,15.424633087251383,36.12969520588226,6483.62632567696,28.523482092170443,6607.703472777901
1572,6447.401233245942,15.424404864224742,36.08838171792441,6483.489614963867,28.52265415730072,6607.563160548125
1573,6447.305903212638,15.42417680194411,36.047227144840136,6483.353130357478,28.52183048602529,6607.423092971689
1574,6447.210640343152,15.423948900342468,36.00623082519362,6483.216871168345,28.52101105328793,6607.283269250148
1575,6447.115444607859,15.423721159348945,35.965392100828424,6483.0808367086875,28.520195834195494,6607.143688587438
1576,6447.02031597708,15.423493578892536,35.9247103168493,6482.945026293929,28.51938480401686,6607.004350191402
1577,6446.9252544182345,15.423266158895299,35.88418482160413,6482.809439239839,28.51857793818174,6606.865253270929
1578,6446.830259899356,15.423038899280757,35.843814966665825,6482.674074866021,28.517775212279627,6606.726397039438
1579,6446.7353323859115,15.422811799966295,35.803600106814486,6482.538932492726,28.516976602058676,6606.587780711681
1580,6446.640471842776,15.422584860867884,35.763539600019506,6482.404011442795,28.51618208342461,6606.449403505692
1581,6446.5456782335095,15.422358081898349,35.72363280742182,6482.269311040931,28.515391632439616,6606.311264642043
1582,6446.450951520918,15.422131462968704,35.68387909331623,6482.1348306142345,28.51460522532132,6606.173363344382
1583,6446.356291666062,15.421905003985795,35.64427782513379,6482.000569491196,28.51382283844165,6606.035698838417
1584,6446.261698629088,15.421678704854276,35.60482837342436,6481.866527002512,28.513044448325836,6605.89827035273
1585,6446.167172369342,15.421452565476894,35.56553011183908,6481.732702481181,28.512270031651298,6605.761077118865
1586,6446.072712844536,15.421226585752478,35.526382417113126,6481.599095261649,28.511499565246645,6605.624118370472
1587,6445.978320011585,15.421000765577956,35.48738466904836,6481.465704680633,28.51073302609059,6605.487393344128
1588,6445.88399382665,15.420775104848445,35.44853625049624,6481.332530077147,28.509970391310965,6605.350901279349
1589,6445.789734243924,15.420549603454363,35.409836547340674,6481.199570791265,28.509211638183647,6605.214641417364
1590,6445.6955412175375,15.420324261285975,35.37128494848104,6481.0668261660185,28.508456744131557,6605.078613002991
1591,6445.601414699539,15.420099078228564,35.332880845815225,6480.934295545355,28.507705686723664,6604.942815282603
1592,6445.507354642052,15.419874054167588,35.29462363422282,6480.801978276275,28.506958443673945,6604.807247506256
1593,6445.413360995273,15.419649188983907,35.256512711548396,6480.669873706822,28.506214992840395,6604.671908925678
1594,6445.319433708997,15.41942448255741,35.21854747858475,6480.537981187582,28.505475312224064,6604.536798795756
1595,6445.225572731675,15.419199934764773,35.18072733905636,6480.406300070731,28.504739379968036,6604.401916373592
1596,6445.131778010397,15.41897554547942,35.14305169960291,6480.274829710001,28.50400717435647,6604.267260918451
1597,6445.038049492007,15.41875131457418,35.105519969762796,6480.14356946177,28.503278673813615,6604.132831692859
1598,6444.944387122196,15.418527241919127,35.068131561956875,6480.012518684152,28.50255385690285,6603.99862796168
1599,6444.850790845062,15.418303327380531,35.03088589147214,6479.881676736534,28.50183270232572,6603.864648991651
1600,6444.757260604807,15.418079570824897,34.99378237644557,6479.751042981253,28.501115188921016,6603.730894053059
1601,6444.663796343473,15.417855972113573,34.95682043784807,6479.620616781322,28.50040129566377,6603.597362417459
1602,6444.570398003144,15.417632531108,34.919999499468446,6479.490397502613,28.499691001664374,6603.464053359853
1603,6444.477065524514,15.417409247666301,34.88331898789746,6479.360384512412,28.498984286167605,6603.330966157241
1604,6444.383798847545,15.417186121644844,34.84677833251204,6479.2305771800575,28.49828112855172,6603.198100089257
1605,6444.290597911044,15.416963152897234,34.810376965459476,6479.100974876504,28.49758150832755,6603.0654544377285
1606,6444.197462653282,15.416740341275794,34.77411432164179,6478.971576974924,28.49688540513755,6602.933028487272
1607,6444.10439301126,15.416517686629808,34.73798983870012,6478.84238284996,28.49619279875492,6602.800821524544
1608,6444.011388921437,15.416295188807267,34.702002956999216,6478.713391878437,28.49550366908269,6602.668832838946
1609,6443.918450319128,15.416072847653417,34.666153119612034,6478.5846034387405,28.49481799615284,6602.537061722005
1610,6443.825577138859,15.415850663011625,34.63043977230434,6478.456016911164,28.494135760125403,6602.405507467709
1611,6443.7327693144525,15.415628634723571,34.59486236351955,6478.327631677972,28.493456941287572,6602.274169372573
1612,6443.6400267787985,15.415406762628704,34.55942034436344,6478.199447123162,28.49278152005286,6602.143046735392
1613,6443.547349464181,15.415185046565027,34.52411316858911,6478.07146263277,28.492109476960184,6602.012138857547
1614,6443.454737301014,15.414963486366062,34.488940292581994,6477.943677593596,28.491440792673025,6601.881445041723
1615,6443.362190220717,15.414742081867743,34.45390117534485,6477.816091396062,28.490775447978585,6601.750964594768
1616,6443.269708152171,15.41452083289993,34.41899527848299,6477.688703430654,28.490113423786905,6601.620696824127
1617,6443.177291024656,15.414299739293437,34.384222066189444,6477.561513090845,28.489454701130047,6601.490641040761
1618,6443.084938766126,15.414078800875899,34.34958100523033,6477.434519771356,28.488799261161226,6601.3607965574065
1619,6442.992651303587,15.413858017472696,34.315071564930186,6477.307722868517,28.488147085154004,6601.231162688937
1620,6442.900428563818,15.413637388908656,34.28069321715752,6477.181121780976,28.487498154501438,6601.101738753057
1621,6442.808270472271,15.413416915005433,34.24644543631028,6477.054715908581,28.486852450715293,6600.972524069192
1622,6442.716176954198,15.413196595584205,34.21232769930157,6476.9285046535,28.486209955425167,6600.843517959599
1623,6442.624147933711,15.412976430463424,34.178339485545294,6476.802487419257,28.48557065037774,6600.7147197484
1624,6442.53218333454,15.41275641946062,34.144480276941984,6476.676663611482,28.48493451743594,6600.586128762328
1625,6442.4402830791205,15.41253656239024,34.11074955786472,6476.551032636985,28.484301538578144,6600.457744329799
1626,6442.348447089734,15.41231685906635,34.077146815145014,6476.425593904879,28.483671695897385,6600.329565782033
1627,6442.256675287822,15.412097309301009,34.04367153805887,6476.300346825881,28.483044971600574,6600.201592452344
1628,6442.164967593848,15.411877912903943,34.01032321831291,6476.175290812161,28.482421348007705,6600.073823675994
1629,6442.073323927987,15.41165866968418,33.97710135003058,6476.050425278017,28.48180080755109,6599.946258790865
1630,6441.9817442096155,15.41143957944884,33.94400542973839,6475.925749639354,28.48118333277456,6599.818897136924
1631,6441.890228357041,15.411220642002492,33.91103495635231,6475.801263313394,28.480568906332756,6599.691738055942
1632,6441.7987762885405,15.411001857149618,33.87818943116415,6475.676965719705,28.479957510990296,6599.564780892512
1633,6441.707387921226,15.410783224691928,33.84546835782811,6475.552856279054,28.479349129621063,6599.438024992905
1634,6441.616063171953,15.41056474443051,33.81287124234737,6475.428934414301,28.478743745207478,6599.311469705954
1635,6441.524801956444,15.410346416163742,33.78039759306071,6475.305199549505,28.478141340839663,6599.185114382158
1636,6441.433604190503,15.410128239690197,33.748046920629356,6475.181651111132,28.477541899714815,6599.0589583748915
1637,6441.342469788435,15.409910214804867,33.71581873802367,6475.058288526458,28.47694540513639,6598.933001038802
1638,6441.251398665007,15.409692341303845,33.68371256051015,6474.935111225517,28.476351840513423,6598.807241731751
1639,6441.16039073322,15.409474618978996,33.651727905638374,6474.812118638858,28.47576118935977,6598.681679812573
1640,6441.069445906411,15.409257047622992,33.619864293228034,6474.689310199638,28.4751734352934,6598.556314643165
1641,6440.978564096423,15.409039627024935,33.588121245356106,6474.566685341779,28.474588562035684,6598.431145586634
1642,6440.887745215631,15.408822356975195,33.55649828634405,6474.4442435019755,28.474006553410696,6598.306172009312
1643,6440.796989174934,15.408605237260609,33.524994942745074,6474.32198411768,28.473427393344497,6598.181393278728
1644,6440.706295884844,15.40838826766709,33.4936107433315,6474.199906628175,28.472851065864432,6598.056808764685
1645,6440.615665255682,15.4081714479801,33.462345219082245,6474.078010474765,28.47227755509843,6597.932417839443
1646,6440.525097196551,15.407954777982178,33.43119790317024,6473.956295099721,28.471706845274348,6597.808219876664
1647,6440.434591616817,15.407738257456499,33.400168330950116,6473.8347599477665,28.471138920719255,6597.684214252895
1648,6440.344148424805,15.407521886183744,33.369256039945824,6473.713404464751,28.470573765858774,6597.560400346237
1649,6440.253767528316,15.407305663943339,33.33846056983836,6473.592228098154,28.470011365216386,6597.4367775368455
1650,6440.163448834747,15.407089590513749,33.30778146245358,6473.471230297201,28.469451703412776,6597.313345207047
1651,6440.073192250694,15.406873665671517,33.277218261750136,6473.350410512444,28.46889476516516,6597.190102740912
1652,6439.98299768272,15.406657889193111,33.24677051380736,6473.229768196527,28.468340535286636,6597.067049525024
1653,6439.892865036811,15.406442260853614,33.21643776681338,6473.109302803624,28.467788998685506,6596.944184947906
1654,6439.802794218047,15.40622678042595,33.18621957105316,6472.9890137891,28.467240140364652,6596.821508399686
1655,6439.712785131314,15.40601144768257,33.15611547889672,6472.868900610211,28.46669394542088,6596.699019272792
1656,6439.622837680962,15.405796262394647,33.12612504478739,6472.74896272575,28.466150399044267,6596.576716961593
1657,6439.532951770583,15.405581224331538,33.09624782523013,6472.629199595814,28.465609486517533,6596.454600862165
1658,6439.443127304255,15.405366333263768,33.0664833787799,6472.509610683034,28.465071193215422,6596.332670373521
1659,6439.35336418419,15.405151588957391,33.036831266030205,6472.39019545022,28.464535504604036,6596.210924895247
1660,6439.2636623129565,15.404936991179321,33.007291049601605,6472.270953362558,28.464002406240255,6596.089363829704
1661,6439.174021593148,15.404722539696525,32.97786229413028,6472.151883887278,28.463471883771092,6595.967986581682
1662,6439.084441925668,15.404508234271933,32.94854456625684,6472.032986491925,28.462943922933086,6595.846792556684
1663,6438.994923212017,15.404294074669897,32.919337434614945,6471.914260646632,28.462418509551682,6595.725781163182
1664,6438.905465353015,15.404080060653145,32.890240469820256,6471.795705822835,28.461895629540635,6595.604951811337
1665,6438.816068248605,15.403866191982308,32.861253244459235,6471.6773214930645,28.46137526890142,6595.484303912785
1666,6438.7267317986325,15.40365246841778,32.83237533307822,6471.55910713171,28.460857413722596,6595.363836881404
1667,6438.637455902713,15.403438889719409,32.80360631217236,6471.441062214885,28.460342050179257,6595.243550133165
1668,6438.548240459957,15.40322545564583,32.77494576017482,6471.323186220132,28.459829164532422,6595.123443085848
1669,6438.45908536887,15.403012165954234,32.74639325744591,6471.205478626315,28.459318743128428,6595.003515158924
1670,6438.369990527612,15.402799020400986,32.71794838626234,6471.087938913874,28.458810772398405,6594.883765773807
1671,6438.280955834292,15.402586018742326,32.68961073080658,6470.970566565099,28.45830523885764,6594.764194354129
1672,6438.191981185999,15.402373160732054,32.661379877156186,6470.853361063155,28.457802129105048,6594.6448003247615
1673,6438.103066480042,15.402160446124503,32.633255413273304,6470.736321893315,28.457301429822568,6594.5255831130435
1674,6438.014211613144,15.401947874672592,32.60523692899418,6470.619448542138,28.45680312777465,6594.406542147958
1675,6437.925416481468,15.401735446127915,32.57732401601875,6470.502740497487,28.45630720980762,6594.28767686015
1676,6437.836680981392,15.401523160242565,32.5495162679003,6470.386197249292,28.455813662849202,6594.168986682686
1677,6437.748005008132,15.401311016765867,32.521813280035204,6470.269818288168,28.455322473907906,6594.050471049667
1678,6437.659388457014,15.401099015447402,32.49421464965272,6470.153603106666,28.454833630072514,6593.932129397482
1679,6437.570831223215,15.400887156036399,32.466719975804814,6470.03755119902,28.454347118511517,6593.813961164545
1680,6437.482333201226,15.400675438280444,32.439328859356145,6469.921662060582,28.453862926472592,6593.695965790738
1681,6437.393894285218,15.40046386192636,32.412040902974006,6469.805935188192,28.453381041282043,6593.578142717769
1682,6437.3055143690735,15.400252426720272,32.38485571111842,6469.690370080192,28.452901450344285,6593.46049138919
1683,6437.217193346771,15.400041132408543,32.35777289003225,6469.5749662368025,28.452424141141307,6593.343011250768
1684,6437.128931111236,15.399829978735013,32.3307920477314,6469.459723158968,28.451949101232156,6593.2257017493275
1685,6437.040727555519,15.399618965443825,32.30391279399504,6469.344640349514,28.451476318252396,6593.108562333911
1686,6436.952582572367,15.399408092278389,32.277134740355955,6469.229717312723,28.451005779913608,6592.991592455347
1687,6436.864496053982,15.39919735898082,32.25045750009092,6469.1149535540735,28.45053747400288,6592.874791565986
1688,6436.776467892925,15.39898676529408,32.22388068821112,6469.000348581137,28.450071388382263,6592.7581591206
1689,6436.688497980453,15.39877631095802,32.1974039214527,6468.8859019019055,28.4496075109883,6592.641694574705
1690,6436.600586208257,15.398565995713533,32.17102681826732,6468.7716130265235,28.44914582983153,6592.525397386291
1691,6436.512732467482,15.398355819300196,32.144748998812815,6468.657481466295,28.44868633299593,6592.4092670148275
1692,6436.424936649279,15.398145781457604,32.118570084943826,6468.543506734222,28.448229008638478,6592.293302921799
1693,6436.337198644114,15.397935881923718,32.092489700202634,6468.429688344317,28.447773844988642,6592.177504570017
1694,6436.249518342443,15.397726120436465,32.06650746980997,6468.3160258122525,28.447320830347877,6592.0618714242655
1695,6436.161895634468,15.397516496733177,32.04062302065586,6468.202518655124,28.44686995308915,6591.946402951062
1696,6436.074330409761,15.39730701054967,32.01483598129062,6468.089166391052,28.44642120165646,6591.831098618257
1697,6435.986822558552,15.39709766162333,31.989145981915815,6467.975968540468,28.445974564564366,6591.715957896323
1698,6435.899371969657,15.396888449688175,31.963552654375377,6467.8629246240325,28.445530030397496,6591.600980256261
1699,6435.811978532568,15.396679374479827,31.938055632146693,6467.750034164715,28.44508758781007,6591.486165171688
1700,6435.724642136029,15.396470435732127,31.91265455033181,6467.63729668636,28.444647225525472,6591.3715121173955
1701,6435.63736266848,15.396261633178181,31.887349045648683,6467.524711714129,28.44420893233571,6591.257020569789
1702,6435.550140018821,15.396052966552205,31.862138756422507,6467.412278775244,28.44377269710105,6591.142690007634
1703,6435.462974074925,15.395844435585945,31.837023322577032,6467.299997397502,28.443338508749463,6591.028519910562
1704,6435.375864724803,15.39563604001149,31.812002385626013,6467.18786711043,28.442906356276247,6590.914509760231
1705,6435.288811856282,15.395427779560483,31.787075588664713,6467.075887444947,28.442476228743516,6590.800659039981
1706,6435.201815357152,15.395219653964478,31.76224257636141,6466.964057933513,28.442048115279793,6590.686967234979
1707,6435.114875114162,15.395011662952541,31.73750299494902,6466.852378109111,28.441622005079523,6590.573433831207
1708,6435.027991014953,15.394803806255869,31.71285649221676,6466.74084750717,28.441197887402694,6590.4600583173715
1709,6434.9411629463575,15.394596083603727,31.68830271750182,6466.629465663859,28.440775751574325,6590.346840183208
1710,6434.854390795072,15.394388494725051,31.663841321681208,6466.518232116753,28.440355586984076,6590.233778920134
1711,6434.767674447376,15.394181039347789,31.639471957163497,6466.407146404539,28.439937383085784,6590.120874020962
1712,6434.681013790199,15.393973717201433,31.615194277880754,6466.29620806808,28.43952112939708,6590.008124980957
1713,6434.59440870925,15.393766528012561,31.59100793928049,6466.185416648531,28.43910681549891,6589.8955312959515
1714,6434.507859090624,15.39355947150867,31.56691259831763,6466.074771688942,28.438694431035138,6589.783092463945
1715,6434.421364820083,15.393352547416466,31.542907913446562,6465.9642727335295,28.438283965712124,6589.6708079843775
1716,6434.334925783484,15.39314575546288,31.51899354461325,6465.853919328098,28.437875409298286,6589.5586773585455
1717,6434.248541866134,15.392939095373526,31.495169153247417,6465.743711019381,28.437468751623733,6589.446700088944
1718,6434.162212953359,15.392732566874065,31.471434402254737,6465.633647355614,28.437063982579787,6589.334875679836
1719,6434.075938930524,15.39252616969025,31.44778895600906,6465.523727886533,28.436661092118626,6589.22320363725
1720,6433.989719682172,15.392319903545866,31.424232480344845,6465.413952162517,28.436260070252853,6589.111683468116
1721,6433.903555093372,15.392113768165963,31.400764642549404,6465.304319735922,28.4358609070551,6589.000314681612
1722,6433.81744504877,15.39190776327457,31.377385111355444,6465.194830160126,28.435463592657626,6588.889096788187
1723,6433.731389433011,15.391701888595719,31.35409355693345,6465.0854829899445,28.43506811725192,6588.7780292999905
1724,6433.645388130299,15.39149614385239,31.330889650884316,6464.976277781183,28.434674471088304,6588.667111730417
1725,6433.559441025072,15.391290528768115,31.30777306623183,6464.867214091304,28.434282644475545,6588.556343594772
1726,6433.473548001387,15.39108504306552,31.284743477415407,6464.758291478803,28.433892627780455,6588.4457244096475
1727,6433.38770894286,15.390879686466171,31.2618005602827,6464.649509503142,28.433504411427528,6588.335253692852
1728,6433.30192373397,15.39067445869371,31.23894399208238,6464.540867726053,28.433117985898534,6588.224930964711
1729,6433.216192257897,15.390469359468653,31.216173451456896,6464.432365709354,28.43273334173213,6588.114755745888
1730,6433.130514398588,15.39026438851337,31.19348861843538,6464.324003017024,28.432350469523527,6588.004727559451
1731,6433.044890039109,15.390059545548109,31.170889174426467,6464.215779213536,28.431969359924054,6587.894845929205
1732,6432.959319063156,15.389854830294631,31.14837480221123,6464.107693865367,28.43159000364084,6587.7851103812045
1733,6432.873801353919,15.38965024247349,31.125945185936242,6463.999746539855,28.431212391436397,6587.675520442603
1734,6432.788336794647,15.389445781805376,31.103600011106547,6463.891936805753,28.430836514128284,6587.566075642211
1735,6432.7029252680295,15.38924144800964,31.081338964578798,6463.784264232609,28.43046236258874,6587.45677550987
1736,6432.617566657089,15.389037240806433,31.059161734554337,6463.676728391643,28.4300899277443,6587.347619577331
1737,6432.532260844778,15.388833159915736,31.037068010572412,6463.56932885535,28.429719200575455,6587.238607377853
1738,6432.447007713819,15.388629205056985,31.015057483503416,6463.462065197323,28.429350172116283,6587.129738446029
1739,6432.361807146381,15.388425375948279,30.993129845542143,6463.354936991923,28.42898283345411,6587.021012317448
1740,6432.276659025536,15.388221672309895,30.971284790201132,6463.247943815737,28.42861717572913,6586.912428530159
1741,6432.191563233604,15.388018093860296,30.949522012304037,6463.1410852459085,28.428253190134097,6586.803986622992
1742,6432.106519652745,15.387814640317572,30.927841207979036,6463.0343608607245,28.427890867913927,6586.6956861361505
1743,6432.021528165307,15.387611311400256,30.906242074652305,6462.9277702399595,28.427530200365396,6586.587526611549
1744,6431.936588653611,15.38740810682682,30.88472431104154,6462.821312964652,28.427171178836765,6586.479507592592
1745,6431.851700999382,15.38720502631431,30.86328761714949,6462.714988616532,28.426813794727472,6586.371628623596
1746,6431.766865085008,15.38700206958136,30.841931694257557,6462.6087967792655,28.426458039487777,6586.263889251038
1747,6431.682080792253,15.386799236345103,30.820656244919498,6462.502737037173,28.426103904618415,6586.156289022263
1748,6431.597348003154,15.386596526323336,30.799460972955046,6462.396808976109,28.42575138167028,6586.048827486375
1749,6431.512666599328,15.386393939232843,30.778345583443695,6462.291012182772,28.4254004622441,6585.941504193534
1750,6431.428036462556,15.386191474790802,30.757309782718455,6462.185346245274,28.42505113799009,6585.834318695531
1751,6431.343457474586,15.385989132714322,30.7363532783597,6462.079810752945,28.424703400607633,6585.727270545589
1752,6431.2589295171565,15.38578691272047,30.715475779188978,6461.974405296345,28.424357241844966,6585.620359298371
1753,6431.17445247158,15.38558481452531,30.694676995263013,6461.869129466842,28.424012653498856,6585.513584509563
1754,6431.090026219382,15.38538283784541,30.673956637867583,6461.763982857249,28.423669627414263,6585.406945736501
1755,6431.005650642277,15.385180982397792,30.653314419511553,6461.658965061789,28.423328155484043,6585.300442538144
1756,6430.9213256214525,15.384979247898212,30.6327500539209,6461.5540756753735,28.422988229648638,6585.194074474345
1757,6430.8370510382465,15.384777634062791,30.61226325603279,6461.449314294279,28.42264984189574,6585.087841106526
1758,6430.752826774128,15.384576140607962,30.591853741989713,6461.3446805161175,28.422312984259996,6584.981741997649
1759,6430.6686527099555,15.384374767248698,30.57152122913363,6461.240173939089,28.421977648822697,6584.875776711468
1760,6430.584528727582,15.38417351370235,30.55126543600018,6461.135794163582,28.42164382771149,6584.7699448141275
1761,6430.500454707677,15.383972379683438,30.531086082312942,6461.03154078999,28.421311513100033,6584.664245871975
1762,6430.416430531518,15.383771364907938,30.510982888977686,6460.927413420496,28.420980697207746,6584.55867945335
1763,6430.332456080317,15.383570469091667,30.490955578076743,6460.8234116583935,28.42065137229946,6584.4532451278965
1764,6430.248531235182,15.383369691950195,30.471003872863307,6460.719535108045,28.420323530685167,6584.347942466526
1765,6430.164655876924,15.383169033198383,30.4511274977559,6460.61578337468,28.419997164719682,6584.242771041211
1766,6430.080829886764,15.382968492552067,30.431326178332778,6460.512156065097,28.419672266802387,6584.137730425688
1767,6429.997053145706,15.382768069726568,30.411599641326426,6460.408652787032,28.419348829376915,6584.032820194821
1768,6429.913325534559,15.382567764436743,30.391947614618058,6460.305273149177,28.419026844930872,6583.928039924626
1769,6429.82964693432,15.382367576397895,30.372369827232212,6460.202016761553,28.418706305995556,6583.823389192634
1770,6429.746017225898,15.382167505325114,30.35286600933132,6460.09888323523,28.418387205145642,6583.718867577613
1771,6429.662436290501,15.381967550934213,30.333435892210353,6459.9958721827115,28.418069534998942,6583.614474659957
1772,6429.578904008469,15.381767712938922,30.314079208291467,6459.8929832167605,28.417753288216122,6583.5102100205
1773,6429.495420261272,15.381567991055674,30.29479569111875,6459.79021595239,28.417438457500353,6583.406073242517
1774,6429.411984929249,15.381368384998204,30.27558507535293,6459.687570004602,28.41712503559713,6583.302063909449
1775,6429.32859789358,15.381168894482249,30.25644709676618,6459.585044990346,28.416813015293943,6583.198181606875
1776,6429.245259034866,15.380969519222166,30.237381492236928,6459.482640527102,28.41650238942,6583.094425921079
1777,6429.161968234415,15.380770258934009,30.218387999744706,6459.38035623416,28.416193150845988,6582.99079644034
1778,6429.078725372615,15.380571113331614,30.199466358365026,6459.278191730979,28.415885292483786,6582.887292753284
1779,6428.995530330445,15.38037208213025,30.180616308264348,6459.17614663871,28.41557880728618,6582.783914450404
1780,6428.912382988787,15.380173165044944,30.16183759069502,6459.074220579481,28.41527368824665,6582.680661123354
1781,6428.829283228324,15.379974361790248,30.143129947990204,6458.972413176314,28.414969928399028,6582.5775323648495
1782,6428.746230929984,15.379775672081303,30.124493123559027,6458.870724053543,28.41466752081732,6582.474527769098
1783,6428.663225974652,15.379577095633138,30.10592686188152,6458.769152836534,28.41436645861539,6582.371646931511
1784,6428.580268243253,15.379378632160893,30.08743090850382,6458.667699151757,28.414066734946722,6582.268889448776
1785,6428.497357616307,15.379180281378726,30.06900501003321,6458.56636262634,28.413768343004158,6582.166254918408
1786,6428.41449397509,15.378982043002608,30.05064891413337,6458.465142889224,28.413471276019646,6582.063742939909
1787,6428.331677200225,15.37878391674695,30.032362369519486,6458.364039569745,28.413175527264002,6581.961353113344
1788,6428.248907172374,15.378585902326254,30.01414512595353,6458.263052298327,28.412881090046632,6581.85908504003
1789,6428.1661837731435,15.378387999457281,29.9959969342395,6458.162180707383,28.412587957715296,6581.756938323445
1790,6428.0835068829,15.378190207853828,29.977917546218737,6458.061424429119,28.412296123655864,6581.654912567022
1791,6428.000876382733,15.377992527231418,29.959906714765232,6457.960783097498,28.412005581292078,6581.553007376119
1792,6427.918292153471,15.377794957304955,29.941964193780958,6457.860256347252,28.411716324085283,6581.451222357024
1793,6427.835754076121,15.377597497789763,29.92408973819133,6457.759843814312,28.41142834553421,6581.349557117386
1794,6427.7532620318525,15.377400148401561,29.90628310394055,6457.659545135793,28.41114163917471,6581.248011266203
1795,6427.670815901838,15.377202908856072,29.88854404798708,6457.559359949825,28.41085619857956,6581.146584413646
1796,6427.588415566518,15.377005778867268,29.87087232829915,6457.459287894817,28.41057201735817,6581.0452761703245
1797,6427.506060907464,15.376808758151828,29.853267703850243,6457.359328611315,28.41028908915638,6580.944086149145
1798,6427.423751805645,15.37661184642499,29.83572993461462,6457.25948174026,28.410007407656238,6580.843013963564
1799,6427.341488141944,15.37641504340178,29.81825878156294,6457.159746923507,28.409726966575718,6580.742059228111
1800,6427.25926979805,15.376218348799162,29.800854006657794,6457.0601238047075,28.40944775966856,6580.641221559265
1801,6427.177096654524,15.376021762331396,29.783515372849383,6456.960612027373,28.409169780723975,6580.540500573522
1802,6427.094968593192,15.37582528371577,29.76624264407117,6456.861211237263,28.408893023566453,6580.439895889777
1803,6427.012885495012,15.375628912667493,29.74903558523554,6456.761921080247,28.408617482055536,6580.339407127189
1804,6426.930847241143,15.375432648902256,29.73189396222957,6456.662741203372,28.408343150085596,6580.239033906245
1805,6426.848853713375,15.375236492137262,29.71481754191071,6456.563671255286,28.40807002158558,6580.138775849183
1806,6426.766904792631,15.375040442087634,29.697806092102574,6456.464710884734,28.407798090518835,6580.038632578491
1807,6426.685000360241,15.374844498469477,29.68085938159076,6456.365859741832,28.40752735088286,6579.938603718172
1808,6426.603140298283,15.374648661000677,29.66397718011868,6456.267117478401,28.40725779670909,6579.838688894086
1809,6426.52132448767,15.374452929396341,29.647159258383358,6456.168483746053,28.406989422062704,6579.738887732026
1810,6426.439552809963,15.374257303373117,29.63040538803137,6456.069958197994,28.406722221042372,6579.639199859528
1811,6426.357825147226,15.374061782648866,29.613715341654743,6455.971540488881,28.406456187780066,6579.539624905725
1812,6426.27614138064,15.37386636693933,29.59708889278684,6455.873230273427,28.406191316440854,6579.440162499945
1813,6426.194501392045,15.37367105596183,29.5805258158984,6455.775027207943,28.405927601222658,6579.340812273262
1814,6426.11290506309,15.373475849433229,29.564025886393452,6455.676930949483,28.40566503635609,6579.241573857632
1815,6426.031352275691,15.37328074707103,29.547588880605346,6455.5789411562955,28.405403616104202,6579.142446886349
1816,6425.949842911645,15.373085748592452,29.531214575792802,6455.481057487437,28.405143334762307,6579.043430993654
1817,6425.86837685262,15.372890853714402,29.514902750135988,6455.3832796027555,28.404884186657767,6578.944525814717
1818,6425.786953980723,15.37269606215484,29.498653182732546,6455.285607163456,28.404626166149797,6578.845730986208
1819,6425.705574177902,15.372501373631344,29.482465653593813,6455.188039831496,28.404369267629214,6578.747046145683
1820,6425.624237326324,15.37230678786202,29.466339943640815,6455.090577269964,28.404113485518344,6578.648470931969
1821,6425.542943307832,15.37211230456419,29.450275834700538,6454.993219142532,28.4038588142707,6578.55000498461
1822,6425.461692004907,15.371917923456714,29.434273109502065,6454.895965114409,28.40360524837086,6578.451647944822
1823,6425.380483299421,15.371723644256988,29.4183315516728,6454.798814851094,28.403352782334267,6578.353399454248
1824,6425.299317073883,15.37152946668393,29.402450945734692,6454.701768019618,28.403101410707006,6578.2552591561935
1825,6425.218193210436,15.371335390455588,29.38663107710049,6454.604824287537,28.402851128065624,6578.157226694622
1826,6425.137111591719,15.371141415291193,29.370871732070036,6454.507983323789,28.40260192901693,6578.059301715012
1827,6425.056072099794,15.370947540908597,29.35517269782657,6454.41124479762,28.402353808197837,6577.961483863281
1828,6424.9750746177115,15.370753767028019,29.33953376243302,6454.314608380145,28.402106760275124,6577.863772787342
1829,6424.894119027464,15.370560093367137,29.323954714828375,6454.218073742292,28.40186077994528,6577.766168135055
1830,6424.813205212307,15.370366519646668,29.30843534482402,6454.121640557131,28.401615861934307,6577.668669556546
1831,6424.7323330544095,15.370173045584712,29.292975443100193,6454.025308497509,28.401372000997547,6577.571276701849
1832,6424.651502436918,15.369979670901719,29.27757480120235,6453.929077238121,28.40112919191947,6577.473989222971
1833,6424.570713242489,15.36978639531696,29.262233211537584,6453.832946454027,28.40088742951351,6577.37680677241
1834,6424.489965354212,15.369593218550746,29.24695046737115,6453.736915821582,28.4006467086219,6577.279729004088
1835,6424.409258655027,15.36940014032303,29.23172636282286,6453.64098501785,28.400407024115456,6577.182755572752
1836,6424.328593027712,15.369207160353376,29.216560692863638,6453.545153720575,28.40016837089342,6577.085886133962
1837,6424.247968355906,15.36901427836341,29.201453253311996,6453.449421609218,28.399930743883278,6576.989120345111
1838,6424.167384522196,15.368821494072238,29.186403840830636,6453.353788363026,28.399694138040577,6576.892457863502
1839,6424.086841410455,15.368628807202047,29.17141225292294,6453.258253663378,28.39945854834876,6576.795898348695
1840,6424.006338903675,15.368436217472906,29.15647828792959,6453.1628171916045,28.399223969818987,6576.699441460317
1841,6423.925876885478,15.368243724606407,29.141601745025135,6453.0674786305035,28.39899039748996,6576.603086859584
1842,6423.845455239052,15.36805132832309,29.126782424214653,6452.972237663267,28.398757826427754,6576.506834208228
1843,6423.765073848404,15.367859028345466,29.112020126330343,6452.877093974735,28.39852625172564,6576.410683169741
1844,6423.684732596863,15.367666824394409,29.097314653028235,6452.782047249892,28.398295668503927,6576.314633407884
1845,6423.604431368241,15.367474716191966,29.082665806784828,6452.687097175026,28.398066071909785,6576.218684587833
1846,6423.524170046494,15.367282703460512,29.06807339089378,6452.592243437388,28.39783745711708,6576.122836375847
1847,6423.443948515256,15.367090785921665,29.053537209462675,6452.497485724719,28.397609819326206,6576.027088438788
1848,6423.363766658736,15.36689896329841,29.03905706740972,6452.4028237261455,28.397383153763922,6575.931440445019
1849,6423.283624361024,15.366707235313454,29.02463277046047,6452.308257131484,28.3971574556832,6575.8358920637065
1850,6423.203521505937,15.366515601688844,29.010264125144666,6452.213785631082,28.39693272036303,6575.740442964661
1851,6423.123457977987,15.366324062148294,28.995950938792944,6452.119408916779,28.396708943108305,6575.645092819301
1852,6423.043433661398,15.366132616414827,28.981693019533697,6452.025126680932,28.396486119249616,6575.549841299668
1853,6422.96344844064,15.365941264212056,28.967490176289882,6451.93093861693,28.396264244143122,6575.454688078952
1854,6422.883502199947,15.36575000526303,28.953342218775866,6451.836844418723,28.396043313170367,6575.359632831014
1855,6422.80359482409,15.365558839292083,28.939248957494254,6451.742843781584,28.395823321738163,6575.264675231146
1856,6422.723726197599,15.365367766022963,28.925210203732824,6451.648936401331,28.395604265278394,6575.169814955292
1857,6422.6438962052225,15.365176785179958,28.91122576956137,6451.555121974784,28.395386139247865,6575.075051680512
1858,6422.5641047320405,15.364985896488136,28.897295467828606,6451.461400199869,28.39516893912819,6574.980385085077
1859,6422.484351662679,15.36479509967148,28.88341911215913,6451.367770774838,28.394952660425577,6574.885814847689
1860,6422.404636881941,15.364604394454403,28.869596516950335,6451.274233398891,28.39473729867073,6574.791340648108
1861,6422.324960275412,15.364413780563186,28.855827497369386,6451.1807877727815,28.394522849418664,6574.696962167753
1862,6422.245321727842,15.36422325772211,28.842111869350177,6451.087433597192,28.394309308248573,6574.602679088073
1863,6422.165721124795,15.364032825657404,28.828449449590337,6450.994170574385,28.394096670763677,6574.508491092207
1864,6422.086158351674,15.363842484094915,28.81484005554821,6450.900998407223,28.39388493259107,6574.414397863994
1865,6422.006633293764,15.3636522327602,28.80128350543992,6450.807916799204,28.393674089381577,6574.320399088014
1866,6421.927145836381,15.363462071378901,28.787779618236353,6450.7149254546175,28.393464136809605,6574.226494449739
1867,6421.847695865797,15.36327199967894,28.774328213660247,6450.622024079456,28.39325507057302,6574.132683636449
1868,6421.768283267189,15.36308201738562,28.76092911218324,6450.529212379372,28.39304688639296,6574.038966335182
1869,6421.688907926544,15.362892124226182,28.74758213502298,6450.4364900615665,28.392839580013735,6573.945342234626
1870,6421.609569729861,15.362702319927896,28.73428710414015,6450.343856834001,28.392633147202666,6573.851811024332
1871,6421.530268563328,15.362512604218487,28.72104384223569,6450.251312405563,28.392427583749935,6573.758372394876
1872,6421.451004312545,15.36232297682427,28.707852172747813,6450.158856485293,28.39222288546847,6573.665026037081
1873,6421.37177686442,15.36213343747469,28.694711919849198,6450.0664887842695,28.392019048193795,6573.571771643912
1874,6421.292586104724,15.36194398589647,28.681622908444186,6449.974209013169,28.391816067783875,6573.478608908028
1875,6421.2134319201095,15.361754621818443,28.668584964165845,6449.882016884276,28.39161394011901,6573.385537523794
1876,6421.134314197132,15.361565344969215,28.655597913373224,6449.789912110506,28.391412661101683,6573.292557186298
1877,6421.055232822129,15.361376155076865,28.642661583148517,6449.697894405278,28.391212226656407,6573.199667591233
1878,6420.976187682048,15.361187051870926,28.629775801294308,6449.605963483342,28.391012632729637,6573.106868435716
1879,6420.89717866387,15.36099803508103,28.61694039633074,6449.514119060201,28.390813875289588,6573.01415941771
1880,6420.8182056542255,15.360809104435946,28.60415519749278,6449.422360851719,28.39061595032614,6572.921540235638
1881,6420.739268540167,15.360620259665472,28.591420034727506,6449.330688574895,28.39041885385068,6572.829010589146
1882,6420.660367209059,15.360431500500141,28.578734738691274,6449.23910194775,28.390222581895987,6572.736570178998
1883,6420.5815015477665,15.360242826669298,28.566099140747117,6449.147600688513,28.3900271305161,6572.6442187062585
1884,6420.502671443693,15.36005423790357,28.5535130729619,6449.056184516655,28.389832495786187,6572.551955873325
1885,6420.423876784664,15.359865733934601,28.540976368103696,6448.964853152767,28.389638673802416,6572.459781383808
1886,6420.345117457919,15.359677314492629,28.52848885963911,6448.8736063175575,28.389445660681837,6572.367694941523
1887,6420.266393351083,15.35948897930881,28.516050381730523,6448.782443732814,28.389253452562237,6572.2756962514595
1888,6420.1877043519,15.359300728114594,28.50366076923352,6448.6913651211335,28.38906204560204,6572.1837850195025
1889,6420.109050348363,15.359112560642016,28.491319857694208,6448.600370206057,28.388871435980167,6572.091960952571
1890,6420.030431228443,15.35892447662307,28.479027483346535,6448.50945871179,28.388681619895905,6572.000223758338
1891,6419.951846879987,15.358736475789442,28.466783483109705,6448.418630363097,28.388492593568806,6571.908573145121
1892,6419.873297191347,15.358548557874036,28.45458769458559,6448.327884885933,28.388304353238553,6571.817008822521
1893,6419.794782050934,15.358360722609891,28.442439956056038,6448.23722200699,28.38811689516483,6571.725530500958
1894,6419.716301347013,15.358172969729695,28.430340106480372,6448.146641453493,28.38793021562723,6571.634137891472
1895,6419.637854967983,15.357985298966467,28.418287985492746,6448.0561429534755,28.387744310925097,6571.542830705999
1896,6419.5594428026,15.357797710054067,28.406283433399597,6447.965726236,28.387559177377444,6571.451608657591
1897,6419.481064739835,15.357610202726878,28.394326291177077,6447.875391031012,28.387374811322807,6571.360471460267
1898,6419.402720667906,15.357422776717478,28.38241640046851,6447.785137068374,28.38719120911916,6571.269418828042
1899,6419.324410476307,15.3572354317615,28.370553603581875,6447.694964079889,28.387008367143757,6571.178450476965
1900,6419.246134054092,15.357048167593522,28.358737743487247,6447.604871797579,28.38682628179304,6571.087566123379
1901,6419.167891289986,15.356860983947335,28.346968663814284,6447.514859953801,28.38664494948255,6570.996765484049
1902,6419.089682073797,15.356673880559324,28.335246208849743,6447.424928282647,28.386464366646756,6570.90604827756
1903,6419.011506294682,15.35648685716431,28.32357022353495,6447.335076518217,28.386284529739,6570.815414222581
1904,6418.933363842198,15.35629991349808,28.31194055346338,6447.245304395661,28.386105435231322,6570.724863038918
1905,6418.855254605811,15.356113049296198,28.300357044878094,6447.155611650689,28.38592707961442,6570.634394447012
1906,6418.777178475655,15.355926264295826,28.28881954466936,6447.0659980203245,28.38574945939749,6570.544008168704
1907,6418.699135341264,15.355739558232688,28.27732790037213,6446.976463241636,28.385572571108128,6570.453703925957
1908,6418.621125092701,15.355552930843782,28.265881960163625,6446.887007052865,28.385396411292216,6570.363481441986
1909,6418.54314762017,15.355366381866435,28.254481572860925,6446.797629193031,28.385220976513835,6570.273340440866
1910,6418.465202813877,15.355179911037984,28.2431265879185,6446.708329401796,28.38504626335513,6570.18328064739
1911,6418.387290563968,15.354993518095618,28.23181685542581,6446.619107419394,28.384872268416213,6570.093301787005
1912,6418.309410760999,15.354807202777508,28.22055222610492,6446.529962987103,28.384698988315073,6570.003403586274
1913,6418.231563295707,15.354620964822265,28.209332551308066,6446.440895847015,28.384526419687443,6569.913585772655
1914,6418.153748058648,15.354434803968056,28.19815768301531,6446.351905741662,28.38435455918671,6569.823848074125
1915,6418.075964940421,15.35424871995316,28.187027473832128,6446.262992414253,28.38418340348382,6569.7341902194075
1916,6417.998213832345,15.354062712517571,28.175941776987052,6446.174155609332,28.384012949267152,6569.644611938644
1917,6417.920494625152,15.353876781399885,28.164900446329316,6446.085395071482,28.38384319324242,6569.555112962086
1918,6417.842807210056,15.353690926339846,28.1539033363265,6445.996710546383,28.383674132132604,6569.4656930211595
1919,6417.765151478665,15.353505147078145,28.14295030206221,6445.908101780727,28.3835057626778,6569.376351848375
1920,6417.687527322138,15.353319443354396,28.1320411992337,6445.819568521371,28.383338081635145,6569.287089176484
1921,6417.609934631761,15.353133814908517,28.121175884149597,6445.731110515911,28.383171085778713,6569.197904739048
1922,6417.532373299633,15.352948261482375,28.11035421372754,6445.642727513361,28.383004771899422,6569.108798271123
1923,6417.45484321746,15.352762782816889,28.09957604549193,6445.554419262951,28.38283913680494,6569.019769508052
1924,6417.377344276641,15.352577378652253,28.08884123757157,6445.466185514213,28.382674177319544,6568.930818185553
1925,6417.299876369905,15.352392048731831,28.07814964869744,6445.378026018602,28.382509890284084,6568.841944041338
1926,6417.2224393888555,15.352206792796306,28.06750113820032,6445.2899405270555,28.382346272555843,6568.753146812674
1927,6417.145033226267,15.352021610589155,28.056895566008635,6445.201928792275,28.38218332100847,6568.664426238662
1928,6417.067657774153,15.351836501852041,28.04633279264609,6445.1139905668,28.382021032531853,6568.575782058313
1929,6416.99031292516,15.351651466328134,28.035812679229515,6445.02612560439,28.381859404032035,6568.487214011929
1930,6416.912998571793,15.35146650376027,28.025335087466505,6444.938333659259,28.381698432431158,6568.3987218403345
1931,6416.8357146071085,15.351281613892604,28.01489987965323,6444.8506144867615,28.38153811466731,6568.310305285564
1932,6416.7584609237,15.351096796468182,28.004506918672256,6444.762967842373,28.381378447694466,6568.221964089844
1933,6416.681237415076,15.350912051232239,27.994156067990218,6444.675393483066,28.38121942848239,6568.133697996964
1934,6416.604043973776,15.350727377927694,27.983847191655702,6444.587891165432,28.381061054016538,6568.045506750404
1935,6416.526880493479,15.35054277630019,27.973580154296947,6444.500460647776,28.380903321297968,6567.957390095422
1936,6416.449746867605,15.35035824609475,27.963354821119726,6444.413101688725,28.38074622734328,6567.869347777668
1937,6416.372642989621,15.35017378705651,27.953171057905063,6444.325814047526,28.380589769184454,6567.781379543479
1938,6416.295568753018,15.349989398930665,27.943028731007153,6444.238597484025,28.38043394386885,6567.693485139855
1939,6416.218524051976,15.349805081464057,27.9329277073511,6444.151451759327,28.38027874845904,6567.605664315123
1940,6416.141508780114,15.349620834402188,27.922867854430777,6444.064376634545,28.380124180032773,6567.517916817687
1941,6416.064522831462,15.349436657491538,27.912849040306654,6443.977371871769,28.379970235682872,6567.430242396989
1942,6415.987566100528,15.349252550479733,27.902871133603654,6443.890437234132,28.379816912517132,6567.342640803582
1943,6415.910638481571,15.349068513113806,27.892934003508994,6443.803572485081,28.379664207658244,6567.255111788394
1944,6415.83373986875,15.34888454514055,27.883037519770035,6443.71677738852,28.379512118243724,6567.16765510288
1945,6415.756870156852,15.348700646308258,27.873181552692195,6443.630051709544,28.37936064142582,6567.080270499747
1946,6415.680029240522,15.348516816364887,27.863365973136762,6443.543395213659,28.37920977437139,6566.992957732175
1947,6415.60321701496,15.348333055059713,27.85359065251881,6443.456807667479,28.37905951426189,6566.905716554518
1948,6415.526433374565,15.34814936214011,27.843855462805056,6443.37028883737,28.378909858293213,6566.818546720945
1949,6415.44967821494,15.347965737356315,27.834160276511763,6443.283838491452,28.37876080367568,6566.731447987441
1950,6415.372951431033,15.347782180457015,27.824504966702683,6443.197456397736,28.37861234763389,6566.644420109943
1951,6415.296252918512,15.347598691192614,27.8148894069869,6443.1111423255,28.37846448740668,6566.557462845719
1952,6415.219582572756,15.347415269312814,27.80531347151677,6443.024896044272,28.378317220247048,6566.470575952347
1953,6415.142940289288,15.347231914567676,27.795777034985885,6442.938717324274,28.378170543422033,6566.38375918816
1954,6415.066325964299,15.34704862670885,27.78627997262692,6442.852605936926,28.37802445421267,6566.297012312751
1955,6414.989739493295,15.346865405486351,27.776822160209626,6442.766561653505,28.377878949913892,6566.2103350856305
1956,6414.913180772584,15.346682250652115,27.767403474038733,6442.680584246623,28.37773402783447,6566.123727267703
1957,6414.83664969818,15.346499161957368,27.758023790951963,6442.594673489132,28.377589685296925,6566.037188620174
1958,6414.760146166838,15.346316139155116,27.74868298831788,6442.5088291551565,28.37744591963741,6565.950718905579
1959,6414.68367007449,15.346133181996388,27.73938094403396,6442.423051018523,28.377302728205724,6565.8643178862185
1960,6414.607221318111,15.345950290234716,27.730117536524517,6442.337338854636,28.377160108365125,6565.7779853260245
1961,6414.530799794381,15.345767463622922,27.720892644738655,6442.251692439119,28.37701805749235,6565.691720989211
1962,6414.454405400348,15.345584701914708,27.711706148148238,6442.166111548497,28.376876572977473,6565.605524640949
1963,6414.378038032552,15.345402004862564,27.702557926745914,6442.080595959297,28.376735652223868,6565.519396046471
1964,6414.301697588806,15.345219372222024,27.69344786104313,6441.995145449849,28.376595292648112,6565.433334972868
1965,6414.225383966055,15.345036803746543,27.68437583206806,6441.909759798124,28.376455491679902,6565.347341186931
1966,6414.149097061971,15.344854299191317,27.67534172136367,6441.824438783335,28.376316246762023,6565.26141445675
1967,6414.0728367738375,15.344671858310615,27.666345410985677,6441.739182184823,28.37617755535023,6565.175554550597
1968,6413.996602999645,15.344489480860394,27.657386783500634,6441.653989783145,28.376039414913198,6565.089761238018
1969,6413.920395637006,15.344307166595707,27.648465721983897,6441.568861358989,28.37590182293243,6565.004034288745
1970,6413.844214584324,15.344124915273502,27.63958211001767,6441.483796694341,28.37576477690223,6564.918373473866
1971,6413.768059739625,15.34394272664982,27.630735831689066,6441.398795571314,28.375628274329554,6564.832778564647
1972,6413.691931001092,15.343760600481081,27.62192677158812,6441.3138577726795,28.375492312734025,6564.747249333072
1973,6413.615828267329,15.34357853652471,27.61315481480587,6441.228983082135,28.37535688964779,6564.661785552103
1974,6413.539751436913,15.343396534538071,27.604419846932366,6441.144171283846,28.3752220026155,6564.576386995223
1975,6413.463700408422,15.343214594278521,27.59572175405477,6441.059422162476,28.375087649194217,6564.491053436471
1976,6413.387675080805,15.343032715504318,27.58706042275541,6440.974735503561,28.374953826953323,6564.405784650808
1977,6413.311675353142,15.342850897974024,27.57843574010984,6440.890111093252,28.37482053347452,6564.320580413866
1978,6413.235701124673,15.342669141446587,27.569847593684933,6440.805548718358,28.37468776635167,6564.235440501988
1979,6413.159752294645,15.342487445680968,27.561295871536977,6440.721048166182,28.37455552319082,6564.150364692063
1980,6413.083828762448,15.342305810436478,27.552780462209753,6440.636609224658,28.37442380161004,6564.065352761661
1981,6413.007930427895,15.342124235473433,27.544301254732588,6440.552231682628,28.374292599239443,6563.98040448932
1982,6412.932057190466,15.341942720551355,27.535858138618536,6440.4679153290845,28.374161913721053,6563.895519653771
1983,6412.856208950388,15.341761265431549,27.52745100386244,6440.38365995425,28.374031742708773,6563.810698035033
1984,6412.780385607425,15.341579869874224,27.519079740939038,6440.299465348364,28.373902083868316,6563.725939413191
1985,6412.704587062215,15.341398533641662,27.510744240801124,6440.215331303016,28.373772934877124,6563.641243569731
1986,6412.628813214435,15.341217256493863,27.502444394877635,6440.131257609312,28.37364429342432,6563.556610285708
1987,6412.553063964933,15.34103603819362,27.49418009507179,6440.047244060005,28.373516157210624,6563.472039343871
1988,6412.477339214574,15.340854878503766,27.485951233759238,6439.963290448333,28.37338852394831,6563.387530527509
1989,6412.401638863881,15.340673777186318,27.477757703786175,6439.879396567667,28.37326139136113,6563.303083620088
1990,6412.325962813802,15.340492734004311,27.469599398467555,6439.79556221227,28.37313475718425,6563.218698406022
1991,6412.250310965449,15.34031174872117,27.46147621158515,6439.711787177034,28.373008619164185,6563.134374670399
1992,6412.174683220204,15.340130821100967,27.4533880373858,6439.62807125759,28.372882975058744,6563.050112199096
1993,6412.099079479145,15.339949950907046,27.44533477057952,6439.5444142497245,28.372757822636977,6562.965910778195
1994,6412.023499644185,15.33976913790475,27.437316306337685,6439.460815950522,28.372633159679076,6562.881770195127
1995,6411.947943616847,15.339588381858485,27.429332540291202,6439.377276157138,28.372508983976363,6562.797690237435
1996,6411.872411299204,15.339407682533981,27.42138336852868,6439.293794667733,28.372385293331178,6562.7136706937235
1997,6411.796902592971,15.339227039696102,27.413468687594698,6439.210371280566,28.372262085556862,6562.629711352738
1998,6411.72141740019,15.339046453110504,27.405588394487886,6439.127005794678,28.37213935847768,6562.545812004056
1999,6411.6459556235495,15.338865922544377,27.3977423866592,6439.043698010209,28.372017109928727,6562.461972438398
2000,6411.570517165205,15.338685447763648,27.389930562010065,6438.960447727215,28.37189533775596,6562.378192446454
2001,6411.495101928083,15.338505028536085,27.382152818890653,6438.877254746974,28.371774039816014,6562.294471820174
2002,6411.41970981461,15.338324664628253,27.37440905609803,6438.794118870707,28.371653213976256,6562.210810351504
2003,6411.344340728005,15.338144355808623,27.36669917287447,6438.711039900879,28.37153285811466,6562.127207833678
2004,6411.268994571112,15.337964101844765,27.359023068905543,6438.628017640017,28.371412970119753,6562.043664060037
2005,6411.193671247338,15.337783902505594,27.351380644318475,6438.545051891657,28.37129354789061,6561.960178824981
2006,6411.11837066,15.33760375755981,27.343771799680322,6438.462142459681,28.371174589336718,6561.876751923295
2007,6411.043092712611,15.337423666776582,27.33619643599622,6438.379289148607,28.371056092377998,6561.7933831504515
2008,6410.967837308826,15.337243629925421,27.32865445470763,6438.296491763534,28.37093805494467,6561.710072302543
2009,6410.892604352676,15.337063646776738,27.321145757690655,6438.213750110367,28.370820474977272,6561.626819176518
2010,6410.817393747859,15.33688371710014,27.313670247254134,6438.1310639951125,28.370703350426545,6561.543623569468
2011,6410.74220539888,15.336703840667179,27.30622782613812,6438.048433225018,28.370586679253414,6561.46048527977
2012,6410.667039209948,15.336524017248678,27.29881839751199,6437.96585760746,28.370470459428905,6561.377404105976
2013,6410.591895085567,15.336344246616187,27.2914418649728,6437.883336950539,28.37035468893412,6561.2943798474025
2014,6410.516772930319,15.336164528541433,27.28409813254354,6437.800871062863,28.37023936576016,6561.211412303919
2015,6410.441672648953,15.335984862796538,27.27678710467139,6437.718459753624,28.37012448790808,6561.1285012760245
2016,6410.366594146568,15.335805249154468,27.269508686226025,6437.636102832794,28.370010053388825,6561.045646565035
2017,6410.291537328122,15.335625687387852,27.262262782497974,6437.55380011062,28.369896060223194,6560.962847972591
2018,6410.216502099307,15.33544617727107,27.25504929919684,6437.471551398504,28.369782506441776,6560.880105301526
2019,6410.14148836491,15.33526671857634,27.247868142449676,6437.38935650736,28.36966939008489,6560.79741835423
2020,6410.0664960311005,15.335087311079189,27.24071921879922,6437.3072152499,28.36955670920255,6560.714786934931
2021,6409.991525003405,15.3349079545536,27.23360243520226,6437.225127438607,28.36944446185439,6560.632210847673
2022,6409.916575187642,15.334728648774263,27.226517699027987,6437.143092886669,28.369332646109644,6560.549689897246
2023,6409.841646489915,15.334549393516543,27.21946491805624,6437.061111407971,28.369221260047063,6560.467223889176
2024,6409.766738816781,15.334370188556893,27.21244400047589,6436.9791828172565,28.36911030175488,6560.38481262989
2025,6409.6918520741365,15.334191033670184,27.205454854883236,6436.89730692902,28.36899976933075,6560.302455925608
2026,6409.6169861690405,15.334011928634068,27.198497390280224,6436.8154835593205,28.36888966088171,6560.220153584156
2027,6409.542141007862,15.33383287322455,27.191571516072877,6436.733712523935,28.36877997452412,6560.137905413115
2028,6409.467316497536,15.333653867218985,27.184677142069653,6436.651993639605,28.368670708383625,6560.055711221074
2029,6409.392512545491,15.33347491039591,27.177814178479775,6436.5703267239705,28.368561860595086,6559.973570817559
2030,6409.317729058524,15.333296002532354,27.170982535911612,6436.488711594435,28.368453429302544,6559.8914840119005
2031,6409.242965944182,15.333117143407135,27.164182125371028,6436.407148069553,28.368345412659167,6559.80945061462
2032,6409.168223109873,15.33293833279874,27.157412858259768,6436.325635968133,28.36823780882721,6559.727470436531
2033,6409.093500463641,15.33275957048718,27.15067464637389,6436.244175110015,28.36813061597794,6559.645543289519
2034,6409.018797913018,15.332580856251239,27.143967401902096,6436.16276531492,28.36802383229163,6559.563668985388
2035,6408.944115366012,15.332402189870841,27.13729103742411,6436.081406403436,28.367917455957464,6559.4818473368505
2036,6408.869452731184,15.332223571127233,27.130645465909126,6436.0000981970925,28.36781148517354,6559.400078157598
2037,6408.79480991658,15.33204499980043,27.12403060071415,6435.918840517294,28.36770591814677,6559.318361261232
2038,6408.720186831002,15.331866475672253,27.117446355582494,6435.837633186585,28.36760075309286,6559.236696462539
2039,6408.645583382896,15.331687998523675,27.110892644642096,6435.756476027538,28.36749598823628,6559.1550835763655
2040,6408.570999481168,15.331509568136765,27.10436938240398,6435.675368863572,28.367391621810185,6559.073522418446
2041,6408.496435035113,15.331331184294529,27.097876483760707,6435.594311518874,28.367287652056394,6558.992012805319
2042,6408.421889953523,15.331152846778762,27.091413863984748,6435.513303817507,28.367184077225318,6558.910554553438
2043,6408.347364146131,15.33097455537352,27.084981438726956,6435.432345584858,28.367080895575935,6558.829147480614
2044,6408.272857522193,15.330796309861705,27.07857912401497,6435.351436646208,28.366978105375743,6558.747791404592
2045,6408.1983699917255,15.330618110028052,27.07220683625173,6435.2705768279775,28.3668757049007,6558.666486144296
2046,6408.1239014643,15.33043995565622,27.06586449221385,6435.189765956514,28.366773692435217,6558.585231518607
2047,6408.049451850105,15.33026184653135,27.059552009050122,6435.109003859155,28.36667206627205,6558.504027347438
2048,6407.9750210592665,15.330083782438436,27.053269304279922,6435.028290363546,28.366570824712312,6558.422873451044
2049,6407.9006090021485,15.329905763163035,27.047016295791746,6434.94762529794,28.366469966065406,6558.341769650325
2050,6407.8262155896955,15.329727788492095,27.040792901841613,6434.8670084915375,28.366369488648974,6558.260715767161
2051,6407.751840732147,15.329549858210877,27.034599041051578,6434.786439773198,28.366269390788897,6558.17971162313
2052,6407.677484340413,15.32937197210625,27.02843463240823,6434.705918972821,28.366169670819183,6558.098757040884
2053,6407.603146325732,15.329194129965867,27.022299595261117,6434.625445920993,28.36607032708197,6558.0178518438
2054,6407.528826599444,15.329016331577618,27.016193849321294,6434.545020448765,28.365971357927478,6557.93699585575
2055,6407.454525072547,15.32883857672858,27.01011731465978,6434.464642387206,28.365872761713952,6557.856188900662
2056,6407.380241657076,15.328660865208317,27.004069911706093,6434.384311568782,28.36577453680764,6557.775430803896
2057,6407.305976264373,15.32848319680472,26.998051561246747,6434.30402782562,28.365676681582734,6557.694721390505
2058,6407.231728806544,15.328305571307522,26.99206218442374,6434.223790990968,28.365579194421336,6557.614060486701
2059,6407.1574991958205,15.328127988506747,26.986101702733137,6434.143600898554,28.36548207371341,6557.533447919207
2060,6407.083287344066,15.327950448191546,26.980170038023488,6434.063457382089,28.36538531785676,6557.452883514766
2061,6407.009093164141,15.327772950153447,26.97426711249447,6433.983360276635,28.36528892525696,6557.372367101502
2062,6406.934916568349,15.327595494182653,26.9683928486953,6433.9033094170445,28.36519289432733,6557.291898507368
2063,6406.860757469693,15.327418080071038,26.962547169523386,6433.823304639217,28.365097223488903,6557.211477561394
2064,6406.786615780851,15.327240707609691,26.9567299982228,6433.743345779074,28.36500191117036,6557.131104092665
2065,6406.712491415055,15.327063376591042,26.95094125838285,6433.663432673438,28.364906955808024,6557.050777931203
2066,6406.63838428571,15.326886086807919,26.94518087393664,6433.583565159647,28.364812355845793,6556.970498907576
2067,6406.564294306195,15.326708838053097,26.939448769159597,6433.503743075355,28.364718109735104,6556.890266852703
2068,6406.490221390077,15.326531630119801,26.93374486866808,6433.423966258745,28.36462421593491,6556.810081598062
2069,6406.41616545149,15.326354462802607,26.928069097417875,6433.344234548908,28.364530672911606,6556.729942976074
2070,6406.342126403854,15.32617733589439,26.92242138070288,6433.264547784557,28.36443747913905,6556.649850818812
2071,6406.268104161867,15.32600024919107,26.916801644153576,6433.184905806021,28.364344633098455,6556.569804959999
2072,6406.194098639682,15.325823202487278,26.91120981373569,6433.105308453418,28.36425213327841,6556.489805233179
2073,6406.120109751784,15.32564619557843,26.90564581574875,6433.0257555675325,28.36415997817479,6556.409851472593
2074,6406.046137412986,15.325469228260733,26.900109576824658,6432.946246989811,28.364068166290764,6556.329943513176
2075,6405.972181537966,15.325292300330062,26.894601023926327,6432.866782561892,28.36397669613674,6556.250081190087
2076,6405.898242041903,15.3251154115835,26.88912008434628,6432.78736212625,28.363885566230298,6556.170264339352
2077,6405.824318840011,15.324938561818207,26.883666685705265,6432.707985525716,28.363794775096206,6556.090492797384
2078,6405.750411847533,15.324761750831417,26.87824075595083,6432.628652603484,28.363704321266347,6556.010766400992
2079,6405.676520980295,15.32458497842176,26.872842223356017,6432.549363203651,28.36361420327969,6555.931084987918
2080,6405.602646153745,15.32440824438695,26.867471016517896,6432.470117170263,28.363524419682257,6555.851448395881
2081,6405.5287872842,15.324231548526795,26.86212706435628,6432.390914348556,28.36343496902708,6555.771856463824
2082,6405.454944287579,15.32405489064014,26.85681029611228,6432.311754583691,28.36334584987418,6555.692309030644
2083,6405.381117080043,15.323878270526418,26.851520641347022,6432.232637721389,28.363257060790502,6555.612805935828
2084,6405.30730557807,15.323701687985812,26.84625802994028,6432.15356360801,28.363168600349915,6555.533347019532
2085,6405.23350969839,15.323525142819115,26.841022392089076,6432.074532090479,28.36308046713316,6555.453932122508
2086,6405.15972935795,15.323348634827632,26.83581365830635,6431.995543016256,28.362992659727794,6555.374561086072
2087,6405.085964473474,15.323172163812139,26.83063175941968,6431.916596232893,28.36290517672819,6555.295233751661
2088,6405.012214962345,15.322995729574988,26.825476626569884,6431.837691588915,28.362818016735478,6555.215949961714
2089,6404.93848074179,15.322819331918158,26.820348191209746,6431.758828933,28.36273117835754,6555.136709558855
2090,6404.864761729488,15.322642970644708,26.815246385102608,6431.680008114591,28.36264466020892,6555.0575123865
2091,6404.791057842925,15.322466645557236,26.810171140321152,6431.601228983246,28.362558460910847,6554.978358288208
2092,6404.7173690001255,15.32229035645963,26.805122389246012,6431.522491389372,28.362472579091175,6554.899247108418
2093,6404.643695119346,15.32211410315633,26.800100064564518,6431.443795183911,28.36238701338434,6554.820178692133
2094,6404.570036118401,15.321937885450719,26.79510409926937,6431.36514021767,28.362301762431354,6554.741152884247
2095,6404.496391916087,15.321761703148534,26.79013442665731,6431.286526342745,28.362216824879752,6554.662169530971
2096,6404.422762431005,15.321585556055036,26.785190980327886,6431.207953411333,28.362132199383552,6554.583228478651
2097,6404.349147581558,15.32140944397502,26.780273694182107,6431.12942127574,28.362047884603232,6554.504329573764
2098,6404.27554728714,15.321233366715648,26.77538250242123,6431.050929789561,28.361963879205717,6554.425472664107
2099,6404.201961466665,15.32105732408293,26.770517339545414,6430.97247880621,28.361880181864297,6554.34665759732
2100,6404.128390039814,15.320881315884723,26.76567814035245,6430.894068180166,28.361796791258644,6554.267884222141
2101,6404.054832925581,15.320705341927226,26.76086483993658,6430.815697765517,28.361713706074756,6554.189152386943
2102,6403.981290044086,15.320529402019345,26.756077373687145,6430.7373674177725,28.36163092500492,6554.110461941544
2103,6403.907761314906,15.320353495968673,26.75131567728731,6430.659076992193,28.361548446747694,6554.031812735546
2104,6403.834246658144,15.320177623584078,26.7465796867129,6430.580826344857,28.361466270007863,6553.953204619392
2105,6403.760745994456,15.320001784675732,26.741869338231105,6430.502615332687,28.361384393496422,6553.874637444396
2106,6403.687259243685,15.319825979051878,26.73718456839922,6430.424443812084,28.36130281593052,6553.796111061381
2107,6403.613786326875,15.319650206523624,26.732525314063437,6430.346311640938,28.361221536033476,6553.717625322684
2108,6403.540327164658,15.319474466901097,26.7278915123576,6430.268218677016,28.36114055253467,6553.639180080542
2109,6403.466881677614,15.319298759994291,26.723283100701998,6430.190164778316,28.36105986416959,6553.560775187454
2110,6403.393449787662,15.319123085616415,26.718700016802117,6430.112149804464,28.36097946967977,6553.482410497571
2111,6403.320031415573,15.318947443577926,26.71414219864736,6430.03417361422,28.360899367812742,6553.404085864206
2112,6403.246626482897,15.318771833691141,26.709609584509984,6429.956236067407,28.36081955732203,6553.325801141758
2113,6403.173234911705,15.318596255769629,26.705102112943763,6429.878337024648,28.360740036967115,6553.247556185455
2114,6403.099856623475,15.318420709625538,26.70061972278285,6429.800476346258,28.36066080551339,6553.169350850241
2115,6403.026491540502,15.318245195072972,26.696162353140597,6429.722653893643,28.360581861732165,6553.091184992178
2116,6402.953139585081,15.31806971192603,26.69172994340827,6429.644869528489,28.36050320440058,6553.013058467632
2117,6402.879800679328,15.317894259998392,26.68732243325394,6429.567123112582,28.360424832301636,6552.934971133093
2118,6402.806474746277,15.317718839105925,26.682939762621245,6429.489414508898,28.360346744224138,6552.856922846273
2119,6402.733161708529,15.317543449063468,26.67858187172829,6429.411743580257,28.360268938962655,6552.778913464745
2120,6402.659861488824,15.317368089686182,26.67424870106639,6429.33411018989,28.3601914153175,6552.700942846522
2121,6402.58657401064,15.317192760791006,26.66994019139893,6429.256514202039,28.360114172094722,6552.623010850652
2122,6402.513299197467,15.317017462194897,26.665656283760235,6429.178955481228,28.360037208106043,6552.545117336489
2123,6402.4400369725845,15.316842193714317,26.66139691945434,6429.101433892039,28.359960522168844,6552.467262163473
2124,6402.366787259525,15.316666955166328,26.65716204005392,6429.023949299579,28.35988411310614,6552.38944519159
2125,6402.293549982667,15.316491746370017,26.652951587399084,6428.946501570066,28.359807979746563,6552.311666281964
2126,6402.220325065875,15.316316567143241,26.648765503596263,6428.869090569471,28.359732120924292,6552.233925295492
2127,6402.147112433262,15.316141417304454,26.644603731017003,6428.791716164279,28.359656535479086,6552.156222093613
2128,6402.073912009699,15.31596629667392,26.64046621229691,6428.7143782219955,28.359581222256192,6552.07855653881
2129,6402.000723719373,15.315791205070271,26.636352890334486,6428.637076609708,28.359506180106372,6552.00092849317
2130,6401.92754748755,15.315616142314713,26.632263708289983,6428.559811195841,28.35943140788584,6551.923337820144
2131,6401.854383238928,15.3154411082271,26.62819860958432,6428.482581848512,28.35935690445625,6551.845784382897
2132,6401.781230898851,15.315266102628831,26.624157537897993,6428.4053884367495,28.359282668684653,6551.768268045527
2133,6401.708090392756,15.315091125341523,26.620140437169873,6428.328230829926,28.359208699443506,6551.690788672505
2134,6401.634961645896,15.314916176186353,26.616147251596164,6428.251108897492,28.359134995610606,6551.613346128398
2135,6401.561844584398,15.314741254986599,26.6121779256293,6428.1740225100275,28.35906155606908,6551.535940278928
2136,6401.488739134038,15.314566361564685,26.608232403976793,6428.096971538015,28.358988379707355,6551.458570989742
2137,6401.415645221109,15.31439149574428,26.604310631600207,6428.019955852709,28.358915465419138,6551.381238127283
2138,6401.342562771866,15.314216657348963,26.600412553714044,6427.94297532558,28.358842812103386,6551.30394155823
2139,6401.269491712495,15.314041846202143,26.59653811578466,6427.86602982828,28.358770418664257,6551.22668114947
2140,6401.196431970089,15.3138670621294,26.59268726352917,6427.789119233618,28.358698284011155,6551.149456769067
2141,6401.123383471433,15.313692304955582,26.588859942914436,6427.7122434143475,28.358626407058594,6551.072268285053
2142,6401.05034614347,15.313517574505909,26.585056100155903,6427.635402243626,28.358554786726273,6550.9951155658855
2143,6400.9773199137235,15.313342870606993,26.58127568171663,6427.55859559544,28.358483421939006,6550.917998480875
2144,6400.90430470923,15.313168193084282,26.577518634306166,6427.481823343536,28.35841231162669,6550.840916899112
2145,6400.8313004578695,15.312993541765238,26.57378490487953,6427.405085362749,28.35834145472429,6550.763870690799
2146,6400.758307087412,15.312818916477061,26.570074440636127,6427.328381528047,28.358270850171813,6550.686859726295
2147,6400.685324525736,15.312644317047216,26.56638718901874,6427.2517117147545,28.358200496914307,6550.609883876332
2148,6400.6123527012005,15.312469743304307,26.562723097712436,6427.175075798913,28.358130393901778,6550.532943012386
2149,6400.5393915420245,15.312295195076613,26.559082114643587,6427.098473656668,28.35806054008923,6550.456037006056
2150,6400.466440977039,15.312120672193874,26.555464187978814,6427.021905165018,28.357990934436586,6550.379165729817
2151,6400.393500934706,15.311946174484943,26.551869266123944,6426.9453702008295,28.357921575908705,6550.302329056032
2152,6400.320571343749,15.311771701779305,26.548297297722993,6426.868868641473,28.357852463475336,6550.22552685759
2153,6400.247652133878,15.311597253908799,26.54474823165718,6426.792400365534,28.357783596111098,6550.148759008618
2154,6400.174743234005,15.311422830703362,26.541222017043907,6426.715965251049,28.357714972795467,6550.072025382709
2155,6400.101844573517,15.311248431994061,26.537718603235696,6426.639563176753,28.357646592512708,6549.995325854183
2156,6400.0289560825495,15.311074057613755,26.534237939819235,6426.563194022368,28.35757845425192,6549.918660298365
2157,6399.956077690675,15.310899707393958,26.53077997661434,6426.486857667289,28.357510557006954,6549.842028590269
2158,6399.883209327765,15.310725381166902,26.527344663673006,6426.410553991438,28.357442899776434,6549.765430605466
2159,6399.810350924466,15.310551078766665,26.523931951278364,6426.334282875744,28.35737548156369,6549.6888662205465
2160,6399.737502410902,15.310376800026082,26.52054178994371,6426.258044200846,28.357308301376765,6549.612335311835
2161,6399.664663717762,15.310202544779335,26.517174130411554,6426.181837848173,28.35724135822838,6549.535837756466
2162,6399.591834776033,15.310028312861322,26.513828923652618,6426.1056636996855,28.35717465113592,6549.459373432127
2163,6399.519015516442,15.30985410410632,26.51050612086481,6426.029521637307,28.35710817912139,6549.382942216485
2164,6399.446205870217,15.309679918349802,26.507205673472356,6425.95341154369,28.35704194121142,6549.306543987959
2165,6399.373405768829,15.30950575542782,26.50392753312474,6425.8773333019535,28.356975936437223,6549.230178625456
2166,6399.300615143706,15.30933161517633,26.50067165169584,6425.801286795401,28.356910163834577,6549.153846008082
2167,6399.227833926712,15.309157497432325,26.497437981282857,6425.725271907995,28.35684462244382,6549.077546015626
2168,6399.1550620496455,15.308983402032645,26.494226474205472,6425.649288523851,28.356779311309783,6549.001278528049
2169,6399.082299444928,15.308809328815618,26.49103708300485,6425.573336527933,28.356714229481817,6548.9250434261785
2170,6399.00954604463,15.308635277618732,26.487869760442635,6425.497415805073,28.356649376013742,6548.848840590733
2171,6398.936801780916,15.308461248279702,26.484724459500097,6425.421526240416,28.356584749963837,6548.772669902759
2172,6398.864066587099,15.308287240638993,26.481601133377165,6425.345667720476,28.35652035039481,6548.696531244694
2173,6398.791340395581,15.308113254534883,26.478499735491514,6425.269840131073,28.356456176373783,6548.620424498298
2174,6398.718623139752,15.307939289808019,26.475420219477602,6425.194043359229,28.356392226972257,6548.544349546558
2175,6398.64591475238,15.30776534629756,26.472362539185752,6425.118277291566,28.356328501266116,6548.468306272074
2176,6398.573215167505,15.307591423845706,26.469326648681275,6425.042541816186,28.356264998335586,6548.392294558946
2177,6398.500524318273,15.30741752229252,26.466312502243483,6424.966836820517,28.356201717265215,6548.3163142906205
2178,6398.427842138537,15.307243641479754,26.463320054364875,6424.891162192902,28.35613865714385,6548.2403653514775
2179,6398.355168562583,15.307069781250197,26.460349259750153,6424.815517822332,28.356075817064628,6548.164447626564
2180,6398.282503524366,15.306895941445852,26.457400073315313,6424.739903597681,28.356013196124955,6548.088561000825
2181,6398.209846958242,15.30672212190967,26.4544724501868,6424.664319408429,28.35595079342645,6548.012705359834
2182,6398.137198798892,15.306548322485389,26.451566345700588,6424.588765144593,28.35588860807499,6547.936880589719
2183,6398.064558980912,15.306374543016535,26.448681715401303,6424.513240696313,28.35582663918062,6547.861086576749
2184,6397.99192743932,15.306200783347654,26.44581851504133,6424.437745954361,28.35576488585758,6547.785323207841
2185,6397.9193041092685,15.306027043323608,26.442976700579933,6424.362280809848,28.35570334722426,6547.709590370274
2186,6397.846688925812,15.305853322789023,26.440156228182335,6424.286845153994,28.355642022403188,6547.633887951448
2187,6397.774081824988,15.30567962159088,26.43735705421893,6424.211438879207,28.35558091052101,6547.558215839973
2188,6397.701482741846,15.305505939573795,26.434579135264325,6424.1360618771105,28.35552001070848,6547.482573923692
2189,6397.628891612903,15.305332276585894,26.43182242809651,6424.060714041,28.35545932210042,6547.406962092137
2190,6397.556308373403,15.305158632472256,26.429086889695988,6423.985395263099,28.3553988438357,6547.331380233784
2191,6397.483732960296,15.304985007082047,26.42637247724496,6423.910105437541,28.355338575057253,6547.255828239039
2192,6397.411165309744,15.304811400262546,26.423679148126446,6423.8348444578705,28.355278514911998,6547.180305997737
2193,6397.33860535834,15.304637811862058,26.421006859923356,6423.759612218263,28.355218662550886,6547.1048134003595
2194,6397.266053042941,15.304464241729525,26.418355570417773,6423.684408613359,28.355159017128823,6547.029350337869
2195,6397.193508300556,15.304290689714248,26.41572523759006,6423.609233538145,28.35509957780468,6546.9539167015955
2196,6397.120971068531,15.304117155666342,26.413115819617985,6423.5340868881485,28.35504034374127,6546.878512383423
2197,6397.048441283772,15.303943639434863,26.410527274875875,6423.458968558648,28.354981314105327,6546.8031372750065
2198,6396.975918884129,15.303770140871123,26.407959561933893,6423.383878446063,28.35492248806748,6546.727791269157
2199,6396.903403807462,15.303596659826464,26.40541263955708,6423.308816447019,28.35486386480225,6546.652474258909
2200,6396.830895991463,15.303423196151826,26.40288646670461,6423.233782458167,28.354805443488026,6546.5771861373405
2201,6396.758395374572,15.303249749699932,26.400381002528952,6423.1587763771,28.354747223307026,6546.501926798486
2202,6396.685901894734,15.303076320322331,26.397896206375037,6423.083798101109,28.354689203445297,6546.426696136096
2203,6396.613415490676,15.302902907872431,26.395432037779514,6423.008847528456,28.354631383092702,6546.351494044909
2204,6396.540936100824,15.302729512202928,26.392988456469865,6422.933924557294,28.354573761442886,6546.27632041957
2205,6396.468463664149,15.302556133167819,26.39056542236359,6422.859029086512,28.35451633769328,6546.201175155478
2206,6396.395998120002,15.302382770622016,26.38816289556744,6422.78416101557,28.354459111045042,6546.126058148616
2207,6396.323539407143,15.302209424419,26.385780836376664,6422.709320243519,28.354402080703085,6546.050969294577
2208,6396.251087465374,15.302036094414772,26.383419205274123,6422.634506670649,28.354345245876026,6545.97590849021
2209,6396.178642234121,15.301862780464404,26.381077962929563,6422.55972019705,28.354288605776183,6545.900875632176
2210,6396.106203653371,15.301689482424333,26.378757070198798,6422.48496072357,28.35423215961956,6545.825870617915
2211,6396.033771662889,15.301516200150452,26.376456488122983,6422.410228151012,28.354175906625812,6545.750893344834
2212,6395.961346202974,15.301342933499937,26.374176177927744,6422.335522380901,28.354119846018243,6545.67594371108
2213,6395.888927213817,15.301169682329705,26.37191610102244,6422.260843314839,28.354063977023788,6545.6010216148925
2214,6395.816514636192,15.300996446498067,26.369676218999434,6422.186190855191,28.354008298872984,6545.526126955288
2215,6395.744108410927,15.30082322586346,26.367456493633274,6422.1115649045605,28.353952810799957,6545.45125963154
2216,6395.671708478488,15.300650020283463,26.36525688687996,6422.036965365368,28.35389751204243,6545.376419542752
2217,6395.599314780382,15.30047682961814,26.363077360876144,6421.9623921412585,28.353842401841646,6545.30160658927
2218,6395.526927257659,15.300303653726457,26.36091787793842,6421.887845135598,28.35378747944241,6545.226820671172
2219,6395.454545851921,15.300130492468709,26.358778400562507,6421.813324252483,28.35373274409306,6545.152061689288
2220,6395.382170504994,15.299957345705728,26.356658891422526,6421.738829396417,28.35367819504541,6545.077329544864
2221,6395.309801158388,15.29978421329758,26.354559313370302,6421.664360471758,28.353623831554785,6545.0026241390215
2222,6395.237437754369,15.299611095106146,26.352479629434544,6421.589917383803,28.35356965287997,6544.927945373831
2223,6395.165080234964,15.299437990992738,26.35041980282011,6421.5155000377845,28.353515658283214,6544.853293151316
2224,6395.092728542984,15.299264900820537,26.3483797969073,6421.441108339892,28.353461847030186,6544.778667374473
2225,6395.020382620491,15.299091824450935,26.346359575251167,6421.366742195742,28.35340821839,6544.704067945738
2226,6394.948042410522,15.298918761747661,26.34435910158067,6421.2924015121025,28.35335477163516,6544.629494768716
2227,6394.875707856203,15.298745712574648,26.34237833979805,6421.218086196001,28.353301506041557,6544.554947747282
2228,6394.803378900546,15.298572676795564,26.34041725397804,6421.143796154523,28.353248420888463,6544.480426785388
2229,6394.731055486758,15.29839965427454,26.338475808367164,6421.069531295126,28.353195515458488,6544.40593178737
2230,6394.658737558348,15.29822664487643,26.336553967383047,6420.995291525731,28.353142789037612,6544.331462658044
2231,6394.586425059365,15.29805364846738,26.334651695613623,6420.9210767549785,28.353090240915115,6544.25701930296
2232,6394.514117933455,15.297880664912572,26.332768957816526,6420.846886891271,28.35303787038358,6544.18260162744
2233,6394.441816124592,15.297707694077971,26.330905718918306,6420.77272184351,28.3529856767389,6544.108209537324
2234,6394.369519577178,15.297534735830569,26.32906194401375,6420.698581521192,28.35293365928023,6544.033842939061
2235,6394.29722823571,15.297361790037582,26.32723759836518,6420.624465834075,28.352881817309978,6543.959501739373
2236,6394.224942044764,15.297188856566422,26.325432647401716,6420.550374692166,28.352830150133826,6543.885185845248
2237,6394.1526609490775,15.297015935284874,26.32364705671865,6420.476308005796,28.35277865706066,6543.810895164011
2238,6394.080384893876,15.296843026061904,26.321880792076698,6420.402265685952,28.352727337402577,6543.7366296036535
2239,6394.008113823998,15.296670128765546,26.320133819401367,6420.3282476434,28.352676190474877,6543.662389071966
2240,6393.9358476850075,15.296497243265568,26.31840610478218,6420.25425378979,28.352625215596046,6543.588173477632
2241,6393.8635864223525,15.296324369431465,26.316697614472066,6420.180284036825,28.352574412087733,6543.513982729406
2242,6393.791329982161,15.296151507134358,26.315008314886658,6420.106338297048,28.352523779274737,6543.439816736893
2243,6393.719078309887,15.295978656243749,26.313338172603608,6420.032416482491,28.352473316484993,6543.3656754092
2244,6393.646831351777,15.295805816631045,26.311687154361945,6419.958518506139,28.35242302304956,6543.291558656404
2245,6393.574589054258,15.29563298816808,26.310055227061344,6419.884644281319,28.352372898302598,6543.2174663889355
2246,6393.502351363497,15.29546017072607,26.308442357761486,6419.810793721258,28.35232294158136,6543.143398517137
2247,6393.430118226517,15.29528736417827,26.306848513681427,6419.736966740199,28.35227315222618,6543.069354952383
2248,6393.357889589904,15.2951145683969,26.30527366219887,6419.663163252102,28.352223529580446,6542.995335605777
2249,6393.285665400703,15.29494178325527,26.303717770849573,6419.589383171552,28.3521740729906,6542.921340389061
2250,6393.213445606363,15.294769008627663,26.30218080732662,6419.5156264136895,28.352124781806104,6542.847369214546
2251,6393.141230153871,15.294596244387252,26.300662739479826,6419.441892893351,28.352075655379444,6542.773421994251
2252,6393.069018991077,15.294423490409276,26.299163535315067,6419.368182526392,28.352026693066126,6542.69949864123
2253,6392.996812065865,15.294250746569055,26.29768316299362,6419.294495228859,28.35197789422461,6542.625599068736
2254,6392.924609325614,15.294078012740703,26.296221590831546,6419.220830916446,28.351929258216362,6542.551723189687
2255,6392.8524107191815,15.29390528880187,26.29477878729901,6419.147189506481,28.351880784405786,6542.477870918646
2256,6392.780216194213,15.293732574627303,26.29335472101967,6419.073570915232,28.351832472160247,6542.40404216913
2257,6392.708025699567,15.293559870094658,26.291949360770044,6418.9999750603365,28.35178432085003,6542.330236856034
2258,6392.635839183864,15.293387175081014,26.29056267547886,6418.926401859343,28.35173632984835,6542.256454894184
2259,6392.563656595933,15.293214489463955,26.289194634226362,6418.852851230159,28.351688498531306,6542.18269619877
2260,6392.491477884749,15.293041813121409,26.28784520624384,6418.779323090993,28.35164082627791,6542.108960685302
2261,6392.419302999417,15.292869145931618,26.286514360912836,6418.705817360329,28.351593312470037,6542.0352482695735
2262,6392.34713188967,15.29269648777433,26.285202067764644,6418.632333957435,28.351545956492416,6541.961558868176
2263,6392.274964504873,15.292523838528405,26.283908296479574,6418.558872801353,28.35149875773264,6541.88789239749
2264,6392.202800794608,15.292351198073225,26.282633016886475,6418.485433811495,28.351451715581128,6541.8142487742725
2265,6392.1306407090615,15.292178566289621,26.28137619896199,6418.412016908023,28.35140482943112,6541.740627916049
2266,6392.058484198502,15.292005943058617,26.280137812830027,6418.338622011332,28.351358098678674,6541.6670297405835
2267,6391.986331212718,15.291833328260092,26.27891782876112,6418.265249041479,28.351311522722625,6541.593454165322
2268,6391.914181702641,15.291660721776653,26.277716217171815,6418.191897919813,28.351265100964607,6541.519901109009
2269,6391.842035618698,15.291488123489708,26.27653294862401,6418.118568567322,28.351218832808996,6541.446370490041
2270,6391.7698929119215,15.29131553328211,26.275367993824542,6418.045260905746,28.35117271766296,6541.372862227579
2271,6391.697753533326,15.291142951036665,26.27422132362435,6417.9719748569505,28.35112675493636,6541.299376240923
2272,6391.625617433841,15.290970376635984,26.27309290901802,6417.898710342859,28.351080944041833,6541.225912449441
2273,6391.553484565129,15.290797809964424,26.271982721143154,6417.825467286272,28.35103528439469,6541.152470773389
2274,6391.481354878501,15.290625250905507,26.27089073127978,6417.752245609781,28.350989775412977,6541.079051132828
2275,6391.40922832622,15.290452699345023,26.26981691084977,6417.67904523707,28.350944416517407,6541.00565344892
2276,6391.337104859496,15.29028015516626,26.268761231416228,6417.605866090913,28.35089920713138,6540.932277641935
2277,6391.264984431073,15.290107618256155,26.26772366468296,6417.532708095756,28.350854146680952,6540.858923633818
2278,6391.192866992802,15.289935088499526,26.266704182493807,6417.459571175295,28.350809234594838,6540.785591345783
2279,6391.120752497318,15.289762565783057,26.26570275683212,6417.38645525415,28.350764470304384,6540.712280699974
2280,6391.048640897208,15.289590049993322,26.26471935982017,6417.313360257029,28.35071985324356,6540.638991618638
2281,6390.9765321453215,15.289417541017515,26.26375396371865,6417.24028610904,28.350675382848955,6540.565724024434
2282,6390.904426194944,15.289245038743886,26.262806540925933,6417.16723273587,28.350631058559756,6540.492477840605
2283,6390.832322998518,15.289072543058655,26.26187706397765,6417.0942000624955,28.350586879817733,6540.419252989703
2284,6390.760222510276,15.288900053852336,26.260965505546046,6417.021188015822,28.350542846067253,6540.346049396215
2285,6390.688124683333,15.288727571012757,26.260071838439416,6416.948196521772,28.35049895675521,6540.272866983657
2286,6390.616029471031,15.288555094428304,26.259196035601626,6416.875225506632,28.350455211331077,6540.199705675922
2287,6390.543936828094,15.288382623990655,26.25833807011145,6416.802274898206,28.35041160924686,6540.126565398429
2288,6390.471846707929,15.288210159588347,26.25749791518206,6416.7293446231115,28.35036814995709,6540.053446075425
2289,6390.39975906501,15.288037701112463,26.256675544160437,6416.65643460917,28.3503248329188,6539.980347632367
2290,6390.32767385372,15.287865248453874,26.255870930526875,6416.583544784246,28.350281657591548,6539.90726999477
2291,6390.255591028766,15.287692801504225,26.255084047894385,6416.51067507666,28.35023862343738,6539.834213088612
2292,6390.183510544917,15.287520360155304,26.254314870008116,6416.437825414925,28.350195729920802,6539.76117684008
2293,6390.111432356953,15.28734792429893,26.253563370744875,6416.3649957276975,28.350152976508802,6539.688161175511
2294,6390.03935642039,15.287175493828684,26.25282952411255,6416.292185944502,28.35011036267082,6539.61516602212
2295,6389.967282690118,15.287003068636645,26.25211330424955,6416.219395994367,28.350067887878744,6539.542191306639
2296,6389.895211121879,15.286830648616935,26.251414685424294,6416.146625807303,28.350025551606887,6539.469236956793
2297,6389.823141671335,15.28665823366348,26.25073364203466,6416.07387531337,28.34998335333199,6539.396302900364
2298,6389.751074294201,15.286485823670338,26.250070148607456,6416.001144442809,28.349941292533195,6539.323389065328
2299,6389.67900894645,15.286313418532178,26.249424179797856,6415.928433126248,28.349899368692043,6539.250495380058
2300,6389.606945584619,15.286141018145022,26.248795710388897,6415.855741295008,28.349857581292476,6539.17762177363
2301,6389.534884164693,15.285968622403571,26.248184715290908,6415.783068879984,28.349815929820778,6539.104768174704
2302,6389.462824643541,15.285796231204644,26.247591169541046,6415.710415813082,28.34977441376565,6539.031934512963
2303,6389.390766977667,15.28562384444418,26.247015048302703,6415.6377820259695,28.349733032618076,6538.959120717858
2304,6389.318711123958,15.285451462019038,26.246456326865058,6415.565167450823,28.349691785871446,6538.886326719364
2305,6389.246657039649,15.285279083826913,26.245914980642464,6415.492572020292,28.349650673021436,6538.813552447935
2306,6389.174604682013,15.28510670976558,26.24539098517401,6415.419995667186,28.349609693566073,6538.740797834199
2307,6389.102554008376,15.284934339732956,26.244884316122956,6415.347438324498,28.349568847005656,6538.6680628089725
2308,6389.030504976274,15.284761973627448,26.244394949276217,6415.27489992555,28.34952813284281,6538.595347303416
2309,6388.958457543459,15.284589611347988,26.243922860543844,6415.202380404003,28.349487550582445,6538.522651249036
2310,6388.886411668159,15.284417252794638,26.24346802595852,6415.129879694117,28.349447099731726,6538.44997457795
2311,6388.81436730837,15.284244897866913,26.243030421675122,6415.057397730045,28.3494067798001,6538.377317222175
2312,6388.7423244222655,15.284072546464749,26.242610023970073,6414.9849344462355,28.349366590299258,6538.304679114037
2313,6388.670282968262,15.283900198488665,26.242206809240926,6414.912489777503,28.349326530743134,6538.232060186236
2314,6388.598242905272,15.283727853840363,26.241820754005833,6414.840063659278,28.349286600647922,6538.159460372096
2315,6388.526204192114,15.283555512421326,26.241451834903025,6414.767656027017,28.34924679953199,6538.086879604982
2316,6388.45416678759,15.283383174132991,26.2411000286904,6414.69526681628,28.34920712691595,6538.014317818364
2317,6388.382130651016,15.283210838878029,26.24076531224492,6414.622895963261,28.349167582322604,6537.941774946364
2318,6388.3100957414235,15.28303850655843,26.240447662562133,6414.550543403986,28.34912816527695,6537.86925092294
2319,6388.238062018898,15.282866177078702,26.24014705675571,6414.4782090756535,28.349088875306172,6537.796745683236
2320,6388.166029442653,15.282693850341275,26.239863472056992,6414.4058929147095,28.349049711939603,6537.724259161647
2321,6388.093997972739,15.282521526250571,26.239596885814368,6414.333594858554,28.349010674708744,6537.651791293537
2322,6388.021967569288,15.282349204711215,26.239347275492907,6414.261314844781,28.348971763147247,6537.579342014471
2323,6387.949938192244,15.28217688562738,26.23911461867373,6414.189052810918,28.348932976790916,6537.5069112599585
2324,6387.877909802209,15.282004568904805,26.238898893053744,6414.116808695262,28.348894315177667,6537.434498966285
2325,6387.805882359663,15.281832254448954,26.23870007644495,6414.044582436108,28.348855777847533,6537.362105069745
2326,6387.733855825258,15.281659942165689,26.238518146774048,6413.972373972032,28.348817364342672,6537.289729506922
2327,6387.661830160056,15.281487631961856,26.238353082081947,6413.900183242137,28.348779074207318,6537.217372214939
2328,6387.589805325,15.28131532374402,26.238204860523226,6413.828010185523,28.34874090698782,6537.145033130921
2329,6387.51778128132,15.281143017419426,26.238073460365825,6413.755854741686,28.34870286223259,6537.072712192397
2330,6387.445757990299,15.280970712895453,26.237958859990393,6413.68371685029,28.34866493949211,6537.000409337081
2331,6387.373735413987,15.280798410081308,26.23786103788983,6413.611596451877,28.348627138318914,6536.928124503564
2332,6387.301713513685,15.280626108884414,26.23777997266895,6413.539493486354,28.348589458267607,6536.855857629818
2333,6387.229692251748,15.280453809214707,26.237715643043884,6413.467407894792,28.34855189889482,6536.783608654984
2334,6387.157671589729,15.280281510980213,26.23766802784165,6413.39533961757,28.348514459759212,6536.711377517523
2335,6387.085651490225,15.280109214091448,26.23763710599965,6413.323288596225,28.348477140421465,6536.639164157059
2336,6387.013631915683,15.27993691845857,26.237622856565235,6413.251254772248,28.34843994044428,6536.566968513181
2337,6386.9416128286475,15.27976462399198,26.237625258695275,6413.179238087343,28.348402859392337,6536.4947905256995
2338,6386.869594191832,15.279592330602469,26.237644291655634,6413.107238483488,28.348365896832355,6536.422630134709
2339,6386.797575968346,15.279420038201785,26.237679934820733,6413.035255903166,28.34832905233298,6536.350487280814
2340,6386.725558121223,15.27924774670149,26.23773216767312,6412.963290288896,28.34829232546486,6536.278361904669
2341,6386.653540613552,15.279075456013281,26.23780096980294,6412.891341583355,28.348255715800615,6536.206253947087
2342,6386.581523409277,15.278903166050902,26.23788632090749,6412.819409730185,28.348219222914807,6536.134163349864
2343,6386.5095064714305,15.278730876725911,26.23798820079086,6412.747494672221,28.34818284638393,6536.062090053992
2344,6386.437489764328,15.278558587952938,26.23810658936339,6412.675596353692,28.348146585786445,6535.990034001863
2345,6386.365473251504,15.278386299644747,26.238241466641206,6412.603714718145,28.348110440702722,6535.917995135202
2346,6386.29345689758,15.278214011716697,26.23839281274581,6412.531849710325,28.348074410715043,6535.845973396936
2347,6386.221440666377,15.278041724082241,26.238560607903633,6412.46000127428,28.348038495407625,6535.773968729303
2348,6386.149424522687,15.277869436657145,26.23874483244559,6412.388169355132,28.348002694366556,6535.7019810756265
2349,6386.077408431036,15.277697149356545,26.238945466806577,6412.316353897842,28.347967007179832,6535.6300103790745
2350,6386.005392356204,15.27752486209618,26.2391624915251,6412.244554847729,28.34793143343732,6535.5580565831815
2351,6385.933376262992,15.277352574791847,26.239395887242782,6412.172772150235,28.347895972730782,6535.486119631613
2352,6385.861360116925,15.277180287361066,26.239645634703948,6412.10100575163,28.347860624653823,6535.414199468873
2353,6385.789343883202,15.277007999720578,26.239911714755127,6412.029255597957,28.3478253888019,6535.342296039245
2354,6385.717327527091,15.276835711787298,26.240194108344706,6411.957521635435,28.34779026477235,6535.2704092871945
2355,6385.645311014381,15.27666342347938,26.240492796522396,6411.885803810904,28.347755252164312,6535.198539157818
2356,6385.573294310846,15.276491134714943,26.240807760438898,6411.814102071285,28.347720350578772,6535.126685596302
2357,6385.501277382467,15.276318845412602,26.241138981345344,6411.7424163638125,28.347685559618544,6535.054848548153
2358,6385.429260195422,15.27614655549144,26.241486440592933,6411.670746636015,28.34765087888823,6534.983027959179
2359,6385.357242716279,15.275974264871481,26.24185011963252,6411.5990928359115,28.347616307994272,6534.911223775686
2360,6385.285224911084,15.275801973471493,26.24223000001416,6411.527454911098,28.34758184654487,6534.839435943569
2361,6385.213206746626,15.275629681212024,26.242626063386663,6411.455832810013,28.347547494150035,6534.767664409565
2362,6385.141188189627,15.275457388013463,26.2430382914972,6411.384226481125,28.347513250421542,6534.695909120458
2363,6385.069169207444,15.275285093797713,26.243466666190795,6411.312635873635,28.347479114972955,6534.624170023768
2364,6384.997149766581,15.275112798484644,26.243911169409998,6411.241060935991,28.347445087419583,6534.552447066267
2365,6384.925129835097,15.27494050199784,26.24437178319443,6411.169501618292,28.3474111673785,6534.480740196389
2366,6384.853109380024,15.27476820425843,26.244848489680315,6411.097957869704,28.34737735446851,6534.409049361642
2367,6384.781088368961,15.274595905188901,26.24534127110006,6411.026429640061,28.347343648310183,6534.33737451021
2368,6384.709066769919,15.274423604712727,26.245850109781923,6410.954916879701,28.34731004852578,6534.265715590788
2369,6384.637044550565,15.274251302752548,26.246374988149505,6410.883419538715,28.347276554739327,6534.194072551832
2370,6384.565021679436,15.2740789992331,26.246915888721357,6410.811937568157,28.347243166576526,6534.122445342765
2371,6384.492998124629,15.27390669407806,26.24747279411057,6410.740470918739,28.347209883664803,6534.050833912681
2372,6384.420973854564,15.273734387211876,26.248045687024337,6410.669019541589,28.347176705633274,6533.979238211094
2373,6384.348948837853,15.273562078559456,26.248634550263557,6410.597583388117,28.34714363211275,6533.907658187807
2374,6384.2769230434915,15.27338976804663,26.249239366722406,6410.526162410214,28.347110662735723,6533.836093793115
2375,6384.204896440246,15.273217455598674,26.249860119387918,6410.454756559634,28.347077797136343,6533.764544977177
2376,6384.13286899734,15.273045141141962,26.250496791339643,6410.38336578868,28.347045034950444,6533.693011690714
2377,6384.0608406839165,15.27287282460267,26.251149365749175,6410.311990049666,28.34701237581551,6533.621493884463
2378,6383.988811469559,15.272700505908036,26.25181782587972,6410.240629295438,28.346979819370667,6533.549991509701
2379,6383.916781323648,15.272528184984804,26.252502155085725,6410.169283478734,28.346947365256703,6533.4785045176
2380,6383.8447502162835,15.272355861761444,26.253202336812464,6410.097952553096,28.346915013116025,6533.40703286015
2381,6383.772718117364,15.272183536165942,26.253918354595633,6410.02663647196,28.346882762592664,6533.3355764892385
2382,6383.7006849964855,15.272011208125564,26.254650192060936,6409.955335188546,28.346850613332286,6533.264135356541
2383,6383.628650824709,15.271838877571076,26.25539783292373,6409.884048657633,28.346818564982158,6533.192709415305
2384,6383.5566155719325,15.271666544430461,26.256161260988513,6409.812776832921,28.34678661719115,6533.121298617702
2385,6383.484579208865,15.27149420863365,26.25694046014864,6409.741519669014,28.34675476960973,6533.049902916817
2386,6383.412541706213,15.271321870110558,26.25773541438584,6409.670277120599,28.346723021889964,6532.97852226582
2387,6383.340503034847,15.271149528791499,26.258546107769895,6409.599049142616,28.34669137368549,6532.907156618148
2388,6383.2684631660695,15.270977184607823,26.259372524458122,6409.527835690527,28.346659824651525,6532.835805927762
2389,6383.196422070761,15.27080483748986,26.26021464869512,6409.456636719457,28.34662837444485,6532.764470148291
2390,6383.124379720772,15.270632487370268,26.26107246481228,6409.385452185584,28.34659702272381,6532.693149234432
2391,6383.052336087241,15.270460134180002,26.26194595722739,6409.314282044468,28.346565769148295,6532.621843140263
2392,6382.980291142018,15.270287777851719,26.262835110444314,6409.243126252462,28.346534613379745,6532.550551820665
2393,6382.9082448571135,15.270115418318452,26.263739909052532,6409.171984766166,28.34650355508114,6532.479275230769
2394,6382.836197204415,15.269943055512954,26.264660337726724,6409.100857542142,28.346472593916978,6532.408013325681
2395,6382.764148156311,15.269770689369166,26.265596381226448,6409.029744537538,28.346441729553305,6532.336766061095
2396,6382.6920976847005,15.269598319819858,26.266548024395696,6408.958645709096,28.346410961657654,6532.265533392307
2397,6382.6200457626255,15.26942594680054,26.26751525216256,6408.887561014788,28.346380289899095,6532.194315275849
2398,6382.547992362566,15.269253570245374,26.268498049538774,6408.816490412105,28.34634971394818,6532.123111667779
2399,6382.475937457517,15.269081190089754,26.2694964016194,6408.745433859136,28.34631923347697,6532.051922524761
2400,6382.403881020338,15.268908806268753,26.270510293582397,6408.674391313921,28.346288848159,6531.980747803413
2401,6382.331823023862,15.268736418717372,26.27153971068825,6408.6033627345505,28.34625855766931,6531.909587460412
2402,6382.259763441974,15.268564027373145,26.272584638279575,6408.532348080254,28.34622836168439,6531.838441453581
2403,6382.187702247931,15.268391632172085,26.273645061780762,6408.4613473097115,28.346198259882204,6531.767309740199
2404,6382.115639415167,15.268219233050639,26.27472096669754,6408.390360381864,28.34616825194219,6531.696192277813
2405,6382.043574917907,15.268046829947146,26.275812338616635,6408.319387256523,28.346138337545227,6531.625089024845
2406,6381.971508729808,15.267874422798585,26.276919163205392,6408.248427893013,28.346108516373654,6531.553999939239
2407,6381.899440824891,15.2677020115428,26.278041426211356,6408.177482251102,28.346078788111235,6531.482924979387
2408,6381.827371177889,15.267529596119353,26.27917911346198,6408.106550291352,28.34604915244317,6531.41186410448
2409,6381.755299762656,15.267357176465685,26.280332210864152,6408.03563197352,28.346019609056107,6531.340817272914
2410,6381.683226554158,15.267184752521908,26.281500704403854,6407.964727258562,28.345990157638084,6531.269784444287
2411,6381.611151526984,15.267012324227235,26.28268458014574,6407.89383610713,28.345960797878583,6531.198765577901
2412,6381.539074656388,15.266839891522459,26.283883824232916,6407.822958480621,28.345931529468462,6531.127760633809
2413,6381.466995916888,15.26666745434662,26.285098422886392,6407.752094339774,28.345902352100016,6531.056769571409
2414,6381.394915284093,15.266495012641371,26.28632836240481,6407.681243646498,28.3458732654669,6530.985792351279
2415,6381.322832733169,15.266322566347295,26.28757362916395,6407.610406362333,28.345844269264177,6530.914828933633
2416,6381.250748240052,15.266150115406823,26.288834209616518,6407.539582449669,28.34581536318829,6530.843879279538
2417,6381.178661779812,15.265977659760315,26.290110090291687,6407.468771870103,28.345786546937052,6530.77294334928
2418,6381.106573328747,15.26580519935107,26.29140125779472,6407.397974586542,28.345757820209656,6530.702021104454
2419,6381.034482862666,15.26563273412121,26.292707698806666,6407.327190561472,28.345729182706627,6530.631112506246
2420,6380.962390357954,15.265460264014244,26.294029400083907,6407.256419758038,28.345700634129898,6530.560217516503
2421,6380.89029579099,15.26528778897366,26.295366348457804,6407.185662139448,28.345672174182706,6530.489336097143
2422,6380.818199137531,15.265115308941462,26.296718530834404,6407.114917668366,28.345643802569647,6530.418468209544
2423,6380.746100375176,15.264942823864057,26.298085934193985,6407.04418630937,28.345615518996667,6530.347613817005
2424,6380.673999480235,15.264770333684773,26.29946854559075,6406.973468025825,28.345587323171017,6530.276772881619
2425,6380.60189642986,15.264597838348948,26.300866352152426,6406.902762782012,28.345559214801295,6530.205945366398
2426,6380.529791200747,15.26442533780083,26.302279341079945,6406.832070541827,28.345531193597417,6530.135131233976
2427,6380.457683770587,15.26425283198705,26.303707499647054,6406.7613912702345,28.345503259270593,6530.064330448062
2428,6380.385574116467,15.264080320852791,26.3051508151999,6406.690724931667,28.34547541153336,6529.993542971837
2429,6380.3134622163525,15.26390780434534,26.30660927515679,6406.620071491509,28.34544765009955,6529.922768769443
2430,6380.241348047488,15.263735282410257,26.30808286700773,6406.549430914496,28.345419974684283,6529.852007804373
2431,6380.169231588148,15.26356275499557,26.309571578314056,6406.478803166462,28.345392385003986,6529.781260041229
2432,6380.097112816147,15.2633902220482,26.311075396708183,6406.408188212856,28.345364880776344,6529.710525444233
2433,6380.024991709961,15.263217683516652,26.31259430989314,6406.337586019854,28.34533746172034,6529.639803978337
2434,6379.952868247672,15.263045139348497,26.314128305642242,6406.266996553314,28.345310127556218,6529.5690956081835
2435,6379.880742407796,15.262872589492334,26.315677371798767,6406.196419779595,28.345282878005477,6529.498400298919
2436,6379.808614168947,15.262700033897003,26.31724149627557,6406.125855665223,28.3452557127909,6529.427718015863
2437,6379.7364835103135,15.262527472512712,26.318820667054702,6406.055304177368,28.345228631636516,6529.357048724987
2438,6379.664350410352,15.262354905287923,26.320414872187094,6405.984765282539,28.34520163426759,6529.286392391603
2439,6379.592214848371,15.262182332173138,26.32202409979223,6405.914238948164,28.34517472041064,6529.21574898195
2440,6379.52007680393,15.26200975311945,26.3236483380577,6405.843725141988,28.34514788979341,6529.145118462589
2441,6379.44793625588,15.26183716807627,26.325287575238967,6405.773223831119,28.34512114214489,6529.074500799449
2442,6379.375793184272,15.261664576995866,26.326941799658883,6405.702734983931,28.345094477195275,6529.0038959597305
2443,6379.303647568937,15.261491979829993,26.328610999707443,6405.632258568644,28.34506789467601,6528.933303910485
2444,6379.231499389305,15.261319376529437,26.330295163841395,6405.561794553147,28.345041394319715,6528.862724618438
2445,6379.159348625537,15.26114676704674,26.331994280583917,6405.491342906121,28.345014975860256,6528.792158051113
2446,6379.087195258135,15.260974151335251,26.333708338524215,6405.420903596659,28.344988639032678,6528.7216041764505
2447,6379.01503926712,15.260801529347178,26.335437326317187,6405.350476593438,28.34496238357323,6528.651062961982
2448,6378.942880632937,15.260628901035734,26.337181232683125,6405.28006186562,28.344936209219355,6528.580534375725
2449,6378.870719336708,15.260456266355762,26.33894004640732,6405.209659383116,28.344910115709688,6528.510018386452
2450,6378.798555358737,15.260283625260136,26.34071375633972,6405.139269115077,28.34488410278402,6528.439514962187
2451,6378.726388680192,15.260110977703809,26.34250235139462,6405.068891031587,28.344858170183354,6528.369024071884
2452,6378.654219282342,15.259938323641967,26.344305820550247,6404.998525102892,28.34483231764983,6528.298545684669
2453,6378.582047146111,15.259765663028974,26.346124152848482,6404.92817129896,28.34480654492678,6528.228079769391
2454,6378.50987225299,15.259592995820551,26.34795733739448,6404.857829590384,28.344780851758664,6528.157626295535
2455,6378.437694584837,15.259420321973295,26.349805363356342,6404.787499948194,28.344755237891135,6528.08718523302
2456,6378.365514123007,15.2592476414426,26.351668219964807,6404.717182342973,28.344729703070957,6528.016756551331
2457,6378.293330849496,15.259074954185397,26.35354589651284,6404.646876746008,28.344704247046067,6527.946340220658
2458,6378.221144746562,15.258902260159239,26.35543838235535,6404.576583128917,28.344678869565524,6527.875936211527
2459,6378.14895579586,15.25872955932024,26.357345666908785,6404.506301462769,28.344653570379535,6527.80554449392
2460,6378.076763980296,15.258556851627503,26.359267739650818,6404.436031719947,28.344628349239404,6527.735165039138
2461,6378.004569282006,15.258384137038291,26.361204590120025,6404.365773872126,28.344603205897602,6527.664797817781
2462,6377.932371683447,15.258211415510639,26.36315620791553,6404.295527891362,28.344578140107693,6527.594442800831
2463,6377.860171167758,15.258038687004207,26.365122582696692,6404.225293750455,28.344553151624353,6527.524099960021
2464,6377.787967717792,15.25786595147797,26.367103704182767,6404.155071421975,28.344528240203363,6527.453769266859
2465,6377.715761316558,15.257693208891288,26.369099562152503,6404.084860878711,28.344503405601625,6527.383450693078
2466,6377.64355194711,15.257520459203612,26.371110146443904,6404.014662093554,28.344478647577127,6527.313144210514
2467,6377.571339592966,15.257347702375517,26.373135446953818,6403.94447503992,28.34445396588893,6527.242849791536
2468,6377.4991242379165,15.257174938368221,26.375175453637635,6403.874299691554,28.344429360297234,6527.1725674088475
2469,6377.426905865203,15.257002167141634,26.377230156508915,6403.804136021711,28.344404830563263,6527.102297034661
2470,6377.3546844589555,15.256829388657788,26.379299545639103,6403.733984004594,28.34438037644936,6527.032038642149
2471,6377.282460003004,15.256656602878001,26.381383611157144,6403.663843614161,28.344355997718928,6526.961792204238
2472,6377.210232481588,15.256483809764564,26.3834823432492,6403.593714824837,28.344331694136432,6526.89155769433
2473,6377.138001878691,15.256311009279166,26.385595732158308,6403.52359761085,28.34430746546741,6526.821335085633
2474,6377.065768179305,15.256138201385898,26.38772376818403,6403.453491947489,28.344283311478446,6526.75112435242
2475,6376.993531367353,15.255965386046299,26.38986644168213,6403.383397809035,28.3442592319372,6526.680925467962
2476,6376.921291428034,15.255792563224963,26.392023743064215,6403.313315171098,28.344235226612362,6526.610738406862
2477,6376.849048346008,15.255619732885187,26.394195662797454,6403.243244008806,28.344211295273666,6526.540563143247
2478,6376.7768021062475,15.255446894991023,26.396382191404175,6403.1731842976515,28.344187437691904,6526.470399651611
2479,6376.704552694049,15.255274049507294,26.398583319461622,6403.103136013511,28.344163653638873,6526.40024790684
2480,6376.632300094527,15.255101196398389,26.40079903760156,6403.033099132128,28.344139942887438,6526.3301078836885
2481,6376.560044293576,15.254928335630563,26.40302933650998,6402.963073630086,28.344116305211458,6526.259979557756
2482,6376.487785276575,15.25475546716884,26.405274206926784,6402.893059483502,28.34409274038583,6526.189862904181
2483,6376.415523029151,15.25458259097883,26.407533639645457,6402.823056668796,28.344069248186454,6526.119757898407
2484,6376.343257537313,15.254409707027063,26.409807625512663,6402.753065162825,28.34404582839026,6526.049664516322
2485,6376.270988787135,15.254236815280228,26.412096155428063,6402.683084942563,28.344022480775173,6525.979582733935
2486,6376.198716764807,15.254063915705279,26.414399220343796,6402.61311598515,28.343999205120124,6525.9095125274225
2487,6376.126441456838,15.253891008269946,26.41671681126434,6402.543158268102,28.343976001205036,6525.839453873344
2488,6376.05416284946,15.253718092941293,26.419048919246077,6402.473211768706,28.343952868810828,6525.769406748033
2489,6375.981880929452,15.253545169687683,26.42139553539699,6402.403276464849,28.343929807719427,6525.6993711284285
2490,6375.90959568367,15.253372238477679,26.423756650876356,6402.333352334546,28.34390681771371,6525.629346991601
2491,6375.83730709905,15.253199299280023,26.426132256894455,6402.263439355945,28.343883898577563,6525.5593343147575
2492,6375.765015162722,15.253026352063928,26.428522344712164,6402.1935375074345,28.34386105009584,6525.489333075351
2493,6375.692719861598,15.25285339679808,26.430926905640668,6402.123646767238,28.34383827205436,6525.4193432506745
2494,6375.620421183473,15.252680433453284,26.43334593104116,6402.053767114514,28.343815564239915,6525.349364818958
2495,6375.548119115891,15.252507461999738,26.43577941232452,6401.983898528215,28.343792926440265,6525.27939775823
2496,6375.475813646197,15.25233448240717,26.438227340950938,6401.914040987148,28.343770358444125,6525.20944204638
2497,6375.403504762363,15.252161494646801,26.44068970842965,6401.844194470793,28.343747860041155,6525.139497661972
2498,6375.331192452468,15.251988498690114,26.443166506318647,6401.774358958786,28.343725431021994,6525.069564583732
2499,6375.258876704647,15.251815494508726,26.445657726224287,6401.704534430872,28.343703071178183,6524.999642790497
2500,6375.1865575068405,15.25164248207378,26.448163359801008,6401.634720866641,28.343680780302243,6524.9297322609555
2501,6375.114234847785,15.251469461358338,26.450683398750982,6401.564918246536,28.34365855818762,6524.859832974652
2502,6375.04190871605,15.251296432335048,26.45321783482382,6401.4951265508735,28.343636404628683,6524.789944911008
2503,6374.969579100205,15.251123394976567,26.455766659816284,6401.425345760022,28.34361431942074,6524.720068049502
2504,6374.89724598905,15.250950349256101,26.458329865571912,6401.355575854622,28.343592302360033,6524.650202369888
2505,6374.824909371994,15.250777295148312,26.46090744398073,6401.285816815975,28.343570353243706,6524.580347852585
2506,6374.75256923764,15.250604232625934,26.463499386978967,6401.216068624619,28.343548471869834,6524.510504477253
2507,6374.680225575418,15.25043116166368,26.466105686548666,6401.146331261967,28.3435266580374,6524.440672224429
2508,6374.607878375022,15.250258082236893,26.46872633471745,6401.0766047097395,28.343504911546304,6524.370851074966
2509,6374.535527625643,15.250084994319721,26.471361323558117,6401.006888949201,28.343483232197322,6524.301041009259
2510,6374.463173317348,15.249911897888394,26.47401064518842,6400.937183962536,28.34346161979218,6524.231242008633
2511,6374.390815439972,15.249738792918594,26.476674291770674,6400.867489731743,28.34344007413345,6524.161454054224
2512,6374.318453983289,15.24956567938586,26.479352255511493,6400.797806238801,28.343418595024637,6524.091677127159
2513,6374.24608893772,15.249392557267273,26.482044528661426,6400.728133466381,28.34339718227011,6524.021911209256
2514,6374.173720293306,15.24921942653901,26.48475110351473,6400.658471396821,28.343375835675136,6523.952156282008
2515,6374.101348040796,15.249046287178938,26.48747197240897,6400.588820013206,28.343354555045856,6523.882412327655
2516,6374.028972170474,15.248873139163813,26.490207127724776,6400.519179298199,28.343333340189286,6523.812679328022
2517,6373.956592673448,15.248699982472363,26.49295656188551,6400.4495492353335,28.343312190913334,6523.742957265807
2518,6373.884209540211,15.248526817081844,26.49572026735692,6400.379929807567,28.343291107026758,6523.673246123134
2519,6373.811822761917,15.248353642971093,26.498498236646846,6400.310320998564,28.34327008833918,6523.603545882839
2520,6373.739432329943,15.248180460119482,26.501290462304958,6400.240722792249,28.34324913466111,6523.533856528024
2521,6373.667038235437,15.24800726850583,26.504096936922327,6400.171135172359,28.343228245803886,6523.464178041606
2522,6373.594640469875,15.24783406810975,26.506917653131286,6400.101558123007,28.34320742157972,6523.394510406879
2523,6373.522239024854,15.247660858911134,26.509752603605037,6400.031991628459,28.34318666180166,6523.324853607296
2524,6373.449833892139,15.247487640890286,26.512601781057285,6399.9624356731965,28.34316596628361,6523.25520762653
2525,6373.37742506362,15.247314414027798,26.515465178242003,6399.892890241862,28.343145334840322,6523.185572448418
2526,6373.305012531348,15.24714117830466,26.51834278795309,6399.823355319301,28.343124767287392,6523.115948057001
2527,6373.232596287416,15.246967933701951,26.521234603024144,6399.7538308904395,28.343104263441226,6523.046334436409
2528,6373.160176324218,15.246794680201479,26.524140616327976,6399.684316940546,28.34308382311909,6522.976731571113
2529,6373.087752634396,15.246621417785635,26.527060820776512,6399.614813455172,28.343063446139062,6522.907139445877
2530,6373.015325210176,15.246448146435828,26.52999520932037,6399.545320419496,28.343043132320048,6522.837558045088
2531,6372.942894044725,15.246274866135707,26.53294377494861,6399.475837819674,28.34302288148178,6522.767987354119
2532,6372.870459130547,15.246101576867337,26.53590651068837,6399.406365641235,28.343002693444816,6522.69842735772
2533,6372.798020460903,15.2459282786146,26.53888340960461,6399.336903870508,28.342982568030504,6522.628878041441
2534,6372.725578028867,15.245754971360926,26.541874464799786,6399.2674524936665,28.342962505061024,6522.559339390682
2535,6372.653131827945,15.245581655090778,26.54487966941351,6399.1980114973585,28.342942504359375,6522.489811391321
2536,6372.5806818514075,15.245408329788056,26.547899016622388,6399.1285808680295,28.342922565749316,6522.420294029039
2537,6372.5082280928655,15.245234995437476,26.550932499639504,6399.059160592505,28.34290268905545,6522.350787289896
2538,6372.435770546162,15.24506165202431,26.553980111714335,6398.989750657876,28.342882874103154,6522.281291160225
2539,6372.3633092054915,15.244888299534669,26.55704184613224,6398.920351051624,28.342863120718604,6522.211805626749
2540,6372.290844064257,15.244714937952768,26.56011769621437,6398.850961760471,28.34284342872878,6522.142330675441
2541,6372.21837511708,15.24454156726574,26.563207655317214,6398.781582772397,28.342823797961426,6522.072866293529
2542,6372.145902358192,15.24436818745979,26.56631171683234,6398.712214075024,28.342804228245086,6522.0034124678905
2543,6372.073425781975,15.244194798521471,26.569429874186117,6398.642855656161,28.342784719409057,6521.933969185591
2544,6372.0009453830135,15.24402140043783,26.572562120839383,6398.573507503853,28.342765271283454,6521.864536433935
2545,6371.928461156029,15.24384799319624,26.575708450287173,6398.504169606316,28.342745883699145,6521.795114200408
2546,6371.855973096275,15.243674576785347,26.578868856058442,6398.434841952334,28.342726556487758,6521.725702473056
2547,6371.783481198405,15.243501151192357,26.582043331715703,6398.365524530121,28.3427072894817,6521.656301239366
2548,6371.710985457713,15.243327716406013,26.585231870854802,6398.296217328568,28.342688082514144,6521.586910487505
2549,6371.638485869418,15.243154272414877,26.58843446710452,6398.226920336523,28.34266893541902,6521.517530205596
2550,6371.565982429103,15.24298081920838,26.5916511141264,6398.15763354323,28.342649848031005,6521.448160382165
2551,6371.493475132497,15.242807356776309,26.59488180561435,6398.088356938111,28.34263082018554,6521.378801005918
2552,6371.42096397492,15.242633885107463,26.598126535294426,6398.0190905102145,28.342611851718818,6521.309452065191
2553,6371.348448952538,15.242460404192675,26.601385296924498,6397.949834249463,28.34259294246779,6521.240113549197
2554,6371.27593006137,15.242286914022415,26.60465808429393,6397.880588145664,28.342574092270112,6521.170785447039
2555,6371.203407297524,15.242113414587378,26.60794489122326,6397.811352188747,28.34255530096423,6521.101467747942
2556,6371.130880657481,15.241939905879141,26.611245711564028,6397.742126369045,28.342536568389292,6521.0321604415385
2557,6371.058350137227,15.241766387888102,26.61456053919835,6397.672910676425,28.342517894385193,6520.962863517001
2558,6370.985815733813,15.241592860607208,26.617889368038732,6397.603705101852,28.342499278792577,6520.8935769646
2559,6370.9132774436275,15.241419324027817,26.62123219202771,6397.534509635655,28.342480721452784,6520.824300773975
2560,6370.840735263915,15.241245778143337,26.624589005137594,6397.465324269053,28.342462222207903,6520.755034935657
2561,6370.768189191245,15.241072222945563,26.627959801370157,6397.396148992615,28.34244378090073,6520.685779439533
2562,6370.695639223092,15.240898658428451,26.63134457475632,6397.326983797849,28.342425397374807,6520.616534276429
2563,6370.623085356518,15.24072508458497,26.63474331935591,6397.2578286758735,28.342407071474362,6520.547299436787
2564,6370.550527589193,15.240551501409552,26.638156029257274,6397.18868361845,28.34238880304435,6520.4780749116935
2565,6370.47796591855,15.240377908896052,26.64158269857719,6397.119548617127,28.342370591930436,6520.408860692025
2566,6370.405400342102,15.240204307038523,26.64502332146038,6397.0504236635625,28.342352437978995,6520.339656768771
2567,6370.332830858041,15.240030695832635,26.648477892079274,6396.981308750121,28.342334341037102,6520.270463133632
2568,6370.260257464189,15.239857075273179,26.651946404633698,6396.912203868823,28.342316300952533,6520.201279777966
2569,6370.187680158728,15.239683445355809,26.655428853350674,6396.8431090120785,28.342298317573764,6520.132106693524
2570,6370.115098939865,15.239509806076232,26.65892523248405,6396.774024172349,28.34228039074997,6520.062943872111
2571,6370.042513805833,15.239336157430222,26.662435536314252,6396.704949342147,28.342262520331015,6519.993791305587
2572,6369.9699247557255,15.239162499415611,26.665959759148006,6396.635884514873,28.342244706167467,6519.924648986702
2573,6369.897331787519,15.238988832027557,26.669497895318006,6396.566829682837,28.342226948110554,6519.855516907118
2574,6369.824734900472,15.238815155264287,26.673049939182718,6396.497784839655,28.342209246012203,6519.786395059808
2575,6369.752134093469,15.238641469123131,26.676615885125976,6396.428749978595,28.34219159972504,6519.717283437399
2576,6369.679529365803,15.2384677736024,26.68019572755673,6396.35972509336,28.342174009102337,6519.648182032955
2577,6369.606920716358,15.238294068699421,26.683789460908795,6396.290710177267,28.342156473998052,6519.579090839158
2578,6369.534308144756,15.238120354413292,26.687397079640554,6396.221705224397,28.342138994266847,6519.510009849458
2579,6369.46169165037,15.237946630742512,26.69101857823469,6396.1527102286045,28.342121569763997,6519.440939057078
2580,6369.389071232894,15.23777289768635,26.694653951197896,6396.083725184092,28.3421042003455,6519.371878455595
2581,6369.316446892188,15.237599155244467,26.698303193060514,6396.014750085248,28.342086885867992,6519.302828038773
2582,6369.243818628299,15.237425403416983,26.70196629837637,6395.9457849266755,28.342069626188763,6519.2337878005965
2583,6369.171186440986,15.237251642203317,26.705643261722443,6395.876829702709,28.342052421165786,6519.16475773478
2584,6369.0985503307675,15.237077871604708,26.7093340776986,6395.807884408466,28.342035270657668,6519.095737835826
2585,6369.025910297853,15.236904091621659,26.71303874092723,6395.73894903878,28.342018174523687,6519.026728097959
2586,6368.9532663427935,15.236730302255486,26.716757246053106,6395.670023588847,28.342001132623757,6518.95772851576
2587,6368.880618466073,15.236556503507353,26.720489587742975,6395.6011080538165,28.34198414481847,6518.888739083777
2588,6368.807966668868,15.236382695380067,26.724235760685318,6395.532202429554,28.341967210969017,6518.819759797269
2589,6368.7353109513615,15.23620887787407,26.727995759590076,6395.463306710952,28.34195033093728,6518.750790650529
2590,6368.662651315272,15.236035050993474,26.73176957918844,6395.39442089446,28.341933504585747,6518.681831639408
2591,6368.589987761663,15.23586121474082,26.73555721423245,6395.325544975895,28.341916731777577,6518.612882759127
2592,6368.51732029153,15.235687369118493,26.739358659494798,6395.256678951025,28.34190001237652,6518.543944004862
2593,6368.4446489064385,15.235513514130236,26.743173909768583,6395.187822816207,28.341883346247005,6518.475015372382
2594,6368.371973608302,15.235339649780627,26.747002959866904,6395.118976568169,28.341866733254065,6518.406096857824
2595,6368.299294398496,15.235165776072957,26.75084580462269,6395.050140203119,28.341850173263353,6518.337188456814
2596,6368.226611279084,15.234991893012163,26.754702438888405,6394.981313717973,28.34183366614118,6518.268290165687
2597,6368.153924252051,15.234818000602994,26.758572857535732,6394.912497109587,28.341817211754464,6518.199401980719
2598,6368.081233319535,15.234644098850563,26.762457055455386,6394.843690374991,28.341800809970728,6518.130523898363
2599,6368.008538483611,15.234470187759836,26.766355027556706,6394.774893511168,28.34178446065813,6518.06165591503
2600,6367.9358397471615,15.234296267337706,26.770266768767517,6394.706106515929,28.341768163685437,6517.99279802796
2601,6367.863137112279,15.234122337589184,26.77419227403376,6394.637329386313,28.34175191892205,6517.923950233623
2602,6367.79043058205,15.233948398521651,26.778131538319215,6394.568562120369,28.341735726237943,6517.855112529504
2603,6367.7177201590075,15.233774450141166,26.782084556605348,6394.499804715613,28.341719585503725,6517.786284912554
2604,6367.645005846226,15.233600492455086,26.786051323890916,6394.431057170117,28.3417034965906,6517.7174673802865
2605,6367.572287646905,15.233426525471065,26.790031835191797,6394.3623194820975,28.341687459370384,6517.648659930359
2606,6367.499565564195,15.233252549196639,26.79402608554056,6394.293591649735,28.341671473715486,6517.5798625603975
2607,6367.426839601325,15.233078563639534,26.79803406998638,6394.224873671311,28.341655539498916,6517.511075268131
2608,6367.354109762218,15.232904568809134,26.80205578359457,6394.156165545813,28.341639656594275,6517.442298051998
2609,6367.281376050226,15.232730564713458,26.806091221446543,6394.087467271673,28.341623824875782,6517.373530909882
2610,6367.208638469088,15.232556551361455,26.81014037863938,6394.018778847728,28.341608044218216,6517.304773840077
2611,6367.135897022936,15.232382528763004,26.814203250285598,6393.950100273221,28.341592314496964,6517.236026841283
2612,6367.063151715785,15.232208496927717,26.8182798315129,6393.881431547298,28.341576635587984,6517.167289912106
2613,6366.990402551981,15.232034455865984,26.822370117463876,6393.812772669445,28.341561007367844,6517.098563051495
2614,6366.917649535297,15.231860405586835,26.826474103295777,6393.744123638592,28.341545429713666,6517.029846257847
2615,6366.844892670955,15.231686346102764,26.830591784180253,6393.675484455135,28.341529902503176,6516.961139531024
2616,6366.772131963095,15.231512277423672,26.834723155303024,6393.606855118398,28.341514425614655,6516.892442869822
2617,6366.699367416568,15.231338199561167,26.838868211863712,6393.538235628432,28.341498998926994,6516.823756273764
2618,6366.626599036374,15.23116411252721,26.843026949075455,6393.469625985449,28.341483622319615,6516.755079742539
2619,6366.553826827241,15.230990016333113,26.847199362164744,6393.401026189406,28.34146829567253,6516.686413275582
2620,6366.48105079472,15.230815910992154,26.85138544637106,6393.332436241091,28.341453018866343,6516.61775687316
2621,6366.408270943828,15.230641796516336,26.85558519694673,6393.263856140775,28.341437791782184,6516.5491105350275
2622,6366.335487280016,15.2304676729187,26.859798609156627,6393.195285889173,28.341422614301774,6516.480474261385
2623,6366.2626998089045,15.23029354021269,26.864025678277837,6393.126725487183,28.3414074863074,6516.4118480526195
2624,6366.189908536229,15.230119398412032,26.868266399599484,6393.058174935829,28.341392407681877,6516.343231909245
2625,6366.117113467677,15.229945247530328,26.872520768422426,6392.9896342361,28.341377378308618,6516.274625831742
2626,6366.044314609516,15.229771087582574,26.87678878005901,6392.9211033895745,28.34136239807156,6516.206029821185
2627,6365.971511967463,15.229596918582446,26.881070429832825,6392.852582397296,28.341347466855215,6516.137443878116
2628,6365.898705548047,15.229422740545566,26.88536571307839,6392.784071261125,28.341332584544638,6516.068868003894
2629,6365.82589535761,15.229248553487105,26.889674625140934,6392.715569982751,28.341317751025443,6516.000302199712
2630,6365.753081402436,15.229074357422094,26.893997161376177,6392.647078563812,28.341302966183775,6515.931746466712
2631,6365.680263689479,15.228900152367174,26.898333317149962,6392.578597006629,28.341288229906333,6515.863200806722
2632,6365.6074422252905,15.228725938338016,26.90268308783816,6392.510125313129,28.341273542080366,6515.794665221179
2633,6365.53461701685,15.228551715351315,26.907046468826227,6392.441663485676,28.34125890259365,6515.726139711958
2634,6365.461788071282,15.22837748342412,26.911423455509095,6392.373211526791,28.341244311334528,6515.657624281096
2635,6365.388955395707,15.228203242573462,26.91581404329085,6392.304769438998,28.341229768191837,6515.589118930632
2636,6365.316118997474,15.228028992816924,26.920218227584517,6392.236337225059,28.341215273054985,6515.520623662848
2637,6365.243278884003,15.227854734172256,26.924636003811806,6392.167914887815,28.3412008258139,6515.4521384801055
2638,6365.170435062891,15.227680466657633,26.929067367402787,6392.099502430294,28.34118642635903,6515.383663384956
2639,6365.097587541887,15.227506190291596,26.93351231379573,6392.031099855682,28.341172074581376,6515.315198380112
2640,6365.024736328737,15.227331905092672,26.937970838436797,6391.962707167174,28.341157770372455,6515.246743468294
2641,6364.951881431666,15.227157611080541,26.942442936779756,6391.894324368446,28.341143513624303,6515.178298652712
2642,6364.879022858544,15.22698330827403,26.946928604285823,6391.82595146283,28.341129304229494,6515.109863936228
2643,6364.80616061781,15.226808996693325,26.95142783642342,6391.757588454233,28.341115142081115,6515.041439322285
2644,6364.733294717771,15.226634676358303,26.95594062866781,6391.689235346439,28.341101027072774,6514.973024814206
2645,6364.660425167129,15.226460347289782,26.960466976500953,6391.62089214363,28.34108695909859,6514.904620415709
2646,6364.587551974108,15.226286009507435,26.965006875411245,6391.552558849518,28.341072938053212,6514.83622613005
2647,6364.514675147957,15.22611166303339,26.969560320893176,6391.48423546885,28.341058963831788,6514.767841961519
2648,6364.441794697546,15.225937307888866,26.974127308447212,6391.415922005994,28.341045036329994,6514.699467914029
2649,6364.368910631695,15.225762944094965,26.9787078335795,6391.3476184652745,28.341031155444004,6514.631103991456
2650,6364.29602295985,15.225588571674283,26.983301891801563,6391.279324851652,28.341017321070503,6514.562750198308
2651,6364.223131691172,15.225414190648737,26.9879094786302,6391.211041169802,28.341003533106672,6514.494406538816
2652,6364.150236835183,15.225239801041107,26.992530589587126,6391.14276742477,28.340989791450227,6514.426073017578
2653,6364.0773384014565,15.225065402874298,26.99716522019871,6391.074503621655,28.34097609599935,6514.357749639252
2654,6364.004436399707,15.224890996171547,27.00181336599578,6391.006249765703,28.340962446652743,6514.289436408642
2655,6363.931530839895,15.224716580956686,27.00647502251347,6390.938005862408,28.340948843309608,6514.221133330805
2656,6363.858621732014,15.224542157253623,27.011150185290838,6390.869771917305,28.340935285869644,6514.152840410838
2657,6363.785709086033,15.224367725086204,27.015838849870683,6390.801547935904,28.34092177423304,6514.084557653818
2658,6363.712792912346,15.224193284479297,27.020541011799306,6390.733333924146,28.34090830830048,6514.016285065253
2659,6363.639873221306,15.224018835457668,27.025256666626248,6390.6651298879315,28.340894887973146,6513.948022650615
2660,6363.566950023554,15.223844378046781,27.02998580990414,6390.596935833459,28.34088151315271,6513.879770415673
2661,6363.494023329648,15.223669912271886,27.034728437188356,6390.528751766837,28.340868183741314,6513.811528366112
2662,6363.421093150368,15.223495438158775,27.03948454403684,6390.4605776944045,28.340854899641627,6513.743296507845
2663,6363.34815949668,15.223320955733683,27.044254126009868,6390.39241362269,28.340841660756748,6513.675074846981
2664,6363.275222379678,15.223146465023152,27.04903717866977,6390.324259558348,28.340828466990317,6513.606863389756
2665,6363.202281810353,15.222971966053477,27.053833697580774,6390.256115507934,28.34081531824641,6513.538662142306
2666,6363.129337800146,15.222797458852023,27.058643678308645,6390.187981478454,28.3408022144296,6513.470471111223
2667,6363.056390360473,15.222622943446108,27.06346711642059,6390.119857476894,28.34078915544496,6513.40229030308
2668,6362.9834395033,15.222448419864355,27.068304007484958,6390.051743510785,28.340776141197995,6513.3341197249965
2669,6362.910485239832,15.22227388813357,27.07315434707105,6389.983639586903,28.340763171594727,6513.2659593833405
2670,6362.837527582042,15.222099348282397,27.078018130748838,6389.915545712791,28.340750246541624,6513.197809285247
2671,6362.764566542028,15.22192480033978,27.082895354088787,6389.847461896116,28.340737365945643,6513.12966943798
2672,6362.691602131861,15.221750244334595,27.08778601266161,6389.779388144523,28.34072452971419,6513.06153984878
2673,6362.618634363986,15.221575680296617,27.09269010203801,6389.711324466024,28.340711737755164,6512.993420525259
2674,6362.545663250177,15.221401108254012,27.09760761778846,6389.643270867966,28.34069898997692,6512.925311474365
2675,6362.47268880352,15.221226528238086,27.102538555483058,6389.575227359003,28.34068628628826,6512.857212704357
2676,6362.399711036431,15.221051940278542,27.107482910691157,6389.507193947122,28.34067362659849,6512.789124222825
2677,6362.326729961878,15.220877344406407,27.112440678981283,6389.43917064086,28.340661010817342,6512.721046037915
2678,6362.25374559251,15.220702740651939,27.117411855920857,6389.371157448431,28.340648438855027,6512.652978157451
2679,6362.180757941554,15.220528129046778,27.122396437075903,6389.303154378629,28.340635910622204,6512.584920589836
2680,6362.107767021926,15.220353509621832,27.127394418010965,6389.235161439937,28.340623426029993,6512.516873343167
2681,6362.034772847,15.22017888240909,27.132405794288772,6389.167178641288,28.340610984989986,6512.448836425994
2682,6361.961775430218,15.220004247440713,27.137430561470154,6389.099205991688,28.340598587414206,6512.38080984694
2683,6361.888774785462,15.21982960474991,27.142468715113655,6389.031243500576,28.340586233215134,6512.312793615062
2684,6361.815770925911,15.21965495436821,27.147520250775415,6388.963291176687,28.340573922305715,6512.244787738717
2685,6361.742763865682,15.219480296329383,27.152585164008922,6388.895349029691,28.340561654599323,6512.176792227197
2686,6361.669753618524,15.219305630666325,27.15766345036482,6388.827417068888,28.34054943000981,6512.108807089431
2687,6361.596740198685,15.219130957413123,27.162755105390705,6388.759495304076,28.340537248451447,6512.04083233484
2688,6361.523723620208,15.21895627660337,27.16786012463087,6388.69158374484,28.340525109838964,6511.9728679726395
2689,6361.450703897882,15.218781588272444,27.172978503626073,6388.623682401508,28.340513014087527,6511.904914012788
2690,6361.377681045513,15.21860689245338,27.17811023791348,6388.5557912834265,28.340500961112742,6511.836970464267
2691,6361.304655078151,15.21843218918218,27.183255323026238,6388.487910401177,28.340488950830675,6511.769037337291
2692,6361.231626010334,15.218257478493623,27.188413754493403,6388.420039764827,28.34047698315781,6511.701114641563
2693,6361.15859385695,15.218082760423325,27.19358552783969,6388.352179384789,28.34046505801108,6511.633202387137
2694,6361.085558632806,15.217908035006714,27.198770638585263,6388.2843292713915,28.340453175307843,6511.56530058398
2695,6361.012520353287,15.21773330228059,27.203969082245536,6388.216489435533,28.340441334965913,6511.497409242635
2696,6360.939479033719,15.217558562281624,27.20918085433095,6388.14865988805,28.34042953690352,6511.42952837358
2697,6360.866434689109,15.217383815045716,27.214405950346784,6388.080840639456,28.34041778103934,6511.361657986978
2698,6360.79338733511,15.217209060610312,27.219644365793023,6388.013031700903,28.340406067292456,6511.293798093626
2699,6360.72033698734,15.217034299012774,27.224896096164034,6387.945233083504,28.340394395582408,6511.2259487042875
2700,6360.647283661761,15.216859530291295,27.230161136948414,6387.87744479871,28.340382765829155,6511.158109830067
2701,6360.574227374154,15.216684754483623,27.235439483628802,6387.809666857783,28.340371177953077,6511.090281481878
2702,6360.501168140085,15.216509971626996,27.240731131681642,6387.741899271767,28.34035963187499,6511.022463670422
2703,6360.428105976449,15.21633518176184,27.246036076577028,6387.674142053026,28.34034812751611,6510.954656407721
2704,6360.355040899063,15.216160384925988,27.25135431377847,6387.606395212842,28.340336664798116,6510.886859704713
2705,6360.281972924433,15.21598558115893,27.256685838742744,6387.538658763176,28.34032524364307,6510.819073573023
2706,6360.208902068767,15.215810770499443,27.262030646919673,6387.470932715687,28.34031386397347,6510.751298023972
2707,6360.135828349214,15.21563595298855,27.26738873375198,6387.403217082966,28.34030252571224,6510.683533069814
2708,6360.062751782303,15.215461128665797,27.272760094674982,6387.335511876978,28.340291228782704,6510.615778722183
2709,6359.9896723851525,15.215286297572135,27.278144725116455,6387.267817110269,28.34027997310862,6510.548034993291
2710,6359.916590174385,15.215111459747334,27.283542620496487,6387.200132794882,28.34026875861414,6510.480301894853
2711,6359.843505167704,15.214936615233743,27.288953776227235,6387.132458943932,28.34025758522385,6510.412579439656
2712,6359.770417381802,15.214761764071296,27.29437818771271,6387.064795569515,28.340246452862733,6510.344867639467
2713,6359.697326834506,15.214586906302646,27.299815850348654,6386.997142684855,28.3402353614562,6510.27716650719
2714,6359.624233543261,15.214412041969524,27.305266759522397,6386.929500302783,28.34022431093006,6510.209476055328
2715,6359.551137525637,15.214237171113965,27.310730910612506,6386.86186843625,28.340213301210532,6510.141796296516
2716,6359.478038799747,15.2140622937793,27.316208298988755,6386.7942470987355,28.34020233222424,6510.074127243911
2717,6359.404937383146,15.213887410007526,27.32169892001196,6386.726636303158,28.34019140389822,6510.006468910115
2718,6359.3318332941435,15.21371251984245,27.32720276903362,6386.659036063177,28.340180516159904,6509.938821308473
2719,6359.258726550711,15.21353762332706,27.3327198413959,6386.591446392107,28.340169668937143,6509.871184451984
2720,6359.1856171712825,15.21336272050546,27.33825013243134,6386.523867303714,28.340158862158173,6509.803558354102
2721,6359.112505174154,15.21318781142142,27.343793637462753,6386.456298811617,28.34014809575164,6509.735943028137
2722,6359.039390578177,15.21301289612004,27.349350351803032,6386.38874092998,28.340137369646598,6509.6683384879425
2723,6358.966273401479,15.212837974644687,27.354920270754963,6386.321193672234,28.340126683772482,6509.600744746644
2724,6358.893153663441,15.212663047041724,27.3605033896111,6386.253657053052,28.340116038059122,6509.533161818609
2725,6358.820031382881,15.212488113356175,27.366099703653497,6386.186131086534,28.340105432436783,6509.465589717634
2726,6358.746906578588,15.212313173632985,27.371709208153597,6386.118615786741,28.340094866836065,6509.398028457478
2727,6358.673779269904,15.21213822791843,27.37733189837209,6386.051111168276,28.34008434118802,6509.330478052444
2728,6358.600649476308,15.211963276259109,27.382967769558668,6385.983617245866,28.34007385542406,6509.262938516961
2729,6358.527517216911,15.211788318700744,27.388616816951888,6385.916134033863,28.340063409475988,6509.195409865084
2730,6358.454382511325,15.211613355290252,27.394279035778997,6385.848661547104,28.34005300327601,6509.127892111354
2731,6358.381245379328,15.211438386074947,27.399954421255867,6385.781199800584,28.34004263675672,6509.060385270475
2732,6358.308105840828,15.21126341110246,27.405642968586697,6385.713748809415,28.340032309851097,6508.992889357267
2733,6358.234963915623,15.21108843042015,27.41134467296384,6385.646308588586,28.340022022492505,6508.925404386428
2734,6358.1618196236905,15.210913444075814,27.417059529567798,6385.578879153259,28.340011774614695,6508.857930372833
2735,6358.088672985277,15.210738452117889,27.422787533566932,6385.511460518845,28.340001566151816,6508.790467331605
2736,6358.015524020879,15.210563454595404,27.428528680117292,6385.444052700996,28.339991397038382,6508.723015278112
2737,6357.942372750647,15.210388451556572,27.43428296436253,6385.37665571501,28.339981267209296,6508.65557422737
2738,6357.86921919506,15.210213443050383,27.44005038143372,6385.309269576494,28.339971176599853,6508.588144194704
2739,6357.7960633752555,15.210038429127405,27.445830926449176,6385.241894301705,28.33996112514572,6508.520725196088
2740,6357.722905311508,15.209863409836144,27.45162459451435,6385.174529906022,28.33995111278294,6508.453317246628
2741,6357.649745024906,15.209688385227048,27.45743138072166,6385.107176405628,28.339941139447944,6508.385920362226
2742,6357.576582536722,15.209513355351008,27.463251280150303,6385.039833816872,28.33993120507752,6508.318534558959
2743,6357.503417867765,15.209338320257812,27.469084287866128,6384.972502155631,28.339921309608858,6508.25115985243
2744,6357.430251039679,15.209163279999233,27.474930398921494,6384.9051814386,28.339911452979518,6508.183796259061
2745,6357.357082073262,15.208988234625028,27.480789608355135,6384.837871681617,28.33990163512742,6508.116443794421
2746,6357.283910990947,15.20881318418887,27.486661911192005,6384.770572902139,28.339891855990864,6508.049102475699
2747,6357.210737813689,15.208638128740882,27.492547302443153,6384.703285116132,28.33988211550853,6507.981772318594
2748,6357.137562563206,15.20846306833303,27.49844577710551,6384.6360083403115,28.33987241361947,6507.9144533395565
2749,6357.064385261892,15.20828800301888,27.50435733016183,6384.568742592054,28.339862750263094,6507.847145555698
2750,6356.991205931517,15.208112932850518,27.510281956580506,6384.5014878880975,28.33985312537919,6507.779848983497
2751,6356.918024594042,15.207937857880484,27.51621965131543,6384.434244245358,28.339843538907914,6507.712563639608
2752,6356.844841271946,15.20776277816255,27.522170409305904,6384.367011681252,28.3398339907898,6507.645289541188
2753,6356.7716559876235,15.207587693750295,27.528134225476464,6384.2997902131,28.339824480965717,6507.5780267053005
2754,6356.698468763445,15.207412604697236,27.53411109473676,6384.232579858181,28.33981500937692,6507.510775148971
2755,6356.625279622203,15.207237511057903,27.540101011981434,6384.165380634185,28.339805575965034,6507.443534889632
2756,6356.552088586355,15.207062412886017,27.546103972089963,6384.098192558446,28.33979618067203,6507.376305944369
2757,6356.478895678711,15.20688731023615,27.552119969926544,6384.031015648638,28.339786823440264,6507.309088330603
2758,6356.405700922838,15.206712203164685,27.558149000339963,6383.963849923178,28.339777504212442,6507.241882066502
2759,6356.332504341087,15.206537091725089,27.564191058163438,6383.89669539925,28.339768222931617,6507.174687169003
2760,6356.259305957225,15.206361975974222,27.570246138214593,6383.829552095439,28.339758979541223,6507.107503656443
2761,6356.186105794355,15.206186855967356,27.576314235295257,6383.7624200296505,28.339749773985048,6507.0403315464855
2762,6356.112903876144,15.206011731761109,27.582395344191283,6383.695299220335,28.33974060620723,6506.973170857336
2763,6356.0397002256495,15.205836603410646,27.588489459672605,6383.6281896853225,28.339731476152274,6506.9060216065845
2764,6355.966494867199,15.20566147097416,27.594596576492982,6383.561091443692,28.339722383765025,6506.8388838130695
2765,6355.893287824078,15.205486334507363,27.600716689389895,6383.494004513467,28.339713328990715,6506.771757494576
2766,6355.820079120586,15.205311194068388,27.60684979308449,6383.426928913671,28.339704311774884,6506.704642669892
2767,6355.746868780407,15.205136049713891,27.612995882281403,6383.359864662688,28.339695332063467,6506.637539357164
2768,6355.673656828177,15.204960901502815,27.619154951668648,6383.292811779846,28.339686389802726,6506.570447575487
2769,6355.600443287887,15.204785749492553,27.625326995917604,6383.225770283805,28.339677484939294,6506.503367343291
2770,6355.52722818383,15.204610593741219,27.6315120096828,6383.158740193512,28.339668617420127,6506.436298679289
2771,6355.4540115407935,15.204435434308119,27.63770998760185,6383.091721528395,28.33965978719256,6506.369241602682
2772,6355.380793383024,15.204260271251254,27.643920924295347,6383.024714307319,28.339650994204266,6506.302196132108
2773,6355.307573735725,15.20408510463092,27.65014481436673,6382.957718550091,28.33964223840327,6506.235162287146
2774,6355.234352623411,15.203909934505768,27.656381652402267,6382.890734275813,28.33963351973792,6506.168140086673
2775,6355.161130071415,15.203734760936399,27.66263143297087,6382.823761504385,28.339624838156954,6506.101129550369
2776,6355.087906104466,15.203559583981976,27.66889415062402,6382.75680025509,28.339616193609412,6506.0341306972905
2777,6355.014680748012,15.203384403703378,27.675169799895695,6382.6898505479085,28.33960758604471,6505.967143547203
2778,6354.941454027128,15.203209220160593,27.68145837530229,6382.62291240243,28.339599015412592,6505.900168119475
2779,6354.86822596751,15.203034033415095,27.68775987134238,6382.555985838852,28.33959048166315,6505.833204434087
2780,6354.7949965947455,15.2028588435281,27.694074282496842,6382.489070877243,28.339581984746818,6505.766252510892
2781,6354.721765934401,15.202683650560768,27.700401603228695,6382.42216753763,28.33957352461437,6505.699312369703
2782,6354.6485340121135,15.202508454574435,27.70674182798289,6382.3552758400965,28.339565101216927,6505.63238403039
2783,6354.5753008538795,15.202333255631292,27.713094951186406,6382.288395805066,28.339556714505942,6505.565467513167
2784,6354.502066486153,15.202158053794625,27.71946096724796,6382.221527453401,28.339548364433202,6505.498562838686
2785,6354.428830934285,15.201982849125082,27.725839870558133,6382.154670804843,28.339540050950855,6505.431670026479
2786,6354.355594224976,15.201807641686544,27.73223165548916,6382.087825880465,28.339531774011373,6505.364789097414
2787,6354.282356384591,15.201632431542084,27.738636316394913,6382.020992700986,28.339523533567544,6505.297920072006
2788,6354.209117439451,15.201457218754667,27.745053847610812,6381.954171287061,28.33951532957254,6505.231062970702
2789,6354.135877416367,15.201282003388439,27.751484243453724,6381.887361659821,28.339507161979824,6505.164217814434
2790,6354.062636341777,15.201106785506644,27.757927498221882,6381.820563839999,28.33949903074321,6505.097384623731
2791,6353.989394242637,15.200931565173773,27.764383606194887,6381.753777848832,28.33949093581685,6505.030563419636
2792,6353.916151145801,15.20075634245407,27.770852561633504,6381.687003707435,28.33948287715523,6504.96375422306
2793,6353.842907078146,15.200581117411833,27.77733435877979,6381.620241436925,28.339474854713156,6504.896957054928
2794,6353.769662067149,15.200405890112796,27.783828991856808,6381.553491059005,28.33946686844579,6504.830171936745
2795,6353.696416139894,15.200230660621756,27.790336455068747,6381.486752594962,28.33945891830858,6504.763398889604
2796,6353.623169323519,15.200055429003633,27.796856742600767,6381.420026066119,28.339451004257356,6504.696637934639
2797,6353.549921646028,15.199880195325427,27.803389848618952,6381.353311494648,28.339443126248238,6504.629889093828
2798,6353.476673134524,15.199704959651973,27.80993576727029,6381.286608901794,28.339435284237698,6504.563152388228
2799,6353.403423816919,15.199529722050045,27.81649449268256,6381.219918309602,28.33942747818253,6504.496427839696
2800,6353.330173720984,15.199354482586086,27.82306601896429,6381.153239739949,28.33941970803985,6504.4297154699225
2801,6353.256922874584,15.199179241326757,27.829650340204758,6381.086573214789,28.3394119737671,6504.363015300675
2802,6353.183671305875,15.199003998339412,27.836247450473838,6381.0199187563485,28.33940427532206,6504.296327353999
2803,6353.110419042834,15.198828753690991,27.842857343822025,6380.953276386656,28.339396612662824,6504.22965165174
2804,6353.037166113754,15.198653507449173,27.849480014280388,6380.886646128035,28.339388985747824,6504.162988216038
2805,6352.963912546996,15.198478259681808,27.856115455860557,6380.820028002856,28.339381394535803,6504.096337069087
2806,6352.890658370996,15.198303010456929,27.86276366255457,6380.75342203355,28.33937383898582,6504.029698233138
2807,6352.817403614303,15.19812775984283,27.869424628335004,6380.686828242638,28.339366319057287,6503.963071730537
2808,6352.744148305572,15.197952507908067,27.876098347154755,6380.620246652727,28.339358834709902,6503.896457583714
2809,6352.670892473867,15.197777254722169,27.88278481294708,6380.553677286814,28.339351385903704,6503.829855815495
2810,6352.597636147574,15.197602000353049,27.889484019625588,6380.4871201671995,28.339343972599053,6503.763266448005
2811,6352.5243793561895,15.197426744871267,27.89619596108419,6380.420575317274,28.33933659475661,6503.696689504465
2812,6352.451122128304,15.197251488345223,27.902920631196988,6380.354042759501,28.339329252337397,6503.630125007168
2813,6352.37786449367,15.1970762308461,27.909658023818412,6380.2875225174885,28.3393219453027,6503.563572979555
2814,6352.304606481122,15.196900972442876,27.91640813278306,6380.221014613905,28.339314673614172,6503.497033444127
2815,6352.231348120379,15.196725713206648,27.923170951905707,6380.1545190722845,28.339307437233757,6503.430506424252
2816,6352.1580894409335,15.196550453207974,27.929946474981335,6380.088035915915,28.339300236123727,6503.3639919430525
2817,6352.084830472128,15.196375192517051,27.93673469578499,6380.021565167913,28.339293070246654,6503.297490023486
2818,6352.011571243914,15.196199931205536,27.94353560807189,6379.955106851986,28.339285939565446,6503.231000689096
2819,6351.938311785956,15.196024669344393,27.950349205577403,6379.8886609915335,28.339278844043328,6503.164523963122
2820,6351.865052128638,15.195849407006312,27.957175482016954,6379.822227610655,28.339271783643802,6503.098059869506
2821,6351.791792301816,15.195674144262718,27.964014431086,6379.755806732902,28.339264758330728,6503.031608431641
2822,6351.718532335226,15.19549888118475,27.97086604646016,6379.689398381686,28.33925776806825,6502.965169672783
2823,6351.645272259622,15.195323617845986,27.977730321795022,6379.6230025814175,28.33925081282085,6502.898743617188
2824,6351.572012105085,15.195148354318386,27.984607250726246,6379.556619355812,28.339243892553306,6502.832330288418
2825,6351.498751901899,15.194973090674399,27.991496826869593,6379.490248728768,28.339237007230697,6502.765929710222
2826,6351.425491681057,15.194797826988175,27.998399043820896,6379.423890724878,28.33923015681844,6502.699541907038
2827,6351.352231472856,15.194622563332192,28.005313895155993,6379.357545368012,28.339223341282246,6502.63316690259
2828,6351.278971308257,15.194447299780519,28.012241374430808,6379.291212682688,28.33921656058814,6502.566804721246
2829,6351.205711218103,15.194272036406945,28.019181475181302,6379.224892693284,28.33920981470245,6502.50045538724
2830,6351.132451233161,15.194096773285075,28.026134190923514,6379.158585424085,28.339203103591828,6502.434118924709
2831,6351.0591913848375,15.193921510490043,28.033099515153573,6379.092290899991,28.339196427223218,6502.367795358412
2832,6350.985931703965,15.19374624809561,28.040077441347684,6379.026009145313,28.339189785563875,6502.301484712516
2833,6350.912672221979,15.193570986176983,28.047067962962096,6378.959740184941,28.339183178581365,6502.23518701177
2834,6350.839412969894,15.193395724808358,28.05407107343335,6378.893484043327,28.339176606243555,6502.168902280486
2835,6350.766153979576,15.193220464065972,28.061086766177926,6378.827240745754,28.339170068518634,6502.10263054381
2836,6350.692895282593,15.193045204025342,28.068115034592594,6378.7610103171855,28.33916356537507,6502.036371826567
2837,6350.619636910124,15.192869944761064,28.07515587205428,6378.694792782178,28.339157096781673,6501.970126153179
2838,6350.5463788945435,15.192694686350583,28.082209271920107,6378.6285881664635,28.339150662707524,6501.903893549241
2839,6350.473121267199,15.192519428868897,28.089275227527366,6378.562396494726,28.339144263122023,6501.837674039307
2840,6350.3998640601085,15.192344172392604,28.096353732193705,6378.496217792303,28.339137897994867,6501.77146764858
2841,6350.326607305604,15.192168916999051,28.103444779216993,6378.430052084821,28.339131567296064,6501.705274402559
2842,6350.25335103549,15.191993662764329,28.110548361875477,6378.3638993973655,28.33912527099593,6501.639094326198
2843,6350.18009528209,15.191818409765766,28.117664473427737,6378.297759755518,28.339119009065058,6501.572927444951
2844,6350.106840077794,15.191643158080847,28.124793107112804,6378.231633184907,28.339112781474363,6501.50677378432
2845,6350.033585454832,15.191467907786679,28.131934256150046,6378.165519710982,28.339106588195065,6501.440633369631
2846,6349.960331445933,15.191292658961562,28.13908791373943,6378.0994193596725,28.339100429198666,6501.374506226687
2847,6349.887078083695,15.19111741168348,28.146254073061428,6378.033332156757,28.339094304456978,6501.308392381145
2848,6349.813825400736,15.190942166030469,28.153432727277014,6377.967258128013,28.339088213942134,6501.242291858661
2849,6349.740573429706,15.190766922080638,28.160623869527836,6377.901197299234,28.33908215762652,6501.176204684909
2850,6349.667322203626,15.19059167991298,28.16782749293622,6377.835149696562,28.339076135482856,6501.110130885912
2851,6349.594071755624,15.190416439606755,28.175043590605185,6377.769115346229,28.33907014748416,6501.044070487786
2852,6349.520822118653,15.190241201240797,28.182272155618566,6377.703094274271,28.339064193603733,6500.978023516447
2853,6349.447573325706,15.190065964894034,28.189513181041043,6377.6370865067465,28.339058273815183,6500.911989997842
2854,6349.374325410125,15.189890730646232,28.196766659918207,6377.571092070043,28.339052388092398,6500.845969958245
2855,6349.301078405408,15.189715498577531,28.204032585276536,6377.505110990684,28.339046536409594,6500.779963424066
2856,6349.2278323449555,15.189540268767836,28.211310950123654,6377.439143295079,28.33904071874126,6500.713970421603
2857,6349.154587262027,15.189365041296716,28.21860174744824,6377.373189009475,28.339034935062184,6500.647990976995
2858,6349.081343190563,15.189189816245365,28.22590497022016,6377.307248160782,28.339029185347457,6500.5820251170435
2859,6349.008100164137,15.18901459369411,28.233220611390514,6377.241320775528,28.339023469572453,6500.5160728681685
2860,6348.934858216407,15.18883937372346,28.240548663891683,6377.175406880298,28.339017787712848,6500.450134256849
2861,6348.861617381335,15.188664156414678,28.247889120637524,6377.109506501973,28.339012139744625,6500.384209309862
2862,6348.7883776929375,15.188488941849133,28.255241974523308,6377.043619667461,28.33900652564403,6500.318298054012
2863,6348.715139185306,15.188313730108387,28.262607218425863,6376.9777464037315,28.339000945387635,6500.252400516168
2864,6348.641901892415,15.188138521273721,28.269984845203652,6376.911886737619,28.338995398952278,6500.186516723062
2865,6348.568665848695,15.187963315427499,28.277374847696898,6376.846040696391,28.33898988631511,6500.120646701862
2866,6348.495431088105,15.187788112650969,28.284777218727584,6376.780208306833,28.33898440745356,6500.054790479256
2867,6348.422197645512,15.187612913027541,28.29219195109967,6376.714389596612,28.33897896234536,6499.988948082814
2868,6348.348965555044,15.187437716638861,28.29961903759908,6376.648584592643,28.338973550968518,6499.923119539356
2869,6348.275734851473,15.187262523568117,28.30705847099384,6376.582793322467,28.338968173301357,6499.857304876328
2870,6348.202505569248,15.187087333897724,28.31451024403414,6376.517015813282,28.33896282932247,6499.791504120835
2871,6348.129277743314,15.186912147711277,28.321974349452507,6376.4512520927665,28.33895751901074,6499.725717300463
2872,6348.056051408371,15.186736965091796,28.329450779963828,6376.385502188335,28.338952242345364,6499.659944442537
2873,6347.982826599247,15.186561786122601,28.336939528265486,6376.319766127513,28.338946999305794,6499.594185574493
2874,6347.909603351139,15.186386610887892,28.344440587037546,6376.254043938176,28.338941789871807,6499.528440724119
2875,6347.836381698804,15.186211439470823,28.35195394894263,6376.1883356477465,28.338936614023435,6499.462709918748
2876,6347.763161677666,15.186036271956139,28.35947960662637,6376.1226412842925,28.33893147174103,6499.396993186366
2877,6347.689943322931,15.185861108428064,28.36701755271724,6376.056960875648,28.338926363005204,6499.33129055472
2878,6347.616726669739,15.185685948970669,28.37456777982684,6375.991294449566,28.33892128779688,6499.265602051482
2879,6347.543511753553,15.185510793668787,28.382130280549895,6375.925642034103,28.33891624609724,6499.199927704625
2880,6347.470298609743,15.18533564260704,28.389705047464417,6375.860003657207,28.338911237887793,6499.134267542019
2881,6347.397087274168,15.185160495871216,28.397292073131855,6375.7943793473005,28.338906263150303,6499.068621592004
2882,6347.323877782017,15.184985353545494,28.40489135009729,6375.728769132114,28.338901321866835,6499.002989882235
2883,6347.250670169216,15.184810215715828,28.412502870889384,6375.663173040106,28.338896414019736,6498.937372441092
2884,6347.177464471737,15.18463508246827,28.420126628020626,6375.597591099758,28.33889153959163,6498.871769296981
2885,6347.104260725053,15.184459953887686,28.42776261398746,6375.53202333904,28.338886698565453,6498.8061804778
2886,6347.031058965448,15.18428483006088,28.43541082127048,6375.466469786718,28.338881890924398,6498.740606012239
2887,6346.9578592286,15.184109711073205,28.443071242334362,6375.400930470934,28.338877116651965,6498.67504592837
2888,6346.88466155075,15.183934597011364,28.450743869628262,6375.335405420378,28.338872375731917,6498.609500254812
2889,6346.811465968243,15.183759487962304,28.458428695585777,6375.269894663829,28.338867668148318,6498.543969020275
2890,6346.738272516754,15.183584384011372,28.466125712625143,6375.204398229379,28.33886299388552,6498.478452252781
2891,6346.66508123323,15.183409285246961,28.473834913149425,6375.138916146379,28.338858352928135,6498.412949981617
2892,6346.591892153553,15.183234191754911,28.481556289546646,6375.0734484431,28.33885374526108,6498.347462234985
2893,6346.51870531451,15.18305910362323,28.4892898341899,6375.0079951487,28.33884917086955,6498.281989041982
2894,6346.445520752517,15.182884020939037,28.49703553943747,6374.942556291954,28.33884462973902,6498.2165304313185
2895,6346.372338504301,15.182708943790194,28.504793397633158,6374.877131901934,28.33884012185526,6498.151086432004
2896,6346.299158606145,15.182533872263505,28.51256340110627,6374.811722007252,28.3388356472043,6498.08565707259
2897,6346.225981095175,15.182358806447786,28.520345542171835,6374.746326637346,28.338831205772472,6498.020242382457
2898,6346.152806007981,15.182183746430576,28.528139813130835,6374.680945821112,28.338826797546375,6497.954842390439
2899,6346.0796333815615,15.182008692300386,28.535946206270253,6374.615579587832,28.338822422512912,6497.889457125763
2900,6346.006463252808,15.181833644145474,28.543764713863364,6374.550227966672,28.338818080659244,6497.824086617539
2901,6345.9332956586395,15.181658602054162,28.55159532816974,6374.48489098681,28.338813771972827,6497.758730894891
2902,6345.860130636222,15.181483566115363,28.559438041435655,6374.4195686776575,28.338809496441392,6497.693389987177
2903,6345.786968222925,15.18130853641848,28.567292845894077,6374.354261068819,28.338805254052957,6497.628063923949
2904,6345.713808455688,15.181133513051886,28.57515973376485,6374.288968189453,28.338801044795808,6497.562752734315
2905,6345.640651372027,15.180958496105328,28.583038697255017,6374.2236900692815,28.33879686865852,6497.497456447946
2906,6345.5674970088585,15.180783485667126,28.590929728558812,6374.158426737417,28.33879272562996,6497.432175093908
2907,6345.494345403991,15.180608481827731,28.598832819858025,6374.0931782238495,28.33878861569925,6497.366908702141
2908,6345.421196594847,15.180433484676668,28.606747963322086,6374.027944558169,28.338784538855815,6497.301657302192
2909,6345.348050618693,15.180258494303095,28.61467515110826,6373.962725769801,28.338780495089342,6497.23642092344
2910,6345.274907513538,15.180083510797937,28.62261437536182,6373.8975218889,28.338776484389804,6497.171199595996
2911,6345.201767317027,15.17990853425126,28.6305656282164,6373.832332945243,28.338772506747453,6497.105993349594
2912,6345.12863006663,15.179733564752702,28.638528901793954,6373.767158968423,28.33876856215283,6497.040802213788
2913,6345.055495800203,15.17955860239283,28.64650418820517,6373.701999988408,28.338764650596726,6496.975626218504
2914,6344.982364555709,15.179383647262462,28.654491479549527,6373.6368560352585,28.338760772070252,6496.910465393764
2915,6344.909236370927,15.179208699451978,28.662490767915468,6373.571727138842,28.338756926564756,6496.845319769399
2916,6344.836111284156,15.179033759053004,28.67050204538083,6373.506613329537,28.3387531140719,6496.78018937575
2917,6344.76298933307,15.17885882615567,28.678525304012787,6373.441514637083,28.338749334583596,6496.715074242522
2918,6344.689870555823,15.178683900851253,28.686560535868256,6373.376431091691,28.33874558809204,6496.649974399892
2919,6344.616754990653,15.178508983231227,28.69460773299405,6373.311362723647,28.338741874589722,6496.584889878112
2920,6344.54364267587,15.178334073387248,28.702666887426997,6373.246309563297,28.33873819406939,6496.519820707498
2921,6344.470533649832,15.178159171411082,28.710737991194296,6373.181271641026,28.33873454652408,6496.454766918406
2922,6344.397427950406,15.177984277393318,28.718821036313624,6373.11624898672,28.3387309319471,6496.38972854069
2923,6344.324325616296,15.177809391426546,28.72691601479342,6373.051241631089,28.338727350332046,6496.324705605034
2924,6344.251226685852,15.177634513602516,28.735022918633135,6372.986249604485,28.33872380167277,6496.259698141762
2925,6344.178131197751,15.177459644013759,28.743141739823418,6372.921272937575,28.33872028596341,6496.194706181515
2926,6344.105039190372,15.177284782752086,28.751272470346322,6372.856311660718,28.3387168031984,6496.129729754632
2927,6344.031950702394,15.177109929910033,28.759415102175616,6372.79136580457,28.338713353372412,6496.06476889174
2928,6343.958865772369,15.17693508557983,28.76756962727689,6372.726435399646,28.338709936480427,6495.999823623336
2929,6343.885784439135,15.17676024985439,28.77573603760796,6372.661520476743,28.33870655251768,6495.934893980195
2930,6343.812706741248,15.176585422825951,28.783914325118943,6372.596621066366,28.3387032014797,6495.869979992804
2931,6343.739632717805,15.17641060458805,28.79210448175259,6372.531737199557,28.338699883362278,6495.805081692183
2932,6343.666562407384,15.176235795232976,28.800306499444453,6372.4668689068285,28.33869659816149,6495.740199108831
2933,6343.593495849157,15.176060994854442,28.808520370123283,6372.40201621928,28.33869334587368,6495.6753322738305
2934,6343.520433082003,15.175886203545463,28.816746085711067,6372.337179167715,28.338690126495475,6495.61048121797
2935,6343.447374144698,15.1757114213988,28.824983638123438,6372.272357782822,28.338686940023777,6495.545645971925
2936,6343.374319076751,15.175536648508974,28.833233019269848,6372.207552096021,28.338683786455746,6495.480826567104
2937,6343.301267916878,15.175361884968607,28.841494221053864,6372.142762137932,28.33868066578885,6495.416023034113
2938,6343.228220704277,15.175187130871477,28.849767235373346,6372.0779879396505,28.338677578020793,6495.351235404041
2939,6343.155177478409,15.175012386311984,28.858052054120748,6372.01322953253,28.338674523149585,6495.286463708231
2940,6343.082138278289,15.174837651383466,28.866348669183502,6371.948486947473,28.338671501173486,6495.221707977577
2941,6343.009103143198,15.1746629261799,28.874657072444077,6371.883760215643,28.338668512091058,6495.156968243239
2942,6342.936072112803,15.17448821079618,28.882977255780354,6371.819049368583,28.338665555901116,6495.092244536753
2943,6342.863045226053,15.174313505325486,28.891309211065824,6371.754354437119,28.338662632602755,6495.0275368889415
2944,6342.790022522418,15.174138809862246,28.89965293017002,6371.689675452589,28.33865974219534,6494.962845331139
2945,6342.717004041719,15.173964124501719,28.908008404958558,6371.625012446677,28.338656884678507,6494.898169895028
2946,6342.643989823039,15.173789449337415,28.9163756272935,6371.560365450333,28.338654060052207,6494.83351061156
2947,6342.570979906197,15.173614784464586,28.924754589033704,6371.495734495231,28.338651268316596,6494.768867512408
2948,6342.49797433072,15.1734401299778,28.933145282035007,6371.4311196127555,28.33864850947217,6494.704240628959
2949,6342.424973136371,15.173265485972179,28.941547698150497,6371.366520834521,28.338645783519652,6494.639629992831
2950,6342.3519763625445,15.173090852541973,28.94996182923089,6371.301938191776,28.338643090460067,6494.575035635277
2951,6342.278984048976,15.172916229782238,28.958387667124747,6371.237371716101,28.338640430294696,6494.510457587883
2952,6342.20599623562,15.172741617788564,28.966825203678688,6371.172821439299,28.338637803025104,6494.445895882458
2953,6342.133012962116,15.172567016655778,28.975274430737798,6371.1082873928535,28.33863520865313,6494.381350550495
2954,6342.060034268159,15.172392426478849,28.983735340145955,6371.043769608305,28.33863264718087,6494.316821623543
2955,6341.987060194062,15.172217847354215,28.992207923745905,6370.979268117808,28.33863011861072,6494.252309133764
2956,6341.914090779144,15.172043279375943,29.00069217337974,6370.914782952524,28.338627622945324,6494.187813112336
2957,6341.841126063729,15.171868722640498,29.009188080889125,6370.850314144618,28.33862516018762,6494.123333591434
2958,6341.768166087563,15.171694177242975,29.017695638115512,6370.785861725679,28.338622730340802,6494.058870602661
2959,6341.695210890879,15.171519643279614,29.02621483690064,6370.72142572778,28.33862033340835,6493.994424178107
2960,6341.622260513416,15.171345120845494,29.034745669086625,6370.657006182503,28.338617969394026,6493.929994349367
2961,6341.5493149951435,15.171170610036228,29.043288126516423,6370.5926031216595,28.338615638301835,6493.865581148272
2962,6341.476374376811,15.170996110949307,29.05184220103406,6370.528216577844,28.338613340136096,6493.801184607437
2963,6341.403438697736,15.170821623678796,29.06040788448488,6370.463846582221,28.338611074901355,6493.736804758042
2964,6341.3305079985785,15.170647148321958,29.068985168715997,6370.399493167294,28.338608842602476,6493.672441632615
2965,6341.2575823192365,15.17047268497425,29.077574045576434,6370.335156364813,28.338606643244557,6493.608095262927
2966,6341.1846617001465,15.170298233732408,29.08617450691763,6370.270836207064,28.338604476833,6493.543765681288
2967,6341.111746181377,15.17012379469229,29.094786544593532,6370.206532725971,28.338602343373452,6493.479452919645
2968,6341.0388358030705,15.169949367949929,29.103410150461002,6370.1422459535315,28.33860024287186,6493.415157010024
2969,6340.96593060584,15.169774953602488,29.112045316380186,6370.0779759222205,28.33859817533443,6493.350877984925
2970,6340.89303062997,15.16960055174634,29.120692034214812,6370.013722664185,28.338596140767642,6493.286615876524
2971,6340.820135915408,15.169426162477054,29.129350295832445,6369.949486211241,28.338594139178255,6493.222370716666
2972,6340.747246502908,15.169251785892124,29.13802009310484,6369.885266596012,28.33859217057329,6493.158142538006
2973,6340.674362432591,15.169077422087538,29.146701417908297,6369.821063850499,28.33859023496006,6493.093931372575
2974,6340.601483745134,15.168903071160608,29.155394262123924,6369.756878007258,28.338588332346124,6493.029737252964
2975,6340.528610480951,15.168728733208017,29.164098617638054,6369.692709098589,28.33858646273934,6492.965560211505
2976,6340.455742680308,15.168554408326095,29.17281447634245,6369.6285571566505,28.33858462614783,6492.901400280393
2977,6340.382880383742,15.168380096611823,29.181541830134634,6369.564422213877,28.338582822579987,6492.8372574921
2978,6340.310023631691,15.16820579816194,29.190280670918444,6369.50030430261,28.338581052044482,6492.773131879004
2979,6340.2371724648765,15.168031513073867,29.19903099060408,6369.436203455481,28.338579314550245,6492.709023473774
2980,6340.164326923579,15.167857241443969,29.207792781108598,6369.372119704688,28.338577610106512,6492.644932308652
2981,6340.09148704855,15.167682983369737,29.216566034356205,6369.308053082907,28.338575938722748,6492.580858416351
2982,6340.01865288015,15.167508738947726,29.22535074227859,6369.244003622428,28.338574300408727,6492.516801829206
2983,6339.945824459257,15.167334508275735,29.23414689681529,6369.179971356072,28.338572695174474,6492.452762580081
2984,6339.873001826098,15.167160291449994,29.242954489913913,6369.115956316012,28.338571123030306,6492.3887407011935
2985,6339.800185021783,15.16698608856886,29.25177351353068,6369.051958535314,28.338569583986796,6492.324736225657
2986,6339.727374086386,15.166811899728195,29.260603959630608,6368.987978046016,28.3385680780548,6492.260749185554
2987,6339.654569060897,15.16663772502607,29.26944582018792,6368.924014881085,28.338566605245454,6492.196779613902
2988,6339.581769986013,15.16646356455984,29.27829908718637,6368.860069073199,28.338565165570156,6492.132827543429
2989,6339.508976902242,15.166289418426416,29.287163752619616,6368.796140654861,28.338563759040582,6492.068893006688
2990,6339.436189850412,15.166115286723475,29.296039808491415,6368.732229658904,28.33856238566868,6492.004976036563
2991,6339.363408870917,15.165941169547647,29.304927246816177,6368.668336117733,28.338561045466676,6491.941076665513
2992,6339.290634004939,15.165767066997462,29.313826059619316,6368.604460064559,28.338559738447078,6491.877194926804
2993,6339.217865292555,15.165592979168792,29.32273623893744,6368.540601531492,28.338558464622647,6491.8133308526
2994,6339.14510277525,15.165418906160886,29.331657776818854,6368.476760552069,28.338557224006422,6491.749484476497
2995,6339.072346493135,15.165244848069701,29.340590665323777,6368.412937158459,28.338556016611733,6491.68565583072
2996,6338.999596487297,15.165070804993533,29.34953489652476,6368.349131383821,28.338554842452176,6491.621844948489
2997,6338.926852798264,15.16489677702934,29.358490462507113,6368.285343260771,28.338553701541617,6491.5580518624765
2998,6338.854115467024,15.164722764275176,29.367457355369126,6368.221572822393,28.3385525938942,6491.494276605833
2999,6338.781384533978,15.164548766827698,29.376435567222533,6368.157820101201,28.338551519524344,6491.4305192111315
